{"type":"FeatureCollection","features":[{"type":"Feature","properties":{"name":"彰化","name_en":"Changhua","name_zh":"彰化","country":"Taiwan","region":"Changhua","gdp_usd":26734,"segments":[{"line":"THSR","won_per_km":4.392,"afford_pct":0.6138,"line_en":"THSR"}]},"geometry":{"type":"Point","coordinates":[120.57519470000001,23.8741536]}},{"type":"Feature","properties":{"name":"台中","name_en":"Taichung","name_zh":"台中","country":"Taiwan","region":"Taichung","gdp_usd":33768,"segments":[{"line":"THSR","won_per_km":4.392,"afford_pct":0.486,"line_en":"THSR"}]},"geometry":{"type":"Point","coordinates":[120.6159381,24.112099]}},{"type":"Feature","properties":{"name":"雲林","name_en":"Yunlin","name_zh":"雲林","country":"Taiwan","region":"Yunlin","gdp_usd":27848,"segments":[{"line":"THSR","won_per_km":4.392,"afford_pct":0.5893,"line_en":"THSR"}]},"geometry":{"type":"Point","coordinates":[120.41615770000001,23.7365203]}},{"type":"Feature","properties":{"name":"苗栗","name_en":"Miaoli","name_zh":"苗栗","country":"Taiwan","region":"Miaoli","gdp_usd":31625,"segments":[{"line":"THSR","won_per_km":4.392,"afford_pct":0.5189,"line_en":"THSR"}]},"geometry":{"type":"Point","coordinates":[120.82568490000001,24.6055644]}},{"type":"Feature","properties":{"name":"台北","name_en":"Taipei","name_zh":"台北","country":"Taiwan","region":"Taipei","gdp_usd":44542,"segments":[{"line":"THSR","won_per_km":4.392,"afford_pct":0.3684,"line_en":"THSR"}]},"geometry":{"type":"Point","coordinates":[121.5170503,25.047554]}},{"type":"Feature","properties":{"name":"左營","name_en":"Zuoying","name_zh":"左營","country":"Taiwan","region":"Kaohsiung","gdp_usd":33923,"segments":[{"line":"THSR","won_per_km":4.392,"afford_pct":0.4837,"line_en":"THSR"}]},"geometry":{"type":"Point","coordinates":[120.30767440000001,22.6872433]}},{"type":"Feature","properties":{"name":"新竹","name_en":"Hsinchu","name_zh":"新竹","country":"Taiwan","region":"Hsinchu County","gdp_usd":38340,"segments":[{"line":"THSR","won_per_km":4.392,"afford_pct":0.428,"line_en":"THSR"}]},"geometry":{"type":"Point","coordinates":[121.04020550000001,24.8082959]}},{"type":"Feature","properties":{"name":"台南","name_en":"Tainan","name_zh":"台南","country":"Taiwan","region":"Tainan","gdp_usd":29200,"segments":[{"line":"THSR","won_per_km":4.392,"afford_pct":0.562,"line_en":"THSR"}]},"geometry":{"type":"Point","coordinates":[120.2864152,22.924673]}},{"type":"Feature","properties":{"name":"嘉義","name_en":"Chiayi","name_zh":"嘉義","country":"Taiwan","region":"Chiayi County","gdp_usd":26258,"segments":[{"line":"THSR","won_per_km":4.392,"afford_pct":0.625,"line_en":"THSR"}]},"geometry":{"type":"Point","coordinates":[120.32379150000001,23.4592368]}},{"type":"Feature","properties":{"name":"板橋","name_en":"Banqiao","name_zh":"板橋","country":"Taiwan","region":"New Taipei","gdp_usd":36025,"segments":[{"line":"THSR","won_per_km":4.392,"afford_pct":0.4555,"line_en":"THSR"}]},"geometry":{"type":"Point","coordinates":[121.46426160000001,25.0137054]}},{"type":"Feature","properties":{"name":"南港","name_en":"Nangang","name_zh":"南港","country":"Taiwan","region":"Taipei","gdp_usd":44542,"segments":[{"line":"THSR","won_per_km":4.392,"afford_pct":0.3684,"line_en":"THSR"}]},"geometry":{"type":"Point","coordinates":[121.6073029,25.0532701]}},{"type":"Feature","properties":{"name":"桃園","name_en":"Taoyuan","name_zh":"桃園","country":"Taiwan","region":"Taoyuan","gdp_usd":33719,"segments":[{"line":"THSR","won_per_km":4.392,"afford_pct":0.4867,"line_en":"THSR"}]},"geometry":{"type":"Point","coordinates":[121.2148277,25.0130247]}},{"type":"Feature","properties":{"name":"Alor Setar","name_en":"Alor Setar","name_zh":"亚罗士打","country":"Malaysia","region":"Kota Setar","gdp_usd":6395,"segments":[{"line":"KTMB ETS","won_per_km":0.2699,"afford_pct":1.1068,"line_en":"KTMB ETS"}]},"geometry":{"type":"Point","coordinates":[100.3696532,6.1130166]}},{"type":"Feature","properties":{"name":"Anak Bukit","name_en":"Anak Bukit","name_zh":"安南武吉","country":"Malaysia","region":"Kota Setar","gdp_usd":6395,"segments":[{"line":"KTMB ETS","won_per_km":0.2699,"afford_pct":1.1068,"line_en":"KTMB ETS"}]},"geometry":{"type":"Point","coordinates":[100.3748721,6.1832936]}},{"type":"Feature","properties":{"name":"Arau","name_en":"Arau","name_zh":"","country":"Malaysia","region":"Perlis","gdp_usd":5397,"segments":[{"line":"KTMB ETS","won_per_km":0.2699,"afford_pct":1.3115,"line_en":"KTMB ETS"}]},"geometry":{"type":"Point","coordinates":[100.26831480000001,6.4319017]}},{"type":"Feature","properties":{"name":"Bagan Serai","name_en":"Bagan Serai","name_zh":"峇眼色海","country":"Malaysia","region":"Kerian","gdp_usd":7807,"segments":[{"line":"KTMB ETS","won_per_km":0.278,"afford_pct":0.9338,"line_en":"KTMB ETS"},{"line":"KTMB ETS","won_per_km":0.2699,"afford_pct":0.9066,"line_en":"KTMB ETS"}]},"geometry":{"type":"Point","coordinates":[100.527399,5.028472]}},{"type":"Feature","properties":{"name":"Bandar Tasik Selatan","name_en":"Bandar Tasik Selatan","name_zh":"南湖镇","country":"Malaysia","region":"W.P. Kuala Lumpur","gdp_usd":29781,"segments":[{"line":"KTMB ETS","won_per_km":0.287,"afford_pct":0.2527,"line_en":"KTMB ETS"}]},"geometry":{"type":"Point","coordinates":[101.71099430000001,3.0762506]}},{"type":"Feature","properties":{"name":"Batang Melaka","name_en":"Batang Melaka","name_zh":"巴登马六甲","country":"Malaysia","region":"Tampin","gdp_usd":8900,"segments":[{"line":"KTMB ETS","won_per_km":0.287,"afford_pct":0.8457,"line_en":"KTMB ETS"}]},"geometry":{"type":"Point","coordinates":[102.415531,2.4738636]}},{"type":"Feature","properties":{"name":"Batu Gajah","name_en":"Batu Gajah","name_zh":"华都牙也","country":"Malaysia","region":"Kinta","gdp_usd":9334,"segments":[{"line":"KTMB ETS","won_per_km":0.278,"afford_pct":0.781,"line_en":"KTMB ETS"},{"line":"KTMB ETS","won_per_km":0.2699,"afford_pct":0.7583,"line_en":"KTMB ETS"}]},"geometry":{"type":"Point","coordinates":[101.04931110000001,4.4599293]}},{"type":"Feature","properties":{"name":"Bukit Mertajam","name_en":"Bukit Mertajam","name_zh":"大山脚","country":"Malaysia","region":"Seberang Perai Tengah","gdp_usd":16266,"segments":[{"line":"KTMB ETS","won_per_km":0.278,"afford_pct":0.4482,"line_en":"KTMB ETS"}]},"geometry":{"type":"Point","coordinates":[100.4479491,5.3662814]}},{"type":"Feature","properties":{"name":"Butterworth","name_en":"Butterworth","name_zh":"北海","country":"Malaysia","region":"Seberang Perai Utara","gdp_usd":14800,"segments":[{"line":"KTMB ETS","won_per_km":0.278,"afford_pct":0.4926,"line_en":"KTMB ETS"}]},"geometry":{"type":"Point","coordinates":[100.36643930000001,5.393364]}},{"type":"Feature","properties":{"name":"Gemas","name_en":"Gemas","name_zh":"金马士","country":"Malaysia","region":"Tampin","gdp_usd":8900,"segments":[{"line":"KTMB ETS","won_per_km":0.287,"afford_pct":0.8457,"line_en":"KTMB ETS"}]},"geometry":{"type":"Point","coordinates":[102.6138167,2.5795285]}},{"type":"Feature","properties":{"name":"Gurun","name_en":"Gurun","name_zh":"莪仑","country":"Malaysia","region":"Kuala Muda","gdp_usd":6035,"segments":[{"line":"KTMB ETS","won_per_km":0.2699,"afford_pct":1.1728,"line_en":"KTMB ETS"}]},"geometry":{"type":"Point","coordinates":[100.47793390000001,5.8246531]}},{"type":"Feature","properties":{"name":"Ipoh","name_en":"Ipoh","name_zh":"怡保","country":"Malaysia","region":"Kinta","gdp_usd":9334,"segments":[{"line":"KTMB ETS","won_per_km":0.278,"afford_pct":0.781,"line_en":"KTMB ETS"},{"line":"KTMB ETS","won_per_km":0.2699,"afford_pct":0.7583,"line_en":"KTMB ETS"}]},"geometry":{"type":"Point","coordinates":[101.0730766,4.5975474]}},{"type":"Feature","properties":{"name":"KB13 Seremban","name_en":"Seremban","name_zh":"芙蓉","country":"Malaysia","region":"Seremban","gdp_usd":13794,"segments":[{"line":"KTMB ETS","won_per_km":0.287,"afford_pct":0.5456,"line_en":"KTMB ETS"}]},"geometry":{"type":"Point","coordinates":[101.9404831,2.7188285]}},{"type":"Feature","properties":{"name":"KB17 Pulau Sebang/Tampin","name_en":"Pulau Sebang/Tampin","name_zh":"普罗士邦/淡边","country":"Malaysia","region":"Alor Gajah","gdp_usd":10737,"segments":[{"line":"KTMB ETS","won_per_km":0.287,"afford_pct":0.7009,"line_en":"KTMB ETS"}]},"geometry":{"type":"Point","coordinates":[102.2261457,2.4635084]}},{"type":"Feature","properties":{"name":"KL Sentral (KTM)","name_en":"KL Sentral (KTM)","name_zh":"吉隆坡中央（KTM）","country":"Malaysia","region":"W.P. Kuala Lumpur","gdp_usd":29781,"segments":[{"line":"KTMB ETS","won_per_km":0.287,"afford_pct":0.2527,"line_en":"KTMB ETS"},{"line":"KTMB ETS","won_per_km":0.278,"afford_pct":0.2448,"line_en":"KTMB ETS"},{"line":"KTMB ETS","won_per_km":0.2699,"afford_pct":0.2377,"line_en":"KTMB ETS"}]},"geometry":{"type":"Point","coordinates":[101.6861526,3.1348342]}},{"type":"Feature","properties":{"name":"Kajang (KTM)","name_en":"Kajang (KTM)","name_zh":"加影（马来亚铁道）","country":"Malaysia","region":"Hulu Langat","gdp_usd":15797,"segments":[{"line":"KTMB ETS","won_per_km":0.287,"afford_pct":0.4764,"line_en":"KTMB ETS"}]},"geometry":{"type":"Point","coordinates":[101.7904912,2.9822627]}},{"type":"Feature","properties":{"name":"Kampar","name_en":"Kampar","name_zh":"金宝","country":"Malaysia","region":"Kinta","gdp_usd":9334,"segments":[{"line":"KTMB ETS","won_per_km":0.278,"afford_pct":0.781,"line_en":"KTMB ETS"},{"line":"KTMB ETS","won_per_km":0.2699,"afford_pct":0.7583,"line_en":"KTMB ETS"}]},"geometry":{"type":"Point","coordinates":[101.153511,4.3026728]}},{"type":"Feature","properties":{"name":"Kepong Sentral","name_en":"Kepong Sentral","name_zh":"甲洞中央","country":"Malaysia","region":"Gombak","gdp_usd":15958,"segments":[{"line":"KTMB ETS","won_per_km":0.278,"afford_pct":0.4568,"line_en":"KTMB ETS"},{"line":"KTMB ETS","won_per_km":0.2699,"afford_pct":0.4435,"line_en":"KTMB ETS"}]},"geometry":{"type":"Point","coordinates":[101.6285076,3.2086822]}},{"type":"Feature","properties":{"name":"Kuala Kangsar","name_en":"Kuala Kangsar","name_zh":"江沙","country":"Malaysia","region":"Kuala Kangsar","gdp_usd":7659,"segments":[{"line":"KTMB ETS","won_per_km":0.278,"afford_pct":0.9519,"line_en":"KTMB ETS"},{"line":"KTMB ETS","won_per_km":0.2699,"afford_pct":0.9241,"line_en":"KTMB ETS"}]},"geometry":{"type":"Point","coordinates":[100.93186410000001,4.7763014]}},{"type":"Feature","properties":{"name":"Kuala Lumpur","name_en":"Kuala Lumpur","name_zh":"吉隆坡","country":"Malaysia","region":"W.P. Kuala Lumpur","gdp_usd":29781,"segments":[{"line":"KTMB ETS","won_per_km":0.278,"afford_pct":0.2448,"line_en":"KTMB ETS"},{"line":"KTMB ETS","won_per_km":0.2699,"afford_pct":0.2377,"line_en":"KTMB ETS"}]},"geometry":{"type":"Point","coordinates":[101.69358430000001,3.1395792]}},{"type":"Feature","properties":{"name":"Nibong Tebal","name_en":"Nibong Tebal","name_zh":"高渊","country":"Malaysia","region":"Seberang Perai Selatan","gdp_usd":15087,"segments":[{"line":"KTMB ETS","won_per_km":0.278,"afford_pct":0.4832,"line_en":"KTMB ETS"},{"line":"KTMB ETS","won_per_km":0.2699,"afford_pct":0.4691,"line_en":"KTMB ETS"}]},"geometry":{"type":"Point","coordinates":[100.4796515,5.1694665]}},{"type":"Feature","properties":{"name":"Padang Besar","name_en":"Padang Besar","name_zh":"巴东勿刹","country":"Malaysia","region":"Perlis","gdp_usd":5397,"segments":[{"line":"KTMB ETS","won_per_km":0.2699,"afford_pct":1.3115,"line_en":"KTMB ETS"}]},"geometry":{"type":"Point","coordinates":[100.320705,6.6631518]}},{"type":"Feature","properties":{"name":"Padang Rengas","name_en":"Padang Rengas","name_zh":"硝山","country":"Malaysia","region":"Kuala Kangsar","gdp_usd":7659,"segments":[{"line":"KTMB ETS","won_per_km":0.278,"afford_pct":0.9519,"line_en":"KTMB ETS"},{"line":"KTMB ETS","won_per_km":0.2699,"afford_pct":0.9241,"line_en":"KTMB ETS"}]},"geometry":{"type":"Point","coordinates":[100.85750820000001,4.7780665]}},{"type":"Feature","properties":{"name":"Parit Buntar","name_en":"Parit Buntar","name_zh":"巴里文打","country":"Malaysia","region":"Kerian","gdp_usd":7807,"segments":[{"line":"KTMB ETS","won_per_km":0.278,"afford_pct":0.9338,"line_en":"KTMB ETS"},{"line":"KTMB ETS","won_per_km":0.2699,"afford_pct":0.9066,"line_en":"KTMB ETS"}]},"geometry":{"type":"Point","coordinates":[100.4861793,5.1304755]}},{"type":"Feature","properties":{"name":"Rawang","name_en":"Rawang","name_zh":"万挠","country":"Malaysia","region":"Gombak","gdp_usd":15958,"segments":[{"line":"KTMB ETS","won_per_km":0.278,"afford_pct":0.4568,"line_en":"KTMB ETS"},{"line":"KTMB ETS","won_per_km":0.2699,"afford_pct":0.4435,"line_en":"KTMB ETS"}]},"geometry":{"type":"Point","coordinates":[101.5747699,3.3194651]}},{"type":"Feature","properties":{"name":"Slim River","name_en":"Slim River","name_zh":"仕林河","country":"Malaysia","region":"Batang Padang","gdp_usd":7662,"segments":[{"line":"KTMB ETS","won_per_km":0.278,"afford_pct":0.9515,"line_en":"KTMB ETS"},{"line":"KTMB ETS","won_per_km":0.2699,"afford_pct":0.9238,"line_en":"KTMB ETS"}]},"geometry":{"type":"Point","coordinates":[101.4022678,3.8268296]}},{"type":"Feature","properties":{"name":"Sungai Buloh (KTM)","name_en":"Sungai Buloh (KTM)","name_zh":"双溪毛糯（马来亚铁道）","country":"Malaysia","region":"Petaling","gdp_usd":15058,"segments":[{"line":"KTMB ETS","won_per_km":0.278,"afford_pct":0.4841,"line_en":"KTMB ETS"},{"line":"KTMB ETS","won_per_km":0.2699,"afford_pct":0.47,"line_en":"KTMB ETS"}]},"geometry":{"type":"Point","coordinates":[101.5800355,3.2061782]}},{"type":"Feature","properties":{"name":"Sungai Petani","name_en":"Sungai Petani","name_zh":"","country":"Malaysia","region":"Kuala Muda","gdp_usd":6035,"segments":[{"line":"KTMB ETS","won_per_km":0.2699,"afford_pct":1.1728,"line_en":"KTMB ETS"}]},"geometry":{"type":"Point","coordinates":[100.4900479,5.642871]}},{"type":"Feature","properties":{"name":"Sungai Siput","name_en":"Sungai Siput","name_zh":"和丰","country":"Malaysia","region":"Kuala Kangsar","gdp_usd":7659,"segments":[{"line":"KTMB ETS","won_per_km":0.278,"afford_pct":0.9519,"line_en":"KTMB ETS"},{"line":"KTMB ETS","won_per_km":0.2699,"afford_pct":0.9241,"line_en":"KTMB ETS"}]},"geometry":{"type":"Point","coordinates":[101.0712132,4.8185614]}},{"type":"Feature","properties":{"name":"Sungkai","name_en":"Sungkai","name_zh":"宋溪","country":"Malaysia","region":"Batang Padang","gdp_usd":7662,"segments":[{"line":"KTMB ETS","won_per_km":0.278,"afford_pct":0.9515,"line_en":"KTMB ETS"},{"line":"KTMB ETS","won_per_km":0.2699,"afford_pct":0.9238,"line_en":"KTMB ETS"}]},"geometry":{"type":"Point","coordinates":[101.3014783,4.0059566]}},{"type":"Feature","properties":{"name":"Taiping","name_en":"Taiping","name_zh":"太平","country":"Malaysia","region":"Larut dan Matang","gdp_usd":7990,"segments":[{"line":"KTMB ETS","won_per_km":0.278,"afford_pct":0.9124,"line_en":"KTMB ETS"},{"line":"KTMB ETS","won_per_km":0.2699,"afford_pct":0.8858,"line_en":"KTMB ETS"}]},"geometry":{"type":"Point","coordinates":[100.7321605,4.8529505]}},{"type":"Feature","properties":{"name":"Tanjung Malim","name_en":"Tanjung Malim","name_zh":"丹绒马林","country":"Malaysia","region":"Batang Padang","gdp_usd":7662,"segments":[{"line":"KTMB ETS","won_per_km":0.278,"afford_pct":0.9515,"line_en":"KTMB ETS"},{"line":"KTMB ETS","won_per_km":0.2699,"afford_pct":0.9238,"line_en":"KTMB ETS"}]},"geometry":{"type":"Point","coordinates":[101.51827650000001,3.6847714]}},{"type":"Feature","properties":{"name":"Tapah Road","name_en":"Tapah Road","name_zh":"打巴路","country":"Malaysia","region":"Batang Padang","gdp_usd":7662,"segments":[{"line":"KTMB ETS","won_per_km":0.278,"afford_pct":0.9515,"line_en":"KTMB ETS"},{"line":"KTMB ETS","won_per_km":0.2699,"afford_pct":0.9238,"line_en":"KTMB ETS"}]},"geometry":{"type":"Point","coordinates":[101.189308,4.1740713]}},{"type":"Feature","properties":{"name":"Tasek Gelugor","name_en":"Tasek Gelugor","name_zh":"打昔汝莪","country":"Malaysia","region":"Seberang Perai Utara","gdp_usd":14800,"segments":[{"line":"KTMB ETS","won_per_km":0.2699,"afford_pct":0.4782,"line_en":"KTMB ETS"}]},"geometry":{"type":"Point","coordinates":[100.4980002,5.4821102]}},{"type":"Feature","properties":{"name":"Bekok","name_en":"Bekok","name_zh":"彼咯","country":"Malaysia","region":"Segamat","gdp_usd":7627,"segments":[{"line":"KTMB ETS","won_per_km":0.287,"afford_pct":0.9868,"line_en":"KTMB ETS"}]},"geometry":{"type":"Point","coordinates":[103.1290896,2.296843]}},{"type":"Feature","properties":{"name":"Johor Bahru Sentral","name_en":"Johor Bahru Sentral","name_zh":"新山中央车站","country":"Malaysia","region":"Johor Bahru","gdp_usd":11443,"segments":[{"line":"KTMB ETS","won_per_km":0.287,"afford_pct":0.6577,"line_en":"KTMB ETS"}]},"geometry":{"type":"Point","coordinates":[103.7649463,1.4625482]}},{"type":"Feature","properties":{"name":"Kempas Baru","name_en":"Kempas Baru","name_zh":"甘拔士峇鲁","country":"Malaysia","region":"Johor Bahru","gdp_usd":11443,"segments":[{"line":"KTMB ETS","won_per_km":0.287,"afford_pct":0.6577,"line_en":"KTMB ETS"}]},"geometry":{"type":"Point","coordinates":[103.7234612,1.535764]}},{"type":"Feature","properties":{"name":"Kluang","name_en":"Kluang","name_zh":"居銮","country":"Malaysia","region":"Kluang","gdp_usd":7491,"segments":[{"line":"KTMB ETS","won_per_km":0.287,"afford_pct":1.0047,"line_en":"KTMB ETS"}]},"geometry":{"type":"Point","coordinates":[103.31658010000001,2.0353631]}},{"type":"Feature","properties":{"name":"Kulai","name_en":"Kulai","name_zh":"古来","country":"Malaysia","region":"Kulai","gdp_usd":10640,"segments":[{"line":"KTMB ETS","won_per_km":0.287,"afford_pct":0.7073,"line_en":"KTMB ETS"}]},"geometry":{"type":"Point","coordinates":[103.5981079,1.6642439]}},{"type":"Feature","properties":{"name":"Labis","name_en":"Labis","name_zh":"拉美士","country":"Malaysia","region":"Segamat","gdp_usd":7627,"segments":[{"line":"KTMB ETS","won_per_km":0.287,"afford_pct":0.9868,"line_en":"KTMB ETS"}]},"geometry":{"type":"Point","coordinates":[103.0198094,2.3834164]}},{"type":"Feature","properties":{"name":"Layang-Layang","name_en":"Layang-Layang","name_zh":"拉央拉央","country":"Malaysia","region":"Kluang","gdp_usd":7491,"segments":[{"line":"KTMB ETS","won_per_km":0.287,"afford_pct":1.0047,"line_en":"KTMB ETS"}]},"geometry":{"type":"Point","coordinates":[103.4775464,1.8118664]}},{"type":"Feature","properties":{"name":"Paloh","name_en":"Paloh","name_zh":"巴罗","country":"Malaysia","region":"Kluang","gdp_usd":7491,"segments":[{"line":"KTMB ETS","won_per_km":0.287,"afford_pct":1.0047,"line_en":"KTMB ETS"}]},"geometry":{"type":"Point","coordinates":[103.1898981,2.1908834]}},{"type":"Feature","properties":{"name":"Rengam","name_en":"Rengam","name_zh":"令金","country":"Malaysia","region":"Kluang","gdp_usd":7491,"segments":[{"line":"KTMB ETS","won_per_km":0.287,"afford_pct":1.0047,"line_en":"KTMB ETS"}]},"geometry":{"type":"Point","coordinates":[103.40400120000001,1.8840085]}},{"type":"Feature","properties":{"name":"Segamat","name_en":"Segamat","name_zh":"昔加末","country":"Malaysia","region":"Segamat","gdp_usd":7627,"segments":[{"line":"KTMB ETS","won_per_km":0.287,"afford_pct":0.9868,"line_en":"KTMB ETS"}]},"geometry":{"type":"Point","coordinates":[102.8132016,2.5074495]}},{"type":"Feature","properties":{"name":"Tegalluar Summarecon","name_en":"Tegalluar Summarecon","name_zh":"德卡鲁瓦","country":"Indonesia","region":"Bandung City","gdp_usd":9270,"segments":[{"line":"Whoosh","won_per_km":2106.742,"afford_pct":1.7189,"line_en":"Whoosh"}]},"geometry":{"type":"Point","coordinates":[107.71469780000001,-6.963812]}},{"type":"Feature","properties":{"name":"Karawang","name_en":"Karawang","name_zh":"加拉璜","country":"Indonesia","region":"Karawang Regency","gdp_usd":7645,"segments":[{"line":"Whoosh","won_per_km":2106.742,"afford_pct":2.0842,"line_en":"Whoosh"}]},"geometry":{"type":"Point","coordinates":[107.218992,-6.3646774]}},{"type":"Feature","properties":{"name":"Halim","name_en":"Halim","name_zh":"哈林","country":"Indonesia","region":"DKI Jakarta","gdp_usd":21704,"segments":[{"line":"Whoosh","won_per_km":2106.742,"afford_pct":0.7342,"line_en":"Whoosh"}]},"geometry":{"type":"Point","coordinates":[106.8844875,-6.2456352]}},{"type":"Feature","properties":{"name":"Padalarang","name_en":"Padalarang","name_zh":"","country":"Indonesia","region":"Bandung City","gdp_usd":9270,"segments":[{"line":"Whoosh","won_per_km":2106.742,"afford_pct":1.7189,"line_en":"Whoosh"}]},"geometry":{"type":"Point","coordinates":[107.49690930000001,-6.8422655]}},{"type":"Feature","properties":{"name":"가남","name_en":"Ganam","name_zh":"加南","country":"South Korea","region":"Gyeonggi","gdp_usd":34451,"segments":[{"line":"중부내륙선","won_per_km":140.1,"afford_pct":0.3577,"line_en":"Jungbu Naeryuk Line"}]},"geometry":{"type":"Point","coordinates":[127.5354382,37.1974167]}},{"type":"Feature","properties":{"name":"감곡장호원","name_en":"Gamgok Janghowon","name_zh":"甘谷長湖院","country":"South Korea","region":"North Chungcheong","gdp_usd":41292,"segments":[{"line":"중부내륙선","won_per_km":140.1,"afford_pct":0.2985,"line_en":"Jungbu Naeryuk Line"}]},"geometry":{"type":"Point","coordinates":[127.63561980000001,37.1270431]}},{"type":"Feature","properties":{"name":"강릉","name_en":"Gangneung","name_zh":"江陵","country":"South Korea","region":"Gangwon","gdp_usd":31201,"segments":[{"line":"강릉선","won_per_km":140.8,"afford_pct":0.397,"line_en":"Gangneung Line"},{"line":"동해선","won_per_km":42.9,"afford_pct":0.121,"line_en":"Donghae Line"}]},"geometry":{"type":"Point","coordinates":[128.8993979,37.76452]}},{"type":"Feature","properties":{"name":"경주","name_en":"Gyeongju","name_zh":"慶州","country":"South Korea","region":"North Gyeongsang","gdp_usd":38337,"segments":[{"line":"경부고속선","won_per_km":117.6,"afford_pct":0.2698,"line_en":"Gyeongbu HSL"},{"line":"동해선","won_per_km":141.1,"afford_pct":0.3238,"line_en":"Donghae Line"},{"line":"경부고속선","won_per_km":137.3,"afford_pct":0.315,"line_en":"Gyeongbu HSL"},{"line":"대구선","won_per_km":136.5,"afford_pct":0.3132,"line_en":"Daegu Line"}]},"geometry":{"type":"Point","coordinates":[129.1389632,35.7982689]}},{"type":"Feature","properties":{"name":"계룡","name_en":"Gyeryong","name_zh":"鷄龍","country":"South Korea","region":"South Chungcheong","gdp_usd":49670,"segments":[{"line":"호남선","won_per_km":97.7,"afford_pct":0.173,"line_en":"Honam Line"}]},"geometry":{"type":"Point","coordinates":[127.26653130000001,36.2724063]}},{"type":"Feature","properties":{"name":"곡성","name_en":"Gokseong","name_zh":"谷城","country":"South Korea","region":"South Jeolla","gdp_usd":43380,"segments":[{"line":"전라선","won_per_km":83.6,"afford_pct":0.1695,"line_en":"Jeolla Line"}]},"geometry":{"type":"Point","coordinates":[127.3044579,35.2834557]}},{"type":"Feature","properties":{"name":"공주","name_en":"Gongju","name_zh":"公州","country":"South Korea","region":"South Chungcheong","gdp_usd":49670,"segments":[{"line":"호남고속선","won_per_km":144.4,"afford_pct":0.2557,"line_en":"Honam HSL"}]},"geometry":{"type":"Point","coordinates":[127.09663680000001,36.3322371]}},{"type":"Feature","properties":{"name":"광명","name_en":"Gwangmyeong","name_zh":"光明","country":"South Korea","region":"Gyeonggi","gdp_usd":34451,"segments":[{"line":"경부고속선","won_per_km":157.2,"afford_pct":0.4014,"line_en":"Gyeongbu HSL"},{"line":"경부고속선","won_per_km":100.9,"afford_pct":0.2576,"line_en":"Gyeongbu HSL"}]},"geometry":{"type":"Point","coordinates":[126.88469780000001,37.41638]}},{"type":"Feature","properties":{"name":"광주송정","name_en":"Gwangju Songjeong","name_zh":"光州松汀","country":"South Korea","region":"South Jeolla","gdp_usd":43380,"segments":[{"line":"호남고속선","won_per_km":143.4,"afford_pct":0.2908,"line_en":"Honam HSL"},{"line":"호남선","won_per_km":86.2,"afford_pct":0.1748,"line_en":"Honam Line"},{"line":"호남선","won_per_km":90.9,"afford_pct":0.1843,"line_en":"Honam Line"}]},"geometry":{"type":"Point","coordinates":[126.79010980000001,35.1377072]}},{"type":"Feature","properties":{"name":"구례구","name_en":"Guryegu","name_zh":"求禮口","country":"South Korea","region":"South Jeolla","gdp_usd":43380,"segments":[{"line":"전라선","won_per_km":88.7,"afford_pct":0.1799,"line_en":"Jeolla Line"},{"line":"전라선","won_per_km":83.6,"afford_pct":0.1695,"line_en":"Jeolla Line"}]},"geometry":{"type":"Point","coordinates":[127.4519666,35.1634776]}},{"type":"Feature","properties":{"name":"김제","name_en":"Gimje","name_zh":"金堤","country":"South Korea","region":"North Jeolla","gdp_usd":27841,"segments":[{"line":"호남선","won_per_km":86.2,"afford_pct":0.2724,"line_en":"Honam Line"},{"line":"호남선","won_per_km":89.5,"afford_pct":0.2828,"line_en":"Honam Line"}]},"geometry":{"type":"Point","coordinates":[126.9042184,35.7931619]}},{"type":"Feature","properties":{"name":"김천(구미)","name_en":"Gimcheon(Gumi)","name_zh":"金泉(龜尾)","country":"South Korea","region":"North Gyeongsang","gdp_usd":38337,"segments":[{"line":"경부고속선","won_per_km":152.7,"afford_pct":0.3504,"line_en":"Gyeongbu HSL"}]},"geometry":{"type":"Point","coordinates":[128.1806889,36.1130256]}},{"type":"Feature","properties":{"name":"나주","name_en":"Naju","name_zh":"羅州","country":"South Korea","region":"South Jeolla","gdp_usd":43380,"segments":[{"line":"호남선","won_per_km":90.9,"afford_pct":0.1843,"line_en":"Honam Line"}]},"geometry":{"type":"Point","coordinates":[126.71748470000001,35.0139274]}},{"type":"Feature","properties":{"name":"남원","name_en":"Namwon","name_zh":"南原","country":"South Korea","region":"North Jeolla","gdp_usd":27841,"segments":[{"line":"전라선","won_per_km":102.6,"afford_pct":0.3242,"line_en":"Jeolla Line"},{"line":"전라선","won_per_km":83.6,"afford_pct":0.2641,"line_en":"Jeolla Line"}]},"geometry":{"type":"Point","coordinates":[127.3613332,35.4112509]}},{"type":"Feature","properties":{"name":"논산","name_en":"Nonsan","name_zh":"論山","country":"South Korea","region":"South Chungcheong","gdp_usd":49670,"segments":[{"line":"호남선","won_per_km":97.7,"afford_pct":0.173,"line_en":"Honam Line"}]},"geometry":{"type":"Point","coordinates":[127.0928492,36.2069077]}},{"type":"Feature","properties":{"name":"단양","name_en":"Danyang","name_zh":"丹陽","country":"South Korea","region":"North Chungcheong","gdp_usd":41292,"segments":[{"line":"중앙선","won_per_km":140.9,"afford_pct":0.3002,"line_en":"Jungang Line"}]},"geometry":{"type":"Point","coordinates":[128.34404,36.9731041]}},{"type":"Feature","properties":{"name":"대전","name_en":"Daejeon","name_zh":"大田","country":"South Korea","region":"Daejeon","gdp_usd":28017,"segments":[{"line":"경부고속선","won_per_km":152.7,"afford_pct":0.4794,"line_en":"Gyeongbu HSL"},{"line":"경부고속선","won_per_km":133.5,"afford_pct":0.4192,"line_en":"Gyeongbu HSL"}]},"geometry":{"type":"Point","coordinates":[127.43464820000001,36.3322464]}},{"type":"Feature","properties":{"name":"동대구","name_en":"Dongdaegu","name_zh":"東大邱","country":"South Korea","region":"Daegu","gdp_usd":22999,"segments":[{"line":"경부고속선","won_per_km":152.7,"afford_pct":0.5841,"line_en":"Gyeongbu HSL"},{"line":"경부고속선","won_per_km":117.6,"afford_pct":0.4498,"line_en":"Gyeongbu HSL"},{"line":"경부선","won_per_km":87.7,"afford_pct":0.3354,"line_en":"Gyeongbu Line"},{"line":"서대구지선","won_per_km":117.6,"afford_pct":0.4498,"line_en":"Seodaegu Branch"}]},"geometry":{"type":"Point","coordinates":[128.6283056,35.8791851]}},{"type":"Feature","properties":{"name":"동탄","name_en":"Dongtan","name_zh":"東灘","country":"South Korea","region":"Gyeonggi","gdp_usd":34451,"segments":[{"line":"수서평택고속선","won_per_km":138.9,"afford_pct":0.3547,"line_en":"Suseo-Pyeongtaek HSL"}]},"geometry":{"type":"Point","coordinates":[127.09557640000001,37.2003594]}},{"type":"Feature","properties":{"name":"동해","name_en":"Donghae","name_zh":"東海","country":"South Korea","region":"Gangwon","gdp_usd":31201,"segments":[{"line":"동해선","won_per_km":104.5,"afford_pct":0.2946,"line_en":"Donghae Line"}]},"geometry":{"type":"Point","coordinates":[129.1226016,37.4975753]}},{"type":"Feature","properties":{"name":"둔내","name_en":"Dunnae","name_zh":"屯內","country":"South Korea","region":"Gangwon","gdp_usd":31201,"segments":[{"line":"강릉선","won_per_km":140.8,"afford_pct":0.397,"line_en":"Gangneung Line"}]},"geometry":{"type":"Point","coordinates":[128.2212714,37.5100212]}},{"type":"Feature","properties":{"name":"마산","name_en":"Masan","name_zh":"馬山","country":"South Korea","region":"South Gyeongsang","gdp_usd":34124,"segments":[{"line":"경전선","won_per_km":86.0,"afford_pct":0.2217,"line_en":"Gyeongjeon Line"},{"line":"경전선","won_per_km":81.1,"afford_pct":0.2091,"line_en":"Gyeongjeon Line"}]},"geometry":{"type":"Point","coordinates":[128.576728,35.2363635]}},{"type":"Feature","properties":{"name":"만종","name_en":"Manjong","name_zh":"萬鐘","country":"South Korea","region":"Gangwon","gdp_usd":31201,"segments":[{"line":"강릉선","won_per_km":140.8,"afford_pct":0.397,"line_en":"Gangneung Line"}]},"geometry":{"type":"Point","coordinates":[127.89311160000001,37.353949]}},{"type":"Feature","properties":{"name":"목포","name_en":"Mokpo","name_zh":"木浦","country":"South Korea","region":"South Jeolla","gdp_usd":43380,"segments":[{"line":"호남선","won_per_km":90.9,"afford_pct":0.1843,"line_en":"Honam Line"}]},"geometry":{"type":"Point","coordinates":[126.3876448,34.7921339]}},{"type":"Feature","properties":{"name":"묵호","name_en":"Mukho","name_zh":"墨湖","country":"South Korea","region":"Gangwon","gdp_usd":31201,"segments":[{"line":"동해선","won_per_km":104.5,"afford_pct":0.2946,"line_en":"Donghae Line"}]},"geometry":{"type":"Point","coordinates":[129.1082108,37.5461786]}},{"type":"Feature","properties":{"name":"문경","name_en":"Mungyeong","name_zh":"聞慶","country":"South Korea","region":"North Gyeongsang","gdp_usd":38337,"segments":[{"line":"중부내륙선","won_per_km":140.1,"afford_pct":0.3215,"line_en":"Jungbu Naeryuk Line"}]},"geometry":{"type":"Point","coordinates":[128.110201,36.7202622]}},{"type":"Feature","properties":{"name":"밀양","name_en":"Miryang","name_zh":"密陽","country":"South Korea","region":"South Gyeongsang","gdp_usd":34124,"segments":[{"line":"경부선","won_per_km":87.7,"afford_pct":0.2261,"line_en":"Gyeongbu Line"},{"line":"경전선","won_per_km":83.3,"afford_pct":0.2147,"line_en":"Gyeongjeon Line"}]},"geometry":{"type":"Point","coordinates":[128.7714177,35.4748507]}},{"type":"Feature","properties":{"name":"부발","name_en":"Bubal","name_zh":"夫鉢","country":"South Korea","region":"Gyeonggi","gdp_usd":34451,"segments":[{"line":"경강선","won_per_km":88.0,"afford_pct":0.2247,"line_en":"Gyeonggang Line"},{"line":"중부내륙선","won_per_km":140.1,"afford_pct":0.3577,"line_en":"Jungbu Naeryuk Line"}]},"geometry":{"type":"Point","coordinates":[127.49032840000001,37.2604023]}},{"type":"Feature","properties":{"name":"부산","name_en":"Busan","name_zh":"釜山","country":"South Korea","region":"Busan","gdp_usd":27185,"segments":[{"line":"경부고속선","won_per_km":122.3,"afford_pct":0.3957,"line_en":"Gyeongbu HSL"},{"line":"경부선","won_per_km":80.6,"afford_pct":0.2608,"line_en":"Gyeongbu Line"}]},"geometry":{"type":"Point","coordinates":[129.0425868,35.1155532]}},{"type":"Feature","properties":{"name":"부전","name_en":"Bujeon","name_zh":"釜田","country":"South Korea","region":"Busan","gdp_usd":27185,"segments":[{"line":"동해선","won_per_km":103.8,"afford_pct":0.3359,"line_en":"Donghae Line"}]},"geometry":{"type":"Point","coordinates":[129.06010740000002,35.1646008]}},{"type":"Feature","properties":{"name":"살미","name_en":"Salmi","name_zh":"乷味","country":"South Korea","region":"North Chungcheong","gdp_usd":41292,"segments":[{"line":"중부내륙선","won_per_km":140.1,"afford_pct":0.2985,"line_en":"Jungbu Naeryuk Line"}]},"geometry":{"type":"Point","coordinates":[127.9601789,36.9022446]}},{"type":"Feature","properties":{"name":"상봉","name_en":"Sangbong","name_zh":"上鳳","country":"South Korea","region":"Seoul","gdp_usd":44874,"segments":[{"line":"중앙선","won_per_km":104.2,"afford_pct":0.2043,"line_en":"Jungang Line"}]},"geometry":{"type":"Point","coordinates":[127.0856555,37.5970314]}},{"type":"Feature","properties":{"name":"서대전","name_en":"Seodaejeon","name_zh":"西大田","country":"South Korea","region":"Daejeon","gdp_usd":28017,"segments":[{"line":"호남선","won_per_km":97.7,"afford_pct":0.3068,"line_en":"Honam Line"},{"line":"대전선","won_per_km":117.7,"afford_pct":0.3695,"line_en":"Daejeon Line"}]},"geometry":{"type":"Point","coordinates":[127.403122,36.3224768]}},{"type":"Feature","properties":{"name":"서울","name_en":"Seoul","name_zh":"首尔","country":"South Korea","region":"Seoul","gdp_usd":44874,"segments":[{"line":"경부고속선","won_per_km":100.9,"afford_pct":0.1978,"line_en":"Gyeongbu HSL"},{"line":"경부고속선","won_per_km":94.0,"afford_pct":0.1843,"line_en":"Gyeongbu HSL"},{"line":"서울청량리연결선","won_per_km":101.3,"afford_pct":0.1986,"line_en":"Seoul-Cheongnyangni Connector"},{"line":"경부선북","won_per_km":80.8,"afford_pct":0.1584,"line_en":"Gyeongbu Line (North)"}]},"geometry":{"type":"Point","coordinates":[126.9707793,37.5545547]}},{"type":"Feature","properties":{"name":"서원주","name_en":"Seowonju","name_zh":"西原州","country":"South Korea","region":"Gangwon","gdp_usd":31201,"segments":[{"line":"중앙선","won_per_km":104.2,"afford_pct":0.2938,"line_en":"Jungang Line"},{"line":"중앙선","won_per_km":140.9,"afford_pct":0.3972,"line_en":"Jungang Line"},{"line":"강릉선","won_per_km":140.8,"afford_pct":0.397,"line_en":"Gangneung Line"}]},"geometry":{"type":"Point","coordinates":[127.8393953,37.3485297]}},{"type":"Feature","properties":{"name":"수서","name_en":"Suseo","name_zh":"水西","country":"South Korea","region":"Seoul","gdp_usd":44874,"segments":[{"line":"수서평택고속선","won_per_km":138.9,"afford_pct":0.2723,"line_en":"Suseo-Pyeongtaek HSL"}]},"geometry":{"type":"Point","coordinates":[127.1046888,37.485099]}},{"type":"Feature","properties":{"name":"수안보온천","name_en":"Suanbo Oncheon","name_zh":"水安保溫泉","country":"South Korea","region":"North Chungcheong","gdp_usd":41292,"segments":[{"line":"중부내륙선","won_per_km":140.1,"afford_pct":0.2985,"line_en":"Jungbu Naeryuk Line"}]},"geometry":{"type":"Point","coordinates":[128.0050118,36.8416922]}},{"type":"Feature","properties":{"name":"수원","name_en":"Suwon","name_zh":"水原","country":"South Korea","region":"Gyeonggi","gdp_usd":34451,"segments":[{"line":"경부선북","won_per_km":78.5,"afford_pct":0.2004,"line_en":"Gyeongbu Line (North)"}]},"geometry":{"type":"Point","coordinates":[126.9999102,37.2658097]}},{"type":"Feature","properties":{"name":"순천","name_en":"Suncheon","name_zh":"順天","country":"South Korea","region":"South Jeolla","gdp_usd":43380,"segments":[{"line":"전라선","won_per_km":88.7,"afford_pct":0.1799,"line_en":"Jeolla Line"},{"line":"전라선","won_per_km":83.9,"afford_pct":0.1701,"line_en":"Jeolla Line"}]},"geometry":{"type":"Point","coordinates":[127.50405970000001,34.9458107]}},{"type":"Feature","properties":{"name":"안동","name_en":"Andong","name_zh":"安東","country":"South Korea","region":"North Gyeongsang","gdp_usd":38337,"segments":[{"line":"중앙선","won_per_km":140.9,"afford_pct":0.3233,"line_en":"Jungang Line"}]},"geometry":{"type":"Point","coordinates":[128.6749254,36.5741438]}},{"type":"Feature","properties":{"name":"앙성온천","name_en":"Angseongoncheon","name_zh":"仰城溫泉","country":"South Korea","region":"North Chungcheong","gdp_usd":41292,"segments":[{"line":"중부내륙선","won_per_km":140.1,"afford_pct":0.2985,"line_en":"Jungbu Naeryuk Line"}]},"geometry":{"type":"Point","coordinates":[127.78694890000001,37.0920714]}},{"type":"Feature","properties":{"name":"양평","name_en":"Yangpyeong","name_zh":"楊平","country":"South Korea","region":"Gyeonggi","gdp_usd":34451,"segments":[{"line":"중앙선","won_per_km":104.2,"afford_pct":0.2661,"line_en":"Jungang Line"}]},"geometry":{"type":"Point","coordinates":[127.49189720000001,37.4928474]}},{"type":"Feature","properties":{"name":"여수엑스포","name_en":"Yeosu EXPO","name_zh":"麗水엑스포","country":"South Korea","region":"South Jeolla","gdp_usd":43380,"segments":[{"line":"전라선","won_per_km":96.8,"afford_pct":0.1963,"line_en":"Jeolla Line"}]},"geometry":{"type":"Point","coordinates":[127.7492394,34.7555141]}},{"type":"Feature","properties":{"name":"여천","name_en":"Yeocheon","name_zh":"麗川","country":"South Korea","region":"South Jeolla","gdp_usd":43380,"segments":[{"line":"전라선","won_per_km":83.9,"afford_pct":0.1701,"line_en":"Jeolla Line"},{"line":"전라선","won_per_km":96.8,"afford_pct":0.1963,"line_en":"Jeolla Line"}]},"geometry":{"type":"Point","coordinates":[127.66444960000001,34.7794624]}},{"type":"Feature","properties":{"name":"연풍","name_en":"Yeonpung","name_zh":"延豊","country":"South Korea","region":"North Chungcheong","gdp_usd":41292,"segments":[{"line":"중부내륙선","won_per_km":140.1,"afford_pct":0.2985,"line_en":"Jungbu Naeryuk Line"}]},"geometry":{"type":"Point","coordinates":[128.01830180000002,36.7864342]}},{"type":"Feature","properties":{"name":"영덕","name_en":"Yeongdeok station","name_zh":"盈德","country":"South Korea","region":"North Gyeongsang","gdp_usd":38337,"segments":[{"line":"동해선","won_per_km":141.1,"afford_pct":0.3238,"line_en":"Donghae Line"}]},"geometry":{"type":"Point","coordinates":[129.37832880000002,36.4102544]}},{"type":"Feature","properties":{"name":"영등포","name_en":"Yeongdeungpo","name_zh":"永登浦","country":"South Korea","region":"Seoul","gdp_usd":44874,"segments":[{"line":"경부선북","won_per_km":78.5,"afford_pct":0.1539,"line_en":"Gyeongbu Line (North)"},{"line":"경부선북","won_per_km":80.8,"afford_pct":0.1584,"line_en":"Gyeongbu Line (North)"}]},"geometry":{"type":"Point","coordinates":[126.9069345,37.515363]}},{"type":"Feature","properties":{"name":"영주","name_en":"Yeongju","name_zh":"榮州","country":"South Korea","region":"North Gyeongsang","gdp_usd":38337,"segments":[{"line":"중앙선","won_per_km":140.9,"afford_pct":0.3233,"line_en":"Jungang Line"}]},"geometry":{"type":"Point","coordinates":[128.625578,36.8109445]}},{"type":"Feature","properties":{"name":"영천","name_en":"Yeongcheon","name_zh":"永川","country":"South Korea","region":"North Gyeongsang","gdp_usd":38337,"segments":[{"line":"중앙선","won_per_km":140.9,"afford_pct":0.3233,"line_en":"Jungang Line"},{"line":"대구선","won_per_km":136.5,"afford_pct":0.3132,"line_en":"Daegu Line"}]},"geometry":{"type":"Point","coordinates":[128.93889090000002,35.9590454]}},{"type":"Feature","properties":{"name":"오송","name_en":"Osong","name_zh":"五松","country":"South Korea","region":"North Chungcheong","gdp_usd":41292,"segments":[{"line":"호남고속선","won_per_km":144.4,"afford_pct":0.3076,"line_en":"Honam HSL"},{"line":"경부고속선","won_per_km":133.5,"afford_pct":0.2844,"line_en":"Gyeongbu HSL"},{"line":"경부고속선","won_per_km":157.2,"afford_pct":0.3349,"line_en":"Gyeongbu HSL"},{"line":"대전선","won_per_km":117.7,"afford_pct":0.2507,"line_en":"Daejeon Line"}]},"geometry":{"type":"Point","coordinates":[127.32736290000001,36.6202295]}},{"type":"Feature","properties":{"name":"용산","name_en":"Yongsan","name_zh":"龍山","country":"South Korea","region":"Seoul","gdp_usd":44874,"segments":[]},"geometry":{"type":"Point","coordinates":[126.9648271,37.5299526]}},{"type":"Feature","properties":{"name":"울산","name_en":"Ulsan","name_zh":"蔚山","country":"South Korea","region":"Ulsan","gdp_usd":62452,"segments":[{"line":"경부고속선","won_per_km":122.3,"afford_pct":0.1723,"line_en":"Gyeongbu HSL"},{"line":"경부고속선","won_per_km":137.3,"afford_pct":0.1934,"line_en":"Gyeongbu HSL"}]},"geometry":{"type":"Point","coordinates":[129.13793030000002,35.5513139]}},{"type":"Feature","properties":{"name":"원주","name_en":"Wonju","name_zh":"原州","country":"South Korea","region":"Gangwon","gdp_usd":31201,"segments":[{"line":"중앙선","won_per_km":140.9,"afford_pct":0.3972,"line_en":"Jungang Line"}]},"geometry":{"type":"Point","coordinates":[127.9228206,37.3164083]}},{"type":"Feature","properties":{"name":"의성","name_en":"Uiseong","name_zh":"義城","country":"South Korea","region":"North Gyeongsang","gdp_usd":38337,"segments":[{"line":"중앙선","won_per_km":140.9,"afford_pct":0.3233,"line_en":"Jungang Line"}]},"geometry":{"type":"Point","coordinates":[128.693128,36.35336]}},{"type":"Feature","properties":{"name":"익산","name_en":"Iksan","name_zh":"益山","country":"South Korea","region":"North Jeolla","gdp_usd":27841,"segments":[{"line":"호남고속선","won_per_km":144.4,"afford_pct":0.4562,"line_en":"Honam HSL"},{"line":"호남고속선","won_per_km":154.4,"afford_pct":0.4878,"line_en":"Honam HSL"},{"line":"호남선","won_per_km":97.7,"afford_pct":0.3087,"line_en":"Honam Line"},{"line":"전라선","won_per_km":90.3,"afford_pct":0.2853,"line_en":"Jeolla Line"},{"line":"호남선","won_per_km":89.5,"afford_pct":0.2828,"line_en":"Honam Line"}]},"geometry":{"type":"Point","coordinates":[126.9459134,35.9412564]}},{"type":"Feature","properties":{"name":"장성","name_en":"Jangseong","name_zh":"長城","country":"South Korea","region":"South Jeolla","gdp_usd":43380,"segments":[{"line":"호남선","won_per_km":86.2,"afford_pct":0.1748,"line_en":"Honam Line"}]},"geometry":{"type":"Point","coordinates":[126.7796823,35.3001204]}},{"type":"Feature","properties":{"name":"전주","name_en":"Jeonju","name_zh":"全州","country":"South Korea","region":"North Jeolla","gdp_usd":27841,"segments":[{"line":"전라선","won_per_km":102.6,"afford_pct":0.3242,"line_en":"Jeolla Line"},{"line":"전라선","won_per_km":90.3,"afford_pct":0.2853,"line_en":"Jeolla Line"}]},"geometry":{"type":"Point","coordinates":[127.16236490000001,35.8500537]}},{"type":"Feature","properties":{"name":"정동진","name_en":"Jeongdongjin","name_zh":"正東津","country":"South Korea","region":"Gangwon","gdp_usd":31201,"segments":[{"line":"동해선","won_per_km":104.5,"afford_pct":0.2946,"line_en":"Donghae Line"},{"line":"동해선","won_per_km":42.9,"afford_pct":0.121,"line_en":"Donghae Line"}]},"geometry":{"type":"Point","coordinates":[129.0325076,37.6918304]}},{"type":"Feature","properties":{"name":"정읍","name_en":"Jeongeup","name_zh":"井邑","country":"South Korea","region":"North Jeolla","gdp_usd":27841,"segments":[{"line":"호남고속선","won_per_km":143.4,"afford_pct":0.4531,"line_en":"Honam HSL"},{"line":"호남고속선","won_per_km":154.4,"afford_pct":0.4878,"line_en":"Honam HSL"},{"line":"호남선","won_per_km":86.2,"afford_pct":0.2724,"line_en":"Honam Line"}]},"geometry":{"type":"Point","coordinates":[126.8419169,35.5757734]}},{"type":"Feature","properties":{"name":"제천","name_en":"Jecheon","name_zh":"堤川","country":"South Korea","region":"North Chungcheong","gdp_usd":41292,"segments":[{"line":"중앙선","won_per_km":140.9,"afford_pct":0.3002,"line_en":"Jungang Line"}]},"geometry":{"type":"Point","coordinates":[128.2059637,37.1270743]}},{"type":"Feature","properties":{"name":"진부","name_en":"Jinbu","name_zh":"珍富","country":"South Korea","region":"Gangwon","gdp_usd":31201,"segments":[{"line":"강릉선","won_per_km":140.8,"afford_pct":0.397,"line_en":"Gangneung Line"}]},"geometry":{"type":"Point","coordinates":[128.57482240000002,37.6425685]}},{"type":"Feature","properties":{"name":"진영","name_en":"Jinyeong","name_zh":"進永","country":"South Korea","region":"South Gyeongsang","gdp_usd":34124,"segments":[{"line":"경전선","won_per_km":83.3,"afford_pct":0.2147,"line_en":"Gyeongjeon Line"},{"line":"경전선","won_per_km":88.0,"afford_pct":0.2269,"line_en":"Gyeongjeon Line"}]},"geometry":{"type":"Point","coordinates":[128.7735504,35.2987478]}},{"type":"Feature","properties":{"name":"진주","name_en":"Jinju","name_zh":"晋州","country":"South Korea","region":"South Gyeongsang","gdp_usd":34124,"segments":[{"line":"경전선","won_per_km":86.0,"afford_pct":0.2217,"line_en":"Gyeongjeon Line"}]},"geometry":{"type":"Point","coordinates":[128.1183494,35.1501201]}},{"type":"Feature","properties":{"name":"창원중앙","name_en":"Changwon Jungang","name_zh":"昌原中央","country":"South Korea","region":"South Gyeongsang","gdp_usd":34124,"segments":[{"line":"경전선","won_per_km":88.0,"afford_pct":0.2269,"line_en":"Gyeongjeon Line"}]},"geometry":{"type":"Point","coordinates":[128.7016046,35.2425718]}},{"type":"Feature","properties":{"name":"천안아산","name_en":"Cheonan-Asan","name_zh":"天安牙山","country":"South Korea","region":"South Chungcheong","gdp_usd":49670,"segments":[{"line":"경부고속선","won_per_km":157.2,"afford_pct":0.2784,"line_en":"Gyeongbu HSL"},{"line":"평택연결선","won_per_km":137.8,"afford_pct":0.244,"line_en":"Pyeongtaek Connector"}]},"geometry":{"type":"Point","coordinates":[127.10449910000001,36.7943803]}},{"type":"Feature","properties":{"name":"청량리","name_en":"Cheongnyangni","name_zh":"淸凉里","country":"South Korea","region":"Seoul","gdp_usd":44874,"segments":[{"line":"서울청량리연결선","won_per_km":101.3,"afford_pct":0.1986,"line_en":"Seoul-Cheongnyangni Connector"},{"line":"중앙선","won_per_km":104.2,"afford_pct":0.2043,"line_en":"Jungang Line"}]},"geometry":{"type":"Point","coordinates":[127.0482573,37.5805961]}},{"type":"Feature","properties":{"name":"충주","name_en":"Chungju","name_zh":"忠州","country":"South Korea","region":"North Chungcheong","gdp_usd":41292,"segments":[{"line":"중부내륙선","won_per_km":140.1,"afford_pct":0.2985,"line_en":"Jungbu Naeryuk Line"}]},"geometry":{"type":"Point","coordinates":[127.9080675,36.9752571]}},{"type":"Feature","properties":{"name":"태화강","name_en":"Taehwagang","name_zh":"太和江","country":"South Korea","region":"Ulsan","gdp_usd":62452,"segments":[{"line":"동해선","won_per_km":103.8,"afford_pct":0.1462,"line_en":"Donghae Line"},{"line":"동해선","won_per_km":141.1,"afford_pct":0.1987,"line_en":"Donghae Line"}]},"geometry":{"type":"Point","coordinates":[129.3540107,35.5388089]}},{"type":"Feature","properties":{"name":"평창","name_en":"Pyeongchang","name_zh":"平昌","country":"South Korea","region":"Gangwon","gdp_usd":31201,"segments":[{"line":"강릉선","won_per_km":140.8,"afford_pct":0.397,"line_en":"Gangneung Line"}]},"geometry":{"type":"Point","coordinates":[128.43003430000002,37.5619574]}},{"type":"Feature","properties":{"name":"평택지제","name_en":"Pyeongtaek Jije","name_zh":"平澤芝制","country":"South Korea","region":"Gyeonggi","gdp_usd":34451,"segments":[{"line":"수서평택고속선","won_per_km":138.9,"afford_pct":0.3547,"line_en":"Suseo-Pyeongtaek HSL"},{"line":"평택연결선","won_per_km":137.8,"afford_pct":0.3519,"line_en":"Pyeongtaek Connector"}]},"geometry":{"type":"Point","coordinates":[127.0698667,37.018753]}},{"type":"Feature","properties":{"name":"포항","name_en":"Pohang","name_zh":"浦項","country":"South Korea","region":"North Gyeongsang","gdp_usd":38337,"segments":[{"line":"동해선","won_per_km":141.1,"afford_pct":0.3238,"line_en":"Donghae Line"}]},"geometry":{"type":"Point","coordinates":[129.3426784,36.0712333]}},{"type":"Feature","properties":{"name":"풍기","name_en":"Punggi","name_zh":"豊基","country":"South Korea","region":"North Gyeongsang","gdp_usd":38337,"segments":[{"line":"중앙선","won_per_km":140.9,"afford_pct":0.3233,"line_en":"Jungang Line"}]},"geometry":{"type":"Point","coordinates":[128.52347210000002,36.8740554]}},{"type":"Feature","properties":{"name":"행신","name_en":"Haengsin","name_zh":"幸信","country":"South Korea","region":"Gyeonggi","gdp_usd":34451,"segments":[{"line":"경부고속선","won_per_km":94.0,"afford_pct":0.24,"line_en":"Gyeongbu HSL"}]},"geometry":{"type":"Point","coordinates":[126.834058,37.612035]}},{"type":"Feature","properties":{"name":"횡성","name_en":"Hoengseong","name_zh":"橫城","country":"South Korea","region":"Gangwon","gdp_usd":31201,"segments":[{"line":"강릉선","won_per_km":140.8,"afford_pct":0.397,"line_en":"Gangneung Line"}]},"geometry":{"type":"Point","coordinates":[128.01048350000002,37.4828074]}},{"type":"Feature","properties":{"name":"서대구","name_en":"Seodaegu","name_zh":"西大邱","country":"South Korea","region":"Daegu","gdp_usd":22999,"segments":[{"line":"서대구지선","won_per_km":117.6,"afford_pct":0.4498,"line_en":"Seodaegu Branch"}]},"geometry":{"type":"Point","coordinates":[128.540229,35.881322]}},{"type":"Feature","properties":{"name":"구포","name_en":"Gupo","name_zh":"龜浦","country":"South Korea","region":"South Gyeongsang","gdp_usd":34124,"segments":[{"line":"경부선","won_per_km":80.6,"afford_pct":0.2078,"line_en":"Gyeongbu Line"},{"line":"경부선","won_per_km":93.8,"afford_pct":0.2418,"line_en":"Gyeongbu Line"}]},"geometry":{"type":"Point","coordinates":[128.997301,35.205308]}},{"type":"Feature","properties":{"name":"물금","name_en":"Mulgeum","name_zh":"勿禁","country":"South Korea","region":"South Gyeongsang","gdp_usd":34124,"segments":[{"line":"경부선","won_per_km":87.7,"afford_pct":0.2261,"line_en":"Gyeongbu Line"},{"line":"경부선","won_per_km":93.8,"afford_pct":0.2418,"line_en":"Gyeongbu Line"}]},"geometry":{"type":"Point","coordinates":[128.985385,35.306635]}},{"type":"Feature","properties":{"name":"경산","name_en":"Gyeongsan","name_zh":"慶山","country":"South Korea","region":"North Gyeongsang","gdp_usd":38337,"segments":[{"line":"경부선","won_per_km":87.7,"afford_pct":0.2012,"line_en":"Gyeongbu Line"}]},"geometry":{"type":"Point","coordinates":[128.727612,35.819329]}},{"type":"Feature","properties":{"name":"창원","name_en":"Changwon","name_zh":"昌原","country":"South Korea","region":"South Gyeongsang","gdp_usd":34124,"segments":[{"line":"경전선","won_per_km":88.0,"afford_pct":0.2269,"line_en":"Gyeongjeon Line"},{"line":"경전선","won_per_km":81.1,"afford_pct":0.2091,"line_en":"Gyeongjeon Line"}]},"geometry":{"type":"Point","coordinates":[128.607034,35.258125]}},{"type":"Feature","properties":{"name":"기장","name_en":"Gijang","name_zh":"機張","country":"South Korea","region":"South Gyeongsang","gdp_usd":34124,"segments":[{"line":"동해선","won_per_km":103.8,"afford_pct":0.2676,"line_en":"Donghae Line"}]},"geometry":{"type":"Point","coordinates":[129.21875,35.24491]}},{"type":"Feature","properties":{"name":"남창","name_en":"Namchang","name_zh":"南倉","country":"South Korea","region":"Ulsan","gdp_usd":62452,"segments":[{"line":"동해선","won_per_km":103.8,"afford_pct":0.1462,"line_en":"Donghae Line"}]},"geometry":{"type":"Point","coordinates":[129.282469,35.419268]}},{"type":"Feature","properties":{"name":"북울산","name_en":"Buk-Ulsan","name_zh":"北蔚山","country":"South Korea","region":"Ulsan","gdp_usd":62452,"segments":[{"line":"동해선","won_per_km":141.1,"afford_pct":0.1987,"line_en":"Donghae Line"}]},"geometry":{"type":"Point","coordinates":[129.372449,35.614869]}},{"type":"Feature","properties":{"name":"센텀","name_en":"Centum","name_zh":"센텀","country":"South Korea","region":"Busan","gdp_usd":27185,"segments":[{"line":"동해선","won_per_km":103.8,"afford_pct":0.3359,"line_en":"Donghae Line"}]},"geometry":{"type":"Point","coordinates":[129.125442,35.178542]}},{"type":"Feature","properties":{"name":"신해운대","name_en":"Sinhaeundae","name_zh":"新海雲臺","country":"South Korea","region":"Busan","gdp_usd":27185,"segments":[{"line":"동해선","won_per_km":103.8,"afford_pct":0.3359,"line_en":"Donghae Line"}]},"geometry":{"type":"Point","coordinates":[129.176351,35.181692]}},{"type":"Feature","properties":{"name":"울진","name_en":"Uljin","name_zh":"蔚珍","country":"South Korea","region":"Gangwon","gdp_usd":31201,"segments":[{"line":"동해선","won_per_km":141.1,"afford_pct":0.3978,"line_en":"Donghae Line"},{"line":"동해선","won_per_km":141.3,"afford_pct":0.3984,"line_en":"Donghae Line"}]},"geometry":{"type":"Point","coordinates":[129.395474,36.981741]}},{"type":"Feature","properties":{"name":"삼척","name_en":"Samcheok","name_zh":"三陟","country":"South Korea","region":"Gangwon","gdp_usd":31201,"segments":[{"line":"동해선","won_per_km":141.3,"afford_pct":0.3984,"line_en":"Donghae Line"},{"line":"동해선","won_per_km":104.5,"afford_pct":0.2946,"line_en":"Donghae Line"}]},"geometry":{"type":"Point","coordinates":[129.178778,37.429826]}},{"type":"Feature","properties":{"name":"덕소","name_en":"Deokso","name_zh":"德沼","country":"South Korea","region":"Gyeonggi","gdp_usd":34451,"segments":[{"line":"중앙선","won_per_km":104.2,"afford_pct":0.2661,"line_en":"Jungang Line"}]},"geometry":{"type":"Point","coordinates":[127.208821,37.586905]}},{"type":"Feature","properties":{"name":"판교(경기)","name_en":"Pangyo","name_zh":"板橋","country":"South Korea","region":"Gyeonggi","gdp_usd":34451,"segments":[{"line":"경강선","won_per_km":88.0,"afford_pct":0.2247,"line_en":"Gyeonggang Line"}]},"geometry":{"type":"Point","coordinates":[127.111187,37.394364]}},{"type":"Feature","properties":{"name":"广州南","name_en":"Guangzhounan","name_zh":"广州南","country":"China","region":"Guangzhou","gdp_usd":22836,"segments":[{"line":"京广高速铁路","won_per_km":0.4698,"afford_pct":0.3434,"line_en":"Jingguang High-Speed Railway"},{"line":"广肇城际铁路","won_per_km":0.2881,"afford_pct":0.2106,"line_en":"Guangzhao Intercity Railway"},{"line":"贵广高速铁路","won_per_km":0.4417,"afford_pct":0.3229,"line_en":"Guiguang High-Speed Railway"},{"line":"南广铁路","won_per_km":0.4431,"afford_pct":0.3239,"line_en":"Nanguang Railway"}]},"geometry":{"type":"Point","coordinates":[113.2640375,22.9914143]}},{"type":"Feature","properties":{"name":"郑州东","name_en":"Zhengzhoudong","name_zh":"郑州东","country":"China","region":"Zhengzhou","gdp_usd":15494,"segments":[{"line":"徐兰高速铁路","won_per_km":0.4597,"afford_pct":0.4953,"line_en":"Xulan High-Speed Railway"},{"line":"徐兰高速铁路","won_per_km":0.4615,"afford_pct":0.4972,"line_en":"Xulan High-Speed Railway"},{"line":"济郑高速铁路","won_per_km":0.5725,"afford_pct":0.6168,"line_en":"Jizheng High-Speed Railway"},{"line":"郑开城际铁路","won_per_km":0.4211,"afford_pct":0.4537,"line_en":"Zhengkai Intercity Railway"},{"line":"郑机城际铁路","won_per_km":0.4615,"afford_pct":0.4972,"line_en":"Zhengji Intercity Railway"},{"line":"京广高速铁路","won_per_km":0.4733,"afford_pct":0.5099,"line_en":"Jingguang High-Speed Railway"},{"line":"京广高速铁路","won_per_km":0.4646,"afford_pct":0.5005,"line_en":"Jingguang High-Speed Railway"},{"line":"郑渝高速铁路","won_per_km":0.4961,"afford_pct":0.5345,"line_en":"Zhengyu High-Speed Railway"},{"line":"联络线/城内段","won_per_km":0.4646,"afford_pct":0.5005,"line_en":"Lianluoxian/chengneiduan"},{"line":"联络线/城内段","won_per_km":0.4762,"afford_pct":0.513,"line_en":"Lianluoxian/chengneiduan"}]},"geometry":{"type":"Point","coordinates":[113.7732527,34.7601939]}},{"type":"Feature","properties":{"name":"深圳北","name_en":"Shenzhen North","name_zh":"深圳北","country":"China","region":"Shenzhen","gdp_usd":28615,"segments":[{"line":"京港高速铁路","won_per_km":0.5906,"afford_pct":0.3445,"line_en":"Jinggang High-Speed Railway"},{"line":"杭深铁路","won_per_km":0.4428,"afford_pct":0.2583,"line_en":"Hangshen Railway"},{"line":"广深港高速铁路","won_per_km":0.7304,"afford_pct":0.4261,"line_en":"Guangshengang High-Speed Railway"},{"line":"广深港高速铁路","won_per_km":1.9231,"afford_pct":1.1218,"line_en":"Guangshengang High-Speed Railway"}]},"geometry":{"type":"Point","coordinates":[114.02394690000001,22.6120365]}},{"type":"Feature","properties":{"name":"南京南","name_en":"Nanjingnan","name_zh":"南京南","country":"China","region":"Nanjing","gdp_usd":26914,"segments":[{"line":"京沪高速铁路","won_per_km":0.4957,"afford_pct":0.3074,"line_en":"Jinghu High-Speed Railway"},{"line":"沪宁沿江高速铁路","won_per_km":0.5095,"afford_pct":0.316,"line_en":"Huningyanjiang High-Speed Railway"},{"line":"宁杭高速铁路","won_per_km":0.5469,"afford_pct":0.3392,"line_en":"Ninghang High-Speed Railway"},{"line":"宁安城际铁路","won_per_km":0.4008,"afford_pct":0.2486,"line_en":"Ningan Intercity Railway"},{"line":"宁蓉铁路","won_per_km":0.3992,"afford_pct":0.2476,"line_en":"Ningrong Railway"}]},"geometry":{"type":"Point","coordinates":[118.79305160000001,31.970797]}},{"type":"Feature","properties":{"name":"上海虹桥","name_en":"Shanghai-Hongqiao","name_zh":"上海虹桥","country":"China","region":"Shanghai","gdp_usd":30204,"segments":[{"line":"沪苏通铁路","won_per_km":0.443,"afford_pct":0.2448,"line_en":"Husutong Railway"},{"line":"京沪高速铁路","won_per_km":0.4957,"afford_pct":0.2739,"line_en":"Jinghu High-Speed Railway"},{"line":"沪苏湖高速铁路","won_per_km":0.3598,"afford_pct":0.1988,"line_en":"Husuhu High-Speed Railway"},{"line":"沪昆高速铁路","won_per_km":0.498,"afford_pct":0.2752,"line_en":"Hukun High-Speed Railway"},{"line":"联络线/城内段","won_per_km":0.4693,"afford_pct":0.2594,"line_en":"Lianluoxian/chengneiduan"},{"line":"联络线/城内段","won_per_km":0.4881,"afford_pct":0.2697,"line_en":"Lianluoxian/chengneiduan"}]},"geometry":{"type":"Point","coordinates":[121.31620040000001,31.1959782]}},{"type":"Feature","properties":{"name":"成都东","name_en":"Chengdudong","name_zh":"成都东","country":"China","region":"Chengdu","gdp_usd":15280,"segments":[{"line":"西成高速铁路","won_per_km":0.4317,"afford_pct":0.4716,"line_en":"Xicheng High-Speed Railway"},{"line":"成宜高速铁路","won_per_km":0.4944,"afford_pct":0.5401,"line_en":"Chengyi High-Speed Railway"},{"line":"川青铁路","won_per_km":0.4984,"afford_pct":0.5445,"line_en":"Chuanqing Railway"},{"line":"成贵高速铁路","won_per_km":0.4537,"afford_pct":0.4956,"line_en":"Chenggui High-Speed Railway"},{"line":"宁蓉铁路","won_per_km":0.5066,"afford_pct":0.5534,"line_en":"Ningrong Railway"},{"line":"成渝高速铁路","won_per_km":0.5033,"afford_pct":0.5498,"line_en":"Chengyu High-Speed Railway"},{"line":"联络线/城内段","won_per_km":0.4772,"afford_pct":0.5213,"line_en":"Lianluoxian/chengneiduan"},{"line":"联络线/城内段","won_per_km":0.4944,"afford_pct":0.5401,"line_en":"Lianluoxian/chengneiduan"}]},"geometry":{"type":"Point","coordinates":[104.1389215,30.6312977]}},{"type":"Feature","properties":{"name":"长沙南","name_en":"Changsha South","name_zh":"长沙南","country":"China","region":"Changsha","gdp_usd":20104,"segments":[{"line":"京广高速铁路","won_per_km":0.4945,"afford_pct":0.4106,"line_en":"Jingguang High-Speed Railway"},{"line":"京广高速铁路","won_per_km":0.4915,"afford_pct":0.4081,"line_en":"Jingguang High-Speed Railway"},{"line":"沪昆高速铁路","won_per_km":0.4942,"afford_pct":0.4103,"line_en":"Hukun High-Speed Railway"},{"line":"沪昆高速铁路","won_per_km":0.497,"afford_pct":0.4127,"line_en":"Hukun High-Speed Railway"}]},"geometry":{"type":"Point","coordinates":[113.05988110000001,28.1500782]}},{"type":"Feature","properties":{"name":"杭州东","name_en":"Hangzhoudong","name_zh":"杭州东","country":"China","region":"Hangzhou","gdp_usd":24185,"segments":[{"line":"宁杭高速铁路","won_per_km":0.5469,"afford_pct":0.3775,"line_en":"Ninghang High-Speed Railway"},{"line":"杭昌高速铁路","won_per_km":0.4044,"afford_pct":0.2791,"line_en":"Hangchang High-Speed Railway"},{"line":"杭衢高速铁路","won_per_km":0.4684,"afford_pct":0.3233,"line_en":"Hangqu High-Speed Railway"},{"line":"杭深铁路","won_per_km":0.4645,"afford_pct":0.3206,"line_en":"Hangshen Railway"},{"line":"沪昆高速铁路","won_per_km":0.498,"afford_pct":0.3437,"line_en":"Hukun High-Speed Railway"}]},"geometry":{"type":"Point","coordinates":[120.2082034,30.2935486]}},{"type":"Feature","properties":{"name":"西安北","name_en":"Xi'anbei","name_zh":"西安北","country":"China","region":"Xi'an","gdp_usd":14117,"segments":[{"line":"徐兰高速铁路","won_per_km":0.4579,"afford_pct":0.5414,"line_en":"Xulan High-Speed Railway"},{"line":"徐兰高速铁路","won_per_km":0.3174,"afford_pct":0.3753,"line_en":"Xulan High-Speed Railway"},{"line":"大西高速铁路","won_per_km":0.3163,"afford_pct":0.374,"line_en":"Daxi High-Speed Railway"},{"line":"包西高速铁路","won_per_km":0.5253,"afford_pct":0.6211,"line_en":"Baoxi High-Speed Railway"},{"line":"银西高速铁路","won_per_km":0.4335,"afford_pct":0.5126,"line_en":"Yinxi High-Speed Railway"},{"line":"西成高速铁路","won_per_km":0.4316,"afford_pct":0.5103,"line_en":"Xicheng High-Speed Railway"}]},"geometry":{"type":"Point","coordinates":[108.9340253,34.3776675]}},{"type":"Feature","properties":{"name":"北京南","name_en":"Beijingnan","name_zh":"北京南","country":"China","region":"Beijing","gdp_usd":31738,"segments":[{"line":"京津城际铁路","won_per_km":0.4542,"afford_pct":0.2389,"line_en":"Jingjin Intercity Railway"},{"line":"京沪高速铁路","won_per_km":0.5123,"afford_pct":0.2694,"line_en":"Jinghu High-Speed Railway"},{"line":"联络线/城内段","won_per_km":0.5123,"afford_pct":0.2694,"line_en":"Lianluoxian/chengneiduan"}]},"geometry":{"type":"Point","coordinates":[116.3723994,39.8634831]}},{"type":"Feature","properties":{"name":"武汉","name_en":"Wuhan","name_zh":"武汉","country":"China","region":"Wuhan","gdp_usd":21288,"segments":[{"line":"武冈城际铁路","won_per_km":0.4,"afford_pct":0.3136,"line_en":"Wugang Intercity Railway"},{"line":"京广高速铁路","won_per_km":0.4646,"afford_pct":0.3643,"line_en":"Jingguang High-Speed Railway"},{"line":"京广高速铁路","won_per_km":0.4945,"afford_pct":0.3877,"line_en":"Jingguang High-Speed Railway"},{"line":"武九高速铁路","won_per_km":0.4,"afford_pct":0.3136,"line_en":"Wujiu High-Speed Railway"},{"line":"联络线/城内段","won_per_km":0.4119,"afford_pct":0.323,"line_en":"Lianluoxian/chengneiduan"}]},"geometry":{"type":"Point","coordinates":[114.4189431,30.6098504]}},{"type":"Feature","properties":{"name":"贵阳北","name_en":"Guiyangbei","name_zh":"贵阳北","country":"China","region":"Guiyang","gdp_usd":12359,"segments":[{"line":"渝贵铁路","won_per_km":0.4006,"afford_pct":0.5411,"line_en":"Yugui Railway"},{"line":"贵南高速铁路","won_per_km":0.4704,"afford_pct":0.6353,"line_en":"Guinan High-Speed Railway"},{"line":"沪昆高速铁路","won_per_km":0.4813,"afford_pct":0.6501,"line_en":"Hukun High-Speed Railway"},{"line":"沪昆高速铁路","won_per_km":0.4644,"afford_pct":0.6272,"line_en":"Hukun High-Speed Railway"},{"line":"联络线/城内段","won_per_km":0.4644,"afford_pct":0.6272,"line_en":"Lianluoxian/chengneiduan"},{"line":"联络线/城内段","won_per_km":0.4674,"afford_pct":0.6313,"line_en":"Lianluoxian/chengneiduan"},{"line":"联络线/城内段","won_per_km":0.4325,"afford_pct":0.5842,"line_en":"Lianluoxian/chengneiduan"}]},"geometry":{"type":"Point","coordinates":[106.672454,26.6228345]}},{"type":"Feature","properties":{"name":"合肥南","name_en":"Hefeinan","name_zh":"合肥南","country":"China","region":"Hefei","gdp_usd":18927,"segments":[{"line":"合福高速铁路","won_per_km":0.4433,"afford_pct":0.391,"line_en":"Hefu High-Speed Railway"},{"line":"京港高速铁路","won_per_km":0.4821,"afford_pct":0.4252,"line_en":"Jinggang High-Speed Railway"},{"line":"合蚌高速铁路","won_per_km":0.4572,"afford_pct":0.4032,"line_en":"Hebang High-Speed Railway"},{"line":"宁蓉铁路","won_per_km":0.3992,"afford_pct":0.3521,"line_en":"Ningrong Railway"},{"line":"联络线/城内段","won_per_km":0.4572,"afford_pct":0.4032,"line_en":"Lianluoxian/chengneiduan"}]},"geometry":{"type":"Point","coordinates":[117.2848751,31.8002988]}},{"type":"Feature","properties":{"name":"济南西","name_en":"Jinanxi","name_zh":"济南西","country":"China","region":"Jinan","gdp_usd":19858,"segments":[{"line":"济郑高速铁路","won_per_km":0.5725,"afford_pct":0.4812,"line_en":"Jizheng High-Speed Railway"},{"line":"京沪高速铁路","won_per_km":0.5123,"afford_pct":0.4306,"line_en":"Jinghu High-Speed Railway"},{"line":"京沪高速铁路","won_per_km":0.5204,"afford_pct":0.4374,"line_en":"Jinghu High-Speed Railway"},{"line":"联络线/城内段","won_per_km":0.4988,"afford_pct":0.4193,"line_en":"Lianluoxian/chengneiduan"},{"line":"联络线/城内段","won_per_km":0.5163,"afford_pct":0.434,"line_en":"Lianluoxian/chengneiduan"}]},"geometry":{"type":"Point","coordinates":[116.88600450000001,36.668804]}},{"type":"Feature","properties":{"name":"徐州东","name_en":"Xuzhoudong","name_zh":"徐州东","country":"China","region":"Xuzhou","gdp_usd":14716,"segments":[{"line":"徐兰高速铁路","won_per_km":0.4597,"afford_pct":0.5214,"line_en":"Xulan High-Speed Railway"},{"line":"徐连高速铁路","won_per_km":0.4865,"afford_pct":0.5518,"line_en":"Xulian High-Speed Railway"},{"line":"徐盐高速铁路","won_per_km":0.3962,"afford_pct":0.4494,"line_en":"Xuyan High-Speed Railway"},{"line":"京沪高速铁路","won_per_km":0.5204,"afford_pct":0.5903,"line_en":"Jinghu High-Speed Railway"}]},"geometry":{"type":"Point","coordinates":[117.3002046,34.2691625]}},{"type":"Feature","properties":{"name":"石家庄","name_en":"Shijiazhuang","name_zh":"石家庄","country":"China","region":"Shijiazhuang","gdp_usd":10152,"segments":[{"line":"石济高速铁路","won_per_km":0.3583,"afford_pct":0.5891,"line_en":"Shiji High-Speed Railway"},{"line":"石太高速铁路","won_per_km":0.306,"afford_pct":0.5031,"line_en":"Shitai High-Speed Railway"},{"line":"京广高速铁路","won_per_km":0.4698,"afford_pct":0.7724,"line_en":"Jingguang High-Speed Railway"},{"line":"京广高速铁路","won_per_km":0.4733,"afford_pct":0.7782,"line_en":"Jingguang High-Speed Railway"}]},"geometry":{"type":"Point","coordinates":[114.4781291,38.0095033]}},{"type":"Feature","properties":{"name":"南昌西","name_en":"Nanchangxi Railway Station","name_zh":"","country":"China","region":"Nanchang","gdp_usd":16392,"segments":[{"line":"沪昆高速铁路","won_per_km":0.4979,"afford_pct":0.507,"line_en":"Hukun High-Speed Railway"},{"line":"沪昆高速铁路","won_per_km":0.4942,"afford_pct":0.5032,"line_en":"Hukun High-Speed Railway"},{"line":"昌福铁路","won_per_km":0.4881,"afford_pct":0.497,"line_en":"Changfu Railway"},{"line":"昌九城际铁路","won_per_km":0.2676,"afford_pct":0.2725,"line_en":"Changjiu Intercity Railway"}]},"geometry":{"type":"Point","coordinates":[115.7877114,28.6257294]}},{"type":"Feature","properties":{"name":"汉口","name_en":"Hankou","name_zh":"汉口","country":"China","region":"Wuhan","gdp_usd":21288,"segments":[{"line":"武孝城际铁路","won_per_km":0.4217,"afford_pct":0.3307,"line_en":"Wuxiao Intercity Railway"},{"line":"武西高速铁路","won_per_km":0.4804,"afford_pct":0.3767,"line_en":"Wuxi High-Speed Railway"},{"line":"仙桃城际铁路","won_per_km":0.5287,"afford_pct":0.4146,"line_en":"Xiantao Intercity Railway"},{"line":"宁蓉铁路","won_per_km":0.3992,"afford_pct":0.313,"line_en":"Ningrong Railway"},{"line":"宁蓉铁路","won_per_km":0.402,"afford_pct":0.3152,"line_en":"Ningrong Railway"},{"line":"沪渝蓉高速铁路","won_per_km":0.39,"afford_pct":0.3058,"line_en":"Huyurong High-Speed Railway"},{"line":"联络线/城内段","won_per_km":0.4119,"afford_pct":0.323,"line_en":"Lianluoxian/chengneiduan"},{"line":"联络线/城内段","won_per_km":0.4217,"afford_pct":0.3307,"line_en":"Lianluoxian/chengneiduan"}]},"geometry":{"type":"Point","coordinates":[114.2494144,30.6216514]}},{"type":"Feature","properties":{"name":"南宁东","name_en":"Nanningdong","name_zh":"南宁东","country":"China","region":"Nanning","gdp_usd":9311,"segments":[{"line":"柳南高速铁路","won_per_km":0.4215,"afford_pct":0.7556,"line_en":"Liunan High-Speed Railway"},{"line":"贵南高速铁路","won_per_km":0.4704,"afford_pct":0.8433,"line_en":"Guinan High-Speed Railway"},{"line":"邕北铁路","won_per_km":0.3959,"afford_pct":0.7097,"line_en":"Yongbei Railway"},{"line":"南广铁路","won_per_km":0.4448,"afford_pct":0.7974,"line_en":"Nanguang Railway"},{"line":"南珠高速铁路","won_per_km":0.4844,"afford_pct":0.8684,"line_en":"Nanzhu High-Speed Railway"},{"line":"钦防-防东铁路","won_per_km":0.4128,"afford_pct":0.74,"line_en":"Qinfang-fangdong Railway"}]},"geometry":{"type":"Point","coordinates":[108.40992770000001,22.8447744]}},{"type":"Feature","properties":{"name":"厦门北","name_en":"Xiamen North","name_zh":"","country":"China","region":"Xiamen","gdp_usd":22380,"segments":[{"line":"甬广高速铁路","won_per_km":0.5333,"afford_pct":0.3978,"line_en":"Yongguang High-Speed Railway"},{"line":"杭深铁路","won_per_km":0.444,"afford_pct":0.3312,"line_en":"Hangshen Railway"},{"line":"鹰厦铁路","won_per_km":0.3226,"afford_pct":0.2406,"line_en":"Yingsha Railway"}]},"geometry":{"type":"Point","coordinates":[118.06863530000001,24.6397375]}},{"type":"Feature","properties":{"name":"广州东","name_en":"Guangzhoudong","name_zh":"广州东","country":"China","region":"Guangzhou","gdp_usd":22836,"segments":[{"line":"广深城际铁路","won_per_km":0.5068,"afford_pct":0.3704,"line_en":"Guangshen Intercity Railway"},{"line":"甬广高速铁路","won_per_km":0.5662,"afford_pct":0.4139,"line_en":"Yongguang High-Speed Railway"},{"line":"联络线/城内段","won_per_km":0.5068,"afford_pct":0.3704,"line_en":"Lianluoxian/chengneiduan"}]},"geometry":{"type":"Point","coordinates":[113.3196207,23.1536521]}},{"type":"Feature","properties":{"name":"福州","name_en":"Fuzhou","name_zh":"福州","country":"China","region":"Fuzhou","gdp_usd":23339,"segments":[{"line":"合福高速铁路","won_per_km":0.4588,"afford_pct":0.3281,"line_en":"Hefu High-Speed Railway"},{"line":"福平铁路","won_per_km":0.4773,"afford_pct":0.3414,"line_en":"Fuping Railway"},{"line":"昌福铁路","won_per_km":0.4881,"afford_pct":0.3491,"line_en":"Changfu Railway"},{"line":"联络线/城内段","won_per_km":0.468,"afford_pct":0.3347,"line_en":"Lianluoxian/chengneiduan"}]},"geometry":{"type":"Point","coordinates":[119.31563240000001,26.1168094]}},{"type":"Feature","properties":{"name":"潮汕","name_en":"Chaoshan","name_zh":"潮汕","country":"China","region":"Chaozhou","gdp_usd":7573,"segments":[{"line":"梅汕高速铁路","won_per_km":0.4765,"afford_pct":1.0503,"line_en":"Meishan High-Speed Railway"},{"line":"杭深铁路","won_per_km":0.4428,"afford_pct":0.976,"line_en":"Hangshen Railway"}]},"geometry":{"type":"Point","coordinates":[116.5828304,23.5424042]}},{"type":"Feature","properties":{"name":"福州南","name_en":"Fuzhounan","name_zh":"福州南","country":"China","region":"Fuzhou","gdp_usd":23339,"segments":[{"line":"福平铁路","won_per_km":0.4773,"afford_pct":0.3414,"line_en":"Fuping Railway"},{"line":"甬广高速铁路","won_per_km":0.4561,"afford_pct":0.3262,"line_en":"Yongguang High-Speed Railway"},{"line":"杭深铁路","won_per_km":0.398,"afford_pct":0.2846,"line_en":"Hangshen Railway"},{"line":"杭深铁路","won_per_km":0.444,"afford_pct":0.3175,"line_en":"Hangshen Railway"}]},"geometry":{"type":"Point","coordinates":[119.3866957,25.9892567]}},{"type":"Feature","properties":{"name":"广州新塘","name_en":"Guangzhou Xintang","name_zh":"广州新塘","country":"China","region":"Guangzhou","gdp_usd":22836,"segments":[{"line":"广深城际铁路","won_per_km":0.5068,"afford_pct":0.3704,"line_en":"Guangshen Intercity Railway"},{"line":"甬广高速铁路","won_per_km":0.5662,"afford_pct":0.4139,"line_en":"Yongguang High-Speed Railway"}]},"geometry":{"type":"Point","coordinates":[113.6005178,23.1367538]}},{"type":"Feature","properties":{"name":"莆田","name_en":"Putian","name_zh":"莆田","country":"China","region":"Putian","gdp_usd":15033,"segments":[{"line":"甬广高速铁路","won_per_km":0.4561,"afford_pct":0.5064,"line_en":"Yongguang High-Speed Railway"},{"line":"杭深铁路","won_per_km":0.444,"afford_pct":0.493,"line_en":"Hangshen Railway"}]},"geometry":{"type":"Point","coordinates":[119.0570588,25.3538682]}},{"type":"Feature","properties":{"name":"太原南","name_en":"Taiyuannan","name_zh":"太原南","country":"China","region":"Taiyuan","gdp_usd":13744,"segments":[{"line":"大西高速铁路","won_per_km":0.3468,"afford_pct":0.4212,"line_en":"Daxi High-Speed Railway"},{"line":"大西高速铁路","won_per_km":0.3146,"afford_pct":0.3821,"line_en":"Daxi High-Speed Railway"},{"line":"石太高速铁路","won_per_km":0.306,"afford_pct":0.3716,"line_en":"Shitai High-Speed Railway"},{"line":"郑太高速铁路","won_per_km":0.4908,"afford_pct":0.5961,"line_en":"Zhengtai High-Speed Railway"}]},"geometry":{"type":"Point","coordinates":[112.6048147,37.7913265]}},{"type":"Feature","properties":{"name":"重庆西","name_en":"Chongqingxi","name_zh":"","country":"China","region":"Chongqing","gdp_usd":14036,"segments":[{"line":"渝昆高速铁路","won_per_km":0.599,"afford_pct":0.7124,"line_en":"Yukun High-Speed Railway"},{"line":"渝贵铁路","won_per_km":0.4006,"afford_pct":0.4764,"line_en":"Yugui Railway"},{"line":"联络线/城内段","won_per_km":0.4006,"afford_pct":0.4764,"line_en":"Lianluoxian/chengneiduan"},{"line":"联络线/城内段","won_per_km":0.5411,"afford_pct":0.6435,"line_en":"Lianluoxian/chengneiduan"}]},"geometry":{"type":"Point","coordinates":[106.43222580000001,29.5030187]}},{"type":"Feature","properties":{"name":"汕尾","name_en":"Shanwei","name_zh":"汕尾","country":"China","region":"Shanwei","gdp_usd":7743,"segments":[{"line":"甬广高速铁路","won_per_km":0.5662,"afford_pct":1.2205,"line_en":"Yongguang High-Speed Railway"},{"line":"杭深铁路","won_per_km":0.4428,"afford_pct":0.9545,"line_en":"Hangshen Railway"}]},"geometry":{"type":"Point","coordinates":[115.4237222,22.8132068]}},{"type":"Feature","properties":{"name":"芜湖","name_en":"Wuhu","name_zh":"芜湖","country":"China","region":"Wuhu","gdp_usd":18861,"segments":[{"line":"合杭高速铁路","won_per_km":0.4766,"afford_pct":0.4218,"line_en":"Hehang High-Speed Railway"},{"line":"合杭高速铁路","won_per_km":0.5,"afford_pct":0.4425,"line_en":"Hehang High-Speed Railway"},{"line":"宁安城际铁路","won_per_km":0.4008,"afford_pct":0.3547,"line_en":"Ningan Intercity Railway"}]},"geometry":{"type":"Point","coordinates":[118.38600190000001,31.349784]}},{"type":"Feature","properties":{"name":"温州南","name_en":"Wenzhounan","name_zh":"","country":"China","region":"Wenzhou","gdp_usd":13786,"segments":[{"line":"金温铁路","won_per_km":0.3716,"afford_pct":0.4499,"line_en":"Jinwen Railway"},{"line":"杭深铁路","won_per_km":0.3782,"afford_pct":0.4579,"line_en":"Hangshen Railway"},{"line":"杭深铁路","won_per_km":0.398,"afford_pct":0.4819,"line_en":"Hangshen Railway"}]},"geometry":{"type":"Point","coordinates":[120.58161380000001,27.9692843]}},{"type":"Feature","properties":{"name":"苏州","name_en":"Suzhou","name_zh":"苏州","country":"China","region":"Suzhou","gdp_usd":28659,"segments":[{"line":"沪宁城际铁路","won_per_km":0.4881,"afford_pct":0.2843,"line_en":"Huning Intercity Railway"},{"line":"沪宁城际铁路","won_per_km":0.4885,"afford_pct":0.2845,"line_en":"Huning Intercity Railway"}]},"geometry":{"type":"Point","coordinates":[120.60667620000001,31.3318827]}},{"type":"Feature","properties":{"name":"杭州西","name_en":"Hangzhouxi","name_zh":"杭州西","country":"China","region":"Hangzhou","gdp_usd":24185,"segments":[{"line":"合杭高速铁路","won_per_km":0.529,"afford_pct":0.3651,"line_en":"Hehang High-Speed Railway"}]},"geometry":{"type":"Point","coordinates":[119.9821401,30.3007603]}},{"type":"Feature","properties":{"name":"天津西","name_en":"Tianjinxi","name_zh":"天津西","country":"China","region":"Tianjin","gdp_usd":18381,"segments":[{"line":"津秦高速铁路","won_per_km":0.4586,"afford_pct":0.4165,"line_en":"Jinqin High-Speed Railway"},{"line":"津保铁路","won_per_km":0.3696,"afford_pct":0.3356,"line_en":"Jinbao Railway"},{"line":"联络线/城内段","won_per_km":0.4542,"afford_pct":0.4125,"line_en":"Lianluoxian/chengneiduan"},{"line":"联络线/城内段","won_per_km":0.4586,"afford_pct":0.4165,"line_en":"Lianluoxian/chengneiduan"}]},"geometry":{"type":"Point","coordinates":[117.1571195,39.157355]}},{"type":"Feature","properties":{"name":"无锡","name_en":"Wuxi","name_zh":"","country":"China","region":"Wuxi","gdp_usd":30163,"segments":[{"line":"沪宁城际铁路","won_per_km":0.4885,"afford_pct":0.2703,"line_en":"Huning Intercity Railway"}]},"geometry":{"type":"Point","coordinates":[120.3018066,31.5898087]}},{"type":"Feature","properties":{"name":"北京西","name_en":"Beijingxi","name_zh":"","country":"China","region":"Beijing","gdp_usd":31738,"segments":[{"line":"京雄城际铁路","won_per_km":0.5094,"afford_pct":0.2679,"line_en":"Jingxiong Intercity Railway"},{"line":"京广高速铁路","won_per_km":0.4698,"afford_pct":0.2471,"line_en":"Jingguang High-Speed Railway"},{"line":"联络线/城内段","won_per_km":0.5094,"afford_pct":0.2679,"line_en":"Lianluoxian/chengneiduan"}]},"geometry":{"type":"Point","coordinates":[116.31510270000001,39.8936695]}},{"type":"Feature","properties":{"name":"衡阳东","name_en":"Hengyangdong","name_zh":"衡阳东","country":"China","region":"Hengyang","gdp_usd":9663,"segments":[{"line":"京广高速铁路","won_per_km":0.4915,"afford_pct":0.849,"line_en":"Jingguang High-Speed Railway"},{"line":"京广高速铁路","won_per_km":0.4698,"afford_pct":0.8115,"line_en":"Jingguang High-Speed Railway"},{"line":"衡柳铁路","won_per_km":0.3082,"afford_pct":0.5324,"line_en":"Hengliu Railway"},{"line":"怀衡铁路","won_per_km":0.3855,"afford_pct":0.6659,"line_en":"Huaiheng Railway"}]},"geometry":{"type":"Point","coordinates":[112.7044896,26.8996964]}},{"type":"Feature","properties":{"name":"虎门","name_en":"Humen","name_zh":"虎门","country":"China","region":"Dongguan","gdp_usd":16228,"segments":[{"line":"广深港高速铁路","won_per_km":0.7304,"afford_pct":0.7513,"line_en":"Guangshengang High-Speed Railway"},{"line":"穗深城际铁路","won_per_km":0.5616,"afford_pct":0.5777,"line_en":"Suishen Intercity Railway"}]},"geometry":{"type":"Point","coordinates":[113.66828910000001,22.8632157]}},{"type":"Feature","properties":{"name":"上海","name_en":"Shanghai","name_zh":"上海","country":"China","region":"Shanghai","gdp_usd":30204,"segments":[{"line":"沪宁城际铁路","won_per_km":0.4881,"afford_pct":0.2697,"line_en":"Huning Intercity Railway"},{"line":"联络线/城内段","won_per_km":0.4881,"afford_pct":0.2697,"line_en":"Lianluoxian/chengneiduan"},{"line":"联络线/城内段","won_per_km":0.4656,"afford_pct":0.2573,"line_en":"Lianluoxian/chengneiduan"}]},"geometry":{"type":"Point","coordinates":[121.4511645,31.2515568]}},{"type":"Feature","properties":{"name":"佛山西","name_en":"Foshanxi","name_zh":"佛山西","country":"China","region":"Foshan","gdp_usd":19246,"segments":[{"line":"广肇城际铁路","won_per_km":0.2881,"afford_pct":0.2499,"line_en":"Guangzhao Intercity Railway"},{"line":"贵广高速铁路","won_per_km":0.4417,"afford_pct":0.3831,"line_en":"Guiguang High-Speed Railway"},{"line":"南广铁路","won_per_km":0.4431,"afford_pct":0.3843,"line_en":"Nanguang Railway"},{"line":"联络线/城内段","won_per_km":0.4431,"afford_pct":0.3843,"line_en":"Lianluoxian/chengneiduan"},{"line":"联络线/城内段","won_per_km":0.4234,"afford_pct":0.3672,"line_en":"Lianluoxian/chengneiduan"}]},"geometry":{"type":"Point","coordinates":[113.028338,23.0820313]}},{"type":"Feature","properties":{"name":"广州白云","name_en":"Guangzhou Baiyun","name_zh":"广州白云","country":"China","region":"Guangzhou","gdp_usd":22836,"segments":[{"line":"广清城际铁路","won_per_km":0.4051,"afford_pct":0.2961,"line_en":"Guangqing Intercity Railway"},{"line":"联络线/城内段","won_per_km":0.5068,"afford_pct":0.3704,"line_en":"Lianluoxian/chengneiduan"},{"line":"联络线/城内段","won_per_km":0.4234,"afford_pct":0.3095,"line_en":"Lianluoxian/chengneiduan"}]},"geometry":{"type":"Point","coordinates":[113.2405097,23.194037]}},{"type":"Feature","properties":{"name":"广州","name_en":"Guangzhou","name_zh":"广州","country":"China","region":"Guangzhou","gdp_usd":22836,"segments":[{"line":"广深城际铁路","won_per_km":0.5068,"afford_pct":0.3704,"line_en":"Guangshen Intercity Railway"},{"line":"广湛高速铁路","won_per_km":0.655,"afford_pct":0.4788,"line_en":"Guangzhan High-Speed Railway"},{"line":"联络线/城内段","won_per_km":0.5068,"afford_pct":0.3704,"line_en":"Lianluoxian/chengneiduan"},{"line":"联络线/城内段","won_per_km":0.4431,"afford_pct":0.3239,"line_en":"Lianluoxian/chengneiduan"},{"line":"联络线/城内段","won_per_km":0.4234,"afford_pct":0.3095,"line_en":"Lianluoxian/chengneiduan"}]},"geometry":{"type":"Point","coordinates":[113.2522641,23.1526233]}},{"type":"Feature","properties":{"name":"常州","name_en":"Changzhou","name_zh":"","country":"China","region":"Changzhou","gdp_usd":27956,"segments":[{"line":"沪宁城际铁路","won_per_km":0.4885,"afford_pct":0.2917,"line_en":"Huning Intercity Railway"}]},"geometry":{"type":"Point","coordinates":[119.9682006,31.7866804]}},{"type":"Feature","properties":{"name":"沈阳北","name_en":"Shenyangbei","name_zh":"沈阳北","country":"China","region":"Shenyang","gdp_usd":13614,"segments":[{"line":"沈佳高速铁路","won_per_km":0.6395,"afford_pct":0.7841,"line_en":"Shenjia High-Speed Railway"},{"line":"京哈高速铁路","won_per_km":0.4966,"afford_pct":0.6089,"line_en":"Jingha High-Speed Railway"},{"line":"沈大高速铁路","won_per_km":0.4582,"afford_pct":0.5618,"line_en":"Shenda High-Speed Railway"},{"line":"秦沈客运专线","won_per_km":0.3259,"afford_pct":0.3996,"line_en":"Qinshen Passenger Line"}]},"geometry":{"type":"Point","coordinates":[123.4294351,41.8173345]}},{"type":"Feature","properties":{"name":"济南东","name_en":"Jinandong","name_zh":"济南东","country":"China","region":"Jinan","gdp_usd":19858,"segments":[{"line":"石济高速铁路","won_per_km":0.3583,"afford_pct":0.3012,"line_en":"Shiji High-Speed Railway"},{"line":"济青高速铁路","won_per_km":0.4852,"afford_pct":0.4078,"line_en":"Jiqing High-Speed Railway"},{"line":"济莱高速铁路","won_per_km":0.3621,"afford_pct":0.3044,"line_en":"Jilai High-Speed Railway"},{"line":"联络线/城内段","won_per_km":0.4988,"afford_pct":0.4193,"line_en":"Lianluoxian/chengneiduan"},{"line":"联络线/城内段","won_per_km":0.3693,"afford_pct":0.3104,"line_en":"Lianluoxian/chengneiduan"}]},"geometry":{"type":"Point","coordinates":[117.15387410000001,36.7484776]}},{"type":"Feature","properties":{"name":"重庆北","name_en":"Chongqingbei","name_zh":"重庆北","country":"China","region":"Chongqing","gdp_usd":14036,"segments":[{"line":"宁蓉铁路","won_per_km":0.3092,"afford_pct":0.3677,"line_en":"Ningrong Railway"},{"line":"宁蓉铁路","won_per_km":0.5066,"afford_pct":0.6025,"line_en":"Ningrong Railway"},{"line":"郑渝高速铁路","won_per_km":0.45,"afford_pct":0.5352,"line_en":"Zhengyu High-Speed Railway"},{"line":"兰渝铁路","won_per_km":0.3606,"afford_pct":0.4288,"line_en":"Lanyu Railway"},{"line":"渝熊铁路","won_per_km":0.2759,"afford_pct":0.3281,"line_en":"Yuxiong Railway"},{"line":"联络线/城内段","won_per_km":0.4006,"afford_pct":0.4764,"line_en":"Lianluoxian/chengneiduan"},{"line":"联络线/城内段","won_per_km":0.4053,"afford_pct":0.482,"line_en":"Lianluoxian/chengneiduan"}]},"geometry":{"type":"Point","coordinates":[106.54727290000001,29.6123216]}},{"type":"Feature","properties":{"name":"昆山南","name_en":"Kunshannan","name_zh":"","country":"China","region":"Suzhou","gdp_usd":28659,"segments":[{"line":"京沪高速铁路","won_per_km":0.4957,"afford_pct":0.2887,"line_en":"Jinghu High-Speed Railway"},{"line":"沪宁城际铁路","won_per_km":0.4881,"afford_pct":0.2843,"line_en":"Huning Intercity Railway"}]},"geometry":{"type":"Point","coordinates":[120.946472,31.3551464]}},{"type":"Feature","properties":{"name":"怀化南","name_en":"Huaihua South Railway Station","name_zh":"","country":"China","region":"Huaihua","gdp_usd":6554,"segments":[{"line":"张吉怀高速铁路","won_per_km":0.5551,"afford_pct":1.4138,"line_en":"Zhangjihuai High-Speed Railway"},{"line":"怀衡铁路","won_per_km":0.3855,"afford_pct":0.9818,"line_en":"Huaiheng Railway"},{"line":"沪昆高速铁路","won_per_km":0.497,"afford_pct":1.2658,"line_en":"Hukun High-Speed Railway"},{"line":"沪昆高速铁路","won_per_km":0.4813,"afford_pct":1.2258,"line_en":"Hukun High-Speed Railway"}]},"geometry":{"type":"Point","coordinates":[109.988764,27.5155158]}},{"type":"Feature","properties":{"name":"沈阳","name_en":"Shenyang","name_zh":"沈阳","country":"China","region":"Shenyang","gdp_usd":13614,"segments":[{"line":"京哈高速铁路","won_per_km":0.4982,"afford_pct":0.6108,"line_en":"Jingha High-Speed Railway"},{"line":"沈大高速铁路","won_per_km":0.4582,"afford_pct":0.5618,"line_en":"Shenda High-Speed Railway"},{"line":"秦沈客运专线","won_per_km":0.3259,"afford_pct":0.3996,"line_en":"Qinshen Passenger Line"}]},"geometry":{"type":"Point","coordinates":[123.38793070000001,41.7924481]}},{"type":"Feature","properties":{"name":"黄山北","name_en":"Huangshanbei","name_zh":"黄山北","country":"China","region":"Huangshan","gdp_usd":11982,"segments":[{"line":"杭昌高速铁路","won_per_km":0.4044,"afford_pct":0.5634,"line_en":"Hangchang High-Speed Railway"},{"line":"杭昌高速铁路","won_per_km":0.5417,"afford_pct":0.7546,"line_en":"Hangchang High-Speed Railway"},{"line":"合福高速铁路","won_per_km":0.4433,"afford_pct":0.6176,"line_en":"Hefu High-Speed Railway"}]},"geometry":{"type":"Point","coordinates":[118.2673395,29.8183365]}},{"type":"Feature","properties":{"name":"洛阳龙门","name_en":"Luoyang Longmen","name_zh":"洛阳龙门","country":"China","region":"Luoyang","gdp_usd":11430,"segments":[{"line":"徐兰高速铁路","won_per_km":0.4615,"afford_pct":0.674,"line_en":"Xulan High-Speed Railway"},{"line":"徐兰高速铁路","won_per_km":0.4579,"afford_pct":0.6687,"line_en":"Xulan High-Speed Railway"}]},"geometry":{"type":"Point","coordinates":[112.4526879,34.5942768]}},{"type":"Feature","properties":{"name":"郴州西","name_en":"Chenzhou West","name_zh":"郴州西","country":"China","region":"Chenzhou","gdp_usd":10087,"segments":[{"line":"京广高速铁路","won_per_km":0.4698,"afford_pct":0.7774,"line_en":"Jingguang High-Speed Railway"}]},"geometry":{"type":"Point","coordinates":[112.9645311,25.739132]}},{"type":"Feature","properties":{"name":"漳州","name_en":"Zhangzhou Railway Station","name_zh":"","country":"China","region":"Zhangzhou","gdp_usd":16638,"segments":[{"line":"杭深铁路","won_per_km":0.444,"afford_pct":0.4454,"line_en":"Hangshen Railway"},{"line":"杭深铁路","won_per_km":0.4428,"afford_pct":0.4442,"line_en":"Hangshen Railway"},{"line":"龙漳铁路","won_per_km":0.307,"afford_pct":0.308,"line_en":"Longzhang Railway"}]},"geometry":{"type":"Point","coordinates":[117.7113175,24.4598069]}},{"type":"Feature","properties":{"name":"香港西九龙","name_en":"Hong Kong West Kowloon","name_zh":"香港西九龙","country":"China","region":"Hong Kong (nearest)","gdp_usd":54080,"segments":[{"line":"广深港高速铁路","won_per_km":1.9231,"afford_pct":0.5936,"line_en":"Guangshengang High-Speed Railway"}]},"geometry":{"type":"Point","coordinates":[114.1649267,22.3036814]}},{"type":"Feature","properties":{"name":"上饶","name_en":"Shangrao","name_zh":"","country":"China","region":"Shangrao","gdp_usd":8121,"segments":[{"line":"合福高速铁路","won_per_km":0.4433,"afford_pct":0.9112,"line_en":"Hefu High-Speed Railway"},{"line":"合福高速铁路","won_per_km":0.4588,"afford_pct":0.943,"line_en":"Hefu High-Speed Railway"},{"line":"沪昆高速铁路","won_per_km":0.498,"afford_pct":1.0236,"line_en":"Hukun High-Speed Railway"},{"line":"沪昆高速铁路","won_per_km":0.4979,"afford_pct":1.0234,"line_en":"Hukun High-Speed Railway"}]},"geometry":{"type":"Point","coordinates":[118.0030852,28.4941154]}},{"type":"Feature","properties":{"name":"昆明南","name_en":"Kunmingnan","name_zh":"昆明南","country":"China","region":"Kunming","gdp_usd":13251,"segments":[{"line":"沪昆高速铁路","won_per_km":0.4644,"afford_pct":0.585,"line_en":"Hukun High-Speed Railway"},{"line":"南昆高速铁路","won_per_km":0.3684,"afford_pct":0.4641,"line_en":"Nankun High-Speed Railway"}]},"geometry":{"type":"Point","coordinates":[102.86038040000001,24.8733628]}},{"type":"Feature","properties":{"name":"兰州西","name_en":"Lanzhouxi","name_zh":"兰州西","country":"China","region":"Lanzhou","gdp_usd":11749,"segments":[{"line":"银兰高速铁路","won_per_km":0.3333,"afford_pct":0.4735,"line_en":"Yinlan High-Speed Railway"},{"line":"兰张高速铁路","won_per_km":0.307,"afford_pct":0.4362,"line_en":"Lanzhang High-Speed Railway"},{"line":"中川机场环线","won_per_km":0.4141,"afford_pct":0.5883,"line_en":"Zhongchuanjichang Loop Line"},{"line":"兰新高速铁路","won_per_km":0.3085,"afford_pct":0.4383,"line_en":"Lanxin High-Speed Railway"},{"line":"徐兰高速铁路","won_per_km":0.3766,"afford_pct":0.5351,"line_en":"Xulan High-Speed Railway"},{"line":"联络线/城内段","won_per_km":0.3333,"afford_pct":0.4735,"line_en":"Lianluoxian/chengneiduan"}]},"geometry":{"type":"Point","coordinates":[103.74928430000001,36.0675844]}},{"type":"Feature","properties":{"name":"德州东","name_en":"Dezhoudong","name_zh":"德州东","country":"China","region":"Dezhou","gdp_usd":10889,"segments":[{"line":"石济高速铁路","won_per_km":0.3583,"afford_pct":0.5492,"line_en":"Shiji High-Speed Railway"},{"line":"京沪高速铁路","won_per_km":0.5123,"afford_pct":0.7853,"line_en":"Jinghu High-Speed Railway"}]},"geometry":{"type":"Point","coordinates":[116.4558211,37.4089344]}},{"type":"Feature","properties":{"name":"青岛北","name_en":"Qingdaobei","name_zh":"青岛北","country":"China","region":"Qingdao","gdp_usd":22347,"segments":[{"line":"胶济客运专线","won_per_km":0.3766,"afford_pct":0.2813,"line_en":"Jiaoji Passenger Line"},{"line":"青荣城际铁路","won_per_km":0.3458,"afford_pct":0.2583,"line_en":"Qingrong Intercity Railway"},{"line":"青盐铁路","won_per_km":0.3478,"afford_pct":0.2598,"line_en":"Qingyan Railway"},{"line":"联络线/城内段","won_per_km":0.3622,"afford_pct":0.2705,"line_en":"Lianluoxian/chengneiduan"}]},"geometry":{"type":"Point","coordinates":[120.3680563,36.1692408]}},{"type":"Feature","properties":{"name":"天津","name_en":"Tianjin","name_zh":"天津","country":"China","region":"Tianjin","gdp_usd":18381,"segments":[{"line":"津秦高速铁路","won_per_km":0.4586,"afford_pct":0.4165,"line_en":"Jinqin High-Speed Railway"},{"line":"京津城际铁路","won_per_km":0.4542,"afford_pct":0.4125,"line_en":"Jingjin Intercity Railway"},{"line":"京津城际铁路","won_per_km":0.2667,"afford_pct":0.2422,"line_en":"Jingjin Intercity Railway"}]},"geometry":{"type":"Point","coordinates":[117.2036841,39.1357517]}},{"type":"Feature","properties":{"name":"惠州北","name_en":"Huizhoubei","name_zh":"","country":"China","region":"Huizhou","gdp_usd":14004,"segments":[{"line":"京港高速铁路","won_per_km":0.5906,"afford_pct":0.704,"line_en":"Jinggang High-Speed Railway"},{"line":"广惠城际铁路","won_per_km":0.5548,"afford_pct":0.6613,"line_en":"Guanghui Intercity Railway"},{"line":"联络线/城内段","won_per_km":0.5662,"afford_pct":0.6749,"line_en":"Lianluoxian/chengneiduan"}]},"geometry":{"type":"Point","coordinates":[114.3752592,23.1828713]}},{"type":"Feature","properties":{"name":"肇庆东","name_en":"Zhaoqingdong","name_zh":"肇庆东","country":"China","region":"Zhaoqing","gdp_usd":9821,"segments":[{"line":"广肇城际铁路","won_per_km":0.2881,"afford_pct":0.4897,"line_en":"Guangzhao Intercity Railway"},{"line":"贵广高速铁路","won_per_km":0.4417,"afford_pct":0.7507,"line_en":"Guiguang High-Speed Railway"},{"line":"南广铁路","won_per_km":0.4431,"afford_pct":0.7531,"line_en":"Nanguang Railway"}]},"geometry":{"type":"Point","coordinates":[112.6581162,23.2173959]}},{"type":"Feature","properties":{"name":"宁波","name_en":"Ningbo","name_zh":"宁波","country":"China","region":"Ningbo","gdp_usd":25926,"segments":[{"line":"杭深铁路","won_per_km":0.4645,"afford_pct":0.2991,"line_en":"Hangshen Railway"},{"line":"杭深铁路","won_per_km":0.3782,"afford_pct":0.2435,"line_en":"Hangshen Railway"}]},"geometry":{"type":"Point","coordinates":[121.5326567,29.8646327]}},{"type":"Feature","properties":{"name":"襄阳东","name_en":"Xiangyangdong","name_zh":"襄阳东","country":"China","region":"Xiangyang","gdp_usd":16080,"segments":[{"line":"武西高速铁路","won_per_km":0.4804,"afford_pct":0.4987,"line_en":"Wuxi High-Speed Railway"},{"line":"襄荆高速铁路","won_per_km":0.521,"afford_pct":0.5408,"line_en":"Xiangjing High-Speed Railway"},{"line":"郑渝高速铁路","won_per_km":0.4961,"afford_pct":0.515,"line_en":"Zhengyu High-Speed Railway"},{"line":"郑渝高速铁路","won_per_km":0.4954,"afford_pct":0.5143,"line_en":"Zhengyu High-Speed Railway"}]},"geometry":{"type":"Point","coordinates":[112.29044560000001,32.0163888]}},{"type":"Feature","properties":{"name":"北京朝阳","name_en":"Beijing Chaoyang","name_zh":"北京朝阳","country":"China","region":"Beijing","gdp_usd":31738,"segments":[{"line":"京哈高速铁路","won_per_km":0.5202,"afford_pct":0.2736,"line_en":"Jingha High-Speed Railway"},{"line":"联络线/城内段","won_per_km":0.535,"afford_pct":0.2814,"line_en":"Lianluoxian/chengneiduan"}]},"geometry":{"type":"Point","coordinates":[116.50241810000001,39.9433162]}},{"type":"Feature","properties":{"name":"淮安东","name_en":"Huai'andong","name_zh":"淮安东","country":"China","region":"Huai'an","gdp_usd":16619,"segments":[{"line":"徐盐高速铁路","won_per_km":0.3962,"afford_pct":0.3979,"line_en":"Xuyan High-Speed Railway"},{"line":"连镇高速铁路","won_per_km":0.4176,"afford_pct":0.4194,"line_en":"Lianzhen High-Speed Railway"}]},"geometry":{"type":"Point","coordinates":[119.1825411,33.5704179]}},{"type":"Feature","properties":{"name":"汕头","name_en":"Shantou","name_zh":"汕头","country":"China","region":"Shantou","gdp_usd":7916,"segments":[{"line":"梅汕高速铁路","won_per_km":0.4765,"afford_pct":1.0047,"line_en":"Meishan High-Speed Railway"},{"line":"甬广高速铁路","won_per_km":0.5662,"afford_pct":1.1939,"line_en":"Yongguang High-Speed Railway"}]},"geometry":{"type":"Point","coordinates":[116.7524295,23.3746875]}},{"type":"Feature","properties":{"name":"深圳","name_en":"Shenzhen","name_zh":"深圳","country":"China","region":"Shenzhen","gdp_usd":28615,"segments":[{"line":"广深城际铁路","won_per_km":0.5068,"afford_pct":0.2956,"line_en":"Guangshen Intercity Railway"}]},"geometry":{"type":"Point","coordinates":[114.11209450000001,22.534276]}},{"type":"Feature","properties":{"name":"蚌埠南","name_en":"Bengbunan","name_zh":"蚌埠南","country":"China","region":"Bengbu","gdp_usd":9863,"segments":[{"line":"京沪高速铁路","won_per_km":0.5204,"afford_pct":0.8807,"line_en":"Jinghu High-Speed Railway"},{"line":"京沪高速铁路","won_per_km":0.4957,"afford_pct":0.8389,"line_en":"Jinghu High-Speed Railway"},{"line":"合蚌高速铁路","won_per_km":0.4572,"afford_pct":0.7737,"line_en":"Hebang High-Speed Railway"}]},"geometry":{"type":"Point","coordinates":[117.4367868,32.9036846]}},{"type":"Feature","properties":{"name":"广元","name_en":"Guangyuan","name_zh":"广元","country":"China","region":"Guangyuan","gdp_usd":7955,"segments":[{"line":"西成高速铁路","won_per_km":0.4316,"afford_pct":0.9056,"line_en":"Xicheng High-Speed Railway"},{"line":"西成高速铁路","won_per_km":0.4317,"afford_pct":0.9058,"line_en":"Xicheng High-Speed Railway"},{"line":"兰渝铁路","won_per_km":0.3697,"afford_pct":0.7757,"line_en":"Lanyu Railway"}]},"geometry":{"type":"Point","coordinates":[105.8179671,32.4526584]}},{"type":"Feature","properties":{"name":"珠海","name_en":"Zhuhai","name_zh":"珠海","country":"China","region":"Zhuhai","gdp_usd":24859,"segments":[{"line":"广珠城际铁路","won_per_km":0.6034,"afford_pct":0.4052,"line_en":"Guangzhu Intercity Railway"},{"line":"珠机城际铁路","won_per_km":0.6667,"afford_pct":0.4477,"line_en":"Zhuji Intercity Railway"}]},"geometry":{"type":"Point","coordinates":[113.54394060000001,22.2180959]}},{"type":"Feature","properties":{"name":"嘉兴南","name_en":"South Jiaxing","name_zh":"嘉兴南","country":"China","region":"Jiaxing","gdp_usd":18816,"segments":[{"line":"沪昆高速铁路","won_per_km":0.498,"afford_pct":0.4418,"line_en":"Hukun High-Speed Railway"}]},"geometry":{"type":"Point","coordinates":[120.795528,30.6932899]}},{"type":"Feature","properties":{"name":"娄底南","name_en":"Loudinan","name_zh":"娄底南","country":"China","region":"Loudi","gdp_usd":7938,"segments":[{"line":"娄邵铁路","won_per_km":0.3693,"afford_pct":0.7766,"line_en":"Loushao Railway"},{"line":"沪昆高速铁路","won_per_km":0.497,"afford_pct":1.0451,"line_en":"Hukun High-Speed Railway"}]},"geometry":{"type":"Point","coordinates":[112.008465,27.6662573]}},{"type":"Feature","properties":{"name":"汉中","name_en":"Hanzhong","name_zh":"汉中","country":"China","region":"Hanzhong","gdp_usd":8856,"segments":[{"line":"西成高速铁路","won_per_km":0.4316,"afford_pct":0.8135,"line_en":"Xicheng High-Speed Railway"}]},"geometry":{"type":"Point","coordinates":[107.02552290000001,33.0929325]}},{"type":"Feature","properties":{"name":"哈尔滨","name_en":"Harbin","name_zh":"哈尔滨","country":"China","region":"Harbin","gdp_usd":8488,"segments":[{"line":"哈齐高速铁路","won_per_km":0.3427,"afford_pct":0.6739,"line_en":"Haqi High-Speed Railway"},{"line":"哈牡高速铁路","won_per_km":0.37,"afford_pct":0.7276,"line_en":"Hamu High-Speed Railway"},{"line":"哈佳铁路","won_per_km":0.366,"afford_pct":0.7198,"line_en":"Hajia Railway"},{"line":"京哈高速铁路","won_per_km":0.4818,"afford_pct":0.9475,"line_en":"Jingha High-Speed Railway"}]},"geometry":{"type":"Point","coordinates":[126.62544650000001,45.7600422]}},{"type":"Feature","properties":{"name":"岳阳东","name_en":"Yueyang East","name_zh":"岳阳东","country":"China","region":"Yueyang","gdp_usd":14295,"segments":[{"line":"京广高速铁路","won_per_km":0.4945,"afford_pct":0.5774,"line_en":"Jingguang High-Speed Railway"}]},"geometry":{"type":"Point","coordinates":[113.2023195,29.3689598]}},{"type":"Feature","properties":{"name":"长春","name_en":"Changchun","name_zh":"长春","country":"China","region":"Changchun","gdp_usd":11675,"segments":[{"line":"长珲城际铁路","won_per_km":0.3079,"afford_pct":0.4402,"line_en":"Zhanghui Intercity Railway"},{"line":"长白铁路","won_per_km":0.3694,"afford_pct":0.5282,"line_en":"Zhangbai Railway"},{"line":"联络线/城内段","won_per_km":0.4256,"afford_pct":0.6085,"line_en":"Lianluoxian/chengneiduan"}]},"geometry":{"type":"Point","coordinates":[125.3177297,43.9088384]}},{"type":"Feature","properties":{"name":"绵阳","name_en":"Mianyang","name_zh":"绵阳","country":"China","region":"Mianyang","gdp_usd":12277,"segments":[{"line":"西成高速铁路","won_per_km":0.4317,"afford_pct":0.5869,"line_en":"Xicheng High-Speed Railway"}]},"geometry":{"type":"Point","coordinates":[104.714631,31.4621298]}},{"type":"Feature","properties":{"name":"湖州","name_en":"Huzhou","name_zh":"","country":"China","region":"Huzhou","gdp_usd":16978,"segments":[{"line":"沪苏湖高速铁路","won_per_km":0.3598,"afford_pct":0.3537,"line_en":"Husuhu High-Speed Railway"},{"line":"宁杭高速铁路","won_per_km":0.5469,"afford_pct":0.5377,"line_en":"Ninghang High-Speed Railway"},{"line":"合杭高速铁路","won_per_km":0.4961,"afford_pct":0.4877,"line_en":"Hehang High-Speed Railway"},{"line":"合杭高速铁路","won_per_km":0.529,"afford_pct":0.5201,"line_en":"Hehang High-Speed Railway"}]},"geometry":{"type":"Point","coordinates":[120.0175765,30.8650941]}},{"type":"Feature","properties":{"name":"泉州","name_en":"Quanzhou","name_zh":"泉州","country":"China","region":"Quanzhou","gdp_usd":20470,"segments":[{"line":"杭深铁路","won_per_km":0.444,"afford_pct":0.3621,"line_en":"Hangshen Railway"}]},"geometry":{"type":"Point","coordinates":[118.5632413,24.9759459]}},{"type":"Feature","properties":{"name":"韶关","name_en":"Shaoguan","name_zh":"韶关","country":"China","region":"Shaoguan","gdp_usd":8024,"segments":[{"line":"京广高速铁路","won_per_km":0.4698,"afford_pct":0.9774,"line_en":"Jingguang High-Speed Railway"}]},"geometry":{"type":"Point","coordinates":[113.5089582,24.753512]}},{"type":"Feature","properties":{"name":"上海南","name_en":"Shanghainan","name_zh":"","country":"China","region":"Shanghai","gdp_usd":30204,"segments":[{"line":"联络线/城内段","won_per_km":0.4693,"afford_pct":0.2594,"line_en":"Lianluoxian/chengneiduan"}]},"geometry":{"type":"Point","coordinates":[121.4248842,31.1550117]}},{"type":"Feature","properties":{"name":"镇江","name_en":"Zhenjiang","name_zh":"镇江","country":"China","region":"Zhenjiang","gdp_usd":23881,"segments":[{"line":"沪宁城际铁路","won_per_km":0.4885,"afford_pct":0.3415,"line_en":"Huning Intercity Railway"},{"line":"连镇高速铁路","won_per_km":0.4176,"afford_pct":0.2919,"line_en":"Lianzhen High-Speed Railway"}]},"geometry":{"type":"Point","coordinates":[119.426989,32.1996564]}},{"type":"Feature","properties":{"name":"阜阳西","name_en":"Fuyangxi","name_zh":"阜阳西","country":"China","region":"Fuyang","gdp_usd":6228,"segments":[{"line":"郑阜高速铁路","won_per_km":0.6304,"afford_pct":1.6896,"line_en":"Zhengfu High-Speed Railway"},{"line":"京港高速铁路","won_per_km":0.4821,"afford_pct":1.2921,"line_en":"Jinggang High-Speed Railway"}]},"geometry":{"type":"Point","coordinates":[115.7476278,32.8849409]}},{"type":"Feature","properties":{"name":"保定东","name_en":"Baoding East","name_zh":"","country":"China","region":"Baoding","gdp_usd":6653,"segments":[{"line":"京广高速铁路","won_per_km":0.4698,"afford_pct":1.1787,"line_en":"Jingguang High-Speed Railway"},{"line":"联络线/城内段","won_per_km":0.4197,"afford_pct":1.053,"line_en":"Lianluoxian/chengneiduan"}]},"geometry":{"type":"Point","coordinates":[115.5957278,38.8634576]}},{"type":"Feature","properties":{"name":"宣城","name_en":"Xuancheng","name_zh":"宣城","country":"China","region":"Xuancheng","gdp_usd":11479,"segments":[{"line":"合杭高速铁路","won_per_km":0.5,"afford_pct":0.7271,"line_en":"Hehang High-Speed Railway"},{"line":"合杭高速铁路","won_per_km":0.4961,"afford_pct":0.7214,"line_en":"Hehang High-Speed Railway"},{"line":"宣绩高速铁路","won_per_km":0.4609,"afford_pct":0.6702,"line_en":"Xuanji High-Speed Railway"}]},"geometry":{"type":"Point","coordinates":[118.7693067,30.9496986]}},{"type":"Feature","properties":{"name":"连云港","name_en":"Lianyungang","name_zh":"连云港","country":"China","region":"Lianyungang","gdp_usd":14138,"segments":[{"line":"徐连高速铁路","won_per_km":0.4865,"afford_pct":0.5744,"line_en":"Xulian High-Speed Railway"},{"line":"青盐铁路","won_per_km":0.3478,"afford_pct":0.4106,"line_en":"Qingyan Railway"},{"line":"青盐铁路","won_per_km":0.3817,"afford_pct":0.4506,"line_en":"Qingyan Railway"},{"line":"连镇高速铁路","won_per_km":0.4176,"afford_pct":0.493,"line_en":"Lianzhen High-Speed Railway"}]},"geometry":{"type":"Point","coordinates":[119.1577915,34.6100545]}},{"type":"Feature","properties":{"name":"张家口","name_en":"Zhangjiakou","name_zh":"张家口","country":"China","region":"Zhangjiakou","gdp_usd":6586,"segments":[{"line":"京包高速铁路","won_per_km":0.5,"afford_pct":1.2673,"line_en":"Jingbao High-Speed Railway"},{"line":"京包高速铁路","won_per_km":0.3688,"afford_pct":0.9348,"line_en":"Jingbao High-Speed Railway"}]},"geometry":{"type":"Point","coordinates":[114.8766144,40.749518]}},{"type":"Feature","properties":{"name":"福田","name_en":"Futian","name_zh":"福田","country":"China","region":"Shenzhen","gdp_usd":28615,"segments":[{"line":"广深港高速铁路","won_per_km":1.9231,"afford_pct":1.1218,"line_en":"Guangshengang High-Speed Railway"}]},"geometry":{"type":"Point","coordinates":[114.0511799,22.5413178]}},{"type":"Feature","properties":{"name":"哈尔滨西","name_en":"Harbin West","name_zh":"哈尔滨西","country":"China","region":"Harbin","gdp_usd":8488,"segments":[{"line":"京哈高速铁路","won_per_km":0.4818,"afford_pct":0.9475,"line_en":"Jingha High-Speed Railway"}]},"geometry":{"type":"Point","coordinates":[126.57232420000001,45.7051442]}},{"type":"Feature","properties":{"name":"曲阜东","name_en":"Qufudong","name_zh":"曲阜东","country":"China","region":"Jining","gdp_usd":9969,"segments":[{"line":"京沪高速铁路","won_per_km":0.5204,"afford_pct":0.8714,"line_en":"Jinghu High-Speed Railway"}]},"geometry":{"type":"Point","coordinates":[117.064341,35.5565465]}},{"type":"Feature","properties":{"name":"张家港","name_en":"Zhangjiagang","name_zh":"","country":"China","region":"Suzhou","gdp_usd":28659,"segments":[{"line":"沪苏通铁路","won_per_km":0.443,"afford_pct":0.258,"line_en":"Husutong Railway"},{"line":"沪宁沿江高速铁路","won_per_km":0.5095,"afford_pct":0.2968,"line_en":"Huningyanjiang High-Speed Railway"}]},"geometry":{"type":"Point","coordinates":[120.6692114,31.8193598]}},{"type":"Feature","properties":{"name":"商丘","name_en":"Shangqiu","name_zh":"商丘","country":"China","region":"Shangqiu","gdp_usd":5955,"segments":[{"line":"徐兰高速铁路","won_per_km":0.4597,"afford_pct":1.2886,"line_en":"Xulan High-Speed Railway"},{"line":"京港高速铁路","won_per_km":0.4821,"afford_pct":1.3514,"line_en":"Jinggang High-Speed Railway"}]},"geometry":{"type":"Point","coordinates":[115.6518561,34.4460585]}},{"type":"Feature","properties":{"name":"普宁","name_en":"Puning","name_zh":"普宁","country":"China","region":"Jieyang","gdp_usd":6208,"segments":[{"line":"杭深铁路","won_per_km":0.4428,"afford_pct":1.1905,"line_en":"Hangshen Railway"}]},"geometry":{"type":"Point","coordinates":[116.194641,23.2694032]}},{"type":"Feature","properties":{"name":"宜昌东","name_en":"Yichangdong","name_zh":"宜昌东","country":"China","region":"Yichang","gdp_usd":21940,"segments":[{"line":"宁蓉铁路","won_per_km":0.375,"afford_pct":0.2853,"line_en":"Ningrong Railway"},{"line":"宁蓉铁路","won_per_km":0.3092,"afford_pct":0.2352,"line_en":"Ningrong Railway"},{"line":"联络线/城内段","won_per_km":0.375,"afford_pct":0.2853,"line_en":"Lianluoxian/chengneiduan"}]},"geometry":{"type":"Point","coordinates":[111.36488240000001,30.6604102]}},{"type":"Feature","properties":{"name":"东莞南","name_en":"Dongguannan","name_zh":"东莞南","country":"China","region":"Dongguan","gdp_usd":16228,"segments":[{"line":"京港高速铁路","won_per_km":0.5906,"afford_pct":0.6075,"line_en":"Jinggang High-Speed Railway"},{"line":"广深城际铁路","won_per_km":0.5068,"afford_pct":0.5213,"line_en":"Guangshen Intercity Railway"}]},"geometry":{"type":"Point","coordinates":[114.063536,22.8480574]}},{"type":"Feature","properties":{"name":"苏州北","name_en":"Suzhoubei","name_zh":"苏州北","country":"China","region":"Suzhou","gdp_usd":28659,"segments":[{"line":"京沪高速铁路","won_per_km":0.4957,"afford_pct":0.2887,"line_en":"Jinghu High-Speed Railway"}]},"geometry":{"type":"Point","coordinates":[120.638926,31.4237197]}},{"type":"Feature","properties":{"name":"济南","name_en":"Jinan","name_zh":"济南","country":"China","region":"Jinan","gdp_usd":19858,"segments":[{"line":"胶济客运专线","won_per_km":0.3766,"afford_pct":0.3166,"line_en":"Jiaoji Passenger Line"},{"line":"联络线/城内段","won_per_km":0.4988,"afford_pct":0.4193,"line_en":"Lianluoxian/chengneiduan"},{"line":"联络线/城内段","won_per_km":0.5163,"afford_pct":0.434,"line_en":"Lianluoxian/chengneiduan"},{"line":"联络线/城内段","won_per_km":0.3693,"afford_pct":0.3104,"line_en":"Lianluoxian/chengneiduan"},{"line":"联络线/城内段","won_per_km":0.4746,"afford_pct":0.3989,"line_en":"Lianluoxian/chengneiduan"}]},"geometry":{"type":"Point","coordinates":[116.9851524,36.6708478]}},{"type":"Feature","properties":{"name":"新乡东","name_en":"Xinxiang East","name_zh":"","country":"China","region":"Xinxiang","gdp_usd":8115,"segments":[{"line":"济郑高速铁路","won_per_km":0.5725,"afford_pct":1.1776,"line_en":"Jizheng High-Speed Railway"},{"line":"京广高速铁路","won_per_km":0.4733,"afford_pct":0.9736,"line_en":"Jingguang High-Speed Railway"}]},"geometry":{"type":"Point","coordinates":[113.9729327,35.3147084]}},{"type":"Feature","properties":{"name":"张家界西","name_en":"Zhangjiajiexi","name_zh":"张家界西","country":"China","region":"Zhangjiajie","gdp_usd":6118,"segments":[{"line":"张吉怀高速铁路","won_per_km":0.5551,"afford_pct":1.5146,"line_en":"Zhangjihuai High-Speed Railway"},{"line":"渝厦高速铁路","won_per_km":0.4932,"afford_pct":1.3457,"line_en":"Yusha High-Speed Railway"},{"line":"渝厦高速铁路","won_per_km":0.5237,"afford_pct":1.4289,"line_en":"Yusha High-Speed Railway"}]},"geometry":{"type":"Point","coordinates":[110.458002,29.1713676]}},{"type":"Feature","properties":{"name":"柳州","name_en":"Liuzhou","name_zh":"柳州","country":"China","region":"Liuzhou","gdp_usd":9891,"segments":[{"line":"衡柳铁路","won_per_km":0.3082,"afford_pct":0.5201,"line_en":"Hengliu Railway"},{"line":"柳南高速铁路","won_per_km":0.4215,"afford_pct":0.7114,"line_en":"Liunan High-Speed Railway"}]},"geometry":{"type":"Point","coordinates":[109.3833252,24.3105845]}},{"type":"Feature","properties":{"name":"赣州西","name_en":"Ganzhouxi","name_zh":"赣州西","country":"China","region":"Ganzhou","gdp_usd":7657,"segments":[{"line":"京港高速铁路","won_per_km":0.4877,"afford_pct":1.0631,"line_en":"Jinggang High-Speed Railway"},{"line":"京港高速铁路","won_per_km":0.5906,"afford_pct":1.2875,"line_en":"Jinggang High-Speed Railway"}]},"geometry":{"type":"Point","coordinates":[114.8109169,25.8232973]}},{"type":"Feature","properties":{"name":"大同南","name_en":"Datongnan","name_zh":"","country":"China","region":"Datong","gdp_usd":8181,"segments":[{"line":"乌大高速铁路","won_per_km":0.4553,"afford_pct":0.929,"line_en":"Wuda High-Speed Railway"},{"line":"张大高速铁路","won_per_km":0.4463,"afford_pct":0.9106,"line_en":"Zhangda High-Speed Railway"},{"line":"大西高速铁路","won_per_km":0.3468,"afford_pct":0.7076,"line_en":"Daxi High-Speed Railway"}]},"geometry":{"type":"Point","coordinates":[113.3581164,40.0435567]}},{"type":"Feature","properties":{"name":"宝鸡南","name_en":"Baoji South","name_zh":"宝鸡南","country":"China","region":"Baoji","gdp_usd":11727,"segments":[{"line":"徐兰高速铁路","won_per_km":0.3174,"afford_pct":0.4518,"line_en":"Xulan High-Speed Railway"},{"line":"徐兰高速铁路","won_per_km":0.3766,"afford_pct":0.5361,"line_en":"Xulan High-Speed Railway"}]},"geometry":{"type":"Point","coordinates":[107.22787140000001,34.3356447]}},{"type":"Feature","properties":{"name":"惠阳","name_en":"Huiyang","name_zh":"惠阳","country":"China","region":"Huizhou","gdp_usd":14004,"segments":[{"line":"杭深铁路","won_per_km":0.4428,"afford_pct":0.5278,"line_en":"Hangshen Railway"}]},"geometry":{"type":"Point","coordinates":[114.4879114,22.7866481]}},{"type":"Feature","properties":{"name":"遵义","name_en":"Zunyi","name_zh":"遵义","country":"China","region":"Zunyi","gdp_usd":10696,"segments":[{"line":"渝贵铁路","won_per_km":0.4006,"afford_pct":0.6251,"line_en":"Yugui Railway"}]},"geometry":{"type":"Point","coordinates":[106.9443526,27.6677199]}},{"type":"Feature","properties":{"name":"小榄","name_en":"Xiaolan","name_zh":"","country":"China","region":"Zhongshan","gdp_usd":12875,"segments":[{"line":"广珠城际铁路","won_per_km":0.6034,"afford_pct":0.7823,"line_en":"Guangzhu Intercity Railway"},{"line":"广珠城际江门支线","won_per_km":0.6,"afford_pct":0.7779,"line_en":"Guangzhuchengjijiangmen Branch Line"}]},"geometry":{"type":"Point","coordinates":[113.2645825,22.6505591]}},{"type":"Feature","properties":{"name":"长春西","name_en":"Changchunxi","name_zh":"","country":"China","region":"Changchun","gdp_usd":11675,"segments":[{"line":"京哈高速铁路","won_per_km":0.4966,"afford_pct":0.71,"line_en":"Jingha High-Speed Railway"},{"line":"京哈高速铁路","won_per_km":0.4818,"afford_pct":0.6889,"line_en":"Jingha High-Speed Railway"},{"line":"联络线/城内段","won_per_km":0.4256,"afford_pct":0.6085,"line_en":"Lianluoxian/chengneiduan"}]},"geometry":{"type":"Point","coordinates":[125.19390410000001,43.8749384]}},{"type":"Feature","properties":{"name":"荆州","name_en":"Jingzhou","name_zh":"","country":"China","region":"Jingzhou","gdp_usd":9508,"segments":[{"line":"荆荆高速铁路","won_per_km":0.6456,"afford_pct":1.1335,"line_en":"Jingjing High-Speed Railway"},{"line":"宁蓉铁路","won_per_km":0.402,"afford_pct":0.7058,"line_en":"Ningrong Railway"},{"line":"宁蓉铁路","won_per_km":0.375,"afford_pct":0.6584,"line_en":"Ningrong Railway"}]},"geometry":{"type":"Point","coordinates":[112.2074419,30.372574]}},{"type":"Feature","properties":{"name":"吉林","name_en":"Jilin","name_zh":"吉林","country":"China","region":"Jilin City","gdp_usd":6470,"segments":[{"line":"长珲城际铁路","won_per_km":0.3079,"afford_pct":0.7944,"line_en":"Zhanghui Intercity Railway"}]},"geometry":{"type":"Point","coordinates":[126.57145190000001,43.8563018]}},{"type":"Feature","properties":{"name":"清河","name_en":"Qinghe","name_zh":"","country":"China","region":"Beijing","gdp_usd":31738,"segments":[{"line":"京包高速铁路","won_per_km":0.5,"afford_pct":0.263,"line_en":"Jingbao High-Speed Railway"},{"line":"京包高速铁路","won_per_km":0.3768,"afford_pct":0.1982,"line_en":"Jingbao High-Speed Railway"}]},"geometry":{"type":"Point","coordinates":[116.30909310000001,40.0400025]}},{"type":"Feature","properties":{"name":"信阳东","name_en":"Xinyang East","name_zh":"","country":"China","region":"Xinyang","gdp_usd":7096,"segments":[{"line":"京广高速铁路","won_per_km":0.4646,"afford_pct":1.093,"line_en":"Jingguang High-Speed Railway"}]},"geometry":{"type":"Point","coordinates":[114.1543869,32.1459152]}},{"type":"Feature","properties":{"name":"东莞","name_en":"Dongguan","name_zh":"东莞","country":"China","region":"Dongguan","gdp_usd":16228,"segments":[{"line":"广深城际铁路","won_per_km":0.5068,"afford_pct":0.5213,"line_en":"Guangshen Intercity Railway"}]},"geometry":{"type":"Point","coordinates":[113.8544198,23.0912292]}},{"type":"Feature","properties":{"name":"呼和浩特东","name_en":"Hohhot East","name_zh":"呼和浩特东","country":"China","region":"Hohhot","gdp_usd":15774,"segments":[{"line":"京包高速铁路","won_per_km":0.3688,"afford_pct":0.3903,"line_en":"Jingbao High-Speed Railway"}]},"geometry":{"type":"Point","coordinates":[111.7582244,40.8497206]}},{"type":"Feature","properties":{"name":"唐山","name_en":"Tangshan","name_zh":"唐山","country":"China","region":"Tangshan","gdp_usd":18023,"segments":[{"line":"津秦高速铁路","won_per_km":0.4586,"afford_pct":0.4247,"line_en":"Jinqin High-Speed Railway"},{"line":"京唐城际铁路","won_per_km":0.5497,"afford_pct":0.5091,"line_en":"Jingtang Intercity Railway"}]},"geometry":{"type":"Point","coordinates":[118.1116984,39.6242388]}},{"type":"Feature","properties":{"name":"宜兴","name_en":"Yixing","name_zh":"","country":"China","region":"Wuxi","gdp_usd":30163,"segments":[{"line":"宁杭高速铁路","won_per_km":0.5469,"afford_pct":0.3027,"line_en":"Ninghang High-Speed Railway"}]},"geometry":{"type":"Point","coordinates":[119.80867370000001,31.3142872]}},{"type":"Feature","properties":{"name":"青岛","name_en":"Qingdao","name_zh":"","country":"China","region":"Qingdao","gdp_usd":22347,"segments":[{"line":"胶济客运专线","won_per_km":0.3766,"afford_pct":0.2813,"line_en":"Jiaoji Passenger Line"}]},"geometry":{"type":"Point","coordinates":[120.3074598,36.0630982]}},{"type":"Feature","properties":{"name":"天水南","name_en":"Tianshui South","name_zh":"天水南","country":"China","region":"Tianshui","gdp_usd":4568,"segments":[{"line":"徐兰高速铁路","won_per_km":0.3766,"afford_pct":1.376,"line_en":"Xulan High-Speed Railway"}]},"geometry":{"type":"Point","coordinates":[105.8523245,34.5510165]}},{"type":"Feature","properties":{"name":"常州北","name_en":"Changzhoubei","name_zh":"","country":"China","region":"Changzhou","gdp_usd":27956,"segments":[{"line":"京沪高速铁路","won_per_km":0.4957,"afford_pct":0.296,"line_en":"Jinghu High-Speed Railway"}]},"geometry":{"type":"Point","coordinates":[119.9507159,31.8561082]}},{"type":"Feature","properties":{"name":"梧州南","name_en":"Wuzhounan","name_zh":"梧州南","country":"China","region":"Wuzhou","gdp_usd":7974,"segments":[{"line":"南广铁路","won_per_km":0.4448,"afford_pct":0.9311,"line_en":"Nanguang Railway"},{"line":"南广铁路","won_per_km":0.4431,"afford_pct":0.9276,"line_en":"Nanguang Railway"}]},"geometry":{"type":"Point","coordinates":[111.217319,23.3956042]}},{"type":"Feature","properties":{"name":"金华","name_en":"Jinhua Railway Station","name_zh":"","country":"China","region":"Jinhua","gdp_usd":13406,"segments":[{"line":"沪昆高速铁路","won_per_km":0.498,"afford_pct":0.6201,"line_en":"Hukun High-Speed Railway"}]},"geometry":{"type":"Point","coordinates":[119.6312213,29.1142792]}},{"type":"Feature","properties":{"name":"德阳","name_en":"Deyang","name_zh":"德阳","country":"China","region":"Deyang","gdp_usd":13151,"segments":[{"line":"西成高速铁路","won_per_km":0.4317,"afford_pct":0.548,"line_en":"Xicheng High-Speed Railway"}]},"geometry":{"type":"Point","coordinates":[104.38641170000001,31.1683508]}},{"type":"Feature","properties":{"name":"扬州东","name_en":"Yangzhoudong","name_zh":"扬州东","country":"China","region":"Yangzhou","gdp_usd":23689,"segments":[{"line":"连镇高速铁路","won_per_km":0.4176,"afford_pct":0.2943,"line_en":"Lianzhen High-Speed Railway"}]},"geometry":{"type":"Point","coordinates":[119.5233197,32.4066134]}},{"type":"Feature","properties":{"name":"盐城","name_en":"Yancheng","name_zh":"盐城","country":"China","region":"Yancheng","gdp_usd":16199,"segments":[{"line":"青盐铁路","won_per_km":0.3817,"afford_pct":0.3933,"line_en":"Qingyan Railway"},{"line":"盐通高速铁路","won_per_km":0.4937,"afford_pct":0.5087,"line_en":"Yantong High-Speed Railway"},{"line":"徐盐高速铁路","won_per_km":0.3962,"afford_pct":0.4083,"line_en":"Xuyan High-Speed Railway"}]},"geometry":{"type":"Point","coordinates":[120.1796099,33.374672]}},{"type":"Feature","properties":{"name":"日照西","name_en":"Rizhaoxi","name_zh":"","country":"China","region":"Rizhao","gdp_usd":12135,"segments":[{"line":"青盐铁路","won_per_km":0.3478,"afford_pct":0.4784,"line_en":"Qingyan Railway"},{"line":"日兰高速铁路","won_per_km":0.536,"afford_pct":0.7373,"line_en":"Rilan High-Speed Railway"},{"line":"联络线/城内段","won_per_km":0.4419,"afford_pct":0.6079,"line_en":"Lianluoxian/chengneiduan"}]},"geometry":{"type":"Point","coordinates":[119.4141555,35.3902963]}},{"type":"Feature","properties":{"name":"贵阳东","name_en":"Guiyangdong","name_zh":"贵阳东","country":"China","region":"Guiyang","gdp_usd":12359,"segments":[{"line":"贵南高速铁路","won_per_km":0.4704,"afford_pct":0.6353,"line_en":"Guinan High-Speed Railway"},{"line":"成贵高速铁路","won_per_km":0.4537,"afford_pct":0.6128,"line_en":"Chenggui High-Speed Railway"},{"line":"贵广高速铁路","won_per_km":0.4372,"afford_pct":0.5905,"line_en":"Guiguang High-Speed Railway"},{"line":"沪昆高速铁路","won_per_km":0.4813,"afford_pct":0.6501,"line_en":"Hukun High-Speed Railway"},{"line":"联络线/城内段","won_per_km":0.4537,"afford_pct":0.6128,"line_en":"Lianluoxian/chengneiduan"},{"line":"联络线/城内段","won_per_km":0.462,"afford_pct":0.624,"line_en":"Lianluoxian/chengneiduan"}]},"geometry":{"type":"Point","coordinates":[106.7407259,26.6676326]}},{"type":"Feature","properties":{"name":"郑州","name_en":"Zhengzhou","name_zh":"郑州","country":"China","region":"Zhengzhou","gdp_usd":15494,"segments":[{"line":"郑太高速铁路","won_per_km":0.4908,"afford_pct":0.5288,"line_en":"Zhengtai High-Speed Railway"},{"line":"联络线/城内段","won_per_km":0.4646,"afford_pct":0.5005,"line_en":"Lianluoxian/chengneiduan"},{"line":"联络线/城内段","won_per_km":0.4762,"afford_pct":0.513,"line_en":"Lianluoxian/chengneiduan"}]},"geometry":{"type":"Point","coordinates":[113.65366630000001,34.7475076]}},{"type":"Feature","properties":{"name":"沧州西","name_en":"Cangzhouxi","name_zh":"沧州西","country":"China","region":"Cangzhou","gdp_usd":9066,"segments":[{"line":"京沪高速铁路","won_per_km":0.5123,"afford_pct":0.9432,"line_en":"Jinghu High-Speed Railway"}]},"geometry":{"type":"Point","coordinates":[116.76196270000001,38.3062792]}},{"type":"Feature","properties":{"name":"厦门","name_en":"Xiamen","name_zh":"厦门","country":"China","region":"Xiamen","gdp_usd":22380,"segments":[{"line":"鹰厦铁路","won_per_km":0.3226,"afford_pct":0.2406,"line_en":"Yingsha Railway"},{"line":"联络线/城内段","won_per_km":0.3833,"afford_pct":0.2859,"line_en":"Lianluoxian/chengneiduan"}]},"geometry":{"type":"Point","coordinates":[118.1110988,24.4703348]}},{"type":"Feature","properties":{"name":"潍坊","name_en":"Weifang","name_zh":"潍坊","country":"China","region":"Weifang","gdp_usd":12243,"segments":[{"line":"胶济客运专线","won_per_km":0.3766,"afford_pct":0.5134,"line_en":"Jiaoji Passenger Line"}]},"geometry":{"type":"Point","coordinates":[119.09153130000001,36.6961413]}},{"type":"Feature","properties":{"name":"无锡东","name_en":"Wuxidong Railway Station","name_zh":"","country":"China","region":"Wuxi","gdp_usd":30163,"segments":[{"line":"京沪高速铁路","won_per_km":0.4957,"afford_pct":0.2743,"line_en":"Jinghu High-Speed Railway"}]},"geometry":{"type":"Point","coordinates":[120.4554867,31.5988147]}},{"type":"Feature","properties":{"name":"六安","name_en":"Lu'an","name_zh":"六安","country":"China","region":"Lu'an","gdp_usd":7424,"segments":[{"line":"宁蓉铁路","won_per_km":0.3992,"afford_pct":0.8976,"line_en":"Ningrong Railway"}]},"geometry":{"type":"Point","coordinates":[116.49446370000001,31.7169969]}},{"type":"Feature","properties":{"name":"义乌","name_en":"Yiwu","name_zh":"义乌","country":"China","region":"Jinhua","gdp_usd":13406,"segments":[{"line":"杭温高速铁路","won_per_km":0.523,"afford_pct":0.6512,"line_en":"Hangwen High-Speed Railway"},{"line":"沪昆高速铁路","won_per_km":0.498,"afford_pct":0.6201,"line_en":"Hukun High-Speed Railway"}]},"geometry":{"type":"Point","coordinates":[120.0387041,29.3808375]}},{"type":"Feature","properties":{"name":"苏州南","name_en":"Suzhounan","name_zh":"","country":"China","region":"Suzhou","gdp_usd":28659,"segments":[{"line":"沪苏湖高速铁路","won_per_km":0.3598,"afford_pct":0.2096,"line_en":"Husuhu High-Speed Railway"}]},"geometry":{"type":"Point","coordinates":[120.7949403,31.0655557]}},{"type":"Feature","properties":{"name":"乐山","name_en":"Leshan","name_zh":"乐山","country":"China","region":"Leshan","gdp_usd":11183,"segments":[{"line":"成贵高速铁路","won_per_km":0.4537,"afford_pct":0.6772,"line_en":"Chenggui High-Speed Railway"},{"line":"峨眉山线","won_per_km":0.3704,"afford_pct":0.5529,"line_en":"Emeishan Line"}]},"geometry":{"type":"Point","coordinates":[103.7096769,29.6045812]}},{"type":"Feature","properties":{"name":"株洲西","name_en":"Zhuzhouxi","name_zh":"株洲西","country":"China","region":"Zhuzhou","gdp_usd":14118,"segments":[{"line":"京广高速铁路","won_per_km":0.4915,"afford_pct":0.5811,"line_en":"Jingguang High-Speed Railway"}]},"geometry":{"type":"Point","coordinates":[113.0628364,27.7939475]}},{"type":"Feature","properties":{"name":"郑州航空港","name_en":"Zhengzhou Hangkonggang","name_zh":"郑州航空港","country":"China","region":"Zhengzhou","gdp_usd":15494,"segments":[{"line":"郑阜高速铁路","won_per_km":0.6304,"afford_pct":0.6792,"line_en":"Zhengfu High-Speed Railway"},{"line":"郑机城际铁路","won_per_km":0.4615,"afford_pct":0.4972,"line_en":"Zhengji Intercity Railway"},{"line":"郑渝高速铁路","won_per_km":0.4961,"afford_pct":0.5345,"line_en":"Zhengyu High-Speed Railway"}]},"geometry":{"type":"Point","coordinates":[113.9268911,34.4891618]}},{"type":"Feature","properties":{"name":"中山","name_en":"Zhongshan","name_zh":"","country":"China","region":"Zhongshan","gdp_usd":12875,"segments":[{"line":"广珠城际铁路","won_per_km":0.6034,"afford_pct":0.7823,"line_en":"Guangzhu Intercity Railway"}]},"geometry":{"type":"Point","coordinates":[113.42824010000001,22.5467069]}},{"type":"Feature","properties":{"name":"南京","name_en":"Nanjing","name_zh":"南京","country":"China","region":"Nanjing","gdp_usd":26914,"segments":[{"line":"沪宁城际铁路","won_per_km":0.4885,"afford_pct":0.303,"line_en":"Huning Intercity Railway"},{"line":"宁启铁路","won_per_km":0.3721,"afford_pct":0.2308,"line_en":"Ningqi Railway"}]},"geometry":{"type":"Point","coordinates":[118.79174630000001,32.0887235]}},{"type":"Feature","properties":{"name":"太仓","name_en":"Taicang","name_zh":"","country":"China","region":"Suzhou","gdp_usd":28659,"segments":[{"line":"沪苏通铁路","won_per_km":0.443,"afford_pct":0.258,"line_en":"Husutong Railway"}]},"geometry":{"type":"Point","coordinates":[121.1917434,31.5135736]}},{"type":"Feature","properties":{"name":"三亚","name_en":"Sanya","name_zh":"三亚","country":"China","region":"Sanya","gdp_usd":12522,"segments":[{"line":"海南东环铁路","won_per_km":0.419,"afford_pct":0.5585,"line_en":"Hainandonghuan Railway"},{"line":"海南西环铁路","won_per_km":0.3287,"afford_pct":0.4382,"line_en":"Hainanxihuan Railway"}]},"geometry":{"type":"Point","coordinates":[109.4886823,18.2986924]}},{"type":"Feature","properties":{"name":"常熟","name_en":"Changshu","name_zh":"","country":"China","region":"Suzhou","gdp_usd":28659,"segments":[{"line":"沪苏通铁路","won_per_km":0.443,"afford_pct":0.258,"line_en":"Husutong Railway"}]},"geometry":{"type":"Point","coordinates":[120.7761351,31.699229]}},{"type":"Feature","properties":{"name":"淄博","name_en":"Zibo","name_zh":"淄博","country":"China","region":"Zibo","gdp_usd":14594,"segments":[{"line":"胶济客运专线","won_per_km":0.3766,"afford_pct":0.4308,"line_en":"Jiaoji Passenger Line"}]},"geometry":{"type":"Point","coordinates":[118.0503244,36.7868463]}},{"type":"Feature","properties":{"name":"吉安西","name_en":"Ji'anxi","name_zh":"吉安西","country":"China","region":"Ji'an","gdp_usd":9289,"segments":[{"line":"京港高速铁路","won_per_km":0.4877,"afford_pct":0.8764,"line_en":"Jinggang High-Speed Railway"}]},"geometry":{"type":"Point","coordinates":[114.92839040000001,27.1394697]}},{"type":"Feature","properties":{"name":"承德南","name_en":"Chengdenan","name_zh":"承德南","country":"China","region":"Chengde","gdp_usd":8309,"segments":[{"line":"京哈高速铁路","won_per_km":0.5202,"afford_pct":1.0451,"line_en":"Jingha High-Speed Railway"}]},"geometry":{"type":"Point","coordinates":[117.9583137,40.8827849]}},{"type":"Feature","properties":{"name":"安庆","name_en":"Anqing","name_zh":"安庆","country":"China","region":"Anqing","gdp_usd":10688,"segments":[{"line":"宁安城际铁路","won_per_km":0.4008,"afford_pct":0.626,"line_en":"Ningan Intercity Railway"},{"line":"宁安城际铁路","won_per_km":0.3793,"afford_pct":0.5924,"line_en":"Ningan Intercity Railway"}]},"geometry":{"type":"Point","coordinates":[117.06005150000001,30.5515037]}},{"type":"Feature","properties":{"name":"海口东","name_en":"Haikou East","name_zh":"海口东","country":"China","region":"Haikou","gdp_usd":14904,"segments":[{"line":"海南东环铁路","won_per_km":0.419,"afford_pct":0.4693,"line_en":"Hainandonghuan Railway"},{"line":"海南西环铁路","won_per_km":0.3287,"afford_pct":0.3681,"line_en":"Hainanxihuan Railway"}]},"geometry":{"type":"Point","coordinates":[110.3378669,19.985553]}},{"type":"Feature","properties":{"name":"绍兴北","name_en":"Shaoxingbei","name_zh":"绍兴北","country":"China","region":"Shaoxing","gdp_usd":21511,"segments":[{"line":"杭台高速铁路","won_per_km":0.5,"afford_pct":0.388,"line_en":"Hangtai High-Speed Railway"},{"line":"杭深铁路","won_per_km":0.4645,"afford_pct":0.3604,"line_en":"Hangshen Railway"}]},"geometry":{"type":"Point","coordinates":[120.5344524,30.1021573]}},{"type":"Feature","properties":{"name":"银川","name_en":"Yinchuan","name_zh":"","country":"China","region":"Yinchuan","gdp_usd":14045,"segments":[{"line":"包银高速铁路","won_per_km":0.4295,"afford_pct":0.5105,"line_en":"Baoyin High-Speed Railway"},{"line":"银兰高速铁路","won_per_km":0.4216,"afford_pct":0.5011,"line_en":"Yinlan High-Speed Railway"}]},"geometry":{"type":"Point","coordinates":[106.1686188,38.4916812]}},{"type":"Feature","properties":{"name":"桂林北","name_en":"Guilinbei","name_zh":"桂林北","country":"China","region":"Guilin","gdp_usd":7082,"segments":[{"line":"衡柳铁路","won_per_km":0.3082,"afford_pct":0.7264,"line_en":"Hengliu Railway"}]},"geometry":{"type":"Point","coordinates":[110.2981859,25.33146]}},{"type":"Feature","properties":{"name":"安顺西","name_en":"Anshunxi","name_zh":"","country":"China","region":"Anshun","gdp_usd":6701,"segments":[{"line":"沪昆高速铁路","won_per_km":0.4644,"afford_pct":1.1569,"line_en":"Hukun High-Speed Railway"},{"line":"安六高速铁路","won_per_km":0.487,"afford_pct":1.2132,"line_en":"Anliu High-Speed Railway"}]},"geometry":{"type":"Point","coordinates":[105.8723451,26.2021337]}},{"type":"Feature","properties":{"name":"淮南南","name_en":"Huainannan","name_zh":"淮南南","country":"China","region":"Hefei","gdp_usd":18927,"segments":[{"line":"京港高速铁路","won_per_km":0.4821,"afford_pct":0.4252,"line_en":"Jinggang High-Speed Railway"}]},"geometry":{"type":"Point","coordinates":[117.0359185,32.5442515]}},{"type":"Feature","properties":{"name":"余姚北","name_en":"Yuyaobei","name_zh":"","country":"China","region":"Ningbo","gdp_usd":25926,"segments":[{"line":"杭深铁路","won_per_km":0.4645,"afford_pct":0.2991,"line_en":"Hangshen Railway"}]},"geometry":{"type":"Point","coordinates":[121.16371210000001,30.1008272]}},{"type":"Feature","properties":{"name":"邯郸东","name_en":"Handandong","name_zh":"","country":"China","region":"Handan","gdp_usd":7130,"segments":[{"line":"京广高速铁路","won_per_km":0.4733,"afford_pct":1.108,"line_en":"Jingguang High-Speed Railway"}]},"geometry":{"type":"Point","coordinates":[114.5531572,36.6198074]}},{"type":"Feature","properties":{"name":"深圳坪山","name_en":"Shenzhenpingshan","name_zh":"深圳坪山","country":"China","region":"Shenzhen","gdp_usd":28615,"segments":[{"line":"杭深铁路","won_per_km":0.4428,"afford_pct":0.2583,"line_en":"Hangshen Railway"}]},"geometry":{"type":"Point","coordinates":[114.3221962,22.7103736]}},{"type":"Feature","properties":{"name":"江门","name_en":"Jiangmen","name_zh":"江门","country":"China","region":"Jiangmen","gdp_usd":12144,"segments":[{"line":"深湛铁路","won_per_km":0.5378,"afford_pct":0.7392,"line_en":"Shenzhan Railway"},{"line":"广珠城际江门支线","won_per_km":0.6,"afford_pct":0.8247,"line_en":"Guangzhuchengjijiangmen Branch Line"}]},"geometry":{"type":"Point","coordinates":[113.0653353,22.4910006]}},{"type":"Feature","properties":{"name":"萍乡北","name_en":"Pingxiang North","name_zh":"萍乡北","country":"China","region":"Pingxiang","gdp_usd":9365,"segments":[{"line":"沪昆高速铁路","won_per_km":0.4942,"afford_pct":0.8808,"line_en":"Hukun High-Speed Railway"}]},"geometry":{"type":"Point","coordinates":[113.8422996,27.6874541]}},{"type":"Feature","properties":{"name":"南平市","name_en":"Nanpingshi","name_zh":"","country":"China","region":"Nanping","gdp_usd":11085,"segments":[{"line":"合福高速铁路","won_per_km":0.4588,"afford_pct":0.6909,"line_en":"Hefu High-Speed Railway"}]},"geometry":{"type":"Point","coordinates":[118.0884673,27.4758755]}},{"type":"Feature","properties":{"name":"天津南","name_en":"Tianjinnan","name_zh":"天津南","country":"China","region":"Tianjin","gdp_usd":18381,"segments":[{"line":"京沪高速铁路","won_per_km":0.5123,"afford_pct":0.4652,"line_en":"Jinghu High-Speed Railway"},{"line":"联络线/城内段","won_per_km":0.4586,"afford_pct":0.4165,"line_en":"Lianluoxian/chengneiduan"}]},"geometry":{"type":"Point","coordinates":[117.0545009,39.0561008]}},{"type":"Feature","properties":{"name":"景德镇北","name_en":"Jingdezhenbei","name_zh":"","country":"China","region":"Jingdezhen","gdp_usd":10143,"segments":[{"line":"杭昌高速铁路","won_per_km":0.5417,"afford_pct":0.8915,"line_en":"Hangchang High-Speed Railway"},{"line":"衢九铁路","won_per_km":0.4022,"afford_pct":0.6619,"line_en":"Qujiu Railway"},{"line":"衢九铁路","won_per_km":0.3709,"afford_pct":0.6104,"line_en":"Qujiu Railway"}]},"geometry":{"type":"Point","coordinates":[117.2376217,29.3416354]}},{"type":"Feature","properties":{"name":"鹰潭北","name_en":"Yingtan North","name_zh":"鹰潭北","country":"China","region":"Yingtan","gdp_usd":16769,"segments":[{"line":"沪昆高速铁路","won_per_km":0.4979,"afford_pct":0.4956,"line_en":"Hukun High-Speed Railway"}]},"geometry":{"type":"Point","coordinates":[117.0338664,28.3087644]}},{"type":"Feature","properties":{"name":"贵港","name_en":"Guigang","name_zh":"贵港","country":"China","region":"Guigang","gdp_usd":5072,"segments":[{"line":"南广铁路","won_per_km":0.4448,"afford_pct":1.4638,"line_en":"Nanguang Railway"},{"line":"黎湛铁路","won_per_km":0.308,"afford_pct":1.0136,"line_en":"Lizhan Railway"}]},"geometry":{"type":"Point","coordinates":[109.609059,23.1028466]}},{"type":"Feature","properties":{"name":"秦皇岛","name_en":"Qinhuangdao","name_zh":"秦皇岛","country":"China","region":"Qinhuangdao","gdp_usd":9522,"segments":[{"line":"秦沈客运专线","won_per_km":0.3259,"afford_pct":0.5713,"line_en":"Qinshen Passenger Line"},{"line":"津秦高速铁路","won_per_km":0.4586,"afford_pct":0.8039,"line_en":"Jinqin High-Speed Railway"}]},"geometry":{"type":"Point","coordinates":[119.58631910000001,39.9648614]}},{"type":"Feature","properties":{"name":"大连北","name_en":"Dalianbei","name_zh":"大连北","country":"China","region":"Dalian","gdp_usd":17553,"segments":[{"line":"沈大高速铁路","won_per_km":0.4582,"afford_pct":0.4357,"line_en":"Shenda High-Speed Railway"},{"line":"丹大铁路","won_per_km":0.3908,"afford_pct":0.3716,"line_en":"Danda Railway"},{"line":"联络线/城内段","won_per_km":0.4245,"afford_pct":0.4037,"line_en":"Lianluoxian/chengneiduan"}]},"geometry":{"type":"Point","coordinates":[121.60240080000001,39.0157452]}},{"type":"Feature","properties":{"name":"乌兰察布","name_en":"Wulanchabu","name_zh":"乌兰察布","country":"China","region":"Ulanqab","gdp_usd":10622,"segments":[{"line":"京包高速铁路","won_per_km":0.3688,"afford_pct":0.5795,"line_en":"Jingbao High-Speed Railway"},{"line":"乌大高速铁路","won_per_km":0.4553,"afford_pct":0.7155,"line_en":"Wuda High-Speed Railway"}]},"geometry":{"type":"Point","coordinates":[113.1523899,40.963263]}},{"type":"Feature","properties":{"name":"北京北","name_en":"Beijingbei","name_zh":"北京北","country":"China","region":"Beijing","gdp_usd":31738,"segments":[{"line":"京包高速铁路","won_per_km":0.5,"afford_pct":0.263,"line_en":"Jingbao High-Speed Railway"},{"line":"京包高速铁路","won_per_km":0.3768,"afford_pct":0.1982,"line_en":"Jingbao High-Speed Railway"}]},"geometry":{"type":"Point","coordinates":[116.34618660000001,39.9459061]}},{"type":"Feature","properties":{"name":"驻马店西","name_en":"Zhumadianxi","name_zh":"","country":"China","region":"Zhumadian","gdp_usd":6929,"segments":[{"line":"京广高速铁路","won_per_km":0.4646,"afford_pct":1.1193,"line_en":"Jingguang High-Speed Railway"}]},"geometry":{"type":"Point","coordinates":[113.97263740000001,33.0025565]}},{"type":"Feature","properties":{"name":"丹阳","name_en":"Danyang","name_zh":"","country":"China","region":"Zhenjiang","gdp_usd":23881,"segments":[{"line":"沪宁城际铁路","won_per_km":0.4885,"afford_pct":0.3415,"line_en":"Huning Intercity Railway"}]},"geometry":{"type":"Point","coordinates":[119.58852390000001,32.0039885]}},{"type":"Feature","properties":{"name":"华山北","name_en":"Huashan North","name_zh":"华山北","country":"China","region":"Weinan","gdp_usd":6548,"segments":[{"line":"徐兰高速铁路","won_per_km":0.4579,"afford_pct":1.1673,"line_en":"Xulan High-Speed Railway"}]},"geometry":{"type":"Point","coordinates":[110.0930339,34.5832012]}},{"type":"Feature","properties":{"name":"湘潭北","name_en":"Xiangtan North","name_zh":"","country":"China","region":"Xiangtan","gdp_usd":15254,"segments":[{"line":"沪昆高速铁路","won_per_km":0.497,"afford_pct":0.5438,"line_en":"Hukun High-Speed Railway"}]},"geometry":{"type":"Point","coordinates":[112.93692890000001,27.9687909]}},{"type":"Feature","properties":{"name":"南阳东","name_en":"Nanyang east railway station","name_zh":"","country":"China","region":"Nanyang","gdp_usd":7163,"segments":[{"line":"郑渝高速铁路","won_per_km":0.4961,"afford_pct":1.1561,"line_en":"Zhengyu High-Speed Railway"}]},"geometry":{"type":"Point","coordinates":[112.65587810000001,32.9527068]}},{"type":"Feature","properties":{"name":"湛江北","name_en":"Zhanjiangbei","name_zh":"","country":"China","region":"Zhanjiang","gdp_usd":7524,"segments":[{"line":"广湛高速铁路","won_per_km":0.655,"afford_pct":1.4532,"line_en":"Guangzhan High-Speed Railway"}]},"geometry":{"type":"Point","coordinates":[110.3533215,21.2210582]}},{"type":"Feature","properties":{"name":"龙岩","name_en":"Longyan","name_zh":"龙岩","country":"China","region":"Longyan","gdp_usd":17675,"segments":[{"line":"龙龙高速铁路","won_per_km":0.462,"afford_pct":0.4363,"line_en":"Longlong High-Speed Railway"},{"line":"南龙铁路","won_per_km":0.3979,"afford_pct":0.3758,"line_en":"Nanlong Railway"},{"line":"赣瑞龙铁路","won_per_km":0.3653,"afford_pct":0.345,"line_en":"Ganruilong Railway"},{"line":"龙漳铁路","won_per_km":0.307,"afford_pct":0.2899,"line_en":"Longzhang Railway"}]},"geometry":{"type":"Point","coordinates":[117.0005603,25.1000121]}},{"type":"Feature","properties":{"name":"都匀东","name_en":"Duyundong","name_zh":"都匀东","country":"China","region":"Qiannan Prefecture","gdp_usd":7762,"segments":[{"line":"贵南高速铁路","won_per_km":0.4704,"afford_pct":1.0116,"line_en":"Guinan High-Speed Railway"},{"line":"贵广高速铁路","won_per_km":0.4372,"afford_pct":0.9402,"line_en":"Guiguang High-Speed Railway"}]},"geometry":{"type":"Point","coordinates":[107.5812782,26.1704167]}},{"type":"Feature","properties":{"name":"渭南北","name_en":"Weinan North","name_zh":"渭南北","country":"China","region":"Weinan","gdp_usd":6548,"segments":[{"line":"徐兰高速铁路","won_per_km":0.4579,"afford_pct":1.1673,"line_en":"Xulan High-Speed Railway"},{"line":"大西高速铁路","won_per_km":0.3163,"afford_pct":0.8063,"line_en":"Daxi High-Speed Railway"}]},"geometry":{"type":"Point","coordinates":[109.4758783,34.5368984]}},{"type":"Feature","properties":{"name":"咸宁北","name_en":"Xianningbei","name_zh":"","country":"China","region":"Xianning","gdp_usd":10386,"segments":[{"line":"京广高速铁路","won_per_km":0.4945,"afford_pct":0.7947,"line_en":"Jingguang High-Speed Railway"}]},"geometry":{"type":"Point","coordinates":[114.29584620000001,29.901612]}},{"type":"Feature","properties":{"name":"漯河西","name_en":"Tahexi","name_zh":"","country":"China","region":"Luohe","gdp_usd":11101,"segments":[{"line":"京广高速铁路","won_per_km":0.4646,"afford_pct":0.6986,"line_en":"Jingguang High-Speed Railway"}]},"geometry":{"type":"Point","coordinates":[113.9575982,33.5743677]}},{"type":"Feature","properties":{"name":"宿州东","name_en":"Suzhoudong","name_zh":"宿州东","country":"China","region":"Suzhou (AH)","gdp_usd":6518,"segments":[{"line":"京沪高速铁路","won_per_km":0.5204,"afford_pct":1.3327,"line_en":"Jinghu High-Speed Railway"}]},"geometry":{"type":"Point","coordinates":[117.2458282,33.6772426]}},{"type":"Feature","properties":{"name":"内江北","name_en":"Neijiangbei","name_zh":"内江北","country":"China","region":"Neijiang","gdp_usd":8820,"segments":[{"line":"成渝高速铁路","won_per_km":0.5033,"afford_pct":0.9525,"line_en":"Chengyu High-Speed Railway"},{"line":"成渝高速铁路","won_per_km":0.5411,"afford_pct":1.024,"line_en":"Chengyu High-Speed Railway"},{"line":"绵泸高速铁路","won_per_km":0.4077,"afford_pct":0.7716,"line_en":"Mianlu High-Speed Railway"}]},"geometry":{"type":"Point","coordinates":[105.0822061,29.6124023]}},{"type":"Feature","properties":{"name":"海安","name_en":"Hai'an","name_zh":"海安","country":"China","region":"Nantong","gdp_usd":22298,"segments":[{"line":"盐通高速铁路","won_per_km":0.4937,"afford_pct":0.3696,"line_en":"Yantong High-Speed Railway"},{"line":"宁启铁路","won_per_km":0.3721,"afford_pct":0.2786,"line_en":"Ningqi Railway"}]},"geometry":{"type":"Point","coordinates":[120.4999592,32.5493041]}},{"type":"Feature","properties":{"name":"东莞西","name_en":"Dongguanxi","name_zh":"东莞西","country":"China","region":"Dongguan","gdp_usd":16228,"segments":[{"line":"广惠城际铁路","won_per_km":0.5548,"afford_pct":0.5707,"line_en":"Guanghui Intercity Railway"},{"line":"穗深城际铁路","won_per_km":0.5616,"afford_pct":0.5777,"line_en":"Suishen Intercity Railway"}]},"geometry":{"type":"Point","coordinates":[113.6202137,23.0111091]}},{"type":"Feature","properties":{"name":"延平","name_en":"Yanping","name_zh":"延平","country":"China","region":"Nanping","gdp_usd":11085,"segments":[{"line":"合福高速铁路","won_per_km":0.4588,"afford_pct":0.6909,"line_en":"Hefu High-Speed Railway"},{"line":"南龙铁路","won_per_km":0.3929,"afford_pct":0.5916,"line_en":"Nanlong Railway"}]},"geometry":{"type":"Point","coordinates":[118.267951,26.5938422]}},{"type":"Feature","properties":{"name":"南宁","name_en":"Nanning","name_zh":"南宁","country":"China","region":"Nanning","gdp_usd":9311,"segments":[{"line":"柳南高速铁路","won_per_km":0.4215,"afford_pct":0.7556,"line_en":"Liunan High-Speed Railway"},{"line":"南昆高速铁路","won_per_km":0.3684,"afford_pct":0.6604,"line_en":"Nankun High-Speed Railway"},{"line":"南凭高速铁路","won_per_km":0.4554,"afford_pct":0.8164,"line_en":"Nanping High-Speed Railway"}]},"geometry":{"type":"Point","coordinates":[108.31081010000001,22.83016]}},{"type":"Feature","properties":{"name":"运城北","name_en":"Yunchengbei","name_zh":"","country":"China","region":"Yuncheng","gdp_usd":6499,"segments":[{"line":"大西高速铁路","won_per_km":0.3146,"afford_pct":0.808,"line_en":"Daxi High-Speed Railway"},{"line":"大西高速铁路","won_per_km":0.3163,"afford_pct":0.8124,"line_en":"Daxi High-Speed Railway"}]},"geometry":{"type":"Point","coordinates":[110.97844180000001,35.0996519]}},{"type":"Feature","properties":{"name":"开封","name_en":"Kaifeng","name_zh":"开封","country":"China","region":"Kaifeng","gdp_usd":8161,"segments":[{"line":"郑开城际铁路","won_per_km":0.4211,"afford_pct":0.8613,"line_en":"Zhengkai Intercity Railway"}]},"geometry":{"type":"Point","coordinates":[114.3490527,34.7720005]}},{"type":"Feature","properties":{"name":"河源东","name_en":"Heyuandong","name_zh":"","country":"China","region":"Heyuan","gdp_usd":6901,"segments":[{"line":"京港高速铁路","won_per_km":0.5906,"afford_pct":1.4286,"line_en":"Jinggang High-Speed Railway"}]},"geometry":{"type":"Point","coordinates":[114.73275980000001,23.6861322]}},{"type":"Feature","properties":{"name":"潍坊北","name_en":"Weifangbei","name_zh":"潍坊北","country":"China","region":"Weifang","gdp_usd":12243,"segments":[{"line":"济青高速铁路","won_per_km":0.4852,"afford_pct":0.6615,"line_en":"Jiqing High-Speed Railway"},{"line":"潍荣高速铁路","won_per_km":0.4259,"afford_pct":0.5807,"line_en":"Weirong High-Speed Railway"},{"line":"潍烟高速铁路","won_per_km":0.4667,"afford_pct":0.6363,"line_en":"Weiyan High-Speed Railway"}]},"geometry":{"type":"Point","coordinates":[119.18942360000001,36.7957983]}},{"type":"Feature","properties":{"name":"新郑机场","name_en":"Xinzhengjichang","name_zh":"新郑机场","country":"China","region":"Zhengzhou","gdp_usd":15494,"segments":[{"line":"郑机城际铁路","won_per_km":0.4615,"afford_pct":0.4972,"line_en":"Zhengji Intercity Railway"},{"line":"联络线/城内段","won_per_km":0.4762,"afford_pct":0.513,"line_en":"Lianluoxian/chengneiduan"}]},"geometry":{"type":"Point","coordinates":[113.84742650000001,34.5271961]}},{"type":"Feature","properties":{"name":"上海松江","name_en":"Shanghaisongjiang","name_zh":"","country":"China","region":"Shanghai","gdp_usd":30204,"segments":[{"line":"沪苏湖高速铁路","won_per_km":0.3598,"afford_pct":0.1988,"line_en":"Husuhu High-Speed Railway"},{"line":"沪昆高速铁路","won_per_km":0.498,"afford_pct":0.2752,"line_en":"Hukun High-Speed Railway"}]},"geometry":{"type":"Point","coordinates":[121.2261751,30.9845471]}},{"type":"Feature","properties":{"name":"宜春","name_en":"Yichun","name_zh":"","country":"China","region":"Yichun (JX)","gdp_usd":10489,"segments":[{"line":"沪昆高速铁路","won_per_km":0.4942,"afford_pct":0.7865,"line_en":"Hukun High-Speed Railway"}]},"geometry":{"type":"Point","coordinates":[114.43153830000001,27.7915494]}},{"type":"Feature","properties":{"name":"自贡","name_en":"Zigong","name_zh":"自贡","country":"China","region":"Zigong","gdp_usd":10745,"segments":[{"line":"成宜高速铁路","won_per_km":0.4944,"afford_pct":0.7681,"line_en":"Chengyi High-Speed Railway"},{"line":"成宜高速铁路","won_per_km":0.4578,"afford_pct":0.7112,"line_en":"Chengyi High-Speed Railway"},{"line":"绵泸高速铁路","won_per_km":0.4077,"afford_pct":0.6334,"line_en":"Mianlu High-Speed Railway"}]},"geometry":{"type":"Point","coordinates":[104.8782438,29.3574416]}},{"type":"Feature","properties":{"name":"烟台","name_en":"Yantai","name_zh":"烟台","country":"China","region":"Yantai","gdp_usd":21325,"segments":[{"line":"青荣城际铁路","won_per_km":0.3458,"afford_pct":0.2707,"line_en":"Qingrong Intercity Railway"},{"line":"潍烟高速铁路","won_per_km":0.4658,"afford_pct":0.3646,"line_en":"Weiyan High-Speed Railway"}]},"geometry":{"type":"Point","coordinates":[121.3774774,37.5475659]}},{"type":"Feature","properties":{"name":"泸州","name_en":"Luzhou","name_zh":"泸州","country":"China","region":"Luzhou","gdp_usd":9243,"segments":[{"line":"渝昆高速铁路","won_per_km":0.599,"afford_pct":1.0818,"line_en":"Yukun High-Speed Railway"},{"line":"绵泸高速铁路","won_per_km":0.4077,"afford_pct":0.7363,"line_en":"Mianlu High-Speed Railway"}]},"geometry":{"type":"Point","coordinates":[105.4189642,28.9300087]}},{"type":"Feature","properties":{"name":"安阳东","name_en":"Anyangdong","name_zh":"","country":"China","region":"Anyang","gdp_usd":6902,"segments":[{"line":"京广高速铁路","won_per_km":0.4733,"afford_pct":1.1446,"line_en":"Jingguang High-Speed Railway"}]},"geometry":{"type":"Point","coordinates":[114.44795830000001,36.0841487]}},{"type":"Feature","properties":{"name":"马鞍山东","name_en":"Maanshan East","name_zh":"","country":"China","region":"Maanshan","gdp_usd":17639,"segments":[{"line":"宁安城际铁路","won_per_km":0.4008,"afford_pct":0.3793,"line_en":"Ningan Intercity Railway"}]},"geometry":{"type":"Point","coordinates":[118.5360598,31.6945772]}},{"type":"Feature","properties":{"name":"泉州南","name_en":"Quanzhounan","name_zh":"泉州南","country":"China","region":"Quanzhou","gdp_usd":20470,"segments":[{"line":"甬广高速铁路","won_per_km":0.4561,"afford_pct":0.3719,"line_en":"Yongguang High-Speed Railway"},{"line":"甬广高速铁路","won_per_km":0.5333,"afford_pct":0.4349,"line_en":"Yongguang High-Speed Railway"}]},"geometry":{"type":"Point","coordinates":[118.5801871,24.740034]}},{"type":"Feature","properties":{"name":"常平","name_en":"Changping","name_zh":"常平","country":"China","region":"Dongguan","gdp_usd":16228,"segments":[{"line":"广深城际铁路","won_per_km":0.5068,"afford_pct":0.5213,"line_en":"Guangshen Intercity Railway"},{"line":"广惠城际铁路","won_per_km":0.5548,"afford_pct":0.5707,"line_en":"Guanghui Intercity Railway"}]},"geometry":{"type":"Point","coordinates":[114.0003801,22.9871798]}},{"type":"Feature","properties":{"name":"惠州南","name_en":"Huizhou South","name_zh":"惠州南","country":"China","region":"Huizhou","gdp_usd":14004,"segments":[{"line":"甬广高速铁路","won_per_km":0.5662,"afford_pct":0.6749,"line_en":"Yongguang High-Speed Railway"}]},"geometry":{"type":"Point","coordinates":[114.4531622,23.0004015]}},{"type":"Feature","properties":{"name":"贺州","name_en":"Hezhou","name_zh":"贺州","country":"China","region":"Hezhou","gdp_usd":6708,"segments":[{"line":"贵广高速铁路","won_per_km":0.4417,"afford_pct":1.0991,"line_en":"Guiguang High-Speed Railway"}]},"geometry":{"type":"Point","coordinates":[111.53412030000001,24.4572255]}},{"type":"Feature","properties":{"name":"周口东","name_en":"Zhoukoudong","name_zh":"周口东","country":"China","region":"Zhoukou","gdp_usd":5848,"segments":[{"line":"郑阜高速铁路","won_per_km":0.6304,"afford_pct":1.7995,"line_en":"Zhengfu High-Speed Railway"}]},"geometry":{"type":"Point","coordinates":[114.7407189,33.6468018]}},{"type":"Feature","properties":{"name":"茂名南","name_en":"Maomingnan","name_zh":"茂名南","country":"China","region":"Maoming","gdp_usd":9044,"segments":[{"line":"广湛高速铁路","won_per_km":0.655,"afford_pct":1.2089,"line_en":"Guangzhan High-Speed Railway"}]},"geometry":{"type":"Point","coordinates":[110.9800266,21.6015204]}},{"type":"Feature","properties":{"name":"南昌东","name_en":"Nanchangdong","name_zh":"南昌东","country":"China","region":"Nanchang","gdp_usd":16392,"segments":[{"line":"杭昌高速铁路","won_per_km":0.5417,"afford_pct":0.5516,"line_en":"Hangchang High-Speed Railway"},{"line":"京港高速铁路","won_per_km":0.4877,"afford_pct":0.4966,"line_en":"Jinggang High-Speed Railway"}]},"geometry":{"type":"Point","coordinates":[116.01615480000001,28.617241]}},{"type":"Feature","properties":{"name":"江油","name_en":"Jiangyou","name_zh":"江油","country":"China","region":"Mianyang","gdp_usd":12277,"segments":[{"line":"西成高速铁路","won_per_km":0.4317,"afford_pct":0.5869,"line_en":"Xicheng High-Speed Railway"}]},"geometry":{"type":"Point","coordinates":[104.767541,31.783437]}},{"type":"Feature","properties":{"name":"常德","name_en":"Changde","name_zh":"常德","country":"China","region":"Changde","gdp_usd":12198,"segments":[{"line":"渝厦高速铁路","won_per_km":0.5237,"afford_pct":0.7166,"line_en":"Yusha High-Speed Railway"}]},"geometry":{"type":"Point","coordinates":[111.689445,29.0746313]}},{"type":"Feature","properties":{"name":"长沙","name_en":"Changsha","name_zh":"长沙","country":"China","region":"Changsha","gdp_usd":20104,"segments":[{"line":"渝厦高速铁路","won_per_km":0.5237,"afford_pct":0.4348,"line_en":"Yusha High-Speed Railway"}]},"geometry":{"type":"Point","coordinates":[113.0088425,28.1971531]}},{"type":"Feature","properties":{"name":"温岭","name_en":"Wenling","name_zh":"温岭","country":"China","region":"Taizhou","gdp_usd":13777,"segments":[{"line":"杭台高速铁路","won_per_km":0.4965,"afford_pct":0.6015,"line_en":"Hangtai High-Speed Railway"},{"line":"杭深铁路","won_per_km":0.3782,"afford_pct":0.4582,"line_en":"Hangshen Railway"}]},"geometry":{"type":"Point","coordinates":[121.3208306,28.4821963]}},{"type":"Feature","properties":{"name":"桂林西","name_en":"Guilinxi","name_zh":"桂林西","country":"China","region":"Guilin","gdp_usd":7082,"segments":[{"line":"贵广高速铁路","won_per_km":0.4372,"afford_pct":1.0305,"line_en":"Guiguang High-Speed Railway"},{"line":"贵广高速铁路","won_per_km":0.4417,"afford_pct":1.0411,"line_en":"Guiguang High-Speed Railway"}]},"geometry":{"type":"Point","coordinates":[110.2625115,25.3574053]}},{"type":"Feature","properties":{"name":"许昌东","name_en":"Xuchangdong","name_zh":"","country":"China","region":"Xuchang","gdp_usd":10953,"segments":[{"line":"京广高速铁路","won_per_km":0.4646,"afford_pct":0.708,"line_en":"Jingguang High-Speed Railway"}]},"geometry":{"type":"Point","coordinates":[113.8820189,34.0500015]}},{"type":"Feature","properties":{"name":"泰安","name_en":"Tai'an","name_zh":"","country":"China","region":"Tai'an","gdp_usd":9521,"segments":[{"line":"京沪高速铁路","won_per_km":0.5204,"afford_pct":0.9123,"line_en":"Jinghu High-Speed Railway"}]},"geometry":{"type":"Point","coordinates":[117.02925320000001,36.1719485]}},{"type":"Feature","properties":{"name":"凯里南","name_en":"Kaili South","name_zh":"","country":"China","region":"Qiandongnan Prefecture","gdp_usd":5315,"segments":[{"line":"沪昆高速铁路","won_per_km":0.4813,"afford_pct":1.5116,"line_en":"Hukun High-Speed Railway"}]},"geometry":{"type":"Point","coordinates":[107.8837989,26.517651]}},{"type":"Feature","properties":{"name":"溧水","name_en":"Lishui","name_zh":"","country":"China","region":"Nanjing","gdp_usd":26914,"segments":[{"line":"宁杭高速铁路","won_per_km":0.5469,"afford_pct":0.3392,"line_en":"Ninghang High-Speed Railway"}]},"geometry":{"type":"Point","coordinates":[119.0909653,31.6813415]}},{"type":"Feature","properties":{"name":"眉山东","name_en":"Meishan East","name_zh":"眉山东","country":"China","region":"Meishan","gdp_usd":8896,"segments":[{"line":"成贵高速铁路","won_per_km":0.4537,"afford_pct":0.8514,"line_en":"Chenggui High-Speed Railway"}]},"geometry":{"type":"Point","coordinates":[103.819544,30.069589]}},{"type":"Feature","properties":{"name":"定西北","name_en":"Dingxi North","name_zh":"","country":"China","region":"Dingxi","gdp_usd":4137,"segments":[{"line":"徐兰高速铁路","won_per_km":0.3766,"afford_pct":1.5194,"line_en":"Xulan High-Speed Railway"}]},"geometry":{"type":"Point","coordinates":[104.5834279,35.6068067]}},{"type":"Feature","properties":{"name":"潮阳","name_en":"Chaoyang","name_zh":"潮阳","country":"China","region":"Shantou","gdp_usd":7916,"segments":[{"line":"杭深铁路","won_per_km":0.4428,"afford_pct":0.9337,"line_en":"Hangshen Railway"}]},"geometry":{"type":"Point","coordinates":[116.4173818,23.3833607]}},{"type":"Feature","properties":{"name":"鞍山西","name_en":"Anshanxi","name_zh":"鞍山西","country":"China","region":"Anshan","gdp_usd":9397,"segments":[{"line":"沈大高速铁路","won_per_km":0.4582,"afford_pct":0.8139,"line_en":"Shenda High-Speed Railway"}]},"geometry":{"type":"Point","coordinates":[122.9089799,41.1164154]}},{"type":"Feature","properties":{"name":"成都南","name_en":"Chengdunan","name_zh":"","country":"China","region":"Chengdu","gdp_usd":15280,"segments":[{"line":"成贵高速铁路","won_per_km":0.4537,"afford_pct":0.4956,"line_en":"Chenggui High-Speed Railway"},{"line":"联络线/城内段","won_per_km":0.4197,"afford_pct":0.4585,"line_en":"Lianluoxian/chengneiduan"},{"line":"联络线/城内段","won_per_km":0.4944,"afford_pct":0.5401,"line_en":"Lianluoxian/chengneiduan"}]},"geometry":{"type":"Point","coordinates":[104.066049,30.6090447]}},{"type":"Feature","properties":{"name":"宿迁","name_en":"Suqian","name_zh":"","country":"China","region":"Suqian","gdp_usd":13416,"segments":[{"line":"徐盐高速铁路","won_per_km":0.3962,"afford_pct":0.493,"line_en":"Xuyan High-Speed Railway"}]},"geometry":{"type":"Point","coordinates":[118.2763099,33.8749775]}},{"type":"Feature","properties":{"name":"婺源","name_en":"Wuyuan","name_zh":"婺源","country":"China","region":"Shangrao","gdp_usd":8121,"segments":[{"line":"衢九铁路","won_per_km":0.4022,"afford_pct":0.8267,"line_en":"Qujiu Railway"},{"line":"合福高速铁路","won_per_km":0.4433,"afford_pct":0.9112,"line_en":"Hefu High-Speed Railway"}]},"geometry":{"type":"Point","coordinates":[117.8724329,29.2421028]}},{"type":"Feature","properties":{"name":"万州北","name_en":"Wanzhoubei","name_zh":"万州北","country":"China","region":"Chongqing","gdp_usd":14036,"segments":[{"line":"郑渝高速铁路","won_per_km":0.4954,"afford_pct":0.5892,"line_en":"Zhengyu High-Speed Railway"},{"line":"郑渝高速铁路","won_per_km":0.45,"afford_pct":0.5352,"line_en":"Zhengyu High-Speed Railway"}]},"geometry":{"type":"Point","coordinates":[108.3621441,30.8655821]}},{"type":"Feature","properties":{"name":"广州北","name_en":"Guangzhoubei","name_zh":"","country":"China","region":"Guangzhou","gdp_usd":22836,"segments":[{"line":"京广高速铁路","won_per_km":0.4698,"afford_pct":0.3434,"line_en":"Jingguang High-Speed Railway"},{"line":"广清城际铁路","won_per_km":0.4051,"afford_pct":0.2961,"line_en":"Guangqing Intercity Railway"},{"line":"广州东环城际铁路","won_per_km":0.5875,"afford_pct":0.4294,"line_en":"Guangzhoudonghuan Intercity Railway"}]},"geometry":{"type":"Point","coordinates":[113.1984329,23.3794468]}},{"type":"Feature","properties":{"name":"衢州","name_en":"Quzhou","name_zh":"","country":"China","region":"Quzhou","gdp_usd":13697,"segments":[{"line":"沪昆高速铁路","won_per_km":0.498,"afford_pct":0.6069,"line_en":"Hukun High-Speed Railway"}]},"geometry":{"type":"Point","coordinates":[118.8761197,28.9270213]}},{"type":"Feature","properties":{"name":"焦作","name_en":"Jiaozuo","name_zh":"焦作","country":"China","region":"Jiaozuo","gdp_usd":9427,"segments":[{"line":"郑太高速铁路","won_per_km":0.4908,"afford_pct":0.8691,"line_en":"Zhengtai High-Speed Railway"}]},"geometry":{"type":"Point","coordinates":[113.2287096,35.2225958]}},{"type":"Feature","properties":{"name":"明珠","name_en":"Mingzhu","name_zh":"","country":"China","region":"Zhuhai","gdp_usd":24859,"segments":[{"line":"广珠城际铁路","won_per_km":0.6034,"afford_pct":0.4052,"line_en":"Guangzhu Intercity Railway"}]},"geometry":{"type":"Point","coordinates":[113.5103967,22.2714173]}},{"type":"Feature","properties":{"name":"包头","name_en":"Baotou","name_zh":"包头","country":"China","region":"Baotou","gdp_usd":23001,"segments":[{"line":"京包高速铁路","won_per_km":0.3688,"afford_pct":0.2676,"line_en":"Jingbao High-Speed Railway"},{"line":"包银高速铁路","won_per_km":0.4215,"afford_pct":0.3059,"line_en":"Baoyin High-Speed Railway"}]},"geometry":{"type":"Point","coordinates":[109.830185,40.6040793]}},{"type":"Feature","properties":{"name":"青岛西","name_en":"Qingdaoxi","name_zh":"青岛西","country":"China","region":"Qingdao","gdp_usd":22347,"segments":[{"line":"青盐铁路","won_per_km":0.3478,"afford_pct":0.2598,"line_en":"Qingyan Railway"}]},"geometry":{"type":"Point","coordinates":[119.95049530000001,35.9024084]}},{"type":"Feature","properties":{"name":"诸暨","name_en":"Zhuji","name_zh":"","country":"China","region":"Shaoxing","gdp_usd":21511,"segments":[{"line":"沪昆高速铁路","won_per_km":0.498,"afford_pct":0.3864,"line_en":"Hukun High-Speed Railway"}]},"geometry":{"type":"Point","coordinates":[120.17949960000001,29.7291845]}},{"type":"Feature","properties":{"name":"四平东","name_en":"Siping East","name_zh":"四平东","country":"China","region":"Siping","gdp_usd":4926,"segments":[{"line":"京哈高速铁路","won_per_km":0.4966,"afford_pct":1.6828,"line_en":"Jingha High-Speed Railway"}]},"geometry":{"type":"Point","coordinates":[124.43289580000001,43.1358406]}},{"type":"Feature","properties":{"name":"平顶山西","name_en":"Pingdingshanxi","name_zh":"平顶山西","country":"China","region":"Pingdingshan","gdp_usd":8043,"segments":[{"line":"郑渝高速铁路","won_per_km":0.4961,"afford_pct":1.0296,"line_en":"Zhengyu High-Speed Railway"}]},"geometry":{"type":"Point","coordinates":[113.08072530000001,33.8185196]}},{"type":"Feature","properties":{"name":"毕节","name_en":"Bijie","name_zh":"毕节","country":"China","region":"Bijie","gdp_usd":5120,"segments":[{"line":"成贵高速铁路","won_per_km":0.4537,"afford_pct":1.4791,"line_en":"Chenggui High-Speed Railway"}]},"geometry":{"type":"Point","coordinates":[105.4157004,27.2657729]}},{"type":"Feature","properties":{"name":"茂名","name_en":"Maoming","name_zh":"茂名","country":"China","region":"Maoming","gdp_usd":9044,"segments":[{"line":"深湛铁路","won_per_km":0.5378,"afford_pct":0.9926,"line_en":"Shenzhan Railway"}]},"geometry":{"type":"Point","coordinates":[110.92412630000001,21.6453937]}},{"type":"Feature","properties":{"name":"美兰","name_en":"Meilan","name_zh":"","country":"China","region":"Haikou","gdp_usd":14904,"segments":[{"line":"海南东环铁路","won_per_km":0.419,"afford_pct":0.4693,"line_en":"Hainandonghuan Railway"}]},"geometry":{"type":"Point","coordinates":[110.4569775,19.944351]}},{"type":"Feature","properties":{"name":"临沂北","name_en":"Linyibei","name_zh":"","country":"China","region":"Linyi","gdp_usd":8406,"segments":[{"line":"日兰高速铁路","won_per_km":0.536,"afford_pct":1.0644,"line_en":"Rilan High-Speed Railway"}]},"geometry":{"type":"Point","coordinates":[118.3748424,35.1965267]}},{"type":"Feature","properties":{"name":"镇江南","name_en":"Zhenjiangnan","name_zh":"","country":"China","region":"Zhenjiang","gdp_usd":23881,"segments":[{"line":"京沪高速铁路","won_per_km":0.4957,"afford_pct":0.3465,"line_en":"Jinghu High-Speed Railway"}]},"geometry":{"type":"Point","coordinates":[119.4186399,32.1544439]}},{"type":"Feature","properties":{"name":"宁德","name_en":"Ningde","name_zh":"宁德","country":"China","region":"Ningde","gdp_usd":17166,"segments":[{"line":"杭深铁路","won_per_km":0.398,"afford_pct":0.387,"line_en":"Hangshen Railway"}]},"geometry":{"type":"Point","coordinates":[119.5793795,26.6729441]}},{"type":"Feature","properties":{"name":"桂林","name_en":"Guilin","name_zh":"桂林","country":"China","region":"Guilin","gdp_usd":7082,"segments":[{"line":"衡柳铁路","won_per_km":0.3082,"afford_pct":0.7264,"line_en":"Hengliu Railway"}]},"geometry":{"type":"Point","coordinates":[110.27722340000001,25.2643418]}},{"type":"Feature","properties":{"name":"宜宾西","name_en":"Yibinxi","name_zh":"宜宾西","country":"China","region":"Yibin","gdp_usd":12062,"segments":[{"line":"成贵高速铁路","won_per_km":0.4537,"afford_pct":0.6279,"line_en":"Chenggui High-Speed Railway"}]},"geometry":{"type":"Point","coordinates":[104.6032423,28.7257904]}},{"type":"Feature","properties":{"name":"来宾北","name_en":"Laibinbei","name_zh":"","country":"China","region":"Laibin","gdp_usd":7041,"segments":[{"line":"柳南高速铁路","won_per_km":0.4215,"afford_pct":0.9993,"line_en":"Liunan High-Speed Railway"}]},"geometry":{"type":"Point","coordinates":[109.24098230000001,23.7545601]}},{"type":"Feature","properties":{"name":"益阳南","name_en":"Yiyangnan","name_zh":"","country":"China","region":"Yiyang","gdp_usd":8420,"segments":[{"line":"渝厦高速铁路","won_per_km":0.5237,"afford_pct":1.0382,"line_en":"Yusha High-Speed Railway"}]},"geometry":{"type":"Point","coordinates":[112.32147830000001,28.5181988]}},{"type":"Feature","properties":{"name":"丽水","name_en":"Lishui","name_zh":"","country":"China","region":"Lishui","gdp_usd":11992,"segments":[{"line":"金温铁路","won_per_km":0.3716,"afford_pct":0.5172,"line_en":"Jinwen Railway"}]},"geometry":{"type":"Point","coordinates":[119.94946,28.4449024]}},{"type":"Feature","properties":{"name":"昆明","name_en":"Kunming","name_zh":"昆明","country":"China","region":"Kunming","gdp_usd":13251,"segments":[{"line":"昆楚大铁路","won_per_km":0.4421,"afford_pct":0.5569,"line_en":"Kunchuda Railway"},{"line":"南昆高速铁路","won_per_km":0.3684,"afford_pct":0.4641,"line_en":"Nankun High-Speed Railway"}]},"geometry":{"type":"Point","coordinates":[102.720287,25.0186616]}},{"type":"Feature","properties":{"name":"三明北","name_en":"Sanmingbei","name_zh":"三明北","country":"China","region":"Sanming","gdp_usd":16773,"segments":[{"line":"南龙铁路","won_per_km":0.3929,"afford_pct":0.391,"line_en":"Nanlong Railway"},{"line":"南龙铁路","won_per_km":0.3979,"afford_pct":0.396,"line_en":"Nanlong Railway"},{"line":"昌福铁路","won_per_km":0.4881,"afford_pct":0.4857,"line_en":"Changfu Railway"}]},"geometry":{"type":"Point","coordinates":[117.8018037,26.3788958]}},{"type":"Feature","properties":{"name":"牡丹江","name_en":"Mudanjiang","name_zh":"","country":"China","region":"Mudanjiang","gdp_usd":6007,"segments":[{"line":"哈牡高速铁路","won_per_km":0.37,"afford_pct":1.0282,"line_en":"Hamu High-Speed Railway"},{"line":"牡绥铁路","won_per_km":0.3723,"afford_pct":1.0346,"line_en":"Musui Railway"},{"line":"沈佳高速铁路","won_per_km":0.4489,"afford_pct":1.2475,"line_en":"Shenjia High-Speed Railway"}]},"geometry":{"type":"Point","coordinates":[129.6051496,44.5890935]}},{"type":"Feature","properties":{"name":"鹤壁东","name_en":"Hebidong","name_zh":"","country":"China","region":"Hebi","gdp_usd":9737,"segments":[{"line":"京广高速铁路","won_per_km":0.4733,"afford_pct":0.8114,"line_en":"Jingguang High-Speed Railway"}]},"geometry":{"type":"Point","coordinates":[114.2943925,35.7060551]}},{"type":"Feature","properties":{"name":"辽宁朝阳","name_en":"Liaoning Chaoyang","name_zh":"辽宁朝阳","country":"China","region":"Chaoyang","gdp_usd":5787,"segments":[{"line":"京哈高速铁路","won_per_km":0.5202,"afford_pct":1.5006,"line_en":"Jingha High-Speed Railway"},{"line":"京哈高速铁路","won_per_km":0.4982,"afford_pct":1.4371,"line_en":"Jingha High-Speed Railway"},{"line":"朝凌高速铁路","won_per_km":0.5472,"afford_pct":1.5785,"line_en":"Chaoling High-Speed Railway"}]},"geometry":{"type":"Point","coordinates":[120.403845,41.5979961]}},{"type":"Feature","properties":{"name":"宋城路","name_en":"Songchenglu","name_zh":"宋城路","country":"China","region":"Kaifeng","gdp_usd":8161,"segments":[{"line":"郑开城际铁路","won_per_km":0.4211,"afford_pct":0.8613,"line_en":"Zhengkai Intercity Railway"}]},"geometry":{"type":"Point","coordinates":[114.2785621,34.7857534]}},{"type":"Feature","properties":{"name":"合肥","name_en":"Hefei","name_zh":"合肥","country":"China","region":"Hefei","gdp_usd":18927,"segments":[{"line":"合杭高速铁路","won_per_km":0.4766,"afford_pct":0.4203,"line_en":"Hehang High-Speed Railway"},{"line":"联络线/城内段","won_per_km":0.4766,"afford_pct":0.4203,"line_en":"Lianluoxian/chengneiduan"}]},"geometry":{"type":"Point","coordinates":[117.3118857,31.8878658]}},{"type":"Feature","properties":{"name":"大理","name_en":"Dali","name_zh":"大理","country":"China","region":"Dali Prefecture","gdp_usd":8372,"segments":[{"line":"昆楚大铁路","won_per_km":0.4421,"afford_pct":0.8814,"line_en":"Kunchuda Railway"}]},"geometry":{"type":"Point","coordinates":[100.2485243,25.5919445]}},{"type":"Feature","properties":{"name":"阳江","name_en":"Yangjiang","name_zh":"阳江","country":"China","region":"Yangjiang","gdp_usd":8638,"segments":[{"line":"深湛铁路","won_per_km":0.5378,"afford_pct":1.0392,"line_en":"Shenzhan Railway"}]},"geometry":{"type":"Point","coordinates":[111.9859931,21.8131032]}},{"type":"Feature","properties":{"name":"铁岭西","name_en":"Tielingxi","name_zh":"","country":"China","region":"Tieling","gdp_usd":4823,"segments":[{"line":"京哈高速铁路","won_per_km":0.4966,"afford_pct":1.7186,"line_en":"Jingha High-Speed Railway"}]},"geometry":{"type":"Point","coordinates":[123.66638850000001,42.2310275]}},{"type":"Feature","properties":{"name":"邢台东","name_en":"Xingtai East","name_zh":"邢台东","country":"China","region":"Xingtai","gdp_usd":5563,"segments":[{"line":"京广高速铁路","won_per_km":0.4733,"afford_pct":1.4203,"line_en":"Jingguang High-Speed Railway"}]},"geometry":{"type":"Point","coordinates":[114.5859458,37.0914333]}},{"type":"Feature","properties":{"name":"千岛湖","name_en":"Qiandaohu","name_zh":"","country":"China","region":"Hangzhou","gdp_usd":24185,"segments":[{"line":"杭昌高速铁路","won_per_km":0.4044,"afford_pct":0.2791,"line_en":"Hangchang High-Speed Railway"}]},"geometry":{"type":"Point","coordinates":[119.1868632,29.7377193]}},{"type":"Feature","properties":{"name":"苍南","name_en":"Cangnan","name_zh":"","country":"China","region":"Wenzhou","gdp_usd":13786,"segments":[{"line":"杭深铁路","won_per_km":0.398,"afford_pct":0.4819,"line_en":"Hangshen Railway"}]},"geometry":{"type":"Point","coordinates":[120.40836,27.5313093]}},{"type":"Feature","properties":{"name":"荣成","name_en":"Rongcheng","name_zh":"","country":"China","region":"Weihai","gdp_usd":17798,"segments":[{"line":"青荣城际铁路","won_per_km":0.3736,"afford_pct":0.3504,"line_en":"Qingrong Intercity Railway"},{"line":"潍荣高速铁路","won_per_km":0.4259,"afford_pct":0.3994,"line_en":"Weirong High-Speed Railway"}]},"geometry":{"type":"Point","coordinates":[122.4025972,37.1437568]}},{"type":"Feature","properties":{"name":"台州西","name_en":"Taizhouxi","name_zh":"台州西","country":"China","region":"Taizhou","gdp_usd":13777,"segments":[{"line":"杭深铁路","won_per_km":0.3782,"afford_pct":0.4582,"line_en":"Hangshen Railway"}]},"geometry":{"type":"Point","coordinates":[121.286474,28.6891529]}},{"type":"Feature","properties":{"name":"平南南","name_en":"Pingnan South","name_zh":"平南南","country":"China","region":"Guigang","gdp_usd":5072,"segments":[{"line":"南广铁路","won_per_km":0.4448,"afford_pct":1.4638,"line_en":"Nanguang Railway"}]},"geometry":{"type":"Point","coordinates":[110.4273766,23.4201473]}},{"type":"Feature","properties":{"name":"阳江北","name_en":"Yangjiangbei","name_zh":"","country":"China","region":"Yangjiang","gdp_usd":8638,"segments":[{"line":"广湛高速铁路","won_per_km":0.655,"afford_pct":1.2657,"line_en":"Guangzhan High-Speed Railway"}]},"geometry":{"type":"Point","coordinates":[111.83365010000001,21.9213054]}},{"type":"Feature","properties":{"name":"雅安","name_en":"Ya'an","name_zh":"雅安","country":"China","region":"Ya'an","gdp_usd":10513,"segments":[{"line":"成雅铁路","won_per_km":0.3857,"afford_pct":0.6124,"line_en":"Chengya Railway"}]},"geometry":{"type":"Point","coordinates":[103.0546975,30.0313155]}},{"type":"Feature","properties":{"name":"庐山","name_en":"Lushan","name_zh":"庐山","country":"China","region":"Jiujiang","gdp_usd":12384,"segments":[{"line":"京港高速铁路","won_per_km":0.5486,"afford_pct":0.7395,"line_en":"Jinggang High-Speed Railway"},{"line":"武九高速铁路","won_per_km":0.4,"afford_pct":0.5392,"line_en":"Wujiu High-Speed Railway"},{"line":"昌九城际铁路","won_per_km":0.2676,"afford_pct":0.3607,"line_en":"Changjiu Intercity Railway"}]},"geometry":{"type":"Point","coordinates":[115.874339,29.5996356]}},{"type":"Feature","properties":{"name":"曲靖北","name_en":"Qujingbei","name_zh":"","country":"China","region":"Qujing","gdp_usd":9079,"segments":[{"line":"沪昆高速铁路","won_per_km":0.4644,"afford_pct":0.8538,"line_en":"Hukun High-Speed Railway"}]},"geometry":{"type":"Point","coordinates":[103.78063,25.5928432]}},{"type":"Feature","properties":{"name":"邵阳","name_en":"Shaoyang","name_zh":"邵阳","country":"China","region":"Shaoyang","gdp_usd":6431,"segments":[{"line":"娄邵铁路","won_per_km":0.3693,"afford_pct":0.9585,"line_en":"Loushao Railway"},{"line":"怀衡铁路","won_per_km":0.3855,"afford_pct":1.0006,"line_en":"Huaiheng Railway"}]},"geometry":{"type":"Point","coordinates":[111.455578,27.2158703]}},{"type":"Feature","properties":{"name":"荆门西","name_en":"Jingmenxi","name_zh":"","country":"China","region":"Jingmen","gdp_usd":13416,"segments":[{"line":"襄荆高速铁路","won_per_km":0.521,"afford_pct":0.6482,"line_en":"Xiangjing High-Speed Railway"},{"line":"荆荆高速铁路","won_per_km":0.6456,"afford_pct":0.8033,"line_en":"Jingjing High-Speed Railway"},{"line":"沪渝蓉高速铁路","won_per_km":0.39,"afford_pct":0.4853,"line_en":"Huyurong High-Speed Railway"}]},"geometry":{"type":"Point","coordinates":[112.1079687,31.002828]}},{"type":"Feature","properties":{"name":"北海","name_en":"Beihai","name_zh":"北海","country":"China","region":"Beihai","gdp_usd":13811,"segments":[{"line":"邕北铁路","won_per_km":0.3959,"afford_pct":0.4785,"line_en":"Yongbei Railway"}]},"geometry":{"type":"Point","coordinates":[109.1242504,21.4542999]}},{"type":"Feature","properties":{"name":"朔州东","name_en":"Shuozhoudong","name_zh":"","country":"China","region":"Shuozhou","gdp_usd":11746,"segments":[{"line":"大西高速铁路","won_per_km":0.3468,"afford_pct":0.4929,"line_en":"Daxi High-Speed Railway"}]},"geometry":{"type":"Point","coordinates":[112.5916598,39.3023593]}},{"type":"Feature","properties":{"name":"杨陵南","name_en":"Yanglingnan","name_zh":"杨陵南","country":"China","region":"Xianyang","gdp_usd":10180,"segments":[{"line":"徐兰高速铁路","won_per_km":0.3174,"afford_pct":0.5204,"line_en":"Xulan High-Speed Railway"}]},"geometry":{"type":"Point","coordinates":[108.048322,34.2556034]}},{"type":"Feature","properties":{"name":"西宁","name_en":"Xining","name_zh":"西宁","country":"China","region":"Xining","gdp_usd":10458,"segments":[{"line":"兰新高速铁路","won_per_km":0.3085,"afford_pct":0.4924,"line_en":"Lanxin High-Speed Railway"},{"line":"兰新高速铁路","won_per_km":0.3084,"afford_pct":0.4923,"line_en":"Lanxin High-Speed Railway"}]},"geometry":{"type":"Point","coordinates":[101.813039,36.6207609]}},{"type":"Feature","properties":{"name":"湖州东","name_en":"Huzhoudong","name_zh":"","country":"China","region":"Huzhou","gdp_usd":16978,"segments":[{"line":"沪苏湖高速铁路","won_per_km":0.3598,"afford_pct":0.3537,"line_en":"Husuhu High-Speed Railway"}]},"geometry":{"type":"Point","coordinates":[120.1747945,30.8193093]}},{"type":"Feature","properties":{"name":"晋江","name_en":"Jinjiang","name_zh":"晋江","country":"China","region":"Quanzhou","gdp_usd":20470,"segments":[{"line":"杭深铁路","won_per_km":0.444,"afford_pct":0.3621,"line_en":"Hangshen Railway"}]},"geometry":{"type":"Point","coordinates":[118.4541454,24.7974067]}},{"type":"Feature","properties":{"name":"台山","name_en":"Taishan","name_zh":"台山","country":"China","region":"Jiangmen","gdp_usd":12144,"segments":[{"line":"深湛铁路","won_per_km":0.5378,"afford_pct":0.7392,"line_en":"Shenzhan Railway"}]},"geometry":{"type":"Point","coordinates":[112.8103423,22.3021203]}},{"type":"Feature","properties":{"name":"辽阳","name_en":"Liaoyang","name_zh":"辽阳","country":"China","region":"Liaoyang","gdp_usd":8716,"segments":[{"line":"沈大高速铁路","won_per_km":0.4582,"afford_pct":0.8775,"line_en":"Shenda High-Speed Railway"}]},"geometry":{"type":"Point","coordinates":[123.16309690000001,41.2795739]}},{"type":"Feature","properties":{"name":"枣庄","name_en":"Zaozhuang","name_zh":"枣庄","country":"China","region":"Zaozhuang","gdp_usd":8724,"segments":[{"line":"京沪高速铁路","won_per_km":0.5204,"afford_pct":0.9957,"line_en":"Jinghu High-Speed Railway"}]},"geometry":{"type":"Point","coordinates":[117.30037340000001,34.7818841]}},{"type":"Feature","properties":{"name":"恩施","name_en":"Enshi","name_zh":"恩施","country":"China","region":"Enshi Prefecture","gdp_usd":6830,"segments":[{"line":"宁蓉铁路","won_per_km":0.3092,"afford_pct":0.7557,"line_en":"Ningrong Railway"}]},"geometry":{"type":"Point","coordinates":[109.479878,30.3512785]}},{"type":"Feature","properties":{"name":"金华南","name_en":"Jinhuanan","name_zh":"金华南","country":"China","region":"Jinhua","gdp_usd":13406,"segments":[{"line":"金温铁路","won_per_km":0.3716,"afford_pct":0.4627,"line_en":"Jinwen Railway"},{"line":"沪昆高速铁路","won_per_km":0.498,"afford_pct":0.6201,"line_en":"Hukun High-Speed Railway"}]},"geometry":{"type":"Point","coordinates":[119.7336942,29.1170519]}},{"type":"Feature","properties":{"name":"敦化","name_en":"Dunhua","name_zh":"敦化","country":"China","region":"Yanbian Prefecture","gdp_usd":7453,"segments":[{"line":"沈佳高速铁路","won_per_km":0.4505,"afford_pct":1.0089,"line_en":"Shenjia High-Speed Railway"},{"line":"长珲城际铁路","won_per_km":0.3079,"afford_pct":0.6896,"line_en":"Zhanghui Intercity Railway"}]},"geometry":{"type":"Point","coordinates":[128.2403343,43.3779174]}},{"type":"Feature","properties":{"name":"云霄","name_en":"Yunxiao","name_zh":"云霄","country":"China","region":"Zhangzhou","gdp_usd":16638,"segments":[{"line":"杭深铁路","won_per_km":0.4428,"afford_pct":0.4442,"line_en":"Hangshen Railway"}]},"geometry":{"type":"Point","coordinates":[117.3568609,23.893835]}},{"type":"Feature","properties":{"name":"山海关","name_en":"Shanhaiguan","name_zh":"山海关","country":"China","region":"Qinhuangdao","gdp_usd":9522,"segments":[{"line":"秦沈客运专线","won_per_km":0.3259,"afford_pct":0.5713,"line_en":"Qinshen Passenger Line"}]},"geometry":{"type":"Point","coordinates":[119.7619035,39.9985987]}},{"type":"Feature","properties":{"name":"龙川西","name_en":"Longchuanxi","name_zh":"","country":"China","region":"Heyuan","gdp_usd":6901,"segments":[{"line":"京港高速铁路","won_per_km":0.5906,"afford_pct":1.4286,"line_en":"Jinggang High-Speed Railway"},{"line":"龙龙高速铁路","won_per_km":0.5408,"afford_pct":1.3081,"line_en":"Longlong High-Speed Railway"}]},"geometry":{"type":"Point","coordinates":[115.1752934,24.08043]}},{"type":"Feature","properties":{"name":"淄博北","name_en":"Zibobei","name_zh":"","country":"China","region":"Zibo","gdp_usd":14594,"segments":[{"line":"济青高速铁路","won_per_km":0.4852,"afford_pct":0.555,"line_en":"Jiqing High-Speed Railway"}]},"geometry":{"type":"Point","coordinates":[118.02044880000001,36.8952457]}},{"type":"Feature","properties":{"name":"聊城西","name_en":"Liaochengxi","name_zh":"","country":"China","region":"Liaocheng","gdp_usd":7525,"segments":[{"line":"济郑高速铁路","won_per_km":0.5725,"afford_pct":1.2699,"line_en":"Jizheng High-Speed Railway"}]},"geometry":{"type":"Point","coordinates":[115.8762697,36.431229]}},{"type":"Feature","properties":{"name":"濮阳东","name_en":"Puyangdong","name_zh":"","country":"China","region":"Puyang","gdp_usd":7597,"segments":[{"line":"济郑高速铁路","won_per_km":0.5725,"afford_pct":1.2579,"line_en":"Jizheng High-Speed Railway"}]},"geometry":{"type":"Point","coordinates":[115.1440711,35.7655678]}},{"type":"Feature","properties":{"name":"临汾西","name_en":"Linfen","name_zh":"","country":"China","region":"Linfen","gdp_usd":8763,"segments":[{"line":"大西高速铁路","won_per_km":0.3146,"afford_pct":0.5993,"line_en":"Daxi High-Speed Railway"}]},"geometry":{"type":"Point","coordinates":[111.4594344,36.1016459]}},{"type":"Feature","properties":{"name":"南通西","name_en":"Nantongxi","name_zh":"南通西","country":"China","region":"Nantong","gdp_usd":22298,"segments":[{"line":"盐通高速铁路","won_per_km":0.4937,"afford_pct":0.3696,"line_en":"Yantong High-Speed Railway"},{"line":"沪苏通铁路","won_per_km":0.443,"afford_pct":0.3316,"line_en":"Husutong Railway"}]},"geometry":{"type":"Point","coordinates":[120.76112470000001,32.103596]}},{"type":"Feature","properties":{"name":"麻城北","name_en":"Machengbei","name_zh":"","country":"China","region":"Huanggang","gdp_usd":7725,"segments":[{"line":"宁蓉铁路","won_per_km":0.3992,"afford_pct":0.8626,"line_en":"Ningrong Railway"}]},"geometry":{"type":"Point","coordinates":[114.9792945,31.1892671]}},{"type":"Feature","properties":{"name":"潜江","name_en":"Qianjiang","name_zh":"","country":"China","region":"Qianjiang","gdp_usd":15834,"segments":[{"line":"宁蓉铁路","won_per_km":0.402,"afford_pct":0.4238,"line_en":"Ningrong Railway"}]},"geometry":{"type":"Point","coordinates":[112.9336844,30.3920632]}},{"type":"Feature","properties":{"name":"瑞安","name_en":"Rui'an","name_zh":"","country":"China","region":"Wenzhou","gdp_usd":13786,"segments":[{"line":"杭深铁路","won_per_km":0.398,"afford_pct":0.4819,"line_en":"Hangshen Railway"}]},"geometry":{"type":"Point","coordinates":[120.57702180000001,27.7699263]}},{"type":"Feature","properties":{"name":"盘州","name_en":"Panzhou","name_zh":"","country":"China","region":"Liupanshui","gdp_usd":7846,"segments":[{"line":"沪昆高速铁路","won_per_km":0.4644,"afford_pct":0.988,"line_en":"Hukun High-Speed Railway"},{"line":"盘兴高速铁路","won_per_km":0.5556,"afford_pct":1.182,"line_en":"Panxing High-Speed Railway"}]},"geometry":{"type":"Point","coordinates":[104.5665842,25.7946763]}},{"type":"Feature","properties":{"name":"新余北","name_en":"Xinyu North","name_zh":"新余北","country":"China","region":"Xinyu","gdp_usd":13273,"segments":[{"line":"沪昆高速铁路","won_per_km":0.4942,"afford_pct":0.6215,"line_en":"Hukun High-Speed Railway"}]},"geometry":{"type":"Point","coordinates":[114.8913261,27.915231]}},{"type":"Feature","properties":{"name":"江阴","name_en":"Jiangyin","name_zh":"江阴","country":"China","region":"Wuxi","gdp_usd":30163,"segments":[{"line":"沪宁沿江高速铁路","won_per_km":0.5095,"afford_pct":0.282,"line_en":"Huningyanjiang High-Speed Railway"}]},"geometry":{"type":"Point","coordinates":[120.275,31.8635536]}},{"type":"Feature","properties":{"name":"孝感东","name_en":"Xiaogandong","name_zh":"孝感东","country":"China","region":"Xiaogan","gdp_usd":10865,"segments":[{"line":"武孝城际铁路","won_per_km":0.4217,"afford_pct":0.6479,"line_en":"Wuxiao Intercity Railway"},{"line":"武西高速铁路","won_per_km":0.4804,"afford_pct":0.7381,"line_en":"Wuxi High-Speed Railway"}]},"geometry":{"type":"Point","coordinates":[113.9424846,30.9357745]}},{"type":"Feature","properties":{"name":"陆丰","name_en":"Lufeng","name_zh":"陆丰","country":"China","region":"Shanwei","gdp_usd":7743,"segments":[{"line":"杭深铁路","won_per_km":0.4428,"afford_pct":0.9545,"line_en":"Hangshen Railway"}]},"geometry":{"type":"Point","coordinates":[115.7284621,22.9507378]}},{"type":"Feature","properties":{"name":"梅州西","name_en":"Meizhouxi","name_zh":"","country":"China","region":"Meizhou","gdp_usd":5456,"segments":[{"line":"龙龙高速铁路","won_per_km":0.5408,"afford_pct":1.6546,"line_en":"Longlong High-Speed Railway"},{"line":"梅汕高速铁路","won_per_km":0.4765,"afford_pct":1.4579,"line_en":"Meishan High-Speed Railway"}]},"geometry":{"type":"Point","coordinates":[116.043042,24.2529231]}},{"type":"Feature","properties":{"name":"随州南","name_en":"Suizhounan","name_zh":"","country":"China","region":"Suizhou","gdp_usd":10013,"segments":[{"line":"武西高速铁路","won_per_km":0.4804,"afford_pct":0.8009,"line_en":"Wuxi High-Speed Railway"}]},"geometry":{"type":"Point","coordinates":[113.3574609,31.6531859]}},{"type":"Feature","properties":{"name":"沈阳南","name_en":"Shenyangnan","name_zh":"沈阳南","country":"China","region":"Shenyang","gdp_usd":13614,"segments":[{"line":"沈大高速铁路","won_per_km":0.4582,"afford_pct":0.5618,"line_en":"Shenda High-Speed Railway"},{"line":"沈丹高速铁路","won_per_km":0.3365,"afford_pct":0.4126,"line_en":"Shendan High-Speed Railway"}]},"geometry":{"type":"Point","coordinates":[123.3998162,41.6660114]}},{"type":"Feature","properties":{"name":"横店","name_en":"Hengdian","name_zh":"","country":"China","region":"Jinhua","gdp_usd":13406,"segments":[{"line":"杭温高速铁路","won_per_km":0.523,"afford_pct":0.6512,"line_en":"Hangwen High-Speed Railway"}]},"geometry":{"type":"Point","coordinates":[120.259868,29.2175547]}},{"type":"Feature","properties":{"name":"贵阳","name_en":"Guiyang","name_zh":"贵阳","country":"China","region":"Guiyang","gdp_usd":12359,"segments":[{"line":"渝贵铁路","won_per_km":0.4006,"afford_pct":0.5411,"line_en":"Yugui Railway"},{"line":"联络线/城内段","won_per_km":0.4006,"afford_pct":0.5411,"line_en":"Lianluoxian/chengneiduan"},{"line":"联络线/城内段","won_per_km":0.4372,"afford_pct":0.5905,"line_en":"Lianluoxian/chengneiduan"},{"line":"联络线/城内段","won_per_km":0.4674,"afford_pct":0.6313,"line_en":"Lianluoxian/chengneiduan"},{"line":"联络线/城内段","won_per_km":0.4325,"afford_pct":0.5842,"line_en":"Lianluoxian/chengneiduan"}]},"geometry":{"type":"Point","coordinates":[106.6987409,26.559901]}},{"type":"Feature","properties":{"name":"江门东","name_en":"Jiangmendong","name_zh":"江门东","country":"China","region":"Jiangmen","gdp_usd":12144,"segments":[{"line":"广珠城际江门支线","won_per_km":0.6,"afford_pct":0.8247,"line_en":"Guangzhuchengjijiangmen Branch Line"}]},"geometry":{"type":"Point","coordinates":[113.09768740000001,22.5638778]}},{"type":"Feature","properties":{"name":"衡水北","name_en":"Hengshuibei","name_zh":"衡水北","country":"China","region":"Hengshui","gdp_usd":6619,"segments":[{"line":"石济高速铁路","won_per_km":0.3583,"afford_pct":0.9036,"line_en":"Shiji High-Speed Railway"}]},"geometry":{"type":"Point","coordinates":[115.66924990000001,37.7719911]}},{"type":"Feature","properties":{"name":"溧阳","name_en":"Liyang Railway Station","name_zh":"","country":"China","region":"Changzhou","gdp_usd":27956,"segments":[{"line":"宁杭高速铁路","won_per_km":0.5469,"afford_pct":0.3265,"line_en":"Ninghang High-Speed Railway"}]},"geometry":{"type":"Point","coordinates":[119.49768250000001,31.3879622]}},{"type":"Feature","properties":{"name":"莱西","name_en":"Laixi","name_zh":"","country":"China","region":"Qingdao","gdp_usd":22347,"segments":[{"line":"青荣城际铁路","won_per_km":0.3458,"afford_pct":0.2583,"line_en":"Qingrong Intercity Railway"},{"line":"潍荣高速铁路","won_per_km":0.4259,"afford_pct":0.3181,"line_en":"Weirong High-Speed Railway"}]},"geometry":{"type":"Point","coordinates":[120.52469730000001,36.8234954]}},{"type":"Feature","properties":{"name":"陵水","name_en":"Lingshui Railway Station","name_zh":"陵水","country":"China","region":"Lingshui","gdp_usd":9997,"segments":[{"line":"海南东环铁路","won_per_km":0.419,"afford_pct":0.6996,"line_en":"Hainandonghuan Railway"}]},"geometry":{"type":"Point","coordinates":[110.0288117,18.5379736]}},{"type":"Feature","properties":{"name":"百色","name_en":"Baise","name_zh":"百色","country":"China","region":"Baise","gdp_usd":7997,"segments":[{"line":"南昆高速铁路","won_per_km":0.3684,"afford_pct":0.7689,"line_en":"Nankun High-Speed Railway"}]},"geometry":{"type":"Point","coordinates":[106.6607247,23.8881479]}},{"type":"Feature","properties":{"name":"庆阳","name_en":"Qingyang","name_zh":"","country":"China","region":"Qingyang","gdp_usd":7927,"segments":[{"line":"银西高速铁路","won_per_km":0.429,"afford_pct":0.9034,"line_en":"Yinxi High-Speed Railway"},{"line":"银西高速铁路","won_per_km":0.4335,"afford_pct":0.9128,"line_en":"Yinxi High-Speed Railway"}]},"geometry":{"type":"Point","coordinates":[107.6235487,35.695005]}},{"type":"Feature","properties":{"name":"宾阳","name_en":"Binyang","name_zh":"宾阳","country":"China","region":"Nanning","gdp_usd":9311,"segments":[{"line":"柳南高速铁路","won_per_km":0.4215,"afford_pct":0.7556,"line_en":"Liunan High-Speed Railway"},{"line":"南广铁路","won_per_km":0.4448,"afford_pct":0.7974,"line_en":"Nanguang Railway"}]},"geometry":{"type":"Point","coordinates":[109.0879476,23.2195315]}},{"type":"Feature","properties":{"name":"盛泽","name_en":"Shengze","name_zh":"","country":"China","region":"Suzhou","gdp_usd":28659,"segments":[{"line":"沪苏湖高速铁路","won_per_km":0.3598,"afford_pct":0.2096,"line_en":"Husuhu High-Speed Railway"}]},"geometry":{"type":"Point","coordinates":[120.5642262,30.9092789]}},{"type":"Feature","properties":{"name":"巢湖东","name_en":"Chaohudong","name_zh":"巢湖东","country":"China","region":"Hefei","gdp_usd":18927,"segments":[{"line":"合杭高速铁路","won_per_km":0.4766,"afford_pct":0.4203,"line_en":"Hehang High-Speed Railway"},{"line":"合福高速铁路","won_per_km":0.4433,"afford_pct":0.391,"line_en":"Hefu High-Speed Railway"}]},"geometry":{"type":"Point","coordinates":[117.9204547,31.620212]}},{"type":"Feature","properties":{"name":"威海","name_en":"Weihai","name_zh":"威海","country":"China","region":"Weihai","gdp_usd":17798,"segments":[{"line":"青荣城际铁路","won_per_km":0.3736,"afford_pct":0.3504,"line_en":"Qingrong Intercity Railway"}]},"geometry":{"type":"Point","coordinates":[122.1385889,37.4259659]}},{"type":"Feature","properties":{"name":"永康南","name_en":"Yongkangnan","name_zh":"永康南","country":"China","region":"Jinhua","gdp_usd":13406,"segments":[{"line":"金温铁路","won_per_km":0.3716,"afford_pct":0.4627,"line_en":"Jinwen Railway"}]},"geometry":{"type":"Point","coordinates":[120.01924,28.853576]}},{"type":"Feature","properties":{"name":"钦州东","name_en":"Qinzhoudong","name_zh":"钦州东","country":"China","region":"Qinzhou","gdp_usd":7862,"segments":[{"line":"邕北铁路","won_per_km":0.3959,"afford_pct":0.8405,"line_en":"Yongbei Railway"}]},"geometry":{"type":"Point","coordinates":[108.664843,21.9823646]}},{"type":"Feature","properties":{"name":"滁州","name_en":"Chuzhou","name_zh":"滁州","country":"China","region":"Chuzhou","gdp_usd":13838,"segments":[{"line":"京沪高速铁路","won_per_km":0.4957,"afford_pct":0.5979,"line_en":"Jinghu High-Speed Railway"}]},"geometry":{"type":"Point","coordinates":[118.3149427,32.1999745]}},{"type":"Feature","properties":{"name":"菏泽东","name_en":"Hezedong","name_zh":"","country":"China","region":"Heze","gdp_usd":7852,"segments":[{"line":"日兰高速铁路","won_per_km":0.536,"afford_pct":1.1395,"line_en":"Rilan High-Speed Railway"}]},"geometry":{"type":"Point","coordinates":[115.5575103,35.1845855]}},{"type":"Feature","properties":{"name":"阳新","name_en":"Yangxin","name_zh":"阳新","country":"China","region":"Huangshi","gdp_usd":13170,"segments":[{"line":"武九高速铁路","won_per_km":0.4,"afford_pct":0.507,"line_en":"Wujiu High-Speed Railway"}]},"geometry":{"type":"Point","coordinates":[115.1746628,29.8621677]}},{"type":"Feature","properties":{"name":"缙云西","name_en":"Jinyunxi","name_zh":"","country":"China","region":"Lishui","gdp_usd":11992,"segments":[{"line":"金温铁路","won_per_km":0.3716,"afford_pct":0.5172,"line_en":"Jinwen Railway"}]},"geometry":{"type":"Point","coordinates":[120.0504827,28.6802532]}},{"type":"Feature","properties":{"name":"齐齐哈尔南","name_en":"Qiqiha'ernan","name_zh":"","country":"China","region":"Qiqihar","gdp_usd":4960,"segments":[{"line":"哈齐高速铁路","won_per_km":0.3427,"afford_pct":1.1534,"line_en":"Haqi High-Speed Railway"}]},"geometry":{"type":"Point","coordinates":[123.9653116,47.2824806]}},{"type":"Feature","properties":{"name":"绩溪北","name_en":"Jixibei","name_zh":"","country":"China","region":"Xuancheng","gdp_usd":11479,"segments":[{"line":"杭昌高速铁路","won_per_km":0.4044,"afford_pct":0.5881,"line_en":"Hangchang High-Speed Railway"},{"line":"宣绩高速铁路","won_per_km":0.4609,"afford_pct":0.6702,"line_en":"Xuanji High-Speed Railway"},{"line":"合福高速铁路","won_per_km":0.4433,"afford_pct":0.6446,"line_en":"Hefu High-Speed Railway"}]},"geometry":{"type":"Point","coordinates":[118.56668470000001,30.0737828]}},{"type":"Feature","properties":{"name":"霞浦","name_en":"Xiapu","name_zh":"霞浦","country":"China","region":"Ningde","gdp_usd":17166,"segments":[{"line":"杭深铁路","won_per_km":0.398,"afford_pct":0.387,"line_en":"Hangshen Railway"}]},"geometry":{"type":"Point","coordinates":[120.0282365,26.9127474]}},{"type":"Feature","properties":{"name":"荔波","name_en":"Libo","name_zh":"","country":"China","region":"Qiannan Prefecture","gdp_usd":7762,"segments":[{"line":"贵南高速铁路","won_per_km":0.4704,"afford_pct":1.0116,"line_en":"Guinan High-Speed Railway"}]},"geometry":{"type":"Point","coordinates":[107.818764,25.3476252]}},{"type":"Feature","properties":{"name":"饶平","name_en":"Raoping","name_zh":"饶平","country":"China","region":"Chaozhou","gdp_usd":7573,"segments":[{"line":"杭深铁路","won_per_km":0.4428,"afford_pct":0.976,"line_en":"Hangshen Railway"}]},"geometry":{"type":"Point","coordinates":[116.9283432,23.714094]}},{"type":"Feature","properties":{"name":"吴川","name_en":"Wuchuan","name_zh":"吴川","country":"China","region":"Zhanjiang","gdp_usd":7524,"segments":[{"line":"深湛铁路","won_per_km":0.5378,"afford_pct":1.1932,"line_en":"Shenzhan Railway"},{"line":"广湛高速铁路","won_per_km":0.655,"afford_pct":1.4532,"line_en":"Guangzhan High-Speed Railway"}]},"geometry":{"type":"Point","coordinates":[110.76525070000001,21.5119087]}},{"type":"Feature","properties":{"name":"长治东","name_en":"Zhangzhidong","name_zh":"","country":"China","region":"Changzhi","gdp_usd":11592,"segments":[{"line":"郑太高速铁路","won_per_km":0.4908,"afford_pct":0.7068,"line_en":"Zhengtai High-Speed Railway"}]},"geometry":{"type":"Point","coordinates":[113.159081,36.2290739]}},{"type":"Feature","properties":{"name":"桂平","name_en":"Guiping","name_zh":"桂平","country":"China","region":"Guigang","gdp_usd":5072,"segments":[{"line":"南广铁路","won_per_km":0.4448,"afford_pct":1.4638,"line_en":"Nanguang Railway"}]},"geometry":{"type":"Point","coordinates":[110.1122335,23.3185017]}},{"type":"Feature","properties":{"name":"阜新","name_en":"Fuxin","name_zh":"","country":"China","region":"Fuxin","gdp_usd":5874,"segments":[{"line":"京哈高速铁路","won_per_km":0.4982,"afford_pct":1.4158,"line_en":"Jingha High-Speed Railway"}]},"geometry":{"type":"Point","coordinates":[121.6542048,42.0558876]}},{"type":"Feature","properties":{"name":"铜陵","name_en":"Tongling","name_zh":"铜陵","country":"China","region":"Tongling","gdp_usd":14167,"segments":[{"line":"宁安城际铁路","won_per_km":0.4008,"afford_pct":0.4723,"line_en":"Ningan Intercity Railway"}]},"geometry":{"type":"Point","coordinates":[117.85645140000001,30.921197]}},{"type":"Feature","properties":{"name":"宜宾","name_en":"Yibin","name_zh":"宜宾","country":"China","region":"Yibin","gdp_usd":12062,"segments":[{"line":"成宜高速铁路","won_per_km":0.4578,"afford_pct":0.6335,"line_en":"Chengyi High-Speed Railway"},{"line":"渝昆高速铁路","won_per_km":0.599,"afford_pct":0.8289,"line_en":"Yukun High-Speed Railway"},{"line":"成贵高速铁路","won_per_km":0.4537,"afford_pct":0.6279,"line_en":"Chenggui High-Speed Railway"}]},"geometry":{"type":"Point","coordinates":[104.63066060000001,28.7308668]}},{"type":"Feature","properties":{"name":"天府机场","name_en":"Tianfujichang","name_zh":"","country":"China","region":"Ziyang","gdp_usd":6836,"segments":[{"line":"成宜高速铁路","won_per_km":0.4944,"afford_pct":1.2073,"line_en":"Chengyi High-Speed Railway"}]},"geometry":{"type":"Point","coordinates":[104.4428034,30.3163166]}},{"type":"Feature","properties":{"name":"吴忠","name_en":"Wuzhong","name_zh":"","country":"China","region":"Yinchuan","gdp_usd":14045,"segments":[{"line":"银兰高速铁路","won_per_km":0.4216,"afford_pct":0.5011,"line_en":"Yinlan High-Speed Railway"},{"line":"银西高速铁路","won_per_km":0.429,"afford_pct":0.5099,"line_en":"Yinxi High-Speed Railway"}]},"geometry":{"type":"Point","coordinates":[106.245529,37.9755129]}},{"type":"Feature","properties":{"name":"诏安","name_en":"Zhao'an","name_zh":"诏安","country":"China","region":"Zhangzhou","gdp_usd":16638,"segments":[{"line":"杭深铁路","won_per_km":0.4428,"afford_pct":0.4442,"line_en":"Hangshen Railway"}]},"geometry":{"type":"Point","coordinates":[117.0926958,23.774602]}},{"type":"Feature","properties":{"name":"延吉西","name_en":"Yanjixi","name_zh":"延吉西","country":"China","region":"Yanbian Prefecture","gdp_usd":7453,"segments":[{"line":"长珲城际铁路","won_per_km":0.3079,"afford_pct":0.6896,"line_en":"Zhanghui Intercity Railway"}]},"geometry":{"type":"Point","coordinates":[129.4077614,42.9025351]}},{"type":"Feature","properties":{"name":"武清","name_en":"Wuqing","name_zh":"","country":"China","region":"Tianjin","gdp_usd":18381,"segments":[{"line":"京津城际铁路","won_per_km":0.4542,"afford_pct":0.4125,"line_en":"Jingjin Intercity Railway"},{"line":"联络线/城内段","won_per_km":0.4542,"afford_pct":0.4125,"line_en":"Lianluoxian/chengneiduan"}]},"geometry":{"type":"Point","coordinates":[117.0099011,39.3710644]}},{"type":"Feature","properties":{"name":"云山","name_en":"Yunshan","name_zh":"云山","country":"China","region":"Huizhou","gdp_usd":14004,"segments":[{"line":"广惠城际铁路","won_per_km":0.5548,"afford_pct":0.6613,"line_en":"Guanghui Intercity Railway"}]},"geometry":{"type":"Point","coordinates":[114.4124974,23.1127515]}},{"type":"Feature","properties":{"name":"西平西","name_en":"Xipingxi","name_zh":"西平西","country":"China","region":"Dongguan","gdp_usd":16228,"segments":[{"line":"广惠城际铁路","won_per_km":0.5548,"afford_pct":0.5707,"line_en":"Guanghui Intercity Railway"}]},"geometry":{"type":"Point","coordinates":[113.7403909,22.9973677]}},{"type":"Feature","properties":{"name":"吉首东","name_en":"Jishoudong","name_zh":"","country":"China","region":"Xiangxi Prefecture","gdp_usd":4937,"segments":[{"line":"张吉怀高速铁路","won_per_km":0.5551,"afford_pct":1.8768,"line_en":"Zhangjihuai High-Speed Railway"}]},"geometry":{"type":"Point","coordinates":[109.7227893,28.2191531]}},{"type":"Feature","properties":{"name":"鄠邑","name_en":"Huyi","name_zh":"鄠邑","country":"China","region":"Xi'an","gdp_usd":14117,"segments":[{"line":"西成高速铁路","won_per_km":0.4316,"afford_pct":0.5103,"line_en":"Xicheng High-Speed Railway"}]},"geometry":{"type":"Point","coordinates":[108.675723,34.080975]}},{"type":"Feature","properties":{"name":"临海","name_en":"Linhai","name_zh":"临海","country":"China","region":"Taizhou","gdp_usd":13777,"segments":[{"line":"杭台高速铁路","won_per_km":0.4965,"afford_pct":0.6015,"line_en":"Hangtai High-Speed Railway"},{"line":"杭深铁路","won_per_km":0.3782,"afford_pct":0.4582,"line_en":"Hangshen Railway"}]},"geometry":{"type":"Point","coordinates":[121.2424833,28.8830234]}},{"type":"Feature","properties":{"name":"晋城东","name_en":"Jinchengdong","name_zh":"","country":"China","region":"Jincheng","gdp_usd":15485,"segments":[{"line":"郑太高速铁路","won_per_km":0.4908,"afford_pct":0.5291,"line_en":"Zhengtai High-Speed Railway"}]},"geometry":{"type":"Point","coordinates":[112.9783984,35.5342996]}},{"type":"Feature","properties":{"name":"锦州南","name_en":"Jinzhounan","name_zh":"锦州南","country":"China","region":"Jinzhou","gdp_usd":7207,"segments":[{"line":"秦沈客运专线","won_per_km":0.3259,"afford_pct":0.7548,"line_en":"Qinshen Passenger Line"}]},"geometry":{"type":"Point","coordinates":[121.1211616,41.0144956]}},{"type":"Feature","properties":{"name":"本溪","name_en":"Benxi","name_zh":"本溪","country":"China","region":"Benxi","gdp_usd":11561,"segments":[{"line":"沈丹高速铁路","won_per_km":0.3365,"afford_pct":0.4859,"line_en":"Shendan High-Speed Railway"}]},"geometry":{"type":"Point","coordinates":[123.7520418,41.2933368]}},{"type":"Feature","properties":{"name":"丹东","name_en":"Dandong","name_zh":"丹东","country":"China","region":"Dandong","gdp_usd":6738,"segments":[{"line":"沈丹高速铁路","won_per_km":0.3365,"afford_pct":0.8336,"line_en":"Shendan High-Speed Railway"},{"line":"丹大铁路","won_per_km":0.3908,"afford_pct":0.9681,"line_en":"Danda Railway"}]},"geometry":{"type":"Point","coordinates":[124.3817595,40.1228859]}},{"type":"Feature","properties":{"name":"营口东","name_en":"Yingkoudong","name_zh":"营口东","country":"China","region":"Yingkou","gdp_usd":9629,"segments":[{"line":"沈大高速铁路","won_per_km":0.4582,"afford_pct":0.7943,"line_en":"Shenda High-Speed Railway"},{"line":"盘营高速铁路","won_per_km":0.4437,"afford_pct":0.7692,"line_en":"Panying High-Speed Railway"}]},"geometry":{"type":"Point","coordinates":[122.4233576,40.6235784]}},{"type":"Feature","properties":{"name":"大兴机场","name_en":"Daxing Airport","name_zh":"大兴机场","country":"China","region":"Beijing","gdp_usd":31738,"segments":[{"line":"京雄城际铁路","won_per_km":0.5094,"afford_pct":0.2679,"line_en":"Jingxiong Intercity Railway"},{"line":"津兴城际铁路","won_per_km":0.3182,"afford_pct":0.1674,"line_en":"Jinxing Intercity Railway"},{"line":"怀兴城际铁路","won_per_km":0.2143,"afford_pct":0.1127,"line_en":"Huaixing Intercity Railway"},{"line":"联络线/城内段","won_per_km":0.3182,"afford_pct":0.1674,"line_en":"Lianluoxian/chengneiduan"}]},"geometry":{"type":"Point","coordinates":[116.4105556,39.5133607]}},{"type":"Feature","properties":{"name":"亳州南","name_en":"Bozhounan","name_zh":"亳州南","country":"China","region":"Bozhou","gdp_usd":7186,"segments":[{"line":"京港高速铁路","won_per_km":0.4821,"afford_pct":1.1198,"line_en":"Jinggang High-Speed Railway"}]},"geometry":{"type":"Point","coordinates":[115.7930907,33.796241]}},{"type":"Feature","properties":{"name":"松山湖北","name_en":"Songshanhubei","name_zh":"松山湖北","country":"China","region":"Dongguan","gdp_usd":16228,"segments":[{"line":"广惠城际铁路","won_per_km":0.5548,"afford_pct":0.5707,"line_en":"Guanghui Intercity Railway"}]},"geometry":{"type":"Point","coordinates":[113.8920379,22.9611126]}},{"type":"Feature","properties":{"name":"广州长隆","name_en":"Guangzhouchanglong","name_zh":"广州长隆","country":"China","region":"Guangzhou","gdp_usd":22836,"segments":[{"line":"广惠城际铁路","won_per_km":0.5548,"afford_pct":0.4055,"line_en":"Guanghui Intercity Railway"}]},"geometry":{"type":"Point","coordinates":[113.324938,22.9929049]}},{"type":"Feature","properties":{"name":"番禺","name_en":"Panyu","name_zh":"番禺","country":"China","region":"Guangzhou","gdp_usd":22836,"segments":[{"line":"广珠城际铁路","won_per_km":0.6034,"afford_pct":0.4411,"line_en":"Guangzhu Intercity Railway"},{"line":"广珠城际江门支线","won_per_km":0.6,"afford_pct":0.4386,"line_en":"Guangzhuchengjijiangmen Branch Line"},{"line":"广深港高速铁路","won_per_km":0.7304,"afford_pct":0.5339,"line_en":"Guangshengang High-Speed Railway"},{"line":"广惠城际铁路","won_per_km":0.5548,"afford_pct":0.4055,"line_en":"Guanghui Intercity Railway"},{"line":"广肇城际铁路","won_per_km":0.2881,"afford_pct":0.2106,"line_en":"Guangzhao Intercity Railway"},{"line":"广州东环城际铁路","won_per_km":0.5875,"afford_pct":0.4294,"line_en":"Guangzhoudonghuan Intercity Railway"}]},"geometry":{"type":"Point","coordinates":[113.2702127,22.9924638]}},{"type":"Feature","properties":{"name":"抚州","name_en":"Fuzhou","name_zh":"","country":"China","region":"Fuzhou (JX)","gdp_usd":8518,"segments":[{"line":"昌福铁路","won_per_km":0.4881,"afford_pct":0.9565,"line_en":"Changfu Railway"}]},"geometry":{"type":"Point","coordinates":[116.347298,27.9221411]}},{"type":"Feature","properties":{"name":"北京","name_en":"Beijing","name_zh":"北京","country":"China","region":"Beijing","gdp_usd":31738,"segments":[{"line":"京唐城际铁路","won_per_km":0.5497,"afford_pct":0.2891,"line_en":"Jingtang Intercity Railway"},{"line":"联络线/城内段","won_per_km":0.535,"afford_pct":0.2814,"line_en":"Lianluoxian/chengneiduan"},{"line":"联络线/城内段","won_per_km":0.5094,"afford_pct":0.2679,"line_en":"Lianluoxian/chengneiduan"},{"line":"联络线/城内段","won_per_km":0.5123,"afford_pct":0.2694,"line_en":"Lianluoxian/chengneiduan"}]},"geometry":{"type":"Point","coordinates":[116.4210134,39.9011168]}},{"type":"Feature","properties":{"name":"佳木斯","name_en":"Jiamusi","name_zh":"佳木斯","country":"China","region":"Jiamusi","gdp_usd":6784,"segments":[{"line":"沈佳高速铁路","won_per_km":0.4489,"afford_pct":1.1045,"line_en":"Shenjia High-Speed Railway"},{"line":"哈佳铁路","won_per_km":0.366,"afford_pct":0.9005,"line_en":"Hajia Railway"}]},"geometry":{"type":"Point","coordinates":[130.37588820000002,46.801709]}},{"type":"Feature","properties":{"name":"云浮东","name_en":"Yunfu East","name_zh":"云浮东","country":"China","region":"Yunfu","gdp_usd":7598,"segments":[{"line":"南广铁路","won_per_km":0.4431,"afford_pct":0.9735,"line_en":"Nanguang Railway"}]},"geometry":{"type":"Point","coordinates":[112.1332222,23.0150181]}},{"type":"Feature","properties":{"name":"葫芦岛北","name_en":"Huludaobei","name_zh":"葫芦岛北","country":"China","region":"Huludao","gdp_usd":6003,"segments":[{"line":"秦沈客运专线","won_per_km":0.3259,"afford_pct":0.9062,"line_en":"Qinshen Passenger Line"}]},"geometry":{"type":"Point","coordinates":[120.758204,40.741694]}},{"type":"Feature","properties":{"name":"福鼎","name_en":"Fuding","name_zh":"福鼎","country":"China","region":"Ningde","gdp_usd":17166,"segments":[{"line":"杭深铁路","won_per_km":0.398,"afford_pct":0.387,"line_en":"Hangshen Railway"}]},"geometry":{"type":"Point","coordinates":[120.1846007,27.2855804]}},{"type":"Feature","properties":{"name":"仙游","name_en":"Xianyou","name_zh":"仙游","country":"China","region":"Putian","gdp_usd":15033,"segments":[{"line":"杭深铁路","won_per_km":0.444,"afford_pct":0.493,"line_en":"Hangshen Railway"}]},"geometry":{"type":"Point","coordinates":[118.8666649,25.2535131]}},{"type":"Feature","properties":{"name":"黄石北","name_en":"Huangshibei","name_zh":"黄石北","country":"China","region":"Huangshi","gdp_usd":13170,"segments":[{"line":"武九高速铁路","won_per_km":0.4,"afford_pct":0.507,"line_en":"Wujiu High-Speed Railway"}]},"geometry":{"type":"Point","coordinates":[115.0028274,30.2142887]}},{"type":"Feature","properties":{"name":"宜昌北","name_en":"Yichangbei","name_zh":"","country":"China","region":"Yichang","gdp_usd":21940,"segments":[{"line":"沪渝蓉高速铁路","won_per_km":0.39,"afford_pct":0.2967,"line_en":"Huyurong High-Speed Railway"},{"line":"联络线/城内段","won_per_km":0.375,"afford_pct":0.2853,"line_en":"Lianluoxian/chengneiduan"}]},"geometry":{"type":"Point","coordinates":[111.4696507,30.7470051]}},{"type":"Feature","properties":{"name":"琼海","name_en":"Qionghai","name_zh":"","country":"China","region":"Qionghai","gdp_usd":9991,"segments":[{"line":"海南东环铁路","won_per_km":0.419,"afford_pct":0.7,"line_en":"Hainandonghuan Railway"}]},"geometry":{"type":"Point","coordinates":[110.4876438,19.241613]}},{"type":"Feature","properties":{"name":"平阳","name_en":"Pingyang","name_zh":"","country":"China","region":"Wenzhou","gdp_usd":13786,"segments":[{"line":"杭深铁路","won_per_km":0.398,"afford_pct":0.4819,"line_en":"Hangshen Railway"}]},"geometry":{"type":"Point","coordinates":[120.5408442,27.629223]}},{"type":"Feature","properties":{"name":"九江","name_en":"Jiujiang","name_zh":"九江","country":"China","region":"Jiujiang","gdp_usd":12384,"segments":[{"line":"衢九铁路","won_per_km":0.3709,"afford_pct":0.4999,"line_en":"Qujiu Railway"},{"line":"昌九城际铁路","won_per_km":0.2676,"afford_pct":0.3607,"line_en":"Changjiu Intercity Railway"}]},"geometry":{"type":"Point","coordinates":[116.001671,29.7066051]}},{"type":"Feature","properties":{"name":"兰考南","name_en":"Lankao South station","name_zh":"","country":"China","region":"Kaifeng","gdp_usd":8161,"segments":[{"line":"徐兰高速铁路","won_per_km":0.4597,"afford_pct":0.9402,"line_en":"Xulan High-Speed Railway"},{"line":"日兰高速铁路","won_per_km":0.536,"afford_pct":1.0963,"line_en":"Rilan High-Speed Railway"}]},"geometry":{"type":"Point","coordinates":[114.8183029,34.7720247]}},{"type":"Feature","properties":{"name":"凤凰机场","name_en":"Fenghuang Airport","name_zh":"凤凰机场","country":"China","region":"Sanya","gdp_usd":12522,"segments":[{"line":"海南西环铁路","won_per_km":0.3287,"afford_pct":0.4382,"line_en":"Hainanxihuan Railway"}]},"geometry":{"type":"Point","coordinates":[109.4048937,18.3104251]}},{"type":"Feature","properties":{"name":"鄱阳","name_en":"Poyang","name_zh":"","country":"China","region":"Shangrao","gdp_usd":8121,"segments":[{"line":"杭昌高速铁路","won_per_km":0.5417,"afford_pct":1.1134,"line_en":"Hangchang High-Speed Railway"}]},"geometry":{"type":"Point","coordinates":[116.7943091,28.9819727]}},{"type":"Feature","properties":{"name":"大冶北","name_en":"Dayebei","name_zh":"大冶北","country":"China","region":"Huangshi","gdp_usd":13170,"segments":[{"line":"武九高速铁路","won_per_km":0.4,"afford_pct":0.507,"line_en":"Wujiu High-Speed Railway"}]},"geometry":{"type":"Point","coordinates":[114.9953912,30.1248683]}},{"type":"Feature","properties":{"name":"珠海北","name_en":"Zhuhaibei","name_zh":"","country":"China","region":"Zhuhai (nearest)","gdp_usd":24859,"segments":[{"line":"广珠城际铁路","won_per_km":0.6034,"afford_pct":0.4052,"line_en":"Guangzhu Intercity Railway"}]},"geometry":{"type":"Point","coordinates":[113.5468823,22.4037481]}},{"type":"Feature","properties":{"name":"大荔","name_en":"Dali","name_zh":"大荔","country":"China","region":"Weinan","gdp_usd":6548,"segments":[{"line":"大西高速铁路","won_per_km":0.3163,"afford_pct":0.8063,"line_en":"Daxi High-Speed Railway"}]},"geometry":{"type":"Point","coordinates":[109.920831,34.8356277]}},{"type":"Feature","properties":{"name":"藤县","name_en":"Tengxian","name_zh":"藤县","country":"China","region":"Wuzhou","gdp_usd":7974,"segments":[{"line":"南广铁路","won_per_km":0.4448,"afford_pct":0.9311,"line_en":"Nanguang Railway"}]},"geometry":{"type":"Point","coordinates":[110.98228270000001,23.3367345]}},{"type":"Feature","properties":{"name":"池州","name_en":"Chizhou","name_zh":"","country":"China","region":"Chizhou","gdp_usd":12380,"segments":[{"line":"宁安城际铁路","won_per_km":0.4008,"afford_pct":0.5404,"line_en":"Ningan Intercity Railway"},{"line":"池黄高速铁路","won_per_km":0.439,"afford_pct":0.5919,"line_en":"Chihuang High-Speed Railway"}]},"geometry":{"type":"Point","coordinates":[117.5170183,30.6218762]}},{"type":"Feature","properties":{"name":"清城","name_en":"Qingcheng","name_zh":"清城","country":"China","region":"Qingyuan","gdp_usd":7859,"segments":[{"line":"广清城际铁路","won_per_km":0.4051,"afford_pct":0.8604,"line_en":"Guangqing Intercity Railway"}]},"geometry":{"type":"Point","coordinates":[113.0607757,23.6560844]}},{"type":"Feature","properties":{"name":"花都","name_en":"Huadu","name_zh":"花都","country":"China","region":"Guangzhou","gdp_usd":22836,"segments":[{"line":"京广高速铁路","won_per_km":0.4698,"afford_pct":0.3434,"line_en":"Jingguang High-Speed Railway"},{"line":"广清城际铁路","won_per_km":0.4051,"afford_pct":0.2961,"line_en":"Guangqing Intercity Railway"},{"line":"联络线/城内段","won_per_km":0.5068,"afford_pct":0.3704,"line_en":"Lianluoxian/chengneiduan"}]},"geometry":{"type":"Point","coordinates":[113.1973841,23.3798718]}},{"type":"Feature","properties":{"name":"光明城","name_en":"Guangmingcheng","name_zh":"光明城","country":"China","region":"Shenzhen","gdp_usd":28615,"segments":[{"line":"京港高速铁路","won_per_km":0.5906,"afford_pct":0.3445,"line_en":"Jinggang High-Speed Railway"},{"line":"广深港高速铁路","won_per_km":0.7304,"afford_pct":0.4261,"line_en":"Guangshengang High-Speed Railway"}]},"geometry":{"type":"Point","coordinates":[113.94990030000001,22.73558]}},{"type":"Feature","properties":{"name":"三门峡南","name_en":"Sanmenxianan","name_zh":"三门峡南","country":"China","region":"Sanmenxia","gdp_usd":11596,"segments":[{"line":"徐兰高速铁路","won_per_km":0.4579,"afford_pct":0.6592,"line_en":"Xulan High-Speed Railway"}]},"geometry":{"type":"Point","coordinates":[111.1542177,34.7495864]}},{"type":"Feature","properties":{"name":"温州北","name_en":"Wenzhoubei","name_zh":"","country":"China","region":"Wenzhou","gdp_usd":13786,"segments":[{"line":"杭温高速铁路","won_per_km":0.523,"afford_pct":0.6333,"line_en":"Hangwen High-Speed Railway"},{"line":"杭深铁路","won_per_km":0.3782,"afford_pct":0.4579,"line_en":"Hangshen Railway"}]},"geometry":{"type":"Point","coordinates":[120.69133140000001,28.0710301]}},{"type":"Feature","properties":{"name":"长寿北","name_en":"Changshoubei","name_zh":"长寿北","country":"China","region":"Chongqing","gdp_usd":14036,"segments":[{"line":"宁蓉铁路","won_per_km":0.3092,"afford_pct":0.3677,"line_en":"Ningrong Railway"},{"line":"郑渝高速铁路","won_per_km":0.45,"afford_pct":0.5352,"line_en":"Zhengyu High-Speed Railway"}]},"geometry":{"type":"Point","coordinates":[107.0700824,29.8832298]}},{"type":"Feature","properties":{"name":"西湖东","name_en":"Xihudong","name_zh":"西湖东","country":"China","region":"Huizhou","gdp_usd":14004,"segments":[{"line":"广惠城际铁路","won_per_km":0.5548,"afford_pct":0.6613,"line_en":"Guanghui Intercity Railway"}]},"geometry":{"type":"Point","coordinates":[114.3959101,23.0890277]}},{"type":"Feature","properties":{"name":"陈江南","name_en":"Chenjiangnan","name_zh":"陈江南","country":"China","region":"Huizhou","gdp_usd":14004,"segments":[{"line":"广惠城际铁路","won_per_km":0.5548,"afford_pct":0.6613,"line_en":"Guanghui Intercity Railway"}]},"geometry":{"type":"Point","coordinates":[114.3218533,23.0087607]}},{"type":"Feature","properties":{"name":"广州莲花山","name_en":"Guangzhoulianhaushan","name_zh":"广州莲花山","country":"China","region":"Guangzhou","gdp_usd":22836,"segments":[{"line":"广惠城际铁路","won_per_km":0.5548,"afford_pct":0.4055,"line_en":"Guanghui Intercity Railway"}]},"geometry":{"type":"Point","coordinates":[113.4868797,23.0051403]}},{"type":"Feature","properties":{"name":"南昌","name_en":"Nanchang","name_zh":"南昌","country":"China","region":"Nanchang","gdp_usd":16392,"segments":[{"line":"杭昌高速铁路","won_per_km":0.5417,"afford_pct":0.5516,"line_en":"Hangchang High-Speed Railway"}]},"geometry":{"type":"Point","coordinates":[115.91482470000001,28.6652855]}},{"type":"Feature","properties":{"name":"福清","name_en":"Fuqing","name_zh":"","country":"China","region":"Fuzhou","gdp_usd":23339,"segments":[{"line":"杭深铁路","won_per_km":0.444,"afford_pct":0.3175,"line_en":"Hangshen Railway"}]},"geometry":{"type":"Point","coordinates":[119.3794399,25.678311]}},{"type":"Feature","properties":{"name":"金寨","name_en":"Jinzhai","name_zh":"","country":"China","region":"Lu'an","gdp_usd":7424,"segments":[{"line":"宁蓉铁路","won_per_km":0.3992,"afford_pct":0.8976,"line_en":"Ningrong Railway"}]},"geometry":{"type":"Point","coordinates":[115.9702216,31.6280374]}},{"type":"Feature","properties":{"name":"乐清","name_en":"Yueqing","name_zh":"","country":"China","region":"Wenzhou","gdp_usd":13786,"segments":[{"line":"杭深铁路","won_per_km":0.3782,"afford_pct":0.4579,"line_en":"Hangshen Railway"}]},"geometry":{"type":"Point","coordinates":[120.8555424,28.0877033]}},{"type":"Feature","properties":{"name":"台州","name_en":"Taizhou","name_zh":"","country":"China","region":"Taizhou","gdp_usd":13777,"segments":[{"line":"杭台高速铁路","won_per_km":0.4965,"afford_pct":0.6015,"line_en":"Hangtai High-Speed Railway"}]},"geometry":{"type":"Point","coordinates":[121.36728640000001,28.6561685]}},{"type":"Feature","properties":{"name":"鲅鱼圈","name_en":"Bayuquan","name_zh":"鲅鱼圈","country":"China","region":"Yingkou","gdp_usd":9629,"segments":[{"line":"沈大高速铁路","won_per_km":0.4582,"afford_pct":0.7943,"line_en":"Shenda High-Speed Railway"}]},"geometry":{"type":"Point","coordinates":[122.08988470000001,40.1865964]}},{"type":"Feature","properties":{"name":"廊坊","name_en":"Langfang","name_zh":"廊坊","country":"China","region":"Langfang","gdp_usd":9923,"segments":[{"line":"京沪高速铁路","won_per_km":0.5123,"afford_pct":0.8618,"line_en":"Jinghu High-Speed Railway"}]},"geometry":{"type":"Point","coordinates":[116.7029545,39.5083948]}},{"type":"Feature","properties":{"name":"长白山","name_en":"Changbaishan","name_zh":"长白山","country":"China","region":"Yanbian Prefecture","gdp_usd":7453,"segments":[{"line":"沈佳高速铁路","won_per_km":0.6395,"afford_pct":1.4322,"line_en":"Shenjia High-Speed Railway"},{"line":"沈佳高速铁路","won_per_km":0.4505,"afford_pct":1.0089,"line_en":"Shenjia High-Speed Railway"}]},"geometry":{"type":"Point","coordinates":[128.12192340000001,42.4605171]}},{"type":"Feature","properties":{"name":"泰州","name_en":"Taizhou","name_zh":"","country":"China","region":"Taizhou","gdp_usd":21749,"segments":[{"line":"宁启铁路","won_per_km":0.3721,"afford_pct":0.2856,"line_en":"Ningqi Railway"}]},"geometry":{"type":"Point","coordinates":[119.97554280000001,32.5311298]}},{"type":"Feature","properties":{"name":"常平南","name_en":"Changpingnan","name_zh":"常平南","country":"China","region":"Dongguan","gdp_usd":16228,"segments":[{"line":"广深城际铁路","won_per_km":0.5068,"afford_pct":0.5213,"line_en":"Guangshen Intercity Railway"},{"line":"广惠城际铁路","won_per_km":0.5548,"afford_pct":0.5707,"line_en":"Guanghui Intercity Railway"}]},"geometry":{"type":"Point","coordinates":[113.99800470000001,22.9752148]}},{"type":"Feature","properties":{"name":"湛江西","name_en":"Zhanjiangxi","name_zh":"","country":"China","region":"Zhanjiang","gdp_usd":7524,"segments":[{"line":"深湛铁路","won_per_km":0.5378,"afford_pct":1.1932,"line_en":"Shenzhan Railway"}]},"geometry":{"type":"Point","coordinates":[110.28384740000001,21.2456349]}},{"type":"Feature","properties":{"name":"巴彦淖尔","name_en":"Bayannaoer","name_zh":"","country":"China","region":"Bayannur","gdp_usd":11559,"segments":[{"line":"包银高速铁路","won_per_km":0.4215,"afford_pct":0.6087,"line_en":"Baoyin High-Speed Railway"}]},"geometry":{"type":"Point","coordinates":[107.40474990000001,40.7335801]}},{"type":"Feature","properties":{"name":"晋中","name_en":"Jinzhong","name_zh":"","country":"China","region":"Jinzhong","gdp_usd":10187,"segments":[{"line":"大西高速铁路","won_per_km":0.3146,"afford_pct":0.5155,"line_en":"Daxi High-Speed Railway"},{"line":"郑太高速铁路","won_per_km":0.4908,"afford_pct":0.8042,"line_en":"Zhengtai High-Speed Railway"}]},"geometry":{"type":"Point","coordinates":[112.63606960000001,37.6861958]}},{"type":"Feature","properties":{"name":"桐乡","name_en":"Tongxiang","name_zh":"","country":"China","region":"Jiaxing","gdp_usd":18816,"segments":[{"line":"沪昆高速铁路","won_per_km":0.498,"afford_pct":0.4418,"line_en":"Hukun High-Speed Railway"}]},"geometry":{"type":"Point","coordinates":[120.5637382,30.5393486]}},{"type":"Feature","properties":{"name":"永州","name_en":"Yongzhou","name_zh":"永州","country":"China","region":"Yongzhou","gdp_usd":7421,"segments":[{"line":"衡柳铁路","won_per_km":0.3082,"afford_pct":0.6933,"line_en":"Hengliu Railway"}]},"geometry":{"type":"Point","coordinates":[111.5655253,26.4576625]}},{"type":"Feature","properties":{"name":"赣榆","name_en":"Ganyu","name_zh":"赣榆","country":"China","region":"Lianyungang","gdp_usd":14138,"segments":[{"line":"青盐铁路","won_per_km":0.3478,"afford_pct":0.4106,"line_en":"Qingyan Railway"}]},"geometry":{"type":"Point","coordinates":[119.10602410000001,34.8797824]}},{"type":"Feature","properties":{"name":"南沙北","name_en":"Nanshabei","name_zh":"南沙北","country":"China","region":"Guangzhou","gdp_usd":22836,"segments":[{"line":"广深港高速铁路","won_per_km":0.7304,"afford_pct":0.5339,"line_en":"Guangshengang High-Speed Railway"}]},"geometry":{"type":"Point","coordinates":[113.4852438,22.8687149]}},{"type":"Feature","properties":{"name":"开平南","name_en":"Kaipingnan","name_zh":"开平南","country":"China","region":"Jiangmen","gdp_usd":12144,"segments":[{"line":"深湛铁路","won_per_km":0.5378,"afford_pct":0.7392,"line_en":"Shenzhan Railway"}]},"geometry":{"type":"Point","coordinates":[112.6706712,22.3219819]}},{"type":"Feature","properties":{"name":"恩平","name_en":"Enping","name_zh":"恩平","country":"China","region":"Jiangmen","gdp_usd":12144,"segments":[{"line":"深湛铁路","won_per_km":0.5378,"afford_pct":0.7392,"line_en":"Shenzhan Railway"}]},"geometry":{"type":"Point","coordinates":[112.3908341,22.1881799]}},{"type":"Feature","properties":{"name":"天门南","name_en":"Tianmennan","name_zh":"","country":"China","region":"Tianmen","gdp_usd":10033,"segments":[{"line":"宁蓉铁路","won_per_km":0.402,"afford_pct":0.6688,"line_en":"Ningrong Railway"}]},"geometry":{"type":"Point","coordinates":[113.4503458,30.4303814]}},{"type":"Feature","properties":{"name":"武义北","name_en":"Wuyi North","name_zh":"","country":"China","region":"Jinhua","gdp_usd":13406,"segments":[{"line":"金温铁路","won_per_km":0.3716,"afford_pct":0.4627,"line_en":"Jinwen Railway"}]},"geometry":{"type":"Point","coordinates":[119.8450172,28.9855458]}},{"type":"Feature","properties":{"name":"楚雄","name_en":"Chuxiong","name_zh":"楚雄","country":"China","region":"Chuxiong Prefecture","gdp_usd":12030,"segments":[{"line":"昆楚大铁路","won_per_km":0.4421,"afford_pct":0.6134,"line_en":"Kunchuda Railway"}]},"geometry":{"type":"Point","coordinates":[101.5427023,25.0853037]}},{"type":"Feature","properties":{"name":"大庆西","name_en":"Daqingxi","name_zh":"大庆西","country":"China","region":"Daqing","gdp_usd":14607,"segments":[{"line":"哈齐高速铁路","won_per_km":0.3427,"afford_pct":0.3916,"line_en":"Haqi High-Speed Railway"}]},"geometry":{"type":"Point","coordinates":[124.87957510000001,46.6552599]}},{"type":"Feature","properties":{"name":"金坛","name_en":"Jintan","name_zh":"","country":"China","region":"Changzhou","gdp_usd":27956,"segments":[{"line":"沪宁沿江高速铁路","won_per_km":0.5095,"afford_pct":0.3042,"line_en":"Huningyanjiang High-Speed Railway"}]},"geometry":{"type":"Point","coordinates":[119.5389768,31.6972997]}},{"type":"Feature","properties":{"name":"鄂州","name_en":"Ezhou","name_zh":"","country":"China","region":"Ezhou","gdp_usd":17396,"segments":[{"line":"武九高速铁路","won_per_km":0.4,"afford_pct":0.3838,"line_en":"Wujiu High-Speed Railway"}]},"geometry":{"type":"Point","coordinates":[114.8613327,30.3642379]}},{"type":"Feature","properties":{"name":"樟木头","name_en":"Zhangmutou","name_zh":"樟木头","country":"China","region":"Dongguan","gdp_usd":16228,"segments":[{"line":"广深城际铁路","won_per_km":0.5068,"afford_pct":0.5213,"line_en":"Guangshen Intercity Railway"}]},"geometry":{"type":"Point","coordinates":[114.0626375,22.9043667]}},{"type":"Feature","properties":{"name":"文昌","name_en":"Wenchang","name_zh":"文昌","country":"China","region":"Wenchang","gdp_usd":9588,"segments":[{"line":"海南东环铁路","won_per_km":0.419,"afford_pct":0.7295,"line_en":"Hainandonghuan Railway"}]},"geometry":{"type":"Point","coordinates":[110.7329071,19.6080567]}},{"type":"Feature","properties":{"name":"侯马西","name_en":"Houmaxi","name_zh":"","country":"China","region":"Linfen","gdp_usd":8763,"segments":[{"line":"大西高速铁路","won_per_km":0.3146,"afford_pct":0.5993,"line_en":"Daxi High-Speed Railway"}]},"geometry":{"type":"Point","coordinates":[111.2820508,35.6016811]}},{"type":"Feature","properties":{"name":"阳朔","name_en":"Yangshuo","name_zh":"阳朔","country":"China","region":"Guilin","gdp_usd":7082,"segments":[{"line":"贵广高速铁路","won_per_km":0.4417,"afford_pct":1.0411,"line_en":"Guiguang High-Speed Railway"}]},"geometry":{"type":"Point","coordinates":[110.56336250000001,24.9636063]}},{"type":"Feature","properties":{"name":"永修","name_en":"Yongxiu","name_zh":"永修","country":"China","region":"Jiujiang","gdp_usd":12384,"segments":[{"line":"昌九城际铁路","won_per_km":0.2676,"afford_pct":0.3607,"line_en":"Changjiu Intercity Railway"}]},"geometry":{"type":"Point","coordinates":[115.8108967,29.0228881]}},{"type":"Feature","properties":{"name":"汉川","name_en":"Hanchuan","name_zh":"","country":"China","region":"Xiaogan","gdp_usd":10865,"segments":[{"line":"仙桃城际铁路","won_per_km":0.5287,"afford_pct":0.8123,"line_en":"Xiantao Intercity Railway"},{"line":"宁蓉铁路","won_per_km":0.402,"afford_pct":0.6176,"line_en":"Ningrong Railway"}]},"geometry":{"type":"Point","coordinates":[113.80724880000001,30.5442023]}},{"type":"Feature","properties":{"name":"涪陵北","name_en":"Fulingbei","name_zh":"","country":"China","region":"Chongqing","gdp_usd":14036,"segments":[{"line":"宁蓉铁路","won_per_km":0.3092,"afford_pct":0.3677,"line_en":"Ningrong Railway"}]},"geometry":{"type":"Point","coordinates":[107.2731148,29.7730864]}},{"type":"Feature","properties":{"name":"弥勒","name_en":"Mile","name_zh":"弥勒","country":"China","region":"Honghe Prefecture","gdp_usd":9545,"segments":[{"line":"南昆高速铁路","won_per_km":0.3684,"afford_pct":0.6443,"line_en":"Nankun High-Speed Railway"},{"line":"弥蒙高速铁路","won_per_km":0.5,"afford_pct":0.8744,"line_en":"Mimeng High-Speed Railway"}]},"geometry":{"type":"Point","coordinates":[103.4080445,24.3398328]}},{"type":"Feature","properties":{"name":"湖州南浔","name_en":"Huzhounanxun","name_zh":"","country":"China","region":"Huzhou","gdp_usd":16978,"segments":[{"line":"沪苏湖高速铁路","won_per_km":0.3598,"afford_pct":0.3537,"line_en":"Husuhu High-Speed Railway"}]},"geometry":{"type":"Point","coordinates":[120.40303720000001,30.8298372]}},{"type":"Feature","properties":{"name":"武进","name_en":"Wujin","name_zh":"","country":"China","region":"Changzhou","gdp_usd":27956,"segments":[{"line":"沪宁沿江高速铁路","won_per_km":0.5095,"afford_pct":0.3042,"line_en":"Huningyanjiang High-Speed Railway"}]},"geometry":{"type":"Point","coordinates":[119.94235850000001,31.6605432]}},{"type":"Feature","properties":{"name":"宝应","name_en":"Baoying","name_zh":"","country":"China","region":"Yangzhou","gdp_usd":23689,"segments":[{"line":"连镇高速铁路","won_per_km":0.4176,"afford_pct":0.2943,"line_en":"Lianzhen High-Speed Railway"}]},"geometry":{"type":"Point","coordinates":[119.38279170000001,33.2172373]}},{"type":"Feature","properties":{"name":"东台","name_en":"Dongtai","name_zh":"东台","country":"China","region":"Yancheng","gdp_usd":16199,"segments":[{"line":"盐通高速铁路","won_per_km":0.4937,"afford_pct":0.5087,"line_en":"Yantong High-Speed Railway"}]},"geometry":{"type":"Point","coordinates":[120.33940020000001,32.8760478]}},{"type":"Feature","properties":{"name":"滨海","name_en":"Binhai","name_zh":"","country":"China","region":"Tianjin","gdp_usd":18381,"segments":[{"line":"京津城际铁路","won_per_km":0.2667,"afford_pct":0.2422,"line_en":"Jingjin Intercity Railway"}]},"geometry":{"type":"Point","coordinates":[117.6787732,39.0034792]}},{"type":"Feature","properties":{"name":"高邮","name_en":"Gaoyou","name_zh":"高邮","country":"China","region":"Yangzhou","gdp_usd":23689,"segments":[{"line":"连镇高速铁路","won_per_km":0.4176,"afford_pct":0.2943,"line_en":"Lianzhen High-Speed Railway"}]},"geometry":{"type":"Point","coordinates":[119.5002053,32.7756646]}},{"type":"Feature","properties":{"name":"呼和浩特","name_en":"Hohhot","name_zh":"","country":"China","region":"Hohhot","gdp_usd":15774,"segments":[{"line":"京包高速铁路","won_per_km":0.3688,"afford_pct":0.3903,"line_en":"Jingbao High-Speed Railway"}]},"geometry":{"type":"Point","coordinates":[111.6587169,40.8304267]}},{"type":"Feature","properties":{"name":"共青城","name_en":"Gongqingcheng","name_zh":"共青城","country":"China","region":"Jiujiang","gdp_usd":12384,"segments":[{"line":"昌九城际铁路","won_per_km":0.2676,"afford_pct":0.3607,"line_en":"Changjiu Intercity Railway"}]},"geometry":{"type":"Point","coordinates":[115.76975130000001,29.245657]}},{"type":"Feature","properties":{"name":"枝江北","name_en":"Zhijiangbei","name_zh":"枝江北","country":"China","region":"Yichang","gdp_usd":21940,"segments":[{"line":"宁蓉铁路","won_per_km":0.375,"afford_pct":0.2853,"line_en":"Ningrong Railway"}]},"geometry":{"type":"Point","coordinates":[111.7666231,30.4796169]}},{"type":"Feature","properties":{"name":"嵊州新昌","name_en":"Shengzhouxinchang","name_zh":"","country":"China","region":"Shaoxing","gdp_usd":21511,"segments":[{"line":"杭台高速铁路","won_per_km":0.5,"afford_pct":0.388,"line_en":"Hangtai High-Speed Railway"},{"line":"杭台高速铁路","won_per_km":0.4965,"afford_pct":0.3853,"line_en":"Hangtai High-Speed Railway"}]},"geometry":{"type":"Point","coordinates":[120.81612740000001,29.5290742]}},{"type":"Feature","properties":{"name":"郁南","name_en":"Yunan","name_zh":"郁南","country":"China","region":"Yunfu","gdp_usd":7598,"segments":[{"line":"南广铁路","won_per_km":0.4431,"afford_pct":0.9735,"line_en":"Nanguang Railway"}]},"geometry":{"type":"Point","coordinates":[111.4641282,23.2479552]}},{"type":"Feature","properties":{"name":"大庆东","name_en":"Daqingdong","name_zh":"大庆东","country":"China","region":"Daqing","gdp_usd":14607,"segments":[{"line":"哈齐高速铁路","won_per_km":0.3427,"afford_pct":0.3916,"line_en":"Haqi High-Speed Railway"}]},"geometry":{"type":"Point","coordinates":[125.11602040000001,46.5306615]}},{"type":"Feature","properties":{"name":"合肥西","name_en":"Hefeixi","name_zh":"合肥西","country":"China","region":"Hefei","gdp_usd":18927,"segments":[{"line":"京港高速铁路","won_per_km":0.4821,"afford_pct":0.4252,"line_en":"Jinggang High-Speed Railway"},{"line":"京港高速铁路","won_per_km":0.5486,"afford_pct":0.4838,"line_en":"Jinggang High-Speed Railway"},{"line":"合蚌高速铁路","won_per_km":0.4572,"afford_pct":0.4032,"line_en":"Hebang High-Speed Railway"},{"line":"合新高速铁路","won_per_km":0.4831,"afford_pct":0.4261,"line_en":"Hexin High-Speed Railway"}]},"geometry":{"type":"Point","coordinates":[117.228256,31.8739081]}},{"type":"Feature","properties":{"name":"唐家湾","name_en":"Tangjiawan","name_zh":"","country":"China","region":"Zhuhai","gdp_usd":24859,"segments":[{"line":"广珠城际铁路","won_per_km":0.6034,"afford_pct":0.4052,"line_en":"Guangzhu Intercity Railway"}]},"geometry":{"type":"Point","coordinates":[113.54638480000001,22.3659263]}},{"type":"Feature","properties":{"name":"中山北","name_en":"Zhongshanbei","name_zh":"","country":"China","region":"Zhongshan","gdp_usd":12875,"segments":[{"line":"广珠城际铁路","won_per_km":0.6034,"afford_pct":0.7823,"line_en":"Guangzhu Intercity Railway"}]},"geometry":{"type":"Point","coordinates":[113.3770449,22.5608246]}},{"type":"Feature","properties":{"name":"三水南","name_en":"Sanshuinan","name_zh":"三水南","country":"China","region":"Foshan","gdp_usd":19246,"segments":[{"line":"贵广高速铁路","won_per_km":0.4417,"afford_pct":0.3831,"line_en":"Guiguang High-Speed Railway"},{"line":"南广铁路","won_per_km":0.4431,"afford_pct":0.3843,"line_en":"Nanguang Railway"}]},"geometry":{"type":"Point","coordinates":[112.8659875,23.1158845]}},{"type":"Feature","properties":{"name":"怀集","name_en":"Huaiji","name_zh":"怀集","country":"China","region":"Zhaoqing","gdp_usd":9821,"segments":[{"line":"贵广高速铁路","won_per_km":0.4417,"afford_pct":0.7507,"line_en":"Guiguang High-Speed Railway"}]},"geometry":{"type":"Point","coordinates":[112.1540561,23.8947088]}},{"type":"Feature","properties":{"name":"建德","name_en":"Jiande","name_zh":"","country":"China","region":"Hangzhou","gdp_usd":24185,"segments":[{"line":"杭昌高速铁路","won_per_km":0.4044,"afford_pct":0.2791,"line_en":"Hangchang High-Speed Railway"},{"line":"杭衢高速铁路","won_per_km":0.4684,"afford_pct":0.3233,"line_en":"Hangqu High-Speed Railway"},{"line":"金建高速铁路","won_per_km":0.314,"afford_pct":0.2167,"line_en":"Jinjian High-Speed Railway"}]},"geometry":{"type":"Point","coordinates":[119.4226795,29.5752756]}},{"type":"Feature","properties":{"name":"重庆东","name_en":"Chongqingdong","name_zh":"重庆东","country":"China","region":"Chongqing","gdp_usd":14036,"segments":[{"line":"渝厦高速铁路","won_per_km":0.4932,"afford_pct":0.5865,"line_en":"Yusha High-Speed Railway"},{"line":"联络线/城内段","won_per_km":0.4932,"afford_pct":0.5865,"line_en":"Lianluoxian/chengneiduan"}]},"geometry":{"type":"Point","coordinates":[106.669173,29.4871069]}},{"type":"Feature","properties":{"name":"平湖","name_en":"Pinghu","name_zh":"平湖","country":"China","region":"Shenzhen","gdp_usd":28615,"segments":[{"line":"广深城际铁路","won_per_km":0.5068,"afford_pct":0.2956,"line_en":"Guangshen Intercity Railway"}]},"geometry":{"type":"Point","coordinates":[114.11952710000001,22.6948818]}},{"type":"Feature","properties":{"name":"东方","name_en":"Dongfang","name_zh":"东方","country":"China","region":"Dongfang","gdp_usd":8198,"segments":[{"line":"海南西环铁路","won_per_km":0.3287,"afford_pct":0.6692,"line_en":"Hainanxihuan Railway"}]},"geometry":{"type":"Point","coordinates":[108.68776020000001,19.0901338]}},{"type":"Feature","properties":{"name":"阳泉北","name_en":"Yangquanbei","name_zh":"阳泉北","country":"China","region":"Yangquan","gdp_usd":9219,"segments":[{"line":"石太高速铁路","won_per_km":0.306,"afford_pct":0.5541,"line_en":"Shitai High-Speed Railway"}]},"geometry":{"type":"Point","coordinates":[113.43120010000001,38.1143877]}},{"type":"Feature","properties":{"name":"绍兴东","name_en":"Shaoxingdong","name_zh":"","country":"China","region":"Shaoxing","gdp_usd":21511,"segments":[{"line":"杭深铁路","won_per_km":0.4645,"afford_pct":0.3604,"line_en":"Hangshen Railway"}]},"geometry":{"type":"Point","coordinates":[120.8489935,30.057183]}},{"type":"Feature","properties":{"name":"禹州","name_en":"Yuzhou","name_zh":"禹州","country":"China","region":"Xuchang","gdp_usd":10953,"segments":[{"line":"郑渝高速铁路","won_per_km":0.4961,"afford_pct":0.756,"line_en":"Zhengyu High-Speed Railway"}]},"geometry":{"type":"Point","coordinates":[113.5646653,34.1255719]}},{"type":"Feature","properties":{"name":"永川东","name_en":"Yongchuan East","name_zh":"","country":"China","region":"Chongqing","gdp_usd":14036,"segments":[{"line":"成渝高速铁路","won_per_km":0.5411,"afford_pct":0.6435,"line_en":"Chengyu High-Speed Railway"}]},"geometry":{"type":"Point","coordinates":[105.9460461,29.3743485]}},{"type":"Feature","properties":{"name":"永城北","name_en":"Yongchengbei","name_zh":"","country":"China","region":"Shangqiu","gdp_usd":5955,"segments":[{"line":"徐兰高速铁路","won_per_km":0.4597,"afford_pct":1.2886,"line_en":"Xulan High-Speed Railway"}]},"geometry":{"type":"Point","coordinates":[116.515113,34.2178054]}},{"type":"Feature","properties":{"name":"抚顺","name_en":"Fushun","name_zh":"抚顺","country":"China","region":"Fushun","gdp_usd":8133,"segments":[{"line":"沈佳高速铁路","won_per_km":0.6395,"afford_pct":1.3125,"line_en":"Shenjia High-Speed Railway"}]},"geometry":{"type":"Point","coordinates":[123.91191920000001,41.8872506]}},{"type":"Feature","properties":{"name":"莱阳","name_en":"Laiyang","name_zh":"莱阳","country":"China","region":"Yantai","gdp_usd":21325,"segments":[{"line":"青荣城际铁路","won_per_km":0.3458,"afford_pct":0.2707,"line_en":"Qingrong Intercity Railway"}]},"geometry":{"type":"Point","coordinates":[120.7043187,36.9275211]}},{"type":"Feature","properties":{"name":"古镇","name_en":"Guzhen","name_zh":"古镇","country":"China","region":"Zhongshan","gdp_usd":12875,"segments":[{"line":"广珠城际江门支线","won_per_km":0.6,"afford_pct":0.7779,"line_en":"Guangzhuchengjijiangmen Branch Line"}]},"geometry":{"type":"Point","coordinates":[113.20074260000001,22.6008861]}},{"type":"Feature","properties":{"name":"万宁","name_en":"Wanning","name_zh":"","country":"China","region":"Wanning","gdp_usd":8795,"segments":[{"line":"海南东环铁路","won_per_km":0.419,"afford_pct":0.7952,"line_en":"Hainandonghuan Railway"}]},"geometry":{"type":"Point","coordinates":[110.37683720000001,18.8094118]}},{"type":"Feature","properties":{"name":"邵东","name_en":"Shaodong","name_zh":"邵东","country":"China","region":"Shaoyang","gdp_usd":6431,"segments":[{"line":"娄邵铁路","won_per_km":0.3693,"afford_pct":0.9585,"line_en":"Loushao Railway"},{"line":"怀衡铁路","won_per_km":0.3855,"afford_pct":1.0006,"line_en":"Huaiheng Railway"}]},"geometry":{"type":"Point","coordinates":[111.742351,27.2776417]}},{"type":"Feature","properties":{"name":"忻州西","name_en":"Xinzhouxi","name_zh":"","country":"China","region":"Xinzhou","gdp_usd":7133,"segments":[{"line":"大西高速铁路","won_per_km":0.3468,"afford_pct":0.8115,"line_en":"Daxi High-Speed Railway"}]},"geometry":{"type":"Point","coordinates":[112.6866817,38.4424722]}},{"type":"Feature","properties":{"name":"恭城","name_en":"Gongcheng","name_zh":"恭城","country":"China","region":"Guilin","gdp_usd":7082,"segments":[{"line":"贵广高速铁路","won_per_km":0.4417,"afford_pct":1.0411,"line_en":"Guiguang High-Speed Railway"}]},"geometry":{"type":"Point","coordinates":[110.8656107,24.8339809]}},{"type":"Feature","properties":{"name":"盘锦","name_en":"Panjin","name_zh":"","country":"China","region":"Panjin","gdp_usd":14253,"segments":[{"line":"盘营高速铁路","won_per_km":0.4437,"afford_pct":0.5196,"line_en":"Panying High-Speed Railway"}]},"geometry":{"type":"Point","coordinates":[122.0577782,41.1959285]}},{"type":"Feature","properties":{"name":"北京丰台","name_en":"Beijing Fengtai","name_zh":"北京丰台","country":"China","region":"Beijing","gdp_usd":31738,"segments":[{"line":"京广高速铁路","won_per_km":0.4698,"afford_pct":0.2471,"line_en":"Jingguang High-Speed Railway"}]},"geometry":{"type":"Point","coordinates":[116.2953417,39.8499954]}},{"type":"Feature","properties":{"name":"白洋淀","name_en":"Baiyangdian","name_zh":"","country":"China","region":"Baoding","gdp_usd":6653,"segments":[{"line":"津保铁路","won_per_km":0.3696,"afford_pct":0.9273,"line_en":"Jinbao Railway"},{"line":"联络线/城内段","won_per_km":0.4197,"afford_pct":1.053,"line_en":"Lianluoxian/chengneiduan"}]},"geometry":{"type":"Point","coordinates":[115.8685484,39.0686429]}},{"type":"Feature","properties":{"name":"龙嘉","name_en":"Longjia","name_zh":"龙嘉","country":"China","region":"Changchun","gdp_usd":11675,"segments":[{"line":"长珲城际铁路","won_per_km":0.3079,"afford_pct":0.4402,"line_en":"Zhanghui Intercity Railway"}]},"geometry":{"type":"Point","coordinates":[125.6940461,43.9904922]}},{"type":"Feature","properties":{"name":"即墨北","name_en":"Jimobei","name_zh":"","country":"China","region":"Qingdao","gdp_usd":22347,"segments":[{"line":"青荣城际铁路","won_per_km":0.3458,"afford_pct":0.2583,"line_en":"Qingrong Intercity Railway"},{"line":"联络线/城内段","won_per_km":0.3478,"afford_pct":0.2598,"line_en":"Lianluoxian/chengneiduan"}]},"geometry":{"type":"Point","coordinates":[120.38895330000001,36.4039625]}},{"type":"Feature","properties":{"name":"白马井","name_en":"Baimajing","name_zh":"","country":"China","region":"Danzhou","gdp_usd":13852,"segments":[{"line":"海南西环铁路","won_per_km":0.3287,"afford_pct":0.3961,"line_en":"Hainanxihuan Railway"}]},"geometry":{"type":"Point","coordinates":[109.2499509,19.6604299]}},{"type":"Feature","properties":{"name":"青州市","name_en":"Qingzhoushi","name_zh":"青州市","country":"China","region":"Weifang","gdp_usd":12243,"segments":[{"line":"胶济客运专线","won_per_km":0.3766,"afford_pct":0.5134,"line_en":"Jiaoji Passenger Line"}]},"geometry":{"type":"Point","coordinates":[118.497898,36.7716291]}},{"type":"Feature","properties":{"name":"凤凰古城","name_en":"Fenghuang Gucheng","name_zh":"凤凰古城","country":"China","region":"Xiangxi Prefecture","gdp_usd":4937,"segments":[{"line":"张吉怀高速铁路","won_per_km":0.5551,"afford_pct":1.8768,"line_en":"Zhangjihuai High-Speed Railway"}]},"geometry":{"type":"Point","coordinates":[109.59919020000001,28.0205093]}},{"type":"Feature","properties":{"name":"滕州东","name_en":"Tengzhoudong","name_zh":"","country":"China","region":"Zaozhuang","gdp_usd":8724,"segments":[{"line":"京沪高速铁路","won_per_km":0.5204,"afford_pct":0.9957,"line_en":"Jinghu High-Speed Railway"}]},"geometry":{"type":"Point","coordinates":[117.2519476,35.090955]}},{"type":"Feature","properties":{"name":"德清","name_en":"Deqing","name_zh":"","country":"China","region":"Huzhou","gdp_usd":16978,"segments":[{"line":"宁杭高速铁路","won_per_km":0.5469,"afford_pct":0.5377,"line_en":"Ninghang High-Speed Railway"},{"line":"合杭高速铁路","won_per_km":0.529,"afford_pct":0.5201,"line_en":"Hehang High-Speed Railway"}]},"geometry":{"type":"Point","coordinates":[120.05682010000001,30.5470252]}},{"type":"Feature","properties":{"name":"天门","name_en":"Tianmen","name_zh":"天门","country":"China","region":"Tianmen","gdp_usd":10033,"segments":[{"line":"沪渝蓉高速铁路","won_per_km":0.39,"afford_pct":0.6488,"line_en":"Huyurong High-Speed Railway"}]},"geometry":{"type":"Point","coordinates":[113.2070905,30.6990515]}},{"type":"Feature","properties":{"name":"马踏","name_en":"Mata","name_zh":"","country":"China","region":"Maoming","gdp_usd":9044,"segments":[{"line":"深湛铁路","won_per_km":0.5378,"afford_pct":0.9926,"line_en":"Shenzhan Railway"},{"line":"广湛高速铁路","won_per_km":0.655,"afford_pct":1.2089,"line_en":"Guangzhan High-Speed Railway"}]},"geometry":{"type":"Point","coordinates":[111.3608215,21.6840348]}},{"type":"Feature","properties":{"name":"介休东","name_en":"Jiexiu East","name_zh":"","country":"China","region":"Jinzhong","gdp_usd":10187,"segments":[{"line":"大西高速铁路","won_per_km":0.3146,"afford_pct":0.5155,"line_en":"Daxi High-Speed Railway"}]},"geometry":{"type":"Point","coordinates":[111.9821254,37.0527979]}},{"type":"Feature","properties":{"name":"高密","name_en":"Gaomi","name_zh":"高密","country":"China","region":"Weifang","gdp_usd":12243,"segments":[{"line":"胶济客运专线","won_per_km":0.3766,"afford_pct":0.5134,"line_en":"Jiaoji Passenger Line"}]},"geometry":{"type":"Point","coordinates":[119.7631602,36.392559]}},{"type":"Feature","properties":{"name":"南江口","name_en":"Nanjiangkou","name_zh":"南江口","country":"China","region":"Yunfu","gdp_usd":7598,"segments":[{"line":"南广铁路","won_per_km":0.4431,"afford_pct":0.9735,"line_en":"Nanguang Railway"}]},"geometry":{"type":"Point","coordinates":[111.7830157,23.121775]}},{"type":"Feature","properties":{"name":"绿博园","name_en":"Lvboyuan","name_zh":"","country":"China","region":"Zhengzhou","gdp_usd":15494,"segments":[{"line":"郑开城际铁路","won_per_km":0.4211,"afford_pct":0.4537,"line_en":"Zhengkai Intercity Railway"}]},"geometry":{"type":"Point","coordinates":[113.927791,34.7814784]}},{"type":"Feature","properties":{"name":"虎门北","name_en":"Humenbei","name_zh":"虎门北","country":"China","region":"Dongguan","gdp_usd":16228,"segments":[{"line":"广深港高速铁路","won_per_km":0.7304,"afford_pct":0.7513,"line_en":"Guangshengang High-Speed Railway"},{"line":"穗深城际铁路","won_per_km":0.5616,"afford_pct":0.5777,"line_en":"Suishen Intercity Railway"}]},"geometry":{"type":"Point","coordinates":[113.66650580000001,22.8618715]}},{"type":"Feature","properties":{"name":"深圳机场","name_en":"Shenzhen Airport","name_zh":"深圳机场","country":"China","region":"Shenzhen (nearest)","gdp_usd":28615,"segments":[{"line":"穗深城际铁路","won_per_km":0.5616,"afford_pct":0.3276,"line_en":"Suishen Intercity Railway"}]},"geometry":{"type":"Point","coordinates":[113.8058974,22.6242935]}},{"type":"Feature","properties":{"name":"南朗","name_en":"Nanlang","name_zh":"","country":"China","region":"Zhongshan","gdp_usd":12875,"segments":[{"line":"广珠城际铁路","won_per_km":0.6034,"afford_pct":0.7823,"line_en":"Guangzhu Intercity Railway"}]},"geometry":{"type":"Point","coordinates":[113.5282205,22.4890943]}},{"type":"Feature","properties":{"name":"延安","name_en":"Yanan","name_zh":"延安","country":"China","region":"Yan'an","gdp_usd":14704,"segments":[{"line":"包西高速铁路","won_per_km":0.5253,"afford_pct":0.5963,"line_en":"Baoxi High-Speed Railway"}]},"geometry":{"type":"Point","coordinates":[109.4761236,36.5567021]}},{"type":"Feature","properties":{"name":"秦安","name_en":"Qin'an","name_zh":"","country":"China","region":"Tianshui","gdp_usd":4568,"segments":[{"line":"徐兰高速铁路","won_per_km":0.3766,"afford_pct":1.376,"line_en":"Xulan High-Speed Railway"}]},"geometry":{"type":"Point","coordinates":[105.6551787,34.8471947]}},{"type":"Feature","properties":{"name":"嘉善南","name_en":"Jiashannan","name_zh":"嘉善南","country":"China","region":"Jiaxing","gdp_usd":18816,"segments":[{"line":"沪昆高速铁路","won_per_km":0.498,"afford_pct":0.4418,"line_en":"Hukun High-Speed Railway"}]},"geometry":{"type":"Point","coordinates":[120.931787,30.790221]}},{"type":"Feature","properties":{"name":"天台山","name_en":"Tiantaishan","name_zh":"","country":"China","region":"Taizhou","gdp_usd":13777,"segments":[{"line":"杭台高速铁路","won_per_km":0.4965,"afford_pct":0.6015,"line_en":"Hangtai High-Speed Railway"}]},"geometry":{"type":"Point","coordinates":[120.973815,29.1432514]}},{"type":"Feature","properties":{"name":"青田","name_en":"Qingtian","name_zh":"","country":"China","region":"Lishui","gdp_usd":11992,"segments":[{"line":"金温铁路","won_per_km":0.3716,"afford_pct":0.5172,"line_en":"Jinwen Railway"}]},"geometry":{"type":"Point","coordinates":[120.275622,28.1400241]}},{"type":"Feature","properties":{"name":"凤城东","name_en":"Fengchengdong","name_zh":"","country":"China","region":"Dandong","gdp_usd":6738,"segments":[{"line":"沈丹高速铁路","won_per_km":0.3365,"afford_pct":0.8336,"line_en":"Shendan High-Speed Railway"}]},"geometry":{"type":"Point","coordinates":[124.1287279,40.462948]}},{"type":"Feature","properties":{"name":"清远","name_en":"Qingyuan","name_zh":"清远","country":"China","region":"Qingyuan","gdp_usd":7859,"segments":[{"line":"京广高速铁路","won_per_km":0.4698,"afford_pct":0.9978,"line_en":"Jingguang High-Speed Railway"},{"line":"广清城际铁路","won_per_km":0.4051,"afford_pct":0.8604,"line_en":"Guangqing Intercity Railway"}]},"geometry":{"type":"Point","coordinates":[113.12946260000001,23.6962855]}},{"type":"Feature","properties":{"name":"江山","name_en":"Jiangshan","name_zh":"","country":"China","region":"Quzhou","gdp_usd":13697,"segments":[{"line":"杭衢高速铁路","won_per_km":0.4684,"afford_pct":0.5708,"line_en":"Hangqu High-Speed Railway"},{"line":"沪昆高速铁路","won_per_km":0.498,"afford_pct":0.6069,"line_en":"Hukun High-Speed Railway"}]},"geometry":{"type":"Point","coordinates":[118.63895350000001,28.775687]}},{"type":"Feature","properties":{"name":"朝阳湖","name_en":"Chaoyanghu","name_zh":"朝阳湖","country":"China","region":"Chengdu","gdp_usd":15280,"segments":[{"line":"成雅铁路","won_per_km":0.3857,"afford_pct":0.4213,"line_en":"Chengya Railway"}]},"geometry":{"type":"Point","coordinates":[103.44333490000001,30.1698298]}},{"type":"Feature","properties":{"name":"扬州","name_en":"Yangzhou","name_zh":"","country":"China","region":"Yangzhou","gdp_usd":23689,"segments":[{"line":"宁启铁路","won_per_km":0.3721,"afford_pct":0.2622,"line_en":"Ningqi Railway"}]},"geometry":{"type":"Point","coordinates":[119.3455868,32.3916856]}},{"type":"Feature","properties":{"name":"新塘南","name_en":"Xintangnan","name_zh":"新塘南","country":"China","region":"Guangzhou","gdp_usd":22836,"segments":[{"line":"广深城际铁路","won_per_km":0.5068,"afford_pct":0.3704,"line_en":"Guangshen Intercity Railway"},{"line":"甬广高速铁路","won_per_km":0.5662,"afford_pct":0.4139,"line_en":"Yongguang High-Speed Railway"},{"line":"穗深城际铁路","won_per_km":0.5616,"afford_pct":0.4105,"line_en":"Suishen Intercity Railway"}]},"geometry":{"type":"Point","coordinates":[113.5984647,23.1347455]}},{"type":"Feature","properties":{"name":"飞霞","name_en":"Feixia","name_zh":"飞霞","country":"China","region":"Qingyuan","gdp_usd":7859,"segments":[{"line":"广清城际铁路","won_per_km":0.4051,"afford_pct":0.8604,"line_en":"Guangqing Intercity Railway"}]},"geometry":{"type":"Point","coordinates":[113.07940970000001,23.7440433]}},{"type":"Feature","properties":{"name":"彭山北","name_en":"Pengshanbei","name_zh":"彭山北","country":"China","region":"Meishan","gdp_usd":8896,"segments":[{"line":"成贵高速铁路","won_per_km":0.4537,"afford_pct":0.8514,"line_en":"Chenggui High-Speed Railway"}]},"geometry":{"type":"Point","coordinates":[103.8595909,30.2103951]}},{"type":"Feature","properties":{"name":"双流机场","name_en":"Shuangliujichang","name_zh":"","country":"China","region":"Chengdu","gdp_usd":15280,"segments":[{"line":"成贵高速铁路","won_per_km":0.4537,"afford_pct":0.4956,"line_en":"Chenggui High-Speed Railway"}]},"geometry":{"type":"Point","coordinates":[103.9548799,30.5720407]}},{"type":"Feature","properties":{"name":"黔西","name_en":"Qianxi","name_zh":"","country":"China","region":"Bijie","gdp_usd":5120,"segments":[{"line":"成贵高速铁路","won_per_km":0.4537,"afford_pct":1.4791,"line_en":"Chenggui High-Speed Railway"}]},"geometry":{"type":"Point","coordinates":[106.043688,26.9888186]}},{"type":"Feature","properties":{"name":"中卫南","name_en":"Zhongweinan","name_zh":"中卫南","country":"China","region":"Zhongwei","gdp_usd":7720,"segments":[{"line":"银兰高速铁路","won_per_km":0.4216,"afford_pct":0.9116,"line_en":"Yinlan High-Speed Railway"}]},"geometry":{"type":"Point","coordinates":[105.175193,37.4721786]}},{"type":"Feature","properties":{"name":"佛坪","name_en":"Foping","name_zh":"佛坪","country":"China","region":"Hanzhong","gdp_usd":8856,"segments":[{"line":"西成高速铁路","won_per_km":0.4316,"afford_pct":0.8135,"line_en":"Xicheng High-Speed Railway"}]},"geometry":{"type":"Point","coordinates":[107.9793513,33.5018471]}},{"type":"Feature","properties":{"name":"宣化北","name_en":"Xuanhuabei","name_zh":"宣化北","country":"China","region":"Zhangjiakou","gdp_usd":6586,"segments":[{"line":"京包高速铁路","won_per_km":0.5,"afford_pct":1.2673,"line_en":"Jingbao High-Speed Railway"}]},"geometry":{"type":"Point","coordinates":[115.0425337,40.6316144]}},{"type":"Feature","properties":{"name":"平遥古城","name_en":"Pingyao Ancient City Station","name_zh":"","country":"China","region":"Jinzhong","gdp_usd":10187,"segments":[{"line":"大西高速铁路","won_per_km":0.3146,"afford_pct":0.5155,"line_en":"Daxi High-Speed Railway"}]},"geometry":{"type":"Point","coordinates":[112.1434193,37.1547195]}},{"type":"Feature","properties":{"name":"杭州南","name_en":"Hangzhounan","name_zh":"杭州南","country":"China","region":"Hangzhou","gdp_usd":24185,"segments":[{"line":"杭昌高速铁路","won_per_km":0.4044,"afford_pct":0.2791,"line_en":"Hangchang High-Speed Railway"},{"line":"杭衢高速铁路","won_per_km":0.4684,"afford_pct":0.3233,"line_en":"Hangqu High-Speed Railway"},{"line":"杭深铁路","won_per_km":0.4645,"afford_pct":0.3206,"line_en":"Hangshen Railway"},{"line":"沪昆高速铁路","won_per_km":0.498,"afford_pct":0.3437,"line_en":"Hukun High-Speed Railway"}]},"geometry":{"type":"Point","coordinates":[120.29004970000001,30.1746889]}},{"type":"Feature","properties":{"name":"蒙山","name_en":"Mengshan","name_zh":"","country":"China","region":"Linyi","gdp_usd":8406,"segments":[{"line":"日兰高速铁路","won_per_km":0.536,"afford_pct":1.0644,"line_en":"Rilan High-Speed Railway"}]},"geometry":{"type":"Point","coordinates":[117.6680482,35.4489482]}},{"type":"Feature","properties":{"name":"长兴","name_en":"Changxing","name_zh":"","country":"China","region":"Huzhou","gdp_usd":16978,"segments":[{"line":"宁杭高速铁路","won_per_km":0.5469,"afford_pct":0.5377,"line_en":"Ninghang High-Speed Railway"}]},"geometry":{"type":"Point","coordinates":[119.9706148,31.0440015]}},{"type":"Feature","properties":{"name":"韶山南","name_en":"Shaoshannan","name_zh":"","country":"China","region":"Xiangtan","gdp_usd":15254,"segments":[{"line":"沪昆高速铁路","won_per_km":0.497,"afford_pct":0.5438,"line_en":"Hukun High-Speed Railway"}]},"geometry":{"type":"Point","coordinates":[112.542372,27.8917034]}},{"type":"Feature","properties":{"name":"河池西","name_en":"Hechixi","name_zh":"","country":"China","region":"Hechi","gdp_usd":5859,"segments":[{"line":"贵南高速铁路","won_per_km":0.4704,"afford_pct":1.3401,"line_en":"Guinan High-Speed Railway"}]},"geometry":{"type":"Point","coordinates":[108.1723535,24.7138375]}},{"type":"Feature","properties":{"name":"平潭","name_en":"Pingtan","name_zh":"平潭","country":"China","region":"Fuzhou","gdp_usd":23339,"segments":[{"line":"福平铁路","won_per_km":0.4773,"afford_pct":0.3414,"line_en":"Fuping Railway"}]},"geometry":{"type":"Point","coordinates":[119.777391,25.5496725]}},{"type":"Feature","properties":{"name":"醴陵东","name_en":"Liling North","name_zh":"","country":"China","region":"Zhuzhou","gdp_usd":14118,"segments":[{"line":"沪昆高速铁路","won_per_km":0.4942,"afford_pct":0.5843,"line_en":"Hukun High-Speed Railway"}]},"geometry":{"type":"Point","coordinates":[113.57259730000001,27.7185035]}},{"type":"Feature","properties":{"name":"定州东","name_en":"Dingzhoudong","name_zh":"","country":"China","region":"Baoding","gdp_usd":6653,"segments":[{"line":"京广高速铁路","won_per_km":0.4698,"afford_pct":1.1787,"line_en":"Jingguang High-Speed Railway"}]},"geometry":{"type":"Point","coordinates":[115.0690547,38.5077647]}},{"type":"Feature","properties":{"name":"民权北","name_en":"Minquanbei","name_zh":"民权北","country":"China","region":"Shangqiu","gdp_usd":5955,"segments":[{"line":"徐兰高速铁路","won_per_km":0.4597,"afford_pct":1.2886,"line_en":"Xulan High-Speed Railway"}]},"geometry":{"type":"Point","coordinates":[115.1745142,34.6611904]}},{"type":"Feature","properties":{"name":"蛟河西","name_en":"Jiaohexi","name_zh":"蛟河西","country":"China","region":"Jilin City","gdp_usd":6470,"segments":[{"line":"长珲城际铁路","won_per_km":0.3079,"afford_pct":0.7944,"line_en":"Zhanghui Intercity Railway"}]},"geometry":{"type":"Point","coordinates":[127.293615,43.726727]}},{"type":"Feature","properties":{"name":"汨罗东","name_en":"Miluo East","name_zh":"汨罗东","country":"China","region":"Yueyang","gdp_usd":14295,"segments":[{"line":"京广高速铁路","won_per_km":0.4945,"afford_pct":0.5774,"line_en":"Jingguang High-Speed Railway"}]},"geometry":{"type":"Point","coordinates":[113.1382209,28.7486388]}},{"type":"Feature","properties":{"name":"西安西","name_en":"Xi'an West","name_zh":"西安西","country":"China","region":"Xi'an","gdp_usd":14117,"segments":[{"line":"西成高速铁路","won_per_km":0.4316,"afford_pct":0.5103,"line_en":"Xicheng High-Speed Railway"}]},"geometry":{"type":"Point","coordinates":[108.7516022,34.2712527]}},{"type":"Feature","properties":{"name":"太原","name_en":"Taiyuan","name_zh":"太原","country":"China","region":"Taiyuan","gdp_usd":13744,"segments":[{"line":"大西高速铁路","won_per_km":0.3468,"afford_pct":0.4212,"line_en":"Daxi High-Speed Railway"},{"line":"石太高速铁路","won_per_km":0.306,"afford_pct":0.3716,"line_en":"Shitai High-Speed Railway"}]},"geometry":{"type":"Point","coordinates":[112.5818317,37.8600375]}},{"type":"Feature","properties":{"name":"漳浦","name_en":"Zhangpu","name_zh":"漳浦","country":"China","region":"Zhangzhou","gdp_usd":16638,"segments":[{"line":"杭深铁路","won_per_km":0.4428,"afford_pct":0.4442,"line_en":"Hangshen Railway"}]},"geometry":{"type":"Point","coordinates":[117.5581513,24.0991136]}},{"type":"Feature","properties":{"name":"兴山","name_en":"Xingshan","name_zh":"","country":"China","region":"Yichang","gdp_usd":21940,"segments":[{"line":"郑渝高速铁路","won_per_km":0.4954,"afford_pct":0.3769,"line_en":"Zhengyu High-Speed Railway"}]},"geometry":{"type":"Point","coordinates":[110.74551240000001,31.3276701]}},{"type":"Feature","properties":{"name":"新兴南","name_en":"Xinxingnan","name_zh":"","country":"China","region":"Yunfu","gdp_usd":7598,"segments":[{"line":"广湛高速铁路","won_per_km":0.655,"afford_pct":1.4391,"line_en":"Guangzhan High-Speed Railway"}]},"geometry":{"type":"Point","coordinates":[112.2331555,22.6447441]}},{"type":"Feature","properties":{"name":"通化","name_en":"Tonghua","name_zh":"","country":"China","region":"Tonghua","gdp_usd":6859,"segments":[{"line":"沈佳高速铁路","won_per_km":0.6395,"afford_pct":1.5562,"line_en":"Shenjia High-Speed Railway"}]},"geometry":{"type":"Point","coordinates":[125.91580080000001,41.7755756]}},{"type":"Feature","properties":{"name":"南通","name_en":"Nantong","name_zh":"","country":"China","region":"Nantong","gdp_usd":22298,"segments":[{"line":"沪苏通铁路","won_per_km":0.443,"afford_pct":0.3316,"line_en":"Husutong Railway"}]},"geometry":{"type":"Point","coordinates":[120.85584080000001,32.0702664]}},{"type":"Feature","properties":{"name":"如皋南","name_en":"Rugaonan","name_zh":"如皋南","country":"China","region":"Nantong","gdp_usd":22298,"segments":[{"line":"盐通高速铁路","won_per_km":0.4937,"afford_pct":0.3696,"line_en":"Yantong High-Speed Railway"}]},"geometry":{"type":"Point","coordinates":[120.6230714,32.3473782]}},{"type":"Feature","properties":{"name":"罗源","name_en":"Luoyuan","name_zh":"罗源","country":"China","region":"Fuzhou","gdp_usd":23339,"segments":[{"line":"杭深铁路","won_per_km":0.398,"afford_pct":0.2846,"line_en":"Hangshen Railway"}]},"geometry":{"type":"Point","coordinates":[119.5721077,26.4591921]}},{"type":"Feature","properties":{"name":"顺德","name_en":"Shunde","name_zh":"","country":"China","region":"Foshan","gdp_usd":19246,"segments":[{"line":"广珠城际铁路","won_per_km":0.6034,"afford_pct":0.5233,"line_en":"Guangzhu Intercity Railway"},{"line":"广珠城际江门支线","won_per_km":0.6,"afford_pct":0.5204,"line_en":"Guangzhuchengjijiangmen Branch Line"}]},"geometry":{"type":"Point","coordinates":[113.27137250000001,22.8776888]}},{"type":"Feature","properties":{"name":"容桂","name_en":"Ronggui","name_zh":"容桂","country":"China","region":"Foshan","gdp_usd":19246,"segments":[{"line":"广珠城际铁路","won_per_km":0.6034,"afford_pct":0.5233,"line_en":"Guangzhu Intercity Railway"},{"line":"广珠城际江门支线","won_per_km":0.6,"afford_pct":0.5204,"line_en":"Guangzhuchengjijiangmen Branch Line"}]},"geometry":{"type":"Point","coordinates":[113.3071457,22.7539701]}},{"type":"Feature","properties":{"name":"惠东","name_en":"Huidong","name_zh":"惠东","country":"China","region":"Huizhou","gdp_usd":14004,"segments":[{"line":"甬广高速铁路","won_per_km":0.5662,"afford_pct":0.6749,"line_en":"Yongguang High-Speed Railway"}]},"geometry":{"type":"Point","coordinates":[114.7371846,22.9354967]}},{"type":"Feature","properties":{"name":"城固北","name_en":"Chenggubei","name_zh":"城固北","country":"China","region":"Hanzhong","gdp_usd":8856,"segments":[{"line":"西成高速铁路","won_per_km":0.4316,"afford_pct":0.8135,"line_en":"Xicheng High-Speed Railway"}]},"geometry":{"type":"Point","coordinates":[107.30145030000001,33.1859761]}},{"type":"Feature","properties":{"name":"枣阳","name_en":"Zaoyang","name_zh":"枣阳","country":"China","region":"Xiangyang","gdp_usd":16080,"segments":[{"line":"武西高速铁路","won_per_km":0.4804,"afford_pct":0.4987,"line_en":"Wuxi High-Speed Railway"}]},"geometry":{"type":"Point","coordinates":[112.75602760000001,32.072161]}},{"type":"Feature","properties":{"name":"原平西","name_en":"Yuanpingxi","name_zh":"","country":"China","region":"Xinzhou","gdp_usd":7133,"segments":[{"line":"大西高速铁路","won_per_km":0.3468,"afford_pct":0.8115,"line_en":"Daxi High-Speed Railway"}]},"geometry":{"type":"Point","coordinates":[112.66853660000001,38.7381167]}},{"type":"Feature","properties":{"name":"泰宁","name_en":"Taining","name_zh":"","country":"China","region":"Sanming","gdp_usd":16773,"segments":[{"line":"昌福铁路","won_per_km":0.4881,"afford_pct":0.4857,"line_en":"Changfu Railway"}]},"geometry":{"type":"Point","coordinates":[117.14804040000001,26.9303282]}},{"type":"Feature","properties":{"name":"祁东","name_en":"Qidong","name_zh":"祁东","country":"China","region":"Hengyang","gdp_usd":9663,"segments":[{"line":"衡柳铁路","won_per_km":0.3082,"afford_pct":0.5324,"line_en":"Hengliu Railway"}]},"geometry":{"type":"Point","coordinates":[112.0605399,26.762704]}},{"type":"Feature","properties":{"name":"孝感北","name_en":"Xiaogan North","name_zh":"","country":"China","region":"Xiaogan","gdp_usd":10865,"segments":[{"line":"京广高速铁路","won_per_km":0.4646,"afford_pct":0.7138,"line_en":"Jingguang High-Speed Railway"}]},"geometry":{"type":"Point","coordinates":[114.2159861,31.5881869]}},{"type":"Feature","properties":{"name":"神农架","name_en":"Shennongjia","name_zh":"","country":"China","region":"Shennongjia","gdp_usd":11681,"segments":[{"line":"郑渝高速铁路","won_per_km":0.4954,"afford_pct":0.7079,"line_en":"Zhengyu High-Speed Railway"}]},"geometry":{"type":"Point","coordinates":[110.90986710000001,31.6310328]}},{"type":"Feature","properties":{"name":"济宁北","name_en":"Jiningbei","name_zh":"","country":"China","region":"Jining","gdp_usd":9969,"segments":[{"line":"日兰高速铁路","won_per_km":0.536,"afford_pct":0.8975,"line_en":"Rilan High-Speed Railway"}]},"geometry":{"type":"Point","coordinates":[116.60826820000001,35.5245755]}},{"type":"Feature","properties":{"name":"开封北","name_en":"Kaifengbei","name_zh":"开封北","country":"China","region":"Kaifeng","gdp_usd":8161,"segments":[{"line":"徐兰高速铁路","won_per_km":0.4597,"afford_pct":0.9402,"line_en":"Xulan High-Speed Railway"}]},"geometry":{"type":"Point","coordinates":[114.25605030000001,34.8406362]}},{"type":"Feature","properties":{"name":"庐江西","name_en":"Lujiangxi","name_zh":"","country":"China","region":"Hefei","gdp_usd":18927,"segments":[{"line":"京港高速铁路","won_per_km":0.5486,"afford_pct":0.4838,"line_en":"Jinggang High-Speed Railway"}]},"geometry":{"type":"Point","coordinates":[117.212452,31.2698065]}},{"type":"Feature","properties":{"name":"合川","name_en":"Hechuan","name_zh":"","country":"China","region":"Chongqing","gdp_usd":14036,"segments":[{"line":"宁蓉铁路","won_per_km":0.5066,"afford_pct":0.6025,"line_en":"Ningrong Railway"},{"line":"兰渝铁路","won_per_km":0.3606,"afford_pct":0.4288,"line_en":"Lanyu Railway"}]},"geometry":{"type":"Point","coordinates":[106.274572,29.9615713]}},{"type":"Feature","properties":{"name":"尤溪","name_en":"Youxi","name_zh":"","country":"China","region":"Sanming","gdp_usd":16773,"segments":[{"line":"昌福铁路","won_per_km":0.4881,"afford_pct":0.4857,"line_en":"Changfu Railway"}]},"geometry":{"type":"Point","coordinates":[118.13675730000001,26.1702184]}},{"type":"Feature","properties":{"name":"洞口","name_en":"Dongkou","name_zh":"","country":"China","region":"Shaoyang","gdp_usd":6431,"segments":[{"line":"怀衡铁路","won_per_km":0.3855,"afford_pct":1.0006,"line_en":"Huaiheng Railway"}]},"geometry":{"type":"Point","coordinates":[110.613023,27.0986074]}},{"type":"Feature","properties":{"name":"隆回","name_en":"Longhui","name_zh":"","country":"China","region":"Shaoyang","gdp_usd":6431,"segments":[{"line":"怀衡铁路","won_per_km":0.3855,"afford_pct":1.0006,"line_en":"Huaiheng Railway"}]},"geometry":{"type":"Point","coordinates":[111.0295057,27.1497917]}},{"type":"Feature","properties":{"name":"洋县西","name_en":"Yangxianxi","name_zh":"洋县西","country":"China","region":"Hanzhong","gdp_usd":8856,"segments":[{"line":"西成高速铁路","won_per_km":0.4316,"afford_pct":0.8135,"line_en":"Xicheng High-Speed Railway"}]},"geometry":{"type":"Point","coordinates":[107.5185584,33.2287078]}},{"type":"Feature","properties":{"name":"武夷山北","name_en":"Wuyishanbei","name_zh":"武夷山北","country":"China","region":"Nanping","gdp_usd":11085,"segments":[{"line":"合福高速铁路","won_per_km":0.4588,"afford_pct":0.6909,"line_en":"Hefu High-Speed Railway"}]},"geometry":{"type":"Point","coordinates":[118.0403584,27.7810329]}},{"type":"Feature","properties":{"name":"辛集南","name_en":"Xinjinan","name_zh":"","country":"China","region":"Shijiazhuang","gdp_usd":10152,"segments":[{"line":"石济高速铁路","won_per_km":0.3583,"afford_pct":0.5891,"line_en":"Shiji High-Speed Railway"}]},"geometry":{"type":"Point","coordinates":[115.204753,37.8820558]}},{"type":"Feature","properties":{"name":"合浦","name_en":"Hepu","name_zh":"合浦","country":"China","region":"Beihai","gdp_usd":13811,"segments":[{"line":"邕北铁路","won_per_km":0.3959,"afford_pct":0.4785,"line_en":"Yongbei Railway"}]},"geometry":{"type":"Point","coordinates":[109.18310020000001,21.6246463]}},{"type":"Feature","properties":{"name":"巴东","name_en":"Badong","name_zh":"","country":"China","region":"Enshi Prefecture","gdp_usd":6830,"segments":[{"line":"郑渝高速铁路","won_per_km":0.4954,"afford_pct":1.2108,"line_en":"Zhengyu High-Speed Railway"}]},"geometry":{"type":"Point","coordinates":[110.3764311,31.1636161]}},{"type":"Feature","properties":{"name":"沙坪坝","name_en":"Shapingba","name_zh":"","country":"China","region":"Chongqing","gdp_usd":14036,"segments":[{"line":"成渝高速铁路","won_per_km":0.5411,"afford_pct":0.6435,"line_en":"Chengyu High-Speed Railway"}]},"geometry":{"type":"Point","coordinates":[106.4562321,29.5568043]}},{"type":"Feature","properties":{"name":"阳春东","name_en":"Yangchundong","name_zh":"阳春东","country":"China","region":"Yangjiang","gdp_usd":8638,"segments":[{"line":"广湛高速铁路","won_per_km":0.655,"afford_pct":1.2657,"line_en":"Guangzhan High-Speed Railway"}]},"geometry":{"type":"Point","coordinates":[111.9049824,22.1891207]}},{"type":"Feature","properties":{"name":"桐城东","name_en":"Tongcheng East","name_zh":"","country":"China","region":"Anqing","gdp_usd":10688,"segments":[{"line":"京港高速铁路","won_per_km":0.5486,"afford_pct":0.8568,"line_en":"Jinggang High-Speed Railway"}]},"geometry":{"type":"Point","coordinates":[117.0344029,31.0276658]}},{"type":"Feature","properties":{"name":"雄安","name_en":"Xiongan","name_zh":"雄安","country":"China","region":"Baoding","gdp_usd":6653,"segments":[{"line":"京雄城际铁路","won_per_km":0.5094,"afford_pct":1.278,"line_en":"Jingxiong Intercity Railway"}]},"geometry":{"type":"Point","coordinates":[116.1541449,39.055576]}},{"type":"Feature","properties":{"name":"涟水","name_en":"Lianshui","name_zh":"","country":"China","region":"Huai'an","gdp_usd":16619,"segments":[{"line":"连镇高速铁路","won_per_km":0.4176,"afford_pct":0.4194,"line_en":"Lianzhen High-Speed Railway"}]},"geometry":{"type":"Point","coordinates":[119.1915242,33.7774594]}},{"type":"Feature","properties":{"name":"邛崃","name_en":"Qionglai","name_zh":"","country":"China","region":"Chengdu","gdp_usd":15280,"segments":[{"line":"成雅铁路","won_per_km":0.3857,"afford_pct":0.4213,"line_en":"Chengya Railway"}]},"geometry":{"type":"Point","coordinates":[103.48281290000001,30.4137542]}},{"type":"Feature","properties":{"name":"大邑","name_en":"Dayi","name_zh":"","country":"China","region":"Chengdu","gdp_usd":15280,"segments":[{"line":"成雅铁路","won_per_km":0.3857,"afford_pct":0.4213,"line_en":"Chengya Railway"}]},"geometry":{"type":"Point","coordinates":[103.53318080000001,30.5630612]}},{"type":"Feature","properties":{"name":"崇州","name_en":"Chongzhou","name_zh":"","country":"China","region":"Chengdu","gdp_usd":15280,"segments":[{"line":"成雅铁路","won_per_km":0.3857,"afford_pct":0.4213,"line_en":"Chengya Railway"}]},"geometry":{"type":"Point","coordinates":[103.68037690000001,30.6127269]}},{"type":"Feature","properties":{"name":"洲心","name_en":"Zhouxin","name_zh":"洲心","country":"China","region":"Qingyuan","gdp_usd":7859,"segments":[{"line":"京广高速铁路","won_per_km":0.4698,"afford_pct":0.9978,"line_en":"Jingguang High-Speed Railway"},{"line":"广清城际铁路","won_per_km":0.4051,"afford_pct":0.8604,"line_en":"Guangqing Intercity Railway"}]},"geometry":{"type":"Point","coordinates":[113.12772740000001,23.6953057]}},{"type":"Feature","properties":{"name":"燕湖","name_en":"Yanhu","name_zh":"燕湖","country":"China","region":"Qingyuan","gdp_usd":7859,"segments":[{"line":"广清城际铁路","won_per_km":0.4051,"afford_pct":0.8604,"line_en":"Guangqing Intercity Railway"}]},"geometry":{"type":"Point","coordinates":[113.0842623,23.6727774]}},{"type":"Feature","properties":{"name":"龙塘镇","name_en":"Longtangzhen","name_zh":"龙塘镇","country":"China","region":"Qingyuan","gdp_usd":7859,"segments":[{"line":"广清城际铁路","won_per_km":0.4051,"afford_pct":0.8604,"line_en":"Guangqing Intercity Railway"}]},"geometry":{"type":"Point","coordinates":[113.0785404,23.6086625]}},{"type":"Feature","properties":{"name":"银盏","name_en":"Yinzhan","name_zh":"银盏","country":"China","region":"Qingyuan","gdp_usd":7859,"segments":[{"line":"京广高速铁路","won_per_km":0.4698,"afford_pct":0.9978,"line_en":"Jingguang High-Speed Railway"},{"line":"广清城际铁路","won_per_km":0.4051,"afford_pct":0.8604,"line_en":"Guangqing Intercity Railway"}]},"geometry":{"type":"Point","coordinates":[113.124715,23.5519877]}},{"type":"Feature","properties":{"name":"狮岭","name_en":"Shiling","name_zh":"狮岭","country":"China","region":"Guangzhou","gdp_usd":22836,"segments":[{"line":"广清城际铁路","won_per_km":0.4051,"afford_pct":0.2961,"line_en":"Guangqing Intercity Railway"}]},"geometry":{"type":"Point","coordinates":[113.1430717,23.45667]}},{"type":"Feature","properties":{"name":"乐同","name_en":"Letong","name_zh":"乐同","country":"China","region":"Guangzhou","gdp_usd":22836,"segments":[{"line":"京广高速铁路","won_per_km":0.4698,"afford_pct":0.3434,"line_en":"Jingguang High-Speed Railway"},{"line":"广清城际铁路","won_per_km":0.4051,"afford_pct":0.2961,"line_en":"Guangqing Intercity Railway"},{"line":"广州东环城际铁路","won_per_km":0.5875,"afford_pct":0.4294,"line_en":"Guangzhoudonghuan Intercity Railway"}]},"geometry":{"type":"Point","coordinates":[113.1698058,23.4261427]}},{"type":"Feature","properties":{"name":"南丰","name_en":"Nanfeng","name_zh":"南丰","country":"China","region":"Fuzhou (JX)","gdp_usd":8518,"segments":[{"line":"昌福铁路","won_per_km":0.4881,"afford_pct":0.9565,"line_en":"Changfu Railway"}]},"geometry":{"type":"Point","coordinates":[116.5973746,27.2894082]}},{"type":"Feature","properties":{"name":"峨眉山","name_en":"Emeishan","name_zh":"峨眉山","country":"China","region":"Leshan","gdp_usd":11183,"segments":[{"line":"峨眉山线","won_per_km":0.3704,"afford_pct":0.5529,"line_en":"Emeishan Line"}]},"geometry":{"type":"Point","coordinates":[103.4646539,29.5785842]}},{"type":"Feature","properties":{"name":"平果","name_en":"Pingguo","name_zh":"平果","country":"China","region":"Baise","gdp_usd":7997,"segments":[{"line":"南昆高速铁路","won_per_km":0.3684,"afford_pct":0.7689,"line_en":"Nankun High-Speed Railway"}]},"geometry":{"type":"Point","coordinates":[107.56126320000001,23.3187477]}},{"type":"Feature","properties":{"name":"建瓯西","name_en":"Jianouxi","name_zh":"","country":"China","region":"Nanping","gdp_usd":11085,"segments":[{"line":"合福高速铁路","won_per_km":0.4588,"afford_pct":0.6909,"line_en":"Hefu High-Speed Railway"}]},"geometry":{"type":"Point","coordinates":[118.2746977,27.0514556]}},{"type":"Feature","properties":{"name":"怀来","name_en":"Huailai","name_zh":"","country":"China","region":"Zhangjiakou","gdp_usd":6586,"segments":[{"line":"京包高速铁路","won_per_km":0.5,"afford_pct":1.2673,"line_en":"Jingbao High-Speed Railway"}]},"geometry":{"type":"Point","coordinates":[115.5581345,40.3766788]}},{"type":"Feature","properties":{"name":"咸阳西","name_en":"Xianyang West","name_zh":"咸阳西","country":"China","region":"Xianyang","gdp_usd":10180,"segments":[{"line":"徐兰高速铁路","won_per_km":0.3174,"afford_pct":0.5204,"line_en":"Xulan High-Speed Railway"}]},"geometry":{"type":"Point","coordinates":[108.6626848,34.3322614]}},{"type":"Feature","properties":{"name":"祁阳","name_en":"Qiyang","name_zh":"祁阳","country":"China","region":"Yongzhou","gdp_usd":7421,"segments":[{"line":"衡柳铁路","won_per_km":0.3082,"afford_pct":0.6933,"line_en":"Hengliu Railway"}]},"geometry":{"type":"Point","coordinates":[111.826098,26.6124696]}},{"type":"Feature","properties":{"name":"新化南","name_en":"Xinhua South","name_zh":"","country":"China","region":"Loudi","gdp_usd":7938,"segments":[{"line":"沪昆高速铁路","won_per_km":0.497,"afford_pct":1.0451,"line_en":"Hukun High-Speed Railway"}]},"geometry":{"type":"Point","coordinates":[111.15504720000001,27.658612]}},{"type":"Feature","properties":{"name":"密云","name_en":"Miyun","name_zh":"密云","country":"China","region":"Beijing","gdp_usd":31738,"segments":[{"line":"京哈高速铁路","won_per_km":0.5202,"afford_pct":0.2736,"line_en":"Jingha High-Speed Railway"}]},"geometry":{"type":"Point","coordinates":[116.8451275,40.3510081]}},{"type":"Feature","properties":{"name":"安吉","name_en":"Anji","name_zh":"","country":"China","region":"Huzhou","gdp_usd":16978,"segments":[{"line":"合杭高速铁路","won_per_km":0.4961,"afford_pct":0.4877,"line_en":"Hehang High-Speed Railway"}]},"geometry":{"type":"Point","coordinates":[119.60560450000001,30.8182852]}},{"type":"Feature","properties":{"name":"小金口","name_en":"Xiaojinkou","name_zh":"小金口","country":"China","region":"Huizhou","gdp_usd":14004,"segments":[{"line":"广惠城际铁路","won_per_km":0.5548,"afford_pct":0.6613,"line_en":"Guanghui Intercity Railway"}]},"geometry":{"type":"Point","coordinates":[114.4133096,23.1543365]}},{"type":"Feature","properties":{"name":"贵安","name_en":"Gui'an","name_zh":"贵安","country":"China","region":"Guiyang","gdp_usd":12359,"segments":[{"line":"沪昆高速铁路","won_per_km":0.4644,"afford_pct":0.6272,"line_en":"Hukun High-Speed Railway"},{"line":"联络线/城内段","won_per_km":0.4674,"afford_pct":0.6313,"line_en":"Lianluoxian/chengneiduan"},{"line":"联络线/城内段","won_per_km":0.4325,"afford_pct":0.5842,"line_en":"Lianluoxian/chengneiduan"}]},"geometry":{"type":"Point","coordinates":[106.4805919,26.4696054]}},{"type":"Feature","properties":{"name":"鲘门","name_en":"Houmen","name_zh":"鲘门","country":"China","region":"Shanwei","gdp_usd":7743,"segments":[{"line":"杭深铁路","won_per_km":0.4428,"afford_pct":0.9545,"line_en":"Hangshen Railway"}]},"geometry":{"type":"Point","coordinates":[115.1202422,22.8156414]}},{"type":"Feature","properties":{"name":"揭阳","name_en":"Jieyang","name_zh":"","country":"China","region":"Jieyang","gdp_usd":6208,"segments":[{"line":"梅汕高速铁路","won_per_km":0.4765,"afford_pct":1.2811,"line_en":"Meishan High-Speed Railway"}]},"geometry":{"type":"Point","coordinates":[116.3296741,23.6116842]}},{"type":"Feature","properties":{"name":"通渭","name_en":"Tongwei","name_zh":"","country":"China","region":"Dingxi","gdp_usd":4137,"segments":[{"line":"徐兰高速铁路","won_per_km":0.3766,"afford_pct":1.5194,"line_en":"Xulan High-Speed Railway"}]},"geometry":{"type":"Point","coordinates":[105.2593837,35.196262]}},{"type":"Feature","properties":{"name":"丰都","name_en":"Fengdou","name_zh":"","country":"China","region":"Chongqing","gdp_usd":14036,"segments":[{"line":"宁蓉铁路","won_per_km":0.3092,"afford_pct":0.3677,"line_en":"Ningrong Railway"}]},"geometry":{"type":"Point","coordinates":[107.685842,29.8480689]}},{"type":"Feature","properties":{"name":"雁荡山","name_en":"Yandangshan","name_zh":"","country":"China","region":"Wenzhou","gdp_usd":13786,"segments":[{"line":"杭深铁路","won_per_km":0.3782,"afford_pct":0.4579,"line_en":"Hangshen Railway"}]},"geometry":{"type":"Point","coordinates":[121.1478227,28.3444955]}},{"type":"Feature","properties":{"name":"临平南","name_en":"Linpingnan","name_zh":"","country":"China","region":"Hangzhou","gdp_usd":24185,"segments":[{"line":"沪昆高速铁路","won_per_km":0.498,"afford_pct":0.3437,"line_en":"Hukun High-Speed Railway"}]},"geometry":{"type":"Point","coordinates":[120.29178220000001,30.3828603]}},{"type":"Feature","properties":{"name":"岐山","name_en":"Qishan","name_zh":"岐山","country":"China","region":"Baoji","gdp_usd":11727,"segments":[{"line":"徐兰高速铁路","won_per_km":0.3174,"afford_pct":0.4518,"line_en":"Xulan High-Speed Railway"}]},"geometry":{"type":"Point","coordinates":[107.6083301,34.2756763]}},{"type":"Feature","properties":{"name":"广通北","name_en":"Guangtongbei","name_zh":"","country":"China","region":"Chuxiong Prefecture","gdp_usd":12030,"segments":[{"line":"昆楚大铁路","won_per_km":0.4421,"afford_pct":0.6134,"line_en":"Kunchuda Railway"}]},"geometry":{"type":"Point","coordinates":[101.76348750000001,25.1672684]}},{"type":"Feature","properties":{"name":"海城西","name_en":"Haichengxi","name_zh":"海城西","country":"China","region":"Anshan","gdp_usd":9397,"segments":[{"line":"沈大高速铁路","won_per_km":0.4582,"afford_pct":0.8139,"line_en":"Shenda High-Speed Railway"}]},"geometry":{"type":"Point","coordinates":[122.6544762,40.9122253]}},{"type":"Feature","properties":{"name":"宝坻","name_en":"Baodi","name_zh":"宝坻","country":"China","region":"Tianjin","gdp_usd":18381,"segments":[{"line":"京滨城际铁路","won_per_km":0.213,"afford_pct":0.1934,"line_en":"Jingbin Intercity Railway"},{"line":"京唐城际铁路","won_per_km":0.5497,"afford_pct":0.4992,"line_en":"Jingtang Intercity Railway"}]},"geometry":{"type":"Point","coordinates":[117.27686410000001,39.6632222]}},{"type":"Feature","properties":{"name":"萧县北","name_en":"Xiaoxianbei","name_zh":"萧县北","country":"China","region":"Suzhou (AH)","gdp_usd":6518,"segments":[{"line":"徐兰高速铁路","won_per_km":0.4597,"afford_pct":1.1772,"line_en":"Xulan High-Speed Railway"},{"line":"淮萧联络线","won_per_km":0.3611,"afford_pct":0.9247,"line_en":"Huaixiao Connector Line"}]},"geometry":{"type":"Point","coordinates":[116.9362396,34.2378563]}},{"type":"Feature","properties":{"name":"宁国南","name_en":"Ningguonan","name_zh":"","country":"China","region":"Xuancheng","gdp_usd":11479,"segments":[{"line":"宣绩高速铁路","won_per_km":0.4609,"afford_pct":0.6702,"line_en":"Xuanji High-Speed Railway"}]},"geometry":{"type":"Point","coordinates":[118.9348965,30.6139328]}},{"type":"Feature","properties":{"name":"如皋","name_en":"Rugao","name_zh":"如皋","country":"China","region":"Nantong","gdp_usd":22298,"segments":[{"line":"盐通高速铁路","won_per_km":0.4937,"afford_pct":0.3696,"line_en":"Yantong High-Speed Railway"}]},"geometry":{"type":"Point","coordinates":[120.601785,32.3858584]}},{"type":"Feature","properties":{"name":"高安","name_en":"Gao'an","name_zh":"高安","country":"China","region":"Yichun (JX)","gdp_usd":10489,"segments":[{"line":"沪昆高速铁路","won_per_km":0.4942,"afford_pct":0.7865,"line_en":"Hukun High-Speed Railway"}]},"geometry":{"type":"Point","coordinates":[115.3798045,28.4741539]}},{"type":"Feature","properties":{"name":"云梦东","name_en":"Yunmeng East","name_zh":"","country":"China","region":"Xiaogan","gdp_usd":10865,"segments":[{"line":"武孝城际铁路","won_per_km":0.4217,"afford_pct":0.6479,"line_en":"Wuxiao Intercity Railway"},{"line":"武西高速铁路","won_per_km":0.4804,"afford_pct":0.7381,"line_en":"Wuxi High-Speed Railway"}]},"geometry":{"type":"Point","coordinates":[113.77893630000001,31.0481301]}},{"type":"Feature","properties":{"name":"乌海","name_en":"Wuhai","name_zh":"","country":"China","region":"Wuhai","gdp_usd":14880,"segments":[{"line":"包银高速铁路","won_per_km":0.4215,"afford_pct":0.4728,"line_en":"Baoyin High-Speed Railway"},{"line":"包银高速铁路","won_per_km":0.4295,"afford_pct":0.4818,"line_en":"Baoyin High-Speed Railway"}]},"geometry":{"type":"Point","coordinates":[106.7940432,39.7114097]}},{"type":"Feature","properties":{"name":"胶州北","name_en":"Jiaozhoubei","name_zh":"胶州北","country":"China","region":"Qingdao","gdp_usd":22347,"segments":[{"line":"济青高速铁路","won_per_km":0.4852,"afford_pct":0.3624,"line_en":"Jiqing High-Speed Railway"},{"line":"胶济客运专线","won_per_km":0.3766,"afford_pct":0.2813,"line_en":"Jiaoji Passenger Line"}]},"geometry":{"type":"Point","coordinates":[120.05053640000001,36.3960111]}},{"type":"Feature","properties":{"name":"海宁西","name_en":"Hainingxi","name_zh":"","country":"China","region":"Jiaxing","gdp_usd":18816,"segments":[{"line":"沪昆高速铁路","won_per_km":0.498,"afford_pct":0.4418,"line_en":"Hukun High-Speed Railway"}]},"geometry":{"type":"Point","coordinates":[120.3873789,30.4409526]}},{"type":"Feature","properties":{"name":"武乡","name_en":"Wuxiang","name_zh":"","country":"China","region":"Changzhi","gdp_usd":11592,"segments":[{"line":"郑太高速铁路","won_per_km":0.4908,"afford_pct":0.7068,"line_en":"Zhengtai High-Speed Railway"}]},"geometry":{"type":"Point","coordinates":[112.7922015,36.849761]}},{"type":"Feature","properties":{"name":"惠来","name_en":"Huilai","name_zh":"","country":"China","region":"Jieyang","gdp_usd":6208,"segments":[{"line":"甬广高速铁路","won_per_km":0.5662,"afford_pct":1.5223,"line_en":"Yongguang High-Speed Railway"}]},"geometry":{"type":"Point","coordinates":[116.28202130000001,22.996869]}},{"type":"Feature","properties":{"name":"耒阳西","name_en":"Leiyangxi","name_zh":"耒阳西","country":"China","region":"Hengyang","gdp_usd":9663,"segments":[{"line":"京广高速铁路","won_per_km":0.4698,"afford_pct":0.8115,"line_en":"Jingguang High-Speed Railway"}]},"geometry":{"type":"Point","coordinates":[112.7830495,26.4175812]}},{"type":"Feature","properties":{"name":"资阳北","name_en":"Ziyangbei","name_zh":"","country":"China","region":"Ziyang","gdp_usd":6836,"segments":[{"line":"成渝高速铁路","won_per_km":0.5033,"afford_pct":1.229,"line_en":"Chengyu High-Speed Railway"}]},"geometry":{"type":"Point","coordinates":[104.6800962,30.1283758]}},{"type":"Feature","properties":{"name":"神山","name_en":"Shenshan","name_zh":"神山","country":"China","region":"Guangzhou","gdp_usd":22836,"segments":[{"line":"京广高速铁路","won_per_km":0.4698,"afford_pct":0.3434,"line_en":"Jingguang High-Speed Railway"},{"line":"广清城际铁路","won_per_km":0.4051,"afford_pct":0.2961,"line_en":"Guangqing Intercity Railway"},{"line":"联络线/城内段","won_per_km":0.5068,"afford_pct":0.3704,"line_en":"Lianluoxian/chengneiduan"}]},"geometry":{"type":"Point","coordinates":[113.1960801,23.3318147]}},{"type":"Feature","properties":{"name":"江高","name_en":"Jianggao","name_zh":"江高","country":"China","region":"Guangzhou","gdp_usd":22836,"segments":[{"line":"京广高速铁路","won_per_km":0.4698,"afford_pct":0.3434,"line_en":"Jingguang High-Speed Railway"},{"line":"广清城际铁路","won_per_km":0.4051,"afford_pct":0.2961,"line_en":"Guangqing Intercity Railway"},{"line":"联络线/城内段","won_per_km":0.5068,"afford_pct":0.3704,"line_en":"Lianluoxian/chengneiduan"}]},"geometry":{"type":"Point","coordinates":[113.2190718,23.2802313]}},{"type":"Feature","properties":{"name":"白云湖","name_en":"Baiyunhu","name_zh":"白云湖","country":"China","region":"Guangzhou","gdp_usd":22836,"segments":[{"line":"广清城际铁路","won_per_km":0.4051,"afford_pct":0.2961,"line_en":"Guangqing Intercity Railway"},{"line":"联络线/城内段","won_per_km":0.5068,"afford_pct":0.3704,"line_en":"Lianluoxian/chengneiduan"}]},"geometry":{"type":"Point","coordinates":[113.23293670000001,23.2275077]}},{"type":"Feature","properties":{"name":"长汀南","name_en":"Changtingnan Railway Station","name_zh":"","country":"China","region":"Longyan","gdp_usd":17675,"segments":[{"line":"赣瑞龙铁路","won_per_km":0.3653,"afford_pct":0.345,"line_en":"Ganruilong Railway"}]},"geometry":{"type":"Point","coordinates":[116.35279530000001,25.7692988]}},{"type":"Feature","properties":{"name":"黄冈东","name_en":"Huanggangdong","name_zh":"黄冈东","country":"China","region":"Ezhou","gdp_usd":17396,"segments":[{"line":"阜黄高速铁路","won_per_km":0.5512,"afford_pct":0.5289,"line_en":"Fuhuang High-Speed Railway"},{"line":"武冈城际铁路","won_per_km":0.4,"afford_pct":0.3838,"line_en":"Wugang Intercity Railway"}]},"geometry":{"type":"Point","coordinates":[114.9811801,30.5092137]}},{"type":"Feature","properties":{"name":"咸阳北","name_en":"Xianyang North","name_zh":"咸阳北","country":"China","region":"Xianyang","gdp_usd":10180,"segments":[{"line":"银西高速铁路","won_per_km":0.4335,"afford_pct":0.7108,"line_en":"Yinxi High-Speed Railway"}]},"geometry":{"type":"Point","coordinates":[108.66967140000001,34.4202925]}},{"type":"Feature","properties":{"name":"宿松东","name_en":"Susongdong","name_zh":"","country":"China","region":"Anqing","gdp_usd":10688,"segments":[{"line":"京港高速铁路","won_per_km":0.5486,"afford_pct":0.8568,"line_en":"Jinggang High-Speed Railway"}]},"geometry":{"type":"Point","coordinates":[116.17029760000001,30.1533371]}},{"type":"Feature","properties":{"name":"利川","name_en":"Lichuan","name_zh":"","country":"China","region":"Enshi Prefecture","gdp_usd":6830,"segments":[{"line":"宁蓉铁路","won_per_km":0.3092,"afford_pct":0.7557,"line_en":"Ningrong Railway"}]},"geometry":{"type":"Point","coordinates":[108.9359725,30.2811807]}},{"type":"Feature","properties":{"name":"宁海","name_en":"Ninghai","name_zh":"","country":"China","region":"Ningbo","gdp_usd":25926,"segments":[{"line":"杭深铁路","won_per_km":0.3782,"afford_pct":0.2435,"line_en":"Hangshen Railway"}]},"geometry":{"type":"Point","coordinates":[121.41494130000001,29.3393268]}},{"type":"Feature","properties":{"name":"扶余北","name_en":"Fuyubei","name_zh":"扶余北","country":"China","region":"Songyuan","gdp_usd":6613,"segments":[{"line":"京哈高速铁路","won_per_km":0.4818,"afford_pct":1.2161,"line_en":"Jingha High-Speed Railway"}]},"geometry":{"type":"Point","coordinates":[125.99738950000001,45.0061443]}},{"type":"Feature","properties":{"name":"德惠西","name_en":"Dehuixi","name_zh":"德惠西","country":"China","region":"Changchun","gdp_usd":11675,"segments":[{"line":"京哈高速铁路","won_per_km":0.4818,"afford_pct":0.6889,"line_en":"Jingha High-Speed Railway"}]},"geometry":{"type":"Point","coordinates":[125.6703155,44.5436343]}},{"type":"Feature","properties":{"name":"奉节","name_en":"Fengjie","name_zh":"","country":"China","region":"Chongqing","gdp_usd":14036,"segments":[{"line":"郑渝高速铁路","won_per_km":0.4954,"afford_pct":0.5892,"line_en":"Zhengyu High-Speed Railway"}]},"geometry":{"type":"Point","coordinates":[109.3685752,31.0283336]}},{"type":"Feature","properties":{"name":"灵宝西","name_en":"Lingbaoxi","name_zh":"灵宝西","country":"China","region":"Sanmenxia","gdp_usd":11596,"segments":[{"line":"徐兰高速铁路","won_per_km":0.4579,"afford_pct":0.6592,"line_en":"Xulan High-Speed Railway"}]},"geometry":{"type":"Point","coordinates":[110.68365630000001,34.5779763]}},{"type":"Feature","properties":{"name":"阜宁南","name_en":"Funingnan","name_zh":"阜宁南","country":"China","region":"Yancheng","gdp_usd":16199,"segments":[{"line":"徐盐高速铁路","won_per_km":0.3962,"afford_pct":0.4083,"line_en":"Xuyan High-Speed Railway"}]},"geometry":{"type":"Point","coordinates":[119.6390034,33.5739247]}},{"type":"Feature","properties":{"name":"龙丰","name_en":"Longfeng","name_zh":"龙丰","country":"China","region":"Huizhou","gdp_usd":14004,"segments":[{"line":"广惠城际铁路","won_per_km":0.5548,"afford_pct":0.6613,"line_en":"Guanghui Intercity Railway"}]},"geometry":{"type":"Point","coordinates":[114.3897465,23.0660361]}},{"type":"Feature","properties":{"name":"惠环","name_en":"Huihuan","name_zh":"惠环","country":"China","region":"Huizhou","gdp_usd":14004,"segments":[{"line":"甬广高速铁路","won_per_km":0.5662,"afford_pct":0.6749,"line_en":"Yongguang High-Speed Railway"},{"line":"广惠城际铁路","won_per_km":0.5548,"afford_pct":0.6613,"line_en":"Guanghui Intercity Railway"}]},"geometry":{"type":"Point","coordinates":[114.361044,23.0326135]}},{"type":"Feature","properties":{"name":"沥林北","name_en":"Lilinbei","name_zh":"沥林北","country":"China","region":"Huizhou","gdp_usd":14004,"segments":[{"line":"京港高速铁路","won_per_km":0.5906,"afford_pct":0.704,"line_en":"Jinggang High-Speed Railway"},{"line":"广惠城际铁路","won_per_km":0.5548,"afford_pct":0.6613,"line_en":"Guanghui Intercity Railway"}]},"geometry":{"type":"Point","coordinates":[114.2248193,22.9819618]}},{"type":"Feature","properties":{"name":"银瓶","name_en":"Yinping","name_zh":"银瓶","country":"China","region":"Dongguan","gdp_usd":16228,"segments":[{"line":"广惠城际铁路","won_per_km":0.5548,"afford_pct":0.5707,"line_en":"Guanghui Intercity Railway"}]},"geometry":{"type":"Point","coordinates":[114.1515193,22.9692452]}},{"type":"Feature","properties":{"name":"樟木头东","name_en":"Zhangmutoudong","name_zh":"樟木头东","country":"China","region":"Dongguan","gdp_usd":16228,"segments":[{"line":"广惠城际铁路","won_per_km":0.5548,"afford_pct":0.5707,"line_en":"Guanghui Intercity Railway"}]},"geometry":{"type":"Point","coordinates":[114.1001143,22.9607432]}},{"type":"Feature","properties":{"name":"常平东","name_en":"Changpingdong","name_zh":"","country":"China","region":"Dongguan","gdp_usd":16228,"segments":[{"line":"广深城际铁路","won_per_km":0.5068,"afford_pct":0.5213,"line_en":"Guangshen Intercity Railway"},{"line":"广惠城际铁路","won_per_km":0.5548,"afford_pct":0.5707,"line_en":"Guanghui Intercity Railway"}]},"geometry":{"type":"Point","coordinates":[114.0354889,22.9651218]}},{"type":"Feature","properties":{"name":"寮步","name_en":"Liaobu","name_zh":"寮步","country":"China","region":"Dongguan","gdp_usd":16228,"segments":[{"line":"广惠城际铁路","won_per_km":0.5548,"afford_pct":0.5707,"line_en":"Guanghui Intercity Railway"}]},"geometry":{"type":"Point","coordinates":[113.84637090000001,22.9920554]}},{"type":"Feature","properties":{"name":"东城南","name_en":"Dongchengnan","name_zh":"东城南","country":"China","region":"Dongguan","gdp_usd":16228,"segments":[{"line":"广惠城际铁路","won_per_km":0.5548,"afford_pct":0.5707,"line_en":"Guanghui Intercity Railway"}]},"geometry":{"type":"Point","coordinates":[113.7701528,22.9902295]}},{"type":"Feature","properties":{"name":"道滘","name_en":"Daojiao","name_zh":"","country":"China","region":"Dongguan","gdp_usd":16228,"segments":[{"line":"广惠城际铁路","won_per_km":0.5548,"afford_pct":0.5707,"line_en":"Guanghui Intercity Railway"}]},"geometry":{"type":"Point","coordinates":[113.6537983,22.9937696]}},{"type":"Feature","properties":{"name":"麻涌","name_en":"Machong","name_zh":"麻涌","country":"China","region":"Dongguan","gdp_usd":16228,"segments":[{"line":"广惠城际铁路","won_per_km":0.5548,"afford_pct":0.5707,"line_en":"Guanghui Intercity Railway"}]},"geometry":{"type":"Point","coordinates":[113.56889930000001,23.0231843]}},{"type":"Feature","properties":{"name":"官桥北","name_en":"Guanqiaobei","name_zh":"官桥北","country":"China","region":"Guangzhou","gdp_usd":22836,"segments":[{"line":"广惠城际铁路","won_per_km":0.5548,"afford_pct":0.4055,"line_en":"Guanghui Intercity Railway"}]},"geometry":{"type":"Point","coordinates":[113.4393642,22.984706]}},{"type":"Feature","properties":{"name":"东环","name_en":"Donghuan","name_zh":"","country":"China","region":"Guangzhou","gdp_usd":22836,"segments":[{"line":"广惠城际铁路","won_per_km":0.5548,"afford_pct":0.4055,"line_en":"Guanghui Intercity Railway"}]},"geometry":{"type":"Point","coordinates":[113.3604645,22.9769361]}},{"type":"Feature","properties":{"name":"桐梓东","name_en":"Tongzidong","name_zh":"","country":"China","region":"Zunyi","gdp_usd":10696,"segments":[{"line":"渝贵铁路","won_per_km":0.4006,"afford_pct":0.6251,"line_en":"Yugui Railway"}]},"geometry":{"type":"Point","coordinates":[106.8330123,28.1186769]}},{"type":"Feature","properties":{"name":"兴宁南","name_en":"Xingningnan","name_zh":"","country":"China","region":"Meizhou","gdp_usd":5456,"segments":[{"line":"龙龙高速铁路","won_per_km":0.5408,"afford_pct":1.6546,"line_en":"Longlong High-Speed Railway"}]},"geometry":{"type":"Point","coordinates":[115.7885009,24.105281]}},{"type":"Feature","properties":{"name":"十堰东","name_en":"Shiyandong","name_zh":"","country":"China","region":"Shiyan","gdp_usd":11339,"segments":[{"line":"武西高速铁路","won_per_km":0.4804,"afford_pct":0.7072,"line_en":"Wuxi High-Speed Railway"}]},"geometry":{"type":"Point","coordinates":[110.8187666,32.7097953]}},{"type":"Feature","properties":{"name":"怀安","name_en":"Huai'an","name_zh":"怀安","country":"China","region":"Zhangjiakou","gdp_usd":6586,"segments":[{"line":"京包高速铁路","won_per_km":0.3688,"afford_pct":0.9348,"line_en":"Jingbao High-Speed Railway"},{"line":"张大高速铁路","won_per_km":0.4463,"afford_pct":1.1312,"line_en":"Zhangda High-Speed Railway"}]},"geometry":{"type":"Point","coordinates":[114.39358150000001,40.6844149]}},{"type":"Feature","properties":{"name":"霍州东","name_en":"Huozhoudong","name_zh":"","country":"China","region":"Linfen","gdp_usd":8763,"segments":[{"line":"大西高速铁路","won_per_km":0.3146,"afford_pct":0.5993,"line_en":"Daxi High-Speed Railway"}]},"geometry":{"type":"Point","coordinates":[111.8309504,36.5647874]}},{"type":"Feature","properties":{"name":"洪洞西","name_en":"Hongdong West","name_zh":"","country":"China","region":"Linfen","gdp_usd":8763,"segments":[{"line":"大西高速铁路","won_per_km":0.3146,"afford_pct":0.5993,"line_en":"Daxi High-Speed Railway"}]},"geometry":{"type":"Point","coordinates":[111.5757497,36.2553507]}},{"type":"Feature","properties":{"name":"包头东","name_en":"Baotoudong","name_zh":"包头东","country":"China","region":"Baotou","gdp_usd":23001,"segments":[{"line":"京包高速铁路","won_per_km":0.3688,"afford_pct":0.2676,"line_en":"Jingbao High-Speed Railway"}]},"geometry":{"type":"Point","coordinates":[110.0186724,40.5684798]}},{"type":"Feature","properties":{"name":"从江","name_en":"Congjiang","name_zh":"从江","country":"China","region":"Qiandongnan Prefecture","gdp_usd":5315,"segments":[{"line":"贵广高速铁路","won_per_km":0.4372,"afford_pct":1.3731,"line_en":"Guiguang High-Speed Railway"}]},"geometry":{"type":"Point","coordinates":[109.11028250000001,25.9121549]}},{"type":"Feature","properties":{"name":"黄梅东","name_en":"Huangmei East","name_zh":"","country":"China","region":"Huanggang","gdp_usd":7725,"segments":[{"line":"阜黄高速铁路","won_per_km":0.5512,"afford_pct":1.191,"line_en":"Fuhuang High-Speed Railway"},{"line":"京港高速铁路","won_per_km":0.5486,"afford_pct":1.1854,"line_en":"Jinggang High-Speed Railway"}]},"geometry":{"type":"Point","coordinates":[115.9675598,30.0638943]}},{"type":"Feature","properties":{"name":"增城","name_en":"Zengcheng","name_zh":"增城","country":"China","region":"Guangzhou","gdp_usd":22836,"segments":[{"line":"甬广高速铁路","won_per_km":0.5662,"afford_pct":0.4139,"line_en":"Yongguang High-Speed Railway"}]},"geometry":{"type":"Point","coordinates":[113.79441720000001,23.2071153]}},{"type":"Feature","properties":{"name":"普者黑","name_en":"Puzhehei","name_zh":"普者黑","country":"China","region":"Wenshan Prefecture","gdp_usd":6367,"segments":[{"line":"南昆高速铁路","won_per_km":0.3684,"afford_pct":0.9659,"line_en":"Nankun High-Speed Railway"}]},"geometry":{"type":"Point","coordinates":[104.1771193,23.9712519]}},{"type":"Feature","properties":{"name":"肇东","name_en":"Zhaodong","name_zh":"肇东","country":"China","region":"Suihua","gdp_usd":4930,"segments":[{"line":"哈齐高速铁路","won_per_km":0.3427,"afford_pct":1.1604,"line_en":"Haqi High-Speed Railway"}]},"geometry":{"type":"Point","coordinates":[125.9927318,46.0755235]}},{"type":"Feature","properties":{"name":"大连","name_en":"Dalian","name_zh":"大连","country":"China","region":"Dalian","gdp_usd":17553,"segments":[{"line":"沈大高速铁路","won_per_km":0.4582,"afford_pct":0.4357,"line_en":"Shenda High-Speed Railway"},{"line":"联络线/城内段","won_per_km":0.4245,"afford_pct":0.4037,"line_en":"Lianluoxian/chengneiduan"}]},"geometry":{"type":"Point","coordinates":[121.62773430000001,38.9216608]}},{"type":"Feature","properties":{"name":"邓州东","name_en":"Dengzhoudong","name_zh":"","country":"China","region":"Nanyang","gdp_usd":7163,"segments":[{"line":"郑渝高速铁路","won_per_km":0.4961,"afford_pct":1.1561,"line_en":"Zhengyu High-Speed Railway"}]},"geometry":{"type":"Point","coordinates":[112.26061820000001,32.598457]}},{"type":"Feature","properties":{"name":"龙游","name_en":"Longyou","name_zh":"龙游","country":"China","region":"Quzhou","gdp_usd":13697,"segments":[{"line":"沪昆高速铁路","won_per_km":0.498,"afford_pct":0.6069,"line_en":"Hukun High-Speed Railway"}]},"geometry":{"type":"Point","coordinates":[119.160109,29.0058398]}},{"type":"Feature","properties":{"name":"丰城东","name_en":"Fengchengdong","name_zh":"丰城东","country":"China","region":"Yichun (JX)","gdp_usd":10489,"segments":[{"line":"京港高速铁路","won_per_km":0.4877,"afford_pct":0.7761,"line_en":"Jinggang High-Speed Railway"}]},"geometry":{"type":"Point","coordinates":[115.80586810000001,28.1687135]}},{"type":"Feature","properties":{"name":"泉州东","name_en":"Quanzhoudong","name_zh":"泉州东","country":"China","region":"Quanzhou","gdp_usd":20470,"segments":[{"line":"甬广高速铁路","won_per_km":0.4561,"afford_pct":0.3719,"line_en":"Yongguang High-Speed Railway"}]},"geometry":{"type":"Point","coordinates":[118.76584380000001,24.9247217]}},{"type":"Feature","properties":{"name":"赤峰","name_en":"Chifeng","name_zh":"","country":"China","region":"Chifeng","gdp_usd":8177,"segments":[{"line":"喀赤高速铁路","won_per_km":0.4038,"afford_pct":0.8243,"line_en":"Kachi High-Speed Railway"}]},"geometry":{"type":"Point","coordinates":[118.89588440000001,42.2738113]}},{"type":"Feature","properties":{"name":"塘沽","name_en":"Tanggu","name_zh":"","country":"China","region":"Tianjin","gdp_usd":18381,"segments":[{"line":"京津城际铁路","won_per_km":0.2667,"afford_pct":0.2422,"line_en":"Jingjin Intercity Railway"}]},"geometry":{"type":"Point","coordinates":[117.634889,39.0264297]}},{"type":"Feature","properties":{"name":"桐庐","name_en":"Tonglu","name_zh":"","country":"China","region":"Hangzhou","gdp_usd":24185,"segments":[{"line":"合杭高速铁路","won_per_km":0.529,"afford_pct":0.3651,"line_en":"Hehang High-Speed Railway"},{"line":"杭昌高速铁路","won_per_km":0.4044,"afford_pct":0.2791,"line_en":"Hangchang High-Speed Railway"},{"line":"杭衢高速铁路","won_per_km":0.4684,"afford_pct":0.3233,"line_en":"Hangqu High-Speed Railway"}]},"geometry":{"type":"Point","coordinates":[119.7272875,29.7916643]}},{"type":"Feature","properties":{"name":"石柱县","name_en":"Shizhuxian","name_zh":"石柱县","country":"China","region":"Chongqing","gdp_usd":14036,"segments":[{"line":"宁蓉铁路","won_per_km":0.3092,"afford_pct":0.3677,"line_en":"Ningrong Railway"}]},"geometry":{"type":"Point","coordinates":[108.09320550000001,29.9674225]}},{"type":"Feature","properties":{"name":"灌南","name_en":"Guannan","name_zh":"","country":"China","region":"Lianyungang","gdp_usd":14138,"segments":[{"line":"连镇高速铁路","won_per_km":0.4176,"afford_pct":0.493,"line_en":"Lianzhen High-Speed Railway"}]},"geometry":{"type":"Point","coordinates":[119.27445870000001,34.1001237]}},{"type":"Feature","properties":{"name":"大朗镇","name_en":"Dalangzhen","name_zh":"大朗镇","country":"China","region":"Dongguan","gdp_usd":16228,"segments":[{"line":"广惠城际铁路","won_per_km":0.5548,"afford_pct":0.5707,"line_en":"Guanghui Intercity Railway"}]},"geometry":{"type":"Point","coordinates":[113.9437211,22.9570992]}},{"type":"Feature","properties":{"name":"南城","name_en":"Nancheng","name_zh":"","country":"China","region":"Fuzhou (JX)","gdp_usd":8518,"segments":[{"line":"昌福铁路","won_per_km":0.4881,"afford_pct":0.9565,"line_en":"Changfu Railway"}]},"geometry":{"type":"Point","coordinates":[116.61105780000001,27.5671304]}},{"type":"Feature","properties":{"name":"安陆西","name_en":"Anluxi","name_zh":"","country":"China","region":"Xiaogan","gdp_usd":10865,"segments":[{"line":"武西高速铁路","won_per_km":0.4804,"afford_pct":0.7381,"line_en":"Wuxi High-Speed Railway"}]},"geometry":{"type":"Point","coordinates":[113.64705090000001,31.2567844]}},{"type":"Feature","properties":{"name":"太谷西","name_en":"Taiguxi","name_zh":"","country":"China","region":"Jinzhong","gdp_usd":10187,"segments":[{"line":"大西高速铁路","won_per_km":0.3146,"afford_pct":0.5155,"line_en":"Daxi High-Speed Railway"}]},"geometry":{"type":"Point","coordinates":[112.5030313,37.4475002]}},{"type":"Feature","properties":{"name":"宁县","name_en":"Ningxian","name_zh":"","country":"China","region":"Qingyang","gdp_usd":7927,"segments":[{"line":"银西高速铁路","won_per_km":0.4335,"afford_pct":0.9128,"line_en":"Yinxi High-Speed Railway"}]},"geometry":{"type":"Point","coordinates":[107.94025540000001,35.4847941]}},{"type":"Feature","properties":{"name":"景州","name_en":"Jingzhou","name_zh":"景州","country":"China","region":"Hengshui","gdp_usd":6619,"segments":[{"line":"石济高速铁路","won_per_km":0.3583,"afford_pct":0.9036,"line_en":"Shiji High-Speed Railway"}]},"geometry":{"type":"Point","coordinates":[116.1327356,37.6452453]}},{"type":"Feature","properties":{"name":"德安","name_en":"De'an","name_zh":"德安","country":"China","region":"Jiujiang","gdp_usd":12384,"segments":[{"line":"昌九城际铁路","won_per_km":0.2676,"afford_pct":0.3607,"line_en":"Changjiu Intercity Railway"}]},"geometry":{"type":"Point","coordinates":[115.7618872,29.3117818]}},{"type":"Feature","properties":{"name":"瑞昌西","name_en":"Ruichangxi","name_zh":"瑞昌西","country":"China","region":"Jiujiang","gdp_usd":12384,"segments":[{"line":"武九高速铁路","won_per_km":0.4,"afford_pct":0.5392,"line_en":"Wujiu High-Speed Railway"}]},"geometry":{"type":"Point","coordinates":[115.62896180000001,29.6626294]}},{"type":"Feature","properties":{"name":"建宁县北","name_en":"Jianningxianbei","name_zh":"建宁县北","country":"China","region":"Sanming","gdp_usd":16773,"segments":[{"line":"昌福铁路","won_per_km":0.4881,"afford_pct":0.4857,"line_en":"Changfu Railway"}]},"geometry":{"type":"Point","coordinates":[116.8662192,26.9191235]}},{"type":"Feature","properties":{"name":"茌平南","name_en":"Chipingnan","name_zh":"","country":"China","region":"Liaocheng","gdp_usd":7525,"segments":[{"line":"济郑高速铁路","won_per_km":0.5725,"afford_pct":1.2699,"line_en":"Jizheng High-Speed Railway"}]},"geometry":{"type":"Point","coordinates":[116.22777,36.5280099]}},{"type":"Feature","properties":{"name":"云阳","name_en":"Yunyang","name_zh":"","country":"China","region":"Chongqing","gdp_usd":14036,"segments":[{"line":"郑渝高速铁路","won_per_km":0.4954,"afford_pct":0.5892,"line_en":"Zhengyu High-Speed Railway"}]},"geometry":{"type":"Point","coordinates":[108.7200971,30.9999767]}},{"type":"Feature","properties":{"name":"砀山南","name_en":"Dangshannan","name_zh":"","country":"China","region":"Suzhou (AH)","gdp_usd":6518,"segments":[{"line":"徐兰高速铁路","won_per_km":0.4597,"afford_pct":1.1772,"line_en":"Xulan High-Speed Railway"}]},"geometry":{"type":"Point","coordinates":[116.2978738,34.3873627]}},{"type":"Feature","properties":{"name":"新沂南","name_en":"Xinyinan","name_zh":"","country":"China","region":"Xuzhou","gdp_usd":14716,"segments":[{"line":"徐连高速铁路","won_per_km":0.4865,"afford_pct":0.5518,"line_en":"Xulian High-Speed Railway"}]},"geometry":{"type":"Point","coordinates":[118.3260101,34.3297973]}},{"type":"Feature","properties":{"name":"滑浚","name_en":"Huajun","name_zh":"滑浚","country":"China","region":"Hebi","gdp_usd":9737,"segments":[{"line":"济郑高速铁路","won_per_km":0.5725,"afford_pct":0.9815,"line_en":"Jizheng High-Speed Railway"}]},"geometry":{"type":"Point","coordinates":[114.54708330000001,35.6175133]}},{"type":"Feature","properties":{"name":"金山北","name_en":"Jinshanbei","name_zh":"","country":"China","region":"Shanghai","gdp_usd":30204,"segments":[{"line":"沪昆高速铁路","won_per_km":0.498,"afford_pct":0.2752,"line_en":"Hukun High-Speed Railway"}]},"geometry":{"type":"Point","coordinates":[121.08473230000001,30.8964801]}},{"type":"Feature","properties":{"name":"仙居","name_en":"Xianju","name_zh":"","country":"China","region":"Taizhou","gdp_usd":13777,"segments":[{"line":"杭温高速铁路","won_per_km":0.523,"afford_pct":0.6336,"line_en":"Hangwen High-Speed Railway"}]},"geometry":{"type":"Point","coordinates":[120.6393781,28.8249459]}},{"type":"Feature","properties":{"name":"大港南","name_en":"Dagangnan","name_zh":"","country":"China","region":"Zhenjiang","gdp_usd":23881,"segments":[{"line":"连镇高速铁路","won_per_km":0.4176,"afford_pct":0.2919,"line_en":"Lianzhen High-Speed Railway"}]},"geometry":{"type":"Point","coordinates":[119.67270760000001,32.1352525]}},{"type":"Feature","properties":{"name":"灌云","name_en":"Guanyun","name_zh":"","country":"China","region":"Lianyungang","gdp_usd":14138,"segments":[{"line":"连镇高速铁路","won_per_km":0.4176,"afford_pct":0.493,"line_en":"Lianzhen High-Speed Railway"}]},"geometry":{"type":"Point","coordinates":[119.3028783,34.2893831]}},{"type":"Feature","properties":{"name":"泗阳","name_en":"Siyang","name_zh":"泗阳","country":"China","region":"Suqian","gdp_usd":13416,"segments":[{"line":"徐盐高速铁路","won_per_km":0.3962,"afford_pct":0.493,"line_en":"Xuyan High-Speed Railway"}]},"geometry":{"type":"Point","coordinates":[118.70875710000001,33.7559585]}},{"type":"Feature","properties":{"name":"连江","name_en":"Lianjiang","name_zh":"连江","country":"China","region":"Fuzhou","gdp_usd":23339,"segments":[{"line":"杭深铁路","won_per_km":0.398,"afford_pct":0.2846,"line_en":"Hangshen Railway"},{"line":"联络线/城内段","won_per_km":0.468,"afford_pct":0.3347,"line_en":"Lianluoxian/chengneiduan"}]},"geometry":{"type":"Point","coordinates":[119.56270160000001,26.1977359]}},{"type":"Feature","properties":{"name":"福安","name_en":"Fuan","name_zh":"福安","country":"China","region":"Ningde","gdp_usd":17166,"segments":[{"line":"杭深铁路","won_per_km":0.398,"afford_pct":0.387,"line_en":"Hangshen Railway"}]},"geometry":{"type":"Point","coordinates":[119.71283020000001,26.8374358]}},{"type":"Feature","properties":{"name":"蕲春南","name_en":"Qichun South Railway Station","name_zh":"","country":"China","region":"Huanggang","gdp_usd":7725,"segments":[{"line":"阜黄高速铁路","won_per_km":0.5512,"afford_pct":1.191,"line_en":"Fuhuang High-Speed Railway"}]},"geometry":{"type":"Point","coordinates":[115.40218460000001,30.2055696]}},{"type":"Feature","properties":{"name":"六盘水","name_en":"Liupanshui","name_zh":"","country":"China","region":"Liupanshui","gdp_usd":7846,"segments":[{"line":"安六高速铁路","won_per_km":0.487,"afford_pct":1.0361,"line_en":"Anliu High-Speed Railway"}]},"geometry":{"type":"Point","coordinates":[104.8501119,26.5940797]}},{"type":"Feature","properties":{"name":"黔江","name_en":"Qianjiang","name_zh":"","country":"China","region":"Chongqing","gdp_usd":14036,"segments":[{"line":"渝厦高速铁路","won_per_km":0.4932,"afford_pct":0.5865,"line_en":"Yusha High-Speed Railway"}]},"geometry":{"type":"Point","coordinates":[108.7899045,29.4441707]}},{"type":"Feature","properties":{"name":"海阳","name_en":"Haiyang","name_zh":"","country":"China","region":"Yantai","gdp_usd":21325,"segments":[{"line":"潍荣高速铁路","won_per_km":0.4259,"afford_pct":0.3334,"line_en":"Weirong High-Speed Railway"}]},"geometry":{"type":"Point","coordinates":[121.17539760000001,36.7168927]}},{"type":"Feature","properties":{"name":"虎门东","name_en":"Humendong","name_zh":"虎门东","country":"China","region":"Dongguan","gdp_usd":16228,"segments":[{"line":"穗深城际铁路","won_per_km":0.5616,"afford_pct":0.5777,"line_en":"Suishen Intercity Railway"}]},"geometry":{"type":"Point","coordinates":[113.6883564,22.8313929]}},{"type":"Feature","properties":{"name":"长安西","name_en":"Chang'anxi","name_zh":"长安西","country":"China","region":"Dongguan","gdp_usd":16228,"segments":[{"line":"穗深城际铁路","won_per_km":0.5616,"afford_pct":0.5777,"line_en":"Suishen Intercity Railway"}]},"geometry":{"type":"Point","coordinates":[113.7240824,22.7882761]}},{"type":"Feature","properties":{"name":"长安","name_en":"Chang'an","name_zh":"长安","country":"China","region":"Dongguan","gdp_usd":16228,"segments":[{"line":"穗深城际铁路","won_per_km":0.5616,"afford_pct":0.5777,"line_en":"Suishen Intercity Railway"}]},"geometry":{"type":"Point","coordinates":[113.75876740000001,22.7818506]}},{"type":"Feature","properties":{"name":"沙井西","name_en":"Shajingxi","name_zh":"沙井西","country":"China","region":"Shenzhen","gdp_usd":28615,"segments":[{"line":"穗深城际铁路","won_per_km":0.5616,"afford_pct":0.3276,"line_en":"Suishen Intercity Railway"}]},"geometry":{"type":"Point","coordinates":[113.7882189,22.7363592]}},{"type":"Feature","properties":{"name":"福海西","name_en":"Fuhaixi","name_zh":"福海西","country":"China","region":"Shenzhen","gdp_usd":28615,"segments":[{"line":"穗深城际铁路","won_per_km":0.5616,"afford_pct":0.3276,"line_en":"Suishen Intercity Railway"}]},"geometry":{"type":"Point","coordinates":[113.7844909,22.6928022]}},{"type":"Feature","properties":{"name":"深圳机场北","name_en":"Shenzhen Airport North","name_zh":"","country":"China","region":"Shenzhen (nearest)","gdp_usd":28615,"segments":[{"line":"穗深城际铁路","won_per_km":0.5616,"afford_pct":0.3276,"line_en":"Suishen Intercity Railway"}]},"geometry":{"type":"Point","coordinates":[113.7927032,22.6538539]}},{"type":"Feature","properties":{"name":"崖州","name_en":"Yazhou","name_zh":"崖州","country":"China","region":"Sanya","gdp_usd":12522,"segments":[{"line":"海南西环铁路","won_per_km":0.3287,"afford_pct":0.4382,"line_en":"Hainanxihuan Railway"}]},"geometry":{"type":"Point","coordinates":[109.1535157,18.3782225]}},{"type":"Feature","properties":{"name":"宁强南","name_en":"Ningqiangnan","name_zh":"宁强南","country":"China","region":"Hanzhong","gdp_usd":8856,"segments":[{"line":"西成高速铁路","won_per_km":0.4316,"afford_pct":0.8135,"line_en":"Xicheng High-Speed Railway"}]},"geometry":{"type":"Point","coordinates":[106.285072,32.8238331]}},{"type":"Feature","properties":{"name":"武威东","name_en":"Wuwei East","name_zh":"","country":"China","region":"Wuwei","gdp_usd":7323,"segments":[{"line":"兰张高速铁路","won_per_km":0.3469,"afford_pct":0.7907,"line_en":"Lanzhang High-Speed Railway"}]},"geometry":{"type":"Point","coordinates":[102.6893078,37.9524015]}},{"type":"Feature","properties":{"name":"闻喜西","name_en":"Wenxixi","name_zh":"","country":"China","region":"Yuncheng","gdp_usd":6499,"segments":[{"line":"大西高速铁路","won_per_km":0.3146,"afford_pct":0.808,"line_en":"Daxi High-Speed Railway"}]},"geometry":{"type":"Point","coordinates":[111.173572,35.3369021]}},{"type":"Feature","properties":{"name":"彬州东","name_en":"Binzhou East","name_zh":"彬州东","country":"China","region":"Xianyang","gdp_usd":10180,"segments":[{"line":"银西高速铁路","won_per_km":0.4335,"afford_pct":0.7108,"line_en":"Yinxi High-Speed Railway"}]},"geometry":{"type":"Point","coordinates":[108.12015740000001,35.0361792]}},{"type":"Feature","properties":{"name":"岚山西","name_en":"Lanshanxi","name_zh":"","country":"China","region":"Rizhao","gdp_usd":12135,"segments":[{"line":"青盐铁路","won_per_km":0.3478,"afford_pct":0.4784,"line_en":"Qingyan Railway"},{"line":"联络线/城内段","won_per_km":0.4419,"afford_pct":0.6079,"line_en":"Lianluoxian/chengneiduan"}]},"geometry":{"type":"Point","coordinates":[119.2708931,35.1875003]}},{"type":"Feature","properties":{"name":"太湖南","name_en":"Taihunan","name_zh":"","country":"China","region":"Anqing","gdp_usd":10688,"segments":[{"line":"京港高速铁路","won_per_km":0.5486,"afford_pct":0.8568,"line_en":"Jinggang High-Speed Railway"}]},"geometry":{"type":"Point","coordinates":[116.3579323,30.4107789]}},{"type":"Feature","properties":{"name":"潜山","name_en":"Qianshan","name_zh":"","country":"China","region":"Anqing","gdp_usd":10688,"segments":[{"line":"京港高速铁路","won_per_km":0.5486,"afford_pct":0.8568,"line_en":"Jinggang High-Speed Railway"}]},"geometry":{"type":"Point","coordinates":[116.6120547,30.5763052]}},{"type":"Feature","properties":{"name":"将乐","name_en":"Jiangle","name_zh":"","country":"China","region":"Sanming","gdp_usd":16773,"segments":[{"line":"昌福铁路","won_per_km":0.4881,"afford_pct":0.4857,"line_en":"Changfu Railway"}]},"geometry":{"type":"Point","coordinates":[117.4731311,26.6984102]}},{"type":"Feature","properties":{"name":"日照","name_en":"Rizhao","name_zh":"","country":"China","region":"Rizhao","gdp_usd":12135,"segments":[{"line":"日兰高速铁路","won_per_km":0.536,"afford_pct":0.7373,"line_en":"Rilan High-Speed Railway"},{"line":"联络线/城内段","won_per_km":0.4419,"afford_pct":0.6079,"line_en":"Lianluoxian/chengneiduan"}]},"geometry":{"type":"Point","coordinates":[119.52555570000001,35.405741]}},{"type":"Feature","properties":{"name":"苏州园区","name_en":"Suzhouyuanqu","name_zh":"","country":"China","region":"Suzhou","gdp_usd":28659,"segments":[{"line":"沪宁城际铁路","won_per_km":0.4881,"afford_pct":0.2843,"line_en":"Huning Intercity Railway"}]},"geometry":{"type":"Point","coordinates":[120.7066034,31.3426521]}},{"type":"Feature","properties":{"name":"祥云","name_en":"Xiangyun","name_zh":"","country":"China","region":"Dali Prefecture","gdp_usd":8372,"segments":[{"line":"昆楚大铁路","won_per_km":0.4421,"afford_pct":0.8814,"line_en":"Kunchuda Railway"}]},"geometry":{"type":"Point","coordinates":[100.55708170000001,25.4536954]}},{"type":"Feature","properties":{"name":"安达","name_en":"Anda","name_zh":"安达","country":"China","region":"Suihua","gdp_usd":4930,"segments":[{"line":"哈齐高速铁路","won_per_km":0.3427,"afford_pct":1.1604,"line_en":"Haqi High-Speed Railway"}]},"geometry":{"type":"Point","coordinates":[125.3151766,46.4003229]}},{"type":"Feature","properties":{"name":"衡山西","name_en":"Hengshan West","name_zh":"衡山西","country":"China","region":"Hengyang","gdp_usd":9663,"segments":[{"line":"京广高速铁路","won_per_km":0.4915,"afford_pct":0.849,"line_en":"Jingguang High-Speed Railway"}]},"geometry":{"type":"Point","coordinates":[112.78379240000001,27.2511042]}},{"type":"Feature","properties":{"name":"保康县","name_en":"Baokangxian","name_zh":"","country":"China","region":"Xiangyang","gdp_usd":16080,"segments":[{"line":"郑渝高速铁路","won_per_km":0.4954,"afford_pct":0.5143,"line_en":"Zhengyu High-Speed Railway"}]},"geometry":{"type":"Point","coordinates":[111.2213373,31.744993]}},{"type":"Feature","properties":{"name":"铜仁南","name_en":"Tongrennan","name_zh":"","country":"China","region":"Tongren","gdp_usd":7199,"segments":[{"line":"沪昆高速铁路","won_per_km":0.4813,"afford_pct":1.1159,"line_en":"Hukun High-Speed Railway"},{"line":"吉玉铁路","won_per_km":0.4667,"afford_pct":1.0821,"line_en":"Jiyu Railway"}]},"geometry":{"type":"Point","coordinates":[108.97131010000001,27.2824472]}},{"type":"Feature","properties":{"name":"余干","name_en":"Yugan Railway Station","name_zh":"","country":"China","region":"Shangrao","gdp_usd":8121,"segments":[{"line":"杭昌高速铁路","won_per_km":0.5417,"afford_pct":1.1134,"line_en":"Hangchang High-Speed Railway"}]},"geometry":{"type":"Point","coordinates":[116.64391830000001,28.7731864]}},{"type":"Feature","properties":{"name":"汉川北","name_en":"Hanchuanbei","name_zh":"","country":"China","region":"Xiaogan","gdp_usd":10865,"segments":[{"line":"沪渝蓉高速铁路","won_per_km":0.39,"afford_pct":0.5992,"line_en":"Huyurong High-Speed Railway"}]},"geometry":{"type":"Point","coordinates":[113.8479908,30.7075464]}},{"type":"Feature","properties":{"name":"惠东南","name_en":"Huidongnan","name_zh":"惠东南","country":"China","region":"Huizhou","gdp_usd":14004,"segments":[{"line":"杭深铁路","won_per_km":0.4428,"afford_pct":0.5278,"line_en":"Hangshen Railway"}]},"geometry":{"type":"Point","coordinates":[114.78973160000001,22.8475822]}},{"type":"Feature","properties":{"name":"厚街","name_en":"Houjie","name_zh":"厚街","country":"China","region":"Dongguan","gdp_usd":16228,"segments":[{"line":"穗深城际铁路","won_per_km":0.5616,"afford_pct":0.5777,"line_en":"Suishen Intercity Railway"}]},"geometry":{"type":"Point","coordinates":[113.6455825,22.9005046]}},{"type":"Feature","properties":{"name":"东莞港","name_en":"Dongguan Port","name_zh":"东莞港","country":"China","region":"Dongguan","gdp_usd":16228,"segments":[{"line":"穗深城际铁路","won_per_km":0.5616,"afford_pct":0.5777,"line_en":"Suishen Intercity Railway"}]},"geometry":{"type":"Point","coordinates":[113.6061726,22.9106447]}},{"type":"Feature","properties":{"name":"洪梅","name_en":"Hongmei","name_zh":"洪梅","country":"China","region":"Dongguan","gdp_usd":16228,"segments":[{"line":"穗深城际铁路","won_per_km":0.5616,"afford_pct":0.5777,"line_en":"Suishen Intercity Railway"}]},"geometry":{"type":"Point","coordinates":[113.612706,22.9831792]}},{"type":"Feature","properties":{"name":"望牛墩","name_en":"Wangniudun","name_zh":"","country":"China","region":"Dongguan","gdp_usd":16228,"segments":[{"line":"广惠城际铁路","won_per_km":0.5548,"afford_pct":0.5707,"line_en":"Guanghui Intercity Railway"},{"line":"穗深城际铁路","won_per_km":0.5616,"afford_pct":0.5777,"line_en":"Suishen Intercity Railway"}]},"geometry":{"type":"Point","coordinates":[113.62305610000001,23.0388019]}},{"type":"Feature","properties":{"name":"中堂","name_en":"Zhongtang","name_zh":"中堂","country":"China","region":"Dongguan","gdp_usd":16228,"segments":[{"line":"穗深城际铁路","won_per_km":0.5616,"afford_pct":0.5777,"line_en":"Suishen Intercity Railway"}]},"geometry":{"type":"Point","coordinates":[113.6163133,23.0787919]}},{"type":"Feature","properties":{"name":"乐东","name_en":"Ledong","name_zh":"乐东","country":"China","region":"Ledong","gdp_usd":6702,"segments":[{"line":"海南西环铁路","won_per_km":0.3287,"afford_pct":0.8186,"line_en":"Hainanxihuan Railway"}]},"geometry":{"type":"Point","coordinates":[108.9350242,18.4471603]}},{"type":"Feature","properties":{"name":"樟树东","name_en":"Zhangshudong","name_zh":"樟树东","country":"China","region":"Yichun (JX)","gdp_usd":10489,"segments":[{"line":"京港高速铁路","won_per_km":0.4877,"afford_pct":0.7761,"line_en":"Jinggang High-Speed Railway"}]},"geometry":{"type":"Point","coordinates":[115.59569970000001,27.968213]}},{"type":"Feature","properties":{"name":"南靖","name_en":"Nanjing","name_zh":"南靖","country":"China","region":"Zhangzhou","gdp_usd":16638,"segments":[{"line":"龙漳铁路","won_per_km":0.307,"afford_pct":0.308,"line_en":"Longzhang Railway"}]},"geometry":{"type":"Point","coordinates":[117.4438772,24.5816829]}},{"type":"Feature","properties":{"name":"章丘","name_en":"Zhangqiu","name_zh":"章丘","country":"China","region":"Jinan","gdp_usd":19858,"segments":[{"line":"胶济客运专线","won_per_km":0.3766,"afford_pct":0.3166,"line_en":"Jiaoji Passenger Line"},{"line":"联络线/城内段","won_per_km":0.3693,"afford_pct":0.3104,"line_en":"Lianluoxian/chengneiduan"}]},"geometry":{"type":"Point","coordinates":[117.49390310000001,36.7221607]}},{"type":"Feature","properties":{"name":"永济北","name_en":"Yongjibei","name_zh":"","country":"China","region":"Yuncheng","gdp_usd":6499,"segments":[{"line":"大西高速铁路","won_per_km":0.3163,"afford_pct":0.8124,"line_en":"Daxi High-Speed Railway"}]},"geometry":{"type":"Point","coordinates":[110.4192369,35.0282991]}},{"type":"Feature","properties":{"name":"永福南","name_en":"Yongfunan","name_zh":"永福南","country":"China","region":"Guilin","gdp_usd":7082,"segments":[{"line":"衡柳铁路","won_per_km":0.3082,"afford_pct":0.7264,"line_en":"Hengliu Railway"}]},"geometry":{"type":"Point","coordinates":[109.99407110000001,25.0013006]}},{"type":"Feature","properties":{"name":"钟山西","name_en":"Zhongshanxi","name_zh":"钟山西","country":"China","region":"Hezhou","gdp_usd":6708,"segments":[{"line":"贵广高速铁路","won_per_km":0.4417,"afford_pct":1.0991,"line_en":"Guiguang High-Speed Railway"}]},"geometry":{"type":"Point","coordinates":[111.3268373,24.5552315]}},{"type":"Feature","properties":{"name":"三门县","name_en":"Sanmenxian","name_zh":"","country":"China","region":"Taizhou","gdp_usd":13777,"segments":[{"line":"杭深铁路","won_per_km":0.3782,"afford_pct":0.4582,"line_en":"Hangshen Railway"}]},"geometry":{"type":"Point","coordinates":[121.35877850000001,29.057886]}},{"type":"Feature","properties":{"name":"鸡西西","name_en":"Jixixi","name_zh":"","country":"China","region":"Jixi","gdp_usd":6142,"segments":[{"line":"沈佳高速铁路","won_per_km":0.4489,"afford_pct":1.2199,"line_en":"Shenjia High-Speed Railway"}]},"geometry":{"type":"Point","coordinates":[130.8147808,45.3088491]}},{"type":"Feature","properties":{"name":"涿州东","name_en":"Zhuozhou East","name_zh":"","country":"China","region":"Baoding","gdp_usd":6653,"segments":[{"line":"京广高速铁路","won_per_km":0.4698,"afford_pct":1.1787,"line_en":"Jingguang High-Speed Railway"}]},"geometry":{"type":"Point","coordinates":[116.04738970000001,39.4586404]}},{"type":"Feature","properties":{"name":"高碑店东","name_en":"Gaobeidian East","name_zh":"","country":"China","region":"Baoding","gdp_usd":6653,"segments":[{"line":"京广高速铁路","won_per_km":0.4698,"afford_pct":1.1787,"line_en":"Jingguang High-Speed Railway"}]},"geometry":{"type":"Point","coordinates":[115.94067190000001,39.2878645]}},{"type":"Feature","properties":{"name":"南漳","name_en":"Nanzhang","name_zh":"南漳","country":"China","region":"Xiangyang","gdp_usd":16080,"segments":[{"line":"郑渝高速铁路","won_per_km":0.4954,"afford_pct":0.5143,"line_en":"Zhengyu High-Speed Railway"}]},"geometry":{"type":"Point","coordinates":[111.86127680000001,31.8033176]}},{"type":"Feature","properties":{"name":"北戴河","name_en":"Beidaihe","name_zh":"北戴河","country":"China","region":"Qinhuangdao","gdp_usd":9522,"segments":[{"line":"津秦高速铁路","won_per_km":0.4586,"afford_pct":0.8039,"line_en":"Jinqin High-Speed Railway"}]},"geometry":{"type":"Point","coordinates":[119.4137242,39.8495816]}},{"type":"Feature","properties":{"name":"建湖","name_en":"Jianhu","name_zh":"建湖","country":"China","region":"Yancheng","gdp_usd":16199,"segments":[{"line":"徐盐高速铁路","won_per_km":0.3962,"afford_pct":0.4083,"line_en":"Xuyan High-Speed Railway"}]},"geometry":{"type":"Point","coordinates":[119.7889593,33.5079815]}},{"type":"Feature","properties":{"name":"睢宁","name_en":"Suining","name_zh":"","country":"China","region":"Xuzhou","gdp_usd":14716,"segments":[{"line":"徐盐高速铁路","won_per_km":0.3962,"afford_pct":0.4494,"line_en":"Xuyan High-Speed Railway"}]},"geometry":{"type":"Point","coordinates":[117.93147320000001,33.9538577]}},{"type":"Feature","properties":{"name":"下花园北","name_en":"Xiahuayuanbei","name_zh":"","country":"China","region":"Zhangjiakou","gdp_usd":6586,"segments":[{"line":"京包高速铁路","won_per_km":0.5,"afford_pct":1.2673,"line_en":"Jingbao High-Speed Railway"}]},"geometry":{"type":"Point","coordinates":[115.2953009,40.5021076]}},{"type":"Feature","properties":{"name":"祁县东","name_en":"Qixiandong","name_zh":"","country":"China","region":"Jinzhong","gdp_usd":10187,"segments":[{"line":"大西高速铁路","won_per_km":0.3146,"afford_pct":0.5155,"line_en":"Daxi High-Speed Railway"}]},"geometry":{"type":"Point","coordinates":[112.3506576,37.3229598]}},{"type":"Feature","properties":{"name":"八达岭长城","name_en":"Badaling Great Wall","name_zh":"八达岭长城","country":"China","region":"Beijing","gdp_usd":31738,"segments":[{"line":"京包高速铁路","won_per_km":0.5,"afford_pct":0.263,"line_en":"Jingbao High-Speed Railway"},{"line":"京包高速铁路","won_per_km":0.3768,"afford_pct":0.1982,"line_en":"Jingbao High-Speed Railway"}]},"geometry":{"type":"Point","coordinates":[116.0050515,40.3603284]}},{"type":"Feature","properties":{"name":"灵石东","name_en":"Lingshidong","name_zh":"","country":"China","region":"Jinzhong","gdp_usd":10187,"segments":[{"line":"大西高速铁路","won_per_km":0.3146,"afford_pct":0.5155,"line_en":"Daxi High-Speed Railway"}]},"geometry":{"type":"Point","coordinates":[111.9093864,36.8793321]}},{"type":"Feature","properties":{"name":"环县","name_en":"Huanxian","name_zh":"","country":"China","region":"Qingyang","gdp_usd":7927,"segments":[{"line":"银西高速铁路","won_per_km":0.429,"afford_pct":0.9034,"line_en":"Yinxi High-Speed Railway"}]},"geometry":{"type":"Point","coordinates":[107.3704469,36.5158879]}},{"type":"Feature","properties":{"name":"广宁","name_en":"Guangning","name_zh":"广宁","country":"China","region":"Zhaoqing","gdp_usd":9821,"segments":[{"line":"贵广高速铁路","won_per_km":0.4417,"afford_pct":0.7507,"line_en":"Guiguang High-Speed Railway"}]},"geometry":{"type":"Point","coordinates":[112.4209761,23.5876168]}},{"type":"Feature","properties":{"name":"潼南","name_en":"Tongnan","name_zh":"","country":"China","region":"Chongqing","gdp_usd":14036,"segments":[{"line":"宁蓉铁路","won_per_km":0.5066,"afford_pct":0.6025,"line_en":"Ningrong Railway"}]},"geometry":{"type":"Point","coordinates":[105.8741847,30.2223955]}},{"type":"Feature","properties":{"name":"仙桃西","name_en":"Xiantaoxi","name_zh":"","country":"China","region":"Xiantao","gdp_usd":14470,"segments":[{"line":"宁蓉铁路","won_per_km":0.402,"afford_pct":0.4637,"line_en":"Ningrong Railway"}]},"geometry":{"type":"Point","coordinates":[113.133989,30.4273102]}},{"type":"Feature","properties":{"name":"定远","name_en":"Dingyuan","name_zh":"定远","country":"China","region":"Chuzhou","gdp_usd":13838,"segments":[{"line":"京沪高速铁路","won_per_km":0.4957,"afford_pct":0.5979,"line_en":"Jinghu High-Speed Railway"},{"line":"合新高速铁路","won_per_km":0.4831,"afford_pct":0.5828,"line_en":"Hexin High-Speed Railway"}]},"geometry":{"type":"Point","coordinates":[117.8369129,32.5774633]}},{"type":"Feature","properties":{"name":"巨野北","name_en":"Juyebei","name_zh":"","country":"China","region":"Heze","gdp_usd":7852,"segments":[{"line":"日兰高速铁路","won_per_km":0.536,"afford_pct":1.1395,"line_en":"Rilan High-Speed Railway"}]},"geometry":{"type":"Point","coordinates":[116.0689925,35.4470101]}},{"type":"Feature","properties":{"name":"邳州东","name_en":"Pizhoudong","name_zh":"","country":"China","region":"Xuzhou","gdp_usd":14716,"segments":[{"line":"徐连高速铁路","won_per_km":0.4865,"afford_pct":0.5518,"line_en":"Xulian High-Speed Railway"}]},"geometry":{"type":"Point","coordinates":[118.0081051,34.324903]}},{"type":"Feature","properties":{"name":"东海县","name_en":"Donghaixian","name_zh":"","country":"China","region":"Lianyungang","gdp_usd":14138,"segments":[{"line":"徐连高速铁路","won_per_km":0.4865,"afford_pct":0.5744,"line_en":"Xulian High-Speed Railway"}]},"geometry":{"type":"Point","coordinates":[118.7631393,34.5172928]}},{"type":"Feature","properties":{"name":"渑池南","name_en":"Mianchi South","name_zh":"渑池南","country":"China","region":"Sanmenxia","gdp_usd":11596,"segments":[{"line":"徐兰高速铁路","won_per_km":0.4579,"afford_pct":0.6592,"line_en":"Xulan High-Speed Railway"}]},"geometry":{"type":"Point","coordinates":[111.7682705,34.686304]}},{"type":"Feature","properties":{"name":"荣昌北","name_en":"Rongchangbei","name_zh":"","country":"China","region":"Chongqing","gdp_usd":14036,"segments":[{"line":"成渝高速铁路","won_per_km":0.5411,"afford_pct":0.6435,"line_en":"Chengyu High-Speed Railway"}]},"geometry":{"type":"Point","coordinates":[105.63278480000001,29.4361741]}},{"type":"Feature","properties":{"name":"舒城东","name_en":"Shuchengdong","name_zh":"","country":"China","region":"Lu'an","gdp_usd":7424,"segments":[{"line":"京港高速铁路","won_per_km":0.5486,"afford_pct":1.2335,"line_en":"Jinggang High-Speed Railway"}]},"geometry":{"type":"Point","coordinates":[117.042042,31.4869977]}},{"type":"Feature","properties":{"name":"颍上北","name_en":"Yingshangbei","name_zh":"","country":"China","region":"Fuyang","gdp_usd":6228,"segments":[{"line":"京港高速铁路","won_per_km":0.4821,"afford_pct":1.2921,"line_en":"Jinggang High-Speed Railway"}]},"geometry":{"type":"Point","coordinates":[116.20589550000001,32.68115]}},{"type":"Feature","properties":{"name":"凤台南","name_en":"Fengtainan","name_zh":"凤台南","country":"China","region":"Huainan","gdp_usd":7911,"segments":[{"line":"京港高速铁路","won_per_km":0.4821,"afford_pct":1.0173,"line_en":"Jinggang High-Speed Railway"}]},"geometry":{"type":"Point","coordinates":[116.6172776,32.6385666]}},{"type":"Feature","properties":{"name":"浠水南","name_en":"Xishui South Railway Station","name_zh":"","country":"China","region":"Huanggang","gdp_usd":7725,"segments":[{"line":"阜黄高速铁路","won_per_km":0.5512,"afford_pct":1.191,"line_en":"Fuhuang High-Speed Railway"}]},"geometry":{"type":"Point","coordinates":[115.2354172,30.4136714]}},{"type":"Feature","properties":{"name":"广汉北","name_en":"Guanghanbei","name_zh":"广汉北","country":"China","region":"Deyang","gdp_usd":13151,"segments":[{"line":"西成高速铁路","won_per_km":0.4317,"afford_pct":0.548,"line_en":"Xicheng High-Speed Railway"}]},"geometry":{"type":"Point","coordinates":[104.2730698,31.0117011]}},{"type":"Feature","properties":{"name":"乳山南","name_en":"Rushannan","name_zh":"","country":"China","region":"Weihai","gdp_usd":17798,"segments":[{"line":"潍荣高速铁路","won_per_km":0.4259,"afford_pct":0.3994,"line_en":"Weirong High-Speed Railway"}]},"geometry":{"type":"Point","coordinates":[121.552727,36.8758132]}},{"type":"Feature","properties":{"name":"揭阳机场","name_en":"Jieyangjichang","name_zh":"","country":"China","region":"Jieyang","gdp_usd":6208,"segments":[{"line":"梅汕高速铁路","won_per_km":0.4765,"afford_pct":1.2811,"line_en":"Meishan High-Speed Railway"}]},"geometry":{"type":"Point","coordinates":[116.5122816,23.5477424]}},{"type":"Feature","properties":{"name":"亚龙湾","name_en":"Yalongwan","name_zh":"亚龙湾","country":"China","region":"Sanya","gdp_usd":12522,"segments":[{"line":"海南东环铁路","won_per_km":0.419,"afford_pct":0.5585,"line_en":"Hainandonghuan Railway"}]},"geometry":{"type":"Point","coordinates":[109.5982924,18.3043516]}},{"type":"Feature","properties":{"name":"桃源","name_en":"Taoyuan","name_zh":"","country":"China","region":"Changde","gdp_usd":12198,"segments":[{"line":"渝厦高速铁路","won_per_km":0.5237,"afford_pct":0.7166,"line_en":"Yusha High-Speed Railway"}]},"geometry":{"type":"Point","coordinates":[111.39365780000001,28.9075298]}},{"type":"Feature","properties":{"name":"河东机场","name_en":"Hedongjichang","name_zh":"","country":"China","region":"Yinchuan","gdp_usd":14045,"segments":[{"line":"银兰高速铁路","won_per_km":0.4216,"afford_pct":0.5011,"line_en":"Yinlan High-Speed Railway"}]},"geometry":{"type":"Point","coordinates":[106.38186510000001,38.3217859]}},{"type":"Feature","properties":{"name":"临泉","name_en":"Linquan","name_zh":"","country":"China","region":"Fuyang","gdp_usd":6228,"segments":[{"line":"郑阜高速铁路","won_per_km":0.6304,"afford_pct":1.6896,"line_en":"Zhengfu High-Speed Railway"}]},"geometry":{"type":"Point","coordinates":[115.3720128,33.024398]}},{"type":"Feature","properties":{"name":"赤壁北","name_en":"Chibibei","name_zh":"赤壁北","country":"China","region":"Xianning","gdp_usd":10386,"segments":[{"line":"京广高速铁路","won_per_km":0.4945,"afford_pct":0.7947,"line_en":"Jingguang High-Speed Railway"}]},"geometry":{"type":"Point","coordinates":[113.8947876,29.7393548]}},{"type":"Feature","properties":{"name":"无为","name_en":"Wuwei","name_zh":"无为","country":"China","region":"Wuhu","gdp_usd":18861,"segments":[{"line":"合福高速铁路","won_per_km":0.4433,"afford_pct":0.3923,"line_en":"Hefu High-Speed Railway"}]},"geometry":{"type":"Point","coordinates":[117.9639065,31.3063668]}},{"type":"Feature","properties":{"name":"邵阳北","name_en":"Shaoyang North","name_zh":"","country":"China","region":"Shaoyang","gdp_usd":6431,"segments":[{"line":"沪昆高速铁路","won_per_km":0.497,"afford_pct":1.29,"line_en":"Hukun High-Speed Railway"}]},"geometry":{"type":"Point","coordinates":[111.4989759,27.5775554]}},{"type":"Feature","properties":{"name":"怀柔南","name_en":"Huairounan","name_zh":"怀柔南","country":"China","region":"Beijing","gdp_usd":31738,"segments":[{"line":"京哈高速铁路","won_per_km":0.5202,"afford_pct":0.2736,"line_en":"Jingha High-Speed Railway"}]},"geometry":{"type":"Point","coordinates":[116.6988695,40.2771929]}},{"type":"Feature","properties":{"name":"衢州西","name_en":"Quzhouxi","name_zh":"","country":"China","region":"Quzhou","gdp_usd":13697,"segments":[{"line":"杭衢高速铁路","won_per_km":0.4684,"afford_pct":0.5708,"line_en":"Hangqu High-Speed Railway"},{"line":"衢九铁路","won_per_km":0.4022,"afford_pct":0.4901,"line_en":"Qujiu Railway"}]},"geometry":{"type":"Point","coordinates":[118.8006376,28.9611666]}},{"type":"Feature","properties":{"name":"水家湖","name_en":"Shuijiahu","name_zh":"水家湖","country":"China","region":"Hefei","gdp_usd":18927,"segments":[{"line":"京港高速铁路","won_per_km":0.4821,"afford_pct":0.4252,"line_en":"Jinggang High-Speed Railway"},{"line":"合蚌高速铁路","won_per_km":0.4572,"afford_pct":0.4032,"line_en":"Hebang High-Speed Railway"}]},"geometry":{"type":"Point","coordinates":[117.16408790000001,32.4853615]}},{"type":"Feature","properties":{"name":"平度","name_en":"Pingdu","name_zh":"平度","country":"China","region":"Qingdao","gdp_usd":22347,"segments":[{"line":"潍荣高速铁路","won_per_km":0.4259,"afford_pct":0.3181,"line_en":"Weirong High-Speed Railway"}]},"geometry":{"type":"Point","coordinates":[119.97309240000001,36.8067372]}},{"type":"Feature","properties":{"name":"五华","name_en":"Wuhua","name_zh":"","country":"China","region":"Meizhou","gdp_usd":5456,"segments":[{"line":"龙龙高速铁路","won_per_km":0.5408,"afford_pct":1.6546,"line_en":"Longlong High-Speed Railway"}]},"geometry":{"type":"Point","coordinates":[115.6276444,24.0595027]}},{"type":"Feature","properties":{"name":"黄流","name_en":"Huangliu","name_zh":"","country":"China","region":"Ledong","gdp_usd":6702,"segments":[{"line":"海南西环铁路","won_per_km":0.3287,"afford_pct":0.8186,"line_en":"Hainanxihuan Railway"}]},"geometry":{"type":"Point","coordinates":[108.8273216,18.5304046]}},{"type":"Feature","properties":{"name":"宜城","name_en":"Yicheng","name_zh":"宜城","country":"China","region":"Xiangyang","gdp_usd":16080,"segments":[{"line":"襄荆高速铁路","won_per_km":0.521,"afford_pct":0.5408,"line_en":"Xiangjing High-Speed Railway"}]},"geometry":{"type":"Point","coordinates":[112.192271,31.7192047]}},{"type":"Feature","properties":{"name":"平原东","name_en":"Pingyuan East","name_zh":"","country":"China","region":"Dezhou","gdp_usd":10889,"segments":[{"line":"石济高速铁路","won_per_km":0.3583,"afford_pct":0.5492,"line_en":"Shiji High-Speed Railway"},{"line":"京沪高速铁路","won_per_km":0.5123,"afford_pct":0.7853,"line_en":"Jinghu High-Speed Railway"}]},"geometry":{"type":"Point","coordinates":[116.5763201,37.2173416]}},{"type":"Feature","properties":{"name":"亚布力西","name_en":"Yabuli West Railway Station","name_zh":"","country":"China","region":"Harbin","gdp_usd":8488,"segments":[{"line":"哈牡高速铁路","won_per_km":0.37,"afford_pct":0.7276,"line_en":"Hamu High-Speed Railway"}]},"geometry":{"type":"Point","coordinates":[128.5805642,44.9081097]}},{"type":"Feature","properties":{"name":"方正","name_en":"Fangzheng","name_zh":"方正","country":"China","region":"Harbin","gdp_usd":8488,"segments":[{"line":"哈佳铁路","won_per_km":0.366,"afford_pct":0.7198,"line_en":"Hajia Railway"}]},"geometry":{"type":"Point","coordinates":[128.8000953,45.8653967]}},{"type":"Feature","properties":{"name":"尚志南","name_en":"Shangzhi South Railway Station","name_zh":"","country":"China","region":"Harbin","gdp_usd":8488,"segments":[{"line":"哈牡高速铁路","won_per_km":0.37,"afford_pct":0.7276,"line_en":"Hamu High-Speed Railway"}]},"geometry":{"type":"Point","coordinates":[127.9468262,45.1938285]}},{"type":"Feature","properties":{"name":"七台河西","name_en":"Qitaihexi","name_zh":"","country":"China","region":"Qitaihe","gdp_usd":4532,"segments":[{"line":"沈佳高速铁路","won_per_km":0.4489,"afford_pct":1.6534,"line_en":"Shenjia High-Speed Railway"}]},"geometry":{"type":"Point","coordinates":[130.7738473,45.7423244]}},{"type":"Feature","properties":{"name":"昌图西","name_en":"Changtuxi","name_zh":"","country":"China","region":"Tieling","gdp_usd":4823,"segments":[{"line":"京哈高速铁路","won_per_km":0.4966,"afford_pct":1.7186,"line_en":"Jingha High-Speed Railway"}]},"geometry":{"type":"Point","coordinates":[124.0605836,42.7755118]}},{"type":"Feature","properties":{"name":"巫山","name_en":"Wushan","name_zh":"","country":"China","region":"Chongqing","gdp_usd":14036,"segments":[{"line":"郑渝高速铁路","won_per_km":0.4954,"afford_pct":0.5892,"line_en":"Zhengyu High-Speed Railway"}]},"geometry":{"type":"Point","coordinates":[109.9147774,31.1319375]}},{"type":"Feature","properties":{"name":"霸州西","name_en":"Bazhouxi","name_zh":"","country":"China","region":"Langfang","gdp_usd":9923,"segments":[{"line":"津保铁路","won_per_km":0.3696,"afford_pct":0.6218,"line_en":"Jinbao Railway"}]},"geometry":{"type":"Point","coordinates":[116.3441688,39.092365]}},{"type":"Feature","properties":{"name":"郏县","name_en":"Jiaxian","name_zh":"","country":"China","region":"Pingdingshan","gdp_usd":8043,"segments":[{"line":"郑渝高速铁路","won_per_km":0.4961,"afford_pct":1.0296,"line_en":"Zhengyu High-Speed Railway"}]},"geometry":{"type":"Point","coordinates":[113.26440810000001,33.9467065]}},{"type":"Feature","properties":{"name":"兴义南","name_en":"Xingyinan","name_zh":"","country":"China","region":"Qianxinan Prefecture","gdp_usd":6900,"segments":[{"line":"盘兴高速铁路","won_per_km":0.5556,"afford_pct":1.344,"line_en":"Panxing High-Speed Railway"}]},"geometry":{"type":"Point","coordinates":[104.95433120000001,25.0836398]}},{"type":"Feature","properties":{"name":"兴隆县西","name_en":"Xinglongxianxi","name_zh":"兴隆县西","country":"China","region":"Chengde","gdp_usd":8309,"segments":[{"line":"京哈高速铁路","won_per_km":0.5202,"afford_pct":1.0451,"line_en":"Jingha High-Speed Railway"}]},"geometry":{"type":"Point","coordinates":[117.47563190000001,40.4126792]}},{"type":"Feature","properties":{"name":"固安东","name_en":"Gu'andong","name_zh":"固安东","country":"China","region":"Langfang","gdp_usd":9923,"segments":[{"line":"京雄城际铁路","won_per_km":0.5094,"afford_pct":0.8569,"line_en":"Jingxiong Intercity Railway"},{"line":"津兴城际铁路","won_per_km":0.3182,"afford_pct":0.5353,"line_en":"Jinxing Intercity Railway"},{"line":"联络线/城内段","won_per_km":0.3182,"afford_pct":0.5353,"line_en":"Lianluoxian/chengneiduan"}]},"geometry":{"type":"Point","coordinates":[116.3983163,39.3710592]}},{"type":"Feature","properties":{"name":"广德南","name_en":"Guangdenan","name_zh":"","country":"China","region":"Xuancheng","gdp_usd":11479,"segments":[{"line":"合杭高速铁路","won_per_km":0.4961,"afford_pct":0.7214,"line_en":"Hehang High-Speed Railway"}]},"geometry":{"type":"Point","coordinates":[119.41259980000001,30.856995]}},{"type":"Feature","properties":{"name":"句容","name_en":"Jurong","name_zh":"句容","country":"China","region":"Zhenjiang","gdp_usd":23881,"segments":[{"line":"沪宁沿江高速铁路","won_per_km":0.5095,"afford_pct":0.3561,"line_en":"Huningyanjiang High-Speed Railway"}]},"geometry":{"type":"Point","coordinates":[119.1666758,31.9225579]}},{"type":"Feature","properties":{"name":"涵江","name_en":"Hanjiang","name_zh":"","country":"China","region":"Putian","gdp_usd":15033,"segments":[{"line":"甬广高速铁路","won_per_km":0.4561,"afford_pct":0.5064,"line_en":"Yongguang High-Speed Railway"},{"line":"杭深铁路","won_per_km":0.444,"afford_pct":0.493,"line_en":"Hangshen Railway"}]},"geometry":{"type":"Point","coordinates":[119.1708416,25.4944032]}},{"type":"Feature","properties":{"name":"武穴北","name_en":"Wuxue North Railway Station","name_zh":"","country":"China","region":"Huanggang","gdp_usd":7725,"segments":[{"line":"阜黄高速铁路","won_per_km":0.5512,"afford_pct":1.191,"line_en":"Fuhuang High-Speed Railway"}]},"geometry":{"type":"Point","coordinates":[115.6814705,30.005099]}},{"type":"Feature","properties":{"name":"钟祥南","name_en":"Zhongxiangnan","name_zh":"","country":"China","region":"Jingmen","gdp_usd":13416,"segments":[{"line":"沪渝蓉高速铁路","won_per_km":0.39,"afford_pct":0.4853,"line_en":"Huyurong High-Speed Railway"}]},"geometry":{"type":"Point","coordinates":[112.6230606,31.0493697]}},{"type":"Feature","properties":{"name":"当阳西","name_en":"Dangyangxi","name_zh":"","country":"China","region":"Yichang","gdp_usd":21940,"segments":[{"line":"沪渝蓉高速铁路","won_per_km":0.39,"afford_pct":0.2967,"line_en":"Huyurong High-Speed Railway"}]},"geometry":{"type":"Point","coordinates":[111.7526358,30.8454779]}},{"type":"Feature","properties":{"name":"松潘","name_en":"Songpan","name_zh":"","country":"China","region":"Ngawa Prefecture","gdp_usd":9579,"segments":[{"line":"川青铁路","won_per_km":0.4984,"afford_pct":0.8685,"line_en":"Chuanqing Railway"}]},"geometry":{"type":"Point","coordinates":[103.6043783,32.598839]}},{"type":"Feature","properties":{"name":"龙口市","name_en":"Longkoushi","name_zh":"","country":"China","region":"Yantai","gdp_usd":21325,"segments":[{"line":"潍烟高速铁路","won_per_km":0.4667,"afford_pct":0.3653,"line_en":"Weiyan High-Speed Railway"}]},"geometry":{"type":"Point","coordinates":[120.517906,37.6183042]}},{"type":"Feature","properties":{"name":"临高南","name_en":"Lingao South","name_zh":"","country":"China","region":"Lingao","gdp_usd":8578,"segments":[{"line":"海南西环铁路","won_per_km":0.3287,"afford_pct":0.6396,"line_en":"Hainanxihuan Railway"}]},"geometry":{"type":"Point","coordinates":[109.7551457,19.8696353]}},{"type":"Feature","properties":{"name":"神州","name_en":"Shenzou Railway Station","name_zh":"神州","country":"China","region":"Wanning","gdp_usd":8795,"segments":[{"line":"海南东环铁路","won_per_km":0.419,"afford_pct":0.7952,"line_en":"Hainandonghuan Railway"}]},"geometry":{"type":"Point","coordinates":[110.30340020000001,18.7265247]}},{"type":"Feature","properties":{"name":"田阳","name_en":"Tianyang","name_zh":"田阳","country":"China","region":"Baise","gdp_usd":7997,"segments":[{"line":"南昆高速铁路","won_per_km":0.3684,"afford_pct":0.7689,"line_en":"Nankun High-Speed Railway"}]},"geometry":{"type":"Point","coordinates":[106.93236010000001,23.7688387]}},{"type":"Feature","properties":{"name":"瑞金","name_en":"Ruijin","name_zh":"","country":"China","region":"Ganzhou","gdp_usd":7657,"segments":[{"line":"赣瑞龙铁路","won_per_km":0.3653,"afford_pct":0.7963,"line_en":"Ganruilong Railway"}]},"geometry":{"type":"Point","coordinates":[116.05110850000001,25.8665598]}},{"type":"Feature","properties":{"name":"雁门关","name_en":"Yanmenguan","name_zh":"","country":"China","region":"Xinzhou","gdp_usd":7133,"segments":[{"line":"大西高速铁路","won_per_km":0.3468,"afford_pct":0.8115,"line_en":"Daxi High-Speed Railway"}]},"geometry":{"type":"Point","coordinates":[112.79193710000001,39.0483904]}},{"type":"Feature","properties":{"name":"南宁北","name_en":"Nanningbei","name_zh":"南宁北","country":"China","region":"Nanning","gdp_usd":9311,"segments":[{"line":"贵南高速铁路","won_per_km":0.4704,"afford_pct":0.8433,"line_en":"Guinan High-Speed Railway"}]},"geometry":{"type":"Point","coordinates":[108.2330668,23.158985]}},{"type":"Feature","properties":{"name":"全椒","name_en":"Quanjiao","name_zh":"","country":"China","region":"Chuzhou","gdp_usd":13838,"segments":[{"line":"宁蓉铁路","won_per_km":0.3992,"afford_pct":0.4815,"line_en":"Ningrong Railway"}]},"geometry":{"type":"Point","coordinates":[118.277426,32.0623412]}},{"type":"Feature","properties":{"name":"滦河","name_en":"Luanhe","name_zh":"","country":"China","region":"Tangshan","gdp_usd":18023,"segments":[{"line":"津秦高速铁路","won_per_km":0.4586,"afford_pct":0.4247,"line_en":"Jinqin High-Speed Railway"}]},"geometry":{"type":"Point","coordinates":[118.66645070000001,39.8528873]}},{"type":"Feature","properties":{"name":"寿县","name_en":"Shouxian","name_zh":"寿县","country":"China","region":"Lu'an","gdp_usd":7424,"segments":[{"line":"京港高速铁路","won_per_km":0.4821,"afford_pct":1.084,"line_en":"Jinggang High-Speed Railway"}]},"geometry":{"type":"Point","coordinates":[116.800552,32.5950756]}},{"type":"Feature","properties":{"name":"正定机场","name_en":"Zhengdingjichang","name_zh":"","country":"China","region":"Shijiazhuang","gdp_usd":10152,"segments":[{"line":"京广高速铁路","won_per_km":0.4698,"afford_pct":0.7724,"line_en":"Jingguang High-Speed Railway"}]},"geometry":{"type":"Point","coordinates":[114.7033248,38.2513059]}},{"type":"Feature","properties":{"name":"淮南东","name_en":"Huainan East","name_zh":"","country":"China","region":"Huainan","gdp_usd":7911,"segments":[{"line":"合蚌高速铁路","won_per_km":0.4572,"afford_pct":0.9647,"line_en":"Hebang High-Speed Railway"}]},"geometry":{"type":"Point","coordinates":[117.14509690000001,32.6477164]}},{"type":"Feature","properties":{"name":"白沟","name_en":"Baigou","name_zh":"","country":"China","region":"Baoding","gdp_usd":6653,"segments":[{"line":"津保铁路","won_per_km":0.3696,"afford_pct":0.9273,"line_en":"Jinbao Railway"}]},"geometry":{"type":"Point","coordinates":[116.0866639,39.0859629]}},{"type":"Feature","properties":{"name":"胜芳","name_en":"Shengfang","name_zh":"","country":"China","region":"Langfang","gdp_usd":9923,"segments":[{"line":"津保铁路","won_per_km":0.3696,"afford_pct":0.6218,"line_en":"Jinbao Railway"},{"line":"津兴城际铁路","won_per_km":0.3182,"afford_pct":0.5353,"line_en":"Jinxing Intercity Railway"}]},"geometry":{"type":"Point","coordinates":[116.7534957,39.1376536]}},{"type":"Feature","properties":{"name":"玉山南","name_en":"Yushan South","name_zh":"","country":"China","region":"Shangrao","gdp_usd":8121,"segments":[{"line":"沪昆高速铁路","won_per_km":0.498,"afford_pct":1.0236,"line_en":"Hukun High-Speed Railway"}]},"geometry":{"type":"Point","coordinates":[118.2881073,28.6500774]}},{"type":"Feature","properties":{"name":"扶沟南","name_en":"Fugounan","name_zh":"","country":"China","region":"Zhoukou","gdp_usd":5848,"segments":[{"line":"郑阜高速铁路","won_per_km":0.6304,"afford_pct":1.7995,"line_en":"Zhengfu High-Speed Railway"}]},"geometry":{"type":"Point","coordinates":[114.38125350000001,33.997681]}},{"type":"Feature","properties":{"name":"铜仁","name_en":"Tongren","name_zh":"","country":"China","region":"Tongren","gdp_usd":7199,"segments":[{"line":"吉玉铁路","won_per_km":0.4667,"afford_pct":1.0821,"line_en":"Jiyu Railway"}]},"geometry":{"type":"Point","coordinates":[109.1997024,27.7433205]}},{"type":"Feature","properties":{"name":"喀左","name_en":"Kazuo","name_zh":"","country":"China","region":"Chaoyang","gdp_usd":5787,"segments":[{"line":"京哈高速铁路","won_per_km":0.5202,"afford_pct":1.5006,"line_en":"Jingha High-Speed Railway"},{"line":"喀赤高速铁路","won_per_km":0.4038,"afford_pct":1.1648,"line_en":"Kachi High-Speed Railway"}]},"geometry":{"type":"Point","coordinates":[119.8000824,41.2221768]}},{"type":"Feature","properties":{"name":"贾鲁河","name_en":"Jialuhe","name_zh":"","country":"China","region":"Zhengzhou","gdp_usd":15494,"segments":[{"line":"郑开城际铁路","won_per_km":0.4211,"afford_pct":0.4537,"line_en":"Zhengkai Intercity Railway"}]},"geometry":{"type":"Point","coordinates":[113.84379480000001,34.7761075]}},{"type":"Feature","properties":{"name":"太和东","name_en":"Taihedong","name_zh":"太和东","country":"China","region":"Fuyang","gdp_usd":6228,"segments":[{"line":"京港高速铁路","won_per_km":0.4821,"afford_pct":1.2921,"line_en":"Jinggang High-Speed Railway"}]},"geometry":{"type":"Point","coordinates":[115.722101,33.1580193]}},{"type":"Feature","properties":{"name":"青白江东","name_en":"Qingbaijiangdong","name_zh":"","country":"China","region":"Chengdu","gdp_usd":15280,"segments":[{"line":"西成高速铁路","won_per_km":0.4317,"afford_pct":0.4716,"line_en":"Xicheng High-Speed Railway"},{"line":"川青铁路","won_per_km":0.4984,"afford_pct":0.5445,"line_en":"Chuanqing Railway"}]},"geometry":{"type":"Point","coordinates":[104.2230794,30.8972219]}},{"type":"Feature","properties":{"name":"綦江东","name_en":"Qijiang West","name_zh":"","country":"China","region":"Chongqing","gdp_usd":14036,"segments":[{"line":"渝贵铁路","won_per_km":0.4006,"afford_pct":0.4764,"line_en":"Yugui Railway"}]},"geometry":{"type":"Point","coordinates":[106.65874140000001,29.0262609]}},{"type":"Feature","properties":{"name":"蓬莱","name_en":"Penglai","name_zh":"","country":"China","region":"Yantai","gdp_usd":21325,"segments":[{"line":"潍烟高速铁路","won_per_km":0.4667,"afford_pct":0.3653,"line_en":"Weiyan High-Speed Railway"},{"line":"潍烟高速铁路","won_per_km":0.4658,"afford_pct":0.3646,"line_en":"Weiyan High-Speed Railway"}]},"geometry":{"type":"Point","coordinates":[120.79656150000001,37.7568482]}},{"type":"Feature","properties":{"name":"应县西","name_en":"Yingxianxi","name_zh":"","country":"China","region":"Shuozhou","gdp_usd":11746,"segments":[{"line":"大西高速铁路","won_per_km":0.3468,"afford_pct":0.4929,"line_en":"Daxi High-Speed Railway"}]},"geometry":{"type":"Point","coordinates":[113.00670930000001,39.6232451]}},{"type":"Feature","properties":{"name":"襄汾西","name_en":"Xiangfenxi","name_zh":"","country":"China","region":"Linfen","gdp_usd":8763,"segments":[{"line":"大西高速铁路","won_per_km":0.3146,"afford_pct":0.5993,"line_en":"Daxi High-Speed Railway"}]},"geometry":{"type":"Point","coordinates":[111.330422,35.838567]}},{"type":"Feature","properties":{"name":"禹城东","name_en":"Yuchengdong","name_zh":"","country":"China","region":"Dezhou","gdp_usd":10889,"segments":[{"line":"石济高速铁路","won_per_km":0.3583,"afford_pct":0.5492,"line_en":"Shiji High-Speed Railway"},{"line":"京沪高速铁路","won_per_km":0.5123,"afford_pct":0.7853,"line_en":"Jinghu High-Speed Railway"}]},"geometry":{"type":"Point","coordinates":[116.68564060000001,37.0628285]}},{"type":"Feature","properties":{"name":"滨海港","name_en":"Binhaigang","name_zh":"滨海港","country":"China","region":"Yancheng","gdp_usd":16199,"segments":[{"line":"青盐铁路","won_per_km":0.3817,"afford_pct":0.3933,"line_en":"Qingyan Railway"}]},"geometry":{"type":"Point","coordinates":[119.85502070000001,34.0599069]}},{"type":"Feature","properties":{"name":"龙洞堡","name_en":"Longdongbao","name_zh":"","country":"China","region":"Guiyang","gdp_usd":12359,"segments":[{"line":"贵南高速铁路","won_per_km":0.4704,"afford_pct":0.6353,"line_en":"Guinan High-Speed Railway"},{"line":"贵广高速铁路","won_per_km":0.4372,"afford_pct":0.5905,"line_en":"Guiguang High-Speed Railway"}]},"geometry":{"type":"Point","coordinates":[106.79570020000001,26.5454666]}},{"type":"Feature","properties":{"name":"汕头南","name_en":"Shantounan","name_zh":"","country":"China","region":"Shantou","gdp_usd":7916,"segments":[{"line":"梅汕高速铁路","won_per_km":0.4765,"afford_pct":1.0047,"line_en":"Meishan High-Speed Railway"},{"line":"甬广高速铁路","won_per_km":0.5662,"afford_pct":1.1939,"line_en":"Yongguang High-Speed Railway"}]},"geometry":{"type":"Point","coordinates":[116.6731172,23.2321724]}},{"type":"Feature","properties":{"name":"英德西","name_en":"Yingde West","name_zh":"","country":"China","region":"Qingyuan","gdp_usd":7859,"segments":[{"line":"京广高速铁路","won_per_km":0.4698,"afford_pct":0.9978,"line_en":"Jingguang High-Speed Railway"}]},"geometry":{"type":"Point","coordinates":[113.34489110000001,24.1625143]}},{"type":"Feature","properties":{"name":"长葛北","name_en":"Zhanggebei","name_zh":"","country":"China","region":"Xuchang","gdp_usd":10953,"segments":[{"line":"郑渝高速铁路","won_per_km":0.4961,"afford_pct":0.756,"line_en":"Zhengyu High-Speed Railway"}]},"geometry":{"type":"Point","coordinates":[113.7288106,34.2524027]}},{"type":"Feature","properties":{"name":"沈丘北","name_en":"Shenqiubei","name_zh":"","country":"China","region":"Zhoukou","gdp_usd":5848,"segments":[{"line":"郑阜高速铁路","won_per_km":0.6304,"afford_pct":1.7995,"line_en":"Zhengfu High-Speed Railway"}]},"geometry":{"type":"Point","coordinates":[115.1016,33.424626]}},{"type":"Feature","properties":{"name":"通辽","name_en":"Tongliao","name_zh":"通辽","country":"China","region":"Tongliao","gdp_usd":8392,"segments":[{"line":"新通高速铁路","won_per_km":0.3706,"afford_pct":0.7372,"line_en":"Xintong High-Speed Railway"}]},"geometry":{"type":"Point","coordinates":[122.26580740000001,43.6016685]}},{"type":"Feature","properties":{"name":"黄山西","name_en":"Huangshanxi","name_zh":"","country":"China","region":"Huangshan","gdp_usd":11982,"segments":[{"line":"池黄高速铁路","won_per_km":0.439,"afford_pct":0.6116,"line_en":"Chihuang High-Speed Railway"}]},"geometry":{"type":"Point","coordinates":[118.0846561,30.2797295]}},{"type":"Feature","properties":{"name":"桐庐东","name_en":"Tongludong","name_zh":"","country":"China","region":"Hangzhou","gdp_usd":24185,"segments":[{"line":"合杭高速铁路","won_per_km":0.529,"afford_pct":0.3651,"line_en":"Hehang High-Speed Railway"},{"line":"杭温高速铁路","won_per_km":0.523,"afford_pct":0.361,"line_en":"Hangwen High-Speed Railway"}]},"geometry":{"type":"Point","coordinates":[119.7596936,29.8574581]}},{"type":"Feature","properties":{"name":"阜宁东","name_en":"Funingdong","name_zh":"阜宁东","country":"China","region":"Yancheng","gdp_usd":16199,"segments":[{"line":"青盐铁路","won_per_km":0.3817,"afford_pct":0.3933,"line_en":"Qingyan Railway"}]},"geometry":{"type":"Point","coordinates":[119.934298,33.8005449]}},{"type":"Feature","properties":{"name":"永泰","name_en":"Yongtai","name_zh":"","country":"China","region":"Fuzhou","gdp_usd":23339,"segments":[{"line":"昌福铁路","won_per_km":0.4881,"afford_pct":0.3491,"line_en":"Changfu Railway"}]},"geometry":{"type":"Point","coordinates":[118.9290637,25.851529]}},{"type":"Feature","properties":{"name":"黄冈西","name_en":"Huanggangxi","name_zh":"黄冈西","country":"China","region":"Ezhou","gdp_usd":17396,"segments":[{"line":"武冈城际铁路","won_per_km":0.4,"afford_pct":0.3838,"line_en":"Wugang Intercity Railway"}]},"geometry":{"type":"Point","coordinates":[114.88343370000001,30.5068901]}},{"type":"Feature","properties":{"name":"威远","name_en":"Weiyuan","name_zh":"威远","country":"China","region":"Neijiang","gdp_usd":8820,"segments":[{"line":"成宜高速铁路","won_per_km":0.4944,"afford_pct":0.9356,"line_en":"Chengyi High-Speed Railway"}]},"geometry":{"type":"Point","coordinates":[104.73420890000001,29.5511385]}},{"type":"Feature","properties":{"name":"成都西","name_en":"Chengduxi","name_zh":"","country":"China","region":"Chengdu","gdp_usd":15280,"segments":[{"line":"成雅铁路","won_per_km":0.3857,"afford_pct":0.4213,"line_en":"Chengya Railway"},{"line":"联络线/城内段","won_per_km":0.3857,"afford_pct":0.4213,"line_en":"Lianluoxian/chengneiduan"},{"line":"联络线/城内段","won_per_km":0.4197,"afford_pct":0.4585,"line_en":"Lianluoxian/chengneiduan"},{"line":"联络线/城内段","won_per_km":0.4944,"afford_pct":0.5401,"line_en":"Lianluoxian/chengneiduan"}]},"geometry":{"type":"Point","coordinates":[103.9775041,30.6879152]}},{"type":"Feature","properties":{"name":"新会","name_en":"Xinhui","name_zh":"","country":"China","region":"Jiangmen","gdp_usd":12144,"segments":[{"line":"广珠城际江门支线","won_per_km":0.6,"afford_pct":0.8247,"line_en":"Guangzhuchengjijiangmen Branch Line"}]},"geometry":{"type":"Point","coordinates":[113.06588640000001,22.5203259]}},{"type":"Feature","properties":{"name":"阳东","name_en":"Yangdong","name_zh":"","country":"China","region":"Yangjiang","gdp_usd":8638,"segments":[{"line":"深湛铁路","won_per_km":0.5378,"afford_pct":1.0392,"line_en":"Shenzhan Railway"}]},"geometry":{"type":"Point","coordinates":[112.1492725,21.9569582]}},{"type":"Feature","properties":{"name":"永登北","name_en":"Yongdeng North","name_zh":"","country":"China","region":"Lanzhou","gdp_usd":11749,"segments":[{"line":"兰张高速铁路","won_per_km":0.3469,"afford_pct":0.4929,"line_en":"Lanzhang High-Speed Railway"}]},"geometry":{"type":"Point","coordinates":[103.2431375,36.7230667]}},{"type":"Feature","properties":{"name":"山阴南","name_en":"Shanyinnan","name_zh":"","country":"China","region":"Shuozhou","gdp_usd":11746,"segments":[{"line":"大西高速铁路","won_per_km":0.3468,"afford_pct":0.4929,"line_en":"Daxi High-Speed Railway"}]},"geometry":{"type":"Point","coordinates":[112.8320573,39.4916819]}},{"type":"Feature","properties":{"name":"田东北","name_en":"Tiandongbei","name_zh":"田东北","country":"China","region":"Baise","gdp_usd":7997,"segments":[{"line":"南昆高速铁路","won_per_km":0.3684,"afford_pct":0.7689,"line_en":"Nankun High-Speed Railway"}]},"geometry":{"type":"Point","coordinates":[107.1378102,23.6856926]}},{"type":"Feature","properties":{"name":"高坪","name_en":"Gaoping","name_zh":"","country":"China","region":"Enshi Prefecture","gdp_usd":6830,"segments":[{"line":"宁蓉铁路","won_per_km":0.3092,"afford_pct":0.7557,"line_en":"Ningrong Railway"}]},"geometry":{"type":"Point","coordinates":[110.0849122,30.666672]}},{"type":"Feature","properties":{"name":"建始","name_en":"Jianshi","name_zh":"","country":"China","region":"Enshi Prefecture","gdp_usd":6830,"segments":[{"line":"宁蓉铁路","won_per_km":0.3092,"afford_pct":0.7557,"line_en":"Ningrong Railway"}]},"geometry":{"type":"Point","coordinates":[109.723454,30.569824]}},{"type":"Feature","properties":{"name":"罗浮山","name_en":"Luofushan","name_zh":"罗浮山","country":"China","region":"Huizhou","gdp_usd":14004,"segments":[{"line":"甬广高速铁路","won_per_km":0.5662,"afford_pct":0.6749,"line_en":"Yongguang High-Speed Railway"},{"line":"联络线/城内段","won_per_km":0.5662,"afford_pct":0.6749,"line_en":"Lianluoxian/chengneiduan"}]},"geometry":{"type":"Point","coordinates":[114.06483480000001,23.197315]}},{"type":"Feature","properties":{"name":"天河机场","name_en":"Tianhe International Airport","name_zh":"天河机场","country":"China","region":"Wuhan","gdp_usd":21288,"segments":[{"line":"武孝城际铁路","won_per_km":0.4217,"afford_pct":0.3307,"line_en":"Wuxiao Intercity Railway"},{"line":"武西高速铁路","won_per_km":0.4804,"afford_pct":0.3767,"line_en":"Wuxi High-Speed Railway"}]},"geometry":{"type":"Point","coordinates":[114.2114291,30.7727489]}},{"type":"Feature","properties":{"name":"新干东","name_en":"Xingandong","name_zh":"新干东","country":"China","region":"Ji'an","gdp_usd":9289,"segments":[{"line":"京港高速铁路","won_per_km":0.4877,"afford_pct":0.8764,"line_en":"Jinggang High-Speed Railway"}]},"geometry":{"type":"Point","coordinates":[115.42176760000001,27.7469516]}},{"type":"Feature","properties":{"name":"费县北","name_en":"Feixianbei","name_zh":"","country":"China","region":"Linyi","gdp_usd":8406,"segments":[{"line":"日兰高速铁路","won_per_km":0.536,"afford_pct":1.0644,"line_en":"Rilan High-Speed Railway"}]},"geometry":{"type":"Point","coordinates":[117.93036020000001,35.3193907]}},{"type":"Feature","properties":{"name":"宁城","name_en":"Ningcheng","name_zh":"","country":"China","region":"Chifeng","gdp_usd":8177,"segments":[{"line":"喀赤高速铁路","won_per_km":0.4038,"afford_pct":0.8243,"line_en":"Kachi High-Speed Railway"}]},"geometry":{"type":"Point","coordinates":[119.31354580000001,41.6132525]}},{"type":"Feature","properties":{"name":"黟县东","name_en":"Yixiandong","name_zh":"","country":"China","region":"Huangshan","gdp_usd":11982,"segments":[{"line":"杭昌高速铁路","won_per_km":0.5417,"afford_pct":0.7546,"line_en":"Hangchang High-Speed Railway"},{"line":"池黄高速铁路","won_per_km":0.439,"afford_pct":0.6116,"line_en":"Chihuang High-Speed Railway"}]},"geometry":{"type":"Point","coordinates":[118.0429002,29.8873331]}},{"type":"Feature","properties":{"name":"抚州东","name_en":"Fuzhou East","name_zh":"","country":"China","region":"Fuzhou (JX)","gdp_usd":8518,"segments":[{"line":"沪昆高速铁路","won_per_km":0.4979,"afford_pct":0.9757,"line_en":"Hukun High-Speed Railway"}]},"geometry":{"type":"Point","coordinates":[116.6118832,28.2639435]}},{"type":"Feature","properties":{"name":"永安南","name_en":"Yong'annan","name_zh":"永安南","country":"China","region":"Sanming","gdp_usd":16773,"segments":[{"line":"南龙铁路","won_per_km":0.3979,"afford_pct":0.396,"line_en":"Nanlong Railway"}]},"geometry":{"type":"Point","coordinates":[117.3851905,25.9414492]}},{"type":"Feature","properties":{"name":"花溪大学城","name_en":"Huaxi Daxuecheng","name_zh":"花溪大学城","country":"China","region":"Guiyang","gdp_usd":12359,"segments":[]},"geometry":{"type":"Point","coordinates":[106.6223698,26.3977398]}},{"type":"Feature","properties":{"name":"武隆南","name_en":"Wulongnan","name_zh":"","country":"China","region":"Chongqing","gdp_usd":14036,"segments":[{"line":"渝厦高速铁路","won_per_km":0.4932,"afford_pct":0.5865,"line_en":"Yusha High-Speed Railway"}]},"geometry":{"type":"Point","coordinates":[107.8132942,29.2993008]}},{"type":"Feature","properties":{"name":"丰顺东","name_en":"Fengshun East","name_zh":"","country":"China","region":"Meizhou","gdp_usd":5456,"segments":[{"line":"梅汕高速铁路","won_per_km":0.4765,"afford_pct":1.4579,"line_en":"Meishan High-Speed Railway"}]},"geometry":{"type":"Point","coordinates":[116.1861424,23.8069818]}},{"type":"Feature","properties":{"name":"棋子湾","name_en":"Qiziwan","name_zh":"","country":"China","region":"Changjiang","gdp_usd":9732,"segments":[{"line":"海南西环铁路","won_per_km":0.3287,"afford_pct":0.5638,"line_en":"Hainanxihuan Railway"}]},"geometry":{"type":"Point","coordinates":[108.8041307,19.3392265]}},{"type":"Feature","properties":{"name":"老城镇","name_en":"Laochengzhen","name_zh":"","country":"China","region":"Chengmai","gdp_usd":15114,"segments":[{"line":"海南西环铁路","won_per_km":0.3287,"afford_pct":0.363,"line_en":"Hainanxihuan Railway"}]},"geometry":{"type":"Point","coordinates":[110.1132089,19.9338974]}},{"type":"Feature","properties":{"name":"汉寿","name_en":"Hanshou","name_zh":"","country":"China","region":"Changde","gdp_usd":12198,"segments":[{"line":"渝厦高速铁路","won_per_km":0.5237,"afford_pct":0.7166,"line_en":"Yusha High-Speed Railway"}]},"geometry":{"type":"Point","coordinates":[111.93901380000001,28.8445213]}},{"type":"Feature","properties":{"name":"三江南","name_en":"Sanjiangnan","name_zh":"","country":"China","region":"Liuzhou","gdp_usd":9891,"segments":[{"line":"贵广高速铁路","won_per_km":0.4372,"afford_pct":0.7378,"line_en":"Guiguang High-Speed Railway"}]},"geometry":{"type":"Point","coordinates":[109.5715732,25.7286956]}},{"type":"Feature","properties":{"name":"古田会址","name_en":"Gutianhuizhi","name_zh":"古田会址","country":"China","region":"Longyan","gdp_usd":17675,"segments":[{"line":"龙龙高速铁路","won_per_km":0.462,"afford_pct":0.4363,"line_en":"Longlong High-Speed Railway"},{"line":"赣瑞龙铁路","won_per_km":0.3653,"afford_pct":0.345,"line_en":"Ganruilong Railway"}]},"geometry":{"type":"Point","coordinates":[116.7676145,25.187087]}},{"type":"Feature","properties":{"name":"怀仁东","name_en":"Huairendong","name_zh":"","country":"China","region":"Shuozhou","gdp_usd":11746,"segments":[{"line":"大西高速铁路","won_per_km":0.3468,"afford_pct":0.4929,"line_en":"Daxi High-Speed Railway"}]},"geometry":{"type":"Point","coordinates":[113.1564617,39.791863]}},{"type":"Feature","properties":{"name":"白银南","name_en":"Baiyin South Railway Station","name_zh":"","country":"China","region":"Baiyin","gdp_usd":6963,"segments":[{"line":"银兰高速铁路","won_per_km":0.4216,"afford_pct":1.0107,"line_en":"Yinlan High-Speed Railway"}]},"geometry":{"type":"Point","coordinates":[104.1791761,36.4784564]}},{"type":"Feature","properties":{"name":"乾县","name_en":"Qianxian","name_zh":"乾县","country":"China","region":"Xianyang","gdp_usd":10180,"segments":[{"line":"银西高速铁路","won_per_km":0.4335,"afford_pct":0.7108,"line_en":"Yinxi High-Speed Railway"}]},"geometry":{"type":"Point","coordinates":[108.27396150000001,34.5071267]}},{"type":"Feature","properties":{"name":"隆安东","name_en":"Long'andong","name_zh":"隆安东","country":"China","region":"Nanning","gdp_usd":9311,"segments":[{"line":"南昆高速铁路","won_per_km":0.3684,"afford_pct":0.6604,"line_en":"Nankun High-Speed Railway"}]},"geometry":{"type":"Point","coordinates":[107.7020126,23.137833]}},{"type":"Feature","properties":{"name":"张掖西","name_en":"Zangye West Railway Station","name_zh":"","country":"China","region":"Zhangye","gdp_usd":8593,"segments":[{"line":"兰新高速铁路","won_per_km":0.3084,"afford_pct":0.5991,"line_en":"Lanxin High-Speed Railway"}]},"geometry":{"type":"Point","coordinates":[100.4265546,38.9225017]}},{"type":"Feature","properties":{"name":"全州南","name_en":"Quanzhounan","name_zh":"","country":"China","region":"Guilin","gdp_usd":7082,"segments":[{"line":"衡柳铁路","won_per_km":0.3082,"afford_pct":0.7264,"line_en":"Hengliu Railway"}]},"geometry":{"type":"Point","coordinates":[111.0365114,25.9560928]}},{"type":"Feature","properties":{"name":"东安东","name_en":"Dong'andong","name_zh":"东安东","country":"China","region":"Shaoyang","gdp_usd":6431,"segments":[{"line":"衡柳铁路","won_per_km":0.3082,"afford_pct":0.7999,"line_en":"Hengliu Railway"}]},"geometry":{"type":"Point","coordinates":[111.3319194,26.3810668]}},{"type":"Feature","properties":{"name":"芙蓉镇","name_en":"Furong Town","name_zh":"","country":"China","region":"Xiangxi Prefecture","gdp_usd":4937,"segments":[{"line":"张吉怀高速铁路","won_per_km":0.5551,"afford_pct":1.8768,"line_en":"Zhangjihuai High-Speed Railway"}]},"geometry":{"type":"Point","coordinates":[109.98201510000001,28.7730232]}},{"type":"Feature","properties":{"name":"依兰","name_en":"Yilan","name_zh":"依兰","country":"China","region":"Harbin","gdp_usd":8488,"segments":[{"line":"哈佳铁路","won_per_km":0.366,"afford_pct":0.7198,"line_en":"Hajia Railway"}]},"geometry":{"type":"Point","coordinates":[129.60002690000002,46.2771813]}},{"type":"Feature","properties":{"name":"双鸭山西","name_en":"Shuangyashanxi","name_zh":"","country":"China","region":"Shuangyashan","gdp_usd":6802,"segments":[{"line":"沈佳高速铁路","won_per_km":0.4489,"afford_pct":1.1016,"line_en":"Shenjia High-Speed Railway"}]},"geometry":{"type":"Point","coordinates":[131.0828242,46.7094351]}},{"type":"Feature","properties":{"name":"锦州北","name_en":"Jinzhoubei","name_zh":"锦州北","country":"China","region":"Jinzhou","gdp_usd":7207,"segments":[{"line":"朝凌高速铁路","won_per_km":0.5472,"afford_pct":1.2674,"line_en":"Chaoling High-Speed Railway"}]},"geometry":{"type":"Point","coordinates":[121.12141910000001,41.1792475]}},{"type":"Feature","properties":{"name":"公主岭南","name_en":"Gongzhuling South","name_zh":"公主岭南","country":"China","region":"Siping","gdp_usd":4926,"segments":[{"line":"京哈高速铁路","won_per_km":0.4966,"afford_pct":1.6828,"line_en":"Jingha High-Speed Railway"}]},"geometry":{"type":"Point","coordinates":[124.809726,43.470884]}},{"type":"Feature","properties":{"name":"铜陵北","name_en":"Tonglingbei","name_zh":"铜陵北","country":"China","region":"Tongling","gdp_usd":14167,"segments":[{"line":"宁安城际铁路","won_per_km":0.4008,"afford_pct":0.4723,"line_en":"Ningan Intercity Railway"},{"line":"合福高速铁路","won_per_km":0.4433,"afford_pct":0.5223,"line_en":"Hefu High-Speed Railway"}]},"geometry":{"type":"Point","coordinates":[118.0160809,31.0157065]}},{"type":"Feature","properties":{"name":"富阳西","name_en":"Fuyangxi","name_zh":"","country":"China","region":"Hangzhou","gdp_usd":24185,"segments":[{"line":"合杭高速铁路","won_per_km":0.529,"afford_pct":0.3651,"line_en":"Hehang High-Speed Railway"}]},"geometry":{"type":"Point","coordinates":[119.8566248,30.048446]}},{"type":"Feature","properties":{"name":"运粮河","name_en":"Yunlianghe","name_zh":"运粮河","country":"China","region":"Kaifeng","gdp_usd":8161,"segments":[{"line":"郑开城际铁路","won_per_km":0.4211,"afford_pct":0.8613,"line_en":"Zhengkai Intercity Railway"}]},"geometry":{"type":"Point","coordinates":[114.1903439,34.797107]}},{"type":"Feature","properties":{"name":"浦江","name_en":"Pujiang","name_zh":"","country":"China","region":"Jinhua","gdp_usd":13406,"segments":[{"line":"杭温高速铁路","won_per_km":0.523,"afford_pct":0.6512,"line_en":"Hangwen High-Speed Railway"}]},"geometry":{"type":"Point","coordinates":[119.97795420000001,29.4933977]}},{"type":"Feature","properties":{"name":"上海西","name_en":"Shanghaixi","name_zh":"上海西","country":"China","region":"Shanghai","gdp_usd":30204,"segments":[{"line":"沪宁城际铁路","won_per_km":0.4881,"afford_pct":0.2697,"line_en":"Huning Intercity Railway"},{"line":"联络线/城内段","won_per_km":0.4881,"afford_pct":0.2697,"line_en":"Lianluoxian/chengneiduan"},{"line":"联络线/城内段","won_per_km":0.4656,"afford_pct":0.2573,"line_en":"Lianluoxian/chengneiduan"}]},"geometry":{"type":"Point","coordinates":[121.398156,31.2646031]}},{"type":"Feature","properties":{"name":"弋阳","name_en":"Yiyang East","name_zh":"","country":"China","region":"Shangrao","gdp_usd":8121,"segments":[{"line":"沪昆高速铁路","won_per_km":0.4979,"afford_pct":1.0234,"line_en":"Hukun High-Speed Railway"}]},"geometry":{"type":"Point","coordinates":[117.4397155,28.4142451]}},{"type":"Feature","properties":{"name":"潮安","name_en":"Chao'an","name_zh":"潮安","country":"China","region":"Chaozhou","gdp_usd":7573,"segments":[{"line":"梅汕高速铁路","won_per_km":0.4765,"afford_pct":1.0503,"line_en":"Meishan High-Speed Railway"}]},"geometry":{"type":"Point","coordinates":[116.69173090000001,23.4763101]}},{"type":"Feature","properties":{"name":"铜川","name_en":"Tongchuan","name_zh":"铜川","country":"China","region":"Xianyang","gdp_usd":10180,"segments":[{"line":"包西高速铁路","won_per_km":0.5253,"afford_pct":0.8613,"line_en":"Baoxi High-Speed Railway"}]},"geometry":{"type":"Point","coordinates":[108.9658004,34.9009871]}},{"type":"Feature","properties":{"name":"中川机场东","name_en":"Zhongchuanjichangdong Railway Station","name_zh":"","country":"China","region":"Lanzhou","gdp_usd":11749,"segments":[{"line":"兰张高速铁路","won_per_km":0.3469,"afford_pct":0.4929,"line_en":"Lanzhang High-Speed Railway"},{"line":"中川机场环线","won_per_km":0.4141,"afford_pct":0.5883,"line_en":"Zhongchuanjichang Loop Line"}]},"geometry":{"type":"Point","coordinates":[103.6347719,36.5200918]}},{"type":"Feature","properties":{"name":"齐河","name_en":"Qihe","name_zh":"","country":"China","region":"Dezhou","gdp_usd":10889,"segments":[{"line":"石济高速铁路","won_per_km":0.3583,"afford_pct":0.5492,"line_en":"Shiji High-Speed Railway"},{"line":"京沪高速铁路","won_per_km":0.5123,"afford_pct":0.7853,"line_en":"Jinghu High-Speed Railway"}]},"geometry":{"type":"Point","coordinates":[116.8568074,36.8430613]}},{"type":"Feature","properties":{"name":"响水县","name_en":"Xiangshuixian","name_zh":"响水县","country":"China","region":"Yancheng","gdp_usd":16199,"segments":[{"line":"青盐铁路","won_per_km":0.3817,"afford_pct":0.3933,"line_en":"Qingyan Railway"}]},"geometry":{"type":"Point","coordinates":[119.68258170000001,34.1932521]}},{"type":"Feature","properties":{"name":"野三关","name_en":"Yesanguan","name_zh":"野三关","country":"China","region":"Enshi Prefecture","gdp_usd":6830,"segments":[{"line":"宁蓉铁路","won_per_km":0.3092,"afford_pct":0.7557,"line_en":"Ningrong Railway"}]},"geometry":{"type":"Point","coordinates":[110.35324360000001,30.6653125]}},{"type":"Feature","properties":{"name":"白沙铺","name_en":"Baishapu","name_zh":"","country":"China","region":"Huangshi","gdp_usd":13170,"segments":[{"line":"武九高速铁路","won_per_km":0.4,"afford_pct":0.507,"line_en":"Wujiu High-Speed Railway"}]},"geometry":{"type":"Point","coordinates":[115.069928,29.9607309]}},{"type":"Feature","properties":{"name":"太谷东","name_en":"Taigudong","name_zh":"","country":"China","region":"Jinzhong","gdp_usd":10187,"segments":[{"line":"郑太高速铁路","won_per_km":0.4908,"afford_pct":0.8042,"line_en":"Zhengtai High-Speed Railway"}]},"geometry":{"type":"Point","coordinates":[112.6205968,37.4524363]}},{"type":"Feature","properties":{"name":"广南县","name_en":"Guangnanxian","name_zh":"广南县","country":"China","region":"Wenshan Prefecture","gdp_usd":6367,"segments":[{"line":"南昆高速铁路","won_per_km":0.3684,"afford_pct":0.9659,"line_en":"Nankun High-Speed Railway"}]},"geometry":{"type":"Point","coordinates":[105.0495781,24.0366445]}},{"type":"Feature","properties":{"name":"石林西","name_en":"Shilinxi","name_zh":"","country":"China","region":"Kunming","gdp_usd":13251,"segments":[{"line":"南昆高速铁路","won_per_km":0.3684,"afford_pct":0.4641,"line_en":"Nankun High-Speed Railway"}]},"geometry":{"type":"Point","coordinates":[103.2410111,24.6600116]}},{"type":"Feature","properties":{"name":"禄丰南","name_en":"Lufengnan","name_zh":"","country":"China","region":"Chuxiong Prefecture","gdp_usd":12030,"segments":[{"line":"昆楚大铁路","won_per_km":0.4421,"afford_pct":0.6134,"line_en":"Kunchuda Railway"}]},"geometry":{"type":"Point","coordinates":[102.06221280000001,25.1227264]}},{"type":"Feature","properties":{"name":"长清","name_en":"Zhangqing","name_zh":"","country":"China","region":"Jinan","gdp_usd":19858,"segments":[{"line":"济郑高速铁路","won_per_km":0.5725,"afford_pct":0.4812,"line_en":"Jizheng High-Speed Railway"},{"line":"联络线/城内段","won_per_km":0.4746,"afford_pct":0.3989,"line_en":"Lianluoxian/chengneiduan"}]},"geometry":{"type":"Point","coordinates":[116.7267584,36.5654293]}},{"type":"Feature","properties":{"name":"方城","name_en":"Fangcheng","name_zh":"","country":"China","region":"Nanyang","gdp_usd":7163,"segments":[{"line":"郑渝高速铁路","won_per_km":0.4961,"afford_pct":1.1561,"line_en":"Zhengyu High-Speed Railway"}]},"geometry":{"type":"Point","coordinates":[112.9439579,33.2404508]}},{"type":"Feature","properties":{"name":"巩义南","name_en":"Gongyi South","name_zh":"巩义南","country":"China","region":"Zhengzhou","gdp_usd":15494,"segments":[{"line":"徐兰高速铁路","won_per_km":0.4615,"afford_pct":0.4972,"line_en":"Xulan High-Speed Railway"}]},"geometry":{"type":"Point","coordinates":[112.9105621,34.6716859]}},{"type":"Feature","properties":{"name":"隆昌北","name_en":"Longchangbei","name_zh":"","country":"China","region":"Neijiang","gdp_usd":8820,"segments":[{"line":"成渝高速铁路","won_per_km":0.5411,"afford_pct":1.024,"line_en":"Chengyu High-Speed Railway"}]},"geometry":{"type":"Point","coordinates":[105.2874349,29.4683757]}},{"type":"Feature","properties":{"name":"和平北","name_en":"Hepingbei","name_zh":"","country":"China","region":"Heyuan","gdp_usd":6901,"segments":[{"line":"京港高速铁路","won_per_km":0.5906,"afford_pct":1.4286,"line_en":"Jinggang High-Speed Railway"}]},"geometry":{"type":"Point","coordinates":[114.95492940000001,24.4754863]}},{"type":"Feature","properties":{"name":"界首南","name_en":"Jieshounan","name_zh":"界首南","country":"China","region":"Fuyang","gdp_usd":6228,"segments":[{"line":"郑阜高速铁路","won_per_km":0.6304,"afford_pct":1.6896,"line_en":"Zhengfu High-Speed Railway"}]},"geometry":{"type":"Point","coordinates":[115.31975650000001,33.2244659]}},{"type":"Feature","properties":{"name":"甘旗卡","name_en":"Ganqika","name_zh":"甘旗卡","country":"China","region":"Tongliao","gdp_usd":8392,"segments":[{"line":"新通高速铁路","won_per_km":0.3706,"afford_pct":0.7372,"line_en":"Xintong High-Speed Railway"}]},"geometry":{"type":"Point","coordinates":[122.3501708,42.9563025]}},{"type":"Feature","properties":{"name":"建平","name_en":"Jianping","name_zh":"","country":"China","region":"Chaoyang","gdp_usd":5787,"segments":[{"line":"喀赤高速铁路","won_per_km":0.4038,"afford_pct":1.1648,"line_en":"Kachi High-Speed Railway"}]},"geometry":{"type":"Point","coordinates":[119.5562321,41.3781651]}},{"type":"Feature","properties":{"name":"九华山","name_en":"Jiuhuashan","name_zh":"","country":"China","region":"Chizhou","gdp_usd":12380,"segments":[{"line":"池黄高速铁路","won_per_km":0.439,"afford_pct":0.5919,"line_en":"Chihuang High-Speed Railway"}]},"geometry":{"type":"Point","coordinates":[117.8513647,30.5981738]}},{"type":"Feature","properties":{"name":"歙县北","name_en":"Shexianbei","name_zh":"","country":"China","region":"Huangshan","gdp_usd":11982,"segments":[{"line":"杭昌高速铁路","won_per_km":0.4044,"afford_pct":0.5634,"line_en":"Hangchang High-Speed Railway"},{"line":"合福高速铁路","won_per_km":0.4433,"afford_pct":0.6176,"line_en":"Hefu High-Speed Railway"}]},"geometry":{"type":"Point","coordinates":[118.4051782,29.9243518]}},{"type":"Feature","properties":{"name":"焦作西","name_en":"Jiaozuoxi","name_zh":"焦作西","country":"China","region":"Jiaozuo","gdp_usd":9427,"segments":[{"line":"郑太高速铁路","won_per_km":0.4908,"afford_pct":0.8691,"line_en":"Zhengtai High-Speed Railway"}]},"geometry":{"type":"Point","coordinates":[113.0559468,35.2089371]}},{"type":"Feature","properties":{"name":"古田北","name_en":"Gutianbei","name_zh":"","country":"China","region":"Ningde","gdp_usd":17166,"segments":[{"line":"合福高速铁路","won_per_km":0.4588,"afford_pct":0.4461,"line_en":"Hefu High-Speed Railway"}]},"geometry":{"type":"Point","coordinates":[118.6604235,26.4656187]}},{"type":"Feature","properties":{"name":"兴国西","name_en":"Xingguoxi","name_zh":"兴国西","country":"China","region":"Ganzhou","gdp_usd":7657,"segments":[{"line":"京港高速铁路","won_per_km":0.4877,"afford_pct":1.0631,"line_en":"Jinggang High-Speed Railway"}]},"geometry":{"type":"Point","coordinates":[115.2740332,26.3157495]}},{"type":"Feature","properties":{"name":"龙里北","name_en":"Longlibei","name_zh":"龙里北","country":"China","region":"Qiannan Prefecture","gdp_usd":7762,"segments":[{"line":"贵南高速铁路","won_per_km":0.4704,"afford_pct":1.0116,"line_en":"Guinan High-Speed Railway"},{"line":"贵广高速铁路","won_per_km":0.4372,"afford_pct":0.9402,"line_en":"Guiguang High-Speed Railway"},{"line":"联络线/城内段","won_per_km":0.4372,"afford_pct":0.9402,"line_en":"Lianluoxian/chengneiduan"}]},"geometry":{"type":"Point","coordinates":[106.96324360000001,26.4717745]}},{"type":"Feature","properties":{"name":"六枝南","name_en":"Liuzhinan","name_zh":"","country":"China","region":"Liupanshui","gdp_usd":7846,"segments":[{"line":"安六高速铁路","won_per_km":0.487,"afford_pct":1.0361,"line_en":"Anliu High-Speed Railway"}]},"geometry":{"type":"Point","coordinates":[105.434879,26.2309482]}},{"type":"Feature","properties":{"name":"宁乡西","name_en":"Ningxiangxi","name_zh":"","country":"China","region":"Changsha","gdp_usd":20104,"segments":[{"line":"渝厦高速铁路","won_per_km":0.5237,"afford_pct":0.4348,"line_en":"Yusha High-Speed Railway"}]},"geometry":{"type":"Point","coordinates":[112.5307516,28.2995173]}},{"type":"Feature","properties":{"name":"于都","name_en":"Yudu","name_zh":"","country":"China","region":"Ganzhou","gdp_usd":7657,"segments":[{"line":"赣瑞龙铁路","won_per_km":0.3653,"afford_pct":0.7963,"line_en":"Ganruilong Railway"}]},"geometry":{"type":"Point","coordinates":[115.4114865,25.978581]}},{"type":"Feature","properties":{"name":"古浪北","name_en":"Gulangbei","name_zh":"","country":"China","region":"Wuwei","gdp_usd":7323,"segments":[{"line":"兰张高速铁路","won_per_km":0.3469,"afford_pct":0.7907,"line_en":"Lanzhang High-Speed Railway"}]},"geometry":{"type":"Point","coordinates":[102.90564180000001,37.5054725]}},{"type":"Feature","properties":{"name":"榕江","name_en":"Rongjiang","name_zh":"","country":"China","region":"Qiandongnan Prefecture","gdp_usd":5315,"segments":[{"line":"贵广高速铁路","won_per_km":0.4372,"afford_pct":1.3731,"line_en":"Guiguang High-Speed Railway"}]},"geometry":{"type":"Point","coordinates":[108.5514902,25.9917177]}},{"type":"Feature","properties":{"name":"冠豸山南","name_en":"Guanzhishannan","name_zh":"冠豸山南","country":"China","region":"Longyan","gdp_usd":17675,"segments":[{"line":"赣瑞龙铁路","won_per_km":0.3653,"afford_pct":0.345,"line_en":"Ganruilong Railway"}]},"geometry":{"type":"Point","coordinates":[116.6748378,25.5270977]}},{"type":"Feature","properties":{"name":"许昌北","name_en":"Xuchangbei","name_zh":"","country":"China","region":"Xuchang","gdp_usd":10953,"segments":[{"line":"郑阜高速铁路","won_per_km":0.6304,"afford_pct":0.9607,"line_en":"Zhengfu High-Speed Railway"}]},"geometry":{"type":"Point","coordinates":[113.92425050000001,34.1444472]}},{"type":"Feature","properties":{"name":"富宁","name_en":"Funing","name_zh":"富宁","country":"China","region":"Wenshan Prefecture","gdp_usd":6367,"segments":[{"line":"南昆高速铁路","won_per_km":0.3684,"afford_pct":0.9659,"line_en":"Nankun High-Speed Railway"}]},"geometry":{"type":"Point","coordinates":[105.5818028,23.6772685]}},{"type":"Feature","properties":{"name":"绥中北","name_en":"Suizhongbei","name_zh":"绥中北","country":"China","region":"Huludao","gdp_usd":6003,"segments":[{"line":"秦沈客运专线","won_per_km":0.3259,"afford_pct":0.9062,"line_en":"Qinshen Passenger Line"}]},"geometry":{"type":"Point","coordinates":[120.318709,40.34713]}},{"type":"Feature","properties":{"name":"开原西","name_en":"Kaiyuan West","name_zh":"","country":"China","region":"Tieling","gdp_usd":4823,"segments":[{"line":"京哈高速铁路","won_per_km":0.4966,"afford_pct":1.7186,"line_en":"Jingha High-Speed Railway"}]},"geometry":{"type":"Point","coordinates":[123.9127873,42.547378]}},{"type":"Feature","properties":{"name":"高邑西","name_en":"Gaoyi West","name_zh":"高邑西","country":"China","region":"Shijiazhuang","gdp_usd":10152,"segments":[{"line":"京广高速铁路","won_per_km":0.4733,"afford_pct":0.7782,"line_en":"Jingguang High-Speed Railway"}]},"geometry":{"type":"Point","coordinates":[114.524187,37.6290632]}},{"type":"Feature","properties":{"name":"滨海西","name_en":"Binhaixi","name_zh":"","country":"China","region":"Tianjin","gdp_usd":18381,"segments":[{"line":"津秦高速铁路","won_per_km":0.4586,"afford_pct":0.4165,"line_en":"Jinqin High-Speed Railway"}]},"geometry":{"type":"Point","coordinates":[117.605684,39.0800307]}},{"type":"Feature","properties":{"name":"资中北","name_en":"Zizhongbei","name_zh":"资中北","country":"China","region":"Neijiang","gdp_usd":8820,"segments":[{"line":"成渝高速铁路","won_per_km":0.5033,"afford_pct":0.9525,"line_en":"Chengyu High-Speed Railway"}]},"geometry":{"type":"Point","coordinates":[104.87027060000001,29.7997045]}},{"type":"Feature","properties":{"name":"进贤南","name_en":"Jinxian South","name_zh":"","country":"China","region":"Nanchang","gdp_usd":16392,"segments":[{"line":"沪昆高速铁路","won_per_km":0.4979,"afford_pct":0.507,"line_en":"Hukun High-Speed Railway"}]},"geometry":{"type":"Point","coordinates":[116.2296457,28.340735]}},{"type":"Feature","properties":{"name":"溆浦南","name_en":"Xupu South","name_zh":"","country":"China","region":"Huaihua","gdp_usd":6554,"segments":[{"line":"沪昆高速铁路","won_per_km":0.497,"afford_pct":1.2658,"line_en":"Hukun High-Speed Railway"}]},"geometry":{"type":"Point","coordinates":[110.5880872,27.6085165]}},{"type":"Feature","properties":{"name":"西华","name_en":"Xihua","name_zh":"","country":"China","region":"Zhoukou","gdp_usd":5848,"segments":[{"line":"郑阜高速铁路","won_per_km":0.6304,"afford_pct":1.7995,"line_en":"Zhengfu High-Speed Railway"}]},"geometry":{"type":"Point","coordinates":[114.6045794,33.7951774]}},{"type":"Feature","properties":{"name":"新民北","name_en":"Xinminbei","name_zh":"新民北","country":"China","region":"Shenyang","gdp_usd":13614,"segments":[{"line":"京哈高速铁路","won_per_km":0.4982,"afford_pct":0.6108,"line_en":"Jingha High-Speed Railway"},{"line":"新通高速铁路","won_per_km":0.3706,"afford_pct":0.4544,"line_en":"Xintong High-Speed Railway"}]},"geometry":{"type":"Point","coordinates":[122.8002861,42.022305]}},{"type":"Feature","properties":{"name":"彰武","name_en":"Zhangwu","name_zh":"彰武","country":"China","region":"Fuxin","gdp_usd":5874,"segments":[{"line":"新通高速铁路","won_per_km":0.3706,"afford_pct":1.0532,"line_en":"Xintong High-Speed Railway"}]},"geometry":{"type":"Point","coordinates":[122.5232289,42.3848273]}},{"type":"Feature","properties":{"name":"长白山西","name_en":"Changbaishanxi","name_zh":"长白山西","country":"China","region":"Baishan","gdp_usd":8887,"segments":[{"line":"沈佳高速铁路","won_per_km":0.6395,"afford_pct":1.2012,"line_en":"Shenjia High-Speed Railway"}]},"geometry":{"type":"Point","coordinates":[127.47548680000001,42.1869367]}},{"type":"Feature","properties":{"name":"彭水西","name_en":"Pengshuixi","name_zh":"","country":"China","region":"Chongqing","gdp_usd":14036,"segments":[{"line":"渝厦高速铁路","won_per_km":0.4932,"afford_pct":0.5865,"line_en":"Yusha High-Speed Railway"}]},"geometry":{"type":"Point","coordinates":[108.1123299,29.3395771]}},{"type":"Feature","properties":{"name":"阳西","name_en":"Yangxi","name_zh":"","country":"China","region":"Yangjiang","gdp_usd":8638,"segments":[{"line":"深湛铁路","won_per_km":0.5378,"afford_pct":1.0392,"line_en":"Shenzhan Railway"},{"line":"广湛高速铁路","won_per_km":0.655,"afford_pct":1.2657,"line_en":"Guangzhan High-Speed Railway"}]},"geometry":{"type":"Point","coordinates":[111.63873380000001,21.7988151]}},{"type":"Feature","properties":{"name":"惠安","name_en":"Hui'an","name_zh":"惠安","country":"China","region":"Quanzhou","gdp_usd":20470,"segments":[{"line":"杭深铁路","won_per_km":0.444,"afford_pct":0.3621,"line_en":"Hangshen Railway"}]},"geometry":{"type":"Point","coordinates":[118.7093976,25.0608425]}},{"type":"Feature","properties":{"name":"天祝西","name_en":"Tianzhuxi","name_zh":"","country":"China","region":"Wuwei","gdp_usd":7323,"segments":[{"line":"兰张高速铁路","won_per_km":0.3469,"afford_pct":0.7907,"line_en":"Lanzhang High-Speed Railway"}]},"geometry":{"type":"Point","coordinates":[103.11309720000001,36.9986217]}},{"type":"Feature","properties":{"name":"青岛机场","name_en":"Qingdao Airport","name_zh":"","country":"China","region":"Qingdao","gdp_usd":22347,"segments":[{"line":"济青高速铁路","won_per_km":0.4852,"afford_pct":0.3624,"line_en":"Jiqing High-Speed Railway"},{"line":"联络线/城内段","won_per_km":0.3622,"afford_pct":0.2705,"line_en":"Lianluoxian/chengneiduan"}]},"geometry":{"type":"Point","coordinates":[120.0898391,36.3592345]}},{"type":"Feature","properties":{"name":"都安","name_en":"Douan","name_zh":"","country":"China","region":"Hechi","gdp_usd":5859,"segments":[{"line":"贵南高速铁路","won_per_km":0.4704,"afford_pct":1.3401,"line_en":"Guinan High-Speed Railway"}]},"geometry":{"type":"Point","coordinates":[108.1100343,23.9705395]}},{"type":"Feature","properties":{"name":"乐清东","name_en":"Yueqingdong","name_zh":"乐清东","country":"China","region":"Wenzhou","gdp_usd":13786,"segments":[{"line":"杭深铁路","won_per_km":0.3782,"afford_pct":0.4579,"line_en":"Hangshen Railway"}]},"geometry":{"type":"Point","coordinates":[120.98749640000001,28.2002762]}},{"type":"Feature","properties":{"name":"嘉峪关南","name_en":"Jiayuguannan","name_zh":"","country":"China","region":"Jiayuguan","gdp_usd":13683,"segments":[{"line":"兰新高速铁路","won_per_km":0.3084,"afford_pct":0.3762,"line_en":"Lanxin High-Speed Railway"},{"line":"兰新高速铁路","won_per_km":0.3082,"afford_pct":0.376,"line_en":"Lanxin High-Speed Railway"},{"line":"敦煌铁路","won_per_km":0.3088,"afford_pct":0.3767,"line_en":"Dunhuang Railway"}]},"geometry":{"type":"Point","coordinates":[98.3092476,39.7167075]}},{"type":"Feature","properties":{"name":"高平东","name_en":"Gaopingdong","name_zh":"","country":"China","region":"Jincheng","gdp_usd":15485,"segments":[{"line":"郑太高速铁路","won_per_km":0.4908,"afford_pct":0.5291,"line_en":"Zhengtai High-Speed Railway"}]},"geometry":{"type":"Point","coordinates":[112.95884740000001,35.7337337]}},{"type":"Feature","properties":{"name":"盘锦北","name_en":"Panjinbei","name_zh":"盘锦北","country":"China","region":"Panjin","gdp_usd":14253,"segments":[{"line":"盘营高速铁路","won_per_km":0.4437,"afford_pct":0.5196,"line_en":"Panying High-Speed Railway"},{"line":"秦沈客运专线","won_per_km":0.3259,"afford_pct":0.3817,"line_en":"Qinshen Passenger Line"}]},"geometry":{"type":"Point","coordinates":[121.80258350000001,41.3332488]}},{"type":"Feature","properties":{"name":"燕郊","name_en":"Yanjiao","name_zh":"燕郊","country":"China","region":"Langfang","gdp_usd":9923,"segments":[{"line":"京唐城际铁路","won_per_km":0.5497,"afford_pct":0.9247,"line_en":"Jingtang Intercity Railway"}]},"geometry":{"type":"Point","coordinates":[116.8198143,39.9410098]}},{"type":"Feature","properties":{"name":"通远堡西","name_en":"Tongyuanbaoxi","name_zh":"","country":"China","region":"Dandong","gdp_usd":6738,"segments":[{"line":"沈丹高速铁路","won_per_km":0.3365,"afford_pct":0.8336,"line_en":"Shendan High-Speed Railway"}]},"geometry":{"type":"Point","coordinates":[123.9118981,40.7773405]}},{"type":"Feature","properties":{"name":"瓦房店西","name_en":"Wafangdianxi","name_zh":"","country":"China","region":"Dalian","gdp_usd":17553,"segments":[{"line":"沈大高速铁路","won_per_km":0.4582,"afford_pct":0.4357,"line_en":"Shenda High-Speed Railway"}]},"geometry":{"type":"Point","coordinates":[121.8330306,39.6557663]}},{"type":"Feature","properties":{"name":"莘县","name_en":"Shenxian","name_zh":"","country":"China","region":"Liaocheng","gdp_usd":7525,"segments":[{"line":"济郑高速铁路","won_per_km":0.5725,"afford_pct":1.2699,"line_en":"Jizheng High-Speed Railway"}]},"geometry":{"type":"Point","coordinates":[115.68116160000001,36.2067826]}},{"type":"Feature","properties":{"name":"莱州","name_en":"Laizhou","name_zh":"","country":"China","region":"Yantai","gdp_usd":21325,"segments":[{"line":"潍烟高速铁路","won_per_km":0.4667,"afford_pct":0.3653,"line_en":"Weiyan High-Speed Railway"}]},"geometry":{"type":"Point","coordinates":[119.9138967,37.1329673]}},{"type":"Feature","properties":{"name":"泾县","name_en":"Jingxian","name_zh":"泾县","country":"China","region":"Xuancheng","gdp_usd":11479,"segments":[{"line":"合福高速铁路","won_per_km":0.4433,"afford_pct":0.6446,"line_en":"Hefu High-Speed Railway"}]},"geometry":{"type":"Point","coordinates":[118.3834924,30.6607147]}},{"type":"Feature","properties":{"name":"富源北","name_en":"Fuyuanbei","name_zh":"","country":"China","region":"Qujing","gdp_usd":9079,"segments":[{"line":"沪昆高速铁路","won_per_km":0.4644,"afford_pct":0.8538,"line_en":"Hukun High-Speed Railway"}]},"geometry":{"type":"Point","coordinates":[104.2685524,25.716702]}},{"type":"Feature","properties":{"name":"鄢陵","name_en":"Yanling","name_zh":"","country":"China","region":"Xuchang","gdp_usd":10953,"segments":[{"line":"郑阜高速铁路","won_per_km":0.6304,"afford_pct":0.9607,"line_en":"Zhengfu High-Speed Railway"}]},"geometry":{"type":"Point","coordinates":[114.13417690000001,34.0652794]}},{"type":"Feature","properties":{"name":"安图西","name_en":"Antuxi","name_zh":"安图西","country":"China","region":"Yanbian Prefecture","gdp_usd":7453,"segments":[{"line":"长珲城际铁路","won_per_km":0.3079,"afford_pct":0.6896,"line_en":"Zhanghui Intercity Railway"}]},"geometry":{"type":"Point","coordinates":[128.8880348,43.1109582]}},{"type":"Feature","properties":{"name":"珲春","name_en":"Hunchun","name_zh":"珲春","country":"China","region":"Yanbian Prefecture","gdp_usd":7453,"segments":[{"line":"长珲城际铁路","won_per_km":0.3079,"afford_pct":0.6896,"line_en":"Zhanghui Intercity Railway"}]},"geometry":{"type":"Point","coordinates":[130.3953236,42.8992207]}},{"type":"Feature","properties":{"name":"修武西","name_en":"Xiuwuxi","name_zh":"修武西","country":"China","region":"Jiaozuo","gdp_usd":9427,"segments":[{"line":"郑太高速铁路","won_per_km":0.4908,"afford_pct":0.8691,"line_en":"Zhengtai High-Speed Railway"}]},"geometry":{"type":"Point","coordinates":[113.41860980000001,35.2110874]}},{"type":"Feature","properties":{"name":"建德南","name_en":"Jiandenan","name_zh":"","country":"China","region":"Hangzhou","gdp_usd":24185,"segments":[{"line":"杭衢高速铁路","won_per_km":0.4684,"afford_pct":0.3233,"line_en":"Hangqu High-Speed Railway"}]},"geometry":{"type":"Point","coordinates":[119.27189720000001,29.4347774]}},{"type":"Feature","properties":{"name":"姜堰","name_en":"Jiangyan","name_zh":"","country":"China","region":"Taizhou","gdp_usd":21749,"segments":[{"line":"宁启铁路","won_per_km":0.3721,"afford_pct":0.2856,"line_en":"Ningqi Railway"}]},"geometry":{"type":"Point","coordinates":[120.1142884,32.5356088]}},{"type":"Feature","properties":{"name":"江都","name_en":"Jiangdu","name_zh":"","country":"China","region":"Yangzhou","gdp_usd":23689,"segments":[{"line":"宁启铁路","won_per_km":0.3721,"afford_pct":0.2622,"line_en":"Ningqi Railway"}]},"geometry":{"type":"Point","coordinates":[119.5727248,32.4608099]}},{"type":"Feature","properties":{"name":"峡江","name_en":"Xiajiang","name_zh":"峡江","country":"China","region":"Ji'an","gdp_usd":9289,"segments":[{"line":"京港高速铁路","won_per_km":0.4877,"afford_pct":0.8764,"line_en":"Jinggang High-Speed Railway"}]},"geometry":{"type":"Point","coordinates":[115.3307748,27.6022715]}},{"type":"Feature","properties":{"name":"梁平南","name_en":"Liangpingnan","name_zh":"梁平南","country":"China","region":"Chongqing","gdp_usd":14036,"segments":[{"line":"郑渝高速铁路","won_per_km":0.45,"afford_pct":0.5352,"line_en":"Zhengyu High-Speed Railway"}]},"geometry":{"type":"Point","coordinates":[107.7654634,30.6443282]}},{"type":"Feature","properties":{"name":"城阳","name_en":"Chengyang","name_zh":"城阳","country":"China","region":"Qingdao","gdp_usd":22347,"segments":[{"line":"胶济客运专线","won_per_km":0.3766,"afford_pct":0.2813,"line_en":"Jiaoji Passenger Line"},{"line":"青荣城际铁路","won_per_km":0.3458,"afford_pct":0.2583,"line_en":"Qingrong Intercity Railway"},{"line":"联络线/城内段","won_per_km":0.3622,"afford_pct":0.2705,"line_en":"Lianluoxian/chengneiduan"},{"line":"联络线/城内段","won_per_km":0.3478,"afford_pct":0.2598,"line_en":"Lianluoxian/chengneiduan"}]},"geometry":{"type":"Point","coordinates":[120.359669,36.2993119]}},{"type":"Feature","properties":{"name":"龙山北","name_en":"Longshan","name_zh":"","country":"China","region":"Xiangxi Prefecture","gdp_usd":4937,"segments":[{"line":"渝厦高速铁路","won_per_km":0.4932,"afford_pct":1.6675,"line_en":"Yusha High-Speed Railway"}]},"geometry":{"type":"Point","coordinates":[109.45968780000001,29.4902832]}},{"type":"Feature","properties":{"name":"乌拉特前旗","name_en":"Wulateqianqi","name_zh":"","country":"China","region":"Bayannur","gdp_usd":11559,"segments":[{"line":"包银高速铁路","won_per_km":0.4215,"afford_pct":0.6087,"line_en":"Baoyin High-Speed Railway"}]},"geometry":{"type":"Point","coordinates":[108.6105007,40.7338426]}},{"type":"Feature","properties":{"name":"天镇","name_en":"Tianzhen","name_zh":"","country":"China","region":"Datong","gdp_usd":8181,"segments":[{"line":"张大高速铁路","won_per_km":0.4463,"afford_pct":0.9106,"line_en":"Zhangda High-Speed Railway"}]},"geometry":{"type":"Point","coordinates":[114.0605113,40.4514433]}},{"type":"Feature","properties":{"name":"藁城南","name_en":"Gaocheng South","name_zh":"藁城南","country":"China","region":"Shijiazhuang","gdp_usd":10152,"segments":[{"line":"石济高速铁路","won_per_km":0.3583,"afford_pct":0.5891,"line_en":"Shiji High-Speed Railway"}]},"geometry":{"type":"Point","coordinates":[114.8490091,37.9854357]}},{"type":"Feature","properties":{"name":"鹿寨北","name_en":"Luzhai North","name_zh":"鹿寨北","country":"China","region":"Liuzhou","gdp_usd":9891,"segments":[{"line":"衡柳铁路","won_per_km":0.3082,"afford_pct":0.5201,"line_en":"Hengliu Railway"}]},"geometry":{"type":"Point","coordinates":[109.6498986,24.6435139]}},{"type":"Feature","properties":{"name":"奉化","name_en":"Fenghua","name_zh":"","country":"China","region":"Ningbo","gdp_usd":25926,"segments":[{"line":"杭深铁路","won_per_km":0.3782,"afford_pct":0.2435,"line_en":"Hangshen Railway"}]},"geometry":{"type":"Point","coordinates":[121.460225,29.6304914]}},{"type":"Feature","properties":{"name":"榆社西","name_en":"Yushexi","name_zh":"榆社西","country":"China","region":"Jinzhong","gdp_usd":10187,"segments":[{"line":"郑太高速铁路","won_per_km":0.4908,"afford_pct":0.8042,"line_en":"Zhengtai High-Speed Railway"}]},"geometry":{"type":"Point","coordinates":[112.788811,37.114688]}},{"type":"Feature","properties":{"name":"襄垣东","name_en":"Xiangyuandong","name_zh":"","country":"China","region":"Changzhi","gdp_usd":11592,"segments":[{"line":"郑太高速铁路","won_per_km":0.4908,"afford_pct":0.7068,"line_en":"Zhengtai High-Speed Railway"}]},"geometry":{"type":"Point","coordinates":[113.0772208,36.5344866]}},{"type":"Feature","properties":{"name":"盖州西","name_en":"Gaizhou West","name_zh":"","country":"China","region":"Yingkou","gdp_usd":9629,"segments":[{"line":"沈大高速铁路","won_per_km":0.4582,"afford_pct":0.7943,"line_en":"Shenda High-Speed Railway"}]},"geometry":{"type":"Point","coordinates":[122.26904030000001,40.4028941]}},{"type":"Feature","properties":{"name":"莒南北","name_en":"Junanbei","name_zh":"","country":"China","region":"Linyi","gdp_usd":8406,"segments":[{"line":"日兰高速铁路","won_per_km":0.536,"afford_pct":1.0644,"line_en":"Rilan High-Speed Railway"}]},"geometry":{"type":"Point","coordinates":[118.79210560000001,35.2737405]}},{"type":"Feature","properties":{"name":"郑州西","name_en":"Zhengzhou West","name_zh":"","country":"China","region":"Zhengzhou","gdp_usd":15494,"segments":[{"line":"徐兰高速铁路","won_per_km":0.4615,"afford_pct":0.4972,"line_en":"Xulan High-Speed Railway"},{"line":"联络线/城内段","won_per_km":0.4762,"afford_pct":0.513,"line_en":"Lianluoxian/chengneiduan"}]},"geometry":{"type":"Point","coordinates":[113.4184563,34.7448659]}},{"type":"Feature","properties":{"name":"平泉北","name_en":"Pingquan North","name_zh":"","country":"China","region":"Chengde","gdp_usd":8309,"segments":[{"line":"京哈高速铁路","won_per_km":0.5202,"afford_pct":1.0451,"line_en":"Jingha High-Speed Railway"}]},"geometry":{"type":"Point","coordinates":[118.7056641,41.037358]}},{"type":"Feature","properties":{"name":"牛河梁","name_en":"Niuheliang","name_zh":"","country":"China","region":"Chaoyang","gdp_usd":5787,"segments":[{"line":"京哈高速铁路","won_per_km":0.5202,"afford_pct":1.5006,"line_en":"Jingha High-Speed Railway"}]},"geometry":{"type":"Point","coordinates":[119.39279440000001,41.1940677]}},{"type":"Feature","properties":{"name":"平庄","name_en":"Pingzhuang","name_zh":"","country":"China","region":"Chifeng","gdp_usd":8177,"segments":[{"line":"喀赤高速铁路","won_per_km":0.4038,"afford_pct":0.8243,"line_en":"Kachi High-Speed Railway"}]},"geometry":{"type":"Point","coordinates":[119.28962050000001,41.9884522]}},{"type":"Feature","properties":{"name":"亦庄","name_en":"Yizhuang","name_zh":"亦庄","country":"China","region":"Beijing","gdp_usd":31738,"segments":[{"line":"京津城际铁路","won_per_km":0.4542,"afford_pct":0.2389,"line_en":"Jingjin Intercity Railway"}]},"geometry":{"type":"Point","coordinates":[116.5962891,39.8117636]}},{"type":"Feature","properties":{"name":"武陟","name_en":"Wuzhi","name_zh":"武陟","country":"China","region":"Jiaozuo","gdp_usd":9427,"segments":[{"line":"郑太高速铁路","won_per_km":0.4908,"afford_pct":0.8691,"line_en":"Zhengtai High-Speed Railway"}]},"geometry":{"type":"Point","coordinates":[113.444851,35.0893855]}},{"type":"Feature","properties":{"name":"剑门关","name_en":"Jianmenguan","name_zh":"","country":"China","region":"Guangyuan","gdp_usd":7955,"segments":[{"line":"西成高速铁路","won_per_km":0.4317,"afford_pct":0.9058,"line_en":"Xicheng High-Speed Railway"}]},"geometry":{"type":"Point","coordinates":[105.4810584,32.283669]}},{"type":"Feature","properties":{"name":"博罗","name_en":"Boluo","name_zh":"博罗","country":"China","region":"Huizhou","gdp_usd":14004,"segments":[{"line":"甬广高速铁路","won_per_km":0.5662,"afford_pct":0.6749,"line_en":"Yongguang High-Speed Railway"},{"line":"联络线/城内段","won_per_km":0.5662,"afford_pct":0.6749,"line_en":"Lianluoxian/chengneiduan"}]},"geometry":{"type":"Point","coordinates":[114.2035591,23.1436482]}},{"type":"Feature","properties":{"name":"电白","name_en":"Dianbai","name_zh":"","country":"China","region":"Maoming","gdp_usd":9044,"segments":[{"line":"深湛铁路","won_per_km":0.5378,"afford_pct":0.9926,"line_en":"Shenzhan Railway"}]},"geometry":{"type":"Point","coordinates":[111.13888460000001,21.7067481]}},{"type":"Feature","properties":{"name":"石嘴山","name_en":"Shizuishan","name_zh":"","country":"China","region":"Shizuishan","gdp_usd":10639,"segments":[{"line":"包银高速铁路","won_per_km":0.4295,"afford_pct":0.6739,"line_en":"Baoyin High-Speed Railway"}]},"geometry":{"type":"Point","coordinates":[106.3771136,38.9573318]}},{"type":"Feature","properties":{"name":"丹江口","name_en":"Danjiangkou","name_zh":"","country":"China","region":"Shiyan","gdp_usd":11339,"segments":[{"line":"武西高速铁路","won_per_km":0.4804,"afford_pct":0.7072,"line_en":"Wuxi High-Speed Railway"}]},"geometry":{"type":"Point","coordinates":[111.3822945,32.4597963]}},{"type":"Feature","properties":{"name":"辽中","name_en":"Liaozhong","name_zh":"辽中","country":"China","region":"Shenyang","gdp_usd":13614,"segments":[{"line":"秦沈客运专线","won_per_km":0.3259,"afford_pct":0.3996,"line_en":"Qinshen Passenger Line"}]},"geometry":{"type":"Point","coordinates":[122.7655553,41.5574341]}},{"type":"Feature","properties":{"name":"杜尔伯特","name_en":"Duerbote","name_zh":"","country":"China","region":"Daqing","gdp_usd":14607,"segments":[{"line":"哈齐高速铁路","won_per_km":0.3427,"afford_pct":0.3916,"line_en":"Haqi High-Speed Railway"}]},"geometry":{"type":"Point","coordinates":[124.4406414,46.8688807]}},{"type":"Feature","properties":{"name":"陆丰东","name_en":"Lufengdong","name_zh":"","country":"China","region":"Shanwei","gdp_usd":7743,"segments":[{"line":"甬广高速铁路","won_per_km":0.5662,"afford_pct":1.2205,"line_en":"Yongguang High-Speed Railway"}]},"geometry":{"type":"Point","coordinates":[115.8848329,22.9081578]}},{"type":"Feature","properties":{"name":"招远","name_en":"Zhaoyuan","name_zh":"","country":"China","region":"Yantai","gdp_usd":21325,"segments":[{"line":"潍烟高速铁路","won_per_km":0.4667,"afford_pct":0.3653,"line_en":"Weiyan High-Speed Railway"}]},"geometry":{"type":"Point","coordinates":[120.2769203,37.459627]}},{"type":"Feature","properties":{"name":"北京通州","name_en":"Beijing Tongzhou","name_zh":"北京通州","country":"China","region":"Beijing","gdp_usd":31738,"segments":[{"line":"京唐城际铁路","won_per_km":0.5497,"afford_pct":0.2891,"line_en":"Jingtang Intercity Railway"}]},"geometry":{"type":"Point","coordinates":[116.70014630000001,39.9079706]}},{"type":"Feature","properties":{"name":"瓦屋山","name_en":"Wawushan Railway Station","name_zh":"","country":"China","region":"Changzhou","gdp_usd":27956,"segments":[{"line":"宁杭高速铁路","won_per_km":0.5469,"afford_pct":0.3265,"line_en":"Ninghang High-Speed Railway"}]},"geometry":{"type":"Point","coordinates":[119.269235,31.5609914]}},{"type":"Feature","properties":{"name":"射阳","name_en":"Sheyang","name_zh":"射阳","country":"China","region":"Yancheng","gdp_usd":16199,"segments":[{"line":"青盐铁路","won_per_km":0.3817,"afford_pct":0.3933,"line_en":"Qingyan Railway"}]},"geometry":{"type":"Point","coordinates":[120.0144322,33.6837822]}},{"type":"Feature","properties":{"name":"三明","name_en":"Sanming","name_zh":"三明","country":"China","region":"Sanming","gdp_usd":16773,"segments":[{"line":"南龙铁路","won_per_km":0.3979,"afford_pct":0.396,"line_en":"Nanlong Railway"}]},"geometry":{"type":"Point","coordinates":[117.58531640000001,26.2329222]}},{"type":"Feature","properties":{"name":"闽清北","name_en":"Minqingbei","name_zh":"","country":"China","region":"Fuzhou","gdp_usd":23339,"segments":[{"line":"合福高速铁路","won_per_km":0.4588,"afford_pct":0.3281,"line_en":"Hefu High-Speed Railway"}]},"geometry":{"type":"Point","coordinates":[118.87245820000001,26.290542]}},{"type":"Feature","properties":{"name":"武汉东","name_en":"Wuhandong","name_zh":"武汉东","country":"China","region":"Wuhan","gdp_usd":21288,"segments":[{"line":"武咸城际铁路","won_per_km":0.4878,"afford_pct":0.3825,"line_en":"Wuxian Intercity Railway"},{"line":"联络线/城内段","won_per_km":0.4747,"afford_pct":0.3722,"line_en":"Lianluoxian/chengneiduan"},{"line":"联络线/城内段","won_per_km":0.4,"afford_pct":0.3136,"line_en":"Lianluoxian/chengneiduan"},{"line":"联络线/城内段","won_per_km":0.4439,"afford_pct":0.3481,"line_en":"Lianluoxian/chengneiduan"}]},"geometry":{"type":"Point","coordinates":[114.42520560000001,30.488616]}},{"type":"Feature","properties":{"name":"武昌","name_en":"Wuchang","name_zh":"武昌","country":"China","region":"Wuhan","gdp_usd":21288,"segments":[{"line":"武咸城际铁路","won_per_km":0.4615,"afford_pct":0.3619,"line_en":"Wuxian Intercity Railway"},{"line":"联络线/城内段","won_per_km":0.4747,"afford_pct":0.3722,"line_en":"Lianluoxian/chengneiduan"},{"line":"联络线/城内段","won_per_km":0.4217,"afford_pct":0.3307,"line_en":"Lianluoxian/chengneiduan"}]},"geometry":{"type":"Point","coordinates":[114.3124643,30.530793]}},{"type":"Feature","properties":{"name":"牟平","name_en":"Muping","name_zh":"","country":"China","region":"Yantai","gdp_usd":21325,"segments":[{"line":"青荣城际铁路","won_per_km":0.3736,"afford_pct":0.2924,"line_en":"Qingrong Intercity Railway"}]},"geometry":{"type":"Point","coordinates":[121.6461119,37.4233064]}},{"type":"Feature","properties":{"name":"葵潭","name_en":"Kuitan","name_zh":"葵潭","country":"China","region":"Jieyang","gdp_usd":6208,"segments":[{"line":"杭深铁路","won_per_km":0.4428,"afford_pct":1.1905,"line_en":"Hangshen Railway"}]},"geometry":{"type":"Point","coordinates":[115.9921558,23.0670446]}},{"type":"Feature","properties":{"name":"防城港北","name_en":"Fangchenggangbei","name_zh":"防城港北","country":"China","region":"Fangchenggang","gdp_usd":15116,"segments":[{"line":"钦防-防东铁路","won_per_km":0.4128,"afford_pct":0.4558,"line_en":"Qinfang-fangdong Railway"}]},"geometry":{"type":"Point","coordinates":[108.37380820000001,21.7168884]}},{"type":"Feature","properties":{"name":"兴和北","name_en":"Xinghebei","name_zh":"兴和北","country":"China","region":"Ulanqab","gdp_usd":10622,"segments":[{"line":"京包高速铁路","won_per_km":0.3688,"afford_pct":0.5795,"line_en":"Jingbao High-Speed Railway"}]},"geometry":{"type":"Point","coordinates":[113.83530540000001,40.8913252]}},{"type":"Feature","properties":{"name":"阳高南","name_en":"Yanggaonan","name_zh":"","country":"China","region":"Datong","gdp_usd":8181,"segments":[{"line":"张大高速铁路","won_per_km":0.4463,"afford_pct":0.9106,"line_en":"Zhangda High-Speed Railway"}]},"geometry":{"type":"Point","coordinates":[113.7936985,40.3119724]}},{"type":"Feature","properties":{"name":"上虞南","name_en":"Shangyunan","name_zh":"上虞南","country":"China","region":"Shaoxing","gdp_usd":21511,"segments":[{"line":"杭台高速铁路","won_per_km":0.5,"afford_pct":0.388,"line_en":"Hangtai High-Speed Railway"}]},"geometry":{"type":"Point","coordinates":[120.7914099,29.9816345]}},{"type":"Feature","properties":{"name":"哈密","name_en":"Hami","name_zh":"哈密","country":"China","region":"Hami","gdp_usd":22555,"segments":[{"line":"兰新高速铁路","won_per_km":0.3082,"afford_pct":0.2281,"line_en":"Lanxin High-Speed Railway"},{"line":"兰新高速铁路","won_per_km":0.3089,"afford_pct":0.2286,"line_en":"Lanxin High-Speed Railway"}]},"geometry":{"type":"Point","coordinates":[93.5046494,42.8484396]}},{"type":"Feature","properties":{"name":"乌鲁木齐","name_en":"Urumqi","name_zh":"乌鲁木齐","country":"China","region":"Ürümqi","gdp_usd":15250,"segments":[{"line":"兰新高速铁路","won_per_km":0.3089,"afford_pct":0.3381,"line_en":"Lanxin High-Speed Railway"}]},"geometry":{"type":"Point","coordinates":[87.52620490000001,43.8394124]}},{"type":"Feature","properties":{"name":"宾州","name_en":"Binzhou","name_zh":"宾州","country":"China","region":"Harbin","gdp_usd":8488,"segments":[{"line":"哈佳铁路","won_per_km":0.366,"afford_pct":0.7198,"line_en":"Hajia Railway"}]},"geometry":{"type":"Point","coordinates":[127.4533796,45.7729786]}},{"type":"Feature","properties":{"name":"潮南","name_en":"Chaonan","name_zh":"","country":"China","region":"Shantou","gdp_usd":7916,"segments":[{"line":"甬广高速铁路","won_per_km":0.5662,"afford_pct":1.1939,"line_en":"Yongguang High-Speed Railway"}]},"geometry":{"type":"Point","coordinates":[116.5278279,23.1362514]}},{"type":"Feature","properties":{"name":"旌德","name_en":"Jingde","name_zh":"旌德","country":"China","region":"Xuancheng","gdp_usd":11479,"segments":[{"line":"合福高速铁路","won_per_km":0.4433,"afford_pct":0.6446,"line_en":"Hefu High-Speed Railway"}]},"geometry":{"type":"Point","coordinates":[118.5240859,30.2946754]}},{"type":"Feature","properties":{"name":"福清西","name_en":"Fuqingxi","name_zh":"","country":"China","region":"Fuzhou","gdp_usd":23339,"segments":[{"line":"甬广高速铁路","won_per_km":0.4561,"afford_pct":0.3262,"line_en":"Yongguang High-Speed Railway"}]},"geometry":{"type":"Point","coordinates":[119.2997579,25.7005482]}},{"type":"Feature","properties":{"name":"信丰西","name_en":"Xinfengxi","name_zh":"","country":"China","region":"Ganzhou","gdp_usd":7657,"segments":[{"line":"京港高速铁路","won_per_km":0.5906,"afford_pct":1.2875,"line_en":"Jinggang High-Speed Railway"}]},"geometry":{"type":"Point","coordinates":[114.8954487,25.3534795]}},{"type":"Feature","properties":{"name":"白山东","name_en":"Baishandong","name_zh":"白山东","country":"China","region":"Baishan","gdp_usd":8887,"segments":[{"line":"沈佳高速铁路","won_per_km":0.6395,"afford_pct":1.2012,"line_en":"Shenjia High-Speed Railway"}]},"geometry":{"type":"Point","coordinates":[126.48589310000001,41.9856769]}},{"type":"Feature","properties":{"name":"北京大兴","name_en":"Beijingdaxing","name_zh":"北京大兴","country":"China","region":"Beijing","gdp_usd":31738,"segments":[{"line":"京雄城际铁路","won_per_km":0.5094,"afford_pct":0.2679,"line_en":"Jingxiong Intercity Railway"},{"line":"京沪高速铁路","won_per_km":0.5123,"afford_pct":0.2694,"line_en":"Jinghu High-Speed Railway"}]},"geometry":{"type":"Point","coordinates":[116.3222953,39.7191662]}},{"type":"Feature","properties":{"name":"磐安","name_en":"Panan","name_zh":"","country":"China","region":"Jinhua","gdp_usd":13406,"segments":[{"line":"杭温高速铁路","won_per_km":0.523,"afford_pct":0.6512,"line_en":"Hangwen High-Speed Railway"}]},"geometry":{"type":"Point","coordinates":[120.42827810000001,28.9940246]}},{"type":"Feature","properties":{"name":"祁门南","name_en":"Qimennan","name_zh":"","country":"China","region":"Huangshan","gdp_usd":11982,"segments":[{"line":"杭昌高速铁路","won_per_km":0.5417,"afford_pct":0.7546,"line_en":"Hangchang High-Speed Railway"}]},"geometry":{"type":"Point","coordinates":[117.6942173,29.834343]}},{"type":"Feature","properties":{"name":"京山南","name_en":"Jingshannan","name_zh":"","country":"China","region":"Jingmen","gdp_usd":13416,"segments":[{"line":"沪渝蓉高速铁路","won_per_km":0.39,"afford_pct":0.4853,"line_en":"Huyurong High-Speed Railway"}]},"geometry":{"type":"Point","coordinates":[112.97287170000001,30.8267679]}},{"type":"Feature","properties":{"name":"息烽","name_en":"Xifeng","name_zh":"","country":"China","region":"Guiyang","gdp_usd":12359,"segments":[{"line":"渝贵铁路","won_per_km":0.4006,"afford_pct":0.5411,"line_en":"Yugui Railway"}]},"geometry":{"type":"Point","coordinates":[106.74374730000001,27.0804206]}},{"type":"Feature","properties":{"name":"仲恺","name_en":"Zhongkai","name_zh":"","country":"China","region":"Huizhou","gdp_usd":14004,"segments":[{"line":"京港高速铁路","won_per_km":0.5906,"afford_pct":0.704,"line_en":"Jinggang High-Speed Railway"}]},"geometry":{"type":"Point","coordinates":[114.26184540000001,23.0294187]}},{"type":"Feature","properties":{"name":"博鳌","name_en":"Bo'ao","name_zh":"","country":"China","region":"Qionghai","gdp_usd":9991,"segments":[{"line":"海南东环铁路","won_per_km":0.419,"afford_pct":0.7,"line_en":"Hainandonghuan Railway"}]},"geometry":{"type":"Point","coordinates":[110.4828528,19.1380226]}},{"type":"Feature","properties":{"name":"桑植","name_en":"Sangzhi","name_zh":"","country":"China","region":"Zhangjiajie","gdp_usd":6118,"segments":[{"line":"渝厦高速铁路","won_per_km":0.4932,"afford_pct":1.3457,"line_en":"Yusha High-Speed Railway"}]},"geometry":{"type":"Point","coordinates":[110.0914621,29.3584031]}},{"type":"Feature","properties":{"name":"惠农南","name_en":"Huinong South","name_zh":"","country":"China","region":"Shizuishan","gdp_usd":10639,"segments":[{"line":"包银高速铁路","won_per_km":0.4295,"afford_pct":0.6739,"line_en":"Baoyin High-Speed Railway"}]},"geometry":{"type":"Point","coordinates":[106.70258530000001,39.2081806]}},{"type":"Feature","properties":{"name":"武当山西","name_en":"Wudangshanxi","name_zh":"武当山西","country":"China","region":"Shiyan","gdp_usd":11339,"segments":[{"line":"武西高速铁路","won_per_km":0.4804,"afford_pct":0.7072,"line_en":"Wuxi High-Speed Railway"}]},"geometry":{"type":"Point","coordinates":[111.0086167,32.5399667]}},{"type":"Feature","properties":{"name":"礼泉南","name_en":"Liquan South","name_zh":"礼泉南","country":"China","region":"Xianyang","gdp_usd":10180,"segments":[{"line":"银西高速铁路","won_per_km":0.4335,"afford_pct":0.7108,"line_en":"Yinxi High-Speed Railway"}]},"geometry":{"type":"Point","coordinates":[108.4032047,34.4629183]}},{"type":"Feature","properties":{"name":"庆城","name_en":"Qingcheng","name_zh":"","country":"China","region":"Qingyang","gdp_usd":7927,"segments":[{"line":"银西高速铁路","won_per_km":0.429,"afford_pct":0.9034,"line_en":"Yinxi High-Speed Railway"}]},"geometry":{"type":"Point","coordinates":[107.7849501,36.0772814]}},{"type":"Feature","properties":{"name":"邹平","name_en":"Zouping","name_zh":"邹平","country":"China","region":"Zibo","gdp_usd":14594,"segments":[{"line":"济青高速铁路","won_per_km":0.4852,"afford_pct":0.555,"line_en":"Jiqing High-Speed Railway"}]},"geometry":{"type":"Point","coordinates":[117.73655040000001,36.7953034]}},{"type":"Feature","properties":{"name":"章丘北","name_en":"Zhangqiubei Railway Station","name_zh":"","country":"China","region":"Jinan","gdp_usd":19858,"segments":[{"line":"济青高速铁路","won_per_km":0.4852,"afford_pct":0.4078,"line_en":"Jiqing High-Speed Railway"}]},"geometry":{"type":"Point","coordinates":[117.480555,36.8019776]}},{"type":"Feature","properties":{"name":"盐城大丰","name_en":"Yancheng Dafeng","name_zh":"盐城大丰","country":"China","region":"Yancheng","gdp_usd":16199,"segments":[{"line":"盐通高速铁路","won_per_km":0.4937,"afford_pct":0.5087,"line_en":"Yantong High-Speed Railway"}]},"geometry":{"type":"Point","coordinates":[120.33644330000001,33.1859405]}},{"type":"Feature","properties":{"name":"永寿西","name_en":"Yongshou West","name_zh":"永寿西","country":"China","region":"Xianyang","gdp_usd":10180,"segments":[{"line":"银西高速铁路","won_per_km":0.4335,"afford_pct":0.7108,"line_en":"Yinxi High-Speed Railway"}]},"geometry":{"type":"Point","coordinates":[108.1132579,34.6967699]}},{"type":"Feature","properties":{"name":"长治南","name_en":"Zhangzhinan","name_zh":"","country":"China","region":"Changzhi","gdp_usd":11592,"segments":[{"line":"郑太高速铁路","won_per_km":0.4908,"afford_pct":0.7068,"line_en":"Zhengtai High-Speed Railway"}]},"geometry":{"type":"Point","coordinates":[113.1005399,36.0926232]}},{"type":"Feature","properties":{"name":"鄱阳北","name_en":"Poyang North Railway Station","name_zh":"鄱阳北","country":"China","region":"Shangrao","gdp_usd":8121,"segments":[{"line":"衢九铁路","won_per_km":0.3709,"afford_pct":0.7624,"line_en":"Qujiu Railway"}]},"geometry":{"type":"Point","coordinates":[116.88946650000001,29.3364813]}},{"type":"Feature","properties":{"name":"都昌","name_en":"Duchang","name_zh":"都昌","country":"China","region":"Jiujiang","gdp_usd":12384,"segments":[{"line":"衢九铁路","won_per_km":0.3709,"afford_pct":0.4999,"line_en":"Qujiu Railway"}]},"geometry":{"type":"Point","coordinates":[116.41330090000001,29.482147]}},{"type":"Feature","properties":{"name":"齐齐哈尔","name_en":"Qiqiha'er","name_zh":"齐齐哈尔","country":"China","region":"Qiqihar","gdp_usd":4960,"segments":[{"line":"哈齐高速铁路","won_per_km":0.3427,"afford_pct":1.1534,"line_en":"Haqi High-Speed Railway"}]},"geometry":{"type":"Point","coordinates":[123.990047,47.3384973]}},{"type":"Feature","properties":{"name":"陆丰南","name_en":"Lufengnan","name_zh":"","country":"China","region":"Shanwei","gdp_usd":7743,"segments":[{"line":"甬广高速铁路","won_per_km":0.5662,"afford_pct":1.2205,"line_en":"Yongguang High-Speed Railway"},{"line":"杭深铁路","won_per_km":0.4428,"afford_pct":0.9545,"line_en":"Hangshen Railway"}]},"geometry":{"type":"Point","coordinates":[115.65650690000001,22.8953748]}},{"type":"Feature","properties":{"name":"南陵","name_en":"Nanling","name_zh":"南陵","country":"China","region":"Wuhu","gdp_usd":18861,"segments":[{"line":"合福高速铁路","won_per_km":0.4433,"afford_pct":0.3923,"line_en":"Hefu High-Speed Railway"}]},"geometry":{"type":"Point","coordinates":[118.29274020000001,30.8381731]}},{"type":"Feature","properties":{"name":"泰和","name_en":"Taihe","name_zh":"泰和","country":"China","region":"Ji'an","gdp_usd":9289,"segments":[{"line":"京港高速铁路","won_per_km":0.4877,"afford_pct":0.8764,"line_en":"Jinggang High-Speed Railway"}]},"geometry":{"type":"Point","coordinates":[114.9443427,26.8355774]}},{"type":"Feature","properties":{"name":"丹阳北","name_en":"Danyangbei","name_zh":"","country":"China","region":"Zhenjiang","gdp_usd":23881,"segments":[{"line":"京沪高速铁路","won_per_km":0.4957,"afford_pct":0.3465,"line_en":"Jinghu High-Speed Railway"}]},"geometry":{"type":"Point","coordinates":[119.6662181,32.0168009]}},{"type":"Feature","properties":{"name":"芷江","name_en":"Zhijiang","name_zh":"","country":"China","region":"Huaihua","gdp_usd":6554,"segments":[{"line":"沪昆高速铁路","won_per_km":0.4813,"afford_pct":1.2258,"line_en":"Hukun High-Speed Railway"}]},"geometry":{"type":"Point","coordinates":[109.65543190000001,27.4586155]}},{"type":"Feature","properties":{"name":"龙南东","name_en":"Longnandong","name_zh":"","country":"China","region":"Ganzhou","gdp_usd":7657,"segments":[{"line":"京港高速铁路","won_per_km":0.5906,"afford_pct":1.2875,"line_en":"Jinggang High-Speed Railway"}]},"geometry":{"type":"Point","coordinates":[114.8636481,24.9079901]}},{"type":"Feature","properties":{"name":"图们北","name_en":"Tumenbei","name_zh":"图们北","country":"China","region":"Yanbian Prefecture","gdp_usd":7453,"segments":[{"line":"长珲城际铁路","won_per_km":0.3079,"afford_pct":0.6896,"line_en":"Zhanghui Intercity Railway"}]},"geometry":{"type":"Point","coordinates":[129.79277810000002,42.9944927]}},{"type":"Feature","properties":{"name":"南曹","name_en":"Nancao","name_zh":"南曹","country":"China","region":"Zhengzhou","gdp_usd":15494,"segments":[{"line":"徐兰高速铁路","won_per_km":0.4615,"afford_pct":0.4972,"line_en":"Xulan High-Speed Railway"},{"line":"郑机城际铁路","won_per_km":0.4615,"afford_pct":0.4972,"line_en":"Zhengji Intercity Railway"},{"line":"京广高速铁路","won_per_km":0.4646,"afford_pct":0.5005,"line_en":"Jingguang High-Speed Railway"},{"line":"郑渝高速铁路","won_per_km":0.4961,"afford_pct":0.5345,"line_en":"Zhengyu High-Speed Railway"},{"line":"联络线/城内段","won_per_km":0.4762,"afford_pct":0.513,"line_en":"Lianluoxian/chengneiduan"}]},"geometry":{"type":"Point","coordinates":[113.7845091,34.6794401]}},{"type":"Feature","properties":{"name":"资阳西","name_en":"Ziyangxi","name_zh":"资阳西","country":"China","region":"Ziyang","gdp_usd":6836,"segments":[{"line":"成宜高速铁路","won_per_km":0.4944,"afford_pct":1.2073,"line_en":"Chengyi High-Speed Railway"}]},"geometry":{"type":"Point","coordinates":[104.54794960000001,30.129394]}},{"type":"Feature","properties":{"name":"兴文","name_en":"Xingwen","name_zh":"兴文","country":"China","region":"Yibin","gdp_usd":12062,"segments":[{"line":"成贵高速铁路","won_per_km":0.4537,"afford_pct":0.6279,"line_en":"Chenggui High-Speed Railway"}]},"geometry":{"type":"Point","coordinates":[105.2439977,28.3383862]}},{"type":"Feature","properties":{"name":"峨眉","name_en":"Emei","name_zh":"","country":"China","region":"Leshan","gdp_usd":11183,"segments":[{"line":"峨眉山线","won_per_km":0.3704,"afford_pct":0.5529,"line_en":"Emeishan Line"}]},"geometry":{"type":"Point","coordinates":[103.52031620000001,29.5872914]}},{"type":"Feature","properties":{"name":"遂宁","name_en":"Suining","name_zh":"遂宁","country":"China","region":"Suining","gdp_usd":9467,"segments":[{"line":"宁蓉铁路","won_per_km":0.5066,"afford_pct":0.8932,"line_en":"Ningrong Railway"}]},"geometry":{"type":"Point","coordinates":[105.5390309,30.5455965]}},{"type":"Feature","properties":{"name":"尖峰","name_en":"Jianfeng","name_zh":"","country":"China","region":"Ledong","gdp_usd":6702,"segments":[{"line":"海南西环铁路","won_per_km":0.3287,"afford_pct":0.8186,"line_en":"Hainanxihuan Railway"}]},"geometry":{"type":"Point","coordinates":[108.7490097,18.6231537]}},{"type":"Feature","properties":{"name":"东花园北","name_en":"Donghuayuan North","name_zh":"","country":"China","region":"Zhangjiakou","gdp_usd":6586,"segments":[{"line":"京包高速铁路","won_per_km":0.5,"afford_pct":1.2673,"line_en":"Jingbao High-Speed Railway"}]},"geometry":{"type":"Point","coordinates":[115.7886009,40.3415932]}},{"type":"Feature","properties":{"name":"丰镇北","name_en":"Fengzhenbei","name_zh":"","country":"China","region":"Ulanqab","gdp_usd":10622,"segments":[{"line":"乌大高速铁路","won_per_km":0.4553,"afford_pct":0.7155,"line_en":"Wuda High-Speed Railway"}]},"geometry":{"type":"Point","coordinates":[113.12403710000001,40.4418307]}},{"type":"Feature","properties":{"name":"石家庄东","name_en":"Shijiazhuang East","name_zh":"","country":"China","region":"Shijiazhuang","gdp_usd":10152,"segments":[{"line":"石济高速铁路","won_per_km":0.3583,"afford_pct":0.5891,"line_en":"Shiji High-Speed Railway"}]},"geometry":{"type":"Point","coordinates":[114.6213979,38.0496512]}},{"type":"Feature","properties":{"name":"青州市北","name_en":"Qingzhoushibei","name_zh":"青州市北","country":"China","region":"Weifang","gdp_usd":12243,"segments":[{"line":"济青高速铁路","won_per_km":0.4852,"afford_pct":0.6615,"line_en":"Jiqing High-Speed Railway"}]},"geometry":{"type":"Point","coordinates":[118.57226290000001,36.8312188]}},{"type":"Feature","properties":{"name":"红岛","name_en":"Hongdao","name_zh":"红岛","country":"China","region":"Qingdao","gdp_usd":22347,"segments":[{"line":"济青高速铁路","won_per_km":0.4852,"afford_pct":0.3624,"line_en":"Jiqing High-Speed Railway"},{"line":"青盐铁路","won_per_km":0.3478,"afford_pct":0.2598,"line_en":"Qingyan Railway"},{"line":"联络线/城内段","won_per_km":0.3622,"afford_pct":0.2705,"line_en":"Lianluoxian/chengneiduan"},{"line":"联络线/城内段","won_per_km":0.3478,"afford_pct":0.2598,"line_en":"Lianluoxian/chengneiduan"}]},"geometry":{"type":"Point","coordinates":[120.1865494,36.2459437]}},{"type":"Feature","properties":{"name":"高邮北","name_en":"Gaoyoubei","name_zh":"","country":"China","region":"Yangzhou","gdp_usd":23689,"segments":[{"line":"连镇高速铁路","won_per_km":0.4176,"afford_pct":0.2943,"line_en":"Lianzhen High-Speed Railway"}]},"geometry":{"type":"Point","coordinates":[119.4504871,33.0042898]}},{"type":"Feature","properties":{"name":"安庆西","name_en":"Anqing West","name_zh":"安庆西","country":"China","region":"Anqing","gdp_usd":10688,"segments":[{"line":"宁安城际铁路","won_per_km":0.3793,"afford_pct":0.5924,"line_en":"Ningan Intercity Railway"},{"line":"京港高速铁路","won_per_km":0.5486,"afford_pct":0.8568,"line_en":"Jinggang High-Speed Railway"}]},"geometry":{"type":"Point","coordinates":[116.859167,30.674722]}},{"type":"Feature","properties":{"name":"吐鲁番北","name_en":"Turpan North Station","name_zh":"吐鲁番北","country":"China","region":"Turpan","gdp_usd":12803,"segments":[{"line":"兰新高速铁路","won_per_km":0.3089,"afford_pct":0.4027,"line_en":"Lanxin High-Speed Railway"}]},"geometry":{"type":"Point","coordinates":[89.1079716,43.0213639]}},{"type":"Feature","properties":{"name":"长乐东","name_en":"Changledong","name_zh":"长乐东","country":"China","region":"Fuzhou","gdp_usd":23339,"segments":[{"line":"福平铁路","won_per_km":0.4773,"afford_pct":0.3414,"line_en":"Fuping Railway"}]},"geometry":{"type":"Point","coordinates":[119.5531476,25.8592139]}},{"type":"Feature","properties":{"name":"海林北","name_en":"Hailinbei","name_zh":"","country":"China","region":"Mudanjiang","gdp_usd":6007,"segments":[{"line":"哈牡高速铁路","won_per_km":0.37,"afford_pct":1.0282,"line_en":"Hamu High-Speed Railway"}]},"geometry":{"type":"Point","coordinates":[129.3660783,44.6090673]}},{"type":"Feature","properties":{"name":"林口南","name_en":"Linkounan","name_zh":"","country":"China","region":"Mudanjiang","gdp_usd":6007,"segments":[{"line":"沈佳高速铁路","won_per_km":0.4489,"afford_pct":1.2475,"line_en":"Shenjia High-Speed Railway"}]},"geometry":{"type":"Point","coordinates":[130.2906232,45.2111952]}},{"type":"Feature","properties":{"name":"哈尔滨北","name_en":"Harbin North","name_zh":"哈尔滨北","country":"China","region":"Harbin","gdp_usd":8488,"segments":[{"line":"哈齐高速铁路","won_per_km":0.3427,"afford_pct":0.6739,"line_en":"Haqi High-Speed Railway"}]},"geometry":{"type":"Point","coordinates":[126.5295861,45.8480841]}},{"type":"Feature","properties":{"name":"开远南","name_en":"Kaiyuannan","name_zh":"开远南","country":"China","region":"Honghe Prefecture","gdp_usd":9545,"segments":[{"line":"弥蒙高速铁路","won_per_km":0.5,"afford_pct":0.8744,"line_en":"Mimeng High-Speed Railway"}]},"geometry":{"type":"Point","coordinates":[103.2826078,23.6831096]}},{"type":"Feature","properties":{"name":"红河","name_en":"Honghe","name_zh":"","country":"China","region":"Honghe Prefecture","gdp_usd":9545,"segments":[{"line":"弥蒙高速铁路","won_per_km":0.5,"afford_pct":0.8744,"line_en":"Mimeng High-Speed Railway"}]},"geometry":{"type":"Point","coordinates":[103.3507321,23.4536867]}},{"type":"Feature","properties":{"name":"嘉祥北","name_en":"Jiaxiangbei","name_zh":"","country":"China","region":"Jining","gdp_usd":9969,"segments":[{"line":"日兰高速铁路","won_per_km":0.536,"afford_pct":0.8975,"line_en":"Rilan High-Speed Railway"}]},"geometry":{"type":"Point","coordinates":[116.3636526,35.4713899]}},{"type":"Feature","properties":{"name":"三穗","name_en":"Sansui","name_zh":"","country":"China","region":"Qiandongnan Prefecture","gdp_usd":5315,"segments":[{"line":"沪昆高速铁路","won_per_km":0.4813,"afford_pct":1.5116,"line_en":"Hukun High-Speed Railway"}]},"geometry":{"type":"Point","coordinates":[108.6472985,26.9683801]}},{"type":"Feature","properties":{"name":"简阳南","name_en":"Jianyang South","name_zh":"","country":"China","region":"Ziyang","gdp_usd":6836,"segments":[{"line":"成渝高速铁路","won_per_km":0.5033,"afford_pct":1.229,"line_en":"Chengyu High-Speed Railway"}]},"geometry":{"type":"Point","coordinates":[104.515732,30.3563573]}},{"type":"Feature","properties":{"name":"定南南","name_en":"Dingnannan","name_zh":"","country":"China","region":"Ganzhou","gdp_usd":7657,"segments":[{"line":"京港高速铁路","won_per_km":0.5906,"afford_pct":1.2875,"line_en":"Jinggang High-Speed Railway"}]},"geometry":{"type":"Point","coordinates":[115.0254012,24.7459848]}},{"type":"Feature","properties":{"name":"肥西","name_en":"Feixi","name_zh":"","country":"China","region":"Hefei","gdp_usd":18927,"segments":[{"line":"京港高速铁路","won_per_km":0.5486,"afford_pct":0.4838,"line_en":"Jinggang High-Speed Railway"},{"line":"联络线/城内段","won_per_km":0.4572,"afford_pct":0.4032,"line_en":"Lianluoxian/chengneiduan"}]},"geometry":{"type":"Point","coordinates":[117.1372819,31.718375]}},{"type":"Feature","properties":{"name":"开化","name_en":"Kaihua","name_zh":"","country":"China","region":"Quzhou","gdp_usd":13697,"segments":[{"line":"衢九铁路","won_per_km":0.4022,"afford_pct":0.4901,"line_en":"Qujiu Railway"}]},"geometry":{"type":"Point","coordinates":[118.3573008,28.9942441]}},{"type":"Feature","properties":{"name":"太仓南","name_en":"Taicangnan","name_zh":"","country":"China","region":"Suzhou","gdp_usd":28659,"segments":[{"line":"沪苏通铁路","won_per_km":0.443,"afford_pct":0.258,"line_en":"Husutong Railway"},{"line":"联络线/城内段","won_per_km":0.4656,"afford_pct":0.2712,"line_en":"Lianluoxian/chengneiduan"}]},"geometry":{"type":"Point","coordinates":[121.1476314,31.4101421]}},{"type":"Feature","properties":{"name":"垫江","name_en":"Dianjiang","name_zh":"垫江","country":"China","region":"Chongqing","gdp_usd":14036,"segments":[{"line":"郑渝高速铁路","won_per_km":0.45,"afford_pct":0.5352,"line_en":"Zhengyu High-Speed Railway"}]},"geometry":{"type":"Point","coordinates":[107.3737305,30.3097234]}},{"type":"Feature","properties":{"name":"南川北","name_en":"Nanchuanbei","name_zh":"","country":"China","region":"Chongqing","gdp_usd":14036,"segments":[{"line":"渝厦高速铁路","won_per_km":0.4932,"afford_pct":0.5865,"line_en":"Yusha High-Speed Railway"}]},"geometry":{"type":"Point","coordinates":[107.11453370000001,29.187095]}},{"type":"Feature","properties":{"name":"金月湾","name_en":"Jinyuewan","name_zh":"","country":"China","region":"Dongfang","gdp_usd":8198,"segments":[{"line":"海南西环铁路","won_per_km":0.3287,"afford_pct":0.6692,"line_en":"Hainanxihuan Railway"}]},"geometry":{"type":"Point","coordinates":[108.7118803,18.7804283]}},{"type":"Feature","properties":{"name":"谷城北","name_en":"Guchengbei","name_zh":"谷城北","country":"China","region":"Xiangyang","gdp_usd":16080,"segments":[{"line":"武西高速铁路","won_per_km":0.4804,"afford_pct":0.4987,"line_en":"Wuxi High-Speed Railway"}]},"geometry":{"type":"Point","coordinates":[111.6249025,32.3080093]}},{"type":"Feature","properties":{"name":"阳曲西","name_en":"Yangquxi","name_zh":"","country":"China","region":"Taiyuan","gdp_usd":13744,"segments":[{"line":"大西高速铁路","won_per_km":0.3468,"afford_pct":0.4212,"line_en":"Daxi High-Speed Railway"}]},"geometry":{"type":"Point","coordinates":[112.6417506,38.0719471]}},{"type":"Feature","properties":{"name":"高密北","name_en":"Gomi North","name_zh":"","country":"China","region":"Weifang","gdp_usd":12243,"segments":[{"line":"济青高速铁路","won_per_km":0.4852,"afford_pct":0.6615,"line_en":"Jiqing High-Speed Railway"}]},"geometry":{"type":"Point","coordinates":[119.7805016,36.5150596]}},{"type":"Feature","properties":{"name":"太姥山","name_en":"Taimushan","name_zh":"","country":"China","region":"Ningde","gdp_usd":17166,"segments":[{"line":"杭深铁路","won_per_km":0.398,"afford_pct":0.387,"line_en":"Hangshen Railway"}]},"geometry":{"type":"Point","coordinates":[120.2197409,27.1298827]}},{"type":"Feature","properties":{"name":"南华","name_en":"Nanhua","name_zh":"","country":"China","region":"Chuxiong Prefecture","gdp_usd":12030,"segments":[{"line":"昆楚大铁路","won_per_km":0.4421,"afford_pct":0.6134,"line_en":"Kunchuda Railway"}]},"geometry":{"type":"Point","coordinates":[101.2594428,25.1895356]}},{"type":"Feature","properties":{"name":"明港东","name_en":"Minggangdong","name_zh":"","country":"China","region":"Xinyang","gdp_usd":7096,"segments":[{"line":"京广高速铁路","won_per_km":0.4646,"afford_pct":1.093,"line_en":"Jingguang High-Speed Railway"}]},"geometry":{"type":"Point","coordinates":[114.05887840000001,32.4889453]}},{"type":"Feature","properties":{"name":"新晃西","name_en":"Xinhuangxi","name_zh":"","country":"China","region":"Huaihua","gdp_usd":6554,"segments":[{"line":"沪昆高速铁路","won_per_km":0.4813,"afford_pct":1.2258,"line_en":"Hukun High-Speed Railway"}]},"geometry":{"type":"Point","coordinates":[109.12147870000001,27.3834286]}},{"type":"Feature","properties":{"name":"商丘东","name_en":"Shangqiudong","name_zh":"","country":"China","region":"Shangqiu","gdp_usd":5955,"segments":[{"line":"京港高速铁路","won_per_km":0.4821,"afford_pct":1.3514,"line_en":"Jinggang High-Speed Railway"}]},"geometry":{"type":"Point","coordinates":[115.7270385,34.3324893]}},{"type":"Feature","properties":{"name":"漳平西","name_en":"Zhangpingxi","name_zh":"漳平西","country":"China","region":"Longyan","gdp_usd":17675,"segments":[{"line":"南龙铁路","won_per_km":0.3979,"afford_pct":0.3758,"line_en":"Nanlong Railway"}]},"geometry":{"type":"Point","coordinates":[117.3556996,25.3252672]}},{"type":"Feature","properties":{"name":"葛店南","name_en":"Gedian South Railway Station","name_zh":"葛店南","country":"China","region":"Ezhou","gdp_usd":17396,"segments":[{"line":"武冈城际铁路","won_per_km":0.4,"afford_pct":0.3838,"line_en":"Wugang Intercity Railway"},{"line":"武九高速铁路","won_per_km":0.4,"afford_pct":0.3838,"line_en":"Wujiu High-Speed Railway"},{"line":"联络线/城内段","won_per_km":0.4,"afford_pct":0.3838,"line_en":"Lianluoxian/chengneiduan"},{"line":"联络线/城内段","won_per_km":0.4439,"afford_pct":0.4259,"line_en":"Lianluoxian/chengneiduan"}]},"geometry":{"type":"Point","coordinates":[114.655091,30.4926194]}},{"type":"Feature","properties":{"name":"贵定县","name_en":"Guidingxian","name_zh":"贵定县","country":"China","region":"Qiannan Prefecture","gdp_usd":7762,"segments":[{"line":"贵南高速铁路","won_per_km":0.4704,"afford_pct":1.0116,"line_en":"Guinan High-Speed Railway"},{"line":"贵广高速铁路","won_per_km":0.4372,"afford_pct":0.9402,"line_en":"Guiguang High-Speed Railway"}]},"geometry":{"type":"Point","coordinates":[107.1864596,26.3544563]}},{"type":"Feature","properties":{"name":"罗江东","name_en":"Luojiangdong","name_zh":"罗江东","country":"China","region":"Deyang","gdp_usd":13151,"segments":[{"line":"西成高速铁路","won_per_km":0.4317,"afford_pct":0.548,"line_en":"Xicheng High-Speed Railway"}]},"geometry":{"type":"Point","coordinates":[104.5325992,31.3063344]}},{"type":"Feature","properties":{"name":"烟台西","name_en":"Yantaixi","name_zh":"","country":"China","region":"Yantai","gdp_usd":21325,"segments":[{"line":"潍烟高速铁路","won_per_km":0.4658,"afford_pct":0.3646,"line_en":"Weiyan High-Speed Railway"}]},"geometry":{"type":"Point","coordinates":[121.0495084,37.6571931]}},{"type":"Feature","properties":{"name":"芝罘","name_en":"Zhifu","name_zh":"","country":"China","region":"Yantai","gdp_usd":21325,"segments":[{"line":"青荣城际铁路","won_per_km":0.3458,"afford_pct":0.2707,"line_en":"Qingrong Intercity Railway"},{"line":"潍烟高速铁路","won_per_km":0.4658,"afford_pct":0.3646,"line_en":"Weiyan High-Speed Railway"}]},"geometry":{"type":"Point","coordinates":[121.33715020000001,37.4644676]}},{"type":"Feature","properties":{"name":"双水镇","name_en":"Shuangshuizhen","name_zh":"","country":"China","region":"Jiangmen","gdp_usd":12144,"segments":[{"line":"深湛铁路","won_per_km":0.5378,"afford_pct":0.7392,"line_en":"Shenzhan Railway"}]},"geometry":{"type":"Point","coordinates":[112.9515121,22.4283501]}},{"type":"Feature","properties":{"name":"民和南","name_en":"Minhenan","name_zh":"民和南","country":"China","region":"Haidong","gdp_usd":6339,"segments":[{"line":"兰新高速铁路","won_per_km":0.3085,"afford_pct":0.8124,"line_en":"Lanxin High-Speed Railway"}]},"geometry":{"type":"Point","coordinates":[102.8482275,36.3062009]}},{"type":"Feature","properties":{"name":"昌乐","name_en":"Changle","name_zh":"昌乐","country":"China","region":"Weifang","gdp_usd":12243,"segments":[{"line":"胶济客运专线","won_per_km":0.3766,"afford_pct":0.5134,"line_en":"Jiaoji Passenger Line"}]},"geometry":{"type":"Point","coordinates":[118.83341530000001,36.7104569]}},{"type":"Feature","properties":{"name":"鄯善北","name_en":"Shanshanbei","name_zh":"鄯善北","country":"China","region":"Turpan","gdp_usd":12803,"segments":[{"line":"兰新高速铁路","won_per_km":0.3089,"afford_pct":0.4027,"line_en":"Lanxin High-Speed Railway"}]},"geometry":{"type":"Point","coordinates":[90.1937129,42.9172553]}},{"type":"Feature","properties":{"name":"湖口","name_en":"Hukou","name_zh":"湖口","country":"China","region":"Jiujiang","gdp_usd":12384,"segments":[{"line":"衢九铁路","won_per_km":0.3709,"afford_pct":0.4999,"line_en":"Qujiu Railway"}]},"geometry":{"type":"Point","coordinates":[116.2797775,29.7316952]}},{"type":"Feature","properties":{"name":"富阳","name_en":"Fuyang","name_zh":"","country":"China","region":"Hangzhou","gdp_usd":24185,"segments":[{"line":"杭昌高速铁路","won_per_km":0.4044,"afford_pct":0.2791,"line_en":"Hangchang High-Speed Railway"},{"line":"杭衢高速铁路","won_per_km":0.4684,"afford_pct":0.3233,"line_en":"Hangqu High-Speed Railway"}]},"geometry":{"type":"Point","coordinates":[119.9879972,30.0032822]}},{"type":"Feature","properties":{"name":"台安","name_en":"Tai'an","name_zh":"台安","country":"China","region":"Anshan","gdp_usd":9397,"segments":[{"line":"秦沈客运专线","won_per_km":0.3259,"afford_pct":0.5789,"line_en":"Qinshen Passenger Line"}]},"geometry":{"type":"Point","coordinates":[122.4250813,41.4439388]}},{"type":"Feature","properties":{"name":"阿城北","name_en":"Achengbei","name_zh":"","country":"China","region":"Harbin","gdp_usd":8488,"segments":[{"line":"哈牡高速铁路","won_per_km":0.37,"afford_pct":0.7276,"line_en":"Hamu High-Speed Railway"}]},"geometry":{"type":"Point","coordinates":[127.01751940000001,45.5874877]}},{"type":"Feature","properties":{"name":"玉林北","name_en":"Yulinbei","name_zh":"","country":"China","region":"Yulin (GX)","gdp_usd":5615,"segments":[{"line":"南珠高速铁路","won_per_km":0.4844,"afford_pct":1.4401,"line_en":"Nanzhu High-Speed Railway"}]},"geometry":{"type":"Point","coordinates":[110.24472,22.7259273]}},{"type":"Feature","properties":{"name":"贵定北","name_en":"Guidingbei","name_zh":"贵定北","country":"China","region":"Qiannan Prefecture","gdp_usd":7762,"segments":[{"line":"沪昆高速铁路","won_per_km":0.4813,"afford_pct":1.0351,"line_en":"Hukun High-Speed Railway"}]},"geometry":{"type":"Point","coordinates":[107.22866110000001,26.5959393]}},{"type":"Feature","properties":{"name":"南乐","name_en":"Nanyue","name_zh":"","country":"China","region":"Puyang","gdp_usd":7597,"segments":[{"line":"济郑高速铁路","won_per_km":0.5725,"afford_pct":1.2579,"line_en":"Jizheng High-Speed Railway"}]},"geometry":{"type":"Point","coordinates":[115.4072218,36.0122649]}},{"type":"Feature","properties":{"name":"芜湖南","name_en":"Wuhunan","name_zh":"芜湖南","country":"China","region":"Wuhu","gdp_usd":18861,"segments":[{"line":"合杭高速铁路","won_per_km":0.5,"afford_pct":0.4425,"line_en":"Hehang High-Speed Railway"},{"line":"宁安城际铁路","won_per_km":0.4008,"afford_pct":0.3547,"line_en":"Ningan Intercity Railway"}]},"geometry":{"type":"Point","coordinates":[118.3742206,31.2506335]}},{"type":"Feature","properties":{"name":"霸州北","name_en":"Bazhoubei","name_zh":"霸州北","country":"China","region":"Langfang","gdp_usd":9923,"segments":[{"line":"京雄城际铁路","won_per_km":0.5094,"afford_pct":0.8569,"line_en":"Jingxiong Intercity Railway"}]},"geometry":{"type":"Point","coordinates":[116.3209729,39.1849509]}},{"type":"Feature","properties":{"name":"孟庄","name_en":"Mengzhuang","name_zh":"","country":"China","region":"Zhengzhou","gdp_usd":15494,"segments":[{"line":"郑机城际铁路","won_per_km":0.4615,"afford_pct":0.4972,"line_en":"Zhengji Intercity Railway"},{"line":"联络线/城内段","won_per_km":0.4762,"afford_pct":0.513,"line_en":"Lianluoxian/chengneiduan"}]},"geometry":{"type":"Point","coordinates":[113.8306318,34.5883032]}},{"type":"Feature","properties":{"name":"句容西","name_en":"Jurongxi Station","name_zh":"","country":"China","region":"Zhenjiang","gdp_usd":23881,"segments":[{"line":"宁杭高速铁路","won_per_km":0.5469,"afford_pct":0.3823,"line_en":"Ninghang High-Speed Railway"}]},"geometry":{"type":"Point","coordinates":[118.9747075,31.8347241]}},{"type":"Feature","properties":{"name":"什邡西","name_en":"Shenfangxi","name_zh":"","country":"China","region":"Deyang","gdp_usd":13151,"segments":[{"line":"川青铁路","won_per_km":0.4984,"afford_pct":0.6326,"line_en":"Chuanqing Railway"}]},"geometry":{"type":"Point","coordinates":[104.1178565,31.1235689]}},{"type":"Feature","properties":{"name":"桃村北","name_en":"Taocun North","name_zh":"","country":"China","region":"Yantai","gdp_usd":21325,"segments":[{"line":"青荣城际铁路","won_per_km":0.3458,"afford_pct":0.2707,"line_en":"Qingrong Intercity Railway"}]},"geometry":{"type":"Point","coordinates":[121.1414823,37.2109165]}},{"type":"Feature","properties":{"name":"福山","name_en":"Fushan","name_zh":"福山","country":"China","region":"Yantai","gdp_usd":21325,"segments":[{"line":"潍烟高速铁路","won_per_km":0.4658,"afford_pct":0.3646,"line_en":"Weiyan High-Speed Railway"}]},"geometry":{"type":"Point","coordinates":[121.2110825,37.4841353]}},{"type":"Feature","properties":{"name":"海阳北","name_en":"Haiyang North","name_zh":"","country":"China","region":"Yantai","gdp_usd":21325,"segments":[{"line":"青荣城际铁路","won_per_km":0.3458,"afford_pct":0.2707,"line_en":"Qingrong Intercity Railway"}]},"geometry":{"type":"Point","coordinates":[120.95613320000001,37.0688351]}},{"type":"Feature","properties":{"name":"顺德学院","name_en":"Shundexueyuan","name_zh":"顺德学院","country":"China","region":"Foshan","gdp_usd":19246,"segments":[{"line":"广珠城际铁路","won_per_km":0.6034,"afford_pct":0.5233,"line_en":"Guangzhu Intercity Railway"},{"line":"广珠城际江门支线","won_per_km":0.6,"afford_pct":0.5204,"line_en":"Guangzhuchengjijiangmen Branch Line"}]},"geometry":{"type":"Point","coordinates":[113.31438170000001,22.8253841]}},{"type":"Feature","properties":{"name":"福山镇","name_en":"Fushanzhen","name_zh":"","country":"China","region":"Chengmai","gdp_usd":15114,"segments":[{"line":"海南西环铁路","won_per_km":0.3287,"afford_pct":0.363,"line_en":"Hainanxihuan Railway"}]},"geometry":{"type":"Point","coordinates":[109.9143348,19.8783992]}},{"type":"Feature","properties":{"name":"富平南","name_en":"Fupingnan","name_zh":"富平南","country":"China","region":"Weinan","gdp_usd":6548,"segments":[{"line":"包西高速铁路","won_per_km":0.5253,"afford_pct":1.3391,"line_en":"Baoxi High-Speed Railway"}]},"geometry":{"type":"Point","coordinates":[109.2056855,34.7080971]}},{"type":"Feature","properties":{"name":"镇雄","name_en":"Zhenxiong","name_zh":"镇雄","country":"China","region":"Zhaotong","gdp_usd":5810,"segments":[{"line":"成贵高速铁路","won_per_km":0.4537,"afford_pct":1.3035,"line_en":"Chenggui High-Speed Railway"}]},"geometry":{"type":"Point","coordinates":[105.1221179,27.5945282]}},{"type":"Feature","properties":{"name":"桐梓北","name_en":"Tongzi North","name_zh":"","country":"China","region":"Zunyi","gdp_usd":10696,"segments":[{"line":"渝贵铁路","won_per_km":0.4006,"afford_pct":0.6251,"line_en":"Yugui Railway"}]},"geometry":{"type":"Point","coordinates":[106.82709170000001,28.3889097]}},{"type":"Feature","properties":{"name":"繁昌西","name_en":"Fanchangxi","name_zh":"","country":"China","region":"Wuhu","gdp_usd":18861,"segments":[{"line":"宁安城际铁路","won_per_km":0.4008,"afford_pct":0.3547,"line_en":"Ningan Intercity Railway"}]},"geometry":{"type":"Point","coordinates":[118.1530398,31.0733641]}},{"type":"Feature","properties":{"name":"酒泉南","name_en":"Jiuquannan","name_zh":"","country":"China","region":"Jiuquan","gdp_usd":13909,"segments":[{"line":"兰新高速铁路","won_per_km":0.3084,"afford_pct":0.3701,"line_en":"Lanxin High-Speed Railway"}]},"geometry":{"type":"Point","coordinates":[98.5350745,39.7006352]}},{"type":"Feature","properties":{"name":"济宁东","name_en":"Jiningdong","name_zh":"","country":"China","region":"Jining","gdp_usd":9969,"segments":[{"line":"日兰高速铁路","won_per_km":0.536,"afford_pct":0.8975,"line_en":"Rilan High-Speed Railway"}]},"geometry":{"type":"Point","coordinates":[116.7508456,35.5240969]}},{"type":"Feature","properties":{"name":"大厂","name_en":"Dachang","name_zh":"","country":"China","region":"Langfang","gdp_usd":9923,"segments":[{"line":"京唐城际铁路","won_per_km":0.5497,"afford_pct":0.9247,"line_en":"Jingtang Intercity Railway"}]},"geometry":{"type":"Point","coordinates":[116.8975599,39.8885609]}},{"type":"Feature","properties":{"name":"当涂东","name_en":"Dangtu East","name_zh":"","country":"China","region":"Maanshan","gdp_usd":17639,"segments":[{"line":"宁安城际铁路","won_per_km":0.4008,"afford_pct":0.3793,"line_en":"Ningan Intercity Railway"}]},"geometry":{"type":"Point","coordinates":[118.5212094,31.5635168]}},{"type":"Feature","properties":{"name":"乐平北","name_en":"Lepingbei","name_zh":"","country":"China","region":"Jingdezhen","gdp_usd":10143,"segments":[{"line":"杭昌高速铁路","won_per_km":0.5417,"afford_pct":0.8915,"line_en":"Hangchang High-Speed Railway"}]},"geometry":{"type":"Point","coordinates":[117.0377785,29.1608001]}},{"type":"Feature","properties":{"name":"茂县","name_en":"Maoxian","name_zh":"","country":"China","region":"Ngawa Prefecture","gdp_usd":9579,"segments":[{"line":"川青铁路","won_per_km":0.4984,"afford_pct":0.8685,"line_en":"Chuanqing Railway"}]},"geometry":{"type":"Point","coordinates":[103.9424872,31.7279208]}},{"type":"Feature","properties":{"name":"赶水东","name_en":"Ganshui East","name_zh":"","country":"China","region":"Chongqing","gdp_usd":14036,"segments":[{"line":"渝贵铁路","won_per_km":0.4006,"afford_pct":0.4764,"line_en":"Yugui Railway"}]},"geometry":{"type":"Point","coordinates":[106.7029727,28.7657812]}},{"type":"Feature","properties":{"name":"夏格庄","name_en":"Xiagezhuang","name_zh":"","country":"China","region":"Qingdao","gdp_usd":22347,"segments":[{"line":"青荣城际铁路","won_per_km":0.3458,"afford_pct":0.2583,"line_en":"Qingrong Intercity Railway"}]},"geometry":{"type":"Point","coordinates":[120.4408975,36.65133]}},{"type":"Feature","properties":{"name":"观沙岭","name_en":"Guanshaling","name_zh":"","country":"China","region":"Changsha","gdp_usd":20104,"segments":[{"line":"渝厦高速铁路","won_per_km":0.5237,"afford_pct":0.4348,"line_en":"Yusha High-Speed Railway"}]},"geometry":{"type":"Point","coordinates":[112.9454149,28.2341084]}},{"type":"Feature","properties":{"name":"洛川","name_en":"Luochuan","name_zh":"洛川","country":"China","region":"Yan'an","gdp_usd":14704,"segments":[{"line":"包西高速铁路","won_per_km":0.5253,"afford_pct":0.5963,"line_en":"Baoxi High-Speed Railway"}]},"geometry":{"type":"Point","coordinates":[109.4423637,35.7634032]}},{"type":"Feature","properties":{"name":"龙山镇","name_en":"Longshanzhen","name_zh":"龙山镇","country":"China","region":"Zhangzhou","gdp_usd":16638,"segments":[{"line":"龙漳铁路","won_per_km":0.307,"afford_pct":0.308,"line_en":"Longzhang Railway"}]},"geometry":{"type":"Point","coordinates":[117.35771120000001,24.6946923]}},{"type":"Feature","properties":{"name":"赣州","name_en":"Ganzhou","name_zh":"赣州","country":"China","region":"Ganzhou","gdp_usd":7657,"segments":[{"line":"赣瑞龙铁路","won_per_km":0.3653,"afford_pct":0.7963,"line_en":"Ganruilong Railway"}]},"geometry":{"type":"Point","coordinates":[114.960344,25.8223836]}},{"type":"Feature","properties":{"name":"萨拉齐","name_en":"Salaqi","name_zh":"萨拉齐","country":"China","region":"Hohhot","gdp_usd":15774,"segments":[{"line":"京包高速铁路","won_per_km":0.3688,"afford_pct":0.3903,"line_en":"Jingbao High-Speed Railway"}]},"geometry":{"type":"Point","coordinates":[110.52576680000001,40.5637659]}},{"type":"Feature","properties":{"name":"靖远北","name_en":"Jingyuan North","name_zh":"","country":"China","region":"Baiyin","gdp_usd":6963,"segments":[{"line":"银兰高速铁路","won_per_km":0.4216,"afford_pct":1.0107,"line_en":"Yinlan High-Speed Railway"}]},"geometry":{"type":"Point","coordinates":[104.6602311,36.6091692]}},{"type":"Feature","properties":{"name":"马山县","name_en":"Mashanxian","name_zh":"","country":"China","region":"Nanning","gdp_usd":9311,"segments":[{"line":"贵南高速铁路","won_per_km":0.4704,"afford_pct":0.8433,"line_en":"Guinan High-Speed Railway"}]},"geometry":{"type":"Point","coordinates":[108.1680841,23.7464262]}},{"type":"Feature","properties":{"name":"民乐","name_en":"Minle","name_zh":"","country":"China","region":"Zhangye","gdp_usd":8593,"segments":[{"line":"兰新高速铁路","won_per_km":0.3084,"afford_pct":0.5991,"line_en":"Lanxin High-Speed Railway"}]},"geometry":{"type":"Point","coordinates":[100.8374067,38.4735952]}},{"type":"Feature","properties":{"name":"淮阳南","name_en":"Huaiyangnan","name_zh":"","country":"China","region":"Zhoukou","gdp_usd":5848,"segments":[{"line":"郑阜高速铁路","won_per_km":0.6304,"afford_pct":1.7995,"line_en":"Zhengfu High-Speed Railway"}]},"geometry":{"type":"Point","coordinates":[114.8962154,33.5048399]}},{"type":"Feature","properties":{"name":"淮北","name_en":"Huaibei","name_zh":"","country":"China","region":"Huaibei","gdp_usd":8969,"segments":[{"line":"淮萧联络线","won_per_km":0.3611,"afford_pct":0.672,"line_en":"Huaixiao Connector Line"}]},"geometry":{"type":"Point","coordinates":[116.7971485,33.9690204]}},{"type":"Feature","properties":{"name":"泉港","name_en":"Quangang","name_zh":"","country":"China","region":"Quanzhou","gdp_usd":20470,"segments":[{"line":"甬广高速铁路","won_per_km":0.4561,"afford_pct":0.3719,"line_en":"Yongguang High-Speed Railway"}]},"geometry":{"type":"Point","coordinates":[118.87457130000001,25.1778147]}},{"type":"Feature","properties":{"name":"顺义西","name_en":"Shunyixi","name_zh":"","country":"China","region":"Beijing","gdp_usd":31738,"segments":[{"line":"京哈高速铁路","won_per_km":0.5202,"afford_pct":0.2736,"line_en":"Jingha High-Speed Railway"}]},"geometry":{"type":"Point","coordinates":[116.4853413,40.1787983]}},{"type":"Feature","properties":{"name":"北票","name_en":"Beipiao","name_zh":"","country":"China","region":"Chaoyang","gdp_usd":5787,"segments":[{"line":"京哈高速铁路","won_per_km":0.4982,"afford_pct":1.4371,"line_en":"Jingha High-Speed Railway"}]},"geometry":{"type":"Point","coordinates":[120.7836055,41.7664385]}},{"type":"Feature","properties":{"name":"练塘","name_en":"Liantang","name_zh":"","country":"China","region":"Shanghai","gdp_usd":30204,"segments":[{"line":"沪苏湖高速铁路","won_per_km":0.3598,"afford_pct":0.1988,"line_en":"Husuhu High-Speed Railway"}]},"geometry":{"type":"Point","coordinates":[121.02656560000001,30.9973591]}},{"type":"Feature","properties":{"name":"常山","name_en":"Changshan","name_zh":"","country":"China","region":"Quzhou","gdp_usd":13697,"segments":[{"line":"衢九铁路","won_per_km":0.4022,"afford_pct":0.4901,"line_en":"Qujiu Railway"}]},"geometry":{"type":"Point","coordinates":[118.5556738,28.9257657]}},{"type":"Feature","properties":{"name":"资中西","name_en":"Zizhongxi","name_zh":"资中西","country":"China","region":"Neijiang","gdp_usd":8820,"segments":[{"line":"成宜高速铁路","won_per_km":0.4944,"afford_pct":0.9356,"line_en":"Chengyi High-Speed Railway"}]},"geometry":{"type":"Point","coordinates":[104.6105499,29.8947574]}},{"type":"Feature","properties":{"name":"绵竹南","name_en":"Mianzhu South","name_zh":"绵竹南","country":"China","region":"Deyang","gdp_usd":13151,"segments":[{"line":"川青铁路","won_per_km":0.4984,"afford_pct":0.6326,"line_en":"Chuanqing Railway"}]},"geometry":{"type":"Point","coordinates":[104.2095709,31.2610952]}},{"type":"Feature","properties":{"name":"安州","name_en":"Anzhou","name_zh":"","country":"China","region":"Deyang","gdp_usd":13151,"segments":[{"line":"川青铁路","won_per_km":0.4984,"afford_pct":0.6326,"line_en":"Chuanqing Railway"}]},"geometry":{"type":"Point","coordinates":[104.233844,31.4655837]}},{"type":"Feature","properties":{"name":"三星堆","name_en":"Sanxingdui","name_zh":"","country":"China","region":"Deyang","gdp_usd":13151,"segments":[{"line":"川青铁路","won_per_km":0.4984,"afford_pct":0.6326,"line_en":"Chuanqing Railway"}]},"geometry":{"type":"Point","coordinates":[104.2080978,30.9438936]}},{"type":"Feature","properties":{"name":"大方","name_en":"Dafang","name_zh":"","country":"China","region":"Bijie","gdp_usd":5120,"segments":[{"line":"成贵高速铁路","won_per_km":0.4537,"afford_pct":1.4791,"line_en":"Chenggui High-Speed Railway"}]},"geometry":{"type":"Point","coordinates":[105.5919606,27.2104502]}},{"type":"Feature","properties":{"name":"新都东","name_en":"Xindudong","name_zh":"新都东","country":"China","region":"Chengdu","gdp_usd":15280,"segments":[{"line":"西成高速铁路","won_per_km":0.4317,"afford_pct":0.4716,"line_en":"Xicheng High-Speed Railway"},{"line":"川青铁路","won_per_km":0.4984,"afford_pct":0.5445,"line_en":"Chuanqing Railway"}]},"geometry":{"type":"Point","coordinates":[104.19203320000001,30.8020223]}},{"type":"Feature","properties":{"name":"富顺","name_en":"Fushun","name_zh":"富顺","country":"China","region":"Zigong","gdp_usd":10745,"segments":[{"line":"绵泸高速铁路","won_per_km":0.4077,"afford_pct":0.6334,"line_en":"Mianlu High-Speed Railway"}]},"geometry":{"type":"Point","coordinates":[105.0359494,29.2124083]}},{"type":"Feature","properties":{"name":"威海南海","name_en":"Weihainanhai","name_zh":"","country":"China","region":"Weihai","gdp_usd":17798,"segments":[{"line":"潍荣高速铁路","won_per_km":0.4259,"afford_pct":0.3994,"line_en":"Weirong High-Speed Railway"}]},"geometry":{"type":"Point","coordinates":[121.9099381,37.0151064]}},{"type":"Feature","properties":{"name":"和乐","name_en":"Hele","name_zh":"","country":"China","region":"Wanning","gdp_usd":8795,"segments":[{"line":"海南东环铁路","won_per_km":0.419,"afford_pct":0.7952,"line_en":"Hainandonghuan Railway"}]},"geometry":{"type":"Point","coordinates":[110.4538305,18.9250368]}},{"type":"Feature","properties":{"name":"中宁东","name_en":"Zhongningdong","name_zh":"","country":"China","region":"Zhongwei","gdp_usd":7720,"segments":[{"line":"银兰高速铁路","won_per_km":0.4216,"afford_pct":0.9116,"line_en":"Yinlan High-Speed Railway"}]},"geometry":{"type":"Point","coordinates":[105.6984656,37.4493018]}},{"type":"Feature","properties":{"name":"黄陵","name_en":"Huangling","name_zh":"黄陵","country":"China","region":"Yan'an","gdp_usd":14704,"segments":[{"line":"包西高速铁路","won_per_km":0.5253,"afford_pct":0.5963,"line_en":"Baoxi High-Speed Railway"}]},"geometry":{"type":"Point","coordinates":[109.212673,35.589276]}},{"type":"Feature","properties":{"name":"五原","name_en":"Wuyuan","name_zh":"","country":"China","region":"Bayannur","gdp_usd":11559,"segments":[{"line":"包银高速铁路","won_per_km":0.4215,"afford_pct":0.6087,"line_en":"Baoyin High-Speed Railway"}]},"geometry":{"type":"Point","coordinates":[108.0787289,40.9125716]}},{"type":"Feature","properties":{"name":"昌邑","name_en":"Changyi","name_zh":"昌邑","country":"China","region":"Weifang","gdp_usd":12243,"segments":[{"line":"潍荣高速铁路","won_per_km":0.4259,"afford_pct":0.5807,"line_en":"Weirong High-Speed Railway"},{"line":"潍烟高速铁路","won_per_km":0.4667,"afford_pct":0.6363,"line_en":"Weiyan High-Speed Railway"}]},"geometry":{"type":"Point","coordinates":[119.4574384,36.7955169]}},{"type":"Feature","properties":{"name":"董家口","name_en":"Dongjiakou","name_zh":"","country":"China","region":"Qingdao","gdp_usd":22347,"segments":[{"line":"青盐铁路","won_per_km":0.3478,"afford_pct":0.2598,"line_en":"Qingyan Railway"},{"line":"联络线/城内段","won_per_km":0.4419,"afford_pct":0.3301,"line_en":"Lianluoxian/chengneiduan"}]},"geometry":{"type":"Point","coordinates":[119.708426,35.6756355]}},{"type":"Feature","properties":{"name":"兴城西","name_en":"Xingchengxi","name_zh":"兴城西","country":"China","region":"Huludao","gdp_usd":6003,"segments":[{"line":"秦沈客运专线","won_per_km":0.3259,"afford_pct":0.9062,"line_en":"Qinshen Passenger Line"}]},"geometry":{"type":"Point","coordinates":[120.6106866,40.5908916]}},{"type":"Feature","properties":{"name":"庄河北","name_en":"Zhuanghebei","name_zh":"","country":"China","region":"Dalian","gdp_usd":17553,"segments":[{"line":"丹大铁路","won_per_km":0.3908,"afford_pct":0.3716,"line_en":"Danda Railway"}]},"geometry":{"type":"Point","coordinates":[122.9310267,39.7266758]}},{"type":"Feature","properties":{"name":"香河","name_en":"Xianghe","name_zh":"","country":"China","region":"Langfang","gdp_usd":9923,"segments":[{"line":"京唐城际铁路","won_per_km":0.5497,"afford_pct":0.9247,"line_en":"Jingtang Intercity Railway"}]},"geometry":{"type":"Point","coordinates":[117.02766480000001,39.7188328]}},{"type":"Feature","properties":{"name":"卫辉南","name_en":"Weihuinan","name_zh":"","country":"China","region":"Xinxiang","gdp_usd":8115,"segments":[{"line":"济郑高速铁路","won_per_km":0.5725,"afford_pct":1.1776,"line_en":"Jizheng High-Speed Railway"}]},"geometry":{"type":"Point","coordinates":[114.13266410000001,35.3905971]}},{"type":"Feature","properties":{"name":"厉家寨","name_en":"Lijiazhai","name_zh":"","country":"China","region":"Linyi","gdp_usd":8406,"segments":[{"line":"日兰高速铁路","won_per_km":0.536,"afford_pct":1.0644,"line_en":"Rilan High-Speed Railway"}]},"geometry":{"type":"Point","coordinates":[119.126038,35.2830092]}},{"type":"Feature","properties":{"name":"五河","name_en":"Wuhe","name_zh":"","country":"China","region":"Bengbu","gdp_usd":9863,"segments":[{"line":"合新高速铁路","won_per_km":0.4831,"afford_pct":0.8176,"line_en":"Hexin High-Speed Railway"}]},"geometry":{"type":"Point","coordinates":[117.8443034,33.1247332]}},{"type":"Feature","properties":{"name":"明光西","name_en":"Mingguangxi","name_zh":"","country":"China","region":"Chuzhou","gdp_usd":13838,"segments":[{"line":"合新高速铁路","won_per_km":0.4831,"afford_pct":0.5828,"line_en":"Hexin High-Speed Railway"}]},"geometry":{"type":"Point","coordinates":[117.92858090000001,32.830586]}},{"type":"Feature","properties":{"name":"定远东","name_en":"Dingyuandong","name_zh":"","country":"China","region":"Chuzhou","gdp_usd":13838,"segments":[{"line":"京沪高速铁路","won_per_km":0.4957,"afford_pct":0.5979,"line_en":"Jinghu High-Speed Railway"},{"line":"合新高速铁路","won_per_km":0.4831,"afford_pct":0.5828,"line_en":"Hexin High-Speed Railway"}]},"geometry":{"type":"Point","coordinates":[117.8382064,32.5733556]}},{"type":"Feature","properties":{"name":"郎溪南","name_en":"Langxinan","name_zh":"郎溪南","country":"China","region":"Xuancheng","gdp_usd":11479,"segments":[{"line":"合杭高速铁路","won_per_km":0.4961,"afford_pct":0.7214,"line_en":"Hehang High-Speed Railway"}]},"geometry":{"type":"Point","coordinates":[119.1514328,30.9402581]}},{"type":"Feature","properties":{"name":"楠溪江","name_en":"Nanxijiang","name_zh":"","country":"China","region":"Wenzhou","gdp_usd":13786,"segments":[{"line":"杭温高速铁路","won_per_km":0.523,"afford_pct":0.6333,"line_en":"Hangwen High-Speed Railway"}]},"geometry":{"type":"Point","coordinates":[120.7796533,28.3225426]}},{"type":"Feature","properties":{"name":"永川南","name_en":"Yongchuannan","name_zh":"永川南","country":"China","region":"Chongqing","gdp_usd":14036,"segments":[{"line":"渝昆高速铁路","won_per_km":0.599,"afford_pct":0.7124,"line_en":"Yukun High-Speed Railway"}]},"geometry":{"type":"Point","coordinates":[105.9603632,29.2785978]}},{"type":"Feature","properties":{"name":"犍为","name_en":"Qianwei","name_zh":"犍为","country":"China","region":"Leshan","gdp_usd":11183,"segments":[{"line":"成贵高速铁路","won_per_km":0.4537,"afford_pct":0.6772,"line_en":"Chenggui High-Speed Railway"}]},"geometry":{"type":"Point","coordinates":[103.95718040000001,29.3510787]}},{"type":"Feature","properties":{"name":"花溪南","name_en":"Huaxinan","name_zh":"","country":"China","region":"Guiyang","gdp_usd":12359,"segments":[{"line":"联络线/城内段","won_per_km":0.4006,"afford_pct":0.5411,"line_en":"Lianluoxian/chengneiduan"},{"line":"联络线/城内段","won_per_km":0.4674,"afford_pct":0.6313,"line_en":"Lianluoxian/chengneiduan"}]},"geometry":{"type":"Point","coordinates":[106.6771739,26.4015162]}},{"type":"Feature","properties":{"name":"威信","name_en":"Weixin","name_zh":"威信","country":"China","region":"Zhaotong","gdp_usd":5810,"segments":[{"line":"成贵高速铁路","won_per_km":0.4537,"afford_pct":1.3035,"line_en":"Chenggui High-Speed Railway"}]},"geometry":{"type":"Point","coordinates":[105.0560417,27.8232811]}},{"type":"Feature","properties":{"name":"北滘","name_en":"Beijiao","name_zh":"","country":"China","region":"Foshan","gdp_usd":19246,"segments":[{"line":"广珠城际铁路","won_per_km":0.6034,"afford_pct":0.5233,"line_en":"Guangzhu Intercity Railway"},{"line":"广珠城际江门支线","won_per_km":0.6,"afford_pct":0.5204,"line_en":"Guangzhuchengjijiangmen Branch Line"}]},"geometry":{"type":"Point","coordinates":[113.2586145,22.9180045]}},{"type":"Feature","properties":{"name":"崇左南","name_en":"Chongzuonan","name_zh":"崇左南","country":"China","region":"Chongzuo","gdp_usd":8892,"segments":[{"line":"南凭高速铁路","won_per_km":0.4554,"afford_pct":0.8548,"line_en":"Nanping High-Speed Railway"}]},"geometry":{"type":"Point","coordinates":[107.39108440000001,22.3574907]}},{"type":"Feature","properties":{"name":"惠安堡","name_en":"Hui'anbao","name_zh":"","country":"China","region":"Wuzhong","gdp_usd":9218,"segments":[{"line":"银西高速铁路","won_per_km":0.429,"afford_pct":0.7768,"line_en":"Yinxi High-Speed Railway"}]},"geometry":{"type":"Point","coordinates":[106.6723129,37.4782371]}},{"type":"Feature","properties":{"name":"卓资东","name_en":"Zhuozidong","name_zh":"卓资东","country":"China","region":"Ulanqab","gdp_usd":10622,"segments":[{"line":"京包高速铁路","won_per_km":0.3688,"afford_pct":0.5795,"line_en":"Jingbao High-Speed Railway"}]},"geometry":{"type":"Point","coordinates":[112.6122464,40.9228337]}},{"type":"Feature","properties":{"name":"三都县","name_en":"Sanduxian","name_zh":"三都县","country":"China","region":"Qiannan Prefecture","gdp_usd":7762,"segments":[{"line":"贵广高速铁路","won_per_km":0.4372,"afford_pct":0.9402,"line_en":"Guiguang High-Speed Railway"}]},"geometry":{"type":"Point","coordinates":[107.8130854,26.0811324]}},{"type":"Feature","properties":{"name":"枫林","name_en":"Fenglin Railway Station","name_zh":"枫林","country":"China","region":"Huangshi","gdp_usd":13170,"segments":[{"line":"武九高速铁路","won_per_km":0.4,"afford_pct":0.507,"line_en":"Wujiu High-Speed Railway"}]},"geometry":{"type":"Point","coordinates":[115.4039285,29.7531844]}},{"type":"Feature","properties":{"name":"无锡新区","name_en":"Wuxi New District Station","name_zh":"","country":"China","region":"Wuxi","gdp_usd":30163,"segments":[{"line":"沪宁城际铁路","won_per_km":0.4885,"afford_pct":0.2703,"line_en":"Huning Intercity Railway"}]},"geometry":{"type":"Point","coordinates":[120.3875023,31.4995998]}},{"type":"Feature","properties":{"name":"横道河子东","name_en":"Hengdaohezidong","name_zh":"","country":"China","region":"Mudanjiang","gdp_usd":6007,"segments":[{"line":"哈牡高速铁路","won_per_km":0.37,"afford_pct":1.0282,"line_en":"Hamu High-Speed Railway"}]},"geometry":{"type":"Point","coordinates":[129.0986895,44.7891833]}},{"type":"Feature","properties":{"name":"金州","name_en":"Jinzhou","name_zh":"金州","country":"China","region":"Dalian","gdp_usd":17553,"segments":[{"line":"丹大铁路","won_per_km":0.3908,"afford_pct":0.3716,"line_en":"Danda Railway"},{"line":"联络线/城内段","won_per_km":0.4245,"afford_pct":0.4037,"line_en":"Lianluoxian/chengneiduan"}]},"geometry":{"type":"Point","coordinates":[121.7222117,39.0869543]}},{"type":"Feature","properties":{"name":"凌海南","name_en":"Linghainan","name_zh":"凌海南","country":"China","region":"Jinzhou","gdp_usd":7207,"segments":[{"line":"盘营高速铁路","won_per_km":0.4437,"afford_pct":1.0277,"line_en":"Panying High-Speed Railway"},{"line":"朝凌高速铁路","won_per_km":0.5472,"afford_pct":1.2674,"line_en":"Chaoling High-Speed Railway"},{"line":"秦沈客运专线","won_per_km":0.3259,"afford_pct":0.7548,"line_en":"Qinshen Passenger Line"}]},"geometry":{"type":"Point","coordinates":[121.3706097,41.1508635]}},{"type":"Feature","properties":{"name":"内黄","name_en":"Neihuang","name_zh":"","country":"China","region":"Anyang","gdp_usd":6902,"segments":[{"line":"济郑高速铁路","won_per_km":0.5725,"afford_pct":1.3845,"line_en":"Jizheng High-Speed Railway"}]},"geometry":{"type":"Point","coordinates":[114.8577529,35.6728219]}},{"type":"Feature","properties":{"name":"合肥北城","name_en":"Hefei Beicheng","name_zh":"合肥北城","country":"China","region":"Hefei","gdp_usd":18927,"segments":[{"line":"京港高速铁路","won_per_km":0.4821,"afford_pct":0.4252,"line_en":"Jinggang High-Speed Railway"},{"line":"合蚌高速铁路","won_per_km":0.4572,"afford_pct":0.4032,"line_en":"Hebang High-Speed Railway"},{"line":"联络线/城内段","won_per_km":0.4766,"afford_pct":0.4203,"line_en":"Lianluoxian/chengneiduan"}]},"geometry":{"type":"Point","coordinates":[117.24669990000001,32.0653535]}},{"type":"Feature","properties":{"name":"古城东","name_en":"Guchengdong Railway Station","name_zh":"","country":"China","region":"Bozhou","gdp_usd":7186,"segments":[{"line":"京港高速铁路","won_per_km":0.4821,"afford_pct":1.1198,"line_en":"Jinggang High-Speed Railway"}]},"geometry":{"type":"Point","coordinates":[115.8062196,33.5280606]}},{"type":"Feature","properties":{"name":"永清东","name_en":"Yongqingdong","name_zh":"","country":"China","region":"Langfang","gdp_usd":9923,"segments":[{"line":"津兴城际铁路","won_per_km":0.3182,"afford_pct":0.5353,"line_en":"Jinxing Intercity Railway"}]},"geometry":{"type":"Point","coordinates":[116.5060859,39.3041239]}},{"type":"Feature","properties":{"name":"新宾","name_en":"Xinbin","name_zh":"新宾","country":"China","region":"Fushun","gdp_usd":8133,"segments":[{"line":"沈佳高速铁路","won_per_km":0.6395,"afford_pct":1.3125,"line_en":"Shenjia High-Speed Railway"}]},"geometry":{"type":"Point","coordinates":[125.07044680000001,41.7140274]}},{"type":"Feature","properties":{"name":"泗县东","name_en":"Sixiandong","name_zh":"","country":"China","region":"Suzhou (AH)","gdp_usd":6518,"segments":[{"line":"合新高速铁路","won_per_km":0.4831,"afford_pct":1.2372,"line_en":"Hexin High-Speed Railway"}]},"geometry":{"type":"Point","coordinates":[117.9834156,33.4631577]}},{"type":"Feature","properties":{"name":"南阳寨","name_en":"Nanyangzhai","name_zh":"南阳寨","country":"China","region":"Zhengzhou","gdp_usd":15494,"segments":[{"line":"郑太高速铁路","won_per_km":0.4908,"afford_pct":0.5288,"line_en":"Zhengtai High-Speed Railway"}]},"geometry":{"type":"Point","coordinates":[113.6109018,34.8154786]}},{"type":"Feature","properties":{"name":"湾沚南","name_en":"Wanzhinan","name_zh":"","country":"China","region":"Wuhu","gdp_usd":18861,"segments":[{"line":"合杭高速铁路","won_per_km":0.5,"afford_pct":0.4425,"line_en":"Hehang High-Speed Railway"}]},"geometry":{"type":"Point","coordinates":[118.57998850000001,31.0949198]}},{"type":"Feature","properties":{"name":"长宁","name_en":"Changning","name_zh":"长宁","country":"China","region":"Yibin","gdp_usd":12062,"segments":[{"line":"成贵高速铁路","won_per_km":0.4537,"afford_pct":0.6279,"line_en":"Chenggui High-Speed Railway"}]},"geometry":{"type":"Point","coordinates":[104.9265106,28.6000513]}},{"type":"Feature","properties":{"name":"泸县","name_en":"Luxian","name_zh":"","country":"China","region":"Luzhou","gdp_usd":9243,"segments":[{"line":"绵泸高速铁路","won_per_km":0.4077,"afford_pct":0.7363,"line_en":"Mianlu High-Speed Railway"}]},"geometry":{"type":"Point","coordinates":[105.32033840000001,29.1670739]}},{"type":"Feature","properties":{"name":"莱阳南","name_en":"Laiyangnan","name_zh":"","country":"China","region":"Yantai","gdp_usd":21325,"segments":[{"line":"潍荣高速铁路","won_per_km":0.4259,"afford_pct":0.3334,"line_en":"Weirong High-Speed Railway"}]},"geometry":{"type":"Point","coordinates":[120.7463381,36.7207329]}},{"type":"Feature","properties":{"name":"南头","name_en":"Nantou","name_zh":"南头","country":"China","region":"Zhongshan","gdp_usd":12875,"segments":[{"line":"广珠城际铁路","won_per_km":0.6034,"afford_pct":0.7823,"line_en":"Guangzhu Intercity Railway"},{"line":"广珠城际江门支线","won_per_km":0.6,"afford_pct":0.7779,"line_en":"Guangzhuchengjijiangmen Branch Line"}]},"geometry":{"type":"Point","coordinates":[113.3034906,22.715776]}},{"type":"Feature","properties":{"name":"前山","name_en":"Qianshan","name_zh":"前山","country":"China","region":"Zhuhai","gdp_usd":24859,"segments":[{"line":"广珠城际铁路","won_per_km":0.6034,"afford_pct":0.4052,"line_en":"Guangzhu Intercity Railway"},{"line":"珠机城际铁路","won_per_km":0.6667,"afford_pct":0.4477,"line_en":"Zhuji Intercity Railway"}]},"geometry":{"type":"Point","coordinates":[113.52054740000001,22.2373744]}},{"type":"Feature","properties":{"name":"博罗北","name_en":"Boluobei","name_zh":"","country":"China","region":"Huizhou","gdp_usd":14004,"segments":[{"line":"京港高速铁路","won_per_km":0.5906,"afford_pct":0.704,"line_en":"Jinggang High-Speed Railway"}]},"geometry":{"type":"Point","coordinates":[114.5572092,23.4803874]}},{"type":"Feature","properties":{"name":"富县北","name_en":"Fuxianbei","name_zh":"富县北","country":"China","region":"Yan'an","gdp_usd":14704,"segments":[{"line":"包西高速铁路","won_per_km":0.5253,"afford_pct":0.5963,"line_en":"Baoxi High-Speed Railway"}]},"geometry":{"type":"Point","coordinates":[109.4074384,36.043798]}},{"type":"Feature","properties":{"name":"察素齐","name_en":"Chasuqi","name_zh":"","country":"China","region":"Hohhot","gdp_usd":15774,"segments":[{"line":"京包高速铁路","won_per_km":0.3688,"afford_pct":0.3903,"line_en":"Jingbao High-Speed Railway"}]},"geometry":{"type":"Point","coordinates":[111.11943020000001,40.7035669]}},{"type":"Feature","properties":{"name":"海东","name_en":"Haidong","name_zh":"海东","country":"China","region":"Haidong","gdp_usd":6339,"segments":[{"line":"兰新高速铁路","won_per_km":0.3085,"afford_pct":0.8124,"line_en":"Lanxin High-Speed Railway"}]},"geometry":{"type":"Point","coordinates":[102.38949520000001,36.4675999]}},{"type":"Feature","properties":{"name":"苏州新区","name_en":"Suzhou New Area","name_zh":"","country":"China","region":"Suzhou","gdp_usd":28659,"segments":[{"line":"沪宁城际铁路","won_per_km":0.4885,"afford_pct":0.2845,"line_en":"Huning Intercity Railway"}]},"geometry":{"type":"Point","coordinates":[120.5205799,31.3739426]}},{"type":"Feature","properties":{"name":"南昌南","name_en":"Nanchangnan","name_zh":"南昌南","country":"China","region":"Nanchang","gdp_usd":16392,"segments":[{"line":"杭昌高速铁路","won_per_km":0.5417,"afford_pct":0.5516,"line_en":"Hangchang High-Speed Railway"}]},"geometry":{"type":"Point","coordinates":[115.9453873,28.5035174]}},{"type":"Feature","properties":{"name":"榆中","name_en":"Yuzhong","name_zh":"榆中","country":"China","region":"Lanzhou","gdp_usd":11749,"segments":[{"line":"徐兰高速铁路","won_per_km":0.3766,"afford_pct":0.5351,"line_en":"Xulan High-Speed Railway"}]},"geometry":{"type":"Point","coordinates":[104.1686135,35.8515222]}},{"type":"Feature","properties":{"name":"高台南","name_en":"Gaotainan","name_zh":"","country":"China","region":"Zhangye","gdp_usd":8593,"segments":[{"line":"兰新高速铁路","won_per_km":0.3084,"afford_pct":0.5991,"line_en":"Lanxin High-Speed Railway"}]},"geometry":{"type":"Point","coordinates":[99.7676842,39.2939174]}},{"type":"Feature","properties":{"name":"阳澄湖","name_en":"Yangchenghu","name_zh":"","country":"China","region":"Suzhou","gdp_usd":28659,"segments":[{"line":"京沪高速铁路","won_per_km":0.4957,"afford_pct":0.2887,"line_en":"Jinghu High-Speed Railway"},{"line":"沪宁城际铁路","won_per_km":0.4881,"afford_pct":0.2843,"line_en":"Huning Intercity Railway"}]},"geometry":{"type":"Point","coordinates":[120.8573261,31.3822528]}},{"type":"Feature","properties":{"name":"江宁","name_en":"Jiangning","name_zh":"","country":"China","region":"Nanjing","gdp_usd":26914,"segments":[{"line":"沪宁沿江高速铁路","won_per_km":0.5095,"afford_pct":0.316,"line_en":"Huningyanjiang High-Speed Railway"},{"line":"宁杭高速铁路","won_per_km":0.5469,"afford_pct":0.3392,"line_en":"Ninghang High-Speed Railway"}]},"geometry":{"type":"Point","coordinates":[118.8939146,31.9386994]}},{"type":"Feature","properties":{"name":"杨桥","name_en":"Yangqiao","name_zh":"","country":"China","region":"Shaoyang","gdp_usd":6431,"segments":[{"line":"怀衡铁路","won_per_km":0.3855,"afford_pct":1.0006,"line_en":"Huaiheng Railway"}]},"geometry":{"type":"Point","coordinates":[112.0031476,27.1714678]}},{"type":"Feature","properties":{"name":"麻阳西","name_en":"Mayangxi","name_zh":"","country":"China","region":"Huaihua","gdp_usd":6554,"segments":[{"line":"张吉怀高速铁路","won_per_km":0.5551,"afford_pct":1.4138,"line_en":"Zhangjihuai High-Speed Railway"}]},"geometry":{"type":"Point","coordinates":[109.7754946,27.8384914]}},{"type":"Feature","properties":{"name":"古丈西","name_en":"Guzhang West","name_zh":"","country":"China","region":"Xiangxi Prefecture","gdp_usd":4937,"segments":[{"line":"张吉怀高速铁路","won_per_km":0.5551,"afford_pct":1.8768,"line_en":"Zhangjihuai High-Speed Railway"}]},"geometry":{"type":"Point","coordinates":[109.9323011,28.6240124]}},{"type":"Feature","properties":{"name":"双城北","name_en":"Shuangcheng North","name_zh":"双城北","country":"China","region":"Harbin","gdp_usd":8488,"segments":[{"line":"京哈高速铁路","won_per_km":0.4818,"afford_pct":0.9475,"line_en":"Jingha High-Speed Railway"}]},"geometry":{"type":"Point","coordinates":[126.264884,45.424193]}},{"type":"Feature","properties":{"name":"东港北","name_en":"Donggangbei","name_zh":"","country":"China","region":"Dandong","gdp_usd":6738,"segments":[{"line":"丹大铁路","won_per_km":0.3908,"afford_pct":0.9681,"line_en":"Danda Railway"}]},"geometry":{"type":"Point","coordinates":[124.12467780000001,39.9089585]}},{"type":"Feature","properties":{"name":"德兴","name_en":"Dexing Railway Station","name_zh":"德兴","country":"China","region":"Shangrao","gdp_usd":8121,"segments":[{"line":"合福高速铁路","won_per_km":0.4433,"afford_pct":0.9112,"line_en":"Hefu High-Speed Railway"}]},"geometry":{"type":"Point","coordinates":[117.8552437,28.9604427]}},{"type":"Feature","properties":{"name":"金普","name_en":"Jinpu","name_zh":"金普","country":"China","region":"Dalian","gdp_usd":17553,"segments":[{"line":"沈大高速铁路","won_per_km":0.4582,"afford_pct":0.4357,"line_en":"Shenda High-Speed Railway"}]},"geometry":{"type":"Point","coordinates":[121.8080027,39.3288894]}},{"type":"Feature","properties":{"name":"大足南","name_en":"Dazunan","name_zh":"","country":"China","region":"Chongqing","gdp_usd":14036,"segments":[{"line":"成渝高速铁路","won_per_km":0.5411,"afford_pct":0.6435,"line_en":"Chengyu High-Speed Railway"}]},"geometry":{"type":"Point","coordinates":[105.7420242,29.4235956]}},{"type":"Feature","properties":{"name":"庄寨","name_en":"Zhuangzhai","name_zh":"","country":"China","region":"Heze","gdp_usd":7852,"segments":[{"line":"日兰高速铁路","won_per_km":0.536,"afford_pct":1.1395,"line_en":"Rilan High-Speed Railway"}]},"geometry":{"type":"Point","coordinates":[115.18626920000001,35.0334147]}},{"type":"Feature","properties":{"name":"朱砂古镇","name_en":"Zhushaguzhen","name_zh":"朱砂古镇","country":"China","region":"Tongren","gdp_usd":7199,"segments":[{"line":"吉玉铁路","won_per_km":0.4667,"afford_pct":1.0821,"line_en":"Jiyu Railway"}]},"geometry":{"type":"Point","coordinates":[109.13334490000001,27.5198398]}},{"type":"Feature","properties":{"name":"观音机场","name_en":"Guanyinjichang","name_zh":"","country":"China","region":"Xuzhou","gdp_usd":14716,"segments":[{"line":"徐盐高速铁路","won_per_km":0.3962,"afford_pct":0.4494,"line_en":"Xuyan High-Speed Railway"}]},"geometry":{"type":"Point","coordinates":[117.5578952,34.0404538]}},{"type":"Feature","properties":{"name":"江津北","name_en":"Jiangjinbei","name_zh":"","country":"China","region":"Chongqing","gdp_usd":14036,"segments":[{"line":"渝昆高速铁路","won_per_km":0.599,"afford_pct":0.7124,"line_en":"Yukun High-Speed Railway"}]},"geometry":{"type":"Point","coordinates":[106.25504570000001,29.3475628]}},{"type":"Feature","properties":{"name":"独山东","name_en":"Dushandong","name_zh":"","country":"China","region":"Qiannan Prefecture","gdp_usd":7762,"segments":[{"line":"贵南高速铁路","won_per_km":0.4704,"afford_pct":1.0116,"line_en":"Guinan High-Speed Railway"}]},"geometry":{"type":"Point","coordinates":[107.5738319,25.8627773]}},{"type":"Feature","properties":{"name":"海头","name_en":"Haitou","name_zh":"","country":"China","region":"Danzhou","gdp_usd":13852,"segments":[{"line":"海南西环铁路","won_per_km":0.3287,"afford_pct":0.3961,"line_en":"Hainanxihuan Railway"}]},"geometry":{"type":"Point","coordinates":[108.98952220000001,19.4960612]}},{"type":"Feature","properties":{"name":"银滩","name_en":"Yintan","name_zh":"","country":"China","region":"Danzhou","gdp_usd":13852,"segments":[{"line":"海南西环铁路","won_per_km":0.3287,"afford_pct":0.3961,"line_en":"Hainanxihuan Railway"}]},"geometry":{"type":"Point","coordinates":[109.48521430000001,19.7920361]}},{"type":"Feature","properties":{"name":"牛车河","name_en":"Niuchehe","name_zh":"","country":"China","region":"Changde","gdp_usd":12198,"segments":[{"line":"渝厦高速铁路","won_per_km":0.5237,"afford_pct":0.7166,"line_en":"Yusha High-Speed Railway"}]},"geometry":{"type":"Point","coordinates":[110.994977,29.0340034]}},{"type":"Feature","properties":{"name":"开福寺","name_en":"Kaifusi","name_zh":"","country":"China","region":"Changsha","gdp_usd":20104,"segments":[{"line":"渝厦高速铁路","won_per_km":0.5237,"afford_pct":0.4348,"line_en":"Yusha High-Speed Railway"}]},"geometry":{"type":"Point","coordinates":[112.9750719,28.2267862]}},{"type":"Feature","properties":{"name":"兰州新区","name_en":"Lanzhouxinqu","name_zh":"","country":"China","region":"Lanzhou","gdp_usd":11749,"segments":[{"line":"兰张高速铁路","won_per_km":0.307,"afford_pct":0.4362,"line_en":"Lanzhang High-Speed Railway"},{"line":"兰张高速铁路","won_per_km":0.3469,"afford_pct":0.4929,"line_en":"Lanzhang High-Speed Railway"},{"line":"中川机场环线","won_per_km":0.4141,"afford_pct":0.5883,"line_en":"Zhongchuanjichang Loop Line"}]},"geometry":{"type":"Point","coordinates":[103.6156605,36.469722]}},{"type":"Feature","properties":{"name":"临淄北","name_en":"Linzibei","name_zh":"临淄北","country":"China","region":"Zibo","gdp_usd":14594,"segments":[{"line":"济青高速铁路","won_per_km":0.4852,"afford_pct":0.555,"line_en":"Jiqing High-Speed Railway"}]},"geometry":{"type":"Point","coordinates":[118.3351245,36.9056078]}},{"type":"Feature","properties":{"name":"黄水","name_en":"Huangshui","name_zh":"","country":"China","region":"Chongqing","gdp_usd":14036,"segments":[{"line":"宁蓉铁路","won_per_km":0.3092,"afford_pct":0.3677,"line_en":"Ningrong Railway"}]},"geometry":{"type":"Point","coordinates":[108.4928187,30.0985951]}},{"type":"Feature","properties":{"name":"曲子","name_en":"Quzi","name_zh":"","country":"China","region":"Qingyang","gdp_usd":7927,"segments":[{"line":"银西高速铁路","won_per_km":0.429,"afford_pct":0.9034,"line_en":"Yinxi High-Speed Railway"}]},"geometry":{"type":"Point","coordinates":[107.4892125,36.3196874]}},{"type":"Feature","properties":{"name":"玉门","name_en":"Yumen","name_zh":"玉门","country":"China","region":"Jiuquan","gdp_usd":13909,"segments":[{"line":"兰新高速铁路","won_per_km":0.3082,"afford_pct":0.3699,"line_en":"Lanxin High-Speed Railway"},{"line":"敦煌铁路","won_per_km":0.3088,"afford_pct":0.3706,"line_en":"Dunhuang Railway"}]},"geometry":{"type":"Point","coordinates":[97.0438984,40.2715881]}},{"type":"Feature","properties":{"name":"惠山","name_en":"Huishan","name_zh":"惠山","country":"China","region":"Wuxi","gdp_usd":30163,"segments":[{"line":"沪宁城际铁路","won_per_km":0.4885,"afford_pct":0.2703,"line_en":"Huning Intercity Railway"}]},"geometry":{"type":"Point","coordinates":[120.1963681,31.6716041]}},{"type":"Feature","properties":{"name":"武平","name_en":"Wuping","name_zh":"","country":"China","region":"Longyan","gdp_usd":17675,"segments":[{"line":"龙龙高速铁路","won_per_km":0.462,"afford_pct":0.4363,"line_en":"Longlong High-Speed Railway"}]},"geometry":{"type":"Point","coordinates":[116.21493310000001,24.9947201]}},{"type":"Feature","properties":{"name":"江宁西","name_en":"Jiangningxi","name_zh":"","country":"China","region":"Nanjing","gdp_usd":26914,"segments":[{"line":"宁安城际铁路","won_per_km":0.4008,"afford_pct":0.2486,"line_en":"Ningan Intercity Railway"}]},"geometry":{"type":"Point","coordinates":[118.5906798,31.8257169]}},{"type":"Feature","properties":{"name":"咸丰","name_en":"Xianfeng","name_zh":"","country":"China","region":"Enshi Prefecture","gdp_usd":6830,"segments":[{"line":"渝厦高速铁路","won_per_km":0.4932,"afford_pct":1.2054,"line_en":"Yusha High-Speed Railway"}]},"geometry":{"type":"Point","coordinates":[109.0551424,29.5984427]}},{"type":"Feature","properties":{"name":"东兴市","name_en":"Dongxingshi","name_zh":"东兴市","country":"China","region":"Fangchenggang","gdp_usd":15116,"segments":[{"line":"钦防-防东铁路","won_per_km":0.4128,"afford_pct":0.4558,"line_en":"Qinfang-fangdong Railway"}]},"geometry":{"type":"Point","coordinates":[108.0129653,21.5789744]}},{"type":"Feature","properties":{"name":"横州","name_en":"Hengzhou","name_zh":"","country":"China","region":"Nanning","gdp_usd":9311,"segments":[{"line":"南珠高速铁路","won_per_km":0.4844,"afford_pct":0.8684,"line_en":"Nanzhu High-Speed Railway"}]},"geometry":{"type":"Point","coordinates":[109.36967910000001,22.7582108]}},{"type":"Feature","properties":{"name":"兴业南","name_en":"Xingyenan","name_zh":"","country":"China","region":"Yulin (GX)","gdp_usd":5615,"segments":[{"line":"南珠高速铁路","won_per_km":0.4844,"afford_pct":1.4401,"line_en":"Nanzhu High-Speed Railway"}]},"geometry":{"type":"Point","coordinates":[109.87549430000001,22.7156303]}},{"type":"Feature","properties":{"name":"玉林","name_en":"Yulin","name_zh":"","country":"China","region":"Yulin (GX)","gdp_usd":5615,"segments":[{"line":"黎湛铁路","won_per_km":0.308,"afford_pct":0.9157,"line_en":"Lizhan Railway"}]},"geometry":{"type":"Point","coordinates":[110.15236,22.600073]}},{"type":"Feature","properties":{"name":"朋普","name_en":"Pengpu","name_zh":"朋普","country":"China","region":"Honghe Prefecture","gdp_usd":9545,"segments":[{"line":"弥蒙高速铁路","won_per_km":0.5,"afford_pct":0.8744,"line_en":"Mimeng High-Speed Railway"}]},"geometry":{"type":"Point","coordinates":[103.341352,23.977597]}},{"type":"Feature","properties":{"name":"关岭","name_en":"Guanling","name_zh":"","country":"China","region":"Anshun","gdp_usd":6701,"segments":[{"line":"沪昆高速铁路","won_per_km":0.4644,"afford_pct":1.1569,"line_en":"Hukun High-Speed Railway"}]},"geometry":{"type":"Point","coordinates":[105.5249234,25.9682623]}},{"type":"Feature","properties":{"name":"万安县","name_en":"Wan'an","name_zh":"万安县","country":"China","region":"Ji'an","gdp_usd":9289,"segments":[{"line":"京港高速铁路","won_per_km":0.4877,"afford_pct":0.8764,"line_en":"Jinggang High-Speed Railway"}]},"geometry":{"type":"Point","coordinates":[114.8386311,26.5286066]}},{"type":"Feature","properties":{"name":"安次","name_en":"Anci","name_zh":"","country":"China","region":"Langfang","gdp_usd":9923,"segments":[{"line":"津兴城际铁路","won_per_km":0.3182,"afford_pct":0.5353,"line_en":"Jinxing Intercity Railway"}]},"geometry":{"type":"Point","coordinates":[116.6911604,39.2360911]}},{"type":"Feature","properties":{"name":"南溪","name_en":"Nanxi","name_zh":"南溪","country":"China","region":"Yibin","gdp_usd":12062,"segments":[{"line":"渝昆高速铁路","won_per_km":0.599,"afford_pct":0.8289,"line_en":"Yukun High-Speed Railway"}]},"geometry":{"type":"Point","coordinates":[104.9526892,28.8820184]}},{"type":"Feature","properties":{"name":"乌江寨","name_en":"Wujiangzhai","name_zh":"","country":"China","region":"Zunyi","gdp_usd":10696,"segments":[{"line":"渝贵铁路","won_per_km":0.4006,"afford_pct":0.6251,"line_en":"Yugui Railway"}]},"geometry":{"type":"Point","coordinates":[106.836325,27.4496034]}},{"type":"Feature","properties":{"name":"青川","name_en":"Qingchuan","name_zh":"青川","country":"China","region":"Guangyuan","gdp_usd":7955,"segments":[{"line":"西成高速铁路","won_per_km":0.4317,"afford_pct":0.9058,"line_en":"Xicheng High-Speed Railway"}]},"geometry":{"type":"Point","coordinates":[105.3301088,32.1877229]}},{"type":"Feature","properties":{"name":"吴圩机场","name_en":"Wuxu Jichang","name_zh":"吴圩机场","country":"China","region":"Nanning","gdp_usd":9311,"segments":[{"line":"南凭高速铁路","won_per_km":0.4554,"afford_pct":0.8164,"line_en":"Nanping High-Speed Railway"}]},"geometry":{"type":"Point","coordinates":[108.1832873,22.6026457]}},{"type":"Feature","properties":{"name":"双峰北","name_en":"Shuangfengbei","name_zh":"","country":"China","region":"Loudi","gdp_usd":7938,"segments":[{"line":"娄邵铁路","won_per_km":0.3693,"afford_pct":0.7766,"line_en":"Loushao Railway"}]},"geometry":{"type":"Point","coordinates":[112.0078692,27.5616655]}},{"type":"Feature","properties":{"name":"会昌北","name_en":"Huichangbei","name_zh":"","country":"China","region":"Ganzhou","gdp_usd":7657,"segments":[{"line":"赣瑞龙铁路","won_per_km":0.3653,"afford_pct":0.7963,"line_en":"Ganruilong Railway"}]},"geometry":{"type":"Point","coordinates":[115.7806208,25.8298359]}},{"type":"Feature","properties":{"name":"平川西","name_en":"Pingchuan West","name_zh":"","country":"China","region":"Baiyin","gdp_usd":6963,"segments":[{"line":"银兰高速铁路","won_per_km":0.4216,"afford_pct":1.0107,"line_en":"Yinlan High-Speed Railway"}]},"geometry":{"type":"Point","coordinates":[104.72651920000001,36.7601425]}},{"type":"Feature","properties":{"name":"环江","name_en":"Huanjiang","name_zh":"","country":"China","region":"Hechi","gdp_usd":5859,"segments":[{"line":"贵南高速铁路","won_per_km":0.4704,"afford_pct":1.3401,"line_en":"Guinan High-Speed Railway"}]},"geometry":{"type":"Point","coordinates":[108.168048,24.8560948]}},{"type":"Feature","properties":{"name":"嵊州北","name_en":"Shengzhoubei","name_zh":"","country":"China","region":"Shaoxing","gdp_usd":21511,"segments":[{"line":"杭台高速铁路","won_per_km":0.5,"afford_pct":0.388,"line_en":"Hangtai High-Speed Railway"}]},"geometry":{"type":"Point","coordinates":[120.8071922,29.7857546]}},{"type":"Feature","properties":{"name":"门源","name_en":"Menyuan","name_zh":"","country":"China","region":"Haibei Prefecture","gdp_usd":6164,"segments":[{"line":"兰新高速铁路","won_per_km":0.3084,"afford_pct":0.8352,"line_en":"Lanxin High-Speed Railway"}]},"geometry":{"type":"Point","coordinates":[101.5262461,37.4265332]}},{"type":"Feature","properties":{"name":"上杭","name_en":"Shanghang","name_zh":"","country":"China","region":"Longyan","gdp_usd":17675,"segments":[{"line":"龙龙高速铁路","won_per_km":0.462,"afford_pct":0.4363,"line_en":"Longlong High-Speed Railway"}]},"geometry":{"type":"Point","coordinates":[116.391111,25.0760117]}},{"type":"Feature","properties":{"name":"安江东","name_en":"Anjiangdong","name_zh":"","country":"China","region":"Huaihua","gdp_usd":6554,"segments":[{"line":"怀衡铁路","won_per_km":0.3855,"afford_pct":0.9818,"line_en":"Huaiheng Railway"}]},"geometry":{"type":"Point","coordinates":[110.15744450000001,27.3438287]}},{"type":"Feature","properties":{"name":"来凤","name_en":"Laifeng","name_zh":"","country":"China","region":"Enshi Prefecture","gdp_usd":6830,"segments":[{"line":"渝厦高速铁路","won_per_km":0.4932,"afford_pct":1.2054,"line_en":"Yusha High-Speed Railway"}]},"geometry":{"type":"Point","coordinates":[109.351661,29.5212162]}},{"type":"Feature","properties":{"name":"玉田南","name_en":"Yutian South","name_zh":"玉田南","country":"China","region":"Tangshan","gdp_usd":18023,"segments":[{"line":"京唐城际铁路","won_per_km":0.5497,"afford_pct":0.5091,"line_en":"Jingtang Intercity Railway"}]},"geometry":{"type":"Point","coordinates":[117.808738,39.696388]}},{"type":"Feature","properties":{"name":"胜利镇","name_en":"Shenglizhen","name_zh":"胜利镇","country":"China","region":"Harbin","gdp_usd":8488,"segments":[{"line":"哈佳铁路","won_per_km":0.366,"afford_pct":0.7198,"line_en":"Hajia Railway"}]},"geometry":{"type":"Point","coordinates":[127.9873323,45.7866342]}},{"type":"Feature","properties":{"name":"乐昌东","name_en":"Lechang East","name_zh":"乐昌东","country":"China","region":"Shaoguan","gdp_usd":8024,"segments":[{"line":"京广高速铁路","won_per_km":0.4698,"afford_pct":0.9774,"line_en":"Jingguang High-Speed Railway"}]},"geometry":{"type":"Point","coordinates":[113.3906972,25.116242]}},{"type":"Feature","properties":{"name":"滨海北","name_en":"Binhaibei","name_zh":"","country":"China","region":"Tianjin","gdp_usd":18381,"segments":[{"line":"津秦高速铁路","won_per_km":0.4586,"afford_pct":0.4165,"line_en":"Jinqin High-Speed Railway"}]},"geometry":{"type":"Point","coordinates":[117.7557697,39.2351206]}},{"type":"Feature","properties":{"name":"新乡南","name_en":"Xinxiangnan","name_zh":"新乡南","country":"China","region":"Xinxiang","gdp_usd":8115,"segments":[{"line":"济郑高速铁路","won_per_km":0.5725,"afford_pct":1.1776,"line_en":"Jizheng High-Speed Railway"}]},"geometry":{"type":"Point","coordinates":[113.8521463,35.0427602]}},{"type":"Feature","properties":{"name":"保田","name_en":"Baotian","name_zh":"","country":"China","region":"Liupanshui","gdp_usd":7846,"segments":[{"line":"盘兴高速铁路","won_per_km":0.5556,"afford_pct":1.182,"line_en":"Panxing High-Speed Railway"}]},"geometry":{"type":"Point","coordinates":[104.70054680000001,25.3799611]}},{"type":"Feature","properties":{"name":"黑山北","name_en":"Heishanbei","name_zh":"黑山北","country":"China","region":"Jinzhou","gdp_usd":7207,"segments":[{"line":"京哈高速铁路","won_per_km":0.4982,"afford_pct":1.1539,"line_en":"Jingha High-Speed Railway"}]},"geometry":{"type":"Point","coordinates":[122.294628,42.0435761]}},{"type":"Feature","properties":{"name":"含山南","name_en":"Hanshannan","name_zh":"","country":"China","region":"Maanshan","gdp_usd":17639,"segments":[{"line":"合杭高速铁路","won_per_km":0.4766,"afford_pct":0.451,"line_en":"Hehang High-Speed Railway"}]},"geometry":{"type":"Point","coordinates":[118.0863869,31.4799801]}},{"type":"Feature","properties":{"name":"名山","name_en":"Mingshan","name_zh":"","country":"China","region":"Ya'an","gdp_usd":10513,"segments":[{"line":"成雅铁路","won_per_km":0.3857,"afford_pct":0.6124,"line_en":"Chengya Railway"}]},"geometry":{"type":"Point","coordinates":[103.18799360000001,30.0598933]}},{"type":"Feature","properties":{"name":"安亭西","name_en":"Antingxi","name_zh":"","country":"China","region":"Shanghai","gdp_usd":30204,"segments":[{"line":"沪苏通铁路","won_per_km":0.443,"afford_pct":0.2448,"line_en":"Husutong Railway"},{"line":"京沪高速铁路","won_per_km":0.4957,"afford_pct":0.2739,"line_en":"Jinghu High-Speed Railway"},{"line":"沪宁城际铁路","won_per_km":0.4881,"afford_pct":0.2697,"line_en":"Huning Intercity Railway"},{"line":"联络线/城内段","won_per_km":0.4656,"afford_pct":0.2573,"line_en":"Lianluoxian/chengneiduan"}]},"geometry":{"type":"Point","coordinates":[121.1524548,31.3131188]}},{"type":"Feature","properties":{"name":"肇庆","name_en":"Zhaoqing","name_zh":"肇庆","country":"China","region":"Zhaoqing","gdp_usd":9821,"segments":[{"line":"广肇城际铁路","won_per_km":0.2881,"afford_pct":0.4897,"line_en":"Guangzhao Intercity Railway"}]},"geometry":{"type":"Point","coordinates":[112.4458361,23.0847101]}},{"type":"Feature","properties":{"name":"赣县北","name_en":"Ganxianbei","name_zh":"赣县北","country":"China","region":"Ganzhou","gdp_usd":7657,"segments":[{"line":"京港高速铁路","won_per_km":0.4877,"afford_pct":1.0631,"line_en":"Jinggang High-Speed Railway"},{"line":"赣瑞龙铁路","won_per_km":0.3653,"afford_pct":0.7963,"line_en":"Ganruilong Railway"}]},"geometry":{"type":"Point","coordinates":[115.15022850000001,26.0093084]}},{"type":"Feature","properties":{"name":"江油北","name_en":"Jiangyoubei","name_zh":"江油北","country":"China","region":"Mianyang","gdp_usd":12277,"segments":[{"line":"西成高速铁路","won_per_km":0.4317,"afford_pct":0.5869,"line_en":"Xicheng High-Speed Railway"}]},"geometry":{"type":"Point","coordinates":[105.0722604,31.9853742]}},{"type":"Feature","properties":{"name":"娄山关南","name_en":"Loushanguannan","name_zh":"娄山关南","country":"China","region":"Zunyi","gdp_usd":10696,"segments":[{"line":"渝贵铁路","won_per_km":0.4006,"afford_pct":0.6251,"line_en":"Yugui Railway"}]},"geometry":{"type":"Point","coordinates":[106.9250578,27.934499]}},{"type":"Feature","properties":{"name":"沿滩","name_en":"Yantan","name_zh":"沿滩","country":"China","region":"Zigong","gdp_usd":10745,"segments":[{"line":"成宜高速铁路","won_per_km":0.4578,"afford_pct":0.7112,"line_en":"Chengyi High-Speed Railway"}]},"geometry":{"type":"Point","coordinates":[104.92775630000001,29.1846803]}},{"type":"Feature","properties":{"name":"文登南","name_en":"Wendengnan","name_zh":"","country":"China","region":"Weihai","gdp_usd":17798,"segments":[{"line":"潍荣高速铁路","won_per_km":0.4259,"afford_pct":0.3994,"line_en":"Weirong High-Speed Railway"}]},"geometry":{"type":"Point","coordinates":[122.0904334,37.0816467]}},{"type":"Feature","properties":{"name":"江海","name_en":"Jianghai","name_zh":"江海","country":"China","region":"Jiangmen","gdp_usd":12144,"segments":[{"line":"广珠城际江门支线","won_per_km":0.6,"afford_pct":0.8247,"line_en":"Guangzhuchengjijiangmen Branch Line"}]},"geometry":{"type":"Point","coordinates":[113.1584361,22.58565]}},{"type":"Feature","properties":{"name":"尖山","name_en":"Jianshan","name_zh":"","country":"China","region":"Changsha","gdp_usd":20104,"segments":[{"line":"渝厦高速铁路","won_per_km":0.5237,"afford_pct":0.4348,"line_en":"Yusha High-Speed Railway"}]},"geometry":{"type":"Point","coordinates":[112.88239030000001,28.2402269]}},{"type":"Feature","properties":{"name":"高陵","name_en":"Gaoling","name_zh":"高陵","country":"China","region":"Xi'an","gdp_usd":14117,"segments":[{"line":"包西高速铁路","won_per_km":0.5253,"afford_pct":0.6211,"line_en":"Baoxi High-Speed Railway"}]},"geometry":{"type":"Point","coordinates":[109.1284619,34.507566]}},{"type":"Feature","properties":{"name":"甘泉北","name_en":"Ganquanbei","name_zh":"甘泉北","country":"China","region":"Yan'an","gdp_usd":14704,"segments":[{"line":"包西高速铁路","won_per_km":0.5253,"afford_pct":0.5963,"line_en":"Baoxi High-Speed Railway"}]},"geometry":{"type":"Point","coordinates":[109.34053,36.2780701]}},{"type":"Feature","properties":{"name":"随县","name_en":"Suixian","name_zh":"","country":"China","region":"Suizhou","gdp_usd":10013,"segments":[{"line":"武西高速铁路","won_per_km":0.4804,"afford_pct":0.8009,"line_en":"Wuxi High-Speed Railway"}]},"geometry":{"type":"Point","coordinates":[113.2044496,31.7678634]}},{"type":"Feature","properties":{"name":"秦王川","name_en":"Qinwangchuan Railway Station","name_zh":"","country":"China","region":"Lanzhou","gdp_usd":11749,"segments":[{"line":"银兰高速铁路","won_per_km":0.4216,"afford_pct":0.599,"line_en":"Yinlan High-Speed Railway"},{"line":"银兰高速铁路","won_per_km":0.3333,"afford_pct":0.4735,"line_en":"Yinlan High-Speed Railway"}]},"geometry":{"type":"Point","coordinates":[103.7663711,36.4703701]}},{"type":"Feature","properties":{"name":"南充北","name_en":"Nanchongbei","name_zh":"南充北","country":"China","region":"Nanchong","gdp_usd":7237,"segments":[{"line":"兰渝铁路","won_per_km":0.3697,"afford_pct":0.8527,"line_en":"Lanyu Railway"},{"line":"巴南高速铁路","won_per_km":0.4262,"afford_pct":0.983,"line_en":"Banan High-Speed Railway"},{"line":"兰渝铁路","won_per_km":0.3606,"afford_pct":0.8317,"line_en":"Lanyu Railway"}]},"geometry":{"type":"Point","coordinates":[106.0659281,30.8600344]}},{"type":"Feature","properties":{"name":"角美","name_en":"Jiaomei","name_zh":"角美","country":"China","region":"Zhangzhou","gdp_usd":16638,"segments":[{"line":"杭深铁路","won_per_km":0.444,"afford_pct":0.4454,"line_en":"Hangshen Railway"},{"line":"联络线/城内段","won_per_km":0.3833,"afford_pct":0.3845,"line_en":"Lianluoxian/chengneiduan"}]},"geometry":{"type":"Point","coordinates":[117.8754377,24.5295661]}},{"type":"Feature","properties":{"name":"大通西","name_en":"Datongxi Station","name_zh":"","country":"China","region":"Xining","gdp_usd":10458,"segments":[{"line":"兰新高速铁路","won_per_km":0.3084,"afford_pct":0.4923,"line_en":"Lanxin High-Speed Railway"}]},"geometry":{"type":"Point","coordinates":[101.67176420000001,36.9660009]}},{"type":"Feature","properties":{"name":"安亭北","name_en":"Antingbei","name_zh":"安亭北","country":"China","region":"Shanghai","gdp_usd":30204,"segments":[{"line":"沪苏通铁路","won_per_km":0.443,"afford_pct":0.2448,"line_en":"Husutong Railway"},{"line":"京沪高速铁路","won_per_km":0.4957,"afford_pct":0.2739,"line_en":"Jinghu High-Speed Railway"},{"line":"沪宁城际铁路","won_per_km":0.4881,"afford_pct":0.2697,"line_en":"Huning Intercity Railway"},{"line":"联络线/城内段","won_per_km":0.4656,"afford_pct":0.2573,"line_en":"Lianluoxian/chengneiduan"}]},"geometry":{"type":"Point","coordinates":[121.1537318,31.3163832]}},{"type":"Feature","properties":{"name":"西渡","name_en":"Xidu","name_zh":"","country":"China","region":"Hengyang","gdp_usd":9663,"segments":[{"line":"怀衡铁路","won_per_km":0.3855,"afford_pct":0.6659,"line_en":"Huaiheng Railway"}]},"geometry":{"type":"Point","coordinates":[112.4226022,27.0063729]}},{"type":"Feature","properties":{"name":"唐山西","name_en":"Tangshanxi","name_zh":"唐山西","country":"China","region":"Tangshan","gdp_usd":18023,"segments":[{"line":"京唐城际铁路","won_per_km":0.5497,"afford_pct":0.5091,"line_en":"Jingtang Intercity Railway"}]},"geometry":{"type":"Point","coordinates":[118.01709760000001,39.6951226]}},{"type":"Feature","properties":{"name":"仙桃","name_en":"Xiantao","name_zh":"","country":"China","region":"Xiantao","gdp_usd":14470,"segments":[{"line":"仙桃城际铁路","won_per_km":0.5287,"afford_pct":0.6099,"line_en":"Xiantao Intercity Railway"}]},"geometry":{"type":"Point","coordinates":[113.5014471,30.3232467]}},{"type":"Feature","properties":{"name":"绥芬河","name_en":"Suifenhe","name_zh":"","country":"China","region":"Mudanjiang","gdp_usd":6007,"segments":[{"line":"牡绥铁路","won_per_km":0.3723,"afford_pct":1.0346,"line_en":"Musui Railway"}]},"geometry":{"type":"Point","coordinates":[131.12898090000002,44.4037529]}},{"type":"Feature","properties":{"name":"延平西","name_en":"Yanpingxi","name_zh":"延平西","country":"China","region":"Nanping","gdp_usd":11085,"segments":[{"line":"南龙铁路","won_per_km":0.3929,"afford_pct":0.5916,"line_en":"Nanlong Railway"}]},"geometry":{"type":"Point","coordinates":[118.1079842,26.5707218]}},{"type":"Feature","properties":{"name":"进贤北","name_en":"Jinxianbei","name_zh":"","country":"China","region":"Nanchang","gdp_usd":16392,"segments":[{"line":"杭昌高速铁路","won_per_km":0.5417,"afford_pct":0.5516,"line_en":"Hangchang High-Speed Railway"}]},"geometry":{"type":"Point","coordinates":[116.3549846,28.6813864]}},{"type":"Feature","properties":{"name":"延庆","name_en":"Yanqing","name_zh":"","country":"China","region":"Beijing","gdp_usd":31738,"segments":[{"line":"京包高速铁路","won_per_km":0.3768,"afford_pct":0.1982,"line_en":"Jingbao High-Speed Railway"}]},"geometry":{"type":"Point","coordinates":[115.97740490000001,40.4349774]}},{"type":"Feature","properties":{"name":"河源北","name_en":"Heyuanbei","name_zh":"","country":"China","region":"Heyuan","gdp_usd":6901,"segments":[{"line":"京港高速铁路","won_per_km":0.5906,"afford_pct":1.4286,"line_en":"Jinggang High-Speed Railway"}]},"geometry":{"type":"Point","coordinates":[115.0017758,23.8862282]}},{"type":"Feature","properties":{"name":"本溪新城","name_en":"Benxixincheng","name_zh":"","country":"China","region":"Benxi","gdp_usd":11561,"segments":[{"line":"沈丹高速铁路","won_per_km":0.3365,"afford_pct":0.4859,"line_en":"Shendan High-Speed Railway"}]},"geometry":{"type":"Point","coordinates":[123.67209930000001,41.4801927]}},{"type":"Feature","properties":{"name":"高楞","name_en":"Gaoleng","name_zh":"高楞","country":"China","region":"Harbin","gdp_usd":8488,"segments":[{"line":"哈佳铁路","won_per_km":0.366,"afford_pct":0.7198,"line_en":"Hajia Railway"}]},"geometry":{"type":"Point","coordinates":[129.2675285,45.9866673]}},{"type":"Feature","properties":{"name":"扶绥南","name_en":"Fusuinan","name_zh":"扶绥南","country":"China","region":"Chongzuo","gdp_usd":8892,"segments":[{"line":"南凭高速铁路","won_per_km":0.4554,"afford_pct":0.8548,"line_en":"Nanping High-Speed Railway"}]},"geometry":{"type":"Point","coordinates":[107.9044497,22.5787534]}},{"type":"Feature","properties":{"name":"兴业","name_en":"Xingye","name_zh":"","country":"China","region":"Yulin (GX)","gdp_usd":5615,"segments":[{"line":"黎湛铁路","won_per_km":0.308,"afford_pct":0.9157,"line_en":"Lizhan Railway"}]},"geometry":{"type":"Point","coordinates":[109.9025268,22.7408919]}},{"type":"Feature","properties":{"name":"吉水西","name_en":"Jishuixi","name_zh":"吉水西","country":"China","region":"Ji'an","gdp_usd":9289,"segments":[{"line":"京港高速铁路","won_per_km":0.4877,"afford_pct":0.8764,"line_en":"Jinggang High-Speed Railway"}]},"geometry":{"type":"Point","coordinates":[115.0856591,27.2813836]}},{"type":"Feature","properties":{"name":"泗水南","name_en":"Sishuinan","name_zh":"","country":"China","region":"Jining","gdp_usd":9969,"segments":[{"line":"日兰高速铁路","won_per_km":0.536,"afford_pct":0.8975,"line_en":"Rilan High-Speed Railway"}]},"geometry":{"type":"Point","coordinates":[117.2761614,35.5351641]}},{"type":"Feature","properties":{"name":"淮北北","name_en":"Huaibeibei","name_zh":"淮北北","country":"China","region":"Huaibei","gdp_usd":8969,"segments":[{"line":"淮萧联络线","won_per_km":0.3611,"afford_pct":0.672,"line_en":"Huaixiao Connector Line"}]},"geometry":{"type":"Point","coordinates":[116.84536670000001,34.0484726]}},{"type":"Feature","properties":{"name":"永庆","name_en":"Yongqing","name_zh":"","country":"China","region":"Yanbian Prefecture","gdp_usd":7453,"segments":[{"line":"沈佳高速铁路","won_per_km":0.4505,"afford_pct":1.0089,"line_en":"Shenjia High-Speed Railway"}]},"geometry":{"type":"Point","coordinates":[128.23662380000002,42.7078529]}},{"type":"Feature","properties":{"name":"军粮城北","name_en":"Junlinagcheng Bei","name_zh":"","country":"China","region":"Tianjin","gdp_usd":18381,"segments":[{"line":"津秦高速铁路","won_per_km":0.4586,"afford_pct":0.4165,"line_en":"Jinqin High-Speed Railway"},{"line":"京津城际铁路","won_per_km":0.2667,"afford_pct":0.2422,"line_en":"Jingjin Intercity Railway"}]},"geometry":{"type":"Point","coordinates":[117.4211857,39.0657874]}},{"type":"Feature","properties":{"name":"龙游北","name_en":"Longyoubei","name_zh":"","country":"China","region":"Quzhou","gdp_usd":13697,"segments":[{"line":"杭衢高速铁路","won_per_km":0.4684,"afford_pct":0.5708,"line_en":"Hangqu High-Speed Railway"}]},"geometry":{"type":"Point","coordinates":[119.136666,29.1627894]}},{"type":"Feature","properties":{"name":"西来","name_en":"Xilai","name_zh":"","country":"China","region":"Chengdu","gdp_usd":15280,"segments":[{"line":"成雅铁路","won_per_km":0.3857,"afford_pct":0.4213,"line_en":"Chengya Railway"}]},"geometry":{"type":"Point","coordinates":[103.5146023,30.3129065]}},{"type":"Feature","properties":{"name":"南湖东","name_en":"Nanhudong","name_zh":"南湖东","country":"China","region":"Wuhan","gdp_usd":21288,"segments":[{"line":"武咸城际铁路","won_per_km":0.4878,"afford_pct":0.3825,"line_en":"Wuxian Intercity Railway"},{"line":"武咸城际铁路","won_per_km":0.4615,"afford_pct":0.3619,"line_en":"Wuxian Intercity Railway"},{"line":"联络线/城内段","won_per_km":0.4747,"afford_pct":0.3722,"line_en":"Lianluoxian/chengneiduan"}]},"geometry":{"type":"Point","coordinates":[114.3748113,30.4688182]}},{"type":"Feature","properties":{"name":"清镇西","name_en":"Qingzhenxi","name_zh":"","country":"China","region":"Guiyang","gdp_usd":12359,"segments":[{"line":"成贵高速铁路","won_per_km":0.4537,"afford_pct":0.6128,"line_en":"Chenggui High-Speed Railway"}]},"geometry":{"type":"Point","coordinates":[106.376122,26.8050308]}},{"type":"Feature","properties":{"name":"三岔湖","name_en":"Sanchahu","name_zh":"三岔湖","country":"China","region":"Ziyang","gdp_usd":6836,"segments":[{"line":"成宜高速铁路","won_per_km":0.4944,"afford_pct":1.2073,"line_en":"Chengyi High-Speed Railway"}]},"geometry":{"type":"Point","coordinates":[104.3302587,30.3673715]}},{"type":"Feature","properties":{"name":"大英东","name_en":"Dayingdong","name_zh":"","country":"China","region":"Suining","gdp_usd":9467,"segments":[{"line":"宁蓉铁路","won_per_km":0.5066,"afford_pct":0.8932,"line_en":"Ningrong Railway"}]},"geometry":{"type":"Point","coordinates":[105.2759642,30.5706611]}},{"type":"Feature","properties":{"name":"威海北","name_en":"Weihaibei","name_zh":"威海北","country":"China","region":"Weihai","gdp_usd":17798,"segments":[{"line":"青荣城际铁路","won_per_km":0.3736,"afford_pct":0.3504,"line_en":"Qingrong Intercity Railway"}]},"geometry":{"type":"Point","coordinates":[122.04301670000001,37.4953271]}},{"type":"Feature","properties":{"name":"文登东","name_en":"Wendengdong","name_zh":"文登东","country":"China","region":"Weihai","gdp_usd":17798,"segments":[{"line":"青荣城际铁路","won_per_km":0.3736,"afford_pct":0.3504,"line_en":"Qingrong Intercity Railway"}]},"geometry":{"type":"Point","coordinates":[122.2534298,37.2404317]}},{"type":"Feature","properties":{"name":"建桥","name_en":"Jianqiao","name_zh":"","country":"China","region":"Meizhou","gdp_usd":5456,"segments":[{"line":"梅汕高速铁路","won_per_km":0.4765,"afford_pct":1.4579,"line_en":"Meishan High-Speed Railway"}]},"geometry":{"type":"Point","coordinates":[116.1077111,23.9311287]}},{"type":"Feature","properties":{"name":"沙湖","name_en":"Shahu","name_zh":"","country":"China","region":"Shizuishan","gdp_usd":10639,"segments":[{"line":"包银高速铁路","won_per_km":0.4295,"afford_pct":0.6739,"line_en":"Baoyin High-Speed Railway"}]},"geometry":{"type":"Point","coordinates":[106.30239870000001,38.7833022]}},{"type":"Feature","properties":{"name":"宜君","name_en":"Yijun","name_zh":"宜君","country":"China","region":"Tongchuan","gdp_usd":11627,"segments":[{"line":"包西高速铁路","won_per_km":0.5253,"afford_pct":0.7541,"line_en":"Baoxi High-Speed Railway"}]},"geometry":{"type":"Point","coordinates":[109.1309317,35.411414]}},{"type":"Feature","properties":{"name":"双洋","name_en":"Shuangyang","name_zh":"双洋","country":"China","region":"Longyan","gdp_usd":17675,"segments":[{"line":"南龙铁路","won_per_km":0.3979,"afford_pct":0.3758,"line_en":"Nanlong Railway"}]},"geometry":{"type":"Point","coordinates":[117.36841860000001,25.6220787]}},{"type":"Feature","properties":{"name":"丹徒","name_en":"Dantu","name_zh":"丹徒","country":"China","region":"Zhenjiang","gdp_usd":23881,"segments":[{"line":"京沪高速铁路","won_per_km":0.4957,"afford_pct":0.3465,"line_en":"Jinghu High-Speed Railway"},{"line":"沪宁城际铁路","won_per_km":0.4885,"afford_pct":0.3415,"line_en":"Huning Intercity Railway"}]},"geometry":{"type":"Point","coordinates":[119.51319520000001,32.119296]}},{"type":"Feature","properties":{"name":"戚墅堰","name_en":"Qishuyan","name_zh":"","country":"China","region":"Changzhou","gdp_usd":27956,"segments":[{"line":"沪宁城际铁路","won_per_km":0.4885,"afford_pct":0.2917,"line_en":"Huning Intercity Railway"},{"line":"沪宁沿江高速铁路","won_per_km":0.5095,"afford_pct":0.3042,"line_en":"Huningyanjiang High-Speed Railway"}]},"geometry":{"type":"Point","coordinates":[120.0623742,31.7242359]}},{"type":"Feature","properties":{"name":"云南驿","name_en":"Yunnanyi","name_zh":"","country":"China","region":"Dali Prefecture","gdp_usd":8372,"segments":[{"line":"昆楚大铁路","won_per_km":0.4421,"afford_pct":0.8814,"line_en":"Kunchuda Railway"}]},"geometry":{"type":"Point","coordinates":[100.70313130000001,25.3823176]}},{"type":"Feature","properties":{"name":"穆棱","name_en":"Muling","name_zh":"穆棱","country":"China","region":"Mudanjiang","gdp_usd":6007,"segments":[{"line":"牡绥铁路","won_per_km":0.3723,"afford_pct":1.0346,"line_en":"Musui Railway"}]},"geometry":{"type":"Point","coordinates":[130.3533362,44.6105686]}},{"type":"Feature","properties":{"name":"皮口","name_en":"Pikou","name_zh":"","country":"China","region":"Dalian","gdp_usd":17553,"segments":[{"line":"丹大铁路","won_per_km":0.3908,"afford_pct":0.3716,"line_en":"Danda Railway"}]},"geometry":{"type":"Point","coordinates":[122.3345891,39.4298034]}},{"type":"Feature","properties":{"name":"竹园","name_en":"Zhuyuan","name_zh":"竹园","country":"China","region":"Honghe Prefecture","gdp_usd":9545,"segments":[{"line":"弥蒙高速铁路","won_per_km":0.5,"afford_pct":0.8744,"line_en":"Mimeng High-Speed Railway"}]},"geometry":{"type":"Point","coordinates":[103.396651,24.116899]}},{"type":"Feature","properties":{"name":"灰埠","name_en":"Huibu","name_zh":"灰埠","country":"China","region":"Qingdao","gdp_usd":22347,"segments":[{"line":"潍烟高速铁路","won_per_km":0.4667,"afford_pct":0.3486,"line_en":"Weiyan High-Speed Railway"}]},"geometry":{"type":"Point","coordinates":[119.66650960000001,36.9765089]}},{"type":"Feature","properties":{"name":"普安县","name_en":"Pu'an","name_zh":"","country":"China","region":"Liupanshui","gdp_usd":7846,"segments":[{"line":"沪昆高速铁路","won_per_km":0.4644,"afford_pct":0.988,"line_en":"Hukun High-Speed Railway"}]},"geometry":{"type":"Point","coordinates":[104.8674326,25.8058011]}},{"type":"Feature","properties":{"name":"璧山","name_en":"Bishan","name_zh":"","country":"China","region":"Chongqing","gdp_usd":14036,"segments":[{"line":"成渝高速铁路","won_per_km":0.5411,"afford_pct":0.6435,"line_en":"Chengyu High-Speed Railway"},{"line":"联络线/城内段","won_per_km":0.5411,"afford_pct":0.6435,"line_en":"Lianluoxian/chengneiduan"},{"line":"联络线/城内段","won_per_km":0.4053,"afford_pct":0.482,"line_en":"Lianluoxian/chengneiduan"}]},"geometry":{"type":"Point","coordinates":[106.2207032,29.5066589]}},{"type":"Feature","properties":{"name":"泸州东","name_en":"Luzhoudong","name_zh":"泸州东","country":"China","region":"Luzhou","gdp_usd":9243,"segments":[{"line":"渝昆高速铁路","won_per_km":0.599,"afford_pct":1.0818,"line_en":"Yukun High-Speed Railway"}]},"geometry":{"type":"Point","coordinates":[105.6360803,29.0608341]}},{"type":"Feature","properties":{"name":"黄龙九寨","name_en":"Huanglong Jiuzhai Railway station","name_zh":"","country":"China","region":"Ngawa Prefecture","gdp_usd":9579,"segments":[{"line":"川青铁路","won_per_km":0.4984,"afford_pct":0.8685,"line_en":"Chuanqing Railway"}]},"geometry":{"type":"Point","coordinates":[103.6133889,32.7477854]}},{"type":"Feature","properties":{"name":"六盘水东","name_en":"Liupanshuidong","name_zh":"","country":"China","region":"Liupanshui","gdp_usd":7846,"segments":[{"line":"安六高速铁路","won_per_km":0.487,"afford_pct":1.0361,"line_en":"Anliu High-Speed Railway"}]},"geometry":{"type":"Point","coordinates":[105.03157680000001,26.5239928]}},{"type":"Feature","properties":{"name":"红寺堡北","name_en":"Hongsibao North","name_zh":"","country":"China","region":"Zhongwei","gdp_usd":7720,"segments":[{"line":"银兰高速铁路","won_per_km":0.4216,"afford_pct":0.9116,"line_en":"Yinlan High-Speed Railway"}]},"geometry":{"type":"Point","coordinates":[106.05792670000001,37.5997694]}},{"type":"Feature","properties":{"name":"北滩","name_en":"Beitan","name_zh":"","country":"China","region":"Baiyin","gdp_usd":6963,"segments":[{"line":"银兰高速铁路","won_per_km":0.4216,"afford_pct":1.0107,"line_en":"Yinlan High-Speed Railway"}]},"geometry":{"type":"Point","coordinates":[104.86515340000001,37.0536951]}},{"type":"Feature","properties":{"name":"临泽南","name_en":"Linzenan","name_zh":"","country":"China","region":"Zhangye","gdp_usd":8593,"segments":[{"line":"兰新高速铁路","won_per_km":0.3084,"afford_pct":0.5991,"line_en":"Lanxin High-Speed Railway"}]},"geometry":{"type":"Point","coordinates":[100.1229874,39.1331871]}},{"type":"Feature","properties":{"name":"吐哈","name_en":"Tuha","name_zh":"","country":"China","region":"Turpan","gdp_usd":12803,"segments":[{"line":"兰新高速铁路","won_per_km":0.3089,"afford_pct":0.4027,"line_en":"Lanxin High-Speed Railway"}]},"geometry":{"type":"Point","coordinates":[90.5299121,43.0591613]}},{"type":"Feature","properties":{"name":"珠琳","name_en":"Zhulin","name_zh":"珠琳","country":"China","region":"Wenshan Prefecture","gdp_usd":6367,"segments":[{"line":"南昆高速铁路","won_per_km":0.3684,"afford_pct":0.9659,"line_en":"Nankun High-Speed Railway"}]},"geometry":{"type":"Point","coordinates":[104.6253776,23.9680994]}},{"type":"Feature","properties":{"name":"莱芜北","name_en":"Laiwubei","name_zh":"莱芜北","country":"China","region":"Jinan","gdp_usd":19858,"segments":[{"line":"济莱高速铁路","won_per_km":0.3621,"afford_pct":0.3044,"line_en":"Jilai High-Speed Railway"}]},"geometry":{"type":"Point","coordinates":[117.70099370000001,36.2816413]}},{"type":"Feature","properties":{"name":"钢城","name_en":"Gangcheng","name_zh":"","country":"China","region":"Zibo","gdp_usd":14594,"segments":[{"line":"济莱高速铁路","won_per_km":0.3621,"afford_pct":0.4142,"line_en":"Jilai High-Speed Railway"}]},"geometry":{"type":"Point","coordinates":[117.8776827,36.0712301]}},{"type":"Feature","properties":{"name":"南芬北","name_en":"Nanfenbei","name_zh":"","country":"China","region":"Benxi","gdp_usd":11561,"segments":[{"line":"沈丹高速铁路","won_per_km":0.3365,"afford_pct":0.4859,"line_en":"Shendan High-Speed Railway"}]},"geometry":{"type":"Point","coordinates":[123.73895730000001,41.1346255]}},{"type":"Feature","properties":{"name":"大孤山","name_en":"Dagushan","name_zh":"","country":"China","region":"Dandong","gdp_usd":6738,"segments":[{"line":"丹大铁路","won_per_km":0.3908,"afford_pct":0.9681,"line_en":"Danda Railway"}]},"geometry":{"type":"Point","coordinates":[123.579787,39.9342602]}},{"type":"Feature","properties":{"name":"凭祥东","name_en":"Pingxiangdong","name_zh":"凭祥东","country":"China","region":"Chongzuo","gdp_usd":8892,"segments":[{"line":"南凭高速铁路","won_per_km":0.4554,"afford_pct":0.8548,"line_en":"Nanping High-Speed Railway"}]},"geometry":{"type":"Point","coordinates":[106.7893734,22.1063767]}},{"type":"Feature","properties":{"name":"珞璜南","name_en":"Luohuangnan","name_zh":"","country":"China","region":"Chongqing","gdp_usd":14036,"segments":[{"line":"渝贵铁路","won_per_km":0.4006,"afford_pct":0.4764,"line_en":"Yugui Railway"}]},"geometry":{"type":"Point","coordinates":[106.4381953,29.3022823]}},{"type":"Feature","properties":{"name":"杭州","name_en":"Hangzhou","name_zh":"杭州","country":"China","region":"Hangzhou","gdp_usd":24185,"segments":[]},"geometry":{"type":"Point","coordinates":[120.1783532,30.2459675]}},{"type":"Feature","properties":{"name":"江北机场","name_en":"Jiangbeijichang","name_zh":"","country":"China","region":"Chongqing","gdp_usd":14036,"segments":[{"line":"渝熊铁路","won_per_km":0.2759,"afford_pct":0.3281,"line_en":"Yuxiong Railway"}]},"geometry":{"type":"Point","coordinates":[106.65074,29.7090718]}},{"type":"Feature","properties":{"name":"桐城南","name_en":"Tongcheng South","name_zh":"","country":"China","region":"Anqing","gdp_usd":10688,"segments":[{"line":"京港高速铁路","won_per_km":0.5486,"afford_pct":0.8568,"line_en":"Jinggang High-Speed Railway"}]},"geometry":{"type":"Point","coordinates":[116.9593385,30.8752543]}},{"type":"Feature","properties":{"name":"黄河景区","name_en":"Huanghejingqu","name_zh":"黄河景区","country":"China","region":"Zhengzhou","gdp_usd":15494,"segments":[{"line":"郑太高速铁路","won_per_km":0.4908,"afford_pct":0.5288,"line_en":"Zhengtai High-Speed Railway"}]},"geometry":{"type":"Point","coordinates":[113.5267584,34.9322488]}},{"type":"Feature","properties":{"name":"屏山","name_en":"Pingshan","name_zh":"","country":"China","region":"Yibin","gdp_usd":12062,"segments":[{"line":"成贵高速铁路","won_per_km":0.4537,"afford_pct":0.6279,"line_en":"Chenggui High-Speed Railway"}]},"geometry":{"type":"Point","coordinates":[104.3582669,28.8524786]}},{"type":"Feature","properties":{"name":"泥溪","name_en":"Nixi","name_zh":"","country":"China","region":"Yibin","gdp_usd":12062,"segments":[{"line":"成贵高速铁路","won_per_km":0.4537,"afford_pct":0.6279,"line_en":"Chenggui High-Speed Railway"}]},"geometry":{"type":"Point","coordinates":[104.273243,29.0091725]}},{"type":"Feature","properties":{"name":"新津南","name_en":"Xinjinnan","name_zh":"","country":"China","region":"Meishan","gdp_usd":8896,"segments":[{"line":"成贵高速铁路","won_per_km":0.4537,"afford_pct":0.8514,"line_en":"Chenggui High-Speed Railway"}]},"geometry":{"type":"Point","coordinates":[103.853839,30.3515154]}},{"type":"Feature","properties":{"name":"青神","name_en":"Qingshen","name_zh":"","country":"China","region":"Meishan","gdp_usd":8896,"segments":[{"line":"成贵高速铁路","won_per_km":0.4537,"afford_pct":0.8514,"line_en":"Chenggui High-Speed Railway"}]},"geometry":{"type":"Point","coordinates":[103.7676698,29.8514939]}},{"type":"Feature","properties":{"name":"畲江北","name_en":"Shejiangbei","name_zh":"","country":"China","region":"Meizhou","gdp_usd":5456,"segments":[{"line":"梅汕高速铁路","won_per_km":0.4765,"afford_pct":1.4579,"line_en":"Meishan High-Speed Railway"}]},"geometry":{"type":"Point","coordinates":[116.0167718,24.062628]}},{"type":"Feature","properties":{"name":"海口","name_en":"Haikou","name_zh":"海口","country":"China","region":"Haikou","gdp_usd":14904,"segments":[{"line":"海南西环铁路","won_per_km":0.3287,"afford_pct":0.3681,"line_en":"Hainanxihuan Railway"}]},"geometry":{"type":"Point","coordinates":[110.1575334,20.0293869]}},{"type":"Feature","properties":{"name":"灵武北","name_en":"Lingwubei","name_zh":"","country":"China","region":"Yinchuan","gdp_usd":14045,"segments":[{"line":"银兰高速铁路","won_per_km":0.4216,"afford_pct":0.5011,"line_en":"Yinlan High-Speed Railway"}]},"geometry":{"type":"Point","coordinates":[106.3122565,38.1344131]}},{"type":"Feature","properties":{"name":"朝天","name_en":"Chaotian","name_zh":"朝天","country":"China","region":"Guangyuan","gdp_usd":7955,"segments":[{"line":"西成高速铁路","won_per_km":0.4316,"afford_pct":0.9056,"line_en":"Xicheng High-Speed Railway"}]},"geometry":{"type":"Point","coordinates":[106.0687709,32.7070994]}},{"type":"Feature","properties":{"name":"山丹马场","name_en":"Shandanmachang","name_zh":"","country":"China","region":"Zhangye","gdp_usd":8593,"segments":[{"line":"兰新高速铁路","won_per_km":0.3084,"afford_pct":0.5991,"line_en":"Lanxin High-Speed Railway"}]},"geometry":{"type":"Point","coordinates":[101.2048807,38.0943227]}},{"type":"Feature","properties":{"name":"兴安北","name_en":"Xing'an North","name_zh":"兴安北","country":"China","region":"Guilin","gdp_usd":7082,"segments":[{"line":"衡柳铁路","won_per_km":0.3082,"afford_pct":0.7264,"line_en":"Hengliu Railway"}]},"geometry":{"type":"Point","coordinates":[110.66301940000001,25.6765831]}},{"type":"Feature","properties":{"name":"苇河西","name_en":"Weihexi","name_zh":"","country":"China","region":"Harbin","gdp_usd":8488,"segments":[{"line":"哈牡高速铁路","won_per_km":0.37,"afford_pct":0.7276,"line_en":"Hamu High-Speed Railway"}]},"geometry":{"type":"Point","coordinates":[128.35693,44.9319495]}},{"type":"Feature","properties":{"name":"南翔北","name_en":"Nanxiangbei","name_zh":"","country":"China","region":"Shanghai","gdp_usd":30204,"segments":[{"line":"沪宁城际铁路","won_per_km":0.4881,"afford_pct":0.2697,"line_en":"Huning Intercity Railway"},{"line":"联络线/城内段","won_per_km":0.4881,"afford_pct":0.2697,"line_en":"Lianluoxian/chengneiduan"},{"line":"联络线/城内段","won_per_km":0.4656,"afford_pct":0.2573,"line_en":"Lianluoxian/chengneiduan"}]},"geometry":{"type":"Point","coordinates":[121.3048205,31.2834953]}},{"type":"Feature","properties":{"name":"廊坊北","name_en":"Langfangbei","name_zh":"廊坊北","country":"China","region":"Langfang","gdp_usd":9923,"segments":[{"line":"怀兴城际铁路","won_per_km":0.2143,"afford_pct":0.3605,"line_en":"Huaixing Intercity Railway"},{"line":"联络线/城内段","won_per_km":0.3182,"afford_pct":0.5353,"line_en":"Lianluoxian/chengneiduan"}]},"geometry":{"type":"Point","coordinates":[116.6679438,39.5774367]}},{"type":"Feature","properties":{"name":"大石头南","name_en":"Dashitounan","name_zh":"大石头南","country":"China","region":"Yanbian Prefecture","gdp_usd":7453,"segments":[{"line":"长珲城际铁路","won_per_km":0.3079,"afford_pct":0.6896,"line_en":"Zhanghui Intercity Railway"}]},"geometry":{"type":"Point","coordinates":[128.45072430000002,43.2981489]}},{"type":"Feature","properties":{"name":"九台南","name_en":"Jiutainan","name_zh":"九台南","country":"China","region":"Changchun","gdp_usd":11675,"segments":[{"line":"长珲城际铁路","won_per_km":0.3079,"afford_pct":0.4402,"line_en":"Zhanghui Intercity Railway"}]},"geometry":{"type":"Point","coordinates":[125.8045812,44.0202644]}},{"type":"Feature","properties":{"name":"顺德北","name_en":"Shundebei","name_zh":"","country":"China","region":"Foshan","gdp_usd":19246,"segments":[{"line":"广肇城际铁路","won_per_km":0.2881,"afford_pct":0.2499,"line_en":"Guangzhao Intercity Railway"}]},"geometry":{"type":"Point","coordinates":[113.1235264,22.9650932]}},{"type":"Feature","properties":{"name":"宜宾东","name_en":"Yibindong","name_zh":"宜宾东","country":"China","region":"Yibin","gdp_usd":12062,"segments":[{"line":"成宜高速铁路","won_per_km":0.4578,"afford_pct":0.6335,"line_en":"Chengyi High-Speed Railway"},{"line":"渝昆高速铁路","won_per_km":0.599,"afford_pct":0.8289,"line_en":"Yukun High-Speed Railway"},{"line":"成贵高速铁路","won_per_km":0.4537,"afford_pct":0.6279,"line_en":"Chenggui High-Speed Railway"}]},"geometry":{"type":"Point","coordinates":[104.74263110000001,28.8014946]}},{"type":"Feature","properties":{"name":"礼乐","name_en":"Liyue","name_zh":"","country":"China","region":"Jiangmen","gdp_usd":12144,"segments":[{"line":"广珠城际江门支线","won_per_km":0.6,"afford_pct":0.8247,"line_en":"Guangzhuchengjijiangmen Branch Line"}]},"geometry":{"type":"Point","coordinates":[113.0723451,22.5481535]}},{"type":"Feature","properties":{"name":"八方山","name_en":"Bafangshan","name_zh":"","country":"China","region":"Changsha","gdp_usd":20104,"segments":[{"line":"渝厦高速铁路","won_per_km":0.5237,"afford_pct":0.4348,"line_en":"Yusha High-Speed Railway"}]},"geometry":{"type":"Point","coordinates":[112.9287567,28.2341483]}},{"type":"Feature","properties":{"name":"铜川北","name_en":"Tongchuanbei","name_zh":"铜川北","country":"China","region":"Tongchuan","gdp_usd":11627,"segments":[{"line":"包西高速铁路","won_per_km":0.5253,"afford_pct":0.7541,"line_en":"Baoxi High-Speed Railway"}]},"geometry":{"type":"Point","coordinates":[109.0433024,35.089624]}},{"type":"Feature","properties":{"name":"昌平","name_en":"Changping","name_zh":"","country":"China","region":"Beijing","gdp_usd":31738,"segments":[{"line":"京包高速铁路","won_per_km":0.5,"afford_pct":0.263,"line_en":"Jingbao High-Speed Railway"},{"line":"京包高速铁路","won_per_km":0.3768,"afford_pct":0.1982,"line_en":"Jingbao High-Speed Railway"}]},"geometry":{"type":"Point","coordinates":[116.18829190000001,40.1887146]}},{"type":"Feature","properties":{"name":"巴中东","name_en":"Bazhongdong","name_zh":"巴中东","country":"China","region":"Bazhong","gdp_usd":4634,"segments":[{"line":"巴南高速铁路","won_per_km":0.4262,"afford_pct":1.5353,"line_en":"Banan High-Speed Railway"}]},"geometry":{"type":"Point","coordinates":[106.8700052,31.8423656]}},{"type":"Feature","properties":{"name":"帽儿山西","name_en":"Maoershanxi","name_zh":"","country":"China","region":"Harbin","gdp_usd":8488,"segments":[{"line":"哈牡高速铁路","won_per_km":0.37,"afford_pct":0.7276,"line_en":"Hamu High-Speed Railway"}]},"geometry":{"type":"Point","coordinates":[127.4711788,45.2777289]}},{"type":"Feature","properties":{"name":"西安","name_en":"Xi'an","name_zh":"西安","country":"China","region":"Xi'an","gdp_usd":14117,"segments":[]},"geometry":{"type":"Point","coordinates":[108.9578972,34.2799595]}},{"type":"Feature","properties":{"name":"五龙背东","name_en":"Wulongbeidong","name_zh":"","country":"China","region":"Dandong","gdp_usd":6738,"segments":[{"line":"沈丹高速铁路","won_per_km":0.3365,"afford_pct":0.8336,"line_en":"Shendan High-Speed Railway"}]},"geometry":{"type":"Point","coordinates":[124.2815334,40.2630636]}},{"type":"Feature","properties":{"name":"青堆","name_en":"Qingdui","name_zh":"","country":"China","region":"Dalian","gdp_usd":17553,"segments":[{"line":"丹大铁路","won_per_km":0.3908,"afford_pct":0.3716,"line_en":"Danda Railway"}]},"geometry":{"type":"Point","coordinates":[123.2217872,39.8420224]}},{"type":"Feature","properties":{"name":"龙州","name_en":"Longzhou","name_zh":"龙州","country":"China","region":"Chongzuo","gdp_usd":8892,"segments":[{"line":"南凭高速铁路","won_per_km":0.4554,"afford_pct":0.8548,"line_en":"Nanping High-Speed Railway"}]},"geometry":{"type":"Point","coordinates":[106.8740455,22.3146162]}},{"type":"Feature","properties":{"name":"宁明东","name_en":"Ningmingdong","name_zh":"宁明东","country":"China","region":"Chongzuo","gdp_usd":8892,"segments":[{"line":"南凭高速铁路","won_per_km":0.4554,"afford_pct":0.8548,"line_en":"Nanping High-Speed Railway"}]},"geometry":{"type":"Point","coordinates":[107.20050970000001,22.3100202]}},{"type":"Feature","properties":{"name":"承德县北","name_en":"Chengdexianbei","name_zh":"","country":"China","region":"Chengde","gdp_usd":8309,"segments":[{"line":"京哈高速铁路","won_per_km":0.5202,"afford_pct":1.0451,"line_en":"Jingha High-Speed Railway"}]},"geometry":{"type":"Point","coordinates":[118.28472020000001,40.9341598]}},{"type":"Feature","properties":{"name":"太子城","name_en":"Taizicheng","name_zh":"","country":"China","region":"Zhangjiakou","gdp_usd":6586,"segments":[{"line":"京包高速铁路","won_per_km":0.5,"afford_pct":1.2673,"line_en":"Jingbao High-Speed Railway"}]},"geometry":{"type":"Point","coordinates":[115.4411336,40.912367]}},{"type":"Feature","properties":{"name":"崇礼","name_en":"Chongli","name_zh":"崇礼","country":"China","region":"Zhangjiakou","gdp_usd":6586,"segments":[{"line":"京包高速铁路","won_per_km":0.5,"afford_pct":1.2673,"line_en":"Jingbao High-Speed Railway"}]},"geometry":{"type":"Point","coordinates":[115.31084,41.00585]}},{"type":"Feature","properties":{"name":"江源东","name_en":"Jiangyuandong","name_zh":"江源东","country":"China","region":"Baishan","gdp_usd":8887,"segments":[{"line":"沈佳高速铁路","won_per_km":0.6395,"afford_pct":1.2012,"line_en":"Shenjia High-Speed Railway"}]},"geometry":{"type":"Point","coordinates":[126.90371110000001,42.0866512]}},{"type":"Feature","properties":{"name":"温江","name_en":"Wenjiang","name_zh":"","country":"China","region":"Chengdu","gdp_usd":15280,"segments":[{"line":"成雅铁路","won_per_km":0.3857,"afford_pct":0.4213,"line_en":"Chengya Railway"}]},"geometry":{"type":"Point","coordinates":[103.8118939,30.6374135]}},{"type":"Feature","properties":{"name":"羊马","name_en":"Yangma","name_zh":"","country":"China","region":"Chengdu","gdp_usd":15280,"segments":[{"line":"成雅铁路","won_per_km":0.3857,"afford_pct":0.4213,"line_en":"Chengya Railway"}]},"geometry":{"type":"Point","coordinates":[103.7563339,30.6204798]}},{"type":"Feature","properties":{"name":"三水北","name_en":"Sanshui North","name_zh":"三水北","country":"China","region":"Foshan","gdp_usd":19246,"segments":[{"line":"广肇城际铁路","won_per_km":0.2881,"afford_pct":0.2499,"line_en":"Guangzhao Intercity Railway"}]},"geometry":{"type":"Point","coordinates":[112.91354260000001,23.1873904]}},{"type":"Feature","properties":{"name":"鼎湖东","name_en":"Dinghu East","name_zh":"鼎湖东","country":"China","region":"Zhaoqing","gdp_usd":9821,"segments":[{"line":"广肇城际铁路","won_per_km":0.2881,"afford_pct":0.4897,"line_en":"Guangzhao Intercity Railway"},{"line":"贵广高速铁路","won_per_km":0.4417,"afford_pct":0.7507,"line_en":"Guiguang High-Speed Railway"},{"line":"南广铁路","won_per_km":0.4431,"afford_pct":0.7531,"line_en":"Nanguang Railway"}]},"geometry":{"type":"Point","coordinates":[112.654978,23.2166847]}},{"type":"Feature","properties":{"name":"纸坊东","name_en":"Zhifangdong","name_zh":"","country":"China","region":"Wuhan","gdp_usd":21288,"segments":[{"line":"武咸城际铁路","won_per_km":0.4878,"afford_pct":0.3825,"line_en":"Wuxian Intercity Railway"},{"line":"武咸城际铁路","won_per_km":0.4615,"afford_pct":0.3619,"line_en":"Wuxian Intercity Railway"}]},"geometry":{"type":"Point","coordinates":[114.339192,30.3562461]}},{"type":"Feature","properties":{"name":"山坡东","name_en":"Shanpodong","name_zh":"山坡东","country":"China","region":"Wuhan","gdp_usd":21288,"segments":[{"line":"京广高速铁路","won_per_km":0.4945,"afford_pct":0.3877,"line_en":"Jingguang High-Speed Railway"},{"line":"武咸城际铁路","won_per_km":0.4878,"afford_pct":0.3825,"line_en":"Wuxian Intercity Railway"},{"line":"武咸城际铁路","won_per_km":0.4615,"afford_pct":0.3619,"line_en":"Wuxian Intercity Railway"}]},"geometry":{"type":"Point","coordinates":[114.3545148,30.0886712]}},{"type":"Feature","properties":{"name":"咸宁南","name_en":"Xianningnan","name_zh":"","country":"China","region":"Xianning","gdp_usd":10386,"segments":[{"line":"武咸城际铁路","won_per_km":0.4878,"afford_pct":0.784,"line_en":"Wuxian Intercity Railway"},{"line":"武咸城际铁路","won_per_km":0.4615,"afford_pct":0.7417,"line_en":"Wuxian Intercity Railway"}]},"geometry":{"type":"Point","coordinates":[114.3003014,29.8396225]}},{"type":"Feature","properties":{"name":"黄桶北","name_en":"Huangtongbei","name_zh":"","country":"China","region":"Anshun","gdp_usd":6701,"segments":[{"line":"安六高速铁路","won_per_km":0.487,"afford_pct":1.2132,"line_en":"Anliu High-Speed Railway"}]},"geometry":{"type":"Point","coordinates":[105.68797760000001,26.208089]}},{"type":"Feature","properties":{"name":"青莲","name_en":"Qinglian","name_zh":"青莲","country":"China","region":"Mianyang","gdp_usd":12277,"segments":[{"line":"西成高速铁路","won_per_km":0.4317,"afford_pct":0.5869,"line_en":"Xicheng High-Speed Railway"}]},"geometry":{"type":"Point","coordinates":[104.6992692,31.6734997]}},{"type":"Feature","properties":{"name":"白彦花西","name_en":"Baiyanhuaxi","name_zh":"","country":"China","region":"Bayannur","gdp_usd":11559,"segments":[{"line":"包银高速铁路","won_per_km":0.4215,"afford_pct":0.6087,"line_en":"Baoyin High-Speed Railway"}]},"geometry":{"type":"Point","coordinates":[109.19561770000001,40.6266413]}},{"type":"Feature","properties":{"name":"海东西","name_en":"Haidongxi","name_zh":"海东西","country":"China","region":"Haidong","gdp_usd":6339,"segments":[{"line":"兰新高速铁路","won_per_km":0.3085,"afford_pct":0.8124,"line_en":"Lanxin High-Speed Railway"}]},"geometry":{"type":"Point","coordinates":[102.0535164,36.5094823]}},{"type":"Feature","properties":{"name":"柳园南","name_en":"Liuyuannan","name_zh":"柳园南","country":"China","region":"Jiuquan","gdp_usd":13909,"segments":[{"line":"兰新高速铁路","won_per_km":0.3082,"afford_pct":0.3699,"line_en":"Lanxin High-Speed Railway"}]},"geometry":{"type":"Point","coordinates":[95.4707876,41.1006009]}},{"type":"Feature","properties":{"name":"沙洋西","name_en":"Shayangxi","name_zh":"","country":"China","region":"Jingmen","gdp_usd":13416,"segments":[{"line":"荆荆高速铁路","won_per_km":0.6456,"afford_pct":0.8033,"line_en":"Jingjing High-Speed Railway"}]},"geometry":{"type":"Point","coordinates":[112.1578199,30.6551845]}},{"type":"Feature","properties":{"name":"甜水堡","name_en":"Tianshuibao","name_zh":"","country":"China","region":"Qingyang","gdp_usd":7927,"segments":[{"line":"银西高速铁路","won_per_km":0.429,"afford_pct":0.9034,"line_en":"Yinxi High-Speed Railway"}]},"geometry":{"type":"Point","coordinates":[106.8092,37.1361623]}},{"type":"Feature","properties":{"name":"水江西","name_en":"Shuijiangxi","name_zh":"","country":"China","region":"Chongqing","gdp_usd":14036,"segments":[{"line":"渝厦高速铁路","won_per_km":0.4932,"afford_pct":0.5865,"line_en":"Yusha High-Speed Railway"}]},"geometry":{"type":"Point","coordinates":[107.26942690000001,29.2470799]}},{"type":"Feature","properties":{"name":"巴南","name_en":"Banan","name_zh":"","country":"China","region":"Chongqing","gdp_usd":14036,"segments":[{"line":"渝厦高速铁路","won_per_km":0.4932,"afford_pct":0.5865,"line_en":"Yusha High-Speed Railway"}]},"geometry":{"type":"Point","coordinates":[106.7518423,29.39627]}},{"type":"Feature","properties":{"name":"绥阳","name_en":"Suiyang","name_zh":"绥阳","country":"China","region":"Mudanjiang","gdp_usd":6007,"segments":[{"line":"牡绥铁路","won_per_km":0.3723,"afford_pct":1.0346,"line_en":"Musui Railway"}]},"geometry":{"type":"Point","coordinates":[130.8927572,44.4262775]}},{"type":"Feature","properties":{"name":"一面坡北","name_en":"Yimianpo North Railway Station","name_zh":"","country":"China","region":"Harbin","gdp_usd":8488,"segments":[{"line":"哈牡高速铁路","won_per_km":0.37,"afford_pct":0.7276,"line_en":"Hamu High-Speed Railway"}]},"geometry":{"type":"Point","coordinates":[128.0804431,45.0837121]}},{"type":"Feature","properties":{"name":"平坝南","name_en":"Pingbanan","name_zh":"","country":"China","region":"Anshun","gdp_usd":6701,"segments":[{"line":"沪昆高速铁路","won_per_km":0.4644,"afford_pct":1.1569,"line_en":"Hukun High-Speed Railway"}]},"geometry":{"type":"Point","coordinates":[106.25342250000001,26.3872527]}},{"type":"Feature","properties":{"name":"伯官","name_en":"Boguan","name_zh":"伯官","country":"China","region":"Shenyang","gdp_usd":13614,"segments":[{"line":"沈佳高速铁路","won_per_km":0.6395,"afford_pct":0.7841,"line_en":"Shenjia High-Speed Railway"}]},"geometry":{"type":"Point","coordinates":[123.710108,41.8790387]}},{"type":"Feature","properties":{"name":"芜湖北","name_en":"Wuhubei","name_zh":"芜湖北","country":"China","region":"Wuhu","gdp_usd":18861,"segments":[{"line":"合杭高速铁路","won_per_km":0.4766,"afford_pct":0.4218,"line_en":"Hehang High-Speed Railway"}]},"geometry":{"type":"Point","coordinates":[118.25074810000001,31.3574512]}},{"type":"Feature","properties":{"name":"湖潮东","name_en":"Huchaodong","name_zh":"","country":"China","region":"Guiyang","gdp_usd":12359,"segments":[{"line":"联络线/城内段","won_per_km":0.4674,"afford_pct":0.6313,"line_en":"Lianluoxian/chengneiduan"}]},"geometry":{"type":"Point","coordinates":[106.5098824,26.4356023]}},{"type":"Feature","properties":{"name":"修文县","name_en":"Xiuwenxian","name_zh":"","country":"China","region":"Guiyang","gdp_usd":12359,"segments":[{"line":"渝贵铁路","won_per_km":0.4006,"afford_pct":0.5411,"line_en":"Yugui Railway"},{"line":"联络线/城内段","won_per_km":0.4537,"afford_pct":0.6128,"line_en":"Lianluoxian/chengneiduan"}]},"geometry":{"type":"Point","coordinates":[106.74889990000001,26.854589]}},{"type":"Feature","properties":{"name":"白云北","name_en":"Baiyunbei","name_zh":"白云北","country":"China","region":"Guiyang","gdp_usd":12359,"segments":[{"line":"成贵高速铁路","won_per_km":0.4537,"afford_pct":0.6128,"line_en":"Chenggui High-Speed Railway"},{"line":"联络线/城内段","won_per_km":0.4644,"afford_pct":0.6272,"line_en":"Lianluoxian/chengneiduan"},{"line":"联络线/城内段","won_per_km":0.4674,"afford_pct":0.6313,"line_en":"Lianluoxian/chengneiduan"},{"line":"联络线/城内段","won_per_km":0.462,"afford_pct":0.624,"line_en":"Lianluoxian/chengneiduan"}]},"geometry":{"type":"Point","coordinates":[106.6591383,26.7066682]}},{"type":"Feature","properties":{"name":"新津","name_en":"Xinjin","name_zh":"","country":"China","region":"Chengdu","gdp_usd":15280,"segments":[{"line":"成贵高速铁路","won_per_km":0.4537,"afford_pct":0.4956,"line_en":"Chenggui High-Speed Railway"}]},"geometry":{"type":"Point","coordinates":[103.868309,30.4682011]}},{"type":"Feature","properties":{"name":"长箐","name_en":"Changqing","name_zh":"","country":"China","region":"Liupanshui","gdp_usd":7846,"segments":[{"line":"安六高速铁路","won_per_km":0.487,"afford_pct":1.0361,"line_en":"Anliu High-Speed Railway"}]},"geometry":{"type":"Point","coordinates":[105.271149,26.3174138]}},{"type":"Feature","properties":{"name":"冷坝","name_en":"Lengba","name_zh":"","country":"China","region":"Liupanshui","gdp_usd":7846,"segments":[{"line":"安六高速铁路","won_per_km":0.487,"afford_pct":1.0361,"line_en":"Anliu High-Speed Railway"}]},"geometry":{"type":"Point","coordinates":[105.17019040000001,26.4292925]}},{"type":"Feature","properties":{"name":"南溪北","name_en":"Nanxibei","name_zh":"南溪北","country":"China","region":"Yibin","gdp_usd":12062,"segments":[{"line":"成宜高速铁路","won_per_km":0.4578,"afford_pct":0.6335,"line_en":"Chengyi High-Speed Railway"}]},"geometry":{"type":"Point","coordinates":[104.8832857,28.9732083]}},{"type":"Feature","properties":{"name":"翠亨","name_en":"Cuiheng","name_zh":"","country":"China","region":"Zhongshan","gdp_usd":12875,"segments":[{"line":"广珠城际铁路","won_per_km":0.6034,"afford_pct":0.7823,"line_en":"Guangzhu Intercity Railway"}]},"geometry":{"type":"Point","coordinates":[113.54092170000001,22.4419767]}},{"type":"Feature","properties":{"name":"磴口","name_en":"Dengkou","name_zh":"","country":"China","region":"Bayannur","gdp_usd":11559,"segments":[{"line":"包银高速铁路","won_per_km":0.4215,"afford_pct":0.6087,"line_en":"Baoyin High-Speed Railway"}]},"geometry":{"type":"Point","coordinates":[106.958294,40.3392752]}},{"type":"Feature","properties":{"name":"南部","name_en":"Nanbu","name_zh":"","country":"China","region":"Nanchong","gdp_usd":7237,"segments":[{"line":"兰渝铁路","won_per_km":0.3697,"afford_pct":0.8527,"line_en":"Lanyu Railway"}]},"geometry":{"type":"Point","coordinates":[106.00901540000001,31.3733547]}},{"type":"Feature","properties":{"name":"仪陇","name_en":"Yilong","name_zh":"仪陇","country":"China","region":"Nanchong","gdp_usd":7237,"segments":[{"line":"巴南高速铁路","won_per_km":0.4262,"afford_pct":0.983,"line_en":"Banan High-Speed Railway"}]},"geometry":{"type":"Point","coordinates":[106.31023870000001,31.2621503]}},{"type":"Feature","properties":{"name":"五府山","name_en":"Wufushan","name_zh":"五府山","country":"China","region":"Shangrao","gdp_usd":8121,"segments":[{"line":"合福高速铁路","won_per_km":0.4588,"afford_pct":0.943,"line_en":"Hefu High-Speed Railway"}]},"geometry":{"type":"Point","coordinates":[118.04097890000001,28.2326117]}},{"type":"Feature","properties":{"name":"花湖","name_en":"Huahu","name_zh":"花湖","country":"China","region":"Ezhou","gdp_usd":17396,"segments":[{"line":"武九高速铁路","won_per_km":0.4,"afford_pct":0.3838,"line_en":"Wujiu High-Speed Railway"}]},"geometry":{"type":"Point","coordinates":[115.01693510000001,30.2635373]}},{"type":"Feature","properties":{"name":"阳宗","name_en":"Yangzong","name_zh":"阳宗","country":"China","region":"Yuxi","gdp_usd":15854,"segments":[{"line":"南昆高速铁路","won_per_km":0.3684,"afford_pct":0.3879,"line_en":"Nankun High-Speed Railway"}]},"geometry":{"type":"Point","coordinates":[102.9783639,24.8269155]}},{"type":"Feature","properties":{"name":"历城","name_en":"Licheng","name_zh":"","country":"China","region":"Jinan","gdp_usd":19858,"segments":[{"line":"济莱高速铁路","won_per_km":0.3621,"afford_pct":0.3044,"line_en":"Jilai High-Speed Railway"}]},"geometry":{"type":"Point","coordinates":[117.20164930000001,36.6660053]}},{"type":"Feature","properties":{"name":"雪野","name_en":"Xueye","name_zh":"雪野","country":"China","region":"Jinan","gdp_usd":19858,"segments":[{"line":"济莱高速铁路","won_per_km":0.3621,"afford_pct":0.3044,"line_en":"Jilai High-Speed Railway"}]},"geometry":{"type":"Point","coordinates":[117.58314820000001,36.4605169]}},{"type":"Feature","properties":{"name":"花园口","name_en":"Huayuankou","name_zh":"","country":"China","region":"Dalian","gdp_usd":17553,"segments":[{"line":"丹大铁路","won_per_km":0.3908,"afford_pct":0.3716,"line_en":"Danda Railway"}]},"geometry":{"type":"Point","coordinates":[122.6090955,39.5509403]}},{"type":"Feature","properties":{"name":"德兴东","name_en":"Dexingdong","name_zh":"","country":"China","region":"Shangrao","gdp_usd":8121,"segments":[{"line":"衢九铁路","won_per_km":0.4022,"afford_pct":0.8267,"line_en":"Qujiu Railway"}]},"geometry":{"type":"Point","coordinates":[117.95378950000001,29.11936]}},{"type":"Feature","properties":{"name":"浮梁东","name_en":"Fuliangdong","name_zh":"","country":"China","region":"Jingdezhen","gdp_usd":10143,"segments":[{"line":"杭昌高速铁路","won_per_km":0.5417,"afford_pct":0.8915,"line_en":"Hangchang High-Speed Railway"}]},"geometry":{"type":"Point","coordinates":[117.455655,29.5138224]}},{"type":"Feature","properties":{"name":"礼贤","name_en":"Lixian","name_zh":"礼贤","country":"China","region":"Beijing","gdp_usd":31738,"segments":[{"line":"怀兴城际铁路","won_per_km":0.2143,"afford_pct":0.1127,"line_en":"Huaixing Intercity Railway"},{"line":"联络线/城内段","won_per_km":0.3182,"afford_pct":0.1674,"line_en":"Lianluoxian/chengneiduan"}]},"geometry":{"type":"Point","coordinates":[116.4316117,39.555011]}},{"type":"Feature","properties":{"name":"北辰","name_en":"Beichen","name_zh":"","country":"China","region":"Tianjin","gdp_usd":18381,"segments":[{"line":"京滨城际铁路","won_per_km":0.213,"afford_pct":0.1934,"line_en":"Jingbin Intercity Railway"}]},"geometry":{"type":"Point","coordinates":[117.2706945,39.271114]}},{"type":"Feature","properties":{"name":"汤逊湖","name_en":"Tangxunhu","name_zh":"","country":"China","region":"Wuhan","gdp_usd":21288,"segments":[{"line":"武咸城际铁路","won_per_km":0.4878,"afford_pct":0.3825,"line_en":"Wuxian Intercity Railway"},{"line":"武咸城际铁路","won_per_km":0.4615,"afford_pct":0.3619,"line_en":"Wuxian Intercity Railway"},{"line":"联络线/城内段","won_per_km":0.4747,"afford_pct":0.3722,"line_en":"Lianluoxian/chengneiduan"}]},"geometry":{"type":"Point","coordinates":[114.37973040000001,30.4476163]}},{"type":"Feature","properties":{"name":"庙山","name_en":"Miaoshan","name_zh":"","country":"China","region":"Wuhan","gdp_usd":21288,"segments":[{"line":"武咸城际铁路","won_per_km":0.4878,"afford_pct":0.3825,"line_en":"Wuxian Intercity Railway"},{"line":"武咸城际铁路","won_per_km":0.4615,"afford_pct":0.3619,"line_en":"Wuxian Intercity Railway"}]},"geometry":{"type":"Point","coordinates":[114.3677683,30.415525]}},{"type":"Feature","properties":{"name":"淮口南","name_en":"Huaikounan","name_zh":"","country":"China","region":"Chengdu","gdp_usd":15280,"segments":[{"line":"宁蓉铁路","won_per_km":0.5066,"afford_pct":0.5534,"line_en":"Ningrong Railway"}]},"geometry":{"type":"Point","coordinates":[104.5740421,30.7349261]}},{"type":"Feature","properties":{"name":"武胜","name_en":"Wusheng","name_zh":"","country":"China","region":"Guang'an","gdp_usd":6961,"segments":[{"line":"兰渝铁路","won_per_km":0.3606,"afford_pct":0.8646,"line_en":"Lanyu Railway"}]},"geometry":{"type":"Point","coordinates":[106.10178970000001,30.3720464]}},{"type":"Feature","properties":{"name":"阆中","name_en":"Langzhong","name_zh":"阆中","country":"China","region":"Nanchong","gdp_usd":7237,"segments":[{"line":"兰渝铁路","won_per_km":0.3697,"afford_pct":0.8527,"line_en":"Lanyu Railway"}]},"geometry":{"type":"Point","coordinates":[105.9534845,31.5601366]}},{"type":"Feature","properties":{"name":"东岔","name_en":"Dongcha","name_zh":"","country":"China","region":"Tianshui","gdp_usd":4568,"segments":[{"line":"徐兰高速铁路","won_per_km":0.3766,"afford_pct":1.376,"line_en":"Xulan High-Speed Railway"}]},"geometry":{"type":"Point","coordinates":[106.5359848,34.443955]}},{"type":"Feature","properties":{"name":"柘皋","name_en":"Zhegao","name_zh":"","country":"China","region":"Hefei","gdp_usd":18927,"segments":[{"line":"合杭高速铁路","won_per_km":0.4766,"afford_pct":0.4203,"line_en":"Hehang High-Speed Railway"}]},"geometry":{"type":"Point","coordinates":[117.7186024,31.7481406]}},{"type":"Feature","properties":{"name":"桦南东","name_en":"Huanandong","name_zh":"","country":"China","region":"Jiamusi","gdp_usd":6784,"segments":[{"line":"沈佳高速铁路","won_per_km":0.4489,"afford_pct":1.1045,"line_en":"Shenjia High-Speed Railway"}]},"geometry":{"type":"Point","coordinates":[130.613552,46.2132057]}},{"type":"Feature","properties":{"name":"曲阜南","name_en":"Qufunan","name_zh":"","country":"China","region":"Jining","gdp_usd":9969,"segments":[{"line":"日兰高速铁路","won_per_km":0.536,"afford_pct":0.8975,"line_en":"Rilan High-Speed Railway"}]},"geometry":{"type":"Point","coordinates":[117.01810630000001,35.5109173]}},{"type":"Feature","properties":{"name":"宝坻南","name_en":"Baodi South","name_zh":"","country":"China","region":"Tianjin","gdp_usd":18381,"segments":[{"line":"京滨城际铁路","won_per_km":0.213,"afford_pct":0.1934,"line_en":"Jingbin Intercity Railway"}]},"geometry":{"type":"Point","coordinates":[117.3684221,39.5062152]}},{"type":"Feature","properties":{"name":"白城","name_en":"Baicheng","name_zh":"","country":"China","region":"Baicheng","gdp_usd":5856,"segments":[{"line":"长白铁路","won_per_km":0.3694,"afford_pct":1.053,"line_en":"Zhangbai Railway"}]},"geometry":{"type":"Point","coordinates":[122.85910670000001,45.6156263]}},{"type":"Feature","properties":{"name":"松原","name_en":"Songyuan","name_zh":"松原","country":"China","region":"Songyuan","gdp_usd":6613,"segments":[{"line":"长白铁路","won_per_km":0.3694,"afford_pct":0.9324,"line_en":"Zhangbai Railway"}]},"geometry":{"type":"Point","coordinates":[124.8113584,45.1077859]}},{"type":"Feature","properties":{"name":"三阳","name_en":"Sanyang","name_zh":"三阳","country":"China","region":"Huangshan","gdp_usd":11982,"segments":[{"line":"杭昌高速铁路","won_per_km":0.4044,"afford_pct":0.5634,"line_en":"Hangchang High-Speed Railway"}]},"geometry":{"type":"Point","coordinates":[118.8018823,30.0294857]}},{"type":"Feature","properties":{"name":"大洋","name_en":"Dayang","name_zh":"","country":"China","region":"Hangzhou","gdp_usd":24185,"segments":[{"line":"金建高速铁路","won_per_km":0.314,"afford_pct":0.2167,"line_en":"Jinjian High-Speed Railway"}]},"geometry":{"type":"Point","coordinates":[119.4829279,29.420398]}},{"type":"Feature","properties":{"name":"兰溪东","name_en":"Lanxidong","name_zh":"","country":"China","region":"Jinhua","gdp_usd":13406,"segments":[{"line":"金建高速铁路","won_per_km":0.314,"afford_pct":0.391,"line_en":"Jinjian High-Speed Railway"}]},"geometry":{"type":"Point","coordinates":[119.498656,29.2339911]}},{"type":"Feature","properties":{"name":"黄胜关","name_en":"Huangshengguan","name_zh":"","country":"China","region":"Ngawa Prefecture","gdp_usd":9579,"segments":[{"line":"川青铁路","won_per_km":0.4984,"afford_pct":0.8685,"line_en":"Chuanqing Railway"}]},"geometry":{"type":"Point","coordinates":[103.52511240000001,32.8950569]}},{"type":"Feature","properties":{"name":"芦官","name_en":"Luguan","name_zh":"","country":"China","region":"Guiyang","gdp_usd":12359,"segments":[]},"geometry":{"type":"Point","coordinates":[106.489136,26.4275282]}},{"type":"Feature","properties":{"name":"党武","name_en":"Dangwu","name_zh":"党武","country":"China","region":"Guiyang","gdp_usd":12359,"segments":[{"line":"联络线/城内段","won_per_km":0.4006,"afford_pct":0.5411,"line_en":"Lianluoxian/chengneiduan"},{"line":"联络线/城内段","won_per_km":0.4674,"afford_pct":0.6313,"line_en":"Lianluoxian/chengneiduan"}]},"geometry":{"type":"Point","coordinates":[106.6045816,26.4071551]}},{"type":"Feature","properties":{"name":"孟关","name_en":"Mengguan","name_zh":"孟关","country":"China","region":"Guiyang","gdp_usd":12359,"segments":[{"line":"联络线/城内段","won_per_km":0.4006,"afford_pct":0.5411,"line_en":"Lianluoxian/chengneiduan"},{"line":"联络线/城内段","won_per_km":0.4674,"afford_pct":0.6313,"line_en":"Lianluoxian/chengneiduan"}]},"geometry":{"type":"Point","coordinates":[106.7350459,26.421664]}},{"type":"Feature","properties":{"name":"青城山","name_en":"Qingchengshan","name_zh":"青城山","country":"China","region":"Ngawa Prefecture","gdp_usd":9579,"segments":[{"line":"成灌铁路","won_per_km":0.46,"afford_pct":0.8016,"line_en":"Chengguan Railway"}]},"geometry":{"type":"Point","coordinates":[103.6050814,30.8949012]}},{"type":"Feature","properties":{"name":"犀浦","name_en":"Xipu","name_zh":"","country":"China","region":"Chengdu","gdp_usd":15280,"segments":[{"line":"成灌铁路","won_per_km":0.46,"afford_pct":0.5025,"line_en":"Chengguan Railway"},{"line":"成灌铁路","won_per_km":0.3295,"afford_pct":0.3599,"line_en":"Chengguan Railway"},{"line":"联络线/城内段","won_per_km":0.4772,"afford_pct":0.5213,"line_en":"Lianluoxian/chengneiduan"}]},"geometry":{"type":"Point","coordinates":[103.9702486,30.7594561]}},{"type":"Feature","properties":{"name":"谷山","name_en":"Gushan","name_zh":"","country":"China","region":"Changsha","gdp_usd":20104,"segments":[{"line":"渝厦高速铁路","won_per_km":0.5237,"afford_pct":0.4348,"line_en":"Yusha High-Speed Railway"}]},"geometry":{"type":"Point","coordinates":[112.9016428,28.2339991]}},{"type":"Feature","properties":{"name":"敦煌","name_en":"Dunhuang","name_zh":"敦煌","country":"China","region":"Jiuquan","gdp_usd":13909,"segments":[{"line":"敦煌铁路","won_per_km":0.3088,"afford_pct":0.3706,"line_en":"Dunhuang Railway"}]},"geometry":{"type":"Point","coordinates":[94.78341130000001,40.1678472]}},{"type":"Feature","properties":{"name":"瓜州","name_en":"Guazhou","name_zh":"","country":"China","region":"Jiuquan","gdp_usd":13909,"segments":[{"line":"敦煌铁路","won_per_km":0.3088,"afford_pct":0.3706,"line_en":"Dunhuang Railway"}]},"geometry":{"type":"Point","coordinates":[95.77244320000001,40.5665802]}},{"type":"Feature","properties":{"name":"长乐","name_en":"Changle","name_zh":"长乐","country":"China","region":"Fuzhou","gdp_usd":23339,"segments":[{"line":"福平铁路","won_per_km":0.4773,"afford_pct":0.3414,"line_en":"Fuping Railway"}]},"geometry":{"type":"Point","coordinates":[119.48066390000001,25.9270606]}},{"type":"Feature","properties":{"name":"巴中西","name_en":"Bahzhongxi","name_zh":"巴中西","country":"China","region":"Bazhong","gdp_usd":4634,"segments":[{"line":"巴南高速铁路","won_per_km":0.4262,"afford_pct":1.5353,"line_en":"Banan High-Speed Railway"}]},"geometry":{"type":"Point","coordinates":[106.6522712,31.7661835]}},{"type":"Feature","properties":{"name":"章丘南","name_en":"Zhangqiunan","name_zh":"章丘南","country":"China","region":"Jinan","gdp_usd":19858,"segments":[{"line":"济莱高速铁路","won_per_km":0.3621,"afford_pct":0.3044,"line_en":"Jilai High-Speed Railway"}]},"geometry":{"type":"Point","coordinates":[117.4680668,36.5845614]}},{"type":"Feature","properties":{"name":"登沙河","name_en":"Dengshahe","name_zh":"登沙河","country":"China","region":"Dalian","gdp_usd":17553,"segments":[{"line":"丹大铁路","won_per_km":0.3908,"afford_pct":0.3716,"line_en":"Danda Railway"}]},"geometry":{"type":"Point","coordinates":[122.063584,39.2209907]}},{"type":"Feature","properties":{"name":"城子坦","name_en":"Chengzitan","name_zh":"城子坦","country":"China","region":"Dalian","gdp_usd":17553,"segments":[{"line":"丹大铁路","won_per_km":0.3908,"afford_pct":0.3716,"line_en":"Danda Railway"}]},"geometry":{"type":"Point","coordinates":[122.472888,39.4940844]}},{"type":"Feature","properties":{"name":"北井子","name_en":"Beijingzi","name_zh":"","country":"China","region":"Dandong","gdp_usd":6738,"segments":[{"line":"丹大铁路","won_per_km":0.3908,"afford_pct":0.9681,"line_en":"Danda Railway"}]},"geometry":{"type":"Point","coordinates":[123.8970414,39.8969544]}},{"type":"Feature","properties":{"name":"陆川","name_en":"Luchuan","name_zh":"","country":"China","region":"Yulin (GX)","gdp_usd":5615,"segments":[{"line":"黎湛铁路","won_per_km":0.308,"afford_pct":0.9157,"line_en":"Lizhan Railway"}]},"geometry":{"type":"Point","coordinates":[110.253795,22.31272]}},{"type":"Feature","properties":{"name":"乌鲁木齐南","name_en":"Ürümqi south","name_zh":"乌鲁木齐南","country":"China","region":"Ürümqi","gdp_usd":15250,"segments":[{"line":"兰新高速铁路","won_per_km":0.3089,"afford_pct":0.3381,"line_en":"Lanxin High-Speed Railway"}]},"geometry":{"type":"Point","coordinates":[87.5813169,43.7790727]}},{"type":"Feature","properties":{"name":"嵩明","name_en":"Songming","name_zh":"","country":"China","region":"Kunming","gdp_usd":13251,"segments":[{"line":"沪昆高速铁路","won_per_km":0.4644,"afford_pct":0.585,"line_en":"Hukun High-Speed Railway"}]},"geometry":{"type":"Point","coordinates":[103.1356653,25.2425678]}},{"type":"Feature","properties":{"name":"芦庙","name_en":"Lumiao Railway Station","name_zh":"","country":"China","region":"Bozhou","gdp_usd":7186,"segments":[{"line":"京港高速铁路","won_per_km":0.4821,"afford_pct":1.1198,"line_en":"Jinggang High-Speed Railway"}]},"geometry":{"type":"Point","coordinates":[115.7799451,34.0413881]}},{"type":"Feature","properties":{"name":"长临河","name_en":"Zhanglinhe","name_zh":"","country":"China","region":"Hefei","gdp_usd":18927,"segments":[{"line":"合福高速铁路","won_per_km":0.4433,"afford_pct":0.391,"line_en":"Hefu High-Speed Railway"}]},"geometry":{"type":"Point","coordinates":[117.4772427,31.7006958]}},{"type":"Feature","properties":{"name":"徐州","name_en":"Xuzhou","name_zh":"徐州","country":"China","region":"Xuzhou","gdp_usd":14716,"segments":[{"line":"徐兰高速铁路","won_per_km":0.4597,"afford_pct":0.5214,"line_en":"Xulan High-Speed Railway"}]},"geometry":{"type":"Point","coordinates":[117.20176210000001,34.2663951]}},{"type":"Feature","properties":{"name":"长寿湖","name_en":"Changshouhu","name_zh":"长寿湖","country":"China","region":"Chongqing","gdp_usd":14036,"segments":[{"line":"郑渝高速铁路","won_per_km":0.45,"afford_pct":0.5352,"line_en":"Zhengyu High-Speed Railway"}]},"geometry":{"type":"Point","coordinates":[107.19997160000001,29.9679275]}},{"type":"Feature","properties":{"name":"白马北","name_en":"Baimabei","name_zh":"","country":"China","region":"Neijiang","gdp_usd":8820,"segments":[{"line":"绵泸高速铁路","won_per_km":0.4077,"afford_pct":0.7716,"line_en":"Mianlu High-Speed Railway"}]},"geometry":{"type":"Point","coordinates":[104.99111350000001,29.5439199]}},{"type":"Feature","properties":{"name":"双吉","name_en":"Shuangji","name_zh":"双吉","country":"China","region":"Jilin City","gdp_usd":6470,"segments":[{"line":"长珲城际铁路","won_per_km":0.3079,"afford_pct":0.7944,"line_en":"Zhanghui Intercity Railway"}]},"geometry":{"type":"Point","coordinates":[126.43107870000001,43.9624859]}},{"type":"Feature","properties":{"name":"高川","name_en":"Gaochuan","name_zh":"","country":"China","region":"Mianyang","gdp_usd":12277,"segments":[{"line":"川青铁路","won_per_km":0.4984,"afford_pct":0.6776,"line_en":"Chuanqing Railway"}]},"geometry":{"type":"Point","coordinates":[104.2037126,31.6371265]}},{"type":"Feature","properties":{"name":"天河潭","name_en":"Tianhetan","name_zh":"天河潭","country":"China","region":"Guiyang","gdp_usd":12359,"segments":[]},"geometry":{"type":"Point","coordinates":[106.56758760000001,26.42602]}},{"type":"Feature","properties":{"name":"都江堰","name_en":"Dujiangyan","name_zh":"都江堰","country":"China","region":"Ngawa Prefecture","gdp_usd":9579,"segments":[{"line":"成灌铁路","won_per_km":0.46,"afford_pct":0.8016,"line_en":"Chengguan Railway"},{"line":"成灌铁路","won_per_km":0.3295,"afford_pct":0.5742,"line_en":"Chengguan Railway"}]},"geometry":{"type":"Point","coordinates":[103.6365665,30.9593459]}},{"type":"Feature","properties":{"name":"金阳","name_en":"Jinyang","name_zh":"","country":"China","region":"Guiyang","gdp_usd":12359,"segments":[{"line":"联络线/城内段","won_per_km":0.4674,"afford_pct":0.6313,"line_en":"Lianluoxian/chengneiduan"},{"line":"联络线/城内段","won_per_km":0.462,"afford_pct":0.624,"line_en":"Lianluoxian/chengneiduan"}]},"geometry":{"type":"Point","coordinates":[106.5847957,26.6513471]}},{"type":"Feature","properties":{"name":"碱柜","name_en":"Jiangui","name_zh":"碱柜","country":"China","region":"Ordos","gdp_usd":39684,"segments":[{"line":"包银高速铁路","won_per_km":0.4215,"afford_pct":0.1773,"line_en":"Baoyin High-Speed Railway"}]},"geometry":{"type":"Point","coordinates":[106.7585093,39.9308916]}},{"type":"Feature","properties":{"name":"仙林","name_en":"Xianlin","name_zh":"","country":"China","region":"Nanjing","gdp_usd":26914,"segments":[{"line":"沪宁城际铁路","won_per_km":0.4885,"afford_pct":0.303,"line_en":"Huning Intercity Railway"}]},"geometry":{"type":"Point","coordinates":[118.90757470000001,32.1248804]}},{"type":"Feature","properties":{"name":"闵集","name_en":"Minji","name_zh":"闵集","country":"China","region":"Xiaogan","gdp_usd":10865,"segments":[{"line":"武西高速铁路","won_per_km":0.4804,"afford_pct":0.7381,"line_en":"Wuxi High-Speed Railway"}]},"geometry":{"type":"Point","coordinates":[114.13608590000001,30.8257602]}},{"type":"Feature","properties":{"name":"雁石南","name_en":"Yanshinan","name_zh":"雁石南","country":"China","region":"Longyan","gdp_usd":17675,"segments":[{"line":"南龙铁路","won_per_km":0.3979,"afford_pct":0.3758,"line_en":"Nanlong Railway"}]},"geometry":{"type":"Point","coordinates":[117.1489763,25.2440215]}},{"type":"Feature","properties":{"name":"兰州","name_en":"Lanzhou","name_zh":"兰州","country":"China","region":"Lanzhou","gdp_usd":11749,"segments":[{"line":"联络线/城内段","won_per_km":0.3333,"afford_pct":0.4735,"line_en":"Lianluoxian/chengneiduan"}]},"geometry":{"type":"Point","coordinates":[103.84850560000001,36.034178]}},{"type":"Feature","properties":{"name":"复盛","name_en":"Fusheng","name_zh":"复盛","country":"China","region":"Chongqing","gdp_usd":14036,"segments":[{"line":"宁蓉铁路","won_per_km":0.3092,"afford_pct":0.3677,"line_en":"Ningrong Railway"},{"line":"郑渝高速铁路","won_per_km":0.45,"afford_pct":0.5352,"line_en":"Zhengyu High-Speed Railway"}]},"geometry":{"type":"Point","coordinates":[106.7981228,29.6579599]}},{"type":"Feature","properties":{"name":"南彭","name_en":"Nanpeng","name_zh":"","country":"China","region":"Chongqing","gdp_usd":14036,"segments":[{"line":"联络线/城内段","won_per_km":0.4932,"afford_pct":0.5865,"line_en":"Lianluoxian/chengneiduan"}]},"geometry":{"type":"Point","coordinates":[106.5972368,29.362757]}},{"type":"Feature","properties":{"name":"庄桥","name_en":"Zhuangqiao","name_zh":"","country":"China","region":"Ningbo","gdp_usd":25926,"segments":[{"line":"杭深铁路","won_per_km":0.4645,"afford_pct":0.2991,"line_en":"Hangshen Railway"}]},"geometry":{"type":"Point","coordinates":[121.5317545,29.9261635]}},{"type":"Feature","properties":{"name":"内江东","name_en":"Neijiangdong","name_zh":"内江东","country":"China","region":"Neijiang","gdp_usd":8820,"segments":[{"line":"绵泸高速铁路","won_per_km":0.4077,"afford_pct":0.7716,"line_en":"Mianlu High-Speed Railway"}]},"geometry":{"type":"Point","coordinates":[105.05279030000001,29.5632623]}},{"type":"Feature","properties":{"name":"陈村","name_en":"Chencun","name_zh":"","country":"China","region":"Foshan","gdp_usd":19246,"segments":[{"line":"广肇城际铁路","won_per_km":0.2881,"afford_pct":0.2499,"line_en":"Guangzhao Intercity Railway"}]},"geometry":{"type":"Point","coordinates":[113.2333789,22.9720673]}},{"type":"Feature","properties":{"name":"北滘西","name_en":"Beijiaoxi","name_zh":"","country":"China","region":"Foshan","gdp_usd":19246,"segments":[{"line":"广肇城际铁路","won_per_km":0.2881,"afford_pct":0.2499,"line_en":"Guangzhao Intercity Railway"}]},"geometry":{"type":"Point","coordinates":[113.172894,22.9550901]}},{"type":"Feature","properties":{"name":"张槎","name_en":"Zhangcha","name_zh":"","country":"China","region":"Foshan","gdp_usd":19246,"segments":[{"line":"广肇城际铁路","won_per_km":0.2881,"afford_pct":0.2499,"line_en":"Guangzhao Intercity Railway"}]},"geometry":{"type":"Point","coordinates":[113.0624904,23.0119394]}},{"type":"Feature","properties":{"name":"普安","name_en":"Puan","name_zh":"","country":"China","region":"Wuhan","gdp_usd":21288,"segments":[{"line":"武咸城际铁路","won_per_km":0.4878,"afford_pct":0.3825,"line_en":"Wuxian Intercity Railway"},{"line":"武咸城际铁路","won_per_km":0.4615,"afford_pct":0.3619,"line_en":"Wuxian Intercity Railway"}]},"geometry":{"type":"Point","coordinates":[114.34883760000001,30.3894519]}},{"type":"Feature","properties":{"name":"华容东","name_en":"Huarongdong","name_zh":"华容东","country":"China","region":"Ezhou","gdp_usd":17396,"segments":[{"line":"武冈城际铁路","won_per_km":0.4,"afford_pct":0.3838,"line_en":"Wugang Intercity Railway"},{"line":"联络线/城内段","won_per_km":0.4439,"afford_pct":0.4259,"line_en":"Lianluoxian/chengneiduan"}]},"geometry":{"type":"Point","coordinates":[114.7814544,30.5342617]}},{"type":"Feature","properties":{"name":"镇江关","name_en":"Zhenjiangguan","name_zh":"","country":"China","region":"Ngawa Prefecture","gdp_usd":9579,"segments":[{"line":"川青铁路","won_per_km":0.4984,"afford_pct":0.8685,"line_en":"Chuanqing Railway"}]},"geometry":{"type":"Point","coordinates":[103.71991550000001,32.3314597]}},{"type":"Feature","properties":{"name":"双龙南","name_en":"Shuanglongnan","name_zh":"双龙南","country":"China","region":"Guiyang","gdp_usd":12359,"segments":[{"line":"贵南高速铁路","won_per_km":0.4704,"afford_pct":0.6353,"line_en":"Guinan High-Speed Railway"},{"line":"贵广高速铁路","won_per_km":0.4372,"afford_pct":0.5905,"line_en":"Guiguang High-Speed Railway"},{"line":"联络线/城内段","won_per_km":0.4006,"afford_pct":0.5411,"line_en":"Lianluoxian/chengneiduan"},{"line":"联络线/城内段","won_per_km":0.4372,"afford_pct":0.5905,"line_en":"Lianluoxian/chengneiduan"},{"line":"联络线/城内段","won_per_km":0.4674,"afford_pct":0.6313,"line_en":"Lianluoxian/chengneiduan"}]},"geometry":{"type":"Point","coordinates":[106.7846509,26.4841956]}},{"type":"Feature","properties":{"name":"离堆公园","name_en":"Lidui Park","name_zh":"离堆公园","country":"China","region":"Ngawa Prefecture","gdp_usd":9579,"segments":[{"line":"成灌铁路","won_per_km":0.3295,"afford_pct":0.5742,"line_en":"Chengguan Railway"}]},"geometry":{"type":"Point","coordinates":[103.6215556,30.9962148]}},{"type":"Feature","properties":{"name":"麓谷","name_en":"Lugu","name_zh":"","country":"China","region":"Changsha","gdp_usd":20104,"segments":[{"line":"渝厦高速铁路","won_per_km":0.5237,"afford_pct":0.4348,"line_en":"Yusha High-Speed Railway"}]},"geometry":{"type":"Point","coordinates":[112.8589094,28.2519067]}},{"type":"Feature","properties":{"name":"苍溪","name_en":"Cangxi","name_zh":"苍溪","country":"China","region":"Guangyuan","gdp_usd":7955,"segments":[{"line":"兰渝铁路","won_per_km":0.3697,"afford_pct":0.7757,"line_en":"Lanyu Railway"}]},"geometry":{"type":"Point","coordinates":[105.9121679,31.7626677]}},{"type":"Feature","properties":{"name":"南宁西","name_en":"Nanningxi","name_zh":"南宁西","country":"China","region":"Nanning","gdp_usd":9311,"segments":[{"line":"南昆高速铁路","won_per_km":0.3684,"afford_pct":0.6604,"line_en":"Nankun High-Speed Railway"}]},"geometry":{"type":"Point","coordinates":[107.9711032,22.8912035]}},{"type":"Feature","properties":{"name":"安靖","name_en":"Anjing","name_zh":"","country":"China","region":"Chengdu","gdp_usd":15280,"segments":[{"line":"联络线/城内段","won_per_km":0.4772,"afford_pct":0.5213,"line_en":"Lianluoxian/chengneiduan"},{"line":"联络线/城内段","won_per_km":0.3857,"afford_pct":0.4213,"line_en":"Lianluoxian/chengneiduan"}]},"geometry":{"type":"Point","coordinates":[104.0342526,30.7400296]}},{"type":"Feature","properties":{"name":"鄂州东","name_en":"Ezhoudong","name_zh":"鄂州东","country":"China","region":"Ezhou","gdp_usd":17396,"segments":[{"line":"武九高速铁路","won_per_km":0.4,"afford_pct":0.3838,"line_en":"Wujiu High-Speed Railway"}]},"geometry":{"type":"Point","coordinates":[114.9430562,30.3638498]}},{"type":"Feature","properties":{"name":"乌海南","name_en":"Wuhainan","name_zh":"","country":"China","region":"Wuhai","gdp_usd":14880,"segments":[{"line":"包银高速铁路","won_per_km":0.4295,"afford_pct":0.4818,"line_en":"Baoyin High-Speed Railway"}]},"geometry":{"type":"Point","coordinates":[106.76242490000001,39.4395229]}},{"type":"Feature","properties":{"name":"巴图营","name_en":"Batuying","name_zh":"巴图营","country":"China","region":"Chaoyang","gdp_usd":5787,"segments":[{"line":"朝凌高速铁路","won_per_km":0.5472,"afford_pct":1.5785,"line_en":"Chaoling High-Speed Railway"}]},"geometry":{"type":"Point","coordinates":[120.72129380000001,41.4684212]}},{"type":"Feature","properties":{"name":"宏克力","name_en":"Hongkeli","name_zh":"宏克力","country":"China","region":"Harbin","gdp_usd":8488,"segments":[{"line":"哈佳铁路","won_per_km":0.366,"afford_pct":0.7198,"line_en":"Hajia Railway"}]},"geometry":{"type":"Point","coordinates":[129.85169290000002,46.5153023]}},{"type":"Feature","properties":{"name":"达连河","name_en":"Dalianhe","name_zh":"达连河","country":"China","region":"Harbin","gdp_usd":8488,"segments":[{"line":"哈佳铁路","won_per_km":0.366,"afford_pct":0.7198,"line_en":"Hajia Railway"}]},"geometry":{"type":"Point","coordinates":[129.4574082,46.1464732]}},{"type":"Feature","properties":{"name":"得莫利","name_en":"Demoli","name_zh":"得莫利","country":"China","region":"Harbin","gdp_usd":8488,"segments":[{"line":"哈佳铁路","won_per_km":0.366,"afford_pct":0.7198,"line_en":"Hajia Railway"}]},"geometry":{"type":"Point","coordinates":[129.0259695,45.8752575]}},{"type":"Feature","properties":{"name":"大明湖","name_en":"Daminghu","name_zh":"大明湖","country":"China","region":"Jinan","gdp_usd":19858,"segments":[{"line":"胶济客运专线","won_per_km":0.3766,"afford_pct":0.3166,"line_en":"Jiaoji Passenger Line"},{"line":"联络线/城内段","won_per_km":0.4988,"afford_pct":0.4193,"line_en":"Lianluoxian/chengneiduan"},{"line":"联络线/城内段","won_per_km":0.3693,"afford_pct":0.3104,"line_en":"Lianluoxian/chengneiduan"}]},"geometry":{"type":"Point","coordinates":[117.02194820000001,36.6811875]}},{"type":"Feature","properties":{"name":"安匠","name_en":"Anjiang","name_zh":"安匠","country":"China","region":"Chengde","gdp_usd":8309,"segments":[{"line":"京哈高速铁路","won_per_km":0.5202,"afford_pct":1.0451,"line_en":"Jingha High-Speed Railway"}]},"geometry":{"type":"Point","coordinates":[117.723237,40.7625342]}},{"type":"Feature","properties":{"name":"邵阳西","name_en":"Shaoyangxi","name_zh":"","country":"China","region":"Shaoyang","gdp_usd":6431,"segments":[{"line":"怀衡铁路","won_per_km":0.3855,"afford_pct":1.0006,"line_en":"Huaiheng Railway"}]},"geometry":{"type":"Point","coordinates":[111.2402308,27.2137672]}},{"type":"Feature","properties":{"name":"银花","name_en":"Yinhua","name_zh":"","country":"China","region":"Chongqing","gdp_usd":14036,"segments":[{"line":"渝熊铁路","won_per_km":0.2759,"afford_pct":0.3281,"line_en":"Yuxiong Railway"}]},"geometry":{"type":"Point","coordinates":[106.7233319,29.7704548]}},{"type":"Feature","properties":{"name":"花城街","name_en":"Huachengjie","name_zh":"花城街","country":"China","region":"Guangzhou","gdp_usd":22836,"segments":[{"line":"广州东环城际铁路","won_per_km":0.5875,"afford_pct":0.4294,"line_en":"Guangzhoudonghuan Intercity Railway"}]},"geometry":{"type":"Point","coordinates":[113.2317474,23.4288114]}},{"type":"Feature","properties":{"name":"花山镇","name_en":"Huashanzhen","name_zh":"花山镇","country":"China","region":"Guangzhou","gdp_usd":22836,"segments":[{"line":"广州东环城际铁路","won_per_km":0.5875,"afford_pct":0.4294,"line_en":"Guangzhoudonghuan Intercity Railway"}]},"geometry":{"type":"Point","coordinates":[113.26335990000001,23.4279784]}},{"type":"Feature","properties":{"name":"白云机场北","name_en":"Baiyun Airport North","name_zh":"白云机场北","country":"China","region":"Guangzhou","gdp_usd":22836,"segments":[{"line":"广州东环城际铁路","won_per_km":0.5875,"afford_pct":0.4294,"line_en":"Guangzhoudonghuan Intercity Railway"}]},"geometry":{"type":"Point","coordinates":[113.3005975,23.3974703]}},{"type":"Feature","properties":{"name":"白云机场东","name_en":"Baiyun Airport East","name_zh":"白云机场东","country":"China","region":"Guangzhou","gdp_usd":22836,"segments":[{"line":"广州东环城际铁路","won_per_km":0.5875,"afford_pct":0.4294,"line_en":"Guangzhoudonghuan Intercity Railway"}]},"geometry":{"type":"Point","coordinates":[113.31469580000001,23.367064]}},{"type":"Feature","properties":{"name":"竹料","name_en":"Zhuliao","name_zh":"竹料","country":"China","region":"Guangzhou","gdp_usd":22836,"segments":[{"line":"广州东环城际铁路","won_per_km":0.5875,"afford_pct":0.4294,"line_en":"Guangzhoudonghuan Intercity Railway"}]},"geometry":{"type":"Point","coordinates":[113.3608861,23.3505721]}},{"type":"Feature","properties":{"name":"迎宾路","name_en":"Yingbinlu","name_zh":"迎宾路","country":"China","region":"Ngawa Prefecture","gdp_usd":9579,"segments":[{"line":"成灌铁路","won_per_km":0.46,"afford_pct":0.8016,"line_en":"Chengguan Railway"},{"line":"成灌铁路","won_per_km":0.3295,"afford_pct":0.5742,"line_en":"Chengguan Railway"}]},"geometry":{"type":"Point","coordinates":[103.6399233,30.9835351]}},{"type":"Feature","properties":{"name":"安德","name_en":"Ande","name_zh":"安德","country":"China","region":"Chengdu","gdp_usd":15280,"segments":[{"line":"成灌铁路","won_per_km":0.46,"afford_pct":0.5025,"line_en":"Chengguan Railway"},{"line":"成灌铁路","won_per_km":0.3295,"afford_pct":0.3599,"line_en":"Chengguan Railway"}]},"geometry":{"type":"Point","coordinates":[103.8100498,30.8765324]}},{"type":"Feature","properties":{"name":"宾西北","name_en":"Binxibei","name_zh":"宾西北","country":"China","region":"Harbin","gdp_usd":8488,"segments":[{"line":"哈佳铁路","won_per_km":0.366,"afford_pct":0.7198,"line_en":"Hajia Railway"}]},"geometry":{"type":"Point","coordinates":[127.1433913,45.790068]}},{"type":"Feature","properties":{"name":"いわて沼宮内","name_en":"Iwate-Numakunai","name_zh":"いわて沼宮内","country":"Japan","region":"Iwate","gdp_usd":29461,"segments":[{"line":"東北新幹線","won_per_km":36.18,"afford_pct":0.9734,"line_en":"Tohoku Shinkansen"}]},"geometry":{"type":"Point","coordinates":[141.2172841,39.960584]}},{"type":"Feature","properties":{"name":"かみのやま温泉","name_en":"Kaminoyama-Onsen","name_zh":"かみのやま温泉","country":"Japan","region":"Yamagata","gdp_usd":30231,"segments":[{"line":"山形新幹線","won_per_km":31.0,"afford_pct":0.8128,"line_en":"Yamagata Shinkansen"}]},"geometry":{"type":"Point","coordinates":[140.2785301,38.1520989]}},{"type":"Feature","properties":{"name":"くりこま高原","name_en":"Kurikoma-Kogen","name_zh":"くりこま高原","country":"Japan","region":"Miyagi","gdp_usd":30576,"segments":[{"line":"東北新幹線","won_per_km":36.18,"afford_pct":0.9379,"line_en":"Tohoku Shinkansen"}]},"geometry":{"type":"Point","coordinates":[141.0716092,38.7487399]}},{"type":"Feature","properties":{"name":"さくらんぼ東根","name_en":"Sakurambo-Higashine","name_zh":"さくらんぼ東根","country":"Japan","region":"Yamagata","gdp_usd":30231,"segments":[{"line":"山形新幹線","won_per_km":31.0,"afford_pct":0.8128,"line_en":"Yamagata Shinkansen"}]},"geometry":{"type":"Point","coordinates":[140.3810129,38.4285068]}},{"type":"Feature","properties":{"name":"一ノ関","name_en":"Ichinoseki","name_zh":"一ノ関","country":"Japan","region":"Iwate","gdp_usd":29461,"segments":[{"line":"東北新幹線","won_per_km":36.18,"afford_pct":0.9734,"line_en":"Tohoku Shinkansen"}]},"geometry":{"type":"Point","coordinates":[141.1389019,38.9268807]}},{"type":"Feature","properties":{"name":"七戸十和田","name_en":"Shichinohe-Towada","name_zh":"七戸十和田","country":"Japan","region":"Aomori","gdp_usd":26724,"segments":[{"line":"東北新幹線","won_per_km":36.18,"afford_pct":1.0731,"line_en":"Tohoku Shinkansen"}]},"geometry":{"type":"Point","coordinates":[141.1535294,40.720056]}},{"type":"Feature","properties":{"name":"三原","name_en":"Mihara","name_zh":"三原","country":"Japan","region":"Hiroshima","gdp_usd":32781,"segments":[{"line":"山陽新幹線","won_per_km":33.83,"afford_pct":0.818,"line_en":"Sanyo Shinkansen"}]},"geometry":{"type":"Point","coordinates":[133.083283,34.4007946]}},{"type":"Feature","properties":{"name":"三島","name_en":"Mishima","name_zh":"三島","country":"Japan","region":"Shizuoka","gdp_usd":36981,"segments":[{"line":"東海道新幹線","won_per_km":33.47,"afford_pct":0.7173,"line_en":"Tokaido Shinkansen"}]},"geometry":{"type":"Point","coordinates":[138.91016720000002,35.1268739]}},{"type":"Feature","properties":{"name":"三河安城","name_en":"Mikawa-Anjo","name_zh":"三河安城","country":"Japan","region":"Aichi","gdp_usd":41678,"segments":[{"line":"東海道新幹線","won_per_km":33.47,"afford_pct":0.6365,"line_en":"Tokaido Shinkansen"}]},"geometry":{"type":"Point","coordinates":[137.0607492,34.9686683]}},{"type":"Feature","properties":{"name":"上毛高原","name_en":"Jomo-Kogen","name_zh":"上毛高原","country":"Japan","region":"Gunma","gdp_usd":36995,"segments":[{"line":"上越新幹線","won_per_km":35.02,"afford_pct":0.7503,"line_en":"Joetsu Shinkansen"}]},"geometry":{"type":"Point","coordinates":[138.9775973,36.6931647]}},{"type":"Feature","properties":{"name":"上田","name_en":"Ueda","name_zh":"上田","country":"Japan","region":"Nagano","gdp_usd":32011,"segments":[{"line":"北陸新幹線","won_per_km":35.0,"afford_pct":0.8666,"line_en":"Hokuriku Shinkansen"}]},"geometry":{"type":"Point","coordinates":[138.24958510000002,36.3965984]}},{"type":"Feature","properties":{"name":"上越妙高","name_en":"Joetsu-Myoko","name_zh":"上越妙高","country":"Japan","region":"Niigata","gdp_usd":30458,"segments":[{"line":"北陸新幹線","won_per_km":35.0,"afford_pct":0.9108,"line_en":"Hokuriku Shinkansen"}]},"geometry":{"type":"Point","coordinates":[138.2486852,37.0812219]}},{"type":"Feature","properties":{"name":"上野","name_en":"Ueno","name_zh":"上野","country":"Japan","region":"Tokyo","gdp_usd":62093,"segments":[{"line":"東北新幹線","won_per_km":36.18,"afford_pct":0.4618,"line_en":"Tohoku Shinkansen"}]},"geometry":{"type":"Point","coordinates":[139.77654180000002,35.7134128]}},{"type":"Feature","properties":{"name":"久留米","name_en":"Kurume","name_zh":"久留米","country":"Japan","region":"Fukuoka","gdp_usd":28610,"segments":[{"line":"九州新幹線","won_per_km":43.84,"afford_pct":1.2145,"line_en":"Kyushu Shinkansen"}]},"geometry":{"type":"Point","coordinates":[130.5014036,33.3206417]}},{"type":"Feature","properties":{"name":"二戸","name_en":"Ninohe","name_zh":"二戸","country":"Japan","region":"Iwate","gdp_usd":29461,"segments":[{"line":"東北新幹線","won_per_km":36.18,"afford_pct":0.9734,"line_en":"Tohoku Shinkansen"}]},"geometry":{"type":"Point","coordinates":[141.286006,40.260138]}},{"type":"Feature","properties":{"name":"京都","name_en":"Kyoto","name_zh":"京都","country":"Japan","region":"Kyoto","gdp_usd":31586,"segments":[{"line":"東海道新幹線","won_per_km":33.47,"afford_pct":0.8399,"line_en":"Tokaido Shinkansen"}]},"geometry":{"type":"Point","coordinates":[135.75843030000001,34.9846076]}},{"type":"Feature","properties":{"name":"仙台","name_en":"Sendai","name_zh":"仙台","country":"Japan","region":"Miyagi","gdp_usd":30576,"segments":[{"line":"東北新幹線","won_per_km":36.18,"afford_pct":0.9379,"line_en":"Tohoku Shinkansen"}]},"geometry":{"type":"Point","coordinates":[140.8823921,38.2603516]}},{"type":"Feature","properties":{"name":"佐久平","name_en":"Sakudaira","name_zh":"佐久平","country":"Japan","region":"Nagano","gdp_usd":32011,"segments":[]},"geometry":{"type":"Point","coordinates":[138.4643868,36.2781104]}},{"type":"Feature","properties":{"name":"八戸","name_en":"Hachinohe","name_zh":"八戸","country":"Japan","region":"Aomori","gdp_usd":26724,"segments":[{"line":"東北新幹線","won_per_km":36.18,"afford_pct":1.0731,"line_en":"Tohoku Shinkansen"}]},"geometry":{"type":"Point","coordinates":[141.430899,40.5093403]}},{"type":"Feature","properties":{"name":"出水","name_en":"Izumi","name_zh":"出水","country":"Japan","region":"Kagoshima","gdp_usd":28065,"segments":[{"line":"九州新幹線","won_per_km":43.84,"afford_pct":1.2381,"line_en":"Kyushu Shinkansen"}]},"geometry":{"type":"Point","coordinates":[130.3577842,32.089725]}},{"type":"Feature","properties":{"name":"加賀温泉","name_en":"Kagaonsen","name_zh":"加賀温泉","country":"Japan","region":"Ishikawa","gdp_usd":30603,"segments":[{"line":"北陸新幹線","won_per_km":35.0,"afford_pct":0.9065,"line_en":"Hokuriku Shinkansen"}]},"geometry":{"type":"Point","coordinates":[136.3504996,36.3203882]}},{"type":"Feature","properties":{"name":"北上","name_en":"Kitakami","name_zh":"北上","country":"Japan","region":"Iwate","gdp_usd":29461,"segments":[{"line":"東北新幹線","won_per_km":36.18,"afford_pct":0.9734,"line_en":"Tohoku Shinkansen"}]},"geometry":{"type":"Point","coordinates":[141.1217172,39.2818212]}},{"type":"Feature","properties":{"name":"博多","name_en":"Hakata","name_zh":"博多","country":"Japan","region":"Fukuoka","gdp_usd":28610,"segments":[{"line":"山陽新幹線","won_per_km":33.83,"afford_pct":0.9372,"line_en":"Sanyo Shinkansen"},{"line":"九州新幹線","won_per_km":43.84,"afford_pct":1.2145,"line_en":"Kyushu Shinkansen"}]},"geometry":{"type":"Point","coordinates":[130.42115940000002,33.5899887]}},{"type":"Feature","properties":{"name":"厚狭","name_en":"Asa","name_zh":"厚狭","country":"Japan","region":"Yamaguchi","gdp_usd":34814,"segments":[{"line":"山陽新幹線","won_per_km":33.83,"afford_pct":0.7702,"line_en":"Sanyo Shinkansen"}]},"geometry":{"type":"Point","coordinates":[131.1597941,34.0534364]}},{"type":"Feature","properties":{"name":"古川","name_en":"Furukawa","name_zh":"古川","country":"Japan","region":"Miyagi","gdp_usd":30576,"segments":[{"line":"東北新幹線","won_per_km":36.18,"afford_pct":0.9379,"line_en":"Tohoku Shinkansen"}]},"geometry":{"type":"Point","coordinates":[140.9679338,38.5705529]}},{"type":"Feature","properties":{"name":"名古屋","name_en":"Nagoya","name_zh":"名古屋","country":"Japan","region":"Aichi","gdp_usd":41678,"segments":[{"line":"東海道新幹線","won_per_km":33.47,"afford_pct":0.6365,"line_en":"Tokaido Shinkansen"}]},"geometry":{"type":"Point","coordinates":[136.8809822,35.170581]}},{"type":"Feature","properties":{"name":"品川","name_en":"Shinagawa","name_zh":"品川","country":"Japan","region":"Tokyo","gdp_usd":62093,"segments":[{"line":"東海道新幹線","won_per_km":33.47,"afford_pct":0.4272,"line_en":"Tokaido Shinkansen"}]},"geometry":{"type":"Point","coordinates":[139.74006590000002,35.6286457]}},{"type":"Feature","properties":{"name":"大宮","name_en":"Omiya","name_zh":"大宮","country":"Japan","region":"Saitama","gdp_usd":24375,"segments":[{"line":"東北新幹線","won_per_km":36.18,"afford_pct":1.1765,"line_en":"Tohoku Shinkansen"},{"line":"上越新幹線","won_per_km":35.02,"afford_pct":1.1387,"line_en":"Joetsu Shinkansen"}]},"geometry":{"type":"Point","coordinates":[139.623152,35.9061487]}},{"type":"Feature","properties":{"name":"大曲","name_en":"Omagari","name_zh":"大曲","country":"Japan","region":"Akita","gdp_usd":28299,"segments":[{"line":"秋田新幹線","won_per_km":31.0,"afford_pct":0.8683,"line_en":"Akita Shinkansen"}]},"geometry":{"type":"Point","coordinates":[140.479891,39.4656823]}},{"type":"Feature","properties":{"name":"大石田","name_en":"Oishida","name_zh":"大石田","country":"Japan","region":"Yamagata","gdp_usd":30231,"segments":[{"line":"山形新幹線","won_per_km":31.0,"afford_pct":0.8128,"line_en":"Yamagata Shinkansen"}]},"geometry":{"type":"Point","coordinates":[140.37531320000002,38.5956294]}},{"type":"Feature","properties":{"name":"天童","name_en":"Tendo","name_zh":"天童","country":"Japan","region":"Yamagata","gdp_usd":30231,"segments":[{"line":"山形新幹線","won_per_km":31.0,"afford_pct":0.8128,"line_en":"Yamagata Shinkansen"}]},"geometry":{"type":"Point","coordinates":[140.3695642,38.3599623]}},{"type":"Feature","properties":{"name":"奥津軽いまべつ","name_en":"Okutsugaru-imabetsu","name_zh":"奥津軽いまべつ","country":"Japan","region":"Aomori","gdp_usd":26724,"segments":[{"line":"北海道新幹線","won_per_km":46.97,"afford_pct":1.3931,"line_en":"Hokkaido Shinkansen"}]},"geometry":{"type":"Point","coordinates":[140.51567970000002,41.1450243]}},{"type":"Feature","properties":{"name":"姫路","name_en":"Himeji","name_zh":"姫路","country":"Japan","region":"Hyogo","gdp_usd":31489,"segments":[{"line":"山陽新幹線","won_per_km":33.83,"afford_pct":0.8515,"line_en":"Sanyo Shinkansen"}]},"geometry":{"type":"Point","coordinates":[134.69079720000002,34.8264048]}},{"type":"Feature","properties":{"name":"嬉野温泉","name_en":"Ureshino-Onsen","name_zh":"嬉野温泉","country":"Japan","region":"Saga","gdp_usd":28511,"segments":[{"line":"西九州新幹線","won_per_km":43.84,"afford_pct":1.2187,"line_en":"Nishi-Kyushu Shinkansen"}]},"geometry":{"type":"Point","coordinates":[129.9989438,33.1066719]}},{"type":"Feature","properties":{"name":"宇都宮","name_en":"Utsunomiya","name_zh":"宇都宮","country":"Japan","region":"Tochigi","gdp_usd":36451,"segments":[{"line":"東北新幹線","won_per_km":36.18,"afford_pct":0.7867,"line_en":"Tohoku Shinkansen"}]},"geometry":{"type":"Point","coordinates":[139.89815710000002,36.5592983]}},{"type":"Feature","properties":{"name":"安中榛名","name_en":"Annaka-Haruna","name_zh":"安中榛名","country":"Japan","region":"Gunma","gdp_usd":36995,"segments":[]},"geometry":{"type":"Point","coordinates":[138.84939640000002,36.3625792]}},{"type":"Feature","properties":{"name":"富山","name_en":"Toyama","name_zh":"富山","country":"Japan","region":"Toyama","gdp_usd":35147,"segments":[{"line":"北陸新幹線","won_per_km":35.0,"afford_pct":0.7893,"line_en":"Hokuriku Shinkansen"}]},"geometry":{"type":"Point","coordinates":[137.21335770000002,36.7014249]}},{"type":"Feature","properties":{"name":"小倉","name_en":"Kokura","name_zh":"小倉","country":"Japan","region":"Fukuoka","gdp_usd":28610,"segments":[{"line":"山陽新幹線","won_per_km":33.83,"afford_pct":0.9372,"line_en":"Sanyo Shinkansen"}]},"geometry":{"type":"Point","coordinates":[130.8832221,33.8872865]}},{"type":"Feature","properties":{"name":"小山","name_en":"Oyama","name_zh":"小山","country":"Japan","region":"Tochigi","gdp_usd":36451,"segments":[{"line":"東北新幹線","won_per_km":36.18,"afford_pct":0.7867,"line_en":"Tohoku Shinkansen"}]},"geometry":{"type":"Point","coordinates":[139.80650540000002,36.3129364]}},{"type":"Feature","properties":{"name":"小松","name_en":"Komatsu","name_zh":"小松","country":"Japan","region":"Ishikawa","gdp_usd":30603,"segments":[{"line":"北陸新幹線","won_per_km":35.0,"afford_pct":0.9065,"line_en":"Hokuriku Shinkansen"}]},"geometry":{"type":"Point","coordinates":[136.45281450000002,36.4018391]}},{"type":"Feature","properties":{"name":"小田原","name_en":"Odawara","name_zh":"小田原","country":"Japan","region":"Kanagawa","gdp_usd":27612,"segments":[{"line":"東海道新幹線","won_per_km":33.47,"afford_pct":0.9608,"line_en":"Tokaido Shinkansen"}]},"geometry":{"type":"Point","coordinates":[139.1545547,35.2561225]}},{"type":"Feature","properties":{"name":"山形","name_en":"Yamagata","name_zh":"山形","country":"Japan","region":"Yamagata","gdp_usd":30231,"segments":[{"line":"山形新幹線","won_per_km":31.0,"afford_pct":0.8128,"line_en":"Yamagata Shinkansen"}]},"geometry":{"type":"Point","coordinates":[140.3278031,38.2484701]}},{"type":"Feature","properties":{"name":"岐阜羽島","name_en":"Gifu-Hashima","name_zh":"岐阜羽島","country":"Japan","region":"Gifu","gdp_usd":30650,"segments":[{"line":"東海道新幹線","won_per_km":33.47,"afford_pct":0.8655,"line_en":"Tokaido Shinkansen"}]},"geometry":{"type":"Point","coordinates":[136.68603660000002,35.3155126]}},{"type":"Feature","properties":{"name":"岡山","name_en":"Okayama","name_zh":"岡山","country":"Japan","region":"Okayama","gdp_usd":28597,"segments":[{"line":"山陽新幹線","won_per_km":33.83,"afford_pct":0.9377,"line_en":"Sanyo Shinkansen"}]},"geometry":{"type":"Point","coordinates":[133.917825,34.6654089]}},{"type":"Feature","properties":{"name":"川内","name_en":"Sendai","name_zh":"川内","country":"Japan","region":"Kagoshima","gdp_usd":28065,"segments":[{"line":"九州新幹線","won_per_km":43.84,"afford_pct":1.2381,"line_en":"Kyushu Shinkansen"}]},"geometry":{"type":"Point","coordinates":[130.3122563,31.8137835]}},{"type":"Feature","properties":{"name":"広島","name_en":"Hiroshima","name_zh":"広島","country":"Japan","region":"Hiroshima","gdp_usd":32781,"segments":[{"line":"山陽新幹線","won_per_km":33.83,"afford_pct":0.818,"line_en":"Sanyo Shinkansen"}]},"geometry":{"type":"Point","coordinates":[132.4753527,34.3985139]}},{"type":"Feature","properties":{"name":"徳山","name_en":"Tokuyama","name_zh":"徳山","country":"Japan","region":"Yamaguchi","gdp_usd":34814,"segments":[{"line":"山陽新幹線","won_per_km":33.83,"afford_pct":0.7702,"line_en":"Sanyo Shinkansen"}]},"geometry":{"type":"Point","coordinates":[131.8020941,34.0510183]}},{"type":"Feature","properties":{"name":"掛川","name_en":"Kakegawa","name_zh":"掛川","country":"Japan","region":"Shizuoka","gdp_usd":36981,"segments":[{"line":"東海道新幹線","won_per_km":33.47,"afford_pct":0.7173,"line_en":"Tokaido Shinkansen"}]},"geometry":{"type":"Point","coordinates":[138.0149389,34.7691155]}},{"type":"Feature","properties":{"name":"敦賀","name_en":"Tsuruga","name_zh":"敦賀","country":"Japan","region":"Fukui","gdp_usd":33653,"segments":[{"line":"北陸新幹線","won_per_km":35.0,"afford_pct":0.8243,"line_en":"Hokuriku Shinkansen"}]},"geometry":{"type":"Point","coordinates":[136.07806390000002,35.6450434]}},{"type":"Feature","properties":{"name":"新下関","name_en":"Shin-Shimonoseki","name_zh":"新下関","country":"Japan","region":"Yamaguchi","gdp_usd":34814,"segments":[{"line":"山陽新幹線","won_per_km":33.83,"afford_pct":0.7702,"line_en":"Sanyo Shinkansen"}]},"geometry":{"type":"Point","coordinates":[130.9492803,34.0082223]}},{"type":"Feature","properties":{"name":"新倉敷","name_en":"Shin-Kurashiki","name_zh":"新倉敷","country":"Japan","region":"Okayama","gdp_usd":28597,"segments":[{"line":"山陽新幹線","won_per_km":33.83,"afford_pct":0.9377,"line_en":"Sanyo Shinkansen"}]},"geometry":{"type":"Point","coordinates":[133.6784605,34.5652579]}},{"type":"Feature","properties":{"name":"新八代","name_en":"Shin-Yatsushiro","name_zh":"新八代","country":"Japan","region":"Kumamoto","gdp_usd":27702,"segments":[{"line":"九州新幹線","won_per_km":43.84,"afford_pct":1.2543,"line_en":"Kyushu Shinkansen"}]},"geometry":{"type":"Point","coordinates":[130.63483920000002,32.5180397]}},{"type":"Feature","properties":{"name":"新函館北斗","name_en":"Shin-Hakodate-Hokuto","name_zh":"新函館北斗","country":"Japan","region":"Hokkaido","gdp_usd":29465,"segments":[{"line":"北海道新幹線","won_per_km":46.97,"afford_pct":1.2635,"line_en":"Hokkaido Shinkansen"}]},"geometry":{"type":"Point","coordinates":[140.64853580000002,41.9046814]}},{"type":"Feature","properties":{"name":"新大村","name_en":"Shin-Ōmura","name_zh":"新大村","country":"Japan","region":"Nagasaki","gdp_usd":26297,"segments":[{"line":"西九州新幹線","won_per_km":43.84,"afford_pct":1.3214,"line_en":"Nishi-Kyushu Shinkansen"}]},"geometry":{"type":"Point","coordinates":[129.9570496,32.9329805]}},{"type":"Feature","properties":{"name":"新大牟田","name_en":"New Omuta","name_zh":"新大牟田","country":"Japan","region":"Fukuoka","gdp_usd":28610,"segments":[{"line":"九州新幹線","won_per_km":43.84,"afford_pct":1.2145,"line_en":"Kyushu Shinkansen"}]},"geometry":{"type":"Point","coordinates":[130.4887598,33.0711991]}},{"type":"Feature","properties":{"name":"新大阪","name_en":"Shin-Ōsaka","name_zh":"新大阪","country":"Japan","region":"Osaka","gdp_usd":35603,"segments":[{"line":"東海道新幹線","won_per_km":33.47,"afford_pct":0.7451,"line_en":"Tokaido Shinkansen"},{"line":"山陽新幹線","won_per_km":33.83,"afford_pct":0.7531,"line_en":"Sanyo Shinkansen"}]},"geometry":{"type":"Point","coordinates":[135.50018880000002,34.7335385]}},{"type":"Feature","properties":{"name":"新富士","name_en":"Shin-Fuji","name_zh":"新富士","country":"Japan","region":"Shizuoka","gdp_usd":36981,"segments":[{"line":"東海道新幹線","won_per_km":33.47,"afford_pct":0.7173,"line_en":"Tokaido Shinkansen"}]},"geometry":{"type":"Point","coordinates":[138.66346090000002,35.1421319]}},{"type":"Feature","properties":{"name":"新尾道","name_en":"Shin-Onomichi","name_zh":"新尾道","country":"Japan","region":"Hiroshima","gdp_usd":32781,"segments":[{"line":"山陽新幹線","won_per_km":33.83,"afford_pct":0.818,"line_en":"Sanyo Shinkansen"}]},"geometry":{"type":"Point","coordinates":[133.1903283,34.4300627]}},{"type":"Feature","properties":{"name":"新山口","name_en":"Shin Yamaguchi","name_zh":"新山口","country":"Japan","region":"Yamaguchi","gdp_usd":34814,"segments":[{"line":"山陽新幹線","won_per_km":33.83,"afford_pct":0.7702,"line_en":"Sanyo Shinkansen"}]},"geometry":{"type":"Point","coordinates":[131.3969538,34.0931301]}},{"type":"Feature","properties":{"name":"新岩国","name_en":"Shin-Iwakuni","name_zh":"新岩国","country":"Japan","region":"Yamaguchi","gdp_usd":34814,"segments":[{"line":"山陽新幹線","won_per_km":33.83,"afford_pct":0.7702,"line_en":"Sanyo Shinkansen"}]},"geometry":{"type":"Point","coordinates":[132.1495132,34.1645738]}},{"type":"Feature","properties":{"name":"新庄","name_en":"Shinjo","name_zh":"新庄","country":"Japan","region":"Yamagata","gdp_usd":30231,"segments":[{"line":"山形新幹線","won_per_km":31.0,"afford_pct":0.8128,"line_en":"Yamagata Shinkansen"}]},"geometry":{"type":"Point","coordinates":[140.30602,38.7626088]}},{"type":"Feature","properties":{"name":"新横浜","name_en":"Shin-Yokohama","name_zh":"新横浜","country":"Japan","region":"Kanagawa","gdp_usd":27612,"segments":[{"line":"東海道新幹線","won_per_km":33.47,"afford_pct":0.9608,"line_en":"Tokaido Shinkansen"}]},"geometry":{"type":"Point","coordinates":[139.6174221,35.5072282]}},{"type":"Feature","properties":{"name":"新水俣","name_en":"Shin-Minamata","name_zh":"新水俣","country":"Japan","region":"Kumamoto","gdp_usd":27702,"segments":[{"line":"九州新幹線","won_per_km":43.84,"afford_pct":1.2543,"line_en":"Kyushu Shinkansen"}]},"geometry":{"type":"Point","coordinates":[130.4286671,32.2105785]}},{"type":"Feature","properties":{"name":"新潟","name_en":"Niigata","name_zh":"新潟","country":"Japan","region":"Niigata","gdp_usd":30458,"segments":[{"line":"上越新幹線","won_per_km":35.02,"afford_pct":0.9113,"line_en":"Joetsu Shinkansen"}]},"geometry":{"type":"Point","coordinates":[139.0613294,37.9122444]}},{"type":"Feature","properties":{"name":"新玉名","name_en":"New Tamana","name_zh":"新玉名","country":"Japan","region":"Kumamoto","gdp_usd":27702,"segments":[]},"geometry":{"type":"Point","coordinates":[130.57377580000002,32.9423867]}},{"type":"Feature","properties":{"name":"新白河","name_en":"Shin-Shirakawa","name_zh":"新白河","country":"Japan","region":"Fukushima","gdp_usd":31855,"segments":[{"line":"東北新幹線","won_per_km":36.18,"afford_pct":0.9002,"line_en":"Tohoku Shinkansen"}]},"geometry":{"type":"Point","coordinates":[140.18844610000002,37.1230906]}},{"type":"Feature","properties":{"name":"新神戸","name_en":"Shin-Kobe","name_zh":"新神戸","country":"Japan","region":"Hyogo","gdp_usd":31489,"segments":[{"line":"山陽新幹線","won_per_km":33.83,"afford_pct":0.8515,"line_en":"Sanyo Shinkansen"}]},"geometry":{"type":"Point","coordinates":[135.19561570000002,34.7064884]}},{"type":"Feature","properties":{"name":"新花巻","name_en":"Shin-Hanamaki","name_zh":"新花巻","country":"Japan","region":"Iwate","gdp_usd":29461,"segments":[{"line":"東北新幹線","won_per_km":36.18,"afford_pct":0.9734,"line_en":"Tohoku Shinkansen"}]},"geometry":{"type":"Point","coordinates":[141.17358090000002,39.4058826]}},{"type":"Feature","properties":{"name":"新青森","name_en":"Shin-Aomori","name_zh":"新青森","country":"Japan","region":"Aomori","gdp_usd":26724,"segments":[{"line":"東北新幹線","won_per_km":36.18,"afford_pct":1.0731,"line_en":"Tohoku Shinkansen"},{"line":"北海道新幹線","won_per_km":46.97,"afford_pct":1.3931,"line_en":"Hokkaido Shinkansen"}]},"geometry":{"type":"Point","coordinates":[140.693472,40.8282591]}},{"type":"Feature","properties":{"name":"新高岡","name_en":"Shin-Takaoka","name_zh":"新高岡","country":"Japan","region":"Toyama","gdp_usd":35147,"segments":[{"line":"北陸新幹線","won_per_km":35.0,"afford_pct":0.7893,"line_en":"Hokuriku Shinkansen"}]},"geometry":{"type":"Point","coordinates":[137.01199,36.726967]}},{"type":"Feature","properties":{"name":"新鳥栖","name_en":"Shin-Tosu","name_zh":"新鳥栖","country":"Japan","region":"Saga","gdp_usd":28511,"segments":[{"line":"九州新幹線","won_per_km":43.84,"afford_pct":1.2187,"line_en":"Kyushu Shinkansen"}]},"geometry":{"type":"Point","coordinates":[130.4914166,33.3697912]}},{"type":"Feature","properties":{"name":"木古内","name_en":"Kikonai","name_zh":"木古内","country":"Japan","region":"Hokkaido","gdp_usd":29465,"segments":[{"line":"北海道新幹線","won_per_km":46.97,"afford_pct":1.2635,"line_en":"Hokkaido Shinkansen"}]},"geometry":{"type":"Point","coordinates":[140.4342536,41.6785581]}},{"type":"Feature","properties":{"name":"本庄早稲田","name_en":"Honjō-Waseda","name_zh":"本庄早稲田","country":"Japan","region":"Saitama","gdp_usd":24375,"segments":[{"line":"上越新幹線","won_per_km":35.02,"afford_pct":1.1387,"line_en":"Joetsu Shinkansen"}]},"geometry":{"type":"Point","coordinates":[139.1794855,36.2188607]}},{"type":"Feature","properties":{"name":"村山","name_en":"Murayama","name_zh":"村山","country":"Japan","region":"Yamagata","gdp_usd":30231,"segments":[{"line":"山形新幹線","won_per_km":31.0,"afford_pct":0.8128,"line_en":"Yamagata Shinkansen"}]},"geometry":{"type":"Point","coordinates":[140.3864953,38.4770786]}},{"type":"Feature","properties":{"name":"東京","name_en":"Tokyo","name_zh":"東京","country":"Japan","region":"Tokyo","gdp_usd":62093,"segments":[{"line":"東海道新幹線","won_per_km":33.47,"afford_pct":0.4272,"line_en":"Tokaido Shinkansen"},{"line":"東北新幹線","won_per_km":36.18,"afford_pct":0.4618,"line_en":"Tohoku Shinkansen"},{"line":"上越新幹線","won_per_km":35.02,"afford_pct":0.447,"line_en":"Joetsu Shinkansen"},{"line":"北陸新幹線","won_per_km":35.0,"afford_pct":0.4468,"line_en":"Hokuriku Shinkansen"}]},"geometry":{"type":"Point","coordinates":[139.76745490000002,35.6811412]}},{"type":"Feature","properties":{"name":"東広島","name_en":"Higashi-Hiroshima","name_zh":"東広島","country":"Japan","region":"Hiroshima","gdp_usd":32781,"segments":[{"line":"山陽新幹線","won_per_km":33.83,"afford_pct":0.818,"line_en":"Sanyo Shinkansen"}]},"geometry":{"type":"Point","coordinates":[132.7588789,34.3888993]}},{"type":"Feature","properties":{"name":"武雄温泉","name_en":"Takeo Onsen","name_zh":"武雄温泉","country":"Japan","region":"Saga","gdp_usd":28511,"segments":[{"line":"西九州新幹線","won_per_km":43.84,"afford_pct":1.2187,"line_en":"Nishi-Kyushu Shinkansen"}]},"geometry":{"type":"Point","coordinates":[130.0230661,33.1964792]}},{"type":"Feature","properties":{"name":"水沢江刺","name_en":"Mizusawa-Esashi","name_zh":"水沢江刺","country":"Japan","region":"Iwate","gdp_usd":29461,"segments":[{"line":"東北新幹線","won_per_km":36.18,"afford_pct":0.9734,"line_en":"Tohoku Shinkansen"}]},"geometry":{"type":"Point","coordinates":[141.1887494,39.1451474]}},{"type":"Feature","properties":{"name":"浜松","name_en":"Hamamatsu","name_zh":"浜松","country":"Japan","region":"Shizuoka","gdp_usd":36981,"segments":[{"line":"東海道新幹線","won_per_km":33.47,"afford_pct":0.7173,"line_en":"Tokaido Shinkansen"}]},"geometry":{"type":"Point","coordinates":[137.73494390000002,34.7036136]}},{"type":"Feature","properties":{"name":"浦佐","name_en":"Urasa","name_zh":"浦佐","country":"Japan","region":"Niigata","gdp_usd":30458,"segments":[{"line":"上越新幹線","won_per_km":35.02,"afford_pct":0.9113,"line_en":"Joetsu Shinkansen"}]},"geometry":{"type":"Point","coordinates":[138.9228409,37.1672238]}},{"type":"Feature","properties":{"name":"熊本","name_en":"Kumamoto","name_zh":"熊本","country":"Japan","region":"Kumamoto","gdp_usd":27702,"segments":[{"line":"九州新幹線","won_per_km":43.84,"afford_pct":1.2543,"line_en":"Kyushu Shinkansen"}]},"geometry":{"type":"Point","coordinates":[130.6889738,32.7903174]}},{"type":"Feature","properties":{"name":"熊谷","name_en":"Kumagaya","name_zh":"熊谷","country":"Japan","region":"Saitama","gdp_usd":24375,"segments":[{"line":"上越新幹線","won_per_km":35.02,"afford_pct":1.1387,"line_en":"Joetsu Shinkansen"}]},"geometry":{"type":"Point","coordinates":[139.3904087,36.1393531]}},{"type":"Feature","properties":{"name":"熱海","name_en":"Atami","name_zh":"熱海","country":"Japan","region":"Shizuoka","gdp_usd":36981,"segments":[{"line":"東海道新幹線","won_per_km":33.47,"afford_pct":0.7173,"line_en":"Tokaido Shinkansen"}]},"geometry":{"type":"Point","coordinates":[139.07777710000002,35.10409]}},{"type":"Feature","properties":{"name":"燕三条","name_en":"Tsubame-Sanjo","name_zh":"燕三条","country":"Japan","region":"Niigata","gdp_usd":30458,"segments":[{"line":"上越新幹線","won_per_km":35.02,"afford_pct":0.9113,"line_en":"Joetsu Shinkansen"}]},"geometry":{"type":"Point","coordinates":[138.93908860000002,37.6483698]}},{"type":"Feature","properties":{"name":"田沢湖","name_en":"Tazawako","name_zh":"田沢湖","country":"Japan","region":"Akita","gdp_usd":28299,"segments":[{"line":"秋田新幹線","won_per_km":31.0,"afford_pct":0.8683,"line_en":"Akita Shinkansen"}]},"geometry":{"type":"Point","coordinates":[140.7223789,39.7002861]}},{"type":"Feature","properties":{"name":"白石蔵王","name_en":"Shiroishi-Zao","name_zh":"白石蔵王","country":"Japan","region":"Miyagi","gdp_usd":30576,"segments":[{"line":"東北新幹線","won_per_km":36.18,"afford_pct":0.9379,"line_en":"Tohoku Shinkansen"}]},"geometry":{"type":"Point","coordinates":[140.63317510000002,37.9954269]}},{"type":"Feature","properties":{"name":"盛岡","name_en":"Morioka","name_zh":"盛岡","country":"Japan","region":"Iwate","gdp_usd":29461,"segments":[{"line":"東北新幹線","won_per_km":36.18,"afford_pct":0.9734,"line_en":"Tohoku Shinkansen"},{"line":"秋田新幹線","won_per_km":31.0,"afford_pct":0.834,"line_en":"Akita Shinkansen"}]},"geometry":{"type":"Point","coordinates":[141.13553960000002,39.7022487]}},{"type":"Feature","properties":{"name":"相生","name_en":"Aioi","name_zh":"相生","country":"Japan","region":"Hyogo","gdp_usd":31489,"segments":[{"line":"山陽新幹線","won_per_km":33.83,"afford_pct":0.8515,"line_en":"Sanyo Shinkansen"}]},"geometry":{"type":"Point","coordinates":[134.4739893,34.8182702]}},{"type":"Feature","properties":{"name":"福井","name_en":"Fukui","name_zh":"福井","country":"Japan","region":"Fukui","gdp_usd":33653,"segments":[{"line":"北陸新幹線","won_per_km":35.0,"afford_pct":0.8243,"line_en":"Hokuriku Shinkansen"}]},"geometry":{"type":"Point","coordinates":[136.2239821,36.0621497]}},{"type":"Feature","properties":{"name":"福山","name_en":"Fukuyama","name_zh":"福山","country":"Japan","region":"Hiroshima","gdp_usd":32781,"segments":[{"line":"山陽新幹線","won_per_km":33.83,"afford_pct":0.818,"line_en":"Sanyo Shinkansen"}]},"geometry":{"type":"Point","coordinates":[133.3624823,34.4894286]}},{"type":"Feature","properties":{"name":"福島","name_en":"Fukushima","name_zh":"福島","country":"Japan","region":"Fukushima","gdp_usd":31855,"segments":[{"line":"東北新幹線","won_per_km":36.18,"afford_pct":0.9002,"line_en":"Tohoku Shinkansen"},{"line":"山形新幹線","won_per_km":31.0,"afford_pct":0.7713,"line_en":"Yamagata Shinkansen"}]},"geometry":{"type":"Point","coordinates":[140.4592144,37.75454]}},{"type":"Feature","properties":{"name":"秋田","name_en":"Akita","name_zh":"秋田","country":"Japan","region":"Akita","gdp_usd":28299,"segments":[{"line":"秋田新幹線","won_per_km":31.0,"afford_pct":0.8683,"line_en":"Akita Shinkansen"}]},"geometry":{"type":"Point","coordinates":[140.1296657,39.7168833]}},{"type":"Feature","properties":{"name":"筑後船小屋","name_en":"Chikugo Funagoya","name_zh":"筑後船小屋","country":"Japan","region":"Fukuoka","gdp_usd":28610,"segments":[{"line":"九州新幹線","won_per_km":43.84,"afford_pct":1.2145,"line_en":"Kyushu Shinkansen"}]},"geometry":{"type":"Point","coordinates":[130.4924364,33.1781547]}},{"type":"Feature","properties":{"name":"米原","name_en":"Maibara","name_zh":"米原","country":"Japan","region":"Shiga","gdp_usd":36054,"segments":[{"line":"東海道新幹線","won_per_km":33.47,"afford_pct":0.7358,"line_en":"Tokaido Shinkansen"}]},"geometry":{"type":"Point","coordinates":[136.2895833,35.3150245]}},{"type":"Feature","properties":{"name":"米沢","name_en":"Yonezawa","name_zh":"米沢","country":"Japan","region":"Yamagata","gdp_usd":30231,"segments":[{"line":"山形新幹線","won_per_km":31.0,"afford_pct":0.8128,"line_en":"Yamagata Shinkansen"}]},"geometry":{"type":"Point","coordinates":[140.1283425,37.9094986]}},{"type":"Feature","properties":{"name":"糸魚川","name_en":"Itoigawa","name_zh":"糸魚川","country":"Japan","region":"Niigata","gdp_usd":30458,"segments":[]},"geometry":{"type":"Point","coordinates":[137.86175310000002,37.0433062]}},{"type":"Feature","properties":{"name":"芦原温泉","name_en":"Awaraonsen","name_zh":"芦原温泉","country":"Japan","region":"Fukui","gdp_usd":33653,"segments":[{"line":"北陸新幹線","won_per_km":35.0,"afford_pct":0.8243,"line_en":"Hokuriku Shinkansen"}]},"geometry":{"type":"Point","coordinates":[136.2350566,36.2146024]}},{"type":"Feature","properties":{"name":"西明石","name_en":"Nishi-Akashi","name_zh":"西明石","country":"Japan","region":"Hyogo","gdp_usd":31489,"segments":[{"line":"山陽新幹線","won_per_km":33.83,"afford_pct":0.8515,"line_en":"Sanyo Shinkansen"}]},"geometry":{"type":"Point","coordinates":[134.9604166,34.6669049]}},{"type":"Feature","properties":{"name":"角館","name_en":"Kakunodate","name_zh":"角館","country":"Japan","region":"Akita","gdp_usd":28299,"segments":[{"line":"秋田新幹線","won_per_km":31.0,"afford_pct":0.8683,"line_en":"Akita Shinkansen"}]},"geometry":{"type":"Point","coordinates":[140.57118010000002,39.5917435]}},{"type":"Feature","properties":{"name":"諫早","name_en":"Isahaya","name_zh":"諫早","country":"Japan","region":"Nagasaki","gdp_usd":26297,"segments":[{"line":"西九州新幹線","won_per_km":43.84,"afford_pct":1.3214,"line_en":"Nishi-Kyushu Shinkansen"}]},"geometry":{"type":"Point","coordinates":[130.041437,32.8515808]}},{"type":"Feature","properties":{"name":"豊橋","name_en":"Toyohashi","name_zh":"豊橋","country":"Japan","region":"Aichi","gdp_usd":41678,"segments":[{"line":"東海道新幹線","won_per_km":33.47,"afford_pct":0.6365,"line_en":"Tokaido Shinkansen"}]},"geometry":{"type":"Point","coordinates":[137.3812062,34.7626409]}},{"type":"Feature","properties":{"name":"赤湯","name_en":"Akayu","name_zh":"赤湯","country":"Japan","region":"Yamagata","gdp_usd":30231,"segments":[{"line":"山形新幹線","won_per_km":31.0,"afford_pct":0.8128,"line_en":"Yamagata Shinkansen"}]},"geometry":{"type":"Point","coordinates":[140.14897630000002,38.0473771]}},{"type":"Feature","properties":{"name":"越前たけふ","name_en":"Echizen-Takefu","name_zh":"越前たけふ","country":"Japan","region":"Fukui","gdp_usd":33653,"segments":[{"line":"北陸新幹線","won_per_km":35.0,"afford_pct":0.8243,"line_en":"Hokuriku Shinkansen"}]},"geometry":{"type":"Point","coordinates":[136.1989052,35.8955139]}},{"type":"Feature","properties":{"name":"越後湯沢","name_en":"Echigo-Yuzawa","name_zh":"越後湯沢","country":"Japan","region":"Niigata","gdp_usd":30458,"segments":[{"line":"上越新幹線","won_per_km":35.02,"afford_pct":0.9113,"line_en":"Joetsu Shinkansen"}]},"geometry":{"type":"Point","coordinates":[138.80904560000002,36.9359414]}},{"type":"Feature","properties":{"name":"軽井沢","name_en":"Karuizawa","name_zh":"軽井沢","country":"Japan","region":"Gunma","gdp_usd":36995,"segments":[{"line":"北陸新幹線","won_per_km":35.0,"afford_pct":0.7499,"line_en":"Hokuriku Shinkansen"}]},"geometry":{"type":"Point","coordinates":[138.63510920000002,36.3425512]}},{"type":"Feature","properties":{"name":"那須塩原","name_en":"Nasushiobara","name_zh":"那須塩原","country":"Japan","region":"Tochigi","gdp_usd":36451,"segments":[{"line":"東北新幹線","won_per_km":36.18,"afford_pct":0.7867,"line_en":"Tohoku Shinkansen"}]},"geometry":{"type":"Point","coordinates":[140.0206943,36.9315625]}},{"type":"Feature","properties":{"name":"郡山","name_en":"Koriyama","name_zh":"郡山","country":"Japan","region":"Fukushima","gdp_usd":31855,"segments":[{"line":"東北新幹線","won_per_km":36.18,"afford_pct":0.9002,"line_en":"Tohoku Shinkansen"}]},"geometry":{"type":"Point","coordinates":[140.388798,37.398488]}},{"type":"Feature","properties":{"name":"金沢","name_en":"Kanazawa","name_zh":"金沢","country":"Japan","region":"Ishikawa","gdp_usd":30603,"segments":[{"line":"北陸新幹線","won_per_km":35.0,"afford_pct":0.9065,"line_en":"Hokuriku Shinkansen"}]},"geometry":{"type":"Point","coordinates":[136.6480247,36.5780499]}},{"type":"Feature","properties":{"name":"長岡","name_en":"Nagaoka","name_zh":"長岡","country":"Japan","region":"Niigata","gdp_usd":30458,"segments":[{"line":"上越新幹線","won_per_km":35.02,"afford_pct":0.9113,"line_en":"Joetsu Shinkansen"}]},"geometry":{"type":"Point","coordinates":[138.8541667,37.4478778]}},{"type":"Feature","properties":{"name":"長崎","name_en":"Nagasaki","name_zh":"長崎","country":"Japan","region":"Nagasaki","gdp_usd":26297,"segments":[{"line":"西九州新幹線","won_per_km":43.84,"afford_pct":1.3214,"line_en":"Nishi-Kyushu Shinkansen"}]},"geometry":{"type":"Point","coordinates":[129.86888150000001,32.7521727]}},{"type":"Feature","properties":{"name":"長野","name_en":"Nagano","name_zh":"長野","country":"Japan","region":"Nagano","gdp_usd":32011,"segments":[{"line":"北陸新幹線","won_per_km":35.0,"afford_pct":0.8666,"line_en":"Hokuriku Shinkansen"}]},"geometry":{"type":"Point","coordinates":[138.1888461,36.6427677]}},{"type":"Feature","properties":{"name":"雫石","name_en":"Shizukuishi","name_zh":"雫石","country":"Japan","region":"Iwate","gdp_usd":29461,"segments":[{"line":"秋田新幹線","won_per_km":31.0,"afford_pct":0.834,"line_en":"Akita Shinkansen"}]},"geometry":{"type":"Point","coordinates":[140.9744464,39.6892709]}},{"type":"Feature","properties":{"name":"静岡","name_en":"Shizuoka","name_zh":"静岡","country":"Japan","region":"Shizuoka","gdp_usd":36981,"segments":[{"line":"東海道新幹線","won_per_km":33.47,"afford_pct":0.7173,"line_en":"Tokaido Shinkansen"}]},"geometry":{"type":"Point","coordinates":[138.3893146,34.9716851]}},{"type":"Feature","properties":{"name":"飯山","name_en":"Iiyama","name_zh":"飯山","country":"Japan","region":"Nagano","gdp_usd":32011,"segments":[{"line":"北陸新幹線","won_per_km":35.0,"afford_pct":0.8666,"line_en":"Hokuriku Shinkansen"}]},"geometry":{"type":"Point","coordinates":[138.358746,36.8454839]}},{"type":"Feature","properties":{"name":"高崎","name_en":"Takasaki","name_zh":"高崎","country":"Japan","region":"Gunma","gdp_usd":36995,"segments":[{"line":"上越新幹線","won_per_km":35.02,"afford_pct":0.7503,"line_en":"Joetsu Shinkansen"},{"line":"北陸新幹線","won_per_km":35.0,"afford_pct":0.7499,"line_en":"Hokuriku Shinkansen"}]},"geometry":{"type":"Point","coordinates":[139.0127191,36.3223804]}},{"type":"Feature","properties":{"name":"高畠","name_en":"Takahata","name_zh":"高畠","country":"Japan","region":"Yamagata","gdp_usd":30231,"segments":[{"line":"山形新幹線","won_per_km":31.0,"afford_pct":0.8128,"line_en":"Yamagata Shinkansen"}]},"geometry":{"type":"Point","coordinates":[140.1531311,37.992415]}},{"type":"Feature","properties":{"name":"鹿児島中央","name_en":"Kagoshima-Chūō","name_zh":"鹿児島中央","country":"Japan","region":"Kagoshima","gdp_usd":28065,"segments":[{"line":"九州新幹線","won_per_km":43.84,"afford_pct":1.2381,"line_en":"Kyushu Shinkansen"}]},"geometry":{"type":"Point","coordinates":[130.5417909,31.5837134]}},{"type":"Feature","properties":{"name":"黒部宇奈月温泉","name_en":"Kurobe-Unazuki-Onsen","name_zh":"黒部宇奈月温泉","country":"Japan","region":"Toyama","gdp_usd":35147,"segments":[]},"geometry":{"type":"Point","coordinates":[137.481437,36.8743189]}}]}