{"type":"FeatureCollection","features":[{"type":"Feature","properties":{"country":"South Korea","line":"경부고속선","from":"행신","to":"서울","dist_km":14.9,"fare_local":1400,"currency":"KRW","local_per_km":94.0,"usd_per_km":0.0651,"extra":{"n_ktx_week":330,"n_srt_week":0},"from_en":"Haengsin","to_en":"Seoul","line_en":"Gyeongbu HSL"},"geometry":{"type":"LineString","coordinates":[[126.8342,37.6121],[126.8503,37.6125],[126.8531,37.6117],[126.8634,37.6068],[126.889,37.585],[126.9085,37.5718],[126.9186,37.5671],[126.9258,37.5652],[126.9324,37.5601],[126.9366,37.5596],[126.947,37.5599],[126.9545,37.5614],[126.9661,37.5624],[126.9688,37.5617],[126.9705,37.5603],[126.9711,37.559],[126.9712,37.555]]}},{"type":"Feature","properties":{"country":"South Korea","line":"경부고속선","from":"서울","to":"광명","dist_km":21.8,"fare_local":2200,"currency":"KRW","local_per_km":100.9,"usd_per_km":0.0699,"extra":{"n_ktx_week":1197,"n_srt_week":20},"from_en":"Seoul","to_en":"Gwangmyeong","line_en":"Gyeongbu HSL"},"geometry":{"type":"LineString","coordinates":[[126.9712,37.555],[126.9711,37.5384],[126.9701,37.5345],[126.9623,37.5287],[126.9462,37.5151],[126.938,37.5138],[126.9253,37.5134],[126.9187,37.5167],[126.9119,37.5169],[126.8908,37.5085],[126.884,37.5044],[126.8807,37.5013],[126.8795,37.4975],[126.8805,37.4867],[126.8985,37.4447],[126.8982,37.4414],[126.8972,37.439],[126.8847,37.4164]]}},{"type":"Feature","properties":{"country":"South Korea","line":"경부고속선","from":"광명","to":"오송","dist_km":104.3,"fare_local":16400,"currency":"KRW","local_per_km":157.2,"usd_per_km":0.1089,"extra":{"n_ktx_week":847,"n_srt_week":14},"from_en":"Gwangmyeong","to_en":"Osong","line_en":"Gyeongbu HSL"},"geometry":{"type":"LineString","coordinates":[[126.8847,37.4164],[126.8723,37.3933],[126.8668,37.3795],[126.8693,37.3615],[126.8715,37.3531],[126.8755,37.3431],[126.9139,37.2592],[126.9206,37.2492],[126.9348,37.2305],[126.9384,37.2245],[126.9413,37.218],[126.9445,37.2037],[126.9455,37.1835],[126.9515,37.1506],[126.962,37.0967],[126.9664,37.0849],[126.9716,37.0762],[126.978,37.068],[127.0536,36.9927],[127.06,36.9843],[127.0661,36.9729],[127.0685,36.9653],[127.0698,36.9586],[127.0743,36.9142],[127.0763,36.904],[127.1105,36.7708],[127.1162,36.758],[127.1219,36.7501],[127.1255,36.7461],[127.1321,36.7402],[127.1383,36.7359],[127.2839,36.6561],[127.2952,36.6488],[127.3195,36.6274],[127.3244,36.6219],[127.3274,36.6208]]}},{"type":"Feature","properties":{"country":"South Korea","line":"경부고속선","from":"오송","to":"대전","dist_km":38.2,"fare_local":5100,"currency":"KRW","local_per_km":133.5,"usd_per_km":0.0925,"extra":{"n_ktx_week":584,"n_srt_week":271},"from_en":"Osong","to_en":"Daejeon","line_en":"Gyeongbu HSL"},"geometry":{"type":"LineString","coordinates":[[127.3274,36.6208],[127.3318,36.6161],[127.3722,36.5798],[127.3765,36.5752],[127.3808,36.5692],[127.3863,36.5578],[127.4143,36.4627],[127.4168,36.4524],[127.4173,36.4452],[127.414,36.3864],[127.4149,36.3839],[127.416,36.3829],[127.4221,36.3796],[127.4231,36.3781],[127.4231,36.3766],[127.4178,36.359],[127.4172,36.3551],[127.4198,36.3507],[127.4239,36.3458],[127.4302,36.3405],[127.4353,36.3323]]}},{"type":"Feature","properties":{"country":"South Korea","line":"경부고속선","from":"대전","to":"동대구","dist_km":126.7,"fare_local":19350,"currency":"KRW","local_per_km":152.7,"usd_per_km":0.1058,"extra":{"n_ktx_week":1338,"n_srt_week":568},"from_en":"Daejeon","to_en":"Dongdaegu","line_en":"Gyeongbu HSL"},"geometry":{"type":"LineString","coordinates":[[127.4353,36.3323],[127.4393,36.3222],[127.4416,36.3203],[127.45,36.3188],[127.4544,36.3153],[127.4571,36.3142],[127.4684,36.3154],[127.4742,36.314],[127.5127,36.2947],[127.5243,36.2875],[127.5461,36.2726],[127.5582,36.266],[127.5718,36.2626],[127.6373,36.2509],[127.6779,36.2405],[127.6969,36.2329],[127.7104,36.2252],[127.7316,36.2108],[127.7433,36.2035],[127.8269,36.158],[127.875,36.1481],[127.8936,36.1454],[128.0284,36.1387],[128.054,36.138],[128.1327,36.1263],[128.148,36.1228],[128.2986,36.0775],[128.3183,36.0693],[128.3563,36.0484],[128.5006,35.9584],[128.5073,35.951],[128.5089,35.948],[128.5097,35.9445],[128.5095,35.9289],[128.5065,35.9015],[128.5069,35.8982],[128.5086,35.8937],[128.5109,35.8904],[128.5157,35.8862],[128.5199,35.8841],[128.5248,35.8829],[128.5538,35.8808],[128.5567,35.881],[128.5658,35.884],[128.5687,35.8843],[128.5727,35.8829],[128.5771,35.8796],[128.6047,35.8738],[128.6071,35.8739],[128.6279,35.8794]]}},{"type":"Feature","properties":{"country":"South Korea","line":"경부고속선","from":"동대구","to":"경주","dist_km":49.3,"fare_local":5800,"currency":"KRW","local_per_km":117.6,"usd_per_km":0.0815,"extra":{"n_ktx_week":358,"n_srt_week":224},"from_en":"Dongdaegu","to_en":"Gyeongju","line_en":"Gyeongbu HSL"},"geometry":{"type":"LineString","coordinates":[[128.6279,35.8794],[128.6373,35.8816],[128.6409,35.8811],[128.643,35.8799],[128.6468,35.8753],[128.6611,35.8708],[128.6719,35.8661],[128.6754,35.8638],[128.6805,35.8581],[128.6835,35.8563],[128.6878,35.8553],[128.8666,35.8479],[128.8936,35.8492],[128.9709,35.8572],[128.9886,35.8573],[129.0014,35.8558],[129.0277,35.8503],[129.0456,35.8456],[129.0627,35.8396],[129.0865,35.8282],[129.1392,35.7985]]}},{"type":"Feature","properties":{"country":"South Korea","line":"경부고속선","from":"경주","to":"울산","dist_km":30.6,"fare_local":4200,"currency":"KRW","local_per_km":137.3,"usd_per_km":0.0951,"extra":{"n_ktx_week":259,"n_srt_week":135},"from_en":"Gyeongju","to_en":"Ulsan","line_en":"Gyeongbu HSL"},"geometry":{"type":"LineString","coordinates":[[129.1392,35.7985],[129.1618,35.7849],[129.1676,35.7804],[129.1759,35.7718],[129.1814,35.7637],[129.1852,35.7554],[129.1878,35.7456],[129.1884,35.7373],[129.188,35.7291],[129.1789,35.6631],[129.1747,35.652],[129.1576,35.6252],[129.1529,35.6154],[129.1411,35.5813],[129.1395,35.5735],[129.1375,35.5506]]}},{"type":"Feature","properties":{"country":"South Korea","line":"경부고속선","from":"울산","to":"부산","dist_km":51.5,"fare_local":6300,"currency":"KRW","local_per_km":122.3,"usd_per_km":0.0847,"extra":{"n_ktx_week":552,"n_srt_week":334},"from_en":"Ulsan","to_en":"Busan","line_en":"Gyeongbu HSL"},"geometry":{"type":"LineString","coordinates":[[129.1375,35.5506],[129.1349,35.5004],[129.1245,35.3379],[129.1209,35.326],[129.1154,35.316],[129.0794,35.2736],[129.0657,35.256],[129.0609,35.2466],[129.0545,35.2305],[129.0507,35.217],[129.0502,35.2118],[129.0512,35.205],[129.0559,35.1908],[129.0666,35.1746],[129.0669,35.1697],[129.0648,35.1667],[129.0552,35.1621],[129.0529,35.1599],[129.0528,35.1577],[129.0573,35.1492],[129.0573,35.1369],[129.0561,35.134],[129.0476,35.1258],[129.0431,35.1154]]}},{"type":"Feature","properties":{"country":"South Korea","line":"호남고속선","from":"오송","to":"익산","dist_km":92.8,"fare_local":13400,"currency":"KRW","local_per_km":144.4,"usd_per_km":0.1,"extra":{"n_ktx_week":392,"n_srt_week":182},"from_en":"Osong","to_en":"Iksan","line_en":"Honam HSL"},"geometry":{"type":"LineString","coordinates":[[127.3274,36.6208],[127.3292,36.6182],[127.3441,36.6044],[127.3486,36.599],[127.3529,36.5909],[127.3562,36.5767],[127.3591,36.5559],[127.3591,36.5464],[127.3582,36.5417],[127.349,36.513],[127.347,36.507],[127.3446,36.5023],[127.3355,36.4903],[127.3283,36.4835],[127.3221,36.4792],[127.2736,36.4524],[127.1348,36.3737],[127.1174,36.3634],[127.1112,36.3581],[127.1062,36.3521],[127.103,36.3468],[127.0981,36.3359],[127.0835,36.3006],[127.0739,36.2733],[127.0559,36.2306],[127.0466,36.2016],[127.0406,36.1773],[127.0207,36.1084],[127.0183,36.1018],[127.0152,36.0957],[126.9699,36.0297],[126.9482,35.9863],[126.947,35.9823],[126.9458,35.9693],[126.9487,35.9575],[126.949,35.9493],[126.9454,35.9412]]}},{"type":"Feature","properties":{"country":"South Korea","line":"호남고속선","from":"익산","to":"정읍","dist_km":42.1,"fare_local":6500,"currency":"KRW","local_per_km":154.4,"usd_per_km":0.1069,"extra":{"n_ktx_week":250,"n_srt_week":161},"from_en":"Iksan","to_en":"Jeongeup","line_en":"Honam HSL"},"geometry":{"type":"LineString","coordinates":[[126.9454,35.9412],[126.939,35.917],[126.9379,35.858],[126.9271,35.7852],[126.9255,35.7777],[126.9137,35.7404],[126.8997,35.6773],[126.8942,35.6629],[126.8574,35.5967],[126.852,35.5883],[126.842,35.576]]}},{"type":"Feature","properties":{"country":"South Korea","line":"호남고속선","from":"정읍","to":"광주송정","dist_km":50.9,"fare_local":7300,"currency":"KRW","local_per_km":143.4,"usd_per_km":0.0993,"extra":{"n_ktx_week":250,"n_srt_week":161},"from_en":"Jeongeup","to_en":"Gwangju Songjeong","line_en":"Honam HSL"},"geometry":{"type":"LineString","coordinates":[[126.842,35.576],[126.8291,35.5577],[126.793,35.4827],[126.7848,35.4438],[126.7765,35.4129],[126.7624,35.3159],[126.762,35.3085],[126.7628,35.2923],[126.7658,35.2419],[126.7667,35.2361],[126.7705,35.2245],[126.7855,35.1905],[126.7899,35.1823],[126.7997,35.1666],[126.8003,35.1647],[126.7999,35.161],[126.7967,35.1491],[126.7898,35.1379]]}},{"type":"Feature","properties":{"country":"South Korea","line":"수서평택고속선","from":"수서","to":"평택지제","dist_km":54.0,"fare_local":7500,"currency":"KRW","local_per_km":138.9,"usd_per_km":0.0962,"extra":{"n_ktx_week":5,"n_srt_week":455},"from_en":"Suseo","to_en":"Pyeongtaek Jije","line_en":"Suseo-Pyeongtaek HSL"},"geometry":{"type":"LineString","coordinates":[[127.1047,37.485],[127.1144,37.4699],[127.1176,37.4623],[127.1187,37.4438],[127.1176,37.4164],[127.1203,37.3931],[127.1176,37.3877],[127.105,37.3758],[127.1036,37.3711],[127.1042,37.2516],[127.1036,37.2452],[127.0974,37.2241],[127.096,37.2168],[127.0953,37.1753],[127.0963,37.1469],[127.0939,37.1044],[127.0936,37.0851],[127.093,37.0822],[127.0868,37.0691],[127.0849,37.0667],[127.0777,37.0608],[127.0706,37.0487],[127.0682,37.0356],[127.0697,37.0191]]}},{"type":"Feature","properties":{"country":"South Korea","line":"강릉선","from":"서원주","to":"강릉","dist_km":120.7,"fare_local":17000,"currency":"KRW","local_per_km":140.8,"usd_per_km":0.0975,"extra":{"n_ktx_week":121,"n_srt_week":0},"from_en":"Seowonju","to_en":"Gangneung","line_en":"Gangneung Line"},"geometry":{"type":"LineString","coordinates":[[127.8393,37.3485],[127.8472,37.3436],[127.8499,37.3425],[127.8701,37.3425],[127.8824,37.3464],[127.8857,37.3483],[127.9003,37.3592],[127.9165,37.3662],[127.9219,37.3697],[127.9239,37.372],[127.9272,37.3788],[127.9347,37.3968],[127.9398,37.4038],[127.9628,37.424],[127.9744,37.431],[127.9787,37.4345],[127.9822,37.4388],[127.9846,37.4441],[127.9891,37.4634],[127.9911,37.4667],[127.9954,37.4719],[128.0066,37.4802],[128.0368,37.5006],[128.0425,37.5043],[128.0498,37.5078],[128.113,37.5256],[128.1205,37.5265],[128.1388,37.5253],[128.1537,37.5231],[128.2033,37.508],[128.2073,37.5077],[128.2406,37.513],[128.2441,37.5142],[128.2527,37.5187],[128.3007,37.5475],[128.3074,37.5511],[128.3154,37.5533],[128.35,37.56],[128.3723,37.5598],[128.3983,37.5632],[128.4391,37.5616],[128.4593,37.5624],[128.4657,37.5639],[128.4767,37.5706],[128.5237,37.6033],[128.5465,37.6148],[128.5516,37.6181],[128.5848,37.6535],[128.5899,37.658],[128.5949,37.6614],[128.6048,37.666],[128.6149,37.6683],[128.6569,37.6747],[128.7093,37.6858],[128.7728,37.7069],[128.8114,37.7224],[128.8172,37.7239],[128.8228,37.7246],[128.8321,37.7245],[128.8515,37.72],[128.8582,37.7191],[128.8998,37.7203],[128.9217,37.7191],[128.9259,37.7204],[128.9277,37.722],[128.929,37.7244],[128.9321,37.7329],[128.9314,37.7366],[128.9285,37.7392],[128.9109,37.7472],[128.9064,37.7483],[128.9042,37.7496],[128.8959,37.7574],[128.8951,37.7589],[128.8958,37.7615],[128.8996,37.7644]]}},{"type":"Feature","properties":{"country":"South Korea","line":"중앙선","from":"청량리","to":"서원주","dist_km":86.4,"fare_local":9000,"currency":"KRW","local_per_km":104.2,"usd_per_km":0.0722,"extra":{"n_ktx_week":236,"n_srt_week":0},"from_en":"Cheongnyangni","to_en":"Seowonju","line_en":"Jungang Line"},"geometry":{"type":"LineString","coordinates":[[127.0482,37.5807],[127.0535,37.587],[127.0618,37.5917],[127.0869,37.5974],[127.1002,37.6025],[127.1047,37.6056],[127.1075,37.6065],[127.1124,37.6075],[127.12,37.6071],[127.1384,37.6023],[127.1551,37.6061],[127.1667,37.6112],[127.1757,37.6141],[127.1806,37.6146],[127.1836,37.6141],[127.1877,37.6122],[127.1939,37.6051],[127.2005,37.5925],[127.2023,37.5907],[127.2191,37.5809],[127.2254,37.5788],[127.2279,37.5772],[127.2294,37.5753],[127.2322,37.5675],[127.241,37.5506],[127.2449,37.5469],[127.252,37.5436],[127.2569,37.5432],[127.2595,37.5437],[127.2943,37.5573],[127.2993,37.5581],[127.3025,37.5578],[127.3363,37.5426],[127.3603,37.5361],[127.3647,37.5343],[127.3681,37.5316],[127.3801,37.5168],[127.3845,37.5145],[127.3879,37.514],[127.3911,37.5144],[127.411,37.5186],[127.4224,37.5187],[127.4291,37.5175],[127.475,37.5059],[127.4805,37.5037],[127.4848,37.501],[127.4871,37.4989],[127.4965,37.487],[127.4987,37.4856],[127.5211,37.4815],[127.524,37.48],[127.5307,37.4734],[127.5352,37.4711],[127.5531,37.4677],[127.561,37.4676],[127.5686,37.4694],[127.5836,37.4773],[127.6066,37.4874],[127.6094,37.4877],[127.6121,37.4871],[127.6402,37.4699],[127.6617,37.4554],[127.6715,37.4507],[127.6843,37.4463],[127.7215,37.4388],[127.7424,37.4335],[127.7463,37.4318],[127.7497,37.4285],[127.7615,37.4093],[127.7706,37.3971],[127.7894,37.3876],[127.816,37.3647],[127.8393,37.3485]]}},{"type":"Feature","properties":{"country":"South Korea","line":"중앙선","from":"서원주","to":"영천","dist_km":210.1,"fare_local":29600,"currency":"KRW","local_per_km":140.9,"usd_per_km":0.0976,"extra":{"n_ktx_week":35,"n_srt_week":0},"from_en":"Seowonju","to_en":"Yeongcheon","line_en":"Jungang Line"},"geometry":{"type":"LineString","coordinates":[[127.8393,37.3485],[127.8544,37.3388],[127.9009,37.3175],[127.9082,37.3164],[127.9331,37.3161],[127.9374,37.3148],[127.9494,37.3087],[127.9533,37.3045],[127.9558,37.2997],[127.9878,37.2173],[127.9939,37.2056],[127.9978,37.2007],[128.0059,37.1938],[128.0313,37.1751],[128.0945,37.1328],[128.0989,37.131],[128.1083,37.1293],[128.1153,37.1295],[128.1232,37.1307],[128.1273,37.1304],[128.1406,37.1282],[128.1554,37.1234],[128.164,37.1263],[128.1727,37.1268],[128.175,37.1276],[128.1893,37.1288],[128.1968,37.1302],[128.2181,37.123],[128.2334,37.1225],[128.237,37.1213],[128.2391,37.1192],[128.2474,37.1056],[128.2672,37.0815],[128.293,37.0599],[128.3032,37.0501],[128.3152,37.0343],[128.3284,37.0225],[128.3319,37.0181],[128.3325,37.0161],[128.332,37.0073],[128.3331,37.0023],[128.3412,36.9875],[128.3429,36.9818],[128.3467,36.9496],[128.3484,36.9424],[128.3519,36.9364],[128.3551,36.9323],[128.3589,36.9287],[128.3647,36.9246],[128.3718,36.921],[128.4451,36.8985],[128.4717,36.8858],[128.4796,36.8826],[128.5146,36.8754],[128.5385,36.8725],[128.572,36.8599],[128.5931,36.8544],[128.6052,36.8486],[128.6083,36.8461],[128.6136,36.8398],[128.6165,36.8357],[128.6166,36.8278],[128.6172,36.8261],[128.6271,36.8084],[128.6323,36.7969],[128.6382,36.7899],[128.6401,36.7865],[128.6411,36.7831],[128.6409,36.7787],[128.6401,36.7756],[128.6314,36.7586],[128.6296,36.7511],[128.6298,36.7468],[128.631,36.741],[128.6346,36.7317],[128.6455,36.7166],[128.6512,36.7112],[128.7094,36.6719],[128.7148,36.6655],[128.7169,36.6611],[128.718,36.6562],[128.7175,36.6481],[128.7145,36.6411],[128.7072,36.6327],[128.6899,36.6158],[128.682,36.607],[128.6774,36.5985],[128.6747,36.5884],[128.6744,36.5835],[128.6755,36.557],[128.6723,36.5354],[128.6712,36.5138],[128.6667,36.4976],[128.6656,36.4912],[128.674,36.4283],[128.6831,36.4025],[128.683,36.3949],[128.6812,36.3831],[128.6824,36.369],[128.6842,36.3662],[128.6925,36.3578],[128.695,36.3383],[128.6945,36.3291],[128.6867,36.3042],[128.6814,36.2811],[128.68,36.2736],[128.6804,36.2664],[128.6896,36.2478],[128.7137,36.2041],[128.7724,36.1254],[128.7897,36.1058],[128.8436,36.041],[128.8513,36.0348],[128.8704,36.024],[128.8828,36.0128],[128.8857,36.0092],[128.8903,35.997],[128.8947,35.9893],[128.9004,35.9836],[128.908,35.9783],[128.9112,35.9754],[128.9202,35.9608],[128.923,35.959],[128.9256,35.9585],[128.9391,35.9587]]}},{"type":"Feature","properties":{"country":"South Korea","line":"중부내륙선","from":"부발","to":"문경","dist_km":93.5,"fare_local":13100,"currency":"KRW","local_per_km":140.1,"usd_per_km":0.097,"extra":{"n_ktx_week":56,"n_srt_week":0},"from_en":"Bubal","to_en":"Mungyeong","line_en":"Jungbu Naeryuk Line"},"geometry":{"type":"LineString","coordinates":[[127.4903,37.2604],[127.504,37.2639],[127.5073,37.2632],[127.5115,37.26],[127.5125,37.2579],[127.5117,37.242],[127.5122,37.2383],[127.5226,37.2138],[127.5298,37.2039],[127.5535,37.1769],[127.5583,37.1741],[127.5725,37.1688],[127.6002,37.1516],[127.6047,37.1479],[127.6119,37.1383],[127.6169,37.1339],[127.621,37.1319],[127.6456,37.1237],[127.6502,37.1212],[127.6633,37.1099],[127.67,37.1049],[127.6758,37.1028],[127.6799,37.1022],[127.7665,37.0988],[127.7762,37.0975],[127.7836,37.0941],[127.8106,37.0786],[127.8247,37.0729],[127.8354,37.0709],[127.8747,37.0669],[127.8794,37.0657],[127.8854,37.0625],[127.909,37.0436],[127.9116,37.0411],[127.9131,37.0381],[127.9121,37.023],[127.9161,37.0006],[127.9165,36.9924],[127.9156,36.9892],[127.9088,36.976],[127.9031,36.9665],[127.9026,36.9638],[127.9034,36.9606],[127.9052,36.9584],[127.9192,36.9492],[127.9297,36.9444],[127.9329,36.9419],[127.935,36.9387],[127.9389,36.9291],[127.9431,36.9123],[127.9473,36.9078],[127.9533,36.9046],[127.9825,36.8942],[127.9867,36.8918],[127.9909,36.8874],[127.9941,36.8806],[128.0045,36.8454],[128.0079,36.8212],[128.0163,36.7902],[128.0267,36.7723],[128.0315,36.7671],[128.0396,36.76],[128.0572,36.7532],[128.0802,36.7483],[128.0872,36.7445],[128.0893,36.7429],[128.095,36.7361],[128.1103,36.7205]]}},{"type":"Feature","properties":{"country":"South Korea","line":"경전선","from":"밀양","to":"진영","dist_km":26.4,"fare_local":2200,"currency":"KRW","local_per_km":83.3,"usd_per_km":0.0577,"extra":{"n_ktx_week":72,"n_srt_week":28},"from_en":"Miryang","to_en":"Jinyeong","line_en":"Gyeongjeon Line"},"geometry":{"type":"LineString","coordinates":[[128.7727,35.4743],[128.7801,35.47],[128.785,35.4656],[128.7859,35.4631],[128.7855,35.4588],[128.7861,35.4569],[128.7995,35.4382],[128.8003,35.4354],[128.8004,35.431],[128.7979,35.4261],[128.7975,35.4231],[128.7973,35.4142],[128.7986,35.412],[128.8031,35.4083],[128.8175,35.4021],[128.8318,35.3995],[128.8331,35.3983],[128.835,35.394],[128.8349,35.3926],[128.8337,35.3908],[128.8211,35.3843],[128.8177,35.3812],[128.8122,35.352],[128.8023,35.3169],[128.8007,35.3153],[128.7986,35.3144],[128.7881,35.3139],[128.7827,35.3111],[128.7799,35.3085],[128.7732,35.298]]}},{"type":"Feature","properties":{"country":"South Korea","line":"경전선","from":"진영","to":"창원","dist_km":25.0,"fare_local":2200,"currency":"KRW","local_per_km":88.0,"usd_per_km":0.061,"extra":{"n_ktx_week":73,"n_srt_week":28},"from_en":"Jinyeong","to_en":"Changwon","line_en":"Gyeongjeon Line"},"geometry":{"type":"LineString","coordinates":[[128.7732,35.298],[128.7641,35.2836],[128.7638,35.2811],[128.7656,35.2753],[128.7655,35.2727],[128.7585,35.2572],[128.7607,35.2448],[128.7634,35.2382],[128.7635,35.2364],[128.7599,35.2295],[128.756,35.2269],[128.7529,35.2267],[128.7172,35.2326],[128.7118,35.2343],[128.7047,35.2389],[128.6929,35.2527],[128.6888,35.2559],[128.6604,35.2689],[128.6561,35.2704],[128.6406,35.2715],[128.6251,35.2702],[128.6222,35.2692],[128.6137,35.264],[128.6071,35.2579]]}},{"type":"Feature","properties":{"country":"South Korea","line":"경전선","from":"창원","to":"마산","dist_km":3.7,"fare_local":300,"currency":"KRW","local_per_km":81.1,"usd_per_km":0.0562,"extra":{"n_ktx_week":111,"n_srt_week":28},"from_en":"Changwon","to_en":"Masan","line_en":"Gyeongjeon Line"},"geometry":{"type":"LineString","coordinates":[[128.6071,35.2579],[128.5997,35.2515],[128.5844,35.2432],[128.5768,35.2359]]}},{"type":"Feature","properties":{"country":"South Korea","line":"경전선","from":"마산","to":"진주","dist_km":50.0,"fare_local":4300,"currency":"KRW","local_per_km":86.0,"usd_per_km":0.0596,"extra":{"n_ktx_week":130,"n_srt_week":28},"from_en":"Masan","to_en":"Jinju","line_en":"Gyeongjeon Line"},"geometry":{"type":"LineString","coordinates":[[128.5768,35.2359],[128.5674,35.2282],[128.5631,35.2268],[128.5592,35.2268],[128.5526,35.229],[128.516,35.2518],[128.5108,35.2539],[128.4659,35.2534],[128.4454,35.2496],[128.4161,35.2492],[128.4107,35.25],[128.3814,35.259],[128.3744,35.2594],[128.3676,35.2576],[128.3388,35.2474],[128.3348,35.2453],[128.3326,35.2434],[128.3302,35.2401],[128.3246,35.2207],[128.3228,35.2172],[128.302,35.1864],[128.2962,35.1806],[128.2905,35.1772],[128.2844,35.1751],[128.2772,35.1742],[128.24,35.1752],[128.2362,35.1748],[128.1916,35.1645],[128.1655,35.1532],[128.1596,35.1516],[128.1553,35.1513],[128.1314,35.1534],[128.1183,35.1501]]}},{"type":"Feature","properties":{"country":"South Korea","line":"전라선","from":"익산","to":"전주","dist_km":28.8,"fare_local":2600,"currency":"KRW","local_per_km":90.3,"usd_per_km":0.0625,"extra":{"n_ktx_week":268,"n_srt_week":28},"from_en":"Iksan","to_en":"Jeonju","line_en":"Jeolla Line"},"geometry":{"type":"LineString","coordinates":[[126.9454,35.9412],[126.944,35.9372],[126.9424,35.9358],[126.9435,35.929],[126.9673,35.9137],[126.9891,35.9044],[126.9919,35.9035],[126.9968,35.9032],[127.0453,35.9084],[127.0579,35.9096],[127.0608,35.9093],[127.0637,35.907],[127.0716,35.8957],[127.0727,35.8929],[127.0735,35.8857],[127.0751,35.8825],[127.0789,35.8785],[127.1006,35.8709],[127.1417,35.8701],[127.1458,35.8694],[127.1487,35.868],[127.1509,35.866],[127.1623,35.85]]}},{"type":"Feature","properties":{"country":"South Korea","line":"전라선","from":"전주","to":"남원","dist_km":54.6,"fare_local":5600,"currency":"KRW","local_per_km":102.6,"usd_per_km":0.0711,"extra":{"n_ktx_week":234,"n_srt_week":28},"from_en":"Jeonju","to_en":"Namwon","line_en":"Jeolla Line"},"geometry":{"type":"LineString","coordinates":[[127.1623,35.85],[127.1677,35.8424],[127.1731,35.8361],[127.1824,35.8186],[127.1964,35.7943],[127.2056,35.7747],[127.2109,35.7681],[127.2156,35.7648],[127.2169,35.7631],[127.2193,35.7528],[127.2234,35.7424],[127.235,35.7228],[127.2664,35.6756],[127.2683,35.6709],[127.2817,35.6572],[127.283,35.6531],[127.2816,35.642],[127.2832,35.6379],[127.2886,35.6339],[127.2984,35.6286],[127.3054,35.6219],[127.3076,35.6166],[127.3103,35.604],[127.3172,35.558],[127.3232,35.5295],[127.3266,35.5056],[127.3284,35.4995],[127.3432,35.4619],[127.3487,35.4546],[127.3659,35.4367],[127.3681,35.4326],[127.3677,35.4278],[127.3611,35.4115]]}},{"type":"Feature","properties":{"country":"South Korea","line":"전라선","from":"남원","to":"구례구","dist_km":38.3,"fare_local":3200,"currency":"KRW","local_per_km":83.6,"usd_per_km":0.0579,"extra":{"n_ktx_week":96,"n_srt_week":28},"from_en":"Namwon","to_en":"Guryegu","line_en":"Jeolla Line"},"geometry":{"type":"LineString","coordinates":[[127.3611,35.4115],[127.3571,35.4037],[127.3547,35.401],[127.3511,35.3991],[127.3379,35.3957],[127.3335,35.3935],[127.3288,35.3893],[127.3253,35.3835],[127.3227,35.3805],[127.3038,35.3681],[127.299,35.3634],[127.2938,35.3485],[127.2869,35.3152],[127.2861,35.3096],[127.287,35.3032],[127.2888,35.2993],[127.2946,35.2919],[127.3043,35.2833],[127.3258,35.267],[127.3478,35.2554],[127.353,35.2507],[127.355,35.2476],[127.3649,35.2253],[127.3694,35.2183],[127.3703,35.2147],[127.371,35.2071],[127.374,35.1967],[127.3771,35.1916],[127.3826,35.1887],[127.3942,35.1869],[127.4073,35.1876],[127.4147,35.1865],[127.4333,35.1768],[127.4429,35.1693],[127.4521,35.1636]]}},{"type":"Feature","properties":{"country":"South Korea","line":"전라선","from":"구례구","to":"순천","dist_km":29.3,"fare_local":2600,"currency":"KRW","local_per_km":88.7,"usd_per_km":0.0614,"extra":{"n_ktx_week":96,"n_srt_week":28},"from_en":"Guryegu","to_en":"Suncheon","line_en":"Jeolla Line"},"geometry":{"type":"LineString","coordinates":[[127.4521,35.1636],[127.4569,35.1597],[127.4613,35.1508],[127.4617,35.1469],[127.4606,35.1413],[127.4494,35.1213],[127.4385,35.1079],[127.4312,35.1027],[127.4289,35.1001],[127.4259,35.0924],[127.4247,35.0862],[127.4414,35.0407],[127.4431,35.0378],[127.4476,35.0322],[127.458,35.0227],[127.4711,35.0131],[127.4836,35.0056],[127.489,34.9998],[127.4919,34.992],[127.4906,34.9644],[127.4919,34.9544],[127.4937,34.9513],[127.5041,34.946]]}},{"type":"Feature","properties":{"country":"South Korea","line":"전라선","from":"순천","to":"여천","dist_km":27.4,"fare_local":2300,"currency":"KRW","local_per_km":83.9,"usd_per_km":0.0581,"extra":{"n_ktx_week":213,"n_srt_week":28},"from_en":"Suncheon","to_en":"Yeocheon","line_en":"Jeolla Line"},"geometry":{"type":"LineString","coordinates":[[127.5041,34.946],[127.5116,34.9426],[127.5292,34.9425],[127.5416,34.9407],[127.5424,34.9395],[127.5423,34.9342],[127.5431,34.9311],[127.5647,34.8846],[127.5883,34.8661],[127.6097,34.8463],[127.6164,34.8297],[127.6199,34.8228],[127.6424,34.7932],[127.6484,34.7843],[127.6516,34.7819],[127.6553,34.7805],[127.6656,34.7793]]}},{"type":"Feature","properties":{"country":"South Korea","line":"전라선","from":"여천","to":"여수엑스포","dist_km":9.3,"fare_local":900,"currency":"KRW","local_per_km":96.8,"usd_per_km":0.067,"extra":{"n_ktx_week":213,"n_srt_week":28},"from_en":"Yeocheon","to_en":"Yeosu EXPO","line_en":"Jeolla Line"},"geometry":{"type":"LineString","coordinates":[[127.6656,34.7793],[127.6822,34.7779],[127.7167,34.7786],[127.7304,34.7762],[127.7433,34.7717],[127.749,34.7676],[127.7502,34.7653],[127.7506,34.7629],[127.7495,34.7557]]}},{"type":"Feature","properties":{"country":"South Korea","line":"호남선","from":"서대전","to":"익산","dist_km":84.4,"fare_local":8250,"currency":"KRW","local_per_km":97.7,"usd_per_km":0.0677,"extra":{"n_ktx_week":129,"n_srt_week":0},"from_en":"Seodaejeon","to_en":"Iksan","line_en":"Honam Line"},"geometry":{"type":"LineString","coordinates":[[127.4032,36.3226],[127.4037,36.3196],[127.4023,36.3134],[127.4003,36.3114],[127.3954,36.3086],[127.3878,36.3075],[127.3791,36.3112],[127.3732,36.31],[127.3682,36.3099],[127.3617,36.3075],[127.3575,36.3032],[127.3566,36.301],[127.3579,36.2955],[127.3576,36.2928],[127.3525,36.2847],[127.3473,36.2804],[127.3451,36.2735],[127.3462,36.2691],[127.3456,36.2662],[127.3418,36.2618],[127.3379,36.2528],[127.3358,36.2507],[127.3324,36.2497],[127.3255,36.2508],[127.3194,36.2498],[127.3087,36.2521],[127.3056,36.2536],[127.304,36.2552],[127.3005,36.2624],[127.298,36.2644],[127.2909,36.2641],[127.2865,36.2651],[127.2821,36.2643],[127.2797,36.2646],[127.2769,36.2657],[127.2734,36.2687],[127.2679,36.2719],[127.2619,36.2748],[127.2558,36.2762],[127.2508,36.2798],[127.246,36.2821],[127.2331,36.286],[127.2292,36.2865],[127.2266,36.2861],[127.2211,36.2832],[127.2192,36.2806],[127.2199,36.2781],[127.2253,36.2745],[127.2262,36.2733],[127.2268,36.2708],[127.2264,36.2666],[127.2284,36.2614],[127.2281,36.2474],[127.2266,36.2408],[127.2276,36.2327],[127.2262,36.2242],[127.2231,36.221],[127.2137,36.2163],[127.2064,36.2143],[127.1951,36.2095],[127.1922,36.2092],[127.1771,36.2134],[127.171,36.2204],[127.1676,36.2226],[127.1545,36.2248],[127.1434,36.2292],[127.1394,36.2292],[127.1263,36.2212],[127.1166,36.2167],[127.1092,36.2115],[127.0977,36.2097],[127.0838,36.2017],[127.073,36.1901],[127.0689,36.1797],[127.0678,36.1744],[127.0607,36.1659],[127.0551,36.1637],[127.0291,36.1614],[127.0248,36.1597],[127.0122,36.1515],[127.0109,36.1481],[127.0116,36.1434],[127.0074,36.1334],[127.0049,36.1311],[126.9962,36.1271],[126.9941,36.1244],[126.9906,36.1135],[126.9904,36.1022],[126.9893,36.1002],[126.9868,36.0987],[126.96,36.0933],[126.9578,36.0917],[126.9564,36.0893],[126.9556,36.0841],[126.958,36.0735],[126.9578,36.0679],[126.9462,36.0465],[126.9466,36.0302],[126.9439,36.0243],[126.9417,36.01],[126.9445,35.984],[126.9463,35.9788],[126.9458,35.9676],[126.9487,35.9571],[126.9489,35.9491],[126.9454,35.9412]]}},{"type":"Feature","properties":{"country":"South Korea","line":"호남선","from":"익산","to":"김제","dist_km":19.0,"fare_local":1700,"currency":"KRW","local_per_km":89.5,"usd_per_km":0.062,"extra":{"n_ktx_week":28,"n_srt_week":0},"from_en":"Iksan","to_en":"Gimje","line_en":"Honam Line"},"geometry":{"type":"LineString","coordinates":[[126.9454,35.9412],[126.9386,35.9161],[126.9369,35.8948],[126.9374,35.8921],[126.9414,35.8835],[126.9469,35.8672],[126.947,35.8647],[126.9452,35.8558],[126.9374,35.8413],[126.9373,35.8317],[126.9364,35.829],[126.9153,35.8027],[126.904,35.7928]]}},{"type":"Feature","properties":{"country":"South Korea","line":"호남선","from":"김제","to":"광주송정","dist_km":83.5,"fare_local":7200,"currency":"KRW","local_per_km":86.2,"usd_per_km":0.0597,"extra":{"n_ktx_week":28,"n_srt_week":0},"from_en":"Gimje","to_en":"Gwangju Songjeong","line_en":"Honam Line"},"geometry":{"type":"LineString","coordinates":[[126.904,35.7928],[126.8995,35.7885],[126.8987,35.785],[126.9038,35.7508],[126.8887,35.7104],[126.8812,35.6958],[126.8816,35.6928],[126.8868,35.6821],[126.8878,35.6668],[126.8873,35.6637],[126.8744,35.6347],[126.8633,35.6241],[126.8584,35.6131],[126.8541,35.606],[126.8477,35.5834],[126.833,35.5643],[126.8314,35.557],[126.8252,35.5437],[126.822,35.5302],[126.8118,35.5139],[126.8103,35.5037],[126.7964,35.4843],[126.7953,35.4817],[126.7952,35.4792],[126.7958,35.4777],[126.8099,35.4564],[126.8133,35.4495],[126.8137,35.4469],[126.8059,35.4268],[126.806,35.4146],[126.8041,35.4012],[126.7946,35.376],[126.7904,35.3674],[126.781,35.3405],[126.7782,35.324],[126.7806,35.3076],[126.7789,35.2941],[126.7773,35.291],[126.7678,35.2806],[126.758,35.2732],[126.7539,35.2687],[126.7472,35.2591],[126.7425,35.2483],[126.7395,35.2432],[126.736,35.2269],[126.7369,35.223],[126.7389,35.2208],[126.7554,35.2138],[126.7576,35.2119],[126.7625,35.205],[126.7656,35.202],[126.7756,35.1945],[126.7885,35.1876],[126.7907,35.1853],[126.7999,35.1666],[126.8004,35.1632],[126.7965,35.1483],[126.7898,35.1379]]}},{"type":"Feature","properties":{"country":"South Korea","line":"호남선","from":"광주송정","to":"목포","dist_km":67.1,"fare_local":6100,"currency":"KRW","local_per_km":90.9,"usd_per_km":0.063,"extra":{"n_ktx_week":266,"n_srt_week":126},"from_en":"Gwangju Songjeong","to_en":"Mokpo","line_en":"Honam Line"},"geometry":{"type":"LineString","coordinates":[[126.7898,35.1379],[126.7866,35.1317],[126.7837,35.1279],[126.7617,35.1128],[126.7575,35.1081],[126.7508,35.0925],[126.7482,35.0839],[126.7477,35.0783],[126.7465,35.0741],[126.7274,35.0382],[126.7257,35.0219],[126.7236,35.019],[126.7193,35.0151],[126.709,35.0075],[126.7044,35.0061],[126.7001,35.006],[126.6783,35.0072],[126.6622,35.0108],[126.6506,35.0152],[126.627,35.0186],[126.602,35.0265],[126.5713,35.0346],[126.5638,35.0343],[126.5503,35.0309],[126.5473,35.0294],[126.5328,35.0192],[126.5282,35.0142],[126.5262,35.0084],[126.5265,35.0025],[126.5297,34.9891],[126.5298,34.9837],[126.5289,34.9797],[126.5255,34.9727],[126.5106,34.9544],[126.508,34.9495],[126.4962,34.8955],[126.492,34.8688],[126.4902,34.8656],[126.46,34.8266],[126.4566,34.8237],[126.4532,34.822],[126.4478,34.8208],[126.4288,34.8203],[126.4268,34.8205],[126.4196,34.8236],[126.4102,34.8241],[126.4024,34.8233],[126.3974,34.8211],[126.3939,34.8175],[126.3865,34.8061],[126.3865,34.8047],[126.3894,34.7982],[126.388,34.7922]]}},{"type":"Feature","properties":{"country":"South Korea","line":"경부선","from":"동대구","to":"물금","dist_km":88.4,"fare_local":7750,"currency":"KRW","local_per_km":87.7,"usd_per_km":0.0607,"extra":{"n_ktx_week":68,"n_srt_week":3},"from_en":"Dongdaegu","to_en":"Mulgeum","line_en":"Gyeongbu Line"},"geometry":{"type":"LineString","coordinates":[[128.6279,35.8794],[128.6373,35.8817],[128.6408,35.8814],[128.6422,35.8806],[128.6472,35.8748],[128.6575,35.8719],[128.6724,35.8657],[128.6744,35.8642],[128.6801,35.8569],[128.682,35.8553],[128.7062,35.8513],[128.7147,35.8458],[128.7172,35.8434],[128.7215,35.8357],[128.7237,35.8278],[128.7329,35.8072],[128.7338,35.8024],[128.7337,35.8002],[128.7329,35.7987],[128.7269,35.7927],[128.7179,35.7877],[128.7166,35.7857],[128.7159,35.7811],[128.7184,35.7689],[128.7194,35.7669],[128.7252,35.7594],[128.7335,35.7541],[128.7358,35.7511],[128.7362,35.7485],[128.735,35.7438],[128.7346,35.7376],[128.7213,35.7085],[128.7148,35.7038],[128.7138,35.7017],[128.7138,35.6999],[128.7161,35.6893],[128.7175,35.6866],[128.7218,35.6815],[128.7234,35.6762],[128.7318,35.6695],[128.7399,35.6674],[128.7434,35.6649],[128.7441,35.6618],[128.743,35.6458],[128.7433,35.644],[128.7497,35.6352],[128.7569,35.6315],[128.7608,35.6271],[128.7622,35.6234],[128.7623,35.6155],[128.7665,35.6104],[128.7679,35.6071],[128.7677,35.6022],[128.7616,35.5922],[128.76,35.5883],[128.7594,35.5844],[128.7616,35.5633],[128.7593,35.5472],[128.7668,35.5279],[128.7665,35.5198],[128.7673,35.5138],[128.7646,35.4978],[128.765,35.4901],[128.7639,35.4808],[128.7645,35.4794],[128.7669,35.4773],[128.7801,35.47],[128.7839,35.467],[128.7857,35.4639],[128.7855,35.4588],[128.7861,35.4569],[128.7989,35.4395],[128.7999,35.437],[128.8005,35.432],[128.7976,35.4253],[128.7973,35.4142],[128.7981,35.4126],[128.8031,35.4083],[128.8199,35.4015],[128.8333,35.4002],[128.8382,35.3987],[128.8593,35.4004],[128.8641,35.3994],[128.8691,35.3953],[128.8723,35.3897],[128.8755,35.3799],[128.8823,35.3738],[128.8853,35.3725],[128.9139,35.3678],[128.9261,35.3578],[128.9289,35.3547],[128.9352,35.3498],[128.944,35.3417],[128.9673,35.3345],[128.971,35.3328],[128.9736,35.3299],[128.9746,35.3268],[128.9748,35.3243],[128.9738,35.3189],[128.9741,35.3165],[128.979,35.3106],[128.9853,35.3066]]}},{"type":"Feature","properties":{"country":"South Korea","line":"경부선","from":"물금","to":"구포","dist_km":12.8,"fare_local":1200,"currency":"KRW","local_per_km":93.8,"usd_per_km":0.065,"extra":{"n_ktx_week":68,"n_srt_week":3},"from_en":"Mulgeum","to_en":"Gupo","line_en":"Gyeongbu Line"},"geometry":{"type":"LineString","coordinates":[[128.9853,35.3066],[128.9985,35.2986],[129.0124,35.2869],[129.0142,35.2843],[129.018,35.2717],[129.0177,35.2694],[129.0101,35.2543],[129.0091,35.2428],[129.003,35.2115],[129.0016,35.2092],[128.9976,35.2054]]}},{"type":"Feature","properties":{"country":"South Korea","line":"경부선","from":"구포","to":"부산","dist_km":18.6,"fare_local":1500,"currency":"KRW","local_per_km":80.6,"usd_per_km":0.0558,"extra":{"n_ktx_week":104,"n_srt_week":3},"from_en":"Gupo","to_en":"Busan","line_en":"Gyeongbu Line"},"geometry":{"type":"LineString","coordinates":[[128.9976,35.2054],[128.9932,35.2017],[128.9919,35.1998],[128.9881,35.1828],[128.988,35.175],[128.987,35.1682],[128.9893,35.1608],[128.9914,35.1569],[128.9971,35.1528],[129.0021,35.1514],[129.0044,35.1514],[129.008,35.1523],[129.0161,35.1525],[129.0222,35.1545],[129.0279,35.1576],[129.0478,35.1619],[129.0509,35.1603],[129.057,35.1501],[129.0571,35.1357],[129.0561,35.134],[129.0473,35.1263],[129.043,35.1174],[129.0431,35.1154]]}},{"type":"Feature","properties":{"country":"South Korea","line":"동해선","from":"부전","to":"태화강","dist_km":63.6,"fare_local":6600,"currency":"KRW","local_per_km":103.8,"usd_per_km":0.0719,"extra":{"n_ktx_week":158,"n_srt_week":0},"from_en":"Bujeon","to_en":"Taehwagang","line_en":"Donghae Line"},"geometry":{"type":"LineString","coordinates":[[129.0604,35.1646],[129.0646,35.1665],[129.0665,35.1683],[129.0674,35.177],[129.0714,35.1866],[129.0778,35.1927],[129.0861,35.1982],[129.0956,35.1962],[129.1064,35.1958],[129.1114,35.1941],[129.1183,35.1929],[129.1197,35.1913],[129.1205,35.1847],[129.1272,35.1761],[129.1407,35.1694],[129.1496,35.1711],[129.1583,35.1792],[129.161,35.181],[129.1647,35.1824],[129.1693,35.1829],[129.1735,35.1826],[129.1846,35.1795],[129.1904,35.179],[129.1959,35.1803],[129.1991,35.183],[129.2055,35.1934],[129.2096,35.1975],[129.211,35.2],[129.2104,35.2087],[129.2106,35.2142],[129.2117,35.2182],[129.2112,35.2233],[129.2136,35.228],[129.2144,35.2341],[129.2186,35.2405],[129.2188,35.2468],[129.2204,35.2541],[129.2238,35.2588],[129.2311,35.2631],[129.2323,35.265],[129.2345,35.2726],[129.2334,35.2778],[129.2339,35.284],[129.2375,35.296],[129.2374,35.3024],[129.2383,35.3054],[129.2419,35.3091],[129.2546,35.3192],[129.2705,35.3233],[129.273,35.3246],[129.2812,35.3324],[129.2905,35.3383],[129.2918,35.3406],[129.2937,35.3507],[129.2861,35.362],[129.2849,35.3649],[129.2843,35.3694],[129.2841,35.3815],[129.2851,35.3906],[129.2849,35.4069],[129.2866,35.4117],[129.2796,35.4241],[129.2786,35.4271],[129.2804,35.437],[129.2828,35.441],[129.2846,35.4487],[129.2899,35.4622],[129.2907,35.4636],[129.2951,35.4671],[129.2967,35.4708],[129.2994,35.4872],[129.3074,35.5022],[129.3095,35.5042],[129.3297,35.5111],[129.3349,35.5116],[129.3382,35.5134],[129.3472,35.5261],[129.3539,35.539]]}},{"type":"Feature","properties":{"country":"South Korea","line":"동해선","from":"태화강","to":"울진","dist_km":185.7,"fare_local":26200,"currency":"KRW","local_per_km":141.1,"usd_per_km":0.0977,"extra":{"n_ktx_week":42,"n_srt_week":0},"from_en":"Taehwagang","to_en":"Uljin","line_en":"Donghae Line"},"geometry":{"type":"LineString","coordinates":[[129.3539,35.539],[129.362,35.5546],[129.3628,35.5595],[129.3624,35.5675],[129.3632,35.5699],[129.3651,35.5725],[129.368,35.5746],[129.3767,35.5777],[129.3796,35.5796],[129.3817,35.5824],[129.3826,35.5858],[129.3813,35.591],[129.3754,35.5994],[129.3735,35.6035],[129.3719,35.6202],[129.3712,35.6429],[129.3546,35.6839],[129.3498,35.6913],[129.3452,35.6956],[129.337,35.7007],[129.2906,35.7215],[129.2832,35.7231],[129.2723,35.7228],[129.2655,35.7239],[129.238,35.7347],[129.2336,35.7355],[129.2184,35.7363],[129.2133,35.7373],[129.1983,35.744],[129.193,35.7471],[129.1883,35.7517],[129.1787,35.7686],[129.1686,35.7808],[129.1546,35.7899],[129.1205,35.8094],[129.1183,35.8116],[129.1174,35.8155],[129.1188,35.8183],[129.1355,35.8386],[129.1768,35.8802],[129.2078,35.9134],[129.223,35.943],[129.2353,35.9757],[129.2384,35.9803],[129.2646,36.0023],[129.2887,36.0022],[129.291,36.0025],[129.2932,36.0038],[129.3022,36.0218],[129.3086,36.0314],[129.3149,36.0427],[129.3188,36.0459],[129.3287,36.0499],[129.3316,36.0527],[129.362,36.1042],[129.3662,36.1122],[129.3678,36.1175],[129.3679,36.123],[129.3656,36.1549],[129.3663,36.2087],[129.3675,36.2147],[129.3732,36.2248],[129.3743,36.2296],[129.3734,36.2357],[129.3687,36.2442],[129.3675,36.2488],[129.3729,36.3634],[129.3713,36.3772],[129.3727,36.3821],[129.379,36.3927],[129.3803,36.3974],[129.3802,36.4012],[129.3768,36.4188],[129.3775,36.423],[129.3959,36.4686],[129.3968,36.4725],[129.3967,36.4876],[129.3989,36.523],[129.3961,36.5456],[129.395,36.5594],[129.4004,36.5858],[129.4086,36.6104],[129.41,36.6278],[129.4291,36.6626],[129.4387,36.6882],[129.4372,36.7071],[129.438,36.7132],[129.4397,36.7169],[129.4516,36.7334],[129.4533,36.7391],[129.4529,36.7646],[129.4517,36.7772],[129.4504,36.7839],[129.418,36.8543],[129.4113,36.8719],[129.407,36.9037],[129.4047,36.9127],[129.399,36.9432],[129.3998,36.9719],[129.399,36.975],[129.3947,36.983]]}},{"type":"Feature","properties":{"country":"South Korea","line":"동해선","from":"울진","to":"삼척","dist_km":56.6,"fare_local":8000,"currency":"KRW","local_per_km":141.3,"usd_per_km":0.0979,"extra":{"n_ktx_week":42,"n_srt_week":0},"from_en":"Uljin","to_en":"Samcheok","line_en":"Donghae Line"},"geometry":{"type":"LineString","coordinates":[[129.3947,36.983],[129.3911,36.9906],[129.391,36.9969],[129.3958,37.0164],[129.4038,37.0277],[129.4059,37.0336],[129.4023,37.0603],[129.4,37.0648],[129.395,37.0698],[129.3772,37.082],[129.3739,37.0852],[129.372,37.0886],[129.3654,37.108],[129.3591,37.1176],[129.3408,37.1551],[129.331,37.1688],[129.3253,37.1792],[129.3233,37.186],[129.3227,37.1934],[129.3275,37.2316],[129.3247,37.2537],[129.3235,37.2569],[129.322,37.2592],[129.2988,37.2822],[129.2966,37.2864],[129.2921,37.2999],[129.2904,37.3033],[129.2876,37.3068],[129.2809,37.3123],[129.2655,37.3227],[129.2369,37.3459],[129.2267,37.3556],[129.2222,37.362],[129.2201,37.3665],[129.215,37.3859],[129.2131,37.3904],[129.2101,37.3948],[129.1932,37.4145],[129.1921,37.4182],[129.1921,37.4229],[129.191,37.4252],[129.188,37.4271],[129.1794,37.4296]]}},{"type":"Feature","properties":{"country":"South Korea","line":"동해선","from":"삼척","to":"정동진","dist_km":42.1,"fare_local":4400,"currency":"KRW","local_per_km":104.5,"usd_per_km":0.0724,"extra":{"n_ktx_week":42,"n_srt_week":0},"from_en":"Samcheok","to_en":"Jeongdongjin","line_en":"Donghae Line"},"geometry":{"type":"LineString","coordinates":[[129.1794,37.4296],[129.1731,37.4315],[129.171,37.434],[129.1709,37.4386],[129.173,37.4411],[129.1733,37.4442],[129.17,37.4495],[129.1697,37.4512],[129.1712,37.4554],[129.171,37.4592],[129.1722,37.4641],[129.1704,37.466],[129.1599,37.4718],[129.1588,37.4735],[129.1583,37.4773],[129.1531,37.4822],[129.1501,37.4835],[129.1473,37.4833],[129.1321,37.4762],[129.1189,37.4782],[129.1169,37.4793],[129.1159,37.4807],[129.1146,37.4851],[129.1149,37.4874],[129.1264,37.5021],[129.1272,37.5057],[129.1249,37.5149],[129.12,37.5235],[129.1195,37.5306],[129.1144,37.536],[129.1109,37.5383],[129.1072,37.5492],[129.1038,37.5548],[129.1055,37.5588],[129.114,37.5643],[129.1152,37.5658],[129.1161,37.5684],[129.1164,37.5747],[129.1155,37.5774],[129.1139,37.5787],[129.0895,37.592],[129.0798,37.5987],[129.065,37.6116],[129.0623,37.6156],[129.0604,37.6173],[129.0579,37.6178],[129.0463,37.6158],[129.0422,37.6167],[129.04,37.6189],[129.0367,37.6252],[129.0343,37.6266],[129.0275,37.6289],[129.0186,37.6399],[129.0177,37.6425],[129.0175,37.647],[129.02,37.66],[129.0179,37.6642],[129.0179,37.6687],[129.0169,37.673],[129.0181,37.6748],[129.0228,37.6769],[129.0271,37.6817],[129.0333,37.6827],[129.0357,37.6842],[129.0363,37.6857],[129.0361,37.6883],[129.0353,37.6897],[129.0328,37.6917]]}},{"type":"Feature","properties":{"country":"South Korea","line":"동해선","from":"정동진","to":"강릉","dist_km":16.3,"fare_local":700,"currency":"KRW","local_per_km":42.9,"usd_per_km":0.0297,"extra":{"n_ktx_week":42,"n_srt_week":0},"from_en":"Jeongdongjin","to_en":"Gangneung","line_en":"Donghae Line"},"geometry":{"type":"LineString","coordinates":[[129.0328,37.6917],[129.0228,37.6991],[129.0204,37.7015],[129.0159,37.7044],[129.0129,37.7085],[129.0025,37.72],[128.9953,37.7259],[128.9891,37.7344],[128.9719,37.7402],[128.9697,37.7401],[128.9641,37.7374],[128.962,37.7371],[128.944,37.7379],[128.9233,37.7417],[128.9109,37.7472],[128.9052,37.7488],[128.8959,37.7574],[128.8951,37.7589],[128.8953,37.7608],[128.8996,37.7644]]}},{"type":"Feature","properties":{"country":"South Korea","line":"용산광명선","from":"용산","to":"광명","dist_km":18.8,"fare_local":1900,"currency":"KRW","local_per_km":101.1,"usd_per_km":0.07,"extra":{"n_ktx_week":547,"n_srt_week":0},"from_en":"Yongsan","to_en":"Gwangmyeong","line_en":"Yongsan-Gwangmyeong Line"},"geometry":{"type":"LineString","coordinates":[[126.9649,37.5298],[126.9579,37.525],[126.9463,37.5149],[126.938,37.5138],[126.9253,37.5134],[126.9187,37.5167],[126.9152,37.5171],[126.9104,37.5166],[126.8904,37.5083],[126.8844,37.5047],[126.8789,37.4997],[126.8802,37.4866],[126.8985,37.4447],[126.8982,37.4414],[126.8972,37.439],[126.8847,37.4164]]}},{"type":"Feature","properties":{"country":"South Korea","line":"경부선북","from":"서울","to":"영등포","dist_km":9.9,"fare_local":800,"currency":"KRW","local_per_km":80.8,"usd_per_km":0.056,"extra":{"n_ktx_week":95,"n_srt_week":0},"from_en":"Seoul","to_en":"Yeongdeungpo","line_en":"Gyeongbu Line (North)"},"geometry":{"type":"LineString","coordinates":[[126.9712,37.555],[126.9715,37.539],[126.9708,37.5349],[126.9662,37.5308],[126.9579,37.525],[126.9466,37.5151],[126.938,37.5138],[126.9253,37.5134],[126.9187,37.5167],[126.9165,37.5171],[126.9101,37.5166],[126.9067,37.5153]]}},{"type":"Feature","properties":{"country":"South Korea","line":"경부선북","from":"영등포","to":"수원","dist_km":32.5,"fare_local":2550,"currency":"KRW","local_per_km":78.5,"usd_per_km":0.0544,"extra":{"n_ktx_week":95,"n_srt_week":0},"from_en":"Yeongdeungpo","to_en":"Suwon","line_en":"Gyeongbu Line (North)"},"geometry":{"type":"LineString","coordinates":[[126.9067,37.5153],[126.8904,37.5083],[126.8844,37.5047],[126.8789,37.4997],[126.8802,37.4866],[126.9011,37.4393],[126.9036,37.428],[126.9071,37.4212],[126.9265,37.3973],[126.9326,37.3918],[126.9366,37.3816],[126.9409,37.377],[126.9482,37.3618],[126.9477,37.3239],[126.9487,37.3147],[126.9527,37.3085],[126.9617,37.3018],[126.9752,37.2996],[126.9782,37.2979],[126.9871,37.2877],[126.9998,37.266]]}},{"type":"Feature","properties":{"country":"South Korea","line":"경강선","from":"판교(경기)","to":"부발","dist_km":50.0,"fare_local":4400,"currency":"KRW","local_per_km":88.0,"usd_per_km":0.061,"extra":{"n_ktx_week":56,"n_srt_week":0},"from_en":"Pangyo","to_en":"Bubal","line_en":"Gyeonggang Line"},"geometry":{"type":"LineString","coordinates":[[127.1111,37.3944],[127.1283,37.3952],[127.1301,37.3962],[127.135,37.3958],[127.1658,37.4029],[127.1722,37.4039],[127.1867,37.4045],[127.1966,37.4056],[127.2012,37.4074],[127.2101,37.4129],[127.2119,37.4134],[127.2156,37.4134],[127.2246,37.4109],[127.2728,37.3907],[127.282,37.3849],[127.2845,37.3819],[127.2912,37.3772],[127.3251,37.3625],[127.338,37.3531],[127.3496,37.3496],[127.3695,37.3449],[127.3986,37.3265],[127.4019,37.3231],[127.4132,37.296],[127.4134,37.2924],[127.4118,37.2791],[127.4122,37.2755],[127.4144,37.2721],[127.4209,37.2668],[127.4289,37.2642],[127.4546,37.2638],[127.4647,37.2619],[127.4736,37.258],[127.4767,37.2573],[127.4801,37.2575],[127.4903,37.2604]]}},{"type":"Feature","properties":{"country":"South Korea","line":"평택연결선","from":"평택지제","to":"천안아산","dist_km":7.3,"fare_local":1010,"currency":"KRW","local_per_km":137.8,"usd_per_km":0.0954,"extra":{"n_ktx_week":3,"n_srt_week":219},"from_en":"Pyeongtaek Jije","to_en":"Cheonan-Asan","line_en":"Pyeongtaek Connector"},"geometry":{"type":"LineString","coordinates":[[127.0697,37.0191],[127.072,36.9971],[127.0718,36.9912],[127.0696,36.9769],[127.0705,36.9533]]}},{"type":"Feature","properties":{"country":"South Korea","line":"대전선","from":"오송","to":"서대전","dist_km":4.5,"fare_local":526,"currency":"KRW","local_per_km":117.7,"usd_per_km":0.0815,"extra":{"n_ktx_week":86,"n_srt_week":0},"from_en":"Osong","to_en":"Seodaejeon","line_en":"Daejeon Line"},"geometry":{"type":"LineString","coordinates":[[127.4174,36.358],[127.4164,36.3552],[127.4072,36.3447],[127.4041,36.3377],[127.4009,36.3352],[127.3999,36.3336],[127.3997,36.3318],[127.4032,36.3226]]}},{"type":"Feature","properties":{"country":"South Korea","line":"대구선","from":"영천","to":"경주","dist_km":26.3,"fare_local":3587,"currency":"KRW","local_per_km":136.5,"usd_per_km":0.0945,"extra":{"n_ktx_week":42,"n_srt_week":0},"from_en":"Yeongcheon","to_en":"Gyeongju","line_en":"Daegu Line"},"geometry":{"type":"LineString","coordinates":[[128.9391,35.9587],[128.9604,35.9602],[128.9861,35.9679],[128.9911,35.9687],[128.9974,35.9687],[129.0039,35.9675],[129.0094,35.9651],[129.0133,35.9626],[129.0185,35.9566],[129.0341,35.9226],[129.0582,35.8896],[129.0618,35.8853],[129.0688,35.8796],[129.0989,35.8655],[129.1033,35.862],[129.1211,35.8431],[129.1303,35.8355],[129.1309,35.834],[129.1305,35.8321],[129.1257,35.8267]]}},{"type":"Feature","properties":{"country":"South Korea","line":"서울청량리연결선","from":"서울","to":"청량리","dist_km":15.9,"fare_local":1615,"currency":"KRW","local_per_km":101.3,"usd_per_km":0.0702,"extra":{"n_ktx_week":322,"n_srt_week":0},"from_en":"Seoul","to_en":"Cheongnyangni","line_en":"Seoul-Cheongnyangni Connector"},"geometry":{"type":"LineString","coordinates":[[126.9712,37.555],[126.9712,37.5386],[126.9707,37.5351],[126.9695,37.5334],[126.9613,37.5269],[126.9607,37.5255],[126.9611,37.5239],[126.9639,37.5222],[126.9726,37.5227],[126.9833,37.5195],[126.9947,37.52],[127.0009,37.5226],[127.0039,37.5263],[127.0117,37.5308],[127.0165,37.5386],[127.0181,37.54],[127.0247,37.5445],[127.0325,37.5477],[127.0355,37.5512],[127.0389,37.5536],[127.0395,37.5566],[127.0377,37.5667],[127.0482,37.5807]]}},{"type":"Feature","properties":{"country":"Taiwan","line":"THSR","from":"南港","to":"左營","dist_km":348.4,"fare_local":1530,"currency":"TWD","local_per_km":4.392,"usd_per_km":0.1402,"extra":{},"from_en":"Nangang","to_en":"Zuoying","line_en":"THSR"},"geometry":{"type":"LineString","coordinates":[[121.6073,25.0533],[121.5817,25.0492],[121.5695,25.0491],[121.5581,25.0452],[121.5538,25.0444],[121.5463,25.045],[121.5357,25.0448],[121.5112,25.0482],[121.5094,25.0466],[121.5062,25.0356],[121.5052,25.0341],[121.4965,25.0329],[121.4901,25.0277],[121.4811,25.0255],[121.4641,25.0135],[121.4556,25.0044],[121.4527,25.0037],[121.4358,25.0047],[121.4272,25.0037],[121.4225,25.0038],[121.405,25.0064],[121.3952,25.0091],[121.387,25.0127],[121.3143,25.0535],[121.3022,25.0577],[121.2907,25.0594],[121.2775,25.0586],[121.2652,25.0553],[121.2551,25.0501],[121.2482,25.0449],[121.2318,25.0298],[121.1676,24.9657],[121.1563,24.9584],[121.115,24.9399],[121.1063,24.9341],[121.0975,24.9254],[121.0581,24.8648],[121.0541,24.8577],[121.0501,24.847],[121.0438,24.8227],[121.0366,24.7944],[121.0319,24.7716],[121.0267,24.76],[121.019,24.75],[121.0134,24.745],[121.0075,24.7408],[120.9628,24.7154],[120.956,24.7109],[120.9494,24.7056],[120.9426,24.6988],[120.9374,24.6924],[120.9152,24.6593],[120.9072,24.6505],[120.8989,24.6436],[120.8906,24.6381],[120.8589,24.6204],[120.804,24.596],[120.7952,24.591],[120.7896,24.5866],[120.7838,24.5809],[120.7684,24.5636],[120.7391,24.5274],[120.7102,24.4781],[120.7045,24.4642],[120.677,24.3501],[120.672,24.2966],[120.6704,24.2883],[120.6677,24.2806],[120.6644,24.2739],[120.6487,24.2543],[120.6451,24.2486],[120.642,24.2418],[120.6395,24.232],[120.6377,24.2119],[120.6363,24.2045],[120.624,24.1689],[120.6216,24.1595],[120.6187,24.14],[120.6128,24.0799],[120.6111,24.0728],[120.6059,24.0562],[120.6039,24.0412],[120.6044,24.0276],[120.6123,23.9729],[120.6155,23.9337],[120.6144,23.92],[120.6107,23.9086],[120.6051,23.8987],[120.6003,23.8925],[120.594,23.8866],[120.5831,23.879],[120.5558,23.8626],[120.536,23.8537],[120.5255,23.8501],[120.4764,23.8394],[120.4689,23.837],[120.4571,23.831],[120.4515,23.8269],[120.4465,23.8222],[120.4397,23.8135],[120.4343,23.8026],[120.4243,23.7579],[120.408,23.7162],[120.4031,23.7088],[120.3461,23.634],[120.3393,23.6216],[120.3352,23.6085],[120.3339,23.6],[120.3318,23.5681],[120.3277,23.5383],[120.3204,23.3839],[120.3226,23.3714],[120.3346,23.3368],[120.3371,23.3279],[120.3462,23.2797],[120.3464,23.2687],[120.3441,23.258],[120.3388,23.2472],[120.2882,23.1842],[120.2833,23.1753],[120.2804,23.1671],[120.2768,23.1464],[120.2766,23.136],[120.2776,23.1292],[120.2845,23.1025],[120.2866,23.0913],[120.2894,23.0238],[120.2884,23.0159],[120.2864,23.0084],[120.2768,22.9879],[120.274,22.9805],[120.2723,22.9716],[120.272,22.9641],[120.2733,22.9543],[120.2759,22.946],[120.3017,22.8944],[120.3056,22.8851],[120.3166,22.83],[120.3198,22.8223],[120.3279,22.8066],[120.3565,22.746],[120.3587,22.7353],[120.3587,22.7172],[120.358,22.7137],[120.3563,22.7107],[120.3538,22.7082],[120.3504,22.7065],[120.346,22.7058],[120.3279,22.7064],[120.3249,22.7055],[120.3182,22.6974],[120.3077,22.6872]]}},{"type":"Feature","properties":{"country":"Indonesia","line":"Whoosh","from":"Halim","to":"Tegalluar Summarecon","dist_km":142.4,"fare_local":300000,"currency":"IDR","local_per_km":2106.742,"usd_per_km":0.1265,"extra":{},"from_en":null,"to_en":null,"line_en":"Whoosh"},"geometry":{"type":"LineString","coordinates":[[106.89,-6.226],[106.8928,-6.243],[106.8947,-6.243],[106.8969,-6.2442],[106.9022,-6.2514],[106.9053,-6.2543],[106.9129,-6.258],[106.918,-6.2587],[106.9579,-6.2567],[106.9639,-6.2551],[106.9736,-6.2496],[106.9769,-6.2489],[106.9805,-6.2492],[106.9915,-6.2539],[107.037,-6.2698],[107.0552,-6.2777],[107.096,-6.2906],[107.1041,-6.2947],[107.1623,-6.3281],[107.18,-6.3349],[107.1895,-6.3395],[107.201,-6.348],[107.2273,-6.3724],[107.2335,-6.3775],[107.2629,-6.3958],[107.2699,-6.4013],[107.3721,-6.4887],[107.3814,-6.4946],[107.4004,-6.5045],[107.4074,-6.51],[107.4151,-6.5187],[107.4202,-6.5282],[107.4232,-6.5379],[107.4243,-6.5487],[107.4229,-6.5604],[107.4177,-6.579],[107.4139,-6.5872],[107.401,-6.608],[107.3983,-6.6152],[107.3967,-6.6227],[107.3964,-6.6355],[107.4043,-6.6786],[107.4057,-6.7117],[107.4076,-6.7199],[107.4119,-6.7318],[107.4359,-6.7809],[107.4425,-6.7924],[107.4468,-6.7978],[107.4513,-6.8018],[107.4563,-6.8048],[107.4697,-6.8112],[107.4766,-6.8162],[107.4834,-6.8239],[107.4909,-6.8362],[107.5071,-6.8518],[107.5135,-6.8607],[107.517,-6.8682],[107.5183,-6.8724],[107.5193,-6.8806],[107.5214,-6.8863],[107.525,-6.891],[107.5303,-6.8953],[107.5326,-6.8978],[107.5357,-6.9047],[107.5426,-6.9138],[107.5451,-6.9246],[107.5469,-6.9292],[107.5601,-6.9477],[107.5631,-6.9509],[107.5812,-6.9608],[107.5858,-6.9623],[107.616,-6.9606],[107.6266,-6.964],[107.639,-6.9656],[107.6496,-6.9645],[107.6675,-6.9677],[107.6974,-6.9708],[107.7021,-6.9702],[107.703,-6.973]]}},{"type":"Feature","properties":{"country":"Malaysia","line":"KTMB ETS","from":"JB Sentral","to":"KL Sentral","dist_km":369.4,"fare_local":106.0,"currency":"MYR","local_per_km":0.287,"usd_per_km":0.0708,"extra":{"n_fare_points":98},"from_en":null,"to_en":null,"line_en":"KTMB ETS"},"geometry":{"type":"LineString","coordinates":[[103.7649,1.4625],[103.7577,1.4716],[103.7552,1.4764],[103.7555,1.4843],[103.7573,1.4902],[103.7568,1.493],[103.743,1.5132],[103.7409,1.5186],[103.7358,1.525],[103.7331,1.5308],[103.7144,1.5402],[103.7119,1.5405],[103.7069,1.5398],[103.7027,1.5419],[103.7012,1.5434],[103.6953,1.554],[103.6938,1.5594],[103.6922,1.5616],[103.6869,1.5651],[103.6778,1.5673],[103.6725,1.5699],[103.6677,1.5785],[103.6539,1.5904],[103.6503,1.5952],[103.6487,1.6003],[103.6478,1.615],[103.6466,1.6198],[103.6454,1.622],[103.6429,1.6248],[103.6138,1.6508],[103.6073,1.6591],[103.6041,1.6617],[103.5957,1.6653],[103.5923,1.6677],[103.5712,1.6849],[103.5604,1.6913],[103.5443,1.7053],[103.5241,1.7167],[103.5208,1.7197],[103.5106,1.7355],[103.5096,1.738],[103.5075,1.7481],[103.4996,1.7589],[103.4972,1.7639],[103.4963,1.7669],[103.4926,1.7949],[103.4918,1.7981],[103.4904,1.8002],[103.4707,1.818],[103.4587,1.823],[103.4557,1.8248],[103.4447,1.8316],[103.4314,1.8417],[103.4198,1.8493],[103.4164,1.8539],[103.4083,1.8757],[103.397,1.8976],[103.384,1.91],[103.3782,1.9192],[103.3757,1.922],[103.3638,1.9299],[103.3455,1.9513],[103.3269,1.9908],[103.3176,2.0319],[103.3135,2.0458],[103.2852,2.0868],[103.274,2.0979],[103.2703,2.1063],[103.2656,2.1118],[103.2639,2.1148],[103.2607,2.1294],[103.2592,2.1329],[103.2547,2.1369],[103.2419,2.1413],[103.2375,2.1443],[103.2286,2.1547],[103.2273,2.1574],[103.225,2.1666],[103.2159,2.1781],[103.2125,2.1803],[103.1957,2.1854],[103.1806,2.1999],[103.1522,2.2391],[103.1506,2.2439],[103.1513,2.2508],[103.1511,2.2547],[103.144,2.2711],[103.1379,2.2827],[103.1194,2.3122],[103.116,2.3145],[103.1052,2.318],[103.064,2.3468],[103.0543,2.3581],[103.017,2.3856],[103.0139,2.3895],[103.0123,2.3927],[103.0101,2.4036],[103.0037,2.4142],[102.9926,2.4375],[102.9908,2.4397],[102.9792,2.4499],[102.9611,2.4629],[102.9448,2.4718],[102.9317,2.4724],[102.9246,2.4715],[102.9145,2.4738],[102.9076,2.4745],[102.9036,2.4765],[102.8927,2.4854],[102.8791,2.4899],[102.8683,2.4912],[102.8595,2.4885],[102.8562,2.4882],[102.8467,2.4895],[102.8421,2.4915],[102.817,2.5043],[102.8108,2.5096],[102.8082,2.5146],[102.8066,2.5161],[102.7995,2.5181],[102.7823,2.5326],[102.7725,2.537],[102.7692,2.5404],[102.7669,2.5456],[102.7646,2.5483],[102.7529,2.5565],[102.7305,2.569],[102.7223,2.5768],[102.7198,2.5781],[102.6897,2.5839],[102.6821,2.5833],[102.6758,2.5842],[102.6615,2.5837],[102.6506,2.5854],[102.6229,2.582],[102.5989,2.5754],[102.5913,2.5765],[102.5896,2.5778],[102.5871,2.5816],[102.5842,2.5831],[102.5599,2.5805],[102.5521,2.5744],[102.522,2.5607],[102.5191,2.5587],[102.4973,2.5327],[102.488,2.5132],[102.4804,2.5068],[102.467,2.5006],[102.4529,2.4977],[102.4498,2.4965],[102.4449,2.4924],[102.4403,2.4856],[102.4344,2.4794],[102.43,2.4777],[102.4248,2.4775],[102.4214,2.4766],[102.413,2.4725],[102.4053,2.466],[102.4022,2.4646],[102.3851,2.461],[102.3694,2.4628],[102.3145,2.4539],[102.2774,2.4585],[102.2701,2.4577],[102.2618,2.4592],[102.237,2.4594],[102.23,2.4614],[102.2157,2.4694],[102.2116,2.4702],[102.2079,2.4692],[102.2055,2.4673],[102.2008,2.4569],[102.1983,2.454],[102.1933,2.452],[102.1903,2.4522],[102.1879,2.4531],[102.1847,2.4558],[102.183,2.4596],[102.1783,2.4926],[102.1645,2.5265],[102.1623,2.5291],[102.136,2.55],[102.1279,2.5575],[102.1088,2.5698],[102.0831,2.6122],[102.0727,2.6256],[102.0641,2.63],[102.0578,2.6344],[102.0498,2.6361],[102.0434,2.6364],[102.0402,2.6376],[102.0331,2.6437],[102.0263,2.652],[102.0231,2.654],[102.0141,2.6555],[102.0079,2.6546],[102.0033,2.6575],[101.9976,2.6591],[101.9934,2.6634],[101.9895,2.6701],[101.9843,2.6727],[101.9814,2.6762],[101.9765,2.6793],[101.9706,2.6935],[101.9691,2.6956],[101.9548,2.704],[101.9532,2.7058],[101.9502,2.7121],[101.9396,2.7195],[101.9276,2.7228],[101.9252,2.7241],[101.921,2.7231],[101.916,2.7255],[101.9045,2.7256],[101.9015,2.7277],[101.8958,2.735],[101.8935,2.7398],[101.892,2.7409],[101.8897,2.741],[101.8847,2.7386],[101.8815,2.7386],[101.8158,2.757],[101.8115,2.7597],[101.8061,2.7663],[101.7964,2.7927],[101.7964,2.7976],[101.7983,2.8007],[101.8098,2.8132],[101.814,2.8152],[101.8212,2.8232],[101.8256,2.8266],[101.8283,2.8388],[101.8276,2.8406],[101.8249,2.8442],[101.8193,2.8635],[101.8192,2.8679],[101.8153,2.8786],[101.8087,2.8843],[101.8014,2.886],[101.7936,2.8928],[101.7861,2.8971],[101.7848,2.899],[101.7849,2.9012],[101.7872,2.9053],[101.7927,2.907],[101.7943,2.9083],[101.7968,2.9161],[101.7958,2.9234],[101.7938,2.9274],[101.7943,2.9341],[101.7871,2.9403],[101.7861,2.9426],[101.7864,2.9443],[101.7928,2.958],[101.7903,2.968],[101.7904,2.9875],[101.7887,2.9898],[101.7736,2.9959],[101.7697,2.9952],[101.7653,2.9918],[101.7623,2.9907],[101.7468,2.9925],[101.7417,2.9952],[101.7336,3.0033],[101.7289,3.0048],[101.7273,3.0062],[101.723,3.0146],[101.7182,3.0191],[101.7132,3.0283],[101.7095,3.0315],[101.7083,3.0342],[101.7088,3.0388],[101.7066,3.0484],[101.7069,3.0568],[101.7088,3.0718],[101.7106,3.0758],[101.715,3.0797],[101.7157,3.0839],[101.7146,3.0854],[101.7122,3.0861],[101.7111,3.0871],[101.7099,3.0937],[101.708,3.0961],[101.6885,3.1118],[101.6828,3.1129],[101.6801,3.115],[101.6781,3.1226],[101.6783,3.1252],[101.6829,3.132],[101.6862,3.1348]]}},{"type":"Feature","properties":{"country":"Malaysia","line":"KTMB ETS","from":"KL Sentral","to":"Butterworth","dist_km":388.5,"fare_local":108.0,"currency":"MYR","local_per_km":0.278,"usd_per_km":0.0685,"extra":{"n_fare_points":98},"from_en":null,"to_en":null,"line_en":"KTMB ETS"},"geometry":{"type":"LineString","coordinates":[[101.6862,3.1348],[101.6918,3.1372],[101.6933,3.1388],[101.6939,3.1426],[101.6912,3.1466],[101.6906,3.15],[101.6937,3.1567],[101.6914,3.1649],[101.6864,3.1684],[101.6839,3.173],[101.6793,3.1776],[101.6732,3.1819],[101.6675,3.1838],[101.6584,3.1905],[101.6421,3.1978],[101.6332,3.2068],[101.6306,3.2083],[101.6277,3.2087],[101.6185,3.2081],[101.6109,3.201],[101.6068,3.1995],[101.6006,3.2011],[101.594,3.2006],[101.5871,3.2027],[101.5818,3.2056],[101.5766,3.2075],[101.5682,3.2168],[101.561,3.2268],[101.5594,3.2329],[101.5604,3.2438],[101.5558,3.2509],[101.5546,3.2544],[101.5551,3.2594],[101.5589,3.2661],[101.5601,3.2711],[101.5618,3.2739],[101.5622,3.2768],[101.5648,3.2793],[101.5726,3.2905],[101.5751,3.2967],[101.5747,3.3198],[101.5695,3.3275],[101.5689,3.3294],[101.5693,3.3313],[101.5718,3.3347],[101.5727,3.3373],[101.5714,3.3571],[101.5724,3.3603],[101.574,3.362],[101.5761,3.3631],[101.5837,3.3627],[101.5924,3.3641],[101.6063,3.3687],[101.6092,3.3708],[101.6252,3.3868],[101.6276,3.3915],[101.6283,3.3954],[101.628,3.4073],[101.6268,3.4146],[101.6248,3.4193],[101.6249,3.422],[101.6264,3.4249],[101.6367,3.4382],[101.638,3.4421],[101.6399,3.4531],[101.6374,3.4653],[101.6396,3.4792],[101.6396,3.4823],[101.6354,3.4925],[101.6324,3.5112],[101.6295,3.5154],[101.6287,3.5183],[101.6301,3.5281],[101.6334,3.5332],[101.6364,3.5431],[101.6395,3.5482],[101.6398,3.5506],[101.6385,3.5568],[101.6358,3.5594],[101.6248,3.5641],[101.6175,3.5697],[101.6139,3.5743],[101.6132,3.5803],[101.6117,3.5844],[101.6027,3.5972],[101.6003,3.5989],[101.595,3.6],[101.592,3.6016],[101.5868,3.6089],[101.5778,3.6172],[101.5724,3.6209],[101.5619,3.6333],[101.5583,3.6398],[101.553,3.6464],[101.5396,3.6583],[101.5258,3.6777],[101.4951,3.7065],[101.4824,3.7139],[101.4745,3.7166],[101.4677,3.7234],[101.4578,3.729],[101.456,3.732],[101.4554,3.7373],[101.4542,3.7398],[101.4451,3.751],[101.4378,3.7574],[101.4359,3.7625],[101.4362,3.7693],[101.4351,3.7857],[101.4318,3.7938],[101.4295,3.7966],[101.4234,3.8017],[101.4128,3.8152],[101.404,3.8244],[101.3901,3.8457],[101.3878,3.8477],[101.3833,3.8502],[101.3804,3.8532],[101.3789,3.8564],[101.3774,3.8646],[101.3781,3.8686],[101.3809,3.8737],[101.3818,3.8767],[101.3817,3.8806],[101.3805,3.8838],[101.377,3.8879],[101.3699,3.8908],[101.3659,3.8934],[101.3598,3.9002],[101.3511,3.9059],[101.3478,3.9096],[101.3459,3.9141],[101.3436,3.9246],[101.3396,3.9339],[101.3377,3.9404],[101.3301,3.9486],[101.3167,3.9712],[101.3052,4.0014],[101.2941,4.0137],[101.291,4.0186],[101.2854,4.0339],[101.2845,4.0503],[101.2722,4.0821],[101.2689,4.098],[101.2675,4.101],[101.2654,4.1036],[101.2619,4.106],[101.2505,4.1112],[101.2378,4.1233],[101.2231,4.1318],[101.2081,4.1416],[101.1901,4.1629],[101.1887,4.1681],[101.1895,4.1783],[101.1858,4.1858],[101.177,4.232],[101.1752,4.2512],[101.1687,4.2654],[101.1683,4.2736],[101.1646,4.28],[101.1635,4.2881],[101.1605,4.2956],[101.1581,4.2991],[101.1441,4.3103],[101.1219,4.3397],[101.1133,4.3524],[101.1008,4.3686],[101.088,4.3865],[101.0593,4.4382],[101.0477,4.4632],[101.043,4.4711],[101.0419,4.4779],[101.042,4.481],[101.0555,4.5524],[101.0674,4.5809],[101.0702,4.5859],[101.0717,4.5945],[101.075,4.6014],[101.0765,4.607],[101.0808,4.6105],[101.0827,4.6107],[101.0873,4.6099],[101.0905,4.6115],[101.0948,4.619],[101.1379,4.6757],[101.14,4.6796],[101.1411,4.6833],[101.1415,4.6896],[101.1392,4.697],[101.1352,4.7023],[101.1261,4.71],[101.1231,4.7152],[101.1224,4.7185],[101.1211,4.7475],[101.1121,4.7688],[101.1037,4.7764],[101.0895,4.8001],[101.082,4.8068],[101.0776,4.8134],[101.0739,4.8168],[101.0642,4.8229],[101.056,4.8259],[101.0491,4.8261],[101.0401,4.8229],[101.035,4.8234],[101.0248,4.8297],[101.0182,4.837],[101.0158,4.8387],[101.0003,4.8446],[100.9962,4.8454],[100.9823,4.8434],[100.971,4.8403],[100.9592,4.8358],[100.9556,4.8334],[100.9534,4.8307],[100.952,4.8275],[100.9516,4.8153],[100.9497,4.8095],[100.9473,4.8063],[100.9411,4.8011],[100.9379,4.7965],[100.936,4.7899],[100.9348,4.7785],[100.933,4.7768],[100.9273,4.7744],[100.9061,4.7772],[100.9038,4.7766],[100.8991,4.7734],[100.8928,4.7731],[100.8828,4.7711],[100.8737,4.7723],[100.8634,4.7769],[100.8496,4.7794],[100.8421,4.7785],[100.8333,4.776],[100.8,4.7763],[100.7643,4.787],[100.7472,4.8001],[100.7449,4.8026],[100.7422,4.8076],[100.739,4.8176],[100.7378,4.8246],[100.729,4.8351],[100.7279,4.8374],[100.7292,4.8489],[100.7337,4.8548],[100.7343,4.8581],[100.7316,4.8628],[100.7272,4.8669],[100.7211,4.8814],[100.7166,4.9213],[100.7168,4.9254],[100.7201,4.9378],[100.7262,4.9609],[100.7327,4.9802],[100.7338,4.9863],[100.7354,5.0023],[100.7343,5.0067],[100.7301,5.0145],[100.7198,5.0256],[100.7104,5.0335],[100.7076,5.0349],[100.6944,5.039],[100.6604,5.0391],[100.6492,5.0416],[100.641,5.0415],[100.5928,5.045],[100.5871,5.0445],[100.5816,5.0424],[100.5492,5.0206],[100.5462,5.0192],[100.5423,5.0184],[100.5387,5.0187],[100.5347,5.0201],[100.5312,5.0227],[100.5274,5.0285],[100.4947,5.0904],[100.4825,5.148],[100.4801,5.1559],[100.4796,5.1893],[100.4808,5.1929],[100.4907,5.2115],[100.4917,5.218],[100.4786,5.278],[100.4788,5.2809],[100.4828,5.2912],[100.483,5.2939],[100.4703,5.3234],[100.4699,5.3414],[100.4667,5.3523],[100.4595,5.3626],[100.4563,5.3649],[100.442,5.367],[100.4314,5.3626],[100.4262,5.3627],[100.4038,5.3714],[100.3732,5.3875],[100.3664,5.3934]]}},{"type":"Feature","properties":{"country":"Malaysia","line":"KTMB ETS","from":"KL Sentral","to":"Padang Besar","dist_km":533.6,"fare_local":144.0,"currency":"MYR","local_per_km":0.2699,"usd_per_km":0.0665,"extra":{"n_fare_points":85},"from_en":null,"to_en":null,"line_en":"KTMB ETS"},"geometry":{"type":"LineString","coordinates":[[101.6862,3.1348],[101.6918,3.1372],[101.6933,3.1388],[101.6939,3.1426],[101.6912,3.1466],[101.6906,3.15],[101.6937,3.1567],[101.6914,3.1649],[101.6864,3.1684],[101.6839,3.173],[101.6793,3.1776],[101.6732,3.1819],[101.6675,3.1838],[101.6584,3.1905],[101.6421,3.1978],[101.6332,3.2068],[101.6306,3.2083],[101.6277,3.2087],[101.6185,3.2081],[101.6109,3.201],[101.6068,3.1995],[101.6006,3.2011],[101.594,3.2006],[101.5871,3.2027],[101.5818,3.2056],[101.5766,3.2075],[101.5682,3.2168],[101.561,3.2268],[101.5594,3.2329],[101.5604,3.2438],[101.5558,3.2509],[101.5546,3.2544],[101.5551,3.2594],[101.5589,3.2661],[101.5601,3.2711],[101.5618,3.2739],[101.5622,3.2768],[101.5648,3.2793],[101.5726,3.2905],[101.5751,3.2967],[101.5747,3.3198],[101.5695,3.3275],[101.5689,3.3294],[101.5693,3.3313],[101.5718,3.3347],[101.5727,3.3373],[101.5714,3.3571],[101.5724,3.3603],[101.574,3.362],[101.5761,3.3631],[101.5837,3.3627],[101.5924,3.3641],[101.6063,3.3687],[101.6092,3.3708],[101.6252,3.3868],[101.6276,3.3915],[101.6283,3.3954],[101.628,3.4073],[101.6268,3.4146],[101.6248,3.4193],[101.6249,3.422],[101.6264,3.4249],[101.6367,3.4382],[101.638,3.4421],[101.6399,3.4531],[101.6374,3.4653],[101.6396,3.4792],[101.6396,3.4823],[101.6354,3.4925],[101.6324,3.5112],[101.6295,3.5154],[101.6287,3.5183],[101.6301,3.5281],[101.6334,3.5332],[101.6364,3.5431],[101.6395,3.5482],[101.6398,3.5506],[101.6385,3.5568],[101.6358,3.5594],[101.6248,3.5641],[101.6175,3.5697],[101.6139,3.5743],[101.6132,3.5803],[101.6117,3.5844],[101.6027,3.5972],[101.6003,3.5989],[101.595,3.6],[101.592,3.6016],[101.5868,3.6089],[101.5778,3.6172],[101.5724,3.6209],[101.5619,3.6333],[101.5583,3.6398],[101.553,3.6464],[101.5396,3.6583],[101.5258,3.6777],[101.4951,3.7065],[101.4824,3.7139],[101.4745,3.7166],[101.4677,3.7234],[101.4578,3.729],[101.456,3.732],[101.4554,3.7373],[101.4542,3.7398],[101.4451,3.751],[101.4378,3.7574],[101.4359,3.7625],[101.4362,3.7693],[101.4351,3.7857],[101.4318,3.7938],[101.4295,3.7966],[101.4234,3.8017],[101.4128,3.8152],[101.404,3.8244],[101.3901,3.8457],[101.3878,3.8477],[101.3833,3.8502],[101.3804,3.8532],[101.3789,3.8564],[101.3774,3.8646],[101.3781,3.8686],[101.3809,3.8737],[101.3818,3.8767],[101.3817,3.8806],[101.3805,3.8838],[101.377,3.8879],[101.3699,3.8908],[101.3659,3.8934],[101.3598,3.9002],[101.3511,3.9059],[101.3478,3.9096],[101.3459,3.9141],[101.3436,3.9246],[101.3396,3.9339],[101.3377,3.9404],[101.3301,3.9486],[101.3167,3.9712],[101.3052,4.0014],[101.2941,4.0137],[101.291,4.0186],[101.2854,4.0339],[101.2845,4.0503],[101.2722,4.0821],[101.2689,4.098],[101.2675,4.101],[101.2654,4.1036],[101.2619,4.106],[101.2505,4.1112],[101.2378,4.1233],[101.2231,4.1318],[101.2081,4.1416],[101.1901,4.1629],[101.1887,4.1681],[101.1895,4.1783],[101.1858,4.1858],[101.177,4.232],[101.1752,4.2512],[101.1687,4.2654],[101.1683,4.2736],[101.1646,4.28],[101.1635,4.2881],[101.1605,4.2956],[101.1581,4.2991],[101.1441,4.3103],[101.1219,4.3397],[101.1133,4.3524],[101.1008,4.3686],[101.088,4.3865],[101.0593,4.4382],[101.0477,4.4632],[101.043,4.4711],[101.0419,4.4779],[101.042,4.481],[101.0555,4.5524],[101.0674,4.5809],[101.0702,4.5859],[101.0717,4.5945],[101.075,4.6014],[101.0766,4.607],[101.0778,4.6085],[101.0811,4.6105],[101.0872,4.6099],[101.0906,4.6116],[101.0946,4.6187],[101.138,4.6758],[101.1401,4.6796],[101.1412,4.6833],[101.1416,4.6896],[101.1393,4.6969],[101.1358,4.7017],[101.1262,4.71],[101.1231,4.7152],[101.1225,4.7185],[101.1211,4.7475],[101.1121,4.7689],[101.1037,4.7766],[101.0896,4.8],[101.0822,4.8067],[101.0777,4.8134],[101.074,4.8169],[101.0643,4.8229],[101.0551,4.826],[101.0486,4.8261],[101.0401,4.823],[101.0349,4.8235],[101.0247,4.8298],[101.0183,4.8369],[101.0159,4.8388],[101.0005,4.8446],[100.996,4.8455],[100.9823,4.8434],[100.9701,4.8401],[100.9592,4.8358],[100.9555,4.8334],[100.9534,4.8308],[100.952,4.8275],[100.9516,4.8153],[100.9497,4.8095],[100.9472,4.8063],[100.9409,4.801],[100.9379,4.7965],[100.936,4.79],[100.9352,4.7798],[100.9345,4.7781],[100.933,4.7768],[100.9279,4.7746],[100.9205,4.775],[100.9061,4.7773],[100.9038,4.7766],[100.899,4.7734],[100.893,4.7731],[100.8828,4.7711],[100.8737,4.7723],[100.8634,4.777],[100.8496,4.7795],[100.8421,4.7785],[100.8343,4.7762],[100.8006,4.7764],[100.7636,4.7875],[100.7518,4.7964],[100.7454,4.802],[100.742,4.8084],[100.7391,4.8176],[100.7379,4.8245],[100.7283,4.8363],[100.7279,4.8391],[100.7293,4.8489],[100.7337,4.8548],[100.7343,4.8581],[100.7317,4.8629],[100.727,4.8672],[100.7216,4.8799],[100.7207,4.8833],[100.7167,4.9244],[100.7263,4.961],[100.733,4.9812],[100.7355,5.0],[100.7343,5.0067],[100.7289,5.0161],[100.7198,5.0257],[100.7104,5.0336],[100.6944,5.0391],[100.6601,5.0392],[100.6492,5.0417],[100.641,5.0415],[100.5916,5.0451],[100.586,5.0443],[100.5816,5.0424],[100.5479,5.0199],[100.543,5.0185],[100.5374,5.019],[100.5328,5.0213],[100.5291,5.0254],[100.4947,5.0905],[100.4799,5.1586],[100.4796,5.1893],[100.4808,5.1929],[100.4907,5.2115],[100.4917,5.2183],[100.4786,5.278],[100.4787,5.2805],[100.4829,5.2914],[100.4831,5.2939],[100.4704,5.3229],[100.4698,5.3419],[100.4653,5.3558],[100.4668,5.3589],[100.4729,5.4059],[100.4773,5.4177],[100.4872,5.433],[100.4892,5.4376],[100.4964,5.465],[100.4959,5.4718],[100.4963,5.4759],[100.5077,5.5189],[100.5075,5.5227],[100.5005,5.5479],[100.493,5.5933],[100.4932,5.5976],[100.4968,5.6135],[100.4968,5.617],[100.4896,5.6348],[100.4892,5.6377],[100.4958,5.6765],[100.4972,5.6797],[100.5088,5.6972],[100.5141,5.7177],[100.5143,5.7209],[100.5026,5.7519],[100.4952,5.7673],[100.4898,5.7811],[100.4829,5.796],[100.479,5.8121],[100.4769,5.8372],[100.4768,5.8915],[100.4584,5.94],[100.3668,6.1034],[100.3669,6.107],[100.3793,6.1344],[100.3805,6.1382],[100.3783,6.1752],[100.3769,6.18],[100.3705,6.1898],[100.3691,6.1935],[100.3444,6.3139],[100.3423,6.318],[100.2784,6.4036],[100.254,6.474],[100.2534,6.5031],[100.26,6.5421],[100.2591,6.5704],[100.262,6.5807],[100.2632,6.5929],[100.2633,6.6067],[100.2658,6.6229],[100.2676,6.6264],[100.2701,6.6291],[100.2943,6.6471],[100.303,6.6507],[100.3207,6.6632]]}},{"type":"Feature","properties":{"country":"China","line":"哈齐高速铁路","from":"哈尔滨","to":"齐齐哈尔","dist_km":286.0,"fare_local":98.0,"currency":"CNY","local_per_km":0.3427,"usd_per_km":0.049,"extra":{"n_fare_points":397,"overlap_trimmed":false},"from_en":"Harbin","to_en":"Qiqiha'er","line_en":"Haqi High-Speed Railway"},"geometry":{"type":"LineString","coordinates":[[126.6254,45.76],[126.6291,45.7662],[126.6171,45.7897],[126.6117,45.798],[126.604,45.8117],[126.6012,45.8152],[126.5978,45.818],[126.4973,45.8627],[126.4898,45.8668],[126.4761,45.8764],[126.4695,45.8803],[126.4426,45.8912],[126.4048,45.9109],[126.3926,45.9152],[126.3083,45.9367],[126.279,45.9464],[126.148,45.9823],[126.1244,45.9914],[126.1138,45.996],[126.1046,46.001],[125.9826,46.0824],[125.9722,46.0886],[125.9607,46.0931],[125.9438,46.0977],[125.9326,46.1017],[125.6203,46.2261],[125.5687,46.2398],[125.5431,46.25],[125.5352,46.2545],[125.1877,46.4853],[125.0724,46.5592],[125.0364,46.5814],[124.9659,46.6155],[124.8776,46.6565],[124.8503,46.6701],[124.7078,46.7373],[124.6754,46.7569],[124.4182,46.88],[124.2558,46.957],[124.2306,46.9655],[124.2216,46.9694],[124.0185,47.068],[123.9445,47.103],[123.936,47.109],[123.9312,47.1135],[123.9266,47.1192],[123.9222,47.1271],[123.9119,47.1661],[123.9112,47.173],[123.9119,47.1796],[123.9142,47.1868],[123.9181,47.1938],[123.9219,47.1985],[123.9352,47.2123],[123.9409,47.2213],[123.9616,47.269],[123.9711,47.3025],[123.99,47.3385]]}},{"type":"Feature","properties":{"country":"China","line":"哈牡高速铁路","from":"哈尔滨","to":"牡丹江","dist_km":300.0,"fare_local":111.0,"currency":"CNY","local_per_km":0.37,"usd_per_km":0.0529,"extra":{"n_fare_points":333,"overlap_trimmed":false},"from_en":"Harbin","to_en":"Mudanjiang","line_en":"Hamu High-Speed Railway"},"geometry":{"type":"LineString","coordinates":[[126.6254,45.76],[126.6313,45.7642],[126.6391,45.7653],[126.6457,45.7683],[126.6495,45.7724],[126.6681,45.7884],[126.694,45.7957],[126.7075,45.8014],[126.7176,45.8047],[126.8296,45.8294],[126.8369,45.8301],[126.8461,45.8298],[126.8538,45.8285],[126.8616,45.8262],[126.8688,45.8227],[126.8761,45.8174],[126.88,45.8131],[126.8837,45.8071],[126.8855,45.7992],[126.8844,45.7799],[126.8856,45.7705],[126.8886,45.7616],[126.906,45.7246],[126.9129,45.7159],[126.9282,45.7032],[126.9343,45.6969],[126.995,45.6079],[127.0013,45.6005],[127.0503,45.5616],[127.0562,45.5551],[127.0677,45.5381],[127.0741,45.5307],[127.1092,45.5005],[127.1601,45.4693],[127.2043,45.4371],[127.2356,45.4152],[127.2413,45.4111],[127.289,45.3715],[127.3349,45.3377],[127.3534,45.3262],[127.3686,45.319],[127.4255,45.2945],[127.4608,45.2817],[127.5207,45.2572],[127.5998,45.2319],[127.6152,45.2299],[127.6224,45.23],[127.634,45.2314],[127.6847,45.245],[127.6969,45.2475],[127.7087,45.2481],[127.7288,45.2478],[127.7503,45.2465],[127.8508,45.2257],[127.8945,45.2129],[127.9276,45.1998],[127.9641,45.1875],[127.9859,45.1821],[127.993,45.1798],[128.0002,45.1764],[128.0075,45.1717],[128.0133,45.1661],[128.0171,45.1613],[128.0193,45.1573],[128.0216,45.1509],[128.0251,45.1241],[128.0278,45.1159],[128.0333,45.1076],[128.038,45.103],[128.0445,45.0984],[128.0534,45.0939],[128.1075,45.0737],[128.1652,45.0504],[128.17,45.0477],[128.176,45.0434],[128.1968,45.0256],[128.2051,45.0203],[128.2434,45.0017],[128.2586,44.9936],[128.2681,44.9875],[128.2862,44.9722],[128.2931,44.9675],[128.3768,44.9213],[128.3841,44.9188],[128.3945,44.9162],[128.4258,44.9123],[128.4531,44.9105],[128.4899,44.9092],[128.5132,44.9094],[128.6104,44.9075],[128.6861,44.9027],[128.6989,44.9031],[128.7624,44.908],[128.8052,44.9069],[128.8153,44.9059],[128.8283,44.9031],[128.8397,44.8994],[128.8549,44.8926],[128.9903,44.8287],[129.0245,44.812],[129.042,44.8053],[129.0741,44.7965],[129.1127,44.7844],[129.1285,44.7777],[129.134,44.7736],[129.1421,44.7644],[129.2087,44.7125],[129.2397,44.6772],[129.2695,44.645],[129.2875,44.6302],[129.2966,44.6241],[129.3049,44.62],[129.3183,44.6161],[129.3496,44.6126],[129.3852,44.6051],[129.4166,44.6027],[129.4279,44.6008],[129.4402,44.5963],[129.4894,44.5743],[129.4987,44.5713],[129.512,44.5689],[129.5264,44.5686],[129.5385,44.5702],[129.549,44.5729],[129.5861,44.5845],[129.5942,44.5857],[129.6051,44.5891]]}},{"type":"Feature","properties":{"country":"China","line":"牡绥铁路","from":"牡丹江","to":"绥芬河","dist_km":137.0,"fare_local":51.0,"currency":"CNY","local_per_km":0.3723,"usd_per_km":0.0532,"extra":{"n_fare_points":42,"overlap_trimmed":false},"from_en":"Mudanjiang","to_en":"Suifenhe","line_en":"Musui Railway"},"geometry":{"type":"LineString","coordinates":[[129.6051,44.5891],[129.6215,44.5934],[129.624,44.5929],[129.6337,44.588],[129.637,44.5874],[129.6549,44.5917],[129.6659,44.5915],[129.672,44.5906],[129.6771,44.5886],[129.6846,44.5841],[129.6989,44.5726],[129.7168,44.5592],[129.7288,44.5521],[129.7367,44.5489],[129.7443,44.5469],[129.7557,44.5452],[129.7644,44.5449],[129.7722,44.5456],[129.7803,44.5476],[129.8121,44.5621],[129.8367,44.5687],[129.8842,44.5742],[129.9117,44.5756],[129.9198,44.577],[129.9287,44.5802],[129.9445,44.5898],[129.9495,44.5919],[129.9853,44.6018],[129.9974,44.604],[130.0063,44.6049],[130.0135,44.6047],[130.0346,44.6009],[130.0461,44.5975],[130.0938,44.5795],[130.1112,44.5746],[130.1187,44.5736],[130.153,44.5716],[130.1893,44.5677],[130.2123,44.5674],[130.2237,44.5695],[130.2425,44.5771],[130.2754,44.5868],[130.3205,44.5974],[130.3791,44.6206],[130.3886,44.6223],[130.41,44.6217],[130.4201,44.6193],[130.4309,44.6139],[130.459,44.5911],[130.4725,44.5826],[130.4782,44.5797],[130.5678,44.5488],[130.6747,44.5241],[130.6838,44.5214],[130.6912,44.5179],[130.7212,44.4978],[130.7268,44.4948],[130.734,44.4924],[130.7509,44.4892],[130.7675,44.484],[130.7745,44.4811],[130.7912,44.47],[130.8574,44.4299],[130.8644,44.4275],[130.8729,44.4261],[130.9143,44.4266],[130.9241,44.426],[130.9303,44.4246],[130.9417,44.4195],[130.9535,44.4131],[130.9631,44.4062],[130.9826,44.3898],[130.9875,44.3871],[130.9939,44.3846],[131.0048,44.3829],[131.0298,44.3824],[131.0374,44.383],[131.0439,44.3842],[131.0757,44.3929],[131.1012,44.4028],[131.1069,44.4036],[131.129,44.4038]]}},{"type":"Feature","properties":{"country":"China","line":"沈佳高速铁路","from":"沈阳北","to":"长白山","dist_km":430.0,"fare_local":275.0,"currency":"CNY","local_per_km":0.6395,"usd_per_km":0.0914,"extra":{"n_fare_points":133,"overlap_trimmed":false},"from_en":"Shenyangbei","to_en":"Changbaishan","line_en":"Shenjia High-Speed Railway"},"geometry":{"type":"LineString","coordinates":[[123.4294,41.8173],[123.4414,41.8206],[123.453,41.8199],[123.4609,41.817],[123.4689,41.8129],[123.4739,41.8128],[123.5246,41.8318],[123.5316,41.835],[123.548,41.839],[123.5518,41.8413],[123.5591,41.8482],[123.5625,41.8506],[123.5694,41.8532],[123.5837,41.8563],[123.6019,41.8668],[123.6079,41.8696],[123.6173,41.8724],[123.6287,41.8743],[123.6943,41.8771],[123.723,41.8807],[123.7405,41.8812],[123.7657,41.8868],[123.7917,41.8951],[123.8006,41.8966],[123.8082,41.8971],[123.8464,41.8959],[123.8842,41.8879],[123.8923,41.8869],[123.9362,41.8881],[123.9832,41.8906],[123.9911,41.8904],[124.0205,41.8854],[124.0343,41.8812],[124.0425,41.8773],[124.0546,41.8699],[124.069,41.8591],[124.0762,41.8507],[124.0823,41.8406],[124.0849,41.8335],[124.0952,41.7979],[124.1072,41.772],[124.1108,41.7663],[124.1164,41.7594],[124.1265,41.751],[124.1359,41.7459],[124.1498,41.7405],[124.1577,41.7388],[124.171,41.7376],[124.3539,41.735],[124.3682,41.7342],[124.5949,41.7021],[124.6431,41.6938],[124.7807,41.6675],[124.7982,41.666],[124.8106,41.6664],[124.8236,41.6682],[124.8684,41.6805],[124.9047,41.6851],[125.0019,41.7122],[125.0155,41.7151],[125.0284,41.7164],[125.0368,41.7166],[125.0909,41.7121],[125.1035,41.712],[125.1157,41.7131],[125.1317,41.7165],[125.1758,41.7307],[125.186,41.7334],[125.3981,41.7729],[125.6261,41.7865],[125.6397,41.7859],[125.81,41.7713],[125.8178,41.7715],[125.83,41.7733],[125.8718,41.7818],[125.8849,41.7825],[125.8978,41.7806],[125.9363,41.7696],[125.9441,41.7687],[125.9519,41.7691],[125.9606,41.7714],[125.9679,41.7751],[125.9918,41.7949],[125.998,41.7985],[126.0051,41.8012],[126.0172,41.8039],[126.0588,41.805],[126.0709,41.807],[126.0843,41.8105],[126.2826,41.8882],[126.3696,41.9423],[126.3798,41.9467],[126.4155,41.9599],[126.4294,41.9641],[126.4475,41.9683],[126.4586,41.972],[126.4688,41.9767],[126.5106,41.9985],[126.5235,42.007],[126.5316,42.0144],[126.5376,42.022],[126.5501,42.0404],[126.5539,42.0449],[126.5621,42.0524],[126.5736,42.0594],[126.5826,42.0636],[126.6059,42.0705],[126.721,42.0996],[126.7361,42.1025],[126.7471,42.1036],[126.7607,42.1035],[126.7711,42.1028],[126.876,42.0893],[126.9103,42.086],[126.9309,42.0847],[126.9484,42.0857],[127.1484,42.1185],[127.1593,42.1216],[127.1663,42.1244],[127.1976,42.1395],[127.2064,42.143],[127.2632,42.163],[127.2749,42.166],[127.2865,42.1681],[127.4048,42.1872],[127.4207,42.1891],[127.4422,42.1892],[127.5363,42.1839],[127.5543,42.1852],[127.5726,42.1892],[127.5878,42.195],[127.602,42.2032],[127.8595,42.3883],[127.8665,42.3932],[127.8748,42.3978],[127.8887,42.4033],[127.9057,42.4071],[127.9178,42.4082],[127.9683,42.4101],[127.9779,42.4109],[127.9915,42.4132],[128.0828,42.4385],[128.0961,42.4448],[128.1219,42.4605]]}},{"type":"Feature","properties":{"country":"China","line":"沈佳高速铁路","from":"长白山","to":"敦化","dist_km":111.0,"fare_local":50.0,"currency":"CNY","local_per_km":0.4505,"usd_per_km":0.0644,"extra":{"n_fare_points":112,"overlap_trimmed":false},"from_en":"Changbaishan","to_en":"Dunhua","line_en":"Shenjia High-Speed Railway"},"geometry":{"type":"LineString","coordinates":[[128.1219,42.4605],[128.1447,42.4744],[128.1562,42.4851],[128.1622,42.4944],[128.1769,42.5262],[128.1818,42.5322],[128.1928,42.5425],[128.1972,42.5483],[128.2157,42.5827],[128.2177,42.5894],[128.2222,42.6145],[128.2318,42.6436],[128.2326,42.6481],[128.2326,42.6539],[128.2299,42.6699],[128.23,42.6809],[128.2413,42.7293],[128.2422,42.7369],[128.2356,42.8103],[128.2396,42.8272],[128.2403,42.8738],[128.2419,42.8792],[128.2501,42.8972],[128.252,42.905],[128.2515,42.9128],[128.2481,42.9268],[128.2482,42.9354],[128.2493,42.9398],[128.2555,42.9543],[128.2571,42.9619],[128.2564,42.971],[128.2501,42.9904],[128.249,42.9989],[128.2561,43.0522],[128.2599,43.0897],[128.263,43.0989],[128.2778,43.1232],[128.2846,43.1369],[128.2861,43.1432],[128.2909,43.1839],[128.3269,43.2721],[128.3321,43.287],[128.3337,43.2947],[128.3338,43.301],[128.3317,43.3287],[128.3301,43.3387],[128.3291,43.3409],[128.3267,43.3436],[128.3231,43.3459],[128.3188,43.3474],[128.2933,43.3506],[128.2865,43.3523],[128.2585,43.3647],[128.2403,43.3779]]}},{"type":"Feature","properties":{"country":"China","line":"沈佳高速铁路","from":"牡丹江","to":"佳木斯","dist_km":372.0,"fare_local":167.0,"currency":"CNY","local_per_km":0.4489,"usd_per_km":0.0641,"extra":{"n_fare_points":28,"overlap_trimmed":false},"from_en":"Mudanjiang","to_en":"Jiamusi","line_en":"Shenjia High-Speed Railway"},"geometry":{"type":"LineString","coordinates":[[129.6051,44.5891],[129.6179,44.5938],[129.6233,44.5948],[129.6252,44.5958],[129.6457,44.6198],[129.6537,44.6322],[129.6666,44.6439],[129.6761,44.649],[129.694,44.6544],[129.7008,44.6571],[129.7071,44.6606],[129.7127,44.665],[129.7174,44.67],[129.7634,44.7321],[129.772,44.7412],[129.7802,44.747],[129.8009,44.759],[129.8417,44.78],[129.8486,44.7847],[129.9158,44.8439],[129.9694,44.8852],[130.0029,44.9207],[130.0579,44.9669],[130.0719,44.9767],[130.0781,44.9817],[130.0853,44.9902],[130.1061,45.0238],[130.1297,45.048],[130.1449,45.0698],[130.1535,45.0801],[130.1795,45.1021],[130.2118,45.1231],[130.2168,45.1276],[130.2239,45.1357],[130.2278,45.1416],[130.2307,45.149],[130.2334,45.1731],[130.2359,45.1813],[130.2388,45.1864],[130.2427,45.1912],[130.2473,45.1955],[130.2534,45.1997],[130.2608,45.2034],[130.2686,45.2062],[130.3118,45.2152],[130.342,45.2254],[130.4103,45.2406],[130.4184,45.2412],[130.4267,45.2411],[130.5502,45.2296],[130.563,45.2294],[130.5771,45.2317],[130.6309,45.247],[130.717,45.2627],[130.7313,45.2672],[130.7779,45.2857],[130.7846,45.289],[130.8429,45.3274],[130.8511,45.3317],[130.8633,45.3368],[130.8694,45.3404],[130.877,45.3473],[130.8815,45.3552],[130.8828,45.3609],[130.8825,45.3665],[130.8808,45.3722],[130.8776,45.3776],[130.8729,45.3826],[130.8433,45.4068],[130.8368,45.4129],[130.8315,45.4189],[130.8198,45.436],[130.8173,45.4418],[130.816,45.4475],[130.8103,45.5061],[130.8086,45.5135],[130.806,45.5193],[130.8024,45.5246],[130.7814,45.5452],[130.7782,45.55],[130.7764,45.5545],[130.7754,45.5596],[130.7756,45.5635],[130.7791,45.5767],[130.7796,45.5815],[130.7782,45.5938],[130.7773,45.6103],[130.7741,45.6184],[130.7615,45.6422],[130.7592,45.6504],[130.7597,45.6585],[130.7645,45.6841],[130.774,45.7057],[130.7764,45.7159],[130.776,45.7255],[130.7702,45.7595],[130.7684,45.765],[130.7645,45.7716],[130.7355,45.8018],[130.7304,45.8084],[130.726,45.8162],[130.6701,45.9402],[130.6684,45.9486],[130.6629,45.9934],[130.6596,46.0067],[130.6544,46.0167],[130.6259,46.0575],[130.6221,46.0654],[130.6081,46.1402],[130.6085,46.152],[130.6161,46.2331],[130.6262,46.268],[130.6283,46.2736],[130.6325,46.2813],[130.6543,46.3131],[130.6603,46.3206],[130.7097,46.3629],[130.7204,46.3748],[130.7253,46.3823],[130.7512,46.4273],[130.7533,46.4337],[130.7572,46.4585],[130.7606,46.4667],[130.7667,46.4746],[130.7808,46.4864],[130.7857,46.4916],[130.8005,46.5125],[130.8091,46.5302],[130.8155,46.538],[130.8429,46.5601],[130.9384,46.6225],[130.9458,46.6266],[130.9923,46.6452],[131.0482,46.6579],[131.0683,46.6644],[131.0753,46.6677],[131.0828,46.6733],[131.0879,46.6804],[131.0899,46.6879],[131.0898,46.6917],[131.0888,46.6957],[131.0723,46.7281],[131.0692,46.733],[131.0658,46.7369],[131.0615,46.7404],[131.0507,46.7461],[131.0369,46.7516],[131.0281,46.7541],[130.9651,46.7648],[130.9543,46.7672],[130.8763,46.7923],[130.8368,46.7992],[130.8287,46.8002],[130.8188,46.8004],[130.7196,46.7985],[130.7095,46.797],[130.5941,46.7746],[130.5779,46.7733],[130.5643,46.7745],[130.5178,46.7846],[130.5097,46.7857],[130.4993,46.7857],[130.4793,46.7832],[130.4377,46.7829],[130.4334,46.7845],[130.4269,46.7908],[130.4207,46.7936],[130.4005,46.8065],[130.3952,46.8068],[130.3759,46.8017]]}},{"type":"Feature","properties":{"country":"China","line":"哈佳铁路","from":"哈尔滨","to":"佳木斯","dist_km":347.0,"fare_local":127.0,"currency":"CNY","local_per_km":0.366,"usd_per_km":0.0523,"extra":{"n_fare_points":267,"overlap_trimmed":false},"from_en":"Harbin","to_en":"Jiamusi","line_en":"Hajia Railway"},"geometry":{"type":"LineString","coordinates":[[126.6254,45.76],[126.6309,45.7642],[126.639,45.7654],[126.6456,45.7684],[126.6657,45.787],[126.6696,45.7892],[126.6937,45.7958],[126.7076,45.8016],[126.7211,45.8057],[126.8269,45.8291],[126.8367,45.8305],[126.8452,45.8305],[126.8535,45.8296],[126.8878,45.8213],[126.9506,45.8147],[126.9969,45.806],[127.0766,45.793],[127.121,45.7892],[127.1666,45.7903],[127.1854,45.7893],[127.2823,45.7827],[127.293,45.7816],[127.335,45.7752],[127.407,45.7697],[127.4212,45.7694],[127.4329,45.7704],[127.4835,45.7774],[127.5383,45.7774],[127.5479,45.7782],[127.6132,45.7913],[127.6266,45.7928],[127.7259,45.7957],[127.7735,45.7964],[127.8374,45.7954],[127.9501,45.7852],[127.9625,45.7847],[128.0254,45.7889],[128.0483,45.7894],[128.0599,45.7909],[128.0863,45.7967],[128.1093,45.7996],[128.1272,45.8026],[128.1386,45.806],[128.1557,45.8133],[128.1713,45.8179],[128.1844,45.8207],[128.2163,45.8256],[128.2359,45.8268],[128.3001,45.8236],[128.3169,45.8235],[128.3574,45.8173],[128.3661,45.8168],[128.4374,45.8229],[128.4688,45.828],[128.5207,45.8278],[128.5291,45.8291],[128.5886,45.8424],[128.7406,45.8647],[128.7752,45.8655],[128.9754,45.8666],[128.987,45.8674],[128.9996,45.8694],[129.1016,45.8936],[129.11,45.8966],[129.1304,45.9068],[129.1809,45.9362],[129.2466,45.9719],[129.3296,46.0299],[129.3857,46.0751],[129.3916,46.0802],[129.4421,46.131],[129.4701,46.1577],[129.5176,46.205],[129.581,46.2632],[129.6157,46.2874],[129.6211,46.2921],[129.6253,46.2967],[129.6427,46.3238],[129.6884,46.376],[129.7209,46.4035],[129.7492,46.4225],[129.7558,46.4278],[129.7714,46.4449],[129.8113,46.4862],[129.8228,46.4958],[129.8377,46.5049],[129.8682,46.5267],[129.8924,46.5521],[129.9094,46.5661],[129.9297,46.5874],[129.9564,46.6083],[129.9698,46.6229],[129.9747,46.6272],[129.9813,46.6315],[130.0011,46.6415],[130.0648,46.683],[130.0699,46.6859],[130.0824,46.6905],[130.1354,46.704],[130.1424,46.7064],[130.1486,46.7092],[130.1857,46.7298],[130.1909,46.7338],[130.196,46.7402],[130.198,46.7449],[130.2,46.7534],[130.2035,46.7593],[130.2091,46.7644],[130.216,46.7683],[130.224,46.7708],[130.2325,46.772],[130.3034,46.7704],[130.3147,46.7715],[130.3236,46.7743],[130.3299,46.7778],[130.3469,46.7928],[130.35,46.7947],[130.3759,46.8017]]}},{"type":"Feature","properties":{"country":"China","line":"京哈高速铁路","from":"北京朝阳","to":"辽宁朝阳","dist_km":421.0,"fare_local":219.0,"currency":"CNY","local_per_km":0.5202,"usd_per_km":0.0743,"extra":{"n_fare_points":191,"overlap_trimmed":false},"from_en":"Beijing Chaoyang","to_en":"Liaoning Chaoyang","line_en":"Jingha High-Speed Railway"},"geometry":{"type":"LineString","coordinates":[[116.5024,39.9433],[116.5035,39.9499],[116.5032,39.9863],[116.5041,40.0],[116.4943,40.0371],[116.4805,40.0578],[116.4781,40.0645],[116.4769,40.0886],[116.4802,40.1076],[116.4782,40.1365],[116.4817,40.1536],[116.4829,40.1673],[116.4871,40.1889],[116.4887,40.194],[116.4917,40.2],[116.5007,40.2137],[116.5059,40.2194],[116.5118,40.224],[116.52,40.2288],[116.5289,40.2322],[116.6138,40.2566],[116.7438,40.2879],[116.7542,40.2911],[116.7652,40.296],[116.7741,40.3015],[116.7813,40.3073],[116.8038,40.3284],[116.8101,40.3331],[116.8228,40.3407],[116.8719,40.3628],[116.8836,40.3661],[116.8911,40.3676],[116.907,40.3689],[116.9229,40.3681],[116.933,40.3663],[116.9783,40.3546],[116.9888,40.3525],[117.0041,40.3509],[117.0466,40.3524],[117.064,40.3536],[117.0753,40.3558],[117.1342,40.3713],[117.1506,40.3737],[117.1702,40.374],[117.2248,40.3696],[117.2753,40.3644],[117.2883,40.3642],[117.3468,40.376],[117.3913,40.3808],[117.4076,40.3842],[117.4473,40.3948],[117.4517,40.3967],[117.4785,40.415],[117.4935,40.426],[117.5006,40.4328],[117.5064,40.4397],[117.5483,40.5026],[117.5863,40.5484],[117.6171,40.5894],[117.6307,40.6098],[117.6638,40.671],[117.7184,40.7561],[117.7346,40.7758],[117.7398,40.7817],[117.8363,40.8681],[117.8712,40.8861],[117.878,40.8882],[117.8911,40.8906],[117.9043,40.8913],[117.9203,40.8908],[117.9341,40.8884],[117.9841,40.8756],[117.9973,40.8735],[118.0579,40.8791],[118.1803,40.9058],[118.2148,40.911],[118.2312,40.9158],[118.2533,40.9252],[118.2637,40.9288],[118.2996,40.939],[118.4462,40.9733],[118.502,40.9886],[118.676,41.0273],[118.7275,41.0451],[118.7453,41.0499],[119.0852,41.0922],[119.2454,41.1233],[119.2606,41.1278],[119.2726,41.1329],[119.4128,41.2047],[119.4297,41.2109],[119.4376,41.2127],[119.4452,41.2138],[119.5417,41.2189],[119.6315,41.22],[119.7199,41.2141],[119.7533,41.2135],[119.7661,41.2153],[119.836,41.2309],[119.8468,41.2347],[119.8578,41.2399],[119.8715,41.2489],[119.8773,41.254],[119.8849,41.2623],[119.9322,41.317],[119.9416,41.3256],[119.9496,41.3312],[120.0087,41.3657],[120.0952,41.4211],[120.1125,41.4288],[120.1485,41.438],[120.1648,41.4435],[120.2409,41.4827],[120.2522,41.4902],[120.2746,41.5089],[120.2976,41.5285],[120.3185,41.5491],[120.3304,41.559],[120.3384,41.5639],[120.3692,41.5793],[120.4038,41.598]]}},{"type":"Feature","properties":{"country":"China","line":"京哈高速铁路","from":"辽宁朝阳","to":"沈阳","dist_km":275.0,"fare_local":137.0,"currency":"CNY","local_per_km":0.4982,"usd_per_km":0.0712,"extra":{"n_fare_points":206,"overlap_trimmed":false},"from_en":"Liaoning Chaoyang","to_en":"Shenyang","line_en":"Jingha High-Speed Railway"},"geometry":{"type":"LineString","coordinates":[[120.4038,41.598],[120.4321,41.6141],[120.4881,41.6578],[120.4974,41.6636],[120.5057,41.6678],[120.5295,41.6759],[120.7338,41.7391],[120.7454,41.7434],[120.7546,41.7478],[120.9486,41.8795],[120.9634,41.8884],[120.9801,41.8954],[120.9856,41.8971],[121.0497,41.9122],[121.1241,41.9251],[121.3981,41.9883],[121.4686,41.9972],[121.4788,41.9992],[121.4894,42.0023],[121.5517,42.0251],[121.6834,42.0651],[121.6908,42.0682],[121.7,42.0732],[121.7162,42.0844],[121.7287,42.0921],[121.743,42.0979],[121.7557,42.1014],[121.807,42.112],[121.823,42.1143],[121.835,42.1146],[121.8459,42.1139],[121.9153,42.106],[121.9302,42.1048],[122.0021,42.1066],[122.0114,42.1063],[122.0245,42.1049],[122.045,42.1001],[122.0971,42.0805],[122.11,42.0773],[122.3276,42.038],[122.3568,42.0333],[122.5111,42.0259],[122.8589,42.0219],[122.8731,42.02],[122.9235,42.0072],[123.0012,41.9945],[123.033,41.9844],[123.0422,41.9822],[123.0605,41.9799],[123.1006,41.9774],[123.118,41.9749],[123.1354,41.9702],[123.1449,41.9664],[123.1909,41.941],[123.212,41.9287],[123.263,41.8932],[123.306,41.8691],[123.3092,41.8668],[123.3129,41.8624],[123.3216,41.8426],[123.3245,41.8384],[123.3285,41.8353],[123.3501,41.8218],[123.3529,41.8206],[123.3987,41.8091],[123.4,41.8074],[123.3997,41.8055],[123.396,41.8026],[123.3879,41.7924]]}},{"type":"Feature","properties":{"country":"China","line":"京哈高速铁路","from":"沈阳北","to":"长春西","dist_km":298.0,"fare_local":148.0,"currency":"CNY","local_per_km":0.4966,"usd_per_km":0.071,"extra":{"n_fare_points":803,"overlap_trimmed":false},"from_en":"Shenyangbei","to_en":"Changchunxi","line_en":"Jingha High-Speed Railway"},"geometry":{"type":"LineString","coordinates":[[123.4294,41.8173],[123.4468,41.8225],[123.4531,41.8257],[123.4577,41.8296],[123.4603,41.8328],[123.462,41.8362],[123.4688,41.8583],[123.4705,41.872],[123.4731,41.8858],[123.4734,41.8933],[123.4719,41.9102],[123.4649,41.9357],[123.4635,41.9464],[123.4651,42.0245],[123.466,42.0324],[123.4678,42.0397],[123.4705,42.0465],[123.4752,42.0546],[123.4834,42.0647],[123.4933,42.0734],[123.5775,42.1317],[123.5888,42.1403],[123.5956,42.1466],[123.7616,42.3469],[123.8498,42.443],[123.8557,42.4516],[123.9473,42.6069],[123.9845,42.682],[123.9907,42.6925],[124.0922,42.8142],[124.1048,42.8257],[124.1352,42.8476],[124.1407,42.8522],[124.4152,43.108],[124.4239,43.1183],[124.448,43.1607],[124.4548,43.1697],[124.5594,43.2743],[124.7892,43.4566],[124.8388,43.4904],[124.8791,43.5268],[124.8874,43.5367],[124.8975,43.5545],[124.9097,43.5843],[124.913,43.5906],[124.9177,43.5973],[125.0149,43.7174],[125.0222,43.7253],[125.0486,43.7503],[125.1061,43.8203],[125.1145,43.8288],[125.1263,43.8376],[125.186,43.8713],[125.1939,43.8749]]}},{"type":"Feature","properties":{"country":"China","line":"京哈高速铁路","from":"长春西","to":"哈尔滨","dist_km":247.0,"fare_local":119.0,"currency":"CNY","local_per_km":0.4818,"usd_per_km":0.0688,"extra":{"n_fare_points":546,"overlap_trimmed":false},"from_en":"Changchunxi","to_en":"Harbin","line_en":"Jingha High-Speed Railway"},"geometry":{"type":"LineString","coordinates":[[125.1939,43.8749],[125.2226,43.8926],[125.2301,43.8989],[125.2353,43.9046],[125.2424,43.9156],[125.2552,43.946],[125.26,43.9536],[125.2652,43.9596],[125.2764,43.9692],[125.3422,44.0156],[125.3514,44.0227],[125.3611,44.0323],[125.3933,44.0729],[125.4419,44.1466],[125.4724,44.2025],[125.4962,44.2402],[125.5126,44.2777],[125.5174,44.2869],[125.5584,44.3473],[125.5774,44.3858],[125.5828,44.3937],[125.619,44.4398],[125.625,44.4489],[125.6293,44.4577],[125.6538,44.517],[125.6615,44.5308],[125.6944,44.5837],[125.7244,44.6172],[125.7311,44.627],[125.7347,44.6345],[125.738,44.6471],[125.7382,44.6698],[125.7393,44.6765],[125.7419,44.6846],[125.7466,44.6932],[125.8024,44.7612],[125.9726,44.9657],[126.0541,45.0962],[126.0883,45.1432],[126.0939,45.1517],[126.1127,45.1874],[126.1196,45.1977],[126.1839,45.2862],[126.2479,45.4011],[126.2559,45.4136],[126.3409,45.5191],[126.356,45.5368],[126.362,45.5424],[126.369,45.5475],[126.4172,45.581],[126.4888,45.6191],[126.5,45.6266],[126.5225,45.6474],[126.547,45.6772],[126.5838,45.7174],[126.587,45.7199],[126.5943,45.7233],[126.5969,45.7253],[126.6145,45.7452],[126.6168,45.7491],[126.6254,45.76]]}},{"type":"Feature","properties":{"country":"China","line":"长珲城际铁路","from":"长春","to":"珲春","dist_km":471.0,"fare_local":145.0,"currency":"CNY","local_per_km":0.3079,"usd_per_km":0.044,"extra":{"n_fare_points":84,"overlap_trimmed":false},"from_en":"Changchun","to_en":"Hunchun","line_en":"Zhanghui Intercity Railway"},"geometry":{"type":"LineString","coordinates":[[125.3177,43.9088],[125.3411,43.9095],[125.3608,43.9065],[125.3864,43.9072],[125.4102,43.9131],[125.4352,43.9211],[125.4461,43.9235],[125.5313,43.9319],[125.5694,43.9384],[125.583,43.9424],[125.6502,43.9654],[125.6671,43.9737],[125.7205,44.0068],[125.7294,44.0116],[125.7404,44.0161],[125.748,44.0184],[125.7659,44.0215],[125.7849,44.0219],[125.8268,44.0176],[125.8605,44.0163],[125.9445,44.0026],[125.9579,44.0011],[125.971,44.0012],[126.0867,44.0069],[126.0971,44.0064],[126.1328,44.0008],[126.1888,43.9951],[126.3069,43.9937],[126.322,43.9919],[126.4082,43.9693],[126.4448,43.9584],[126.4514,43.9555],[126.456,43.9522],[126.4595,43.9485],[126.4617,43.9449],[126.4662,43.9338],[126.469,43.9302],[126.473,43.9267],[126.4804,43.9216],[126.4862,43.9187],[126.5142,43.9105],[126.5213,43.9073],[126.5254,43.9044],[126.5464,43.885],[126.5704,43.8696],[126.5721,43.8666],[126.5718,43.8519],[126.573,43.8501],[126.5751,43.849],[126.5784,43.849],[126.5873,43.8528],[126.5969,43.8542],[126.6003,43.8553],[126.6035,43.858],[126.6069,43.8664],[126.6106,43.8708],[126.6195,43.8755],[126.6438,43.8859],[126.6514,43.8883],[126.6621,43.8901],[126.6726,43.8905],[126.6815,43.8896],[126.7352,43.876],[126.7481,43.8714],[126.7567,43.8669],[126.8021,43.8366],[126.8171,43.8302],[126.848,43.821],[126.959,43.7985],[127.0768,43.7797],[127.1254,43.7765],[127.1521,43.776],[127.1734,43.7735],[127.1908,43.7724],[127.2289,43.7671],[127.2565,43.7589],[127.2688,43.7534],[127.277,43.7475],[127.2813,43.7434],[127.2884,43.734],[127.3083,43.7039],[127.3126,43.6988],[127.3174,43.6945],[127.3938,43.6425],[127.4059,43.637],[127.4149,43.6344],[127.4253,43.6325],[127.4393,43.6321],[127.5056,43.6395],[127.5154,43.642],[127.5378,43.651],[127.5468,43.6531],[127.5531,43.6537],[127.5822,43.6538],[127.6275,43.6522],[127.645,43.6497],[127.6571,43.6463],[127.7218,43.6162],[127.7441,43.6083],[127.7548,43.6035],[127.7601,43.6001],[127.7855,43.579],[127.7944,43.5734],[127.8058,43.5681],[127.9038,43.5413],[127.9167,43.5367],[127.9248,43.5324],[127.9547,43.5114],[127.9821,43.4977],[128.0962,43.4436],[128.1465,43.4238],[128.1876,43.4026],[128.1959,43.3995],[128.2083,43.3961],[128.2206,43.3911],[128.2591,43.3648],[128.2819,43.3546],[128.2951,43.3508],[128.3586,43.3432],[128.3701,43.3409],[128.3817,43.3369],[128.3909,43.3323],[128.4224,43.3098],[128.4295,43.3059],[128.4961,43.2819],[128.5109,43.2784],[128.5725,43.2696],[128.677,43.2477],[128.692,43.2425],[128.7308,43.2233],[128.7408,43.2191],[128.7611,43.2126],[128.7684,43.2096],[128.7817,43.2019],[128.835,43.1641],[128.8586,43.1406],[128.8726,43.13],[128.8794,43.1236],[128.8954,43.0984],[128.9065,43.0849],[128.9198,43.0754],[128.9401,43.0673],[128.9728,43.0503],[128.9877,43.0423],[129.0086,43.0293],[129.0404,43.012],[129.167,42.9707],[129.1817,42.9634],[129.2017,42.9561],[129.225,42.942],[129.2562,42.9295],[129.2665,42.9262],[129.282,42.9227],[129.3325,42.9069],[129.3447,42.9044],[129.3802,42.9011],[129.4244,42.9037],[129.4342,42.9052],[129.4434,42.9084],[129.4527,42.9141],[129.4563,42.9176],[129.4683,42.9321],[129.4758,42.9381],[129.4845,42.9424],[129.4958,42.9451],[129.5053,42.9456],[129.5264,42.9436],[129.5437,42.9428],[129.6129,42.9415],[129.6255,42.9418],[129.6403,42.9439],[129.6524,42.9478],[129.6662,42.9548],[129.6857,42.9632],[129.722,42.9874],[129.7365,42.9991],[129.7427,43.0024],[129.7469,43.0038],[129.7602,43.0048],[129.7711,43.0035],[129.7788,43.001],[129.8084,42.9871],[129.8201,42.9846],[129.8292,42.9848],[129.8398,42.987],[129.9058,43.0141],[129.9136,43.0165],[129.9267,43.0185],[129.9471,43.0184],[129.9563,43.0192],[129.9642,43.0209],[129.9843,43.0269],[129.9978,43.0283],[130.0206,43.0274],[130.061,43.0191],[130.1041,43.0121],[130.1312,43.007],[130.1563,43.0045],[130.1644,43.0028],[130.1766,42.9982],[130.1861,42.9924],[130.1939,42.984],[130.2184,42.9541],[130.2233,42.9496],[130.2308,42.9449],[130.2407,42.9415],[130.2582,42.9373],[130.2856,42.9359],[130.3057,42.9331],[130.3149,42.9302],[130.3282,42.9251],[130.3346,42.9218],[130.3688,42.8971],[130.3736,42.8948],[130.3777,42.8942],[130.3817,42.8947],[130.3953,42.8992]]}},{"type":"Feature","properties":{"country":"China","line":"长白铁路","from":"长春","to":"白城","dist_km":333.0,"fare_local":123.0,"currency":"CNY","local_per_km":0.3694,"usd_per_km":0.0528,"extra":{"n_fare_points":14,"overlap_trimmed":false},"from_en":"Changchun","to_en":"Baicheng","line_en":"Zhangbai Railway"},"geometry":{"type":"LineString","coordinates":[[125.3177,43.9088],[125.3442,43.9088],[125.3481,43.9103],[125.3501,43.9131],[125.35,43.9155],[125.3433,43.9325],[125.3437,43.9408],[125.3406,43.9651],[125.3399,43.9698],[125.3367,43.9815],[125.3349,43.9834],[125.332,43.9845],[125.2944,43.9891],[125.2918,43.9907],[125.2805,44.0029],[125.2563,44.0416],[125.1356,44.2982],[125.1347,44.3051],[125.1358,44.3103],[125.1377,44.3145],[125.142,44.321],[125.1435,44.3246],[125.1578,44.3804],[125.1593,44.389],[125.1508,44.4599],[125.1197,44.5499],[125.1147,44.5569],[125.1057,44.5639],[125.1014,44.568],[125.0971,44.5751],[125.0855,44.6306],[125.0865,44.6524],[125.0861,44.6563],[125.0776,44.6859],[125.0102,44.8358],[125.0064,44.8527],[125.0014,44.8644],[124.9979,44.8881],[124.9978,44.9015],[124.9942,44.9139],[124.9935,44.9187],[124.9938,44.924],[125.0011,44.9648],[125.0009,44.9694],[124.9968,44.9959],[124.9934,45.0024],[124.9885,45.0074],[124.9619,45.0264],[124.9285,45.0483],[124.8528,45.0886],[124.6712,45.1668],[124.6659,45.1696],[124.6626,45.1724],[124.6601,45.1762],[124.6289,45.2488],[124.6245,45.2546],[124.6176,45.2617],[124.6109,45.267],[124.606,45.27],[124.5973,45.2738],[124.5761,45.2795],[124.5647,45.2836],[124.5589,45.285],[124.5491,45.286],[124.5085,45.2858],[124.4993,45.2877],[124.4878,45.2943],[124.4807,45.2998],[124.4709,45.3049],[124.4583,45.3145],[124.4483,45.3211],[124.4437,45.323],[124.433,45.3248],[124.4239,45.3277],[124.3931,45.3438],[124.3874,45.3484],[124.3835,45.3524],[124.265,45.4941],[124.2598,45.4989],[124.2543,45.5024],[124.2397,45.5083],[124.2305,45.5101],[124.2083,45.5124],[124.2017,45.5143],[124.1835,45.5227],[124.1761,45.5252],[124.1487,45.5295],[123.9547,45.5254],[123.8671,45.5306],[123.857,45.5327],[123.8482,45.5357],[123.769,45.5742],[123.7606,45.5766],[123.7525,45.5775],[123.7452,45.5773],[123.6136,45.5582],[123.5988,45.5568],[123.5876,45.5583],[123.5055,45.5802],[123.4948,45.5814],[123.4813,45.5811],[123.4728,45.5799],[123.4619,45.5769],[123.4112,45.5619],[123.399,45.5569],[123.3898,45.5557],[123.2711,45.5771],[123.2197,45.5847],[123.159,45.5971],[123.1136,45.6028],[123.1048,45.6022],[123.0976,45.6005],[123.0655,45.5884],[123.0559,45.5863],[122.9469,45.5781],[122.9359,45.5782],[122.8499,45.5923],[122.8461,45.5935],[122.844,45.5953],[122.8434,45.5968],[122.844,45.5999],[122.8591,45.6156]]}},{"type":"Feature","properties":{"country":"China","line":"新通高速铁路","from":"新民北","to":"通辽","dist_km":197.0,"fare_local":73.0,"currency":"CNY","local_per_km":0.3706,"usd_per_km":0.053,"extra":{"n_fare_points":42,"overlap_trimmed":false},"from_en":"Xinminbei","to_en":"Tongliao","line_en":"Xintong High-Speed Railway"},"geometry":{"type":"LineString","coordinates":[[122.8003,42.0223],[122.7914,42.0232],[122.7179,42.0241],[122.7115,42.0256],[122.7067,42.0285],[122.675,42.0612],[122.6494,42.0825],[122.6139,42.117],[122.59,42.145],[122.5595,42.1756],[122.5555,42.1812],[122.5154,42.2573],[122.503,42.2734],[122.4984,42.2825],[122.4829,42.3322],[122.482,42.3396],[122.4833,42.3458],[122.4877,42.3539],[122.4927,42.3591],[122.5094,42.37],[122.5158,42.3759],[122.5341,42.4003],[122.5369,42.408],[122.5372,42.4136],[122.5273,42.4625],[122.5252,42.4685],[122.4939,42.5198],[122.4845,42.5443],[122.4832,42.5499],[122.4831,42.5572],[122.4909,42.6729],[122.4905,42.6795],[122.4888,42.687],[122.4862,42.6928],[122.4631,42.7311],[122.4524,42.7422],[122.4476,42.7485],[122.4261,42.8072],[122.4091,42.8447],[122.3642,42.94],[122.3556,42.9508],[122.3003,43.0129],[122.2929,43.0189],[122.2767,43.0285],[122.2723,43.0321],[122.2672,43.0379],[122.2628,43.0459],[122.2333,43.1189],[122.23,43.1287],[122.2299,43.1362],[122.2401,43.2097],[122.2295,43.3259],[122.2133,43.3832],[122.2068,43.446],[122.2193,43.5093],[122.2198,43.5139],[122.2191,43.5254],[122.2195,43.5308],[122.2222,43.5425],[122.2264,43.5506],[122.2398,43.573],[122.2434,43.5814],[122.2539,43.5978],[122.2574,43.6002],[122.2658,43.6017]]}},{"type":"Feature","properties":{"country":"China","line":"沈大高速铁路","from":"沈阳北","to":"大连","dist_km":383.0,"fare_local":175.5,"currency":"CNY","local_per_km":0.4582,"usd_per_km":0.0655,"extra":{"n_fare_points":497,"overlap_trimmed":false},"from_en":"Shenyangbei","to_en":"Dalian","line_en":"Shenda High-Speed Railway"},"geometry":{"type":"LineString","coordinates":[[123.4294,41.8173],[123.4226,41.8148],[123.4089,41.8113],[123.4048,41.8095],[123.3982,41.8054],[123.3858,41.7901],[123.3827,41.7844],[123.3782,41.7785],[123.3696,41.7587],[123.3694,41.7527],[123.3785,41.7218],[123.3807,41.7182],[123.3974,41.7],[123.3998,41.6956],[123.4013,41.6899],[123.3967,41.6035],[123.3961,41.5989],[123.3899,41.576],[123.3639,41.4837],[123.3591,41.4646],[123.3547,41.4309],[123.3526,41.421],[123.3488,41.411],[123.3403,41.3953],[123.3154,41.3601],[123.3068,41.3511],[123.2932,41.3412],[123.2788,41.3341],[123.2072,41.306],[123.1966,41.3012],[123.093,41.2376],[123.0842,41.2338],[123.0477,41.2208],[123.038,41.2185],[123.0101,41.2144],[122.9936,41.2099],[122.9785,41.203],[122.9481,41.1845],[122.9367,41.1746],[122.9283,41.163],[122.9246,41.1546],[122.9193,41.1364],[122.915,41.1274],[122.8989,41.0984],[122.8935,41.091],[122.886,41.0834],[122.8549,41.059],[122.8452,41.0531],[122.7646,41.0189],[122.7542,41.0134],[122.748,41.0093],[122.7371,40.9997],[122.6409,40.8995],[122.6296,40.8906],[122.5997,40.8725],[122.5862,40.8615],[122.5215,40.7897],[122.5167,40.7823],[122.4703,40.6971],[122.466,40.691],[122.4395,40.6607],[122.4351,40.6549],[122.4304,40.6464],[122.428,40.64],[122.4198,40.6063],[122.4171,40.5992],[122.4017,40.5719],[122.3868,40.5411],[122.3815,40.5327],[122.364,40.5085],[122.3539,40.4967],[122.3066,40.4538],[122.2831,40.4241],[122.2343,40.3488],[122.2209,40.3218],[122.2093,40.3029],[122.203,40.2947],[122.1845,40.2749],[122.1658,40.2587],[122.153,40.2437],[122.148,40.2389],[122.1385,40.2319],[122.1227,40.2229],[122.1142,40.217],[122.109,40.2127],[122.1023,40.2052],[122.0591,40.1372],[122.054,40.1309],[122.0156,40.0882],[122.0125,40.0837],[121.9996,40.0608],[121.9884,40.0461],[121.9826,40.0366],[121.9575,39.9897],[121.9329,39.9361],[121.8612,39.8133],[121.8399,39.7597],[121.837,39.7521],[121.8344,39.7429],[121.8336,39.7362],[121.8335,39.7158],[121.8338,39.7017],[121.8357,39.6751],[121.8312,39.6394],[121.8273,39.6259],[121.8072,39.5758],[121.8006,39.5474],[121.7929,39.5085],[121.793,39.4971],[121.7939,39.4911],[121.8042,39.4544],[121.8059,39.4462],[121.8066,39.436],[121.806,39.415],[121.8139,39.3608],[121.8137,39.3535],[121.8124,39.3445],[121.8049,39.3158],[121.8041,39.31],[121.8038,39.3023],[121.8068,39.2784],[121.807,39.2716],[121.8062,39.2632],[121.803,39.252],[121.7997,39.2448],[121.7958,39.2386],[121.7842,39.2233],[121.777,39.2151],[121.7671,39.2067],[121.7358,39.1872],[121.7299,39.1822],[121.7235,39.1751],[121.7069,39.1495],[121.6943,39.1323],[121.6917,39.1255],[121.6891,39.1086],[121.6869,39.1033],[121.6826,39.0974],[121.6772,39.0927],[121.6608,39.0819],[121.6494,39.0713],[121.6369,39.0643],[121.6342,39.0618],[121.6328,39.0581],[121.6328,39.0393],[121.6295,39.0303],[121.6282,39.0282],[121.6232,39.0238],[121.6198,39.0218],[121.587,39.011],[121.5839,39.0092],[121.5759,39.0029],[121.5659,38.9986],[121.5631,38.9954],[121.5593,38.9845],[121.5595,38.9769],[121.5619,38.9679],[121.5622,38.9617],[121.5577,38.9481],[121.5576,38.9461],[121.5641,38.9335],[121.5655,38.9318],[121.5709,38.9276],[121.5778,38.9256],[121.5922,38.9252],[121.5991,38.9226],[121.6111,38.9217],[121.6203,38.9192],[121.6277,38.9217]]}},{"type":"Feature","properties":{"country":"China","line":"沈丹高速铁路","from":"沈阳南","to":"丹东","dist_km":208.0,"fare_local":70.0,"currency":"CNY","local_per_km":0.3365,"usd_per_km":0.0481,"extra":{"n_fare_points":275,"overlap_trimmed":false},"from_en":"Shenyangnan","to_en":"Dandong","line_en":"Shendan High-Speed Railway"},"geometry":{"type":"LineString","coordinates":[[123.3998,41.666],[123.4001,41.6591],[123.3975,41.6108],[123.3986,41.6066],[123.3999,41.6041],[123.4043,41.5994],[123.4153,41.5927],[123.4251,41.5879],[123.4514,41.578],[123.4869,41.5632],[123.495,41.5603],[123.5298,41.5507],[123.54,41.5465],[123.5768,41.5289],[123.5869,41.525],[123.5934,41.5231],[123.6148,41.5185],[123.6255,41.5151],[123.636,41.5104],[123.6502,41.5024],[123.6579,41.4967],[123.6642,41.4899],[123.6992,41.4413],[123.7058,41.4337],[123.7827,41.3705],[123.7899,41.3636],[123.7955,41.3555],[123.8047,41.3392],[123.8048,41.3333],[123.8029,41.3272],[123.7978,41.3212],[123.7916,41.3174],[123.7858,41.3156],[123.7636,41.3112],[123.7599,41.3096],[123.7569,41.3073],[123.7547,41.3038],[123.7493,41.2813],[123.7441,41.2738],[123.7403,41.266],[123.7391,41.2617],[123.734,41.2231],[123.7349,41.2138],[123.7396,41.1889],[123.739,41.1198],[123.7377,41.1105],[123.7336,41.0988],[123.7225,41.0771],[123.7193,41.0543],[123.7198,41.0476],[123.7224,41.0403],[123.7298,41.0261],[123.7464,41.0026],[123.8044,40.9415],[123.8583,40.8643],[123.8654,40.8556],[123.8877,40.8317],[123.9069,40.8068],[123.9105,40.7936],[123.9109,40.7652],[123.9117,40.7584],[123.9131,40.7531],[123.9458,40.687],[123.9534,40.6743],[123.9731,40.6534],[124.0514,40.5787],[124.0602,40.569],[124.0631,40.5651],[124.0766,40.5407],[124.101,40.493],[124.1053,40.486],[124.1095,40.4808],[124.1172,40.4729],[124.1668,40.4318],[124.1975,40.4001],[124.2023,40.3928],[124.2056,40.3855],[124.2071,40.3803],[124.2147,40.3413],[124.2173,40.3344],[124.2221,40.326],[124.2281,40.3182],[124.2671,40.2773],[124.2934,40.2527],[124.2999,40.2457],[124.306,40.2356],[124.3149,40.2038],[124.323,40.1892],[124.3421,40.1627],[124.3515,40.1507],[124.3703,40.1306],[124.3756,40.1265],[124.3818,40.1229]]}},{"type":"Feature","properties":{"country":"China","line":"丹大铁路","from":"丹东","to":"大连北","dist_km":293.0,"fare_local":114.5,"currency":"CNY","local_per_km":0.3908,"usd_per_km":0.0558,"extra":{"n_fare_points":43,"overlap_trimmed":false},"from_en":"Dandong","to_en":"Dalianbei","line_en":"Danda Railway"},"geometry":{"type":"LineString","coordinates":[[124.3818,40.1229],[124.3755,40.1264],[124.3645,40.134],[124.3584,40.1363],[124.3517,40.1373],[124.3427,40.1369],[124.3371,40.1357],[124.3319,40.1329],[124.3238,40.1268],[124.3069,40.1035],[124.3011,40.0974],[124.2827,40.0819],[124.2769,40.0752],[124.2732,40.0693],[124.2695,40.0594],[124.2639,40.0211],[124.2623,40.0133],[124.2508,39.9814],[124.2472,39.9747],[124.2432,39.969],[124.2392,39.9647],[124.2331,39.9595],[124.1878,39.926],[124.1758,39.9194],[124.1612,39.9145],[124.1512,39.9128],[124.0208,39.896],[123.9584,39.8922],[123.9175,39.8943],[123.8777,39.9002],[123.8479,39.9032],[123.8384,39.9051],[123.7269,39.9352],[123.7192,39.938],[123.7022,39.9476],[123.6962,39.9499],[123.6869,39.9519],[123.6768,39.9521],[123.6545,39.9494],[123.6309,39.943],[123.5679,39.9317],[123.5531,39.9297],[123.5442,39.9276],[123.5329,39.9234],[123.4987,39.9069],[123.4536,39.8905],[123.4054,39.8705],[123.3946,39.8673],[123.371,39.8624],[123.3512,39.8568],[123.3405,39.8547],[123.3275,39.8535],[123.2883,39.8547],[123.2694,39.8531],[123.1474,39.825],[123.1353,39.8213],[123.1285,39.8183],[123.084,39.7944],[123.0382,39.776],[122.9857,39.7524],[122.9687,39.7439],[122.9509,39.7386],[122.946,39.7362],[122.9158,39.7158],[122.9005,39.7068],[122.8945,39.7024],[122.889,39.6953],[122.881,39.6784],[122.875,39.672],[122.8391,39.6508],[122.8277,39.6416],[122.8216,39.638],[122.7767,39.622],[122.7498,39.6094],[122.7217,39.6015],[122.6575,39.572],[122.6292,39.5632],[122.6227,39.5598],[122.592,39.5397],[122.5757,39.5308],[122.5684,39.5289],[122.5561,39.5268],[122.544,39.5237],[122.5375,39.5211],[122.5142,39.5086],[122.4914,39.5018],[122.4315,39.4763],[122.4077,39.4684],[122.3179,39.421],[122.313,39.4176],[122.3088,39.4137],[122.3065,39.4108],[122.2969,39.3949],[122.2902,39.3885],[122.2544,39.3612],[122.2312,39.3459],[122.2177,39.3378],[122.2035,39.3242],[122.1913,39.3141],[122.1873,39.3096],[122.1853,39.3063],[122.1818,39.2951],[122.178,39.2883],[122.1612,39.2739],[122.1403,39.2524],[122.1332,39.2474],[122.1153,39.2395],[122.1095,39.2358],[122.1005,39.2286],[122.0957,39.2258],[122.0913,39.224],[122.0831,39.2221],[122.0104,39.2173],[121.9933,39.2147],[121.9718,39.2082],[121.9433,39.1967],[121.9183,39.1854],[121.906,39.1819],[121.8186,39.1761],[121.8103,39.1747],[121.8008,39.1715],[121.7525,39.1385],[121.7475,39.1343],[121.7353,39.1223],[121.7331,39.1185],[121.7334,39.1121],[121.7327,39.1099],[121.7258,39.1031],[121.7247,39.1013],[121.7245,39.0993],[121.7261,39.0923],[121.7251,39.0891],[121.6983,39.0659],[121.6895,39.0574],[121.6862,39.0557],[121.6316,39.0415],[121.6295,39.0401],[121.6281,39.0381],[121.6289,39.0305],[121.6267,39.027],[121.6191,39.0216],[121.6024,39.0157]]}},{"type":"Feature","properties":{"country":"China","line":"盘营高速铁路","from":"凌海南","to":"营口东","dist_km":160.0,"fare_local":71.0,"currency":"CNY","local_per_km":0.4437,"usd_per_km":0.0634,"extra":{"n_fare_points":14,"overlap_trimmed":false},"from_en":"Linghainan","to_en":"Yingkoudong","line_en":"Panying High-Speed Railway"},"geometry":{"type":"LineString","coordinates":[[121.3706,41.1509],[121.3816,41.1609],[121.3877,41.1655],[121.4362,41.1868],[121.4527,41.1953],[121.462,41.1983],[121.4828,41.2015],[121.4889,41.2036],[121.5052,41.2108],[121.5233,41.2151],[121.5329,41.2182],[121.6072,41.2568],[121.6354,41.2661],[121.7123,41.3011],[121.7633,41.3177],[121.8371,41.3467],[121.8408,41.3475],[121.8455,41.3475],[121.8524,41.3455],[121.9464,41.2947],[122.0202,41.245],[122.0375,41.2291],[122.0451,41.2207],[122.052,41.2092],[122.0692,41.1721],[122.0718,41.1676],[122.0776,41.1605],[122.0875,41.1525],[122.0952,41.1482],[122.1154,41.1397],[122.2011,41.0984],[122.3606,41.0342],[122.3698,41.0298],[122.3818,41.0217],[122.3936,41.0109],[122.4027,41.004],[122.4135,40.9981],[122.44,40.9873],[122.4493,40.9819],[122.4566,40.9765],[122.4994,40.942],[122.5419,40.8969],[122.5773,40.8701],[122.5798,40.8677],[122.5813,40.8649],[122.582,40.8615],[122.5814,40.8579],[122.5799,40.8553],[122.5271,40.7964],[122.5189,40.7859],[122.4703,40.6971],[122.466,40.691],[122.4395,40.6607],[122.4351,40.6549],[122.4292,40.6435],[122.4234,40.6236]]}},{"type":"Feature","properties":{"country":"China","line":"朝凌高速铁路","from":"辽宁朝阳","to":"凌海南","dist_km":106.0,"fare_local":58.0,"currency":"CNY","local_per_km":0.5472,"usd_per_km":0.0782,"extra":{"n_fare_points":24,"overlap_trimmed":false},"from_en":"Liaoning Chaoyang","to_en":"Linghainan","line_en":"Chaoling High-Speed Railway"},"geometry":{"type":"LineString","coordinates":[[120.4038,41.598],[120.406,41.5997],[120.4269,41.6112],[120.4413,41.6209],[120.4511,41.6263],[120.4586,41.6294],[120.4669,41.6313],[120.4769,41.6315],[120.4871,41.6295],[120.4956,41.6256],[120.5017,41.6209],[120.5298,41.5907],[120.5502,41.5747],[120.5594,41.5686],[120.5913,41.549],[120.6487,41.5233],[120.6959,41.496],[120.7042,41.4881],[120.7286,41.46],[120.7374,41.451],[120.7645,41.4307],[120.8922,41.3216],[120.9541,41.2565],[120.9623,41.2489],[120.9711,41.2423],[120.9807,41.2366],[121.0237,41.2149],[121.0853,41.1904],[121.1469,41.1713],[121.1721,41.1607],[121.1845,41.1574],[121.2094,41.1537],[121.2205,41.1511],[121.2713,41.1331],[121.2914,41.1275],[121.3016,41.1262],[121.3227,41.125],[121.3302,41.1255],[121.335,41.1265],[121.3433,41.1294],[121.3496,41.1334],[121.3579,41.1394],[121.3706,41.1509]]}},{"type":"Feature","properties":{"country":"China","line":"喀赤高速铁路","from":"喀左","to":"赤峰","dist_km":156.0,"fare_local":63.0,"currency":"CNY","local_per_km":0.4038,"usd_per_km":0.0577,"extra":{"n_fare_points":49,"overlap_trimmed":false},"from_en":"Kazuo","to_en":"Chifeng","line_en":"Kachi High-Speed Railway"},"geometry":{"type":"LineString","coordinates":[[119.8001,41.2222],[119.7952,41.222],[119.7689,41.2163],[119.7601,41.2168],[119.7562,41.2182],[119.7495,41.2228],[119.7435,41.2274],[119.7336,41.2367],[119.7301,41.2383],[119.7142,41.243],[119.7089,41.2463],[119.6903,41.267],[119.6836,41.2732],[119.6741,41.28],[119.6706,41.2833],[119.6149,41.3446],[119.6061,41.3509],[119.577,41.3643],[119.5442,41.3857],[119.4938,41.4307],[119.4636,41.4562],[119.4609,41.46],[119.454,41.4735],[119.4458,41.484],[119.438,41.491],[119.4026,41.5145],[119.3935,41.5213],[119.3615,41.5532],[119.2943,41.6382],[119.2794,41.651],[119.2759,41.6554],[119.2733,41.6602],[119.2719,41.6645],[119.2675,41.6882],[119.2651,41.6937],[119.2564,41.7083],[119.2548,41.7138],[119.2545,41.7194],[119.2554,41.7248],[119.2609,41.7455],[119.2623,41.7537],[119.2666,41.7916],[119.2649,41.8091],[119.2662,41.8152],[119.2702,41.822],[119.2792,41.8341],[119.2915,41.8596],[119.2931,41.8641],[119.2939,41.8695],[119.2938,41.8753],[119.2915,41.8912],[119.2913,41.9017],[119.2927,41.9093],[119.304,41.9545],[119.3035,41.9626],[119.3021,41.9679],[119.2992,41.974],[119.2705,42.0147],[119.2667,42.0188],[119.2606,42.0237],[119.2461,42.032],[119.2413,42.0354],[119.2362,42.0405],[119.2326,42.0461],[119.2246,42.0675],[119.2245,42.0762],[119.2278,42.1003],[119.2274,42.1084],[119.2247,42.1152],[119.22,42.1214],[119.2126,42.1294],[119.2056,42.135],[119.1922,42.1409],[119.1457,42.1589],[119.137,42.1639],[119.1241,42.1746],[119.1125,42.18],[119.0533,42.202],[119.0074,42.2111],[118.9793,42.2155],[118.9682,42.219],[118.9611,42.2236],[118.9527,42.2316],[118.9485,42.2345],[118.9439,42.2365],[118.9326,42.2389],[118.9271,42.2414],[118.9239,42.2445],[118.9111,42.2608],[118.8959,42.2738]]}},{"type":"Feature","properties":{"country":"China","line":"秦沈客运专线","from":"秦皇岛","to":"沈阳北","dist_km":405.0,"fare_local":132.0,"currency":"CNY","local_per_km":0.3259,"usd_per_km":0.0466,"extra":{"n_fare_points":259,"overlap_trimmed":false},"from_en":"Qinhuangdao","to_en":"Shenyangbei","line_en":"Qinshen Passenger Line"},"geometry":{"type":"LineString","coordinates":[[119.5863,39.9649],[119.6054,39.9647],[119.6098,39.9631],[119.616,39.9589],[119.6198,39.9579],[119.6642,39.9595],[119.6715,39.9621],[119.6848,39.9649],[119.6955,39.9683],[119.7016,39.9721],[119.7146,39.9758],[119.7277,39.9822],[119.733,39.9856],[119.7531,39.9955],[119.7712,40.0028],[119.7779,40.0061],[119.7887,40.0102],[119.8172,40.0181],[119.8243,40.0211],[119.8311,40.0263],[119.8344,40.0302],[119.8559,40.0681],[119.8604,40.0746],[119.8665,40.0808],[119.8756,40.0874],[119.9715,40.1335],[119.9808,40.1399],[119.9934,40.1509],[120.0167,40.1675],[120.0353,40.1767],[120.1043,40.214],[120.1112,40.2183],[120.1263,40.2295],[120.131,40.2322],[120.1687,40.252],[120.1863,40.2591],[120.1928,40.2625],[120.2128,40.2764],[120.2472,40.2966],[120.2718,40.3174],[120.2792,40.3226],[120.2922,40.3304],[120.3051,40.3405],[120.3507,40.3638],[120.3857,40.3793],[120.4153,40.3904],[120.4225,40.3941],[120.4483,40.4148],[120.4694,40.4287],[120.4824,40.4399],[120.507,40.4689],[120.5273,40.4912],[120.546,40.5134],[120.5635,40.5293],[120.5825,40.551],[120.5965,40.5616],[120.6007,40.5657],[120.6043,40.5709],[120.6074,40.5783],[120.6132,40.6051],[120.6158,40.6125],[120.6253,40.6256],[120.6416,40.6415],[120.6503,40.6549],[120.6555,40.6615],[120.68,40.6809],[120.7033,40.6938],[120.7235,40.7084],[120.7277,40.7131],[120.7351,40.7236],[120.7397,40.7285],[120.7694,40.7506],[120.7728,40.7537],[120.7842,40.7696],[120.7922,40.7792],[120.8035,40.7903],[120.8129,40.8007],[120.8187,40.8058],[120.8266,40.8114],[120.8619,40.8311],[120.8695,40.8347],[120.8919,40.842],[120.9022,40.8479],[120.917,40.8603],[120.9276,40.8676],[120.9426,40.8798],[120.9498,40.8844],[120.9604,40.8895],[120.9679,40.8946],[121.0064,40.9383],[121.012,40.9434],[121.02,40.9482],[121.0659,40.9718],[121.0801,40.9773],[121.0864,40.9806],[121.0928,40.9857],[121.108,41.0017],[121.1326,41.0255],[121.1357,41.0277],[121.1431,41.0318],[121.148,41.0335],[121.1536,41.0349],[121.1744,41.037],[121.1796,41.0382],[121.1874,41.0414],[121.1935,41.0454],[121.2034,41.0536],[121.2232,41.0763],[121.2302,41.0818],[121.2368,41.0852],[121.2522,41.0916],[121.2733,41.0957],[121.2821,41.0986],[121.3336,41.1221],[121.3407,41.1262],[121.3581,41.1391],[121.3815,41.1609],[121.3877,41.1655],[121.3914,41.1674],[121.4362,41.1869],[121.4509,41.1946],[121.4569,41.197],[121.4642,41.1988],[121.4828,41.2016],[121.4889,41.2037],[121.5052,41.2108],[121.5251,41.2156],[121.5329,41.2182],[121.6071,41.2569],[121.6354,41.2662],[121.707,41.299],[121.7183,41.3033],[121.7633,41.3177],[121.8442,41.3493],[121.857,41.352],[121.8692,41.3526],[121.9147,41.3492],[121.9299,41.3494],[122.1405,41.36],[122.151,41.3611],[122.1756,41.3651],[122.2717,41.3922],[122.319,41.4075],[122.3518,41.4205],[122.4071,41.4376],[122.5425,41.4863],[122.5691,41.5],[122.5834,41.5055],[122.5941,41.5078],[122.6029,41.5087],[122.6325,41.508],[122.6428,41.5086],[122.6521,41.5102],[122.661,41.5128],[122.6708,41.5171],[122.6877,41.5264],[122.7168,41.5371],[122.798,41.5719],[122.8096,41.5783],[122.8303,41.5921],[122.8401,41.5972],[122.8661,41.6053],[122.8759,41.6098],[122.9462,41.6506],[123.0362,41.7116],[123.062,41.7271],[123.0971,41.7526],[123.1436,41.7779],[123.1711,41.7967],[123.1785,41.8012],[123.1871,41.8054],[123.239,41.8266],[123.2496,41.8329],[123.2638,41.844],[123.269,41.847],[123.2771,41.8503],[123.296,41.8541],[123.3011,41.854],[123.3058,41.8529],[123.3113,41.8499],[123.3284,41.8357],[123.3507,41.8219],[123.3558,41.8201],[123.3979,41.8097],[123.4067,41.8091],[123.4119,41.8121],[123.4228,41.8148],[123.4294,41.8173]]}},{"type":"Feature","properties":{"country":"China","line":"津秦高速铁路","from":"天津西","to":"秦皇岛","dist_km":266.0,"fare_local":122.0,"currency":"CNY","local_per_km":0.4586,"usd_per_km":0.0655,"extra":{"n_fare_points":599,"overlap_trimmed":false},"from_en":"Tianjinxi","to_en":"Qinhuangdao","line_en":"Jinqin High-Speed Railway"},"geometry":{"type":"LineString","coordinates":[[117.1571,39.1574],[117.1709,39.1568],[117.1777,39.1554],[117.1798,39.1541],[117.1898,39.1444],[117.1952,39.1422],[117.2012,39.1365],[117.2173,39.131],[117.2278,39.1254],[117.2423,39.1196],[117.2652,39.1088],[117.3398,39.0925],[117.4258,39.0641],[117.4457,39.0582],[117.4584,39.0557],[117.5234,39.0458],[117.5316,39.0451],[117.5427,39.0454],[117.5531,39.0472],[117.5637,39.0505],[117.5718,39.0544],[117.5815,39.0611],[117.6233,39.095],[117.6288,39.1003],[117.6355,39.1092],[117.6442,39.1294],[117.6477,39.1359],[117.6537,39.1438],[117.6592,39.1493],[117.775,39.2514],[117.7842,39.2581],[117.8043,39.2703],[117.8155,39.2797],[117.8492,39.3173],[117.8556,39.3259],[117.8595,39.3329],[117.8619,39.3392],[117.867,39.3571],[117.871,39.3679],[117.8789,39.3811],[117.8874,39.3908],[117.9237,39.4238],[118.0224,39.5023],[118.0603,39.5363],[118.0818,39.5606],[118.1042,39.5894],[118.1076,39.5952],[118.1105,39.6033],[118.1115,39.6101],[118.1126,39.6439],[118.1089,39.6655],[118.1087,39.6753],[118.1108,39.6861],[118.1184,39.7071],[118.1225,39.7158],[118.1287,39.7247],[118.1567,39.7532],[118.1622,39.7581],[118.1689,39.7628],[118.176,39.7666],[118.1832,39.7695],[118.2188,39.7813],[118.2429,39.7855],[118.256,39.7889],[118.3137,39.8133],[118.3972,39.842],[118.4123,39.8461],[118.427,39.848],[118.5474,39.8521],[118.5976,39.8559],[118.753,39.8488],[118.7673,39.8496],[118.8011,39.8552],[118.8147,39.8566],[118.9711,39.8598],[119.0687,39.8541],[119.2117,39.8326],[119.3327,39.8264],[119.351,39.8268],[119.3673,39.8295],[119.3748,39.8317],[119.3849,39.8357],[119.4272,39.8584],[119.4352,39.8633],[119.4436,39.8705],[119.4487,39.8771],[119.4624,39.9022],[119.4676,39.9089],[119.5153,39.9459],[119.5203,39.9481],[119.5352,39.9511],[119.5547,39.9612],[119.5594,39.9631],[119.5646,39.964],[119.5863,39.9649]]}},{"type":"Feature","properties":{"country":"China","line":"津保铁路","from":"天津西","to":"白洋淀","dist_km":115.0,"fare_local":42.5,"currency":"CNY","local_per_km":0.3696,"usd_per_km":0.0528,"extra":{"n_fare_points":316,"overlap_trimmed":false},"from_en":"Tianjinxi","to_en":"Baiyangdian","line_en":"Jinbao Railway"},"geometry":{"type":"LineString","coordinates":[[117.1571,39.1574],[117.1317,39.1564],[117.1104,39.1541],[117.0875,39.1545],[117.0515,39.1499],[117.0242,39.1476],[117.014,39.148],[116.9919,39.1508],[116.9806,39.1509],[116.9717,39.1498],[116.9543,39.1462],[116.9432,39.1453],[116.9288,39.1461],[116.9084,39.1503],[116.8984,39.1514],[116.8872,39.1513],[116.8689,39.1492],[116.8602,39.1489],[116.8522,39.1494],[116.8213,39.1533],[116.8105,39.1535],[116.8004,39.1528],[116.7876,39.1505],[116.7766,39.1473],[116.7359,39.1292],[116.7236,39.1253],[116.7135,39.1237],[116.681,39.1212],[116.6722,39.1192],[116.6514,39.1127],[116.639,39.1106],[116.5676,39.108],[116.5566,39.1068],[116.5421,39.1027],[116.5182,39.0907],[116.4989,39.0844],[116.4868,39.0817],[116.4483,39.0756],[116.4374,39.0756],[116.3952,39.0787],[116.3215,39.0979],[116.314,39.0991],[116.3053,39.0996],[116.2194,39.0949],[116.1505,39.0971],[116.1404,39.0966],[116.0096,39.069],[115.9997,39.0677],[115.9918,39.0675],[115.9832,39.0682],[115.9464,39.0755],[115.9337,39.0766],[115.9201,39.0756],[115.8972,39.0708],[115.8685,39.0686]]}},{"type":"Feature","properties":{"country":"China","line":"京津城际铁路","from":"北京南","to":"天津","dist_km":120.0,"fare_local":54.5,"currency":"CNY","local_per_km":0.4542,"usd_per_km":0.0649,"extra":{"n_fare_points":1933,"overlap_trimmed":false},"from_en":"Beijingnan","to_en":"Tianjin","line_en":"Jingjin Intercity Railway"},"geometry":{"type":"LineString","coordinates":[[116.3724,39.8635],[116.3791,39.8656],[116.415,39.8705],[116.42,39.8707],[116.4351,39.8695],[116.4412,39.8679],[116.4462,39.8654],[116.4816,39.8408],[116.487,39.8378],[116.4951,39.8344],[116.5041,39.8322],[116.5129,39.8313],[116.5416,39.8325],[116.551,39.832],[116.5637,39.8293],[116.5771,39.8239],[116.6114,39.8017],[116.6182,39.7962],[116.6373,39.7773],[116.6453,39.7705],[116.6694,39.7548],[116.7114,39.7228],[116.7662,39.6699],[116.8141,39.634],[116.8201,39.6281],[116.8265,39.6196],[116.8723,39.5461],[116.8905,39.526],[116.9153,39.5031],[116.9232,39.493],[116.9296,39.4802],[116.9509,39.4146],[116.9559,39.4049],[116.9616,39.3975],[116.9672,39.3921],[116.9739,39.3868],[116.9874,39.3791],[117.0496,39.3576],[117.0729,39.3464],[117.0796,39.3427],[117.0952,39.3322],[117.1008,39.3272],[117.1053,39.3221],[117.1091,39.3162],[117.112,39.3095],[117.1179,39.2839],[117.1225,39.2738],[117.1724,39.2056],[117.1804,39.1967],[117.192,39.1862],[117.1971,39.1777],[117.2026,39.1708],[117.2057,39.1588],[117.2093,39.1496],[117.2077,39.1469],[117.2004,39.1443],[117.1984,39.1423],[117.1983,39.1402],[117.2037,39.1358]]}},{"type":"Feature","properties":{"country":"China","line":"京津城际铁路","from":"天津","to":"滨海","dist_km":45.0,"fare_local":12.0,"currency":"CNY","local_per_km":0.2667,"usd_per_km":0.0381,"extra":{"n_fare_points":196,"overlap_trimmed":false},"from_en":"Tianjin","to_en":"Binhai","line_en":"Jingjin Intercity Railway"},"geometry":{"type":"LineString","coordinates":[[117.2037,39.1358],[117.2172,39.1313],[117.23,39.1246],[117.2423,39.1197],[117.2653,39.1088],[117.3383,39.0932],[117.4259,39.0644],[117.4459,39.0584],[117.4583,39.0558],[117.5,39.0495],[117.5412,39.0447],[117.5677,39.0385],[117.6024,39.0353],[117.6245,39.0294],[117.6507,39.0236],[117.6528,39.0226],[117.6586,39.0178],[117.664,39.0148],[117.668,39.0138],[117.6736,39.0137],[117.6759,39.0127],[117.6773,39.011],[117.6788,39.0035]]}},{"type":"Feature","properties":{"country":"China","line":"京滨城际铁路","from":"宝坻","to":"北辰","dist_km":54.0,"fare_local":11.5,"currency":"CNY","local_per_km":0.213,"usd_per_km":0.0304,"extra":{"n_fare_points":28,"overlap_trimmed":false},"from_en":"Baodi","to_en":"Beichen","line_en":"Jingbin Intercity Railway"},"geometry":{"type":"LineString","coordinates":[[117.2769,39.6632],[117.3204,39.6432],[117.3276,39.638],[117.3306,39.6346],[117.3332,39.6304],[117.335,39.625],[117.3378,39.6064],[117.3515,39.5577],[117.3539,39.5372],[117.3554,39.53],[117.3595,39.5207],[117.3759,39.4942],[117.3797,39.4863],[117.3816,39.4797],[117.3853,39.457],[117.392,39.4374],[117.393,39.4274],[117.3924,39.4212],[117.3906,39.4142],[117.3807,39.3926],[117.3748,39.3836],[117.3674,39.3764],[117.3561,39.3692],[117.3262,39.3563],[117.3136,39.3513],[117.2949,39.3459],[117.2849,39.3416],[117.2739,39.3346],[117.2547,39.3187],[117.2507,39.3145],[117.2473,39.3084],[117.2459,39.3028],[117.246,39.2976],[117.2478,39.2917],[117.2508,39.2867],[117.2542,39.2831],[117.2707,39.2711]]}},{"type":"Feature","properties":{"country":"China","line":"京唐城际铁路","from":"北京","to":"唐山","dist_km":171.0,"fare_local":94.0,"currency":"CNY","local_per_km":0.5497,"usd_per_km":0.0786,"extra":{"n_fare_points":167,"overlap_trimmed":false},"from_en":"Beijing","to_en":"Tangshan","line_en":"Jingtang Intercity Railway"},"geometry":{"type":"LineString","coordinates":[[116.421,39.9011],[116.4317,39.9004],[116.4362,39.8995],[116.4419,39.8999],[116.4466,39.8991],[116.4551,39.9],[116.4635,39.8991],[116.4697,39.9005],[116.4806,39.9011],[116.5039,39.9003],[116.5231,39.9009],[116.5287,39.9006],[116.5387,39.9014],[116.5728,39.8984],[116.5803,39.8984],[116.5941,39.8954],[116.6403,39.8964],[116.6673,39.8957],[116.6867,39.8992],[116.7142,39.9212],[116.7195,39.9236],[116.7662,39.9348],[116.8068,39.9388],[116.8164,39.94],[116.8198,39.941],[116.8236,39.9407],[116.8326,39.9415],[116.8498,39.9436],[116.8565,39.9432],[116.8615,39.942],[116.8659,39.9399],[116.8702,39.9366],[116.8729,39.9332],[116.8748,39.9281],[116.877,39.9096],[116.8794,39.9042],[116.882,39.9006],[116.8882,39.8953],[116.911,39.8801],[116.9173,39.873],[116.9195,39.8682],[116.9223,39.8569],[116.9254,39.8485],[116.9381,39.8272],[116.9406,39.8213],[116.9417,39.8149],[116.9413,39.8012],[116.9423,39.7949],[116.9496,39.7697],[116.9605,39.7409],[116.9655,39.7333],[116.9714,39.7277],[116.9803,39.7224],[116.99,39.719],[117.0036,39.7172],[117.045,39.7189],[117.0564,39.7183],[117.0673,39.7159],[117.0876,39.7085],[117.0994,39.7053],[117.2024,39.6879],[117.2521,39.6736],[117.3121,39.6484],[117.3214,39.6461],[117.3344,39.6448],[117.3477,39.6455],[117.4133,39.6575],[117.4281,39.6587],[117.4547,39.6589],[117.4656,39.6596],[117.638,39.6817],[117.6673,39.6869],[117.7792,39.6969],[117.789,39.6971],[117.8288,39.6953],[117.8668,39.6904],[117.9026,39.6883],[117.9532,39.6908],[117.9816,39.6949],[117.9923,39.6959],[118.0389,39.6942],[118.0489,39.693],[118.0858,39.6859],[118.0916,39.6834],[118.0989,39.6777],[118.104,39.6718],[118.1076,39.6635],[118.112,39.6398],[118.1117,39.6242]]}},{"type":"Feature","properties":{"country":"China","line":"京雄城际铁路","from":"北京西","to":"雄安","dist_km":106.0,"fare_local":54.0,"currency":"CNY","local_per_km":0.5094,"usd_per_km":0.0728,"extra":{"n_fare_points":217,"overlap_trimmed":false},"from_en":"Beijingxi","to_en":"Xiongan","line_en":"Jingxiong Intercity Railway"},"geometry":{"type":"LineString","coordinates":[[116.3151,39.8937],[116.3279,39.8952],[116.3335,39.8946],[116.3361,39.8928],[116.3383,39.8827],[116.3375,39.8523],[116.3275,39.8302],[116.318,39.8014],[116.2975,39.7497],[116.2972,39.7462],[116.2989,39.7426],[116.3049,39.737],[116.3102,39.7302],[116.3513,39.6943],[116.3583,39.6856],[116.363,39.6771],[116.3769,39.6357],[116.3779,39.6273],[116.3782,39.609],[116.3801,39.6001],[116.385,39.5902],[116.3967,39.5745],[116.4012,39.5644],[116.4119,39.4974],[116.412,39.4934],[116.4113,39.4871],[116.4046,39.4681],[116.4018,39.4545],[116.3978,39.3425],[116.3809,39.2507],[116.3784,39.2417],[116.373,39.2297],[116.3666,39.2204],[116.3559,39.2092],[116.3439,39.2002],[116.2592,39.146],[116.2105,39.1189],[116.202,39.1133],[116.1892,39.1027],[116.1854,39.0987],[116.158,39.0616],[116.1541,39.0556]]}},{"type":"Feature","properties":{"country":"China","line":"津兴城际铁路","from":"大兴机场","to":"胜芳","dist_km":66.0,"fare_local":21.0,"currency":"CNY","local_per_km":0.3182,"usd_per_km":0.0455,"extra":{"n_fare_points":58,"overlap_trimmed":false},"from_en":"Daxing Airport","to_en":"Shengfang","line_en":"Jinxing Intercity Railway"},"geometry":{"type":"LineString","coordinates":[[116.4106,39.5134],[116.4147,39.4998],[116.4256,39.4762],[116.4266,39.4715],[116.4271,39.4622],[116.4264,39.459],[116.4246,39.4551],[116.4052,39.4362],[116.4026,39.432],[116.4013,39.4273],[116.3987,39.3491],[116.3997,39.3446],[116.4024,39.3405],[116.4074,39.337],[116.4258,39.3286],[116.4488,39.3229],[116.4567,39.3189],[116.4688,39.311],[116.4771,39.3077],[116.4888,39.3055],[116.5374,39.3013],[116.5678,39.2999],[116.577,39.2987],[116.6566,39.2744],[116.667,39.2697],[116.6796,39.2603],[116.6821,39.2577],[116.6861,39.2519],[116.6885,39.2451],[116.6938,39.2242],[116.6941,39.2166],[116.6907,39.1815],[116.6912,39.1758],[116.6969,39.1597],[116.697,39.1551],[116.6953,39.1449],[116.6969,39.1392],[116.701,39.1345],[116.7053,39.1321],[116.7219,39.1279],[116.7264,39.1273],[116.7308,39.1277],[116.7343,39.1287],[116.7535,39.1377]]}},{"type":"Feature","properties":{"country":"China","line":"怀兴城际铁路","from":"大兴机场","to":"廊坊北","dist_km":28.0,"fare_local":6.0,"currency":"CNY","local_per_km":0.2143,"usd_per_km":0.0306,"extra":{"n_fare_points":49,"overlap_trimmed":false},"from_en":"Daxing Airport","to_en":"Langfangbei","line_en":"Huaixing Intercity Railway"},"geometry":{"type":"LineString","coordinates":[[116.4106,39.5134],[116.4101,39.5201],[116.4068,39.539],[116.4068,39.5436],[116.4081,39.5471],[116.4106,39.5501],[116.4149,39.553],[116.4191,39.5545],[116.4475,39.5552],[116.4899,39.5613],[116.4959,39.5616],[116.5066,39.5597],[116.5232,39.551],[116.5337,39.5483],[116.5393,39.5479],[116.5991,39.5486],[116.6065,39.5503],[116.6122,39.5531],[116.6242,39.5645],[116.6328,39.5714],[116.6373,39.574],[116.6458,39.5762],[116.6679,39.5774]]}},{"type":"Feature","properties":{"country":"China","line":"京包高速铁路","from":"北京北","to":"张家口","dist_km":172.0,"fare_local":86.0,"currency":"CNY","local_per_km":0.5,"usd_per_km":0.0714,"extra":{"n_fare_points":697,"overlap_trimmed":false},"from_en":"Beijingbei","to_en":"Zhangjiakou","line_en":"Jingbao High-Speed Railway"},"geometry":{"type":"LineString","coordinates":[[116.3462,39.9459],[116.3441,39.9527],[116.3401,39.9602],[116.3386,39.9677],[116.3342,39.9746],[116.332,39.9876],[116.3308,40.0072],[116.32,40.0177],[116.313,40.0347],[116.3025,40.0481],[116.2893,40.0721],[116.2835,40.0797],[116.2801,40.0893],[116.2763,40.0962],[116.2647,40.1151],[116.2457,40.1429],[116.2419,40.1464],[116.2245,40.1587],[116.2051,40.1756],[116.1936,40.1833],[116.1709,40.2041],[116.1649,40.2103],[116.1265,40.2588],[116.0788,40.3036],[116.0587,40.3235],[116.0439,40.3357],[116.0248,40.3484],[115.998,40.3644],[115.9516,40.387],[115.9433,40.3905],[115.9316,40.3936],[115.9217,40.395],[115.9133,40.3953],[115.9024,40.3944],[115.8941,40.3931],[115.8865,40.391],[115.8718,40.3848],[115.836,40.368],[115.7775,40.3359],[115.7709,40.3329],[115.7614,40.3296],[115.7496,40.3272],[115.7379,40.3263],[115.7285,40.3267],[115.7177,40.3285],[115.7062,40.3318],[115.679,40.3448],[115.6691,40.3483],[115.6585,40.3506],[115.6336,40.3538],[115.585,40.3659],[115.5012,40.3995],[115.4897,40.4034],[115.4013,40.4222],[115.3901,40.4253],[115.3735,40.4323],[115.36,40.4409],[115.3355,40.4625],[115.3053,40.4952],[115.1685,40.6006],[115.1557,40.6074],[115.1257,40.6181],[115.0739,40.6284],[115.0247,40.6331],[115.0159,40.6355],[115.0082,40.6388],[115.0003,40.6438],[114.9877,40.6548],[114.9827,40.6628],[114.974,40.6799],[114.9228,40.7304],[114.9097,40.7395],[114.9029,40.7432],[114.8955,40.7457],[114.8766,40.7495]]}},{"type":"Feature","properties":{"country":"China","line":"京包高速铁路","from":"张家口","to":"包头","dist_km":461.0,"fare_local":170.0,"currency":"CNY","local_per_km":0.3688,"usd_per_km":0.0527,"extra":{"n_fare_points":131,"overlap_trimmed":false},"from_en":"Zhangjiakou","to_en":"Baotou","line_en":"Jingbao High-Speed Railway"},"geometry":{"type":"LineString","coordinates":[[114.8766,40.7495],[114.8452,40.7568],[114.8302,40.7588],[114.8152,40.7582],[114.797,40.7544],[114.7818,40.7499],[114.7708,40.7443],[114.7632,40.7377],[114.746,40.7161],[114.7412,40.7113],[114.7287,40.7024],[114.7151,40.6965],[114.7037,40.6936],[114.6961,40.6925],[114.6546,40.6908],[114.629,40.6873],[114.6178,40.6846],[114.6003,40.6779],[114.5912,40.6754],[114.5506,40.6694],[114.5354,40.6684],[114.4891,40.6694],[114.4732,40.6725],[114.4505,40.6789],[114.4359,40.6819],[114.3607,40.6865],[114.3494,40.6856],[114.3387,40.6834],[114.2992,40.6689],[114.2812,40.6663],[114.244,40.666],[114.2306,40.668],[114.2241,40.6697],[114.2177,40.672],[114.2048,40.6788],[114.1984,40.6833],[114.1831,40.6978],[114.167,40.7079],[114.1595,40.7136],[114.1457,40.7298],[114.1338,40.7417],[114.12,40.7592],[114.1038,40.7723],[114.0193,40.823],[114.0124,40.8261],[114.0024,40.8292],[113.9618,40.8367],[113.9502,40.8394],[113.8986,40.8568],[113.888,40.8617],[113.8648,40.8763],[113.8095,40.9048],[113.7548,40.9225],[113.7441,40.925],[113.6694,40.934],[113.6582,40.9362],[113.6374,40.942],[113.6254,40.9436],[113.4328,40.9522],[113.415,40.9517],[113.3883,40.9487],[113.3699,40.9492],[113.3528,40.952],[113.2872,40.968],[113.2771,40.9692],[113.2507,40.9698],[113.2131,40.9646],[113.1796,40.9656],[113.093,40.9586],[113.0812,40.9588],[113.0659,40.9612],[113.0559,40.9644],[113.0427,40.9708],[113.0313,40.9773],[113.0202,40.9819],[113.0124,40.9844],[112.9975,40.9877],[112.9837,40.9885],[112.9458,40.9867],[112.9356,40.9846],[112.9126,40.9775],[112.8969,40.975],[112.8857,40.975],[112.8643,40.9778],[112.8524,40.9784],[112.8005,40.9765],[112.7884,40.9752],[112.7766,40.9721],[112.7715,40.97],[112.7275,40.9463],[112.7186,40.9428],[112.71,40.9403],[112.7005,40.9383],[112.6703,40.9341],[112.6462,40.9281],[112.5983,40.9209],[112.5706,40.9151],[112.5555,40.9134],[112.5425,40.9112],[112.5323,40.9106],[112.5163,40.9123],[112.5093,40.9136],[112.4849,40.9215],[112.4752,40.9267],[112.4553,40.9432],[112.4444,40.9503],[112.43,40.9558],[112.4137,40.9604],[112.3942,40.9682],[112.359,40.976],[112.3331,40.9839],[112.3262,40.9849],[112.3162,40.9854],[112.3032,40.984],[112.2933,40.9815],[112.284,40.9775],[112.267,40.9683],[112.2387,40.9572],[112.229,40.9519],[112.2147,40.9411],[112.1939,40.931],[112.1736,40.9221],[112.1491,40.9133],[112.127,40.9032],[112.0955,40.8845],[112.0889,40.8811],[112.0781,40.8774],[112.0688,40.8752],[112.0617,40.8743],[112.0039,40.8737],[111.9748,40.8762],[111.9355,40.8765],[111.9171,40.8793],[111.9065,40.8792],[111.8394,40.8678],[111.8131,40.864],[111.7824,40.8545],[111.6705,40.8298],[111.6435,40.831],[111.6352,40.8297],[111.6059,40.8183],[111.5834,40.8081],[111.5811,40.8064],[111.5577,40.7827],[111.5532,40.7798],[111.5004,40.7644],[111.4968,40.7627],[111.4579,40.7319],[111.4516,40.7281],[111.4435,40.7249],[111.4313,40.7229],[111.3262,40.7165],[111.3157,40.717],[111.2737,40.7225],[111.2608,40.7226],[111.1068,40.7017],[111.062,40.6906],[110.9984,40.6861],[110.9894,40.685],[110.9779,40.6816],[110.9394,40.6658],[110.923,40.6556],[110.9082,40.6435],[110.8989,40.6386],[110.8872,40.6352],[110.8357,40.6274],[110.8242,40.6243],[110.7326,40.5789],[110.7236,40.5755],[110.7147,40.5736],[110.4112,40.5572],[110.4003,40.5557],[110.3826,40.5512],[110.3742,40.5498],[110.3138,40.5492],[110.3062,40.548],[110.2913,40.5441],[110.2801,40.5433],[110.2691,40.5448],[110.2384,40.5547],[110.2267,40.5566],[110.1412,40.5533],[110.1246,40.5513],[110.0987,40.5501],[110.0856,40.5506],[110.0699,40.5541],[110.0329,40.5645],[109.9958,40.5759],[109.9416,40.5898],[109.9123,40.5922],[109.9066,40.5934],[109.8936,40.5977],[109.8794,40.599],[109.8619,40.6022],[109.8302,40.6041]]}},{"type":"Feature","properties":{"country":"China","line":"京包高速铁路","from":"下花园北","to":"崇礼","dist_km":68.0,"fare_local":34.0,"currency":"CNY","local_per_km":0.5,"usd_per_km":0.0714,"extra":{"n_fare_points":28,"overlap_trimmed":false},"from_en":"Xiahuayuanbei","to_en":"Chongli","line_en":"Jingbao High-Speed Railway"},"geometry":{"type":"LineString","coordinates":[[115.2953,40.5021],[115.2708,40.5218],[115.2679,40.5255],[115.2661,40.5307],[115.2666,40.537],[115.2711,40.5489],[115.2793,40.5626],[115.2819,40.5689],[115.2827,40.5752],[115.2812,40.5906],[115.2816,40.5959],[115.2834,40.6024],[115.2913,40.6203],[115.2944,40.6254],[115.2982,40.6298],[115.321,40.6529],[115.3257,40.6589],[115.329,40.6661],[115.3333,40.6834],[115.3353,40.6884],[115.3383,40.6932],[115.3459,40.7021],[115.3505,40.7062],[115.3557,40.7096],[115.3713,40.7169],[115.394,40.7295],[115.4004,40.7345],[115.4059,40.7409],[115.4128,40.7545],[115.4624,40.8408],[115.4665,40.8536],[115.4689,40.8586],[115.4723,40.876],[115.472,40.8794],[115.4706,40.8831],[115.4655,40.8913],[115.4325,40.92],[115.4248,40.925],[115.3558,40.9639],[115.3533,40.9671],[115.3515,40.9708],[115.3505,40.9747],[115.3498,40.9821],[115.348,40.9867],[115.3448,40.9907],[115.3336,41.0018],[115.3299,41.0042],[115.3259,41.0054],[115.3108,41.0059]]}},{"type":"Feature","properties":{"country":"China","line":"京包高速铁路","from":"北京北","to":"延庆","dist_km":69.0,"fare_local":26.0,"currency":"CNY","local_per_km":0.3768,"usd_per_km":0.0538,"extra":{"n_fare_points":56,"overlap_trimmed":false},"from_en":"Beijingbei","to_en":"Yanqing","line_en":"Jingbao High-Speed Railway"},"geometry":{"type":"LineString","coordinates":[[116.3462,39.9459],[116.3441,39.9527],[116.3401,39.9602],[116.3386,39.9677],[116.3342,39.9746],[116.332,39.9876],[116.3308,40.0072],[116.32,40.0177],[116.313,40.0347],[116.3025,40.0481],[116.2893,40.0721],[116.2835,40.0797],[116.2801,40.0893],[116.2763,40.0962],[116.2647,40.1151],[116.2457,40.143],[116.2421,40.1463],[116.2247,40.1585],[116.207,40.1743],[116.1936,40.1833],[116.1709,40.2042],[116.165,40.2103],[116.1266,40.2589],[116.0789,40.3036],[116.0588,40.3236],[116.0441,40.3358],[116.025,40.3484],[116.002,40.3623],[115.9426,40.3918],[115.9374,40.3951],[115.935,40.3976],[115.933,40.4012],[115.9325,40.4053],[115.9338,40.4102],[115.9364,40.4137],[115.9554,40.4284],[115.9774,40.435]]}},{"type":"Feature","properties":{"country":"China","line":"包银高速铁路","from":"包头","to":"乌海","dist_km":363.0,"fare_local":153.0,"currency":"CNY","local_per_km":0.4215,"usd_per_km":0.0602,"extra":{"n_fare_points":207,"overlap_trimmed":false},"from_en":"Baotou","to_en":"Wuhai","line_en":"Baoyin High-Speed Railway"},"geometry":{"type":"LineString","coordinates":[[109.8302,40.6041],[109.7963,40.6063],[109.7866,40.6063],[109.7785,40.6049],[109.7538,40.5982],[109.747,40.5975],[109.7405,40.5976],[109.7329,40.5987],[109.7256,40.601],[109.6911,40.6167],[109.6827,40.6187],[109.6744,40.6194],[109.379,40.6254],[109.3546,40.6248],[109.3238,40.6265],[109.1789,40.6258],[109.1534,40.6246],[109.1234,40.6262],[108.9269,40.6236],[108.9163,40.624],[108.8529,40.6304],[108.844,40.632],[108.8321,40.6351],[108.8027,40.6454],[108.7809,40.6543],[108.7538,40.6624],[108.6846,40.6868],[108.5001,40.8036],[108.4803,40.818],[108.4667,40.8251],[108.3594,40.86],[108.3434,40.8661],[108.2015,40.9058],[108.1726,40.9151],[108.1566,40.9178],[108.1371,40.9183],[108.0962,40.9136],[107.8355,40.8948],[107.8219,40.8948],[107.7961,40.8971],[107.7824,40.8974],[107.7685,40.8961],[107.752,40.8924],[107.7398,40.8879],[107.6796,40.8611],[107.63,40.8354],[107.2392,40.6586],[107.2291,40.6526],[107.0812,40.5566],[107.0714,40.5487],[107.0635,40.54],[107.0328,40.5015],[107.0265,40.4924],[106.9633,40.368],[106.9608,40.3614],[106.9589,40.3528],[106.9561,40.3194],[106.9572,40.309],[106.9606,40.2979],[106.9662,40.2875],[106.9737,40.2781],[107.0154,40.2413],[107.0208,40.2356],[107.0238,40.2314],[107.0275,40.2226],[107.0286,40.2145],[107.0273,40.2057],[107.0238,40.1977],[107.0185,40.1909],[107.013,40.1858],[107.0053,40.181],[106.9989,40.1781],[106.9902,40.1756],[106.9823,40.1744],[106.9557,40.1739],[106.942,40.1723],[106.9347,40.1705],[106.927,40.1677],[106.9193,40.1639],[106.9143,40.1605],[106.8479,40.1081],[106.8425,40.1031],[106.7705,40.02],[106.7638,40.0101],[106.7596,39.9999],[106.7582,39.9936],[106.7576,39.9853],[106.7601,39.8837],[106.7699,39.844],[106.7723,39.8276],[106.7807,39.7977],[106.7813,39.7893],[106.7797,39.756],[106.7806,39.7456],[106.7835,39.7354],[106.7911,39.7168],[106.794,39.7114]]}},{"type":"Feature","properties":{"country":"China","line":"包银高速铁路","from":"乌海","to":"银川","dist_km":156.0,"fare_local":67.0,"currency":"CNY","local_per_km":0.4295,"usd_per_km":0.0614,"extra":{"n_fare_points":142,"overlap_trimmed":false},"from_en":"Wuhai","to_en":"Yinchuan","line_en":"Baoyin High-Speed Railway"},"geometry":{"type":"LineString","coordinates":[[106.794,39.7114],[106.7958,39.7051],[106.8009,39.6922],[106.8018,39.6857],[106.7952,39.6168],[106.7954,39.6087],[106.7974,39.5996],[106.8078,39.571],[106.8085,39.5653],[106.8059,39.5574],[106.7641,39.4773],[106.7605,39.4666],[106.7597,39.4607],[106.7599,39.4536],[106.7647,39.4235],[106.7629,39.4026],[106.7644,39.3962],[106.7706,39.3834],[106.7721,39.376],[106.7725,39.3608],[106.7699,39.3481],[106.768,39.3326],[106.7648,39.3214],[106.7588,39.3099],[106.7367,39.28],[106.715,39.2561],[106.7104,39.2488],[106.7075,39.2401],[106.6988,39.1916],[106.6961,39.1841],[106.6925,39.1782],[106.6876,39.1728],[106.6819,39.1682],[106.6671,39.1598],[106.6631,39.1567],[106.6532,39.1462],[106.5971,39.0946],[106.5719,39.0682],[106.5671,39.0642],[106.5599,39.0601],[106.4686,39.0217],[106.4553,39.0153],[106.4444,39.0076],[106.4297,38.9924],[106.4223,38.986],[106.3496,38.9387],[106.3368,38.9283],[106.3287,38.9193],[106.3237,38.9117],[106.3199,38.9041],[106.3171,38.8969],[106.3155,38.8903],[106.3144,38.8755],[106.3167,38.8314],[106.3151,38.8199],[106.312,38.8095],[106.2968,38.7705],[106.2923,38.7616],[106.2772,38.7419],[106.2657,38.7249],[106.2506,38.7068],[106.2369,38.6837],[106.2092,38.62],[106.2013,38.5979],[106.1904,38.5725],[106.1804,38.5352],[106.1784,38.5169],[106.1724,38.503],[106.1686,38.4917]]}},{"type":"Feature","properties":{"country":"China","line":"银兰高速铁路","from":"银川","to":"秦王川","dist_km":408.0,"fare_local":172.0,"currency":"CNY","local_per_km":0.4216,"usd_per_km":0.0602,"extra":{"n_fare_points":218,"overlap_trimmed":false},"from_en":"Yinchuan","to_en":"Qinwangchuan Railway Station","line_en":"Yinlan High-Speed Railway"},"geometry":{"type":"LineString","coordinates":[[106.1686,38.4917],[106.1652,38.4771],[106.1475,38.4516],[106.1455,38.4473],[106.1452,38.4434],[106.1465,38.4392],[106.1535,38.4305],[106.1571,38.4283],[106.1618,38.4267],[106.182,38.4219],[106.2052,38.4178],[106.2094,38.416],[106.2193,38.4101],[106.2238,38.4085],[106.2576,38.4049],[106.2739,38.4039],[106.2794,38.4028],[106.2851,38.4008],[106.3299,38.3773],[106.3409,38.3706],[106.3639,38.3526],[106.3838,38.3352],[106.3857,38.3327],[106.3864,38.3295],[106.3856,38.3271],[106.3749,38.3118],[106.3737,38.3088],[106.3726,38.3002],[106.3714,38.297],[106.3605,38.2812],[106.3554,38.2692],[106.3534,38.2565],[106.3536,38.2501],[106.3563,38.2323],[106.3559,38.2207],[106.3465,38.1845],[106.3428,38.1745],[106.3375,38.1645],[106.3307,38.1552],[106.3031,38.1251],[106.2957,38.1152],[106.2814,38.0874],[106.254,38.0304],[106.2493,38.0144],[106.2472,38.0036],[106.2462,37.9827],[106.2456,37.9307],[106.2445,37.9254],[106.2423,37.9199],[106.2365,37.9125],[106.2284,37.9066],[106.1699,37.8816],[106.1629,37.8779],[106.1377,37.8616],[106.1321,37.8558],[106.1284,37.8492],[106.1267,37.8429],[106.1263,37.8301],[106.1256,37.826],[106.1165,37.8004],[106.1132,37.7708],[106.1115,37.7627],[106.1077,37.7516],[106.1059,37.7325],[106.1012,37.7101],[106.1013,37.7017],[106.1056,37.6828],[106.1059,37.6793],[106.1047,37.6424],[106.1028,37.6344],[106.0999,37.6282],[106.0957,37.6225],[106.0902,37.6173],[106.0836,37.6128],[106.0406,37.5897],[106.0043,37.5608],[105.9917,37.5527],[105.9821,37.5483],[105.9204,37.5254],[105.8695,37.5016],[105.8602,37.4967],[105.8458,37.4877],[105.7976,37.4555],[105.7886,37.4512],[105.7764,37.4481],[105.7695,37.4474],[105.7618,37.4477],[105.7268,37.4517],[105.6763,37.4466],[105.6484,37.4487],[105.6416,37.4486],[105.6192,37.4451],[105.611,37.4445],[105.5073,37.4428],[105.4779,37.4462],[105.4497,37.4452],[105.3803,37.4523],[105.3079,37.4617],[105.2999,37.4635],[105.2685,37.4748],[105.2558,37.4764],[105.2199,37.4733],[105.1348,37.4698],[105.1269,37.4685],[105.1167,37.4658],[105.1068,37.4619],[105.096,37.4556],[105.089,37.4502],[105.0826,37.4437],[105.039,37.39],[104.9804,37.2782],[104.962,37.2363],[104.9573,37.2288],[104.9328,37.1968],[104.9273,37.1887],[104.886,37.1146],[104.8803,37.1023],[104.8529,37.0149],[104.8491,37.0056],[104.8446,36.998],[104.8328,36.9833],[104.7787,36.9198],[104.7701,36.9126],[104.7107,36.8709],[104.7016,36.8604],[104.6956,36.8507],[104.6945,36.8476],[104.6939,36.8407],[104.6942,36.8374],[104.6962,36.8299],[104.7311,36.748],[104.7342,36.7381],[104.7344,36.7271],[104.7281,36.6802],[104.7262,36.6725],[104.7223,36.6644],[104.7144,36.6549],[104.6891,36.6374],[104.6816,36.6309],[104.635,36.5848],[104.6253,36.5766],[104.6104,36.5671],[104.5743,36.5459],[104.4854,36.4841],[104.4758,36.4785],[104.4627,36.4729],[104.4487,36.4693],[104.384,36.4588],[104.3711,36.4577],[104.3008,36.4578],[104.2899,36.4586],[104.2784,36.4615],[104.2601,36.4698],[104.249,36.4731],[104.2127,36.4786],[104.2034,36.4793],[104.1707,36.4775],[104.1477,36.4754],[104.0841,36.4593],[104.0752,36.4577],[104.0678,36.4573],[103.9831,36.4589],[103.8161,36.4794],[103.8029,36.4789],[103.7715,36.4709],[103.7664,36.4704]]}},{"type":"Feature","properties":{"country":"China","line":"银兰高速铁路","from":"秦王川","to":"兰州西","dist_km":66.0,"fare_local":22.0,"currency":"CNY","local_per_km":0.3333,"usd_per_km":0.0476,"extra":{"n_fare_points":49,"overlap_trimmed":false},"from_en":"Qinwangchuan Railway Station","to_en":"Lanzhouxi","line_en":"Yinlan High-Speed Railway"},"geometry":{"type":"LineString","coordinates":[[103.7664,36.4704],[103.7606,36.4679],[103.7433,36.4632],[103.7379,36.4609],[103.6866,36.4327],[103.6778,36.4286],[103.6672,36.4252],[103.6271,36.4167],[103.614,36.4115],[103.6035,36.4062],[103.5984,36.4011],[103.5956,36.3952],[103.5859,36.3367],[103.5861,36.3308],[103.5959,36.2791],[103.5967,36.2718],[103.5962,36.2639],[103.5899,36.241],[103.5892,36.2359],[103.5894,36.2202],[103.5924,36.205],[103.591,36.1928],[103.586,36.173],[103.5855,36.1657],[103.5863,36.1587],[103.5922,36.1385],[103.5958,36.1329],[103.5963,36.13],[103.5952,36.1271],[103.5873,36.1188],[103.5866,36.1155],[103.5875,36.1133],[103.59,36.1109],[103.6075,36.1018],[103.6455,36.0901],[103.6497,36.0883],[103.6668,36.0842],[103.6734,36.0802],[103.6874,36.0783],[103.6953,36.0746],[103.7005,36.0736],[103.7087,36.0706],[103.7276,36.0702],[103.7426,36.0689],[103.7493,36.0676]]}},{"type":"Feature","properties":{"country":"China","line":"兰张高速铁路","from":"兰州西","to":"兰州新区","dist_km":57.0,"fare_local":17.5,"currency":"CNY","local_per_km":0.307,"usd_per_km":0.0439,"extra":{"n_fare_points":29,"overlap_trimmed":false},"from_en":"Lanzhouxi","to_en":"Lanzhouxinqu","line_en":"Lanzhang High-Speed Railway"},"geometry":{"type":"LineString","coordinates":[[103.7493,36.0676],[103.7426,36.0689],[103.7276,36.0702],[103.7087,36.0706],[103.7005,36.0736],[103.6953,36.0746],[103.6874,36.0783],[103.6734,36.0802],[103.6668,36.0842],[103.6497,36.0883],[103.6455,36.0901],[103.6075,36.1018],[103.59,36.1109],[103.5881,36.1124],[103.5868,36.1147],[103.5866,36.1168],[103.5875,36.1192],[103.5952,36.1271],[103.5963,36.13],[103.5958,36.1329],[103.5922,36.1385],[103.5863,36.1587],[103.5855,36.1657],[103.586,36.173],[103.591,36.1928],[103.5924,36.205],[103.5894,36.2202],[103.5892,36.2359],[103.5899,36.241],[103.5945,36.2568],[103.5966,36.2674],[103.5959,36.2791],[103.5859,36.3324],[103.5864,36.3407],[103.5939,36.3869],[103.5956,36.3952],[103.5972,36.3993],[103.6003,36.4035],[103.6035,36.4062],[103.6079,36.4088],[103.6236,36.4156],[103.645,36.4207],[103.6342,36.4183],[103.6275,36.4185],[103.6201,36.4216],[103.6155,36.4265],[103.6138,36.4323],[103.6143,36.4385],[103.6167,36.4494],[103.6157,36.4697]]}},{"type":"Feature","properties":{"country":"China","line":"兰张高速铁路","from":"兰州新区","to":"武威东","dist_km":196.0,"fare_local":68.0,"currency":"CNY","local_per_km":0.3469,"usd_per_km":0.0496,"extra":{"n_fare_points":628,"overlap_trimmed":false},"from_en":"Lanzhouxinqu","to_en":"Wuwei East","line_en":"Lanzhang High-Speed Railway"},"geometry":{"type":"LineString","coordinates":[[103.6157,36.4697],[103.6121,36.5242],[103.6016,36.5503],[103.5974,36.556],[103.5917,36.5606],[103.5845,36.5641],[103.5629,36.5708],[103.5524,36.5751],[103.484,36.6092],[103.4312,36.6299],[103.407,36.6417],[103.3602,36.656],[103.3369,36.6654],[103.3152,36.6717],[103.3054,36.6753],[103.2714,36.6916],[103.2647,36.6959],[103.2568,36.7027],[103.2506,36.7102],[103.2351,36.7353],[103.2269,36.7539],[103.2236,36.7597],[103.2186,36.7666],[103.2094,36.7773],[103.2057,36.7829],[103.2017,36.7909],[103.1935,36.8117],[103.1746,36.8422],[103.1677,36.8543],[103.161,36.8721],[103.1474,36.904],[103.1459,36.9125],[103.1448,36.9333],[103.1435,36.9395],[103.1409,36.9468],[103.1218,36.9832],[103.1034,37.0137],[103.0961,37.0229],[103.0863,37.0317],[103.0789,37.0369],[103.0396,37.0599],[103.003,37.0902],[102.9981,37.0953],[102.9933,37.1014],[102.9811,37.1219],[102.967,37.1381],[102.9631,37.1435],[102.96,37.1498],[102.9081,37.2831],[102.9061,37.2907],[102.9025,37.328],[102.9027,37.3395],[102.9103,37.3707],[102.9211,37.406],[102.9218,37.4127],[102.9125,37.4727],[102.9021,37.5273],[102.9021,37.5376],[102.9056,37.5577],[102.9062,37.5648],[102.9056,37.5743],[102.903,37.5841],[102.872,37.6753],[102.8671,37.686],[102.8592,37.6966],[102.8394,37.7157],[102.8199,37.7378],[102.7385,37.8593],[102.7319,37.8676],[102.7034,37.8996],[102.6983,37.9062],[102.694,37.9139],[102.6911,37.9235],[102.6893,37.9524]]}},{"type":"Feature","properties":{"country":"China","line":"中川机场环线","from":"兰州西","to":"中川机场东","dist_km":64.0,"fare_local":26.5,"currency":"CNY","local_per_km":0.4141,"usd_per_km":0.0592,"extra":{"n_fare_points":77,"overlap_trimmed":false},"from_en":"Lanzhouxi","to_en":"Zhongchuanjichangdong Railway Station","line_en":"Zhongchuanjichang Loop Line"},"geometry":{"type":"LineString","coordinates":[[103.7493,36.0676],[103.7426,36.0689],[103.7276,36.0702],[103.7087,36.0706],[103.7005,36.0736],[103.6953,36.0746],[103.6874,36.0783],[103.6734,36.0802],[103.6668,36.0842],[103.6497,36.0883],[103.6455,36.0901],[103.6075,36.1018],[103.59,36.1109],[103.5881,36.1124],[103.5868,36.1147],[103.5866,36.1168],[103.5875,36.1192],[103.5952,36.1271],[103.5963,36.13],[103.5958,36.1329],[103.5922,36.1385],[103.5863,36.1587],[103.5855,36.1657],[103.586,36.173],[103.591,36.1928],[103.5924,36.205],[103.5894,36.2202],[103.5892,36.2359],[103.5899,36.241],[103.5962,36.2639],[103.5967,36.2718],[103.5959,36.2791],[103.5861,36.3308],[103.5864,36.3407],[103.596,36.3975],[103.6151,36.4394],[103.6164,36.4438],[103.617,36.4514],[103.6153,36.4798],[103.6165,36.4822],[103.6182,36.4837],[103.6302,36.4878],[103.633,36.49],[103.6351,36.4927],[103.6362,36.4975],[103.6348,36.5201]]}},{"type":"Feature","properties":{"country":"China","line":"兰新高速铁路","from":"兰州西","to":"西宁","dist_km":188.0,"fare_local":58.0,"currency":"CNY","local_per_km":0.3085,"usd_per_km":0.0441,"extra":{"n_fare_points":294,"overlap_trimmed":false},"from_en":"Lanzhouxi","to_en":"Xining","line_en":"Lanxin High-Speed Railway"},"geometry":{"type":"LineString","coordinates":[[103.7493,36.0676],[103.7245,36.0699],[103.7041,36.0704],[103.6756,36.069],[103.6441,36.0688],[103.636,36.0695],[103.6197,36.073],[103.5987,36.0806],[103.5873,36.0831],[103.5505,36.0876],[103.4969,36.0952],[103.364,36.1104],[103.3583,36.1116],[103.2291,36.1506],[103.1829,36.1744],[103.1605,36.1879],[103.1547,36.1907],[103.1361,36.1976],[103.1131,36.2031],[103.0843,36.2129],[103.0743,36.217],[103.0367,36.2348],[103.0117,36.2451],[102.9964,36.2492],[102.9644,36.2594],[102.9549,36.2638],[102.9196,36.2845],[102.9024,36.2923],[102.8934,36.2951],[102.8694,36.3001],[102.8069,36.3174],[102.7687,36.3234],[102.7474,36.3294],[102.7281,36.3369],[102.7003,36.3523],[102.6877,36.3573],[102.5522,36.4179],[102.5427,36.4205],[102.5268,36.4197],[102.5183,36.421],[102.5138,36.4234],[102.5081,36.4293],[102.5038,36.4319],[102.4578,36.4486],[102.4257,36.4619],[102.4153,36.4645],[102.4042,36.4661],[102.361,36.4692],[102.3413,36.4713],[102.3104,36.471],[102.2759,36.4751],[102.2289,36.4735],[102.2137,36.474],[102.2072,36.4749],[102.1924,36.4785],[102.1832,36.4817],[102.1549,36.494],[102.1286,36.5022],[102.1079,36.5072],[102.0968,36.5089],[102.0883,36.5095],[102.0338,36.5102],[102.0232,36.5113],[102.0123,36.5136],[101.9895,36.5203],[101.9773,36.5253],[101.9417,36.5456],[101.92,36.556],[101.91,36.5618],[101.8957,36.5725],[101.8846,36.5783],[101.8781,36.5811],[101.8642,36.5855],[101.8471,36.5923],[101.8349,36.6005],[101.813,36.6208]]}},{"type":"Feature","properties":{"country":"China","line":"兰新高速铁路","from":"西宁","to":"嘉峪关南","dist_km":509.0,"fare_local":157.0,"currency":"CNY","local_per_km":0.3084,"usd_per_km":0.0441,"extra":{"n_fare_points":102,"overlap_trimmed":false},"from_en":"Xining","to_en":"Jiayuguannan","line_en":"Lanxin High-Speed Railway"},"geometry":{"type":"LineString","coordinates":[[101.813,36.6208],[101.8086,36.6258],[101.7901,36.6436],[101.7826,36.6532],[101.7768,36.6635],[101.7726,36.6729],[101.7694,36.6835],[101.7684,36.6949],[101.77,36.7171],[101.7683,36.7328],[101.7683,36.7387],[101.7691,36.7453],[101.7736,36.7653],[101.7747,36.7824],[101.7745,36.7928],[101.7721,36.8171],[101.7675,36.8324],[101.7637,36.8524],[101.76,36.8628],[101.7414,36.8935],[101.7351,36.901],[101.7192,36.9151],[101.7074,36.9279],[101.6995,36.9409],[101.6934,36.9484],[101.6837,36.9575],[101.6566,36.9776],[101.6515,36.9822],[101.6441,36.9905],[101.6387,36.9987],[101.6315,37.0129],[101.6235,37.0375],[101.6205,37.0509],[101.6182,37.0689],[101.6068,37.1231],[101.5997,37.146],[101.5901,37.1697],[101.5884,37.1752],[101.5864,37.1857],[101.5861,37.1956],[101.5885,37.2168],[101.5937,37.2384],[101.5986,37.253],[101.6062,37.2723],[101.6089,37.2876],[101.6093,37.3018],[101.6067,37.3145],[101.6043,37.3213],[101.5657,37.39],[101.5619,37.3964],[101.556,37.4044],[101.5506,37.4102],[101.5428,37.4162],[101.5115,37.4363],[101.5063,37.4403],[101.4979,37.4485],[101.4905,37.4584],[101.4554,37.5172],[101.45,37.5275],[101.4476,37.5339],[101.4325,37.6031],[101.4294,37.6117],[101.4244,37.6203],[101.4179,37.6282],[101.3984,37.6469],[101.3661,37.6691],[101.3522,37.6815],[101.3428,37.6941],[101.3222,37.7273],[101.3191,37.7342],[101.3167,37.7427],[101.307,37.8031],[101.3043,37.8122],[101.2818,37.8743],[101.2766,37.8847],[101.2646,37.9043],[101.2599,37.9134],[101.2461,37.9498],[101.245,37.9555],[101.2408,37.9905],[101.2403,38.0173],[101.2388,38.0287],[101.2349,38.0434],[101.2276,38.0578],[101.1192,38.2274],[101.1143,38.2342],[101.1086,38.2404],[101.1004,38.2478],[101.0939,38.2524],[101.0334,38.2873],[101.0193,38.2976],[100.9449,38.3739],[100.9404,38.3796],[100.9012,38.4371],[100.8949,38.4446],[100.8881,38.4511],[100.8759,38.4596],[100.8618,38.4663],[100.8185,38.4794],[100.8018,38.4863],[100.7883,38.495],[100.781,38.5014],[100.773,38.5104],[100.767,38.5208],[100.7421,38.595],[100.7349,38.609],[100.5995,38.7887],[100.5793,38.8199],[100.5684,38.8323],[100.5596,38.8394],[100.5489,38.8461],[100.4786,38.8874],[100.4022,38.9375],[100.2942,39.0013],[100.0808,39.1646],[100.064,39.1731],[100.0492,39.1776],[100.0342,39.1801],[100.0099,39.1814],[100.0004,39.1825],[99.9873,39.1855],[99.9717,39.1913],[99.9517,39.2018],[99.8866,39.2321],[99.8735,39.2406],[99.8326,39.271],[99.8223,39.2774],[99.8132,39.2816],[99.7975,39.2868],[99.7453,39.2991],[99.7257,39.3019],[99.5856,39.3053],[99.5467,39.302],[99.521,39.3017],[99.4613,39.307],[99.3993,39.3203],[99.3868,39.3214],[99.355,39.3219],[99.3347,39.3241],[99.2731,39.3381],[99.2387,39.3439],[99.1766,39.3591],[99.0751,39.3778],[99.0634,39.3807],[99.0519,39.3848],[99.0405,39.3903],[99.0041,39.4143],[98.9862,39.4305],[98.9459,39.4686],[98.9357,39.477],[98.8504,39.5317],[98.838,39.5394],[98.828,39.5446],[98.7402,39.5805],[98.7311,39.585],[98.7142,39.5962],[98.6434,39.6481],[98.6184,39.6631],[98.5906,39.679],[98.5804,39.6842],[98.573,39.6873],[98.5103,39.708],[98.4938,39.7116],[98.4754,39.7126],[98.4591,39.7113],[98.4461,39.7086],[98.4007,39.6967],[98.3857,39.6949],[98.373,39.6948],[98.3563,39.6968],[98.3401,39.7012],[98.3259,39.7073],[98.315,39.7129],[98.3092,39.7167]]}},{"type":"Feature","properties":{"country":"China","line":"兰新高速铁路","from":"嘉峪关南","to":"哈密","dist_km":550.0,"fare_local":169.5,"currency":"CNY","local_per_km":0.3082,"usd_per_km":0.044,"extra":{"n_fare_points":29,"overlap_trimmed":false},"from_en":"Jiayuguannan","to_en":"Hami","line_en":"Lanxin High-Speed Railway"},"geometry":{"type":"LineString","coordinates":[[98.3092,39.7167],[98.3033,39.719],[98.2633,39.7394],[98.2563,39.7424],[98.0457,39.8206],[98.0202,39.8277],[97.9484,39.8398],[97.85,39.8694],[97.8249,39.8809],[97.8005,39.891],[97.793,39.8952],[97.7689,39.9111],[97.7516,39.9192],[97.5184,39.9961],[97.4424,40.0259],[97.3866,40.045],[97.3726,40.0515],[97.2888,40.1008],[97.2802,40.1071],[97.2719,40.1154],[97.2522,40.1373],[97.2367,40.1498],[97.2308,40.1538],[97.1649,40.1925],[97.1573,40.1962],[97.1288,40.2064],[97.1166,40.2125],[97.1092,40.2171],[97.0807,40.2412],[97.0573,40.2589],[97.0204,40.293],[97.0109,40.2998],[97.0013,40.3054],[96.9787,40.3155],[96.9704,40.3201],[96.9361,40.3454],[96.9202,40.3547],[96.6396,40.51],[96.4449,40.6314],[96.4309,40.6385],[96.3793,40.6604],[96.3691,40.6658],[96.3601,40.6717],[96.2761,40.7396],[96.2566,40.7517],[96.2418,40.7581],[95.978,40.8551],[95.6599,41.0126],[95.5152,41.0733],[95.4951,41.0851],[95.3761,41.1587],[95.222,41.2676],[95.2147,41.2721],[95.2013,41.2786],[95.1852,41.2842],[95.1003,41.3048],[95.0463,41.3232],[95.0323,41.3287],[95.023,41.3333],[94.8485,41.4358],[94.51,41.6327],[94.4743,41.6567],[94.4235,41.6856],[94.4079,41.6975],[94.3461,41.7513],[94.3371,41.7606],[94.3323,41.7671],[94.3281,41.774],[94.3077,41.818],[94.2454,41.9242],[94.1614,42.0485],[94.0516,42.2336],[94.0473,42.2428],[94.0346,42.2795],[94.0292,42.2895],[94.0222,42.2988],[93.8563,42.495],[93.6616,42.7233],[93.5897,42.7881],[93.5811,42.7947],[93.5564,42.8108],[93.5474,42.8184],[93.5373,42.8285],[93.5279,42.836],[93.5182,42.8419],[93.5046,42.8484]]}},{"type":"Feature","properties":{"country":"China","line":"兰新高速铁路","from":"哈密","to":"乌鲁木齐","dist_km":539.0,"fare_local":166.5,"currency":"CNY","local_per_km":0.3089,"usd_per_km":0.0441,"extra":{"n_fare_points":93,"overlap_trimmed":false},"from_en":"Hami","to_en":"Urumqi","line_en":"Lanxin High-Speed Railway"},"geometry":{"type":"LineString","coordinates":[[93.5046,42.8484],[93.4985,42.8523],[93.4782,42.8628],[93.4422,42.8792],[93.4315,42.8834],[93.4239,42.8857],[93.3398,42.9061],[93.2471,42.924],[93.1772,42.9423],[93.11,42.9542],[92.8335,43.0255],[92.8171,43.0277],[92.8041,43.0284],[92.7163,43.0267],[92.6984,43.0281],[92.4289,43.0665],[92.4132,43.0699],[92.3853,43.0781],[92.3648,43.0826],[92.3479,43.0846],[92.1144,43.1228],[92.0991,43.124],[91.8834,43.1234],[91.78,43.1276],[91.7453,43.1282],[91.7035,43.124],[91.5207,43.1029],[91.5074,43.1023],[91.1596,43.1086],[90.9119,43.1124],[90.6913,43.1153],[90.6721,43.1144],[90.651,43.1109],[90.6311,43.1048],[90.5618,43.0711],[90.5121,43.0522],[90.5036,43.0484],[90.4973,43.0452],[90.4859,43.0375],[90.4663,43.0203],[90.4558,43.0134],[90.4462,43.0082],[90.4332,43.0035],[90.3517,42.9831],[90.3365,42.9776],[90.3269,42.9728],[90.2573,42.9336],[90.2429,42.9272],[90.2211,42.9211],[90.1675,42.9148],[90.1558,42.9139],[90.1339,42.9147],[90.1158,42.918],[90.106,42.9207],[90.012,42.9559],[89.9936,42.9619],[89.7841,43.0038],[89.7742,43.0054],[89.7431,43.0087],[89.4255,43.0388],[89.2517,43.0466],[89.2313,43.0457],[89.2141,43.0429],[89.2013,43.0396],[89.1653,43.028],[89.1444,43.0238],[89.131,43.0227],[89.0842,43.0217],[89.0635,43.0235],[89.0436,43.0281],[89.0319,43.0324],[89.0236,43.0362],[89.0088,43.0452],[88.981,43.0664],[88.9714,43.072],[88.9628,43.0761],[88.9527,43.0799],[88.9418,43.083],[88.8719,43.0962],[88.8519,43.1019],[88.834,43.1098],[88.7317,43.1613],[88.716,43.1678],[88.6968,43.1734],[88.6597,43.1811],[88.643,43.1823],[88.6122,43.1818],[88.6,43.1832],[88.5853,43.1863],[88.5357,43.2031],[88.5268,43.2069],[88.5132,43.2148],[88.4927,43.2286],[88.4754,43.2369],[88.4586,43.2422],[88.413,43.2518],[88.3996,43.2566],[88.3886,43.2615],[88.3753,43.2702],[88.3655,43.2786],[88.3157,43.3321],[88.3042,43.341],[88.2515,43.3741],[88.2381,43.3808],[88.216,43.388],[88.1462,43.4067],[88.1296,43.4132],[88.1186,43.419],[88.1047,43.4281],[87.9655,43.541],[87.9512,43.5502],[87.9316,43.5589],[87.8194,43.6035],[87.7231,43.6277],[87.7159,43.63],[87.7052,43.6343],[87.6699,43.6505],[87.6535,43.6599],[87.6382,43.6719],[87.5879,43.7159],[87.5837,43.7204],[87.5816,43.7239],[87.5801,43.7279],[87.5788,43.7425],[87.5769,43.7518],[87.5787,43.7613],[87.5838,43.7671],[87.5846,43.7703],[87.578,43.7868],[87.5748,43.7914],[87.5687,43.7962],[87.5652,43.7976],[87.5511,43.8011],[87.5473,43.8035],[87.5411,43.81],[87.5399,43.8121],[87.5399,43.8143],[87.5422,43.8233],[87.5416,43.8302],[87.54,43.832],[87.5262,43.8394]]}},{"type":"Feature","properties":{"country":"China","line":"敦煌铁路","from":"敦煌","to":"嘉峪关南","dist_km":353.0,"fare_local":109.0,"currency":"CNY","local_per_km":0.3088,"usd_per_km":0.0441,"extra":{"n_fare_points":14,"overlap_trimmed":false},"from_en":"Dunhuang","to_en":"Jiayuguannan","line_en":"Dunhuang Railway"},"geometry":{"type":"LineString","coordinates":[[94.7834,40.1678],[94.7904,40.1696],[94.8162,40.1738],[94.8435,40.1764],[94.8531,40.1763],[94.8622,40.1747],[94.9406,40.1535],[94.9509,40.1526],[94.9609,40.1536],[94.9713,40.1569],[94.9808,40.1628],[95.0203,40.207],[95.0269,40.2112],[95.0353,40.215],[95.1385,40.2448],[95.194,40.2518],[95.2604,40.2551],[95.2709,40.257],[95.2816,40.2604],[95.2915,40.2651],[95.2991,40.2701],[95.5835,40.4888],[95.5886,40.4918],[95.6329,40.513],[95.704,40.5523],[95.7276,40.5633],[95.7336,40.5653],[95.7429,40.5674],[95.7568,40.5681],[95.8163,40.5634],[95.8235,40.5633],[95.9921,40.5742],[96.3308,40.6304],[96.3404,40.633],[96.3498,40.6368],[96.3586,40.6418],[96.3776,40.6554],[96.3816,40.6568],[96.3851,40.6568],[96.4042,40.6497],[96.4309,40.6384],[96.4449,40.6314],[96.6395,40.51],[96.9201,40.3546],[96.936,40.3454],[96.9704,40.3201],[96.9786,40.3155],[96.9989,40.3065],[97.0064,40.3025],[97.0203,40.293],[97.0573,40.2589],[97.0807,40.2412],[97.1092,40.2171],[97.1166,40.2125],[97.1288,40.2064],[97.1573,40.1962],[97.1649,40.1925],[97.2308,40.1538],[97.2367,40.1498],[97.2522,40.1373],[97.2719,40.1154],[97.2802,40.1071],[97.2888,40.1008],[97.3664,40.0548],[97.3782,40.0487],[97.3932,40.0427],[97.4424,40.0259],[97.5184,39.9961],[97.7516,39.9192],[97.7689,39.9111],[97.793,39.8952],[97.8005,39.891],[97.8249,39.8809],[97.85,39.8694],[97.9484,39.8398],[98.0202,39.8277],[98.0457,39.8206],[98.2563,39.7424],[98.2633,39.7394],[98.3033,39.719],[98.3092,39.7167]]}},{"type":"Feature","properties":{"country":"China","line":"徐兰高速铁路","from":"徐州","to":"郑州东","dist_km":360.0,"fare_local":165.5,"currency":"CNY","local_per_km":0.4597,"usd_per_km":0.0657,"extra":{"n_fare_points":485,"overlap_trimmed":false},"from_en":"Xuzhou","to_en":"Zhengzhoudong","line_en":"Xulan High-Speed Railway"},"geometry":{"type":"LineString","coordinates":[[117.2018,34.2664],[117.2022,34.2593],[117.2016,34.2559],[117.2022,34.2505],[117.2038,34.2455],[117.2044,34.2409],[117.2057,34.2394],[117.2077,34.2386],[117.2177,34.2405],[117.2393,34.2393],[117.2596,34.2408],[117.262,34.2403],[117.2668,34.238],[117.2695,34.2378],[117.2717,34.2385],[117.2756,34.241],[117.2904,34.2523],[117.2938,34.2527],[117.3017,34.2508],[117.3044,34.2522],[117.3053,34.2541],[117.305,34.2558],[117.3023,34.2604],[117.2985,34.2759],[117.2928,34.2921],[117.2907,34.3089],[117.2881,34.3206],[117.2857,34.3259],[117.2824,34.3302],[117.279,34.3331],[117.2727,34.3366],[117.2266,34.3537],[117.2182,34.3561],[117.2104,34.3573],[117.2022,34.3573],[117.1939,34.3562],[117.184,34.3532],[117.1686,34.346],[117.1347,34.3234],[117.0988,34.3047],[117.0711,34.2866],[117.0353,34.2672],[117.0287,34.264],[116.988,34.2478],[116.9712,34.2424],[116.9539,34.2397],[116.8886,34.2345],[116.8107,34.2197],[116.8005,34.2184],[116.578,34.2074],[116.5656,34.2075],[116.5471,34.2098],[116.4974,34.2231],[116.4833,34.2284],[116.4682,34.2374],[116.4617,34.2426],[116.3455,34.3507],[116.2664,34.4106],[116.2546,34.4172],[116.2427,34.422],[116.2283,34.4259],[116.1838,34.4338],[116.1558,34.4384],[116.1425,34.4393],[115.9813,34.4305],[115.7986,34.43],[115.7288,34.4264],[115.7146,34.4269],[115.6978,34.43],[115.6717,34.4382],[115.6617,34.4421],[115.6037,34.4658],[115.5839,34.475],[115.5213,34.5013],[115.4884,34.5131],[115.3321,34.5789],[115.2568,34.6169],[115.2052,34.6491],[115.1961,34.6533],[115.1144,34.6859],[115.105,34.6892],[115.0951,34.6917],[115.0256,34.7073],[114.8617,34.7556],[114.7912,34.7815],[114.7811,34.7862],[114.761,34.7977],[114.754,34.8008],[114.7467,34.8032],[114.7306,34.8064],[114.7218,34.8069],[114.7113,34.8062],[114.6497,34.7993],[114.6323,34.7993],[114.5692,34.8076],[114.4716,34.8217],[114.4375,34.8289],[114.3946,34.8417],[114.3828,34.8436],[114.3735,34.8442],[114.294,34.844],[114.1804,34.8352],[114.0623,34.8205],[114.0453,34.8198],[114.0332,34.8212],[114.0196,34.8247],[114.0113,34.8281],[113.9929,34.8376],[113.9832,34.8413],[113.969,34.8444],[113.9535,34.8453],[113.8297,34.8371],[113.7926,34.831],[113.7828,34.8281],[113.7785,34.8255],[113.7739,34.8212],[113.7707,34.8158],[113.7693,34.8107],[113.7712,34.7805],[113.7733,34.7672],[113.7733,34.7602]]}},{"type":"Feature","properties":{"country":"China","line":"徐兰高速铁路","from":"郑州东","to":"洛阳龙门","dist_km":143.0,"fare_local":66.0,"currency":"CNY","local_per_km":0.4615,"usd_per_km":0.0659,"extra":{"n_fare_points":866,"overlap_trimmed":false},"from_en":"Zhengzhoudong","to_en":"Luoyang Longmen","line_en":"Xulan High-Speed Railway"},"geometry":{"type":"LineString","coordinates":[[113.7733,34.7602],[113.7725,34.7534],[113.7739,34.7378],[113.778,34.719],[113.7782,34.7139],[113.7769,34.7085],[113.7731,34.7007],[113.7697,34.6949],[113.7669,34.6915],[113.7601,34.6869],[113.7456,34.6814],[113.707,34.6722],[113.6953,34.6706],[113.6714,34.6702],[113.6573,34.6718],[113.6467,34.6748],[113.6398,34.6777],[113.6087,34.6937],[113.6006,34.697],[113.5896,34.7006],[113.5521,34.7095],[113.4907,34.7337],[113.482,34.7366],[113.4709,34.7394],[113.4533,34.7418],[113.365,34.7488],[113.3268,34.7565],[113.317,34.7577],[113.2745,34.7587],[113.2433,34.7616],[113.2143,34.762],[113.1939,34.7643],[113.1535,34.7729],[113.1167,34.7758],[113.1043,34.7751],[113.0962,34.7737],[113.0864,34.7709],[113.0689,34.7634],[113.0603,34.7582],[113.0036,34.7158],[112.9911,34.7087],[112.9572,34.6933],[112.8862,34.6597],[112.8767,34.6554],[112.8666,34.6519],[112.8489,34.6481],[112.8372,34.6471],[112.7411,34.6473],[112.7282,34.6464],[112.7099,34.6426],[112.6992,34.6388],[112.6764,34.6287],[112.6669,34.6258],[112.6569,34.6237],[112.6016,34.6172],[112.533,34.6124],[112.4527,34.5943]]}},{"type":"Feature","properties":{"country":"China","line":"徐兰高速铁路","from":"洛阳龙门","to":"西安北","dist_km":380.0,"fare_local":174.0,"currency":"CNY","local_per_km":0.4579,"usd_per_km":0.0654,"extra":{"n_fare_points":616,"overlap_trimmed":false},"from_en":"Luoyang Longmen","to_en":"Xi'anbei","line_en":"Xulan High-Speed Railway"},"geometry":{"type":"LineString","coordinates":[[112.4527,34.5943],[112.4233,34.5871],[112.4144,34.5839],[112.4015,34.5781],[112.3879,34.5737],[112.371,34.5712],[112.3551,34.5718],[112.3456,34.5735],[112.3109,34.5829],[112.1442,34.6124],[112.0933,34.6297],[112.0662,34.6414],[112.0018,34.6612],[111.9871,34.6647],[111.9763,34.6661],[111.9671,34.6665],[111.9023,34.6646],[111.8878,34.6654],[111.8261,34.6773],[111.7494,34.6888],[111.7395,34.6898],[111.7255,34.6898],[111.6376,34.6842],[111.6226,34.6845],[111.6033,34.6875],[111.5538,34.6993],[111.541,34.701],[111.5167,34.7021],[111.4542,34.7099],[111.3292,34.7066],[111.3175,34.7069],[111.2946,34.7094],[111.2841,34.7116],[111.2605,34.7195],[111.2479,34.7255],[111.2221,34.7411],[111.2091,34.7469],[111.1878,34.7514],[111.175,34.7516],[111.1208,34.7447],[111.041,34.7282],[111.0286,34.7243],[111.016,34.7187],[111.0059,34.7125],[111.0012,34.7089],[110.9707,34.6823],[110.9628,34.6765],[110.9279,34.6552],[110.8716,34.6246],[110.8604,34.6197],[110.7994,34.5984],[110.7819,34.5933],[110.7732,34.5916],[110.6574,34.5738],[110.6385,34.574],[110.6107,34.5772],[110.5888,34.5781],[110.5438,34.5747],[110.5094,34.5756],[110.4988,34.5752],[110.4668,34.5703],[110.4479,34.5686],[110.4375,34.5689],[110.4021,34.5723],[110.3751,34.572],[110.3503,34.5733],[110.3329,34.5765],[110.2788,34.592],[110.2401,34.6013],[110.2237,34.6034],[110.2134,34.6034],[110.1555,34.5951],[110.1478,34.5937],[110.1194,34.5864],[110.1105,34.5851],[110.0713,34.582],[110.0618,34.5803],[110.0451,34.575],[110.0086,34.5594],[109.9987,34.5562],[109.9883,34.5539],[109.948,34.5477],[109.9245,34.5407],[109.9126,34.5381],[109.8964,34.5369],[109.8665,34.5373],[109.8003,34.5281],[109.7297,34.5231],[109.7141,34.5233],[109.7061,34.5242],[109.5706,34.5488],[109.5524,34.5502],[109.5345,34.5492],[109.3836,34.5177],[109.3755,34.5154],[109.3671,34.5122],[109.3584,34.5081],[109.3458,34.5],[109.2991,34.4589],[109.2912,34.4527],[109.2839,34.4481],[109.2712,34.4419],[109.1804,34.4069],[109.1652,34.4035],[109.1476,34.4021],[109.1356,34.4026],[109.1041,34.4062],[109.0946,34.4063],[109.0845,34.4055],[108.9831,34.3892],[108.9448,34.3796],[108.934,34.3777]]}},{"type":"Feature","properties":{"country":"China","line":"徐兰高速铁路","from":"西安北","to":"宝鸡南","dist_km":167.0,"fare_local":53.0,"currency":"CNY","local_per_km":0.3174,"usd_per_km":0.0454,"extra":{"n_fare_points":511,"overlap_trimmed":false},"from_en":"Xi'anbei","to_en":"Baoji South","line_en":"Xulan High-Speed Railway"},"geometry":{"type":"LineString","coordinates":[[108.934,34.3777],[108.9281,34.3754],[108.8436,34.3538],[108.8261,34.3503],[108.7568,34.3422],[108.7473,34.3429],[108.7282,34.3476],[108.7205,34.3479],[108.7141,34.3471],[108.6472,34.328],[108.6275,34.323],[108.5943,34.3127],[108.5834,34.3105],[108.5653,34.3085],[108.5565,34.3067],[108.543,34.302],[108.5308,34.2953],[108.5216,34.2879],[108.5099,34.275],[108.5032,34.2686],[108.4959,34.2632],[108.4856,34.2575],[108.4731,34.2529],[108.4393,34.2425],[108.4254,34.2401],[108.4143,34.2395],[108.2265,34.2412],[108.1361,34.2468],[108.07,34.2547],[108.006,34.2584],[107.9928,34.2588],[107.9495,34.2562],[107.9338,34.2563],[107.9173,34.2585],[107.8879,34.2658],[107.8716,34.2674],[107.8549,34.2664],[107.7859,34.255],[107.7682,34.2545],[107.759,34.2554],[107.6785,34.2679],[107.6241,34.2723],[107.5531,34.2858],[107.533,34.2906],[107.5229,34.2924],[107.4739,34.2963],[107.465,34.2978],[107.4526,34.3013],[107.4449,34.3048],[107.4186,34.3207],[107.4102,34.3248],[107.4006,34.3281],[107.3884,34.3308],[107.3795,34.3315],[107.3462,34.3317],[107.3201,34.3356],[107.3088,34.3363],[107.2754,34.334],[107.2345,34.3347],[107.2279,34.3356]]}},{"type":"Feature","properties":{"country":"China","line":"徐兰高速铁路","from":"宝鸡南","to":"兰州西","dist_km":401.0,"fare_local":151.0,"currency":"CNY","local_per_km":0.3766,"usd_per_km":0.0538,"extra":{"n_fare_points":521,"overlap_trimmed":false},"from_en":"Baoji South","to_en":"Lanzhouxi","line_en":"Xulan High-Speed Railway"},"geometry":{"type":"LineString","coordinates":[[107.2279,34.3356],[107.221,34.3349],[107.1888,34.3352],[107.1582,34.3317],[107.1497,34.3314],[107.1323,34.3334],[107.1002,34.3414],[107.0822,34.3437],[106.9435,34.3456],[106.9099,34.3465],[106.8594,34.3489],[106.8002,34.3527],[106.7324,34.3597],[106.6981,34.3639],[106.6856,34.3669],[106.6681,34.3735],[106.6115,34.4033],[106.6053,34.4074],[106.586,34.4236],[106.5745,34.4304],[106.5654,34.4339],[106.5417,34.4415],[106.5209,34.4469],[106.5097,34.4486],[106.4936,34.4498],[106.4325,34.4488],[106.3984,34.4495],[106.3833,34.4505],[106.3648,34.453],[106.3378,34.4591],[106.1897,34.4983],[106.1517,34.5099],[106.1133,34.5247],[106.086,34.5338],[106.0537,34.5411],[106.0316,34.5476],[106.0218,34.5498],[106.0085,34.5519],[105.994,34.5519],[105.9099,34.5417],[105.8913,34.5415],[105.8761,34.544],[105.8373,34.5544],[105.8179,34.5605],[105.803,34.5672],[105.7893,34.5776],[105.7843,34.5827],[105.7771,34.5936],[105.7645,34.6153],[105.7558,34.6267],[105.7347,34.6447],[105.689,34.6881],[105.6811,34.6978],[105.6754,34.708],[105.6722,34.7167],[105.6701,34.7279],[105.6627,34.7895],[105.661,34.7959],[105.6556,34.8108],[105.6534,34.8218],[105.6531,34.8326],[105.6568,34.8666],[105.6562,34.8801],[105.6553,34.8849],[105.6518,34.8965],[105.6484,34.904],[105.6437,34.9115],[105.6397,34.9163],[105.6342,34.9215],[105.6193,34.9327],[105.6099,34.9378],[105.5861,34.9483],[105.576,34.9534],[105.5663,34.9597],[105.5603,34.9648],[105.523,35.0029],[105.5083,35.0235],[105.5028,35.0305],[105.4975,35.0353],[105.394,35.1175],[105.3878,35.1242],[105.3678,35.1532],[105.3617,35.1597],[105.3538,35.166],[105.3447,35.1717],[105.3344,35.1766],[105.2937,35.1913],[105.2788,35.1944],[105.2357,35.1973],[105.218,35.2006],[105.2039,35.205],[105.1471,35.2258],[105.1315,35.2319],[105.1228,35.2361],[105.1159,35.2406],[105.1102,35.2452],[105.0938,35.2623],[105.0856,35.2694],[105.0492,35.2944],[105.0257,35.3137],[105.0073,35.3258],[104.8068,35.4384],[104.7918,35.4446],[104.7661,35.451],[104.7461,35.4583],[104.7204,35.4657],[104.7069,35.4708],[104.6976,35.4757],[104.6804,35.4873],[104.6388,35.5119],[104.632,35.5165],[104.6258,35.5214],[104.6147,35.532],[104.6107,35.5368],[104.6058,35.5447],[104.6013,35.5543],[104.5948,35.5804],[104.591,35.5906],[104.5743,35.6221],[104.5684,35.6306],[104.562,35.6379],[104.5552,35.6437],[104.5479,35.6486],[104.536,35.6547],[104.482,35.6758],[104.4528,35.6896],[104.286,35.7746],[104.2767,35.7799],[104.2201,35.818],[104.1952,35.8323],[104.1485,35.8669],[104.0796,35.908],[104.0691,35.9137],[104.0525,35.92],[104.0146,35.9283],[103.9981,35.934],[103.8501,36.001],[103.8425,36.0035],[103.8322,36.0058],[103.8066,36.0086],[103.797,36.0119],[103.792,36.0151],[103.7889,36.0181],[103.7863,36.0217],[103.7843,36.0259],[103.7802,36.0405],[103.781,36.0537],[103.7804,36.0565],[103.7787,36.0594],[103.7758,36.062],[103.7722,36.0636],[103.7536,36.0664],[103.7493,36.0676]]}},{"type":"Feature","properties":{"country":"China","line":"徐连高速铁路","from":"徐州东","to":"连云港","dist_km":185.0,"fare_local":90.0,"currency":"CNY","local_per_km":0.4865,"usd_per_km":0.0695,"extra":{"n_fare_points":138,"overlap_trimmed":false},"from_en":"Xuzhoudong","to_en":"Lianyungang","line_en":"Xulian High-Speed Railway"},"geometry":{"type":"LineString","coordinates":[[117.3002,34.2692],[117.3031,34.2629],[117.3101,34.2428],[117.3143,34.2356],[117.3356,34.214],[117.3406,34.2117],[117.3464,34.211],[117.3502,34.2117],[117.3659,34.2176],[117.3881,34.2241],[117.4127,34.2312],[117.4221,34.2332],[117.4329,34.2342],[117.4683,34.2338],[117.4772,34.2344],[117.5627,34.2482],[117.5731,34.2507],[117.6653,34.2777],[117.7035,34.283],[117.7328,34.2898],[117.8429,34.3043],[117.8918,34.3097],[117.9155,34.3137],[118.0224,34.3273],[118.0315,34.3281],[118.0525,34.3285],[118.075,34.3306],[118.1158,34.3299],[118.1995,34.3334],[118.2353,34.3309],[118.2619,34.3336],[118.2739,34.3337],[118.3544,34.3271],[118.3622,34.3273],[118.4054,34.3316],[118.4295,34.3376],[118.5039,34.364],[118.5517,34.3881],[118.5824,34.3995],[118.606,34.4121],[118.6159,34.4181],[118.6219,34.4226],[118.6311,34.4316],[118.6656,34.4741],[118.6747,34.4832],[118.6873,34.4919],[118.7015,34.4985],[118.7566,34.5154],[118.788,34.5242],[118.8024,34.5265],[118.847,34.53],[118.8614,34.533],[118.8725,34.5371],[118.9052,34.5531],[118.9119,34.5558],[118.9617,34.5705],[119.0514,34.5849],[119.0766,34.588],[119.0992,34.5931],[119.1248,34.5968],[119.1354,34.6002],[119.1519,34.6087],[119.1578,34.6101]]}},{"type":"Feature","properties":{"country":"China","line":"乌大高速铁路","from":"乌兰察布","to":"大同南","dist_km":123.0,"fare_local":56.0,"currency":"CNY","local_per_km":0.4553,"usd_per_km":0.0651,"extra":{"n_fare_points":126,"overlap_trimmed":false},"from_en":"Wulanchabu","to_en":"Datongnan","line_en":"Wuda High-Speed Railway"},"geometry":{"type":"LineString","coordinates":[[113.1524,40.9633],[113.1868,40.9655],[113.1983,40.9644],[113.2059,40.9619],[113.21,40.9592],[113.2136,40.9556],[113.2182,40.9502],[113.2216,40.9446],[113.223,40.9406],[113.225,40.9307],[113.2256,40.922],[113.2249,40.9156],[113.2226,40.9076],[113.2197,40.9015],[113.2156,40.8955],[113.2074,40.8871],[113.1823,40.8672],[113.1764,40.8609],[113.1708,40.8529],[113.1664,40.8433],[113.1374,40.7682],[113.1354,40.7612],[113.1344,40.7548],[113.1343,40.7463],[113.1421,40.6782],[113.1446,40.6679],[113.1555,40.633],[113.1568,40.6251],[113.1568,40.6179],[113.1537,40.5441],[113.1524,40.5324],[113.1504,40.5237],[113.1465,40.514],[113.1298,40.4846],[113.125,40.4723],[113.1238,40.4671],[113.1232,40.4587],[113.1235,40.4292],[113.1247,40.4193],[113.1273,40.4101],[113.1317,40.4005],[113.1388,40.39],[113.1455,40.3829],[113.1547,40.3752],[113.204,40.3405],[113.2194,40.3289],[113.2262,40.3224],[113.272,40.2727],[113.279,40.266],[113.2886,40.2591],[113.3195,40.2423],[113.3302,40.2355],[113.3392,40.2276],[113.347,40.2177],[113.3962,40.1177],[113.4104,40.0957],[113.4137,40.0844],[113.417,40.0595],[113.4168,40.0537],[113.415,40.0499],[113.4106,40.0461],[113.406,40.0443],[113.4003,40.0437],[113.3581,40.0436]]}},{"type":"Feature","properties":{"country":"China","line":"张大高速铁路","from":"怀安","to":"大同南","dist_km":121.0,"fare_local":54.0,"currency":"CNY","local_per_km":0.4463,"usd_per_km":0.0638,"extra":{"n_fare_points":71,"overlap_trimmed":false},"from_en":"Huai'an","to_en":"Datongnan","line_en":"Zhangda High-Speed Railway"},"geometry":{"type":"LineString","coordinates":[[114.3936,40.6844],[114.3608,40.6868],[114.3536,40.6861],[114.3394,40.6831],[114.3265,40.6784],[114.2914,40.6596],[114.2806,40.6522],[114.1747,40.5517],[114.167,40.5453],[114.1569,40.5382],[114.1404,40.5284],[114.1304,40.5196],[114.122,40.5115],[114.114,40.5021],[114.1015,40.4851],[114.096,40.4751],[114.0914,40.4684],[114.0883,40.4648],[114.0837,40.4609],[114.0745,40.4559],[114.0525,40.4486],[114.0117,40.4284],[113.9719,40.4168],[113.9658,40.4143],[113.9554,40.4082],[113.8993,40.37],[113.8942,40.3672],[113.8592,40.3515],[113.8517,40.3488],[113.8351,40.3448],[113.8272,40.3422],[113.8228,40.3402],[113.8157,40.3355],[113.7911,40.3088],[113.7678,40.2886],[113.734,40.2689],[113.676,40.2292],[113.6199,40.1896],[113.6159,40.1846],[113.6117,40.1774],[113.602,40.1436],[113.5994,40.1386],[113.5964,40.1344],[113.5885,40.127],[113.5631,40.11],[113.5533,40.1006],[113.5484,40.0937],[113.527,40.0564],[113.5227,40.0501],[113.5152,40.0423],[113.5113,40.0394],[113.5011,40.0347],[113.4951,40.0327],[113.4845,40.0307],[113.4755,40.0305],[113.4622,40.0322],[113.4388,40.0403],[113.4282,40.0426],[113.4176,40.0433],[113.3581,40.0436]]}},{"type":"Feature","properties":{"country":"China","line":"大西高速铁路","from":"大同南","to":"太原南","dist_km":297.0,"fare_local":103.0,"currency":"CNY","local_per_km":0.3468,"usd_per_km":0.0496,"extra":{"n_fare_points":395,"overlap_trimmed":false},"from_en":"Datongnan","to_en":"Taiyuannan","line_en":"Daxi High-Speed Railway"},"geometry":{"type":"LineString","coordinates":[[113.3581,40.0436],[113.3322,40.0429],[113.3265,40.0414],[113.3196,40.038],[113.3155,40.0346],[113.2934,40.0089],[113.2902,40.0042],[113.2812,39.9875],[113.2778,39.9829],[113.2722,39.9774],[113.2652,39.9724],[113.2572,39.9683],[113.2505,39.9659],[113.2327,39.9618],[113.2257,39.9593],[113.2188,39.9554],[113.2131,39.95],[113.2087,39.9427],[113.2076,39.9388],[113.2072,39.9338],[113.2087,39.9047],[113.2136,39.8875],[113.2146,39.8771],[113.2128,39.8668],[113.2084,39.8572],[113.1921,39.8368],[113.1702,39.8065],[113.1209,39.7523],[113.1113,39.743],[113.089,39.726],[113.0712,39.7067],[113.0637,39.6964],[113.054,39.6751],[113.0483,39.6657],[113.041,39.6573],[113.0149,39.6326],[112.9878,39.5999],[112.9809,39.5937],[112.8975,39.5259],[112.8879,39.5204],[112.8556,39.5055],[112.8081,39.478],[112.7994,39.472],[112.7917,39.4654],[112.7763,39.4484],[112.7574,39.4314],[112.7397,39.411],[112.7295,39.4025],[112.7193,39.3963],[112.6985,39.3861],[112.6568,39.3701],[112.6307,39.3557],[112.6259,39.3524],[112.6134,39.34],[112.6038,39.3272],[112.5806,39.2782],[112.5784,39.2698],[112.5776,39.262],[112.5781,39.2544],[112.5803,39.2451],[112.5825,39.2397],[112.5877,39.2313],[112.5948,39.2221],[112.601,39.2157],[112.6072,39.2114],[112.6176,39.2068],[112.6873,39.1859],[112.7021,39.1805],[112.7098,39.1765],[112.7161,39.1716],[112.7963,39.1007],[112.7999,39.0967],[112.8023,39.0927],[112.8041,39.0877],[112.8048,39.0825],[112.8039,39.0749],[112.8014,39.0669],[112.7811,39.0291],[112.7566,38.9693],[112.7253,38.8645],[112.7214,38.8533],[112.717,38.8454],[112.6941,38.8099],[112.6791,38.7749],[112.6613,38.7158],[112.6593,38.7072],[112.6573,38.6292],[112.6559,38.6198],[112.6476,38.5843],[112.6469,38.5764],[112.6472,38.5674],[112.6486,38.5583],[112.6557,38.5331],[112.6636,38.5131],[112.6808,38.4801],[112.6839,38.4716],[112.6856,38.4602],[112.6866,38.412],[112.6864,38.4021],[112.6844,38.3869],[112.6708,38.3472],[112.6622,38.3013],[112.6519,38.2617],[112.6415,38.2064],[112.6414,38.1965],[112.6428,38.1874],[112.6456,38.1793],[112.6588,38.1494],[112.6613,38.1374],[112.6614,38.1266],[112.6607,38.1218],[112.658,38.1133],[112.631,38.0485],[112.6268,38.0411],[112.6144,38.0255],[112.6116,38.0212],[112.61,38.016],[112.6084,38.0032],[112.6059,37.9978],[112.6036,37.9947],[112.5987,37.9903],[112.5764,37.9761],[112.5702,37.971],[112.5614,37.9621],[112.5594,37.958],[112.5588,37.9545],[112.5591,37.9482],[112.56,37.9436],[112.5607,37.9131],[112.5617,37.9113],[112.5675,37.9061],[112.576,37.9024],[112.5799,37.8953],[112.5813,37.867],[112.5822,37.8614],[112.5825,37.8531],[112.5836,37.849],[112.5836,37.8391],[112.5861,37.8323],[112.5859,37.8297],[112.5838,37.8241],[112.5857,37.8135],[112.5875,37.8092],[112.5904,37.8045],[112.5981,37.7967],[112.6048,37.7913]]}},{"type":"Feature","properties":{"country":"China","line":"大西高速铁路","from":"太原南","to":"运城北","dist_km":356.0,"fare_local":112.0,"currency":"CNY","local_per_km":0.3146,"usd_per_km":0.045,"extra":{"n_fare_points":366,"overlap_trimmed":false},"from_en":"Taiyuannan","to_en":"Yunchengbei","line_en":"Daxi High-Speed Railway"},"geometry":{"type":"LineString","coordinates":[[112.6048,37.7913],[112.6159,37.7826],[112.6274,37.7747],[112.6426,37.766],[112.6536,37.7611],[112.6711,37.7464],[112.6731,37.7429],[112.6739,37.7383],[112.6717,37.7278],[112.6699,37.7115],[112.6682,37.7064],[112.664,37.7019],[112.6131,37.6735],[112.6045,37.6678],[112.5942,37.6581],[112.59,37.6527],[112.586,37.6462],[112.582,37.6359],[112.5803,37.6247],[112.5807,37.548],[112.5794,37.5357],[112.5768,37.5269],[112.5729,37.5184],[112.5562,37.4923],[112.552,37.4867],[112.5471,37.4813],[112.5395,37.4746],[112.4547,37.4129],[112.3782,37.349],[112.3113,37.2839],[112.2705,37.2504],[112.2508,37.2366],[112.2445,37.2312],[112.2395,37.2261],[112.2092,37.1904],[112.1994,37.1812],[112.193,37.1767],[112.185,37.1723],[112.1223,37.145],[112.0555,37.1086],[112.0358,37.0942],[111.961,37.0363],[111.953,37.0283],[111.9459,37.0186],[111.9403,37.0058],[111.9384,36.998],[111.9374,36.9887],[111.9362,36.9456],[111.9352,36.9372],[111.9256,36.9061],[111.9215,36.8971],[111.8753,36.8269],[111.8687,36.8104],[111.8682,36.8069],[111.8684,36.7999],[111.8741,36.7445],[111.8742,36.7354],[111.8559,36.6611],[111.8541,36.6514],[111.851,36.6238],[111.8496,36.6014],[111.8482,36.5932],[111.8452,36.5854],[111.8422,36.5797],[111.8192,36.5474],[111.8136,36.5368],[111.811,36.5282],[111.8057,36.493],[111.8025,36.4816],[111.7818,36.4239],[111.7761,36.4143],[111.7674,36.403],[111.7639,36.3963],[111.7618,36.3904],[111.758,36.3729],[111.7558,36.3663],[111.7501,36.3563],[111.7463,36.3517],[111.7397,36.3456],[111.7304,36.3394],[111.7157,36.3333],[111.6851,36.3276],[111.6723,36.3235],[111.666,36.3206],[111.6485,36.3102],[111.6031,36.2818],[111.593,36.2732],[111.5219,36.1991],[111.4862,36.1684],[111.4826,36.1645],[111.4773,36.1571],[111.4723,36.1465],[111.4484,36.0676],[111.4456,36.0621],[111.4343,36.0445],[111.4305,36.0393],[111.4193,36.027],[111.4115,36.0152],[111.4078,36.0063],[111.4,35.9821],[111.396,35.9666],[111.3933,35.9597],[111.3887,35.9512],[111.3727,35.9168],[111.345,35.8757],[111.3411,35.8686],[111.3223,35.8142],[111.3035,35.773],[111.2986,35.7495],[111.2853,35.6765],[111.2807,35.5738],[111.2815,35.5565],[111.2859,35.5356],[111.2863,35.5245],[111.2843,35.5116],[111.282,35.5044],[111.2757,35.4903],[111.2664,35.4778],[111.2604,35.4676],[111.2517,35.4554],[111.2142,35.3883],[111.2022,35.3734],[111.1837,35.3538],[111.1755,35.3412],[111.168,35.3279],[111.1612,35.3176],[111.1566,35.3121],[111.1304,35.2897],[111.1241,35.2829],[111.1187,35.2758],[111.0948,35.2251],[111.0686,35.1873],[111.0596,35.1768],[111.0008,35.1266],[110.9863,35.1105],[110.9791,35.1017],[110.9784,35.0997]]}},{"type":"Feature","properties":{"country":"China","line":"大西高速铁路","from":"运城北","to":"西安北","dist_km":215.0,"fare_local":68.0,"currency":"CNY","local_per_km":0.3163,"usd_per_km":0.0452,"extra":{"n_fare_points":210,"overlap_trimmed":false},"from_en":"Yunchengbei","to_en":"Xi'anbei","line_en":"Daxi High-Speed Railway"},"geometry":{"type":"LineString","coordinates":[[110.9784,35.0997],[110.9735,35.095],[110.9595,35.0784],[110.9537,35.0732],[110.9344,35.0593],[110.9199,35.0522],[110.9066,35.0484],[110.8998,35.0473],[110.8687,35.0452],[110.827,35.0395],[110.8146,35.0389],[110.7798,35.039],[110.6691,35.0295],[110.5478,35.0242],[110.3836,35.03],[110.3669,35.0325],[110.3056,35.0449],[110.2929,35.0469],[110.2781,35.0471],[110.2719,35.0465],[110.2596,35.044],[110.2511,35.0412],[110.2443,35.0374],[110.1773,34.9948],[110.1393,34.9698],[110.1317,34.9646],[110.113,34.9491],[110.1046,34.9433],[110.0905,34.9364],[110.0559,34.9231],[110.0407,34.9146],[109.9823,34.873],[109.9402,34.8489],[109.8503,34.7884],[109.8341,34.7765],[109.7633,34.721],[109.7551,34.7135],[109.7391,34.6951],[109.7317,34.6887],[109.7135,34.6762],[109.6554,34.6335],[109.6283,34.6156],[109.6056,34.5966],[109.5588,34.5621],[109.543,34.5534],[109.5281,34.5485],[109.3856,34.5185],[109.3698,34.5136],[109.3558,34.5069],[109.3456,34.5002],[109.3104,34.4696],[109.2779,34.446],[109.2664,34.4404],[109.237,34.429],[109.2132,34.4213],[109.1916,34.4112],[109.179,34.4068],[109.1647,34.4036],[109.1507,34.4024],[109.137,34.4027],[109.1046,34.4064],[109.0953,34.4065],[109.0846,34.4057],[108.983,34.3893],[108.9604,34.3844],[108.9476,34.3805],[108.934,34.3777]]}},{"type":"Feature","properties":{"country":"China","line":"包西高速铁路","from":"延安","to":"西安北","dist_km":297.0,"fare_local":156.0,"currency":"CNY","local_per_km":0.5253,"usd_per_km":0.0751,"extra":{"n_fare_points":207,"overlap_trimmed":false},"from_en":"Yanan","to_en":"Xi'anbei","line_en":"Baoxi High-Speed Railway"},"geometry":{"type":"LineString","coordinates":[[109.4761,36.5567],[109.4668,36.5365],[109.4664,36.5325],[109.4671,36.523],[109.466,36.5141],[109.4568,36.4953],[109.4486,36.4823],[109.354,36.3643],[109.3431,36.348],[109.338,36.3381],[109.3344,36.3256],[109.3333,36.3136],[109.3332,36.3072],[109.3343,36.2991],[109.3443,36.2645],[109.3459,36.2512],[109.3452,36.2373],[109.3427,36.2211],[109.3384,36.1961],[109.333,36.174],[109.3329,36.1636],[109.3354,36.1527],[109.3393,36.1432],[109.3462,36.1307],[109.3497,36.1254],[109.3555,36.1187],[109.3866,36.0884],[109.3939,36.0789],[109.3975,36.0721],[109.4135,36.0312],[109.4301,36.0022],[109.4337,35.9897],[109.4341,35.9802],[109.4325,35.969],[109.4099,35.8932],[109.4084,35.8862],[109.4075,35.877],[109.4079,35.8713],[109.4091,35.8652],[109.4134,35.8535],[109.4401,35.8054],[109.4428,35.799],[109.4446,35.7918],[109.4455,35.7829],[109.4453,35.7762],[109.4388,35.7459],[109.4359,35.7241],[109.4342,35.7172],[109.43,35.7089],[109.4233,35.7009],[109.4155,35.6945],[109.4058,35.689],[109.3775,35.675],[109.3569,35.6696],[109.3348,35.6627],[109.2698,35.6419],[109.2593,35.6379],[109.2479,35.6316],[109.2394,35.6253],[109.2317,35.6181],[109.224,35.6079],[109.1911,35.5517],[109.187,35.5435],[109.1624,35.4778],[109.16,35.4679],[109.1568,35.4481],[109.1523,35.4363],[109.1476,35.4287],[109.143,35.423],[109.1198,35.3999],[109.1072,35.386],[109.1013,35.3773],[109.097,35.3674],[109.0947,35.3592],[109.0929,35.348],[109.0829,35.1758],[109.0811,35.1668],[109.0762,35.1507],[109.0647,35.1227],[109.0596,35.1124],[109.0529,35.1018],[109.0258,35.0653],[109.0066,35.0378],[108.9653,34.9949],[108.9575,34.9856],[108.9504,34.9728],[108.9479,34.9659],[108.9464,34.9587],[108.9457,34.9482],[108.9463,34.9407],[108.9488,34.9307],[108.9535,34.92],[108.9804,34.8807],[108.9872,34.8734],[109.0051,34.8568],[109.0138,34.8509],[109.0248,34.8456],[109.0709,34.8312],[109.1079,34.8249],[109.1665,34.8198],[109.1797,34.8166],[109.1923,34.8113],[109.2007,34.8062],[109.2097,34.799],[109.2158,34.7922],[109.2219,34.7826],[109.2257,34.7734],[109.2277,34.764],[109.228,34.7551],[109.2265,34.7451],[109.2219,34.7331],[109.1974,34.6943],[109.1889,34.6756],[109.1766,34.6562],[109.1623,34.6267],[109.1586,34.6157],[109.1563,34.5957],[109.1537,34.5857],[109.135,34.546],[109.1315,34.5373],[109.1298,34.5296],[109.1293,34.5238],[109.1283,34.4823],[109.1213,34.4191],[109.1201,34.4143],[109.1115,34.3889],[109.1109,34.3874],[109.1056,34.3776],[109.1113,34.3879],[109.114,34.3961],[109.1141,34.3967],[109.1144,34.3981],[109.1147,34.4016],[109.114,34.4047],[109.1117,34.4074],[109.1088,34.4088],[109.1054,34.4092],[108.9807,34.3892],[108.9404,34.3804],[108.934,34.3777]]}},{"type":"Feature","properties":{"country":"China","line":"银西高速铁路","from":"吴忠","to":"庆阳","dist_km":310.0,"fare_local":133.0,"currency":"CNY","local_per_km":0.429,"usd_per_km":0.0613,"extra":{"n_fare_points":141,"overlap_trimmed":false},"from_en":"Wuzhong","to_en":"Qingyang","line_en":"Yinxi High-Speed Railway"},"geometry":{"type":"LineString","coordinates":[[106.2455,37.9755],[106.2463,37.9605],[106.2461,37.9315],[106.2471,37.9234],[106.2504,37.9065],[106.2539,37.8942],[106.2583,37.8858],[106.264,37.878],[106.3102,37.8294],[106.3293,37.8066],[106.3545,37.7814],[106.3733,37.7661],[106.4015,37.7395],[106.4444,37.7048],[106.5219,37.6517],[106.5314,37.6444],[106.5384,37.637],[106.5516,37.6196],[106.5933,37.582],[106.5979,37.5771],[106.6561,37.5051],[106.6836,37.4614],[106.6881,37.453],[106.7003,37.4218],[106.7073,37.3909],[106.7105,37.3808],[106.7345,37.3364],[106.7379,37.3262],[106.7518,37.2737],[106.7662,37.2388],[106.7686,37.2273],[106.7708,37.2076],[106.7753,37.1941],[106.7793,37.1864],[106.8147,37.1279],[106.8224,37.1167],[106.8276,37.1111],[106.835,37.1043],[106.8895,37.0634],[106.9008,37.0573],[106.9373,37.0441],[106.9641,37.0318],[106.9939,37.0141],[107.0036,37.0064],[107.0097,36.9999],[107.0209,36.9846],[107.0264,36.9742],[107.0293,36.9645],[107.0327,36.9439],[107.0347,36.9375],[107.0382,36.9302],[107.0454,36.92],[107.0762,36.8859],[107.0829,36.8776],[107.0894,36.8662],[107.0962,36.849],[107.1027,36.8375],[107.1087,36.8298],[107.1186,36.8202],[107.1496,36.7986],[107.1585,36.7915],[107.1664,36.7833],[107.1727,36.7748],[107.1811,36.7604],[107.1851,36.7498],[107.1865,36.7399],[107.1866,36.7195],[107.1874,36.7141],[107.1898,36.7062],[107.1934,36.6986],[107.2153,36.6623],[107.2211,36.6557],[107.2453,36.6337],[107.2669,36.6119],[107.2757,36.6054],[107.2929,36.5949],[107.2967,36.5912],[107.3249,36.5563],[107.3334,36.5485],[107.3559,36.5318],[107.4062,36.4795],[107.4156,36.4675],[107.4267,36.4515],[107.4304,36.4448],[107.4714,36.3484],[107.5017,36.2986],[107.5097,36.2881],[107.5198,36.2786],[107.5317,36.2696],[107.5397,36.2643],[107.5486,36.2598],[107.5631,36.2544],[107.5737,36.252],[107.5977,36.2481],[107.6072,36.2452],[107.6187,36.24],[107.6612,36.2167],[107.6682,36.2113],[107.6754,36.2041],[107.6973,36.1733],[107.7164,36.1508],[107.7233,36.1436],[107.7286,36.1391],[107.7486,36.1258],[107.7563,36.1197],[107.7658,36.11],[107.7722,36.101],[107.793,36.0595],[107.795,36.0541],[107.7954,36.0498],[107.7949,36.0402],[107.7918,36.0258],[107.791,36.004],[107.7836,35.982],[107.7696,35.9654],[107.7512,35.9454],[107.7442,35.9366],[107.7294,35.9231],[107.6974,35.902],[107.6463,35.8785],[107.6407,35.8753],[107.6367,35.8727],[107.6293,35.8643],[107.6264,35.86],[107.6193,35.8406],[107.6173,35.833],[107.6169,35.8264],[107.6185,35.8062],[107.6183,35.7985],[107.6166,35.7899],[107.6121,35.7739],[107.6111,35.7661],[107.6125,35.7318],[107.6134,35.7246],[107.6165,35.7134],[107.6209,35.7005],[107.6235,35.695]]}},{"type":"Feature","properties":{"country":"China","line":"银西高速铁路","from":"庆阳","to":"西安北","dist_km":233.0,"fare_local":101.0,"currency":"CNY","local_per_km":0.4335,"usd_per_km":0.0619,"extra":{"n_fare_points":219,"overlap_trimmed":false},"from_en":"Qingyang","to_en":"Xi'anbei","line_en":"Yinxi High-Speed Railway"},"geometry":{"type":"LineString","coordinates":[[107.6235,35.695],[107.625,35.6883],[107.6298,35.6749],[107.6421,35.6509],[107.6502,35.6387],[107.6606,35.621],[107.6734,35.6043],[107.692,35.5671],[107.7008,35.5562],[107.7089,35.5491],[107.7172,35.5438],[107.7289,35.5385],[107.7369,35.536],[107.7598,35.5307],[107.7683,35.528],[107.7763,35.5245],[107.7961,35.5137],[107.8158,35.507],[107.8496,35.4967],[107.8667,35.4952],[107.8974,35.4945],[107.9132,35.4922],[107.9334,35.4864],[107.9908,35.4677],[108.0213,35.4568],[108.0297,35.4529],[108.0423,35.4455],[108.0522,35.4379],[108.096,35.3919],[108.1196,35.3575],[108.1427,35.3219],[108.145,35.3174],[108.1605,35.2786],[108.1637,35.2683],[108.166,35.2576],[108.1674,35.2449],[108.1681,35.2159],[108.1674,35.1916],[108.1655,35.1809],[108.1638,35.1749],[108.1606,35.1683],[108.1463,35.146],[108.122,35.0834],[108.1178,35.0694],[108.1175,35.0607],[108.1231,35.0141],[108.1245,34.9763],[108.1239,34.9389],[108.1293,34.8981],[108.108,34.7883],[108.1017,34.7525],[108.1012,34.7396],[108.1032,34.7261],[108.1231,34.6657],[108.1285,34.6541],[108.1364,34.6401],[108.1394,34.6318],[108.1413,34.6227],[108.1431,34.6014],[108.1454,34.5926],[108.1486,34.5848],[108.1632,34.5567],[108.1692,34.547],[108.1746,34.5407],[108.1809,34.5352],[108.1919,34.5283],[108.2033,34.5231],[108.2175,34.5178],[108.2265,34.5155],[108.256,34.5111],[108.3008,34.4996],[108.316,34.4939],[108.3416,34.4804],[108.3531,34.4755],[108.3614,34.4729],[108.4336,34.4548],[108.4629,34.4508],[108.4769,34.4502],[108.5469,34.4562],[108.5649,34.456],[108.5779,34.4545],[108.5896,34.4522],[108.6364,34.4393],[108.6451,34.4364],[108.6532,34.4324],[108.7042,34.3963],[108.7091,34.3938],[108.7219,34.3907],[108.7352,34.385],[108.7417,34.3838],[108.75,34.3845],[108.7637,34.3895],[108.7684,34.3903],[108.7742,34.3901],[108.7808,34.3883],[108.7994,34.3768],[108.8163,34.3585],[108.8208,34.3556],[108.8255,34.3539],[108.8311,34.3532],[108.8351,34.3534],[108.8616,34.3589],[108.9158,34.3728],[108.9272,34.3769],[108.934,34.3777]]}},{"type":"Feature","properties":{"country":"China","line":"石济高速铁路","from":"石家庄","to":"济南东","dist_km":307.0,"fare_local":110.0,"currency":"CNY","local_per_km":0.3583,"usd_per_km":0.0512,"extra":{"n_fare_points":393,"overlap_trimmed":false},"from_en":"Shijiazhuang","to_en":"Jinandong","line_en":"Shiji High-Speed Railway"},"geometry":{"type":"LineString","coordinates":[[114.4781,38.0095],[114.4803,38.0163],[114.4815,38.0242],[114.487,38.0451],[114.4915,38.0656],[114.4932,38.0679],[114.4965,38.0691],[114.517,38.0666],[114.5295,38.0661],[114.5573,38.0635],[114.6807,38.0384],[114.755,38.0278],[114.7675,38.0241],[114.7776,38.0195],[114.7849,38.015],[114.8062,37.9992],[114.8148,37.9946],[114.8235,37.9914],[114.874,37.9788],[115.2239,37.876],[115.3025,37.8455],[115.4946,37.7818],[115.5043,37.7796],[115.5143,37.7783],[115.5572,37.7777],[115.6222,37.772],[115.7005,37.7733],[115.7362,37.7757],[115.7524,37.7746],[115.7647,37.7724],[115.7756,37.7693],[115.8671,37.7377],[115.9102,37.7167],[115.9241,37.7114],[115.9335,37.7087],[116.0243,37.6874],[116.0374,37.6825],[116.072,37.6651],[116.0855,37.6598],[116.185,37.6287],[116.2793,37.6055],[116.3595,37.5788],[116.3719,37.5737],[116.382,37.5682],[116.3893,37.5632],[116.437,37.5264],[116.4428,37.521],[116.4498,37.5129],[116.4567,37.5012],[116.4589,37.4959],[116.4611,37.4878],[116.4621,37.4748],[116.4608,37.4644],[116.4547,37.4421],[116.454,37.4341],[116.461,37.3837],[116.4626,37.3765],[116.4657,37.3685],[116.4852,37.3364],[116.5018,37.3142],[116.5174,37.2908],[116.5226,37.2845],[116.5402,37.2658],[116.5672,37.2277],[116.5941,37.1948],[116.6162,37.1577],[116.6498,37.1138],[116.6684,37.0853],[116.6949,37.0498],[116.7359,36.9877],[116.7782,36.9372],[116.804,36.897],[116.8344,36.8616],[116.8436,36.8534],[116.8813,36.8268],[116.9403,36.7977],[116.9641,36.782],[116.9764,36.7763],[116.9844,36.7739],[116.9918,36.7726],[117.0011,36.7719],[117.0085,36.7722],[117.0193,36.7737],[117.0502,36.7824],[117.0579,36.7831],[117.0652,36.7825],[117.0857,36.7769],[117.0928,36.7739],[117.0995,36.7692],[117.1106,36.7575],[117.1151,36.7544],[117.1205,36.7518],[117.1295,36.7495],[117.1539,36.7485]]}},{"type":"Feature","properties":{"country":"China","line":"石太高速铁路","from":"石家庄","to":"太原南","dist_km":232.0,"fare_local":71.0,"currency":"CNY","local_per_km":0.306,"usd_per_km":0.0437,"extra":{"n_fare_points":390,"overlap_trimmed":false},"from_en":"Shijiazhuang","to_en":"Taiyuannan","line_en":"Shitai High-Speed Railway"},"geometry":{"type":"LineString","coordinates":[[114.4781,38.0095],[114.4776,38.0033],[114.4751,37.9949],[114.4732,37.9795],[114.4717,37.9745],[114.4689,37.9686],[114.4664,37.9657],[114.4628,37.9634],[114.4578,37.9622],[114.4536,37.9624],[114.4502,37.9634],[114.4228,37.9737],[114.4108,37.9793],[114.4041,37.9816],[114.3759,37.9855],[114.3351,37.9944],[114.3275,37.9975],[114.3211,38.0011],[114.2711,38.039],[114.2578,38.048],[114.2459,38.0536],[114.2212,38.0627],[114.1901,38.0688],[114.1776,38.0733],[114.167,38.0799],[114.1286,38.1117],[114.0837,38.1422],[114.0712,38.1476],[114.0631,38.1495],[114.0497,38.1515],[114.0408,38.152],[114.0078,38.1516],[113.9171,38.1525],[113.7859,38.1473],[113.4528,38.1154],[113.3816,38.1139],[113.356,38.1117],[113.3478,38.1103],[113.3407,38.1082],[113.3335,38.105],[113.3253,38.1],[113.2827,38.0615],[113.2704,38.0537],[113.2595,38.0499],[113.221,38.0402],[113.1594,38.0259],[113.1417,38.0245],[113.0759,38.0253],[113.0661,38.026],[113.0564,38.0279],[113.0477,38.0307],[113.0275,38.0408],[113.0184,38.0443],[113.0083,38.0468],[112.9977,38.0481],[112.9741,38.0474],[112.9625,38.0463],[112.9541,38.0448],[112.9145,38.0348],[112.893,38.0305],[112.8812,38.0293],[112.8659,38.0306],[112.8446,38.0363],[112.8334,38.0383],[112.8224,38.0392],[112.8095,38.0389],[112.7975,38.0374],[112.787,38.0348],[112.7425,38.0205],[112.7201,38.0128],[112.7017,38.004],[112.6913,38.0001],[112.6822,37.9979],[112.6705,37.9967],[112.643,37.9974],[112.631,37.9966],[112.6178,37.9937],[112.5908,37.9839],[112.5822,37.9797],[112.5738,37.9739],[112.5635,37.9645],[112.5601,37.9594],[112.5589,37.9537],[112.5604,37.9372],[112.5608,37.9253],[112.5604,37.9135],[112.5614,37.9113],[112.5668,37.9063],[112.5755,37.9027],[112.5797,37.8953],[112.5823,37.8532],[112.5807,37.8473],[112.5815,37.8406],[112.5811,37.8338],[112.5852,37.8142],[112.5888,37.8062],[112.5992,37.7954],[112.6048,37.7913]]}},{"type":"Feature","properties":{"country":"China","line":"济青高速铁路","from":"济南东","to":"红岛","dist_km":305.0,"fare_local":148.0,"currency":"CNY","local_per_km":0.4852,"usd_per_km":0.0693,"extra":{"n_fare_points":1144,"overlap_trimmed":false},"from_en":"Jinandong","to_en":"Hongdao","line_en":"Jiqing High-Speed Railway"},"geometry":{"type":"LineString","coordinates":[[117.1539,36.7485],[117.1826,36.7477],[117.1926,36.7483],[117.2058,36.7508],[117.2308,36.7581],[117.244,36.7595],[117.2534,36.7595],[117.291,36.7566],[117.3074,36.758],[117.3681,36.771],[117.3852,36.7772],[117.4059,36.7895],[117.4182,36.7953],[117.4353,36.8006],[117.4504,36.8029],[117.4628,36.8033],[117.5345,36.7996],[117.5899,36.8037],[117.6067,36.8021],[117.6803,36.7906],[117.6964,36.791],[117.7566,36.7974],[117.7656,36.7989],[117.774,36.801],[117.7855,36.8053],[117.7985,36.8122],[117.8095,36.8203],[117.8318,36.8443],[117.841,36.8519],[117.8551,36.8597],[117.874,36.8669],[117.9378,36.8878],[117.9473,36.8897],[117.9639,36.8916],[118.0666,36.8983],[118.0731,36.8993],[118.0822,36.9015],[118.0961,36.9065],[118.1028,36.91],[118.1229,36.923],[118.1384,36.93],[118.1451,36.9323],[118.1543,36.9344],[118.161,36.9355],[118.1744,36.9365],[118.2405,36.9323],[118.2512,36.9314],[118.2639,36.929],[118.2709,36.9269],[118.305,36.9138],[118.3737,36.8949],[118.4146,36.8757],[118.4805,36.8532],[118.4908,36.8502],[118.6299,36.8178],[118.6433,36.8147],[118.6571,36.8125],[118.7361,36.8076],[118.7676,36.8041],[118.7798,36.8044],[118.8155,36.8073],[118.8573,36.8035],[119.0553,36.8017],[119.1033,36.8037],[119.1117,36.8032],[119.1229,36.8015],[119.1437,36.7968],[119.1532,36.7958],[119.2109,36.7958],[119.2274,36.7943],[119.2404,36.7915],[119.2528,36.7872],[119.2647,36.7813],[119.2735,36.7755],[119.2801,36.77],[119.288,36.7619],[119.3249,36.7196],[119.3308,36.7143],[119.3391,36.7083],[119.3508,36.702],[119.3746,36.6929],[119.4024,36.6797],[119.4097,36.6753],[119.4645,36.6374],[119.4736,36.6329],[119.5181,36.6142],[119.565,36.588],[119.6252,36.5655],[119.6511,36.5531],[119.6613,36.5489],[119.7652,36.5209],[119.9448,36.452],[119.9608,36.4456],[119.9709,36.4403],[119.9814,36.4329],[120.015,36.4064],[120.0192,36.404],[120.0256,36.4016],[120.0445,36.3982],[120.0505,36.396],[120.0555,36.396],[120.0643,36.3945],[120.0717,36.3917],[120.0774,36.3873],[120.0805,36.383],[120.095,36.3461],[120.0996,36.3379],[120.1074,36.3264],[120.1098,36.3215],[120.1118,36.3162],[120.1155,36.3019],[120.132,36.2635],[120.1355,36.2574],[120.1407,36.2503],[120.1469,36.2454],[120.1509,36.2438],[120.1565,36.2426],[120.1707,36.2436],[120.1865,36.2459]]}},{"type":"Feature","properties":{"country":"China","line":"胶济客运专线","from":"济南","to":"青岛","dist_km":393.0,"fare_local":148.0,"currency":"CNY","local_per_km":0.3766,"usd_per_km":0.0538,"extra":{"n_fare_points":1144,"overlap_trimmed":false},"from_en":"Jinan","to_en":"Qingdao","line_en":"Jiaoji Passenger Line"},"geometry":{"type":"LineString","coordinates":[[116.9852,36.6708],[116.9939,36.673],[116.9998,36.6768],[117.0305,36.6828],[117.0612,36.6931],[117.0836,36.7029],[117.1018,36.708],[117.1091,36.7084],[117.1239,36.707],[117.1505,36.7109],[117.1582,36.713],[117.169,36.7189],[117.1783,36.721],[117.1843,36.7208],[117.1964,36.7184],[117.2132,36.7196],[117.2305,36.7171],[117.2374,36.7172],[117.2435,36.7187],[117.2573,36.725],[117.2699,36.7283],[117.2979,36.7332],[117.3186,36.7347],[117.3284,36.7334],[117.3327,36.7316],[117.346,36.7236],[117.3514,36.722],[117.3577,36.7213],[117.3633,36.7217],[117.3782,36.7244],[117.3929,36.724],[117.4191,36.7246],[117.4358,36.724],[117.4511,36.7254],[117.4618,36.7271],[117.4679,36.7273],[117.4747,36.7267],[117.5106,36.7164],[117.5174,36.7131],[117.5302,36.7052],[117.5373,36.7027],[117.5437,36.7016],[117.5658,36.7013],[117.5718,36.7024],[117.5934,36.7088],[117.6054,36.7094],[117.6142,36.708],[117.6391,36.699],[117.6554,36.6951],[117.6697,36.6904],[117.6927,36.6863],[117.6979,36.6858],[117.7061,36.6864],[117.7266,36.6909],[117.7342,36.6917],[117.7417,36.6913],[117.7594,36.6885],[117.7669,36.6886],[117.7754,36.6904],[117.7858,36.6951],[117.7902,36.6964],[117.7979,36.6975],[117.81,36.6969],[117.816,36.6974],[117.8229,36.6991],[117.8292,36.7021],[117.8357,36.7074],[117.8493,36.726],[117.8561,36.7319],[117.8615,36.7345],[117.8674,36.7363],[117.8873,36.7386],[117.894,36.7412],[117.8985,36.744],[117.9029,36.748],[117.9061,36.7527],[117.9165,36.7788],[117.9208,36.7847],[117.9252,36.7885],[117.9308,36.7916],[117.9459,36.7957],[117.9519,36.7964],[117.9703,36.7966],[117.9992,36.7944],[118.0298,36.7943],[118.0378,36.7927],[118.0765,36.78],[118.0913,36.7795],[118.1109,36.7779],[118.1194,36.779],[118.1687,36.7912],[118.1961,36.7948],[118.2086,36.7974],[118.2159,36.798],[118.2511,36.7982],[118.2769,36.8032],[118.3046,36.8045],[118.3245,36.8035],[118.3306,36.8019],[118.3442,36.7957],[118.3591,36.7943],[118.3646,36.7932],[118.3708,36.7905],[118.3807,36.7829],[118.3895,36.7795],[118.3961,36.7788],[118.413,36.7793],[118.4229,36.7788],[118.509,36.7707],[118.524,36.7682],[118.5351,36.7654],[118.5424,36.7628],[118.5544,36.7578],[118.5712,36.7492],[118.5794,36.746],[118.588,36.7437],[118.5956,36.7425],[118.6341,36.7391],[118.6892,36.731],[118.7895,36.7136],[118.808,36.7133],[118.8627,36.7088],[118.8803,36.7084],[118.8938,36.7062],[118.9085,36.7026],[118.9187,36.7016],[118.9879,36.7082],[119.0221,36.7121],[119.0365,36.7115],[119.0638,36.7077],[119.0718,36.7056],[119.0881,36.6984],[119.1172,36.6806],[119.1246,36.6773],[119.1999,36.6597],[119.2186,36.658],[119.227,36.6562],[119.234,36.6536],[119.2636,36.6394],[119.2966,36.6249],[119.3269,36.6076],[119.3343,36.6024],[119.3485,36.5857],[119.3519,36.5806],[119.3566,36.571],[119.3619,36.564],[119.3692,36.5578],[119.3804,36.552],[119.4202,36.5388],[119.4333,36.5378],[119.456,36.5406],[119.4642,36.5408],[119.4725,36.5401],[119.4811,36.5385],[119.4979,36.5341],[119.5318,36.523],[119.5556,36.5194],[119.5735,36.5183],[119.5848,36.5149],[119.5906,36.5117],[119.5966,36.5068],[119.6394,36.4637],[119.6457,36.4595],[119.6591,36.4536],[119.6642,36.4507],[119.6805,36.4361],[119.7079,36.4186],[119.7113,36.4158],[119.7148,36.412],[119.721,36.4026],[119.7251,36.3987],[119.7305,36.3953],[119.7372,36.3928],[119.7426,36.3918],[119.7484,36.3916],[119.7892,36.3956],[119.8395,36.3956],[119.879,36.3993],[119.9264,36.3991],[119.9495,36.4004],[119.9716,36.3995],[120.012,36.4018],[120.024,36.4008],[120.0675,36.3938],[120.076,36.3935],[120.0963,36.395],[120.1082,36.395],[120.1593,36.3889],[120.1711,36.3892],[120.2033,36.3934],[120.2101,36.3934],[120.2301,36.3888],[120.2407,36.3856],[120.2473,36.3814],[120.2907,36.3471],[120.2982,36.3439],[120.3138,36.3422],[120.3213,36.3399],[120.3315,36.3326],[120.3489,36.3177],[120.3531,36.3118],[120.365,36.288],[120.3704,36.2626],[120.3776,36.2365],[120.3778,36.2331],[120.3757,36.2148],[120.3743,36.2123],[120.3654,36.2033],[120.3635,36.199],[120.368,36.1808],[120.3703,36.1558],[120.3693,36.15],[120.3664,36.147],[120.3583,36.1452],[120.3548,36.1435],[120.3459,36.1361],[120.3408,36.1302],[120.3383,36.126],[120.3353,36.1231],[120.3339,36.1202],[120.3316,36.1175],[120.3317,36.1151],[120.3463,36.1023],[120.347,36.1009],[120.3467,36.0992],[120.3377,36.0909],[120.3228,36.0857],[120.3163,36.0812],[120.3136,36.0743],[120.3086,36.0699],[120.3075,36.0631]]}},{"type":"Feature","properties":{"country":"China","line":"济莱高速铁路","from":"济南东","to":"钢城","dist_km":116.0,"fare_local":42.0,"currency":"CNY","local_per_km":0.3621,"usd_per_km":0.0517,"extra":{"n_fare_points":29,"overlap_trimmed":false},"from_en":"Jinandong","to_en":"Gangcheng","line_en":"Jilai High-Speed Railway"},"geometry":{"type":"LineString","coordinates":[[117.1539,36.7485],[117.1608,36.7488],[117.1789,36.7481],[117.1856,36.7495],[117.189,36.7492],[117.1957,36.7462],[117.198,36.7444],[117.2026,36.7333],[117.2032,36.7305],[117.2032,36.721],[117.2021,36.705],[117.2042,36.6916],[117.2052,36.6772],[117.1964,36.6514],[117.1943,36.6479],[117.1873,36.6398],[117.1854,36.6359],[117.1848,36.6329],[117.185,36.6285],[117.1868,36.624],[117.1896,36.6202],[117.1947,36.6164],[117.1994,36.6141],[117.203,36.6131],[117.2296,36.6096],[117.2589,36.6096],[117.2681,36.6089],[117.3069,36.6007],[117.3718,36.5937],[117.3876,36.5929],[117.4207,36.5943],[117.4377,36.5926],[117.4479,36.5903],[117.4723,36.5828],[117.4924,36.5755],[117.5018,36.571],[117.5152,36.563],[117.5213,36.5587],[117.5283,36.5527],[117.5364,36.5433],[117.5424,36.5334],[117.559,36.4891],[117.5608,36.4855],[117.5657,36.4784],[117.5733,36.47],[117.5948,36.4508],[117.6271,36.4262],[117.6501,36.4005],[117.6567,36.391],[117.6667,36.37],[117.669,36.364],[117.6729,36.349],[117.6771,36.316],[117.6803,36.3061],[117.6845,36.2982],[117.7112,36.2731],[117.7253,36.262],[117.7358,36.2556],[117.7456,36.2506],[117.7523,36.2481],[117.7835,36.2401],[117.7916,36.2373],[117.802,36.2325],[117.8127,36.2257],[117.8181,36.2213],[117.8263,36.2122],[117.8438,36.1869],[117.8667,36.159],[117.8715,36.1517],[117.877,36.1385],[117.8803,36.1285],[117.8817,36.1216],[117.8822,36.1138],[117.8817,36.0893],[117.8797,36.078],[117.8777,36.0712]]}},{"type":"Feature","properties":{"country":"China","line":"青荣城际铁路","from":"青岛北","to":"烟台","dist_km":214.0,"fare_local":74.0,"currency":"CNY","local_per_km":0.3458,"usd_per_km":0.0494,"extra":{"n_fare_points":274,"overlap_trimmed":false},"from_en":"Qingdaobei","to_en":"Yantai","line_en":"Qingrong Intercity Railway"},"geometry":{"type":"LineString","coordinates":[[120.3681,36.1692],[120.3681,36.1808],[120.3638,36.1969],[120.3637,36.1993],[120.3655,36.2032],[120.3747,36.2126],[120.3763,36.2155],[120.3781,36.2329],[120.3777,36.2371],[120.3703,36.2638],[120.3655,36.2868],[120.3641,36.2911],[120.3513,36.3153],[120.3485,36.3184],[120.3314,36.3332],[120.3288,36.3364],[120.3269,36.3408],[120.3266,36.3463],[120.3288,36.3526],[120.3317,36.3561],[120.3347,36.3585],[120.3405,36.3613],[120.365,36.3681],[120.3722,36.3708],[120.3761,36.3732],[120.3808,36.3772],[120.3843,36.3817],[120.3867,36.3868],[120.3878,36.3925],[120.3909,36.4404],[120.3901,36.4594],[120.3903,36.468],[120.3969,36.5241],[120.399,36.5317],[120.4486,36.6728],[120.45,36.6815],[120.4566,36.7502],[120.4597,36.7603],[120.4653,36.7697],[120.4688,36.7738],[120.4742,36.7786],[120.5039,36.8002],[120.5609,36.8607],[120.5672,36.8663],[120.5729,36.8703],[120.58,36.8741],[120.5871,36.877],[120.6547,36.8975],[120.6661,36.9022],[120.7234,36.9392],[120.7313,36.9427],[120.7602,36.9523],[120.7806,36.9617],[120.7976,36.9712],[120.808,36.9791],[120.8244,36.9973],[120.8361,37.0056],[120.8469,37.0105],[120.8758,37.0199],[120.8863,37.0244],[120.898,37.0323],[120.9119,37.0463],[120.9218,37.0536],[120.9695,37.0749],[120.9803,37.081],[121.0196,37.1094],[121.0906,37.1757],[121.1593,37.2237],[121.1769,37.235],[121.1957,37.245],[121.2026,37.2509],[121.2133,37.2644],[121.2206,37.2714],[121.2262,37.2752],[121.2466,37.2866],[121.2534,37.2916],[121.2597,37.2984],[121.2688,37.3138],[121.2754,37.3217],[121.2835,37.3278],[121.2994,37.3356],[121.3059,37.3395],[121.3111,37.3434],[121.3183,37.3504],[121.3231,37.3569],[121.3258,37.3618],[121.3343,37.3838],[121.3361,37.3915],[121.3405,37.424],[121.3408,37.4298],[121.3343,37.485],[121.3326,37.5327],[121.3329,37.5359],[121.3341,37.5393],[121.3475,37.5569],[121.3512,37.559],[121.3536,37.5592],[121.3563,37.5585],[121.3775,37.5476]]}},{"type":"Feature","properties":{"country":"China","line":"青荣城际铁路","from":"牟平","to":"荣成","dist_km":91.0,"fare_local":34.0,"currency":"CNY","local_per_km":0.3736,"usd_per_km":0.0534,"extra":{"n_fare_points":74,"overlap_trimmed":false},"from_en":"Muping","to_en":"Rongcheng","line_en":"Qingrong Intercity Railway"},"geometry":{"type":"LineString","coordinates":[[121.6461,37.4233],[121.6704,37.425],[121.699,37.4306],[121.7341,37.4311],[121.7939,37.4384],[121.8409,37.4387],[121.8522,37.4394],[121.8661,37.442],[121.9132,37.4552],[121.9239,37.456],[121.9425,37.4549],[121.9521,37.456],[121.961,37.4586],[121.9689,37.4626],[122.0083,37.4904],[122.0163,37.4936],[122.0222,37.4949],[122.0291,37.4953],[122.0635,37.4944],[122.0709,37.4933],[122.0867,37.4883],[122.0988,37.4817],[122.1137,37.4722],[122.1208,37.4664],[122.1262,37.4602],[122.1295,37.4545],[122.1317,37.449],[122.1407,37.4151],[122.1441,37.4069],[122.1468,37.4028],[122.1522,37.3983],[122.1851,37.3771],[122.1913,37.3718],[122.195,37.3672],[122.199,37.3605],[122.2016,37.3537],[122.2101,37.3092],[122.2135,37.2981],[122.2186,37.2897],[122.2331,37.2736],[122.2604,37.2298],[122.2671,37.2205],[122.2702,37.2179],[122.2779,37.2133],[122.2999,37.2037],[122.3493,37.1713],[122.3608,37.1669],[122.3944,37.1574],[122.3973,37.1546],[122.4026,37.1438]]}},{"type":"Feature","properties":{"country":"China","line":"潍荣高速铁路","from":"潍坊北","to":"荣成","dist_km":317.0,"fare_local":135.0,"currency":"CNY","local_per_km":0.4259,"usd_per_km":0.0609,"extra":{"n_fare_points":138,"overlap_trimmed":false},"from_en":"Weifangbei","to_en":"Rongcheng","line_en":"Weirong High-Speed Railway"},"geometry":{"type":"LineString","coordinates":[[119.1894,36.7958],[119.2075,36.7963],[119.2223,36.7957],[119.2438,36.791],[119.2564,36.7902],[119.3166,36.7982],[119.3505,36.7995],[119.3767,36.8025],[119.3968,36.8029],[119.4159,36.801],[119.5327,36.7836],[119.5877,36.781],[119.5996,36.7818],[119.6852,36.7917],[119.7171,36.7993],[119.732,36.8016],[119.7432,36.802],[119.8235,36.8009],[119.8513,36.7981],[119.8633,36.798],[119.8796,36.8002],[119.9177,36.8093],[119.9279,36.8107],[119.9379,36.8111],[119.9508,36.8103],[120.0003,36.8042],[120.0095,36.8025],[120.0248,36.7977],[120.0455,36.7878],[120.0539,36.7844],[120.0631,36.7818],[120.0738,36.78],[120.0886,36.7795],[120.1221,36.7824],[120.1854,36.7811],[120.2048,36.7816],[120.218,36.7829],[120.2458,36.7884],[120.2767,36.7895],[120.38,36.7999],[120.4364,36.8022],[120.4453,36.8017],[120.4692,36.7987],[120.487,36.7986],[120.4933,36.7993],[120.5032,36.8027],[120.5106,36.8077],[120.5359,36.8348],[120.5413,36.8395],[120.5542,36.8528],[120.5648,36.8574],[120.5714,36.8581],[120.5777,36.8565],[120.5826,36.8531],[120.6501,36.7744],[120.6553,36.7691],[120.6622,36.7635],[120.6762,36.755],[120.7225,36.7354],[120.786,36.6978],[120.799,36.6911],[120.8313,36.681],[120.8568,36.6704],[120.8723,36.6672],[120.8866,36.6668],[120.9146,36.6678],[120.9601,36.6653],[120.97,36.6657],[120.995,36.6684],[121.0294,36.6699],[121.0721,36.678],[121.0888,36.6816],[121.0992,36.6846],[121.1254,36.6964],[121.2105,36.7325],[121.2211,36.7375],[121.2303,36.7434],[121.2385,36.75],[121.3056,36.8168],[121.3159,36.8237],[121.3276,36.8291],[121.3393,36.8322],[121.4352,36.8427],[121.498,36.8557],[121.5117,36.8604],[121.535,36.8702],[121.5758,36.8847],[121.581,36.887],[121.6103,36.9031],[121.6197,36.9068],[121.6318,36.91],[121.6426,36.9119],[121.6547,36.9128],[121.6888,36.9131],[121.7149,36.912],[121.7278,36.9133],[121.7382,36.9158],[121.7518,36.9213],[121.7594,36.9259],[121.7649,36.9301],[121.7734,36.9384],[121.7947,36.9658],[121.8042,36.9744],[121.8146,36.9811],[121.8381,36.9927],[121.8458,36.9958],[121.9313,37.0223],[121.9391,37.0253],[121.9506,37.0308],[121.9798,37.0492],[121.9958,37.0562],[122.0731,37.0755],[122.1277,37.0932],[122.1371,37.0957],[122.149,37.0977],[122.1617,37.0986],[122.2768,37.0969],[122.3373,37.1014],[122.3495,37.1032],[122.3862,37.1115],[122.3907,37.1133],[122.3949,37.1159],[122.4046,37.1269],[122.4062,37.1297],[122.4063,37.1326],[122.4026,37.1438]]}},{"type":"Feature","properties":{"country":"China","line":"潍烟高速铁路","from":"潍坊北","to":"蓬莱","dist_km":195.0,"fare_local":91.0,"currency":"CNY","local_per_km":0.4667,"usd_per_km":0.0667,"extra":{"n_fare_points":45,"overlap_trimmed":false},"from_en":"Weifangbei","to_en":"Penglai","line_en":"Weiyan High-Speed Railway"},"geometry":{"type":"LineString","coordinates":[[119.1894,36.7958],[119.2204,36.7963],[119.244,36.791],[119.2562,36.7902],[119.316,36.7983],[119.3469,36.7993],[119.3833,36.803],[119.3969,36.803],[119.408,36.8021],[119.4749,36.7927],[119.4816,36.7928],[119.4873,36.7939],[119.4922,36.7954],[119.498,36.7984],[119.5039,36.8033],[119.5081,36.8092],[119.5193,36.8429],[119.5243,36.8524],[119.5323,36.8629],[119.543,36.8725],[119.5536,36.8793],[119.6089,36.9036],[119.618,36.9088],[119.6282,36.9166],[119.6354,36.924],[119.6424,36.9337],[119.6733,36.99],[119.6824,37.0015],[119.6923,37.0104],[119.7219,37.0304],[119.7429,37.0461],[119.7492,37.0499],[119.7722,37.0597],[119.8045,37.0716],[119.8183,37.0787],[119.8286,37.0867],[119.844,37.1033],[119.8499,37.1087],[119.8585,37.115],[119.8677,37.1202],[119.8793,37.125],[119.8902,37.1281],[119.939,37.1363],[119.949,37.1385],[119.9622,37.1432],[119.9743,37.1494],[119.988,37.1586],[119.9961,37.1654],[120.0864,37.2555],[120.0929,37.2603],[120.1005,37.2646],[120.1358,37.281],[120.1653,37.3036],[120.1752,37.3141],[120.1831,37.3255],[120.1899,37.3333],[120.2116,37.3519],[120.2238,37.3662],[120.2376,37.3799],[120.2422,37.3858],[120.2454,37.3913],[120.248,37.3975],[120.2528,37.4226],[120.2558,37.4308],[120.2594,37.4379],[120.2658,37.4468],[120.2886,37.4755],[120.2936,37.4842],[120.3,37.5001],[120.3041,37.5079],[120.3243,37.5348],[120.3367,37.5571],[120.3436,37.5657],[120.3521,37.5732],[120.364,37.5805],[120.389,37.5916],[120.4347,37.6115],[120.4511,37.6166],[120.4654,37.6188],[120.4911,37.6198],[120.5378,37.6152],[120.5463,37.6149],[120.5594,37.6164],[120.5711,37.62],[120.6148,37.6408],[120.6226,37.6458],[120.6288,37.6513],[120.6346,37.6587],[120.6388,37.6666],[120.6407,37.6731],[120.6436,37.6894],[120.6478,37.6996],[120.652,37.706],[120.6558,37.7105],[120.6612,37.7155],[120.6683,37.7205],[120.6772,37.7253],[120.6872,37.7288],[120.7153,37.7349],[120.7391,37.7416],[120.7695,37.747],[120.7899,37.7535],[120.7966,37.7568]]}},{"type":"Feature","properties":{"country":"China","line":"潍烟高速铁路","from":"蓬莱","to":"烟台","dist_km":73.0,"fare_local":34.0,"currency":"CNY","local_per_km":0.4658,"usd_per_km":0.0666,"extra":{"n_fare_points":85,"overlap_trimmed":false},"from_en":"Penglai","to_en":"Yantai","line_en":"Weiyan High-Speed Railway"},"geometry":{"type":"LineString","coordinates":[[120.7966,37.7568],[120.8028,37.7578],[120.8161,37.7624],[120.8248,37.7646],[120.8419,37.7667],[120.8529,37.7665],[120.8622,37.7653],[120.8722,37.763],[120.8828,37.7592],[120.8911,37.7551],[120.8985,37.7504],[120.9629,37.7037],[121.0311,37.668],[121.038,37.6639],[121.0592,37.6494],[121.0683,37.6418],[121.0728,37.6351],[121.0751,37.6278],[121.0774,37.6093],[121.0807,37.599],[121.0835,37.5936],[121.0966,37.5743],[121.1112,37.55],[121.12,37.5391],[121.1556,37.5032],[121.1616,37.4985],[121.1682,37.4953],[121.1746,37.4936],[121.1938,37.4903],[121.2266,37.4772],[121.231,37.4759],[121.2362,37.4753],[121.2514,37.4765],[121.2759,37.4765],[121.2826,37.477],[121.2893,37.4791],[121.3097,37.4881],[121.3145,37.4891],[121.3266,37.49],[121.3311,37.4883],[121.3336,37.4854],[121.3361,37.4693],[121.3342,37.485],[121.3325,37.5327],[121.3328,37.5359],[121.334,37.5393],[121.3475,37.557],[121.3512,37.559],[121.3539,37.5592],[121.3564,37.5585],[121.3775,37.5476]]}},{"type":"Feature","properties":{"country":"China","line":"青盐铁路","from":"青岛北","to":"连云港","dist_km":253.0,"fare_local":88.0,"currency":"CNY","local_per_km":0.3478,"usd_per_km":0.0497,"extra":{"n_fare_points":546,"overlap_trimmed":false},"from_en":"Qingdaobei","to_en":"Lianyungang","line_en":"Qingyan Railway"},"geometry":{"type":"LineString","coordinates":[[120.3681,36.1692],[120.3686,36.1761],[120.3681,36.1808],[120.364,36.1962],[120.3638,36.199],[120.3656,36.2032],[120.3725,36.21],[120.3734,36.2125],[120.3733,36.2147],[120.3722,36.2172],[120.3701,36.2191],[120.3569,36.226],[120.3549,36.2294],[120.3544,36.2341],[120.3534,36.2372],[120.3506,36.2398],[120.3478,36.2409],[120.2901,36.2379],[120.2648,36.2339],[120.2558,36.2334],[120.2498,36.2339],[120.2409,36.2358],[120.2251,36.2424],[120.219,36.2443],[120.1998,36.2464],[120.1593,36.2421],[120.1448,36.2381],[120.0857,36.2291],[120.0807,36.2276],[120.0747,36.2246],[120.0703,36.221],[120.0667,36.2162],[120.0605,36.2008],[120.0591,36.193],[120.059,36.1554],[120.0622,36.1362],[120.0631,36.1154],[120.0641,36.1111],[120.0722,36.0915],[120.0725,36.0882],[120.0716,36.0809],[120.0698,36.0768],[120.0662,36.0721],[120.053,36.0617],[120.0394,36.0463],[120.0335,36.0414],[120.0135,36.0274],[120.0081,36.0223],[120.0042,36.0172],[119.9937,35.9973],[119.9851,35.966],[119.983,35.9617],[119.9746,35.9508],[119.9727,35.9467],[119.9711,35.9414],[119.9696,35.9269],[119.9667,35.9204],[119.9637,35.9163],[119.9335,35.8874],[119.9135,35.8588],[119.908,35.8529],[119.9001,35.8475],[119.8595,35.8278],[119.8515,35.8211],[119.8483,35.8169],[119.8464,35.8131],[119.8406,35.7921],[119.8377,35.7859],[119.8181,35.7621],[119.8135,35.7573],[119.7465,35.708],[119.7357,35.6968],[119.721,35.6867],[119.6959,35.6658],[119.6793,35.6557],[119.674,35.6527],[119.6644,35.6493],[119.6211,35.6433],[119.6117,35.6407],[119.606,35.638],[119.5747,35.6184],[119.5546,35.5982],[119.5317,35.5642],[119.5276,35.559],[119.5206,35.553],[119.5059,35.5445],[119.4988,35.5377],[119.4953,35.5318],[119.4938,35.5276],[119.4919,35.5098],[119.4903,35.5039],[119.4849,35.4928],[119.4732,35.4778],[119.4693,35.4745],[119.4597,35.4687],[119.4541,35.4637],[119.4374,35.4434],[119.4343,35.4368],[119.4337,35.4316],[119.4337,35.4196],[119.4325,35.4147],[119.4304,35.4102],[119.4269,35.4052],[119.4179,35.3961],[119.3965,35.3677],[119.3935,35.3632],[119.3884,35.3531],[119.3816,35.3465],[119.3695,35.339],[119.3351,35.3096],[119.3085,35.2763],[119.2753,35.2449],[119.269,35.2364],[119.2671,35.2319],[119.2641,35.2207],[119.2631,35.2159],[119.263,35.212],[119.2642,35.2052],[119.2705,35.1867],[119.2716,35.1731],[119.271,35.1689],[119.2682,35.1604],[119.2642,35.1395],[119.2635,35.1276],[119.2619,35.1217],[119.259,35.1167],[119.2513,35.1089],[119.2425,35.0972],[119.2225,35.0815],[119.2126,35.0698],[119.1854,35.0203],[119.1582,34.9877],[119.1518,34.9737],[119.1377,34.9519],[119.1316,34.9384],[119.1251,34.9271],[119.1218,34.9104],[119.1151,34.8936],[119.0955,34.8662],[119.0905,34.8582],[119.0859,34.8415],[119.0851,34.8327],[119.0862,34.8185],[119.0886,34.8105],[119.0912,34.8062],[119.0946,34.8021],[119.1095,34.7896],[119.1126,34.786],[119.123,34.7696],[119.1264,34.7626],[119.1304,34.7449],[119.1394,34.7191],[119.1617,34.6785],[119.1668,34.6726],[119.1841,34.6596],[119.1868,34.6558],[119.1883,34.6519],[119.1903,34.6356],[119.1888,34.631],[119.1788,34.6218],[119.1578,34.6101]]}},{"type":"Feature","properties":{"country":"China","line":"青盐铁路","from":"连云港","to":"盐城","dist_km":186.0,"fare_local":71.0,"currency":"CNY","local_per_km":0.3817,"usd_per_km":0.0545,"extra":{"n_fare_points":189,"overlap_trimmed":false},"from_en":"Lianyungang","to_en":"Yancheng","line_en":"Qingyan Railway"},"geometry":{"type":"LineString","coordinates":[[119.1578,34.6101],[119.1525,34.6082],[119.1319,34.5977],[119.1042,34.5936],[119.0979,34.5916],[119.0935,34.5889],[119.0903,34.5855],[119.0877,34.5806],[119.087,34.5765],[119.0882,34.57],[119.1048,34.5325],[119.1161,34.519],[119.1394,34.4934],[119.1447,34.4879],[119.1507,34.4829],[119.204,34.4427],[119.2125,34.4383],[119.2519,34.424],[119.2733,34.4193],[119.2911,34.4092],[119.3096,34.4028],[119.3304,34.3925],[119.3651,34.3787],[119.3888,34.3662],[119.4006,34.3628],[119.4564,34.3526],[119.5409,34.3196],[119.5467,34.316],[119.5646,34.301],[119.6016,34.2571],[119.6224,34.2375],[119.6301,34.2318],[119.6437,34.2239],[119.707,34.173],[119.7671,34.1184],[119.8243,34.0792],[119.8738,34.0486],[119.8799,34.0433],[119.8952,34.0276],[119.9001,34.0189],[119.9019,34.0109],[119.902,34.0064],[119.9003,33.9924],[119.9008,33.9848],[119.909,33.963],[119.9112,33.9538],[119.9144,33.9149],[119.9142,33.8576],[119.9151,33.8508],[119.9171,33.8433],[119.9402,33.7876],[119.9442,33.7799],[119.9933,33.7244],[119.9991,33.7173],[120.0018,33.7126],[120.0457,33.6054],[120.0678,33.5436],[120.0761,33.5143],[120.077,33.5083],[120.0768,33.4986],[120.0741,33.4843],[120.0747,33.4788],[120.0761,33.4745],[120.078,33.471],[120.0813,33.4671],[120.1105,33.4375],[120.1156,33.4343],[120.1341,33.4266],[120.1415,33.4212],[120.1553,33.4052],[120.1666,33.3895],[120.1796,33.3747]]}},{"type":"Feature","properties":{"country":"China","line":"盐通高速铁路","from":"盐城","to":"南通西","dist_km":158.0,"fare_local":78.0,"currency":"CNY","local_per_km":0.4937,"usd_per_km":0.0705,"extra":{"n_fare_points":223,"overlap_trimmed":false},"from_en":"Yancheng","to_en":"Nantongxi","line_en":"Yantong High-Speed Railway"},"geometry":{"type":"LineString","coordinates":[[120.1796,33.3747],[120.1968,33.3539],[120.2109,33.3301],[120.229,33.3073],[120.345,33.176],[120.3509,33.1681],[120.3564,33.1576],[120.3597,33.1478],[120.3609,33.1418],[120.3616,33.1283],[120.3334,32.9511],[120.3304,32.9165],[120.3305,32.9097],[120.3311,32.9029],[120.3345,32.8899],[120.349,32.8562],[120.3534,32.848],[120.3708,32.8247],[120.4216,32.7445],[120.4555,32.6999],[120.4602,32.6907],[120.4658,32.6761],[120.4778,32.6573],[120.4802,32.6524],[120.4818,32.6482],[120.4838,32.6392],[120.4832,32.601],[120.4845,32.5902],[120.487,32.5809],[120.4909,32.5713],[120.5081,32.5394],[120.5191,32.5219],[120.5222,32.5141],[120.5248,32.5031],[120.5275,32.4952],[120.5405,32.4685],[120.5523,32.4477],[120.5572,32.44],[120.5637,32.432],[120.5847,32.4132],[120.5937,32.4029],[120.5991,32.394],[120.6149,32.3617],[120.6438,32.3156],[120.6822,32.2671],[120.7443,32.1798],[120.7486,32.1751],[120.7604,32.1645],[120.7641,32.1593],[120.773,32.1425],[120.7741,32.1386],[120.7743,32.135],[120.7698,32.1197],[120.7611,32.1036]]}},{"type":"Feature","properties":{"country":"China","line":"沪苏通铁路","from":"上海虹桥","to":"南通","dist_km":158.0,"fare_local":70.0,"currency":"CNY","local_per_km":0.443,"usd_per_km":0.0633,"extra":{"n_fare_points":343,"overlap_trimmed":false},"from_en":"Shanghai-Hongqiao","to_en":"Nantong","line_en":"Husutong Railway"},"geometry":{"type":"LineString","coordinates":[[121.3162,31.196],[121.3153,31.203],[121.3154,31.2097],[121.3138,31.2209],[121.3103,31.2258],[121.2987,31.2366],[121.287,31.2522],[121.2804,31.2689],[121.2782,31.2774],[121.2736,31.2848],[121.2703,31.2876],[121.2654,31.2897],[121.2536,31.2922],[121.1637,31.3092],[121.1338,31.3185],[121.1235,31.3207],[121.1172,31.3251],[121.1097,31.3275],[121.1075,31.3299],[121.1062,31.3377],[121.1039,31.3453],[121.1038,31.3492],[121.1047,31.3523],[121.1065,31.3555],[121.1381,31.3934],[121.1416,31.3985],[121.1552,31.4227],[121.1558,31.4267],[121.1553,31.4362],[121.1573,31.4417],[121.1599,31.4449],[121.1646,31.4481],[121.19,31.4579],[121.1973,31.4622],[121.201,31.4659],[121.2046,31.4718],[121.2082,31.482],[121.209,31.488],[121.2077,31.4952],[121.2036,31.5023],[121.1676,31.5385],[121.158,31.5535],[121.1353,31.5829],[121.1188,31.5988],[121.106,31.6148],[121.1005,31.6193],[121.0933,31.6234],[121.0858,31.6261],[121.0765,31.6279],[121.067,31.6281],[120.9652,31.6244],[120.9543,31.6258],[120.9175,31.6349],[120.9122,31.6373],[120.8494,31.6726],[120.8337,31.684],[120.8255,31.6884],[120.8144,31.6918],[120.7995,31.6933],[120.7928,31.6946],[120.7634,31.7028],[120.7523,31.7074],[120.7473,31.7106],[120.7335,31.7218],[120.7106,31.7437],[120.6905,31.7598],[120.6841,31.7669],[120.6799,31.7734],[120.6771,31.7796],[120.6752,31.7868],[120.6684,31.8376],[120.6681,31.8448],[120.6687,31.8505],[120.6722,31.8621],[120.6803,31.8771],[120.6988,31.9046],[120.712,31.9176],[120.7163,31.923],[120.7197,31.929],[120.722,31.9351],[120.7234,31.9425],[120.7231,31.9517],[120.7116,32.018],[120.7111,32.0251],[120.7129,32.0337],[120.7238,32.0648],[120.7261,32.0695],[120.7324,32.0766],[120.7477,32.0862],[120.7521,32.0901],[120.7551,32.0939],[120.7672,32.1135],[120.7768,32.1304],[120.7775,32.1338],[120.7773,32.1369],[120.7738,32.1447],[120.7849,32.1251],[120.7971,32.1124],[120.8166,32.0969],[120.8378,32.074],[120.8427,32.0716],[120.8558,32.0703]]}},{"type":"Feature","properties":{"country":"China","line":"徐盐高速铁路","from":"徐州东","to":"盐城","dist_km":313.0,"fare_local":124.0,"currency":"CNY","local_per_km":0.3962,"usd_per_km":0.0566,"extra":{"n_fare_points":164,"overlap_trimmed":false},"from_en":"Xuzhoudong","to_en":"Yancheng","line_en":"Xuyan High-Speed Railway"},"geometry":{"type":"LineString","coordinates":[[117.3002,34.2692],[117.303,34.2629],[117.31,34.2428],[117.3128,34.2375],[117.335,34.2136],[117.3399,34.2069],[117.3424,34.1997],[117.3459,34.18],[117.3532,34.1671],[117.3591,34.1601],[117.4132,34.1243],[117.4208,34.1206],[117.4723,34.1001],[117.4833,34.0924],[117.4993,34.0766],[117.5255,34.0566],[117.5415,34.0469],[117.5729,34.034],[117.5811,34.0324],[117.5883,34.0323],[117.6154,34.0374],[117.688,34.0409],[117.6983,34.0396],[117.7331,34.0311],[117.7454,34.027],[117.7892,34.0081],[117.8791,33.9749],[117.913,33.9593],[117.948,33.9503],[117.9544,33.9495],[117.9766,33.9495],[117.9847,33.9485],[117.9949,33.9455],[118.1107,33.89],[118.1191,33.8868],[118.1275,33.8852],[118.148,33.8835],[118.1887,33.8775],[118.2925,33.8744],[118.3053,33.8721],[118.3125,33.8693],[118.3212,33.8642],[118.356,33.831],[118.3611,33.8274],[118.3686,33.8236],[118.3763,33.8208],[118.4409,33.8067],[118.4473,33.8049],[118.509,33.7824],[118.519,33.7793],[118.5688,33.7696],[118.5773,33.7693],[118.5981,33.7706],[118.6334,33.771],[118.6416,33.7709],[118.6533,33.7693],[118.7694,33.7432],[118.8156,33.7388],[118.8446,33.7329],[118.9004,33.7245],[118.9324,33.7221],[118.9757,33.7148],[118.9858,33.7115],[119.0131,33.6994],[119.0245,33.6964],[119.0322,33.6955],[119.0857,33.6955],[119.0994,33.6928],[119.1064,33.6902],[119.1153,33.6849],[119.1235,33.6774],[119.137,33.6619],[119.1499,33.6425],[119.1525,33.6375],[119.1593,33.6194],[119.1702,33.5991],[119.1965,33.5427],[119.2042,33.5227],[119.215,33.5036],[119.2214,33.4863],[119.2243,33.4819],[119.2291,33.4771],[119.2342,33.4737],[119.2413,33.4706],[119.251,33.4688],[119.2627,33.4697],[119.2929,33.4802],[119.3046,33.4833],[119.3685,33.4867],[119.3763,33.4876],[119.472,33.5129],[119.4856,33.5174],[119.5603,33.5618],[119.5697,33.566],[119.5798,33.5691],[119.5947,33.5713],[119.66,33.5744],[119.6701,33.5743],[119.6785,33.5728],[119.6853,33.5708],[119.6963,33.5655],[119.7447,33.5295],[119.7649,33.5174],[119.7704,33.5149],[119.8007,33.5041],[119.8179,33.4952],[119.824,33.4928],[119.8644,33.4858],[119.9572,33.4619],[120.0177,33.4522],[120.0503,33.4452],[120.1021,33.4387],[120.1118,33.4361],[120.1331,33.4271],[120.1373,33.4247],[120.1415,33.4212],[120.1553,33.4052],[120.1666,33.3895],[120.1796,33.3747]]}},{"type":"Feature","properties":{"country":"China","line":"日兰高速铁路","from":"兰考南","to":"日照","dist_km":472.0,"fare_local":253.0,"currency":"CNY","local_per_km":0.536,"usd_per_km":0.0766,"extra":{"n_fare_points":79,"overlap_trimmed":false},"from_en":"Lankao South station","to_en":"Rizhao","line_en":"Rilan High-Speed Railway"},"geometry":{"type":"LineString","coordinates":[[114.8183,34.772],[114.8222,34.77],[114.8469,34.7605],[114.852,34.7595],[114.8592,34.7594],[114.8795,34.7619],[114.8946,34.7654],[114.9092,34.7719],[114.9188,34.7783],[114.9411,34.7981],[114.9774,34.8243],[114.9852,34.8311],[114.9895,34.8359],[115.0135,34.8674],[115.019,34.877],[115.0303,34.9027],[115.0359,34.9118],[115.0407,34.9178],[115.0481,34.925],[115.0986,34.9648],[115.1085,34.975],[115.1239,34.9954],[115.1334,35.005],[115.1425,35.0119],[115.1524,35.0177],[115.2017,35.041],[115.2169,35.046],[115.2436,35.0523],[115.2547,35.0565],[115.2655,35.0622],[115.2847,35.0754],[115.2938,35.0808],[115.3163,35.0899],[115.3474,35.0976],[115.4134,35.1238],[115.4232,35.1264],[115.4699,35.1347],[115.4827,35.1377],[115.4965,35.1434],[115.523,35.1578],[115.5313,35.163],[115.5413,35.171],[115.5705,35.1966],[115.5812,35.2074],[115.5876,35.2181],[115.5993,35.2487],[115.6043,35.2582],[115.6091,35.2648],[115.6313,35.2897],[115.6389,35.2964],[115.6524,35.3045],[115.6772,35.3149],[115.6854,35.3195],[115.7081,35.3366],[115.7339,35.3535],[115.7442,35.3587],[115.7624,35.3661],[115.7699,35.3698],[115.7777,35.375],[115.8293,35.4126],[115.839,35.4183],[115.8634,35.4306],[115.8925,35.4434],[115.9017,35.4466],[115.909,35.4487],[115.9233,35.4508],[115.9563,35.4509],[115.9853,35.4538],[116.0167,35.454],[116.0327,35.4526],[116.0854,35.4455],[116.1035,35.4446],[116.1269,35.4462],[116.1488,35.4486],[116.1806,35.4553],[116.2032,35.4586],[116.2178,35.4591],[116.2855,35.458],[116.2979,35.4584],[116.3034,35.4592],[116.3779,35.4748],[116.3943,35.4797],[116.4095,35.4865],[116.4465,35.5063],[116.4561,35.5127],[116.4772,35.5289],[116.484,35.533],[116.4964,35.5379],[116.5071,35.5398],[116.5177,35.5406],[116.5307,35.5389],[116.5387,35.5367],[116.5618,35.5278],[116.5717,35.5255],[116.5807,35.5244],[116.6428,35.5269],[116.6747,35.5254],[116.7016,35.5289],[116.712,35.5293],[116.7233,35.5283],[116.7633,35.5212],[116.7734,35.5199],[116.7839,35.5196],[116.7955,35.5205],[116.8117,35.5243],[116.8243,35.5294],[116.8434,35.5409],[116.8544,35.5456],[116.8888,35.5527],[116.8999,35.554],[116.9114,35.5541],[116.9255,35.5521],[116.941,35.5473],[116.9507,35.5425],[116.9641,35.5337],[116.9751,35.5276],[117.0387,35.5022],[117.0474,35.4997],[117.0588,35.4974],[117.0868,35.4951],[117.0959,35.4953],[117.1055,35.4965],[117.1262,35.5007],[117.1365,35.5034],[117.1432,35.5064],[117.15,35.5108],[117.1642,35.5232],[117.1702,35.5272],[117.183,35.5331],[117.1929,35.5362],[117.2113,35.5376],[117.2426,35.534],[117.2555,35.5337],[117.3016,35.5356],[117.3212,35.5333],[117.3376,35.5284],[117.3492,35.5228],[117.3564,35.5183],[117.3907,35.4929],[117.4003,35.488],[117.4109,35.4847],[117.4208,35.4832],[117.4304,35.483],[117.4672,35.4878],[117.4773,35.4877],[117.4882,35.4866],[117.5036,35.4827],[117.5848,35.4597],[117.5942,35.458],[117.6184,35.4558],[117.6396,35.4529],[117.6857,35.4455],[117.699,35.4428],[117.7181,35.4371],[117.7482,35.424],[117.7806,35.4146],[117.7947,35.4099],[117.8108,35.4024],[117.8328,35.391],[117.841,35.3853],[117.8492,35.3774],[117.8645,35.3554],[117.8743,35.3451],[117.8801,35.3405],[117.8872,35.3358],[117.8992,35.3298],[117.9781,35.3061],[117.9871,35.3043],[118.0156,35.3015],[118.0251,35.2996],[118.0361,35.2963],[118.0607,35.2869],[118.1416,35.2662],[118.2147,35.2381],[118.2473,35.2194],[118.2533,35.2163],[118.2617,35.213],[118.2716,35.2106],[118.2987,35.2068],[118.3223,35.2003],[118.3325,35.1982],[118.3459,35.1969],[118.4244,35.1965],[118.4652,35.1931],[118.4723,35.1929],[118.4842,35.1937],[118.4959,35.1958],[118.5417,35.2091],[118.5512,35.2128],[118.5971,35.2335],[118.6065,35.2369],[118.6804,35.2532],[118.7265,35.2669],[118.7425,35.2701],[118.8568,35.2786],[118.9224,35.2754],[118.9393,35.2753],[119.0045,35.2759],[119.0447,35.2796],[119.0561,35.2799],[119.0919,35.2789],[119.1095,35.2806],[119.1842,35.2931],[119.22,35.297],[119.2265,35.2982],[119.2379,35.3015],[119.2455,35.3046],[119.2827,35.323],[119.3196,35.3371],[119.3313,35.3433],[119.3481,35.3544],[119.358,35.3588],[119.371,35.3626],[119.3813,35.3648],[119.3911,35.3655],[119.3957,35.3672],[119.4004,35.3709],[119.4043,35.3774],[119.4191,35.3973],[119.426,35.4038],[119.4294,35.4057],[119.4374,35.4082],[119.4557,35.4111],[119.4884,35.4081],[119.4979,35.4039],[119.5068,35.4016],[119.5256,35.4057]]}},{"type":"Feature","properties":{"country":"China","line":"淮萧联络线","from":"淮北","to":"萧县北","dist_km":36.0,"fare_local":13.0,"currency":"CNY","local_per_km":0.3611,"usd_per_km":0.0516,"extra":{"n_fare_points":91,"overlap_trimmed":false},"from_en":"Huaibei","to_en":"Xiaoxianbei","line_en":"Huaixiao Connector Line"},"geometry":{"type":"LineString","coordinates":[[116.7971,33.969],[116.811,33.9787],[116.8183,33.9868],[116.8359,34.0029],[116.8378,34.0059],[116.8381,34.0094],[116.8355,34.017],[116.8357,34.0212],[116.8488,34.0563],[116.8563,34.0701],[116.8694,34.1106],[116.8697,34.117],[116.865,34.1729],[116.866,34.1821],[116.8688,34.19],[116.8721,34.1957],[116.8759,34.2004],[116.9025,34.23],[116.9067,34.2339],[116.9103,34.2356],[116.9143,34.2365],[116.9362,34.2379]]}},{"type":"Feature","properties":{"country":"China","line":"济郑高速铁路","from":"济南西","to":"郑州东","dist_km":407.0,"fare_local":233.0,"currency":"CNY","local_per_km":0.5725,"usd_per_km":0.0818,"extra":{"n_fare_points":488,"overlap_trimmed":false},"from_en":"Jinanxi","to_en":"Zhengzhoudong","line_en":"Jizheng High-Speed Railway"},"geometry":{"type":"LineString","coordinates":[[116.886,36.6688],[116.8857,36.6454],[116.8837,36.6165],[116.8838,36.611],[116.8827,36.6083],[116.8804,36.6059],[116.8727,36.6035],[116.8465,36.5997],[116.8367,36.5995],[116.7921,36.6011],[116.7822,36.6],[116.7709,36.5967],[116.7648,36.5939],[116.7585,36.59],[116.6883,36.5378],[116.6767,36.5322],[116.6625,36.5286],[116.6485,36.5278],[116.6369,36.5291],[116.6257,36.5322],[116.5995,36.5425],[116.5903,36.5454],[116.5772,36.5478],[116.5659,36.5482],[116.4639,36.5383],[116.4235,36.5375],[116.3942,36.5349],[116.3861,36.5352],[116.3623,36.5378],[116.3514,36.5379],[116.3177,36.5348],[116.2852,36.533],[116.2557,36.5285],[116.2439,36.5276],[116.1975,36.5274],[116.1194,36.5383],[116.0626,36.5404],[116.0479,36.5401],[115.9852,36.5373],[115.9731,36.5361],[115.9352,36.5304],[115.9232,36.5266],[115.9128,36.5212],[115.9032,36.5139],[115.8911,36.5013],[115.8847,36.4921],[115.8802,36.4827],[115.8781,36.4753],[115.8771,36.4694],[115.8727,36.4018],[115.8713,36.3911],[115.8682,36.3813],[115.8612,36.3642],[115.8561,36.356],[115.8503,36.3492],[115.843,36.3427],[115.8343,36.3369],[115.7967,36.3199],[115.786,36.3137],[115.7768,36.3069],[115.7674,36.2982],[115.7504,36.2791],[115.7452,36.2716],[115.7349,36.2523],[115.7308,36.2467],[115.7257,36.2412],[115.719,36.2354],[115.6323,36.168],[115.5802,36.1331],[115.5507,36.118],[115.5429,36.1132],[115.534,36.1063],[115.5176,36.0908],[115.4827,36.0632],[115.3839,35.9964],[115.3731,35.9902],[115.3463,35.9764],[115.3274,35.9679],[115.321,35.964],[115.3132,35.9579],[115.3076,35.9525],[115.2853,35.9245],[115.2755,35.9154],[115.1786,35.8508],[115.1686,35.8431],[115.1604,35.8346],[115.1547,35.8265],[115.1496,35.8163],[115.1469,35.8073],[115.1455,35.7968],[115.1444,35.7378],[115.1431,35.73],[115.141,35.723],[115.1363,35.7132],[115.1305,35.7045],[115.1192,35.6931],[115.1095,35.6862],[115.0939,35.6785],[115.083,35.675],[115.0704,35.6724],[115.0064,35.6643],[114.9925,35.6646],[114.9846,35.6657],[114.9525,35.6726],[114.9407,35.6745],[114.9286,35.6755],[114.9181,35.6755],[114.7732,35.6688],[114.6525,35.6542],[114.6389,35.6518],[114.6307,35.6495],[114.6202,35.6456],[114.5784,35.6274],[114.5601,35.6211],[114.529,35.6126],[114.5202,35.6094],[114.5121,35.6056],[114.5034,35.6005],[114.4287,35.5422],[114.363,35.4978],[114.3511,35.4917],[114.2311,35.4381],[114.2208,35.4323],[114.1888,35.4099],[114.1787,35.4041],[114.1648,35.3986],[114.1104,35.3844],[114.0956,35.3815],[114.0698,35.3779],[114.056,35.3743],[114.0409,35.3676],[114.0056,35.3471],[113.9975,35.3415],[113.9909,35.3355],[113.9847,35.3283],[113.957,35.2891],[113.9506,35.2781],[113.9465,35.2661],[113.9398,35.2209],[113.9362,35.2086],[113.9306,35.1967],[113.9221,35.1824],[113.9128,35.1609],[113.904,35.1472],[113.887,35.1232],[113.8818,35.1144],[113.8702,35.083],[113.8485,35.0335],[113.8448,35.0234],[113.8435,35.0167],[113.8429,35.0073],[113.8433,35.0011],[113.8462,34.9858],[113.8471,34.9769],[113.8444,34.9279],[113.8446,34.9229],[113.8463,34.9109],[113.8565,34.8556],[113.8569,34.8519],[113.8558,34.8469],[113.8536,34.843],[113.8508,34.8401],[113.8476,34.8378],[113.8423,34.8355],[113.8267,34.8339],[113.8096,34.8335],[113.8021,34.8323],[113.787,34.829],[113.783,34.8271],[113.7779,34.8232],[113.7721,34.815],[113.7703,34.8111],[113.7697,34.8084],[113.7715,34.7799],[113.7728,34.7746],[113.7735,34.7673],[113.7733,34.7602]]}},{"type":"Feature","properties":{"country":"China","line":"郑太高速铁路","from":"郑州","to":"太原南","dist_km":436.0,"fare_local":214.0,"currency":"CNY","local_per_km":0.4908,"usd_per_km":0.0701,"extra":{"n_fare_points":273,"overlap_trimmed":false},"from_en":"Zhengzhou","to_en":"Taiyuannan","line_en":"Zhengtai High-Speed Railway"},"geometry":{"type":"LineString","coordinates":[[113.6537,34.7475],[113.6488,34.7575],[113.6066,34.8221],[113.607,34.8214],[113.5889,34.8464],[113.5803,34.8614],[113.5753,34.8668],[113.5581,34.8811],[113.5534,34.8861],[113.5505,34.8897],[113.5357,34.9143],[113.5232,34.9403],[113.521,34.9486],[113.5213,34.9572],[113.5275,34.9906],[113.5262,35.0002],[113.5228,35.0079],[113.5182,35.0138],[113.5113,35.0196],[113.4755,35.0376],[113.465,35.0444],[113.4596,35.0492],[113.4554,35.0539],[113.4496,35.0632],[113.4469,35.07],[113.4454,35.0762],[113.4438,35.0977],[113.4435,35.1086],[113.4451,35.1583],[113.4437,35.1683],[113.4394,35.178],[113.409,35.225],[113.4055,35.2294],[113.3985,35.235],[113.3883,35.24],[113.3821,35.2416],[113.3752,35.2426],[113.3614,35.2425],[113.3423,35.2401],[113.3228,35.2392],[113.3172,35.238],[113.3114,35.2357],[113.2978,35.227],[113.2907,35.2243],[113.2815,35.2236],[113.2672,35.2268],[113.2598,35.2273],[113.2483,35.2259],[113.2108,35.2194],[113.1933,35.2153],[113.1771,35.2082],[113.1553,35.2037],[113.137,35.1949],[113.1306,35.1934],[113.1233,35.1929],[113.1153,35.194],[113.1093,35.196],[113.0885,35.2069],[113.0777,35.2092],[113.0363,35.2086],[113.0093,35.2029],[113.0021,35.2025],[112.9962,35.2033],[112.9882,35.2056],[112.982,35.2092],[112.9629,35.2255],[112.9607,35.2282],[112.9583,35.2328],[112.9572,35.2389],[112.9573,35.2528],[112.9485,35.3019],[112.9435,35.3117],[112.9329,35.3248],[112.9284,35.3315],[112.9262,35.3363],[112.9248,35.3415],[112.9245,35.3492],[112.9265,35.3974],[112.9285,35.406],[112.9386,35.4274],[112.9403,35.4324],[112.942,35.4426],[112.9423,35.4627],[112.9436,35.47],[112.9463,35.4788],[112.9502,35.4867],[112.9958,35.5614],[113.0007,35.5737],[113.0066,35.595],[113.0098,35.6125],[113.01,35.6166],[113.0059,35.6403],[113.003,35.6495],[112.983,35.6818],[112.9767,35.6965],[112.9681,35.7122],[112.9538,35.7466],[112.9459,35.7581],[112.9432,35.7634],[112.942,35.7692],[112.9416,35.7829],[112.9372,35.8046],[112.9312,35.8196],[112.9304,35.8249],[112.9306,35.8288],[112.9328,35.8369],[112.9483,35.8715],[112.9513,35.8759],[112.9694,35.8962],[113.0052,35.9538],[113.0076,35.9606],[113.0091,35.9687],[113.0093,35.973],[113.0064,35.9872],[113.0078,35.9952],[113.0098,35.9998],[113.0127,36.0037],[113.0163,36.0069],[113.0252,36.0121],[113.0337,36.0144],[113.0584,36.0161],[113.0749,36.0197],[113.0853,36.0241],[113.0921,36.03],[113.0957,36.0354],[113.0981,36.0436],[113.0976,36.049],[113.0935,36.0631],[113.0926,36.0695],[113.0938,36.0769],[113.0961,36.0829],[113.1058,36.1016],[113.1099,36.1076],[113.1155,36.113],[113.1275,36.1209],[113.1319,36.1251],[113.1555,36.1637],[113.158,36.1689],[113.159,36.1731],[113.1592,36.1784],[113.1536,36.1985],[113.153,36.2039],[113.1534,36.2093],[113.1549,36.2152],[113.1661,36.2463],[113.1679,36.2667],[113.1754,36.2869],[113.1771,36.2981],[113.1762,36.3076],[113.1733,36.3169],[113.1692,36.3246],[113.1563,36.3426],[113.154,36.3481],[113.1531,36.3538],[113.1536,36.3607],[113.1579,36.3756],[113.1595,36.3844],[113.1636,36.457],[113.1644,36.4825],[113.1629,36.4875],[113.1594,36.4927],[113.1532,36.498],[113.1479,36.5008],[113.1404,36.5028],[113.1159,36.5043],[113.1104,36.5051],[113.0995,36.5088],[113.0918,36.5136],[113.0871,36.5179],[113.0831,36.5233],[113.0705,36.5504],[113.069,36.5595],[113.0693,36.5646],[113.0703,36.5699],[113.1017,36.6648],[113.1034,36.6718],[113.1036,36.6786],[113.1025,36.6843],[113.0989,36.692],[113.0926,36.7002],[113.0762,36.7145],[113.0691,36.7185],[113.0646,36.7202],[113.051,36.724],[112.9952,36.7427],[112.8932,36.7787],[112.8843,36.7807],[112.8667,36.782],[112.8605,36.7831],[112.8344,36.7905],[112.8221,36.795],[112.8174,36.7976],[112.8109,36.803],[112.8058,36.8094],[112.804,36.8129],[112.7831,36.874],[112.7821,36.8794],[112.7807,36.8987],[112.7819,36.9101],[112.7942,36.9526],[112.8026,36.9928],[112.8029,36.9977],[112.8022,37.0043],[112.798,37.0262],[112.7974,37.042],[112.7984,37.0522],[112.8024,37.0708],[112.8027,37.0799],[112.8014,37.0876],[112.7993,37.0938],[112.7913,37.1104],[112.7799,37.1332],[112.7706,37.1451],[112.7652,37.1539],[112.761,37.1647],[112.7598,37.1742],[112.7578,37.2496],[112.7555,37.2648],[112.7524,37.2711],[112.7426,37.2846],[112.7327,37.3047],[112.691,37.3835],[112.687,37.3887],[112.6809,37.3944],[112.6624,37.4065],[112.6414,37.424],[112.6362,37.4292],[112.6112,37.468],[112.6068,37.473],[112.5971,37.4812],[112.5924,37.4868],[112.5899,37.4916],[112.5847,37.5079],[112.5822,37.5125],[112.5744,37.5228],[112.571,37.5304],[112.5703,37.5363],[112.5711,37.5415],[112.5786,37.5572],[112.5801,37.5632],[112.58,37.6342],[112.5817,37.6501],[112.583,37.6549],[112.5847,37.6584],[112.5875,37.6622],[112.5908,37.6655],[112.5975,37.6698],[112.6184,37.6777],[112.662,37.7013],[112.6666,37.7054],[112.6684,37.7085],[112.6692,37.7113],[112.6719,37.74],[112.6707,37.7437],[112.6483,37.7615],[112.6357,37.7697],[112.6241,37.776],[112.6102,37.7864],[112.6048,37.7913]]}},{"type":"Feature","properties":{"country":"China","line":"郑阜高速铁路","from":"郑州航空港","to":"阜阳西","dist_km":276.0,"fare_local":174.0,"currency":"CNY","local_per_km":0.6304,"usd_per_km":0.0901,"extra":{"n_fare_points":476,"overlap_trimmed":false},"from_en":"Zhengzhou Hangkonggang","to_en":"Fuyangxi","line_en":"Zhengfu High-Speed Railway"},"geometry":{"type":"LineString","coordinates":[[113.9269,34.4892],[113.9256,34.4826],[113.9255,34.4726],[113.9238,34.4616],[113.9233,34.4519],[113.9205,34.4353],[113.9085,34.3954],[113.9077,34.3775],[113.9054,34.3656],[113.9019,34.3387],[113.8964,34.3118],[113.8947,34.2603],[113.8975,34.2061],[113.8991,34.1933],[113.9023,34.1815],[113.907,34.1709],[113.9115,34.1629],[113.9369,34.1295],[113.9471,34.1197],[113.964,34.1093],[114.029,34.0799],[114.036,34.0774],[114.0488,34.0745],[114.1511,34.063],[114.163,34.0605],[114.2237,34.0395],[114.2472,34.0299],[114.2584,34.0266],[114.2666,34.025],[114.2862,34.0227],[114.2946,34.0208],[114.3261,34.0096],[114.399,33.9934],[114.414,33.9878],[114.4262,33.9808],[114.5017,33.918],[114.5131,33.9056],[114.5286,33.8857],[114.5435,33.8696],[114.5633,33.8528],[114.5712,33.8449],[114.5879,33.8261],[114.5911,33.8216],[114.5957,33.8139],[114.6192,33.7668],[114.6231,33.7606],[114.6284,33.7542],[114.6349,33.748],[114.6532,33.7338],[114.69,33.7093],[114.7005,33.7008],[114.7096,33.6912],[114.7262,33.6698],[114.7528,33.6307],[114.7595,33.6232],[114.767,33.6167],[114.7727,33.6128],[114.7948,33.6007],[114.8217,33.5835],[114.8279,33.5789],[114.8336,33.5736],[114.8562,33.5493],[114.8771,33.5228],[114.882,33.5174],[114.9228,33.4832],[114.9344,33.4756],[114.9448,33.4709],[114.9535,33.468],[114.9685,33.465],[114.9942,33.4631],[115.0068,33.4605],[115.0262,33.4547],[115.0547,33.4425],[115.0857,33.4316],[115.1477,33.4021],[115.1755,33.3851],[115.1857,33.3757],[115.219,33.3391],[115.2275,33.3324],[115.255,33.3146],[115.262,33.3086],[115.2735,33.2972],[115.2826,33.287],[115.3116,33.2437],[115.3168,33.2314],[115.3242,33.2095],[115.3262,33.2009],[115.3269,33.1932],[115.3216,33.1268],[115.3212,33.1042],[115.3235,33.0815],[115.3249,33.075],[115.328,33.0661],[115.3338,33.0554],[115.343,33.0443],[115.3507,33.0376],[115.3561,33.0338],[115.3723,33.0246],[115.3999,33.0103],[115.4545,32.9926],[115.4933,32.9838],[115.5072,32.9797],[115.5557,32.9643],[115.5752,32.9561],[115.5852,32.9528],[115.6106,32.9464],[115.6523,32.9384],[115.6838,32.9365],[115.7245,32.93],[115.7322,32.9278],[115.7375,32.925],[115.7429,32.9205],[115.7466,32.9155],[115.7485,32.9115],[115.7496,32.9071],[115.7498,32.9019],[115.7476,32.8919],[115.7476,32.8849]]}},{"type":"Feature","properties":{"country":"China","line":"郑开城际铁路","from":"郑州东","to":"开封","dist_km":57.0,"fare_local":24.0,"currency":"CNY","local_per_km":0.4211,"usd_per_km":0.0602,"extra":{"n_fare_points":1599,"overlap_trimmed":false},"from_en":"Zhengzhoudong","to_en":"Kaifeng","line_en":"Zhengkai Intercity Railway"},"geometry":{"type":"LineString","coordinates":[[113.7733,34.7602],[113.7719,34.7747],[113.7743,34.7802],[113.776,34.7815],[113.7779,34.7819],[113.7804,34.7816],[113.7876,34.7771],[113.7912,34.7761],[113.8047,34.7773],[113.8334,34.7773],[113.8543,34.7748],[113.8684,34.7759],[113.8913,34.78],[113.9459,34.7821],[113.9945,34.7789],[114.0211,34.7801],[114.0467,34.7772],[114.0565,34.7773],[114.0761,34.7785],[114.1313,34.7874],[114.164,34.7958],[114.1739,34.797],[114.2645,34.797],[114.2691,34.7958],[114.273,34.7934],[114.2755,34.7907],[114.283,34.7788],[114.2856,34.7767],[114.2901,34.7747],[114.337,34.7709],[114.3491,34.772]]}},{"type":"Feature","properties":{"country":"China","line":"郑机城际铁路","from":"郑州东","to":"郑州航空港","dist_km":39.0,"fare_local":18.0,"currency":"CNY","local_per_km":0.4615,"usd_per_km":0.0659,"extra":{"n_fare_points":366,"overlap_trimmed":false},"from_en":"Zhengzhoudong","to_en":"Zhengzhou Hangkonggang","line_en":"Zhengji Intercity Railway"},"geometry":{"type":"LineString","coordinates":[[113.7733,34.7602],[113.7744,34.7362],[113.7793,34.721],[113.7807,34.7096],[113.7852,34.6926],[113.7853,34.6873],[113.7837,34.6709],[113.7847,34.6644],[113.7879,34.6589],[113.7996,34.6482],[113.8025,34.6446],[113.8122,34.6261],[113.8255,34.6123],[113.8287,34.6071],[113.8302,34.6026],[113.8308,34.5969],[113.8309,34.5705],[113.8302,34.5653],[113.8249,34.5452],[113.8251,34.5413],[113.8266,34.5376],[113.8299,34.534],[113.8334,34.532],[113.8843,34.5151],[113.891,34.5142],[113.9021,34.5146],[113.9155,34.5128],[113.9215,34.5106],[113.9243,34.5083],[113.9255,34.5059],[113.9257,34.4954],[113.9269,34.4892]]}},{"type":"Feature","properties":{"country":"China","line":"京沪高速铁路","from":"北京南","to":"济南西","dist_km":406.0,"fare_local":208.0,"currency":"CNY","local_per_km":0.5123,"usd_per_km":0.0732,"extra":{"n_fare_points":918,"overlap_trimmed":false},"from_en":"Beijingnan","to_en":"Jinanxi","line_en":"Jinghu High-Speed Railway"},"geometry":{"type":"LineString","coordinates":[[116.3724,39.8635],[116.366,39.8568],[116.3643,39.8558],[116.342,39.8514],[116.3381,39.8496],[116.3357,39.8466],[116.3283,39.8313],[116.3196,39.8031],[116.304,39.7649],[116.3017,39.7577],[116.3012,39.751],[116.3025,39.7439],[116.3057,39.7368],[116.3101,39.7311],[116.3513,39.6952],[116.3724,39.6795],[116.3814,39.6741],[116.4227,39.6539],[116.4569,39.6314],[116.4905,39.611],[116.4991,39.6067],[116.5092,39.6029],[116.5372,39.5952],[116.5486,39.5913],[116.5809,39.5758],[116.6036,39.5657],[116.6183,39.5581],[116.6714,39.5286],[116.7053,39.5076],[116.7556,39.4811],[116.8006,39.4553],[116.8089,39.4498],[116.8232,39.4384],[116.8412,39.4186],[116.8494,39.4115],[116.9087,39.3717],[116.9196,39.3615],[116.9343,39.343],[116.9419,39.335],[116.9773,39.3049],[117.0161,39.275],[117.0223,39.2687],[117.0272,39.2622],[117.0323,39.2528],[117.035,39.2436],[117.0534,39.1616],[117.0577,39.1361],[117.0583,39.1268],[117.0573,39.076],[117.0518,39.0349],[117.0491,39.0264],[117.031,38.9874],[117.0282,38.9778],[117.008,38.8928],[117.0059,38.8867],[116.9883,38.8481],[116.9848,38.8382],[116.9829,38.8286],[116.9758,38.764],[116.9709,38.7368],[116.9681,38.7271],[116.9383,38.6501],[116.9229,38.6202],[116.9036,38.5739],[116.9003,38.5679],[116.8789,38.5353],[116.8654,38.5057],[116.8626,38.4983],[116.8506,38.4567],[116.8452,38.4436],[116.8377,38.4317],[116.8121,38.3998],[116.7817,38.3558],[116.7765,38.346],[116.7502,38.2768],[116.7382,38.2536],[116.7344,38.2445],[116.7053,38.1349],[116.7014,38.1241],[116.6822,38.0895],[116.6514,38.0043],[116.5934,37.8915],[116.5623,37.8194],[116.5511,37.7875],[116.5366,37.7562],[116.514,37.699],[116.5016,37.6751],[116.4977,37.666],[116.4875,37.6355],[116.4859,37.625],[116.484,37.6032],[116.4824,37.5957],[116.4666,37.5457],[116.4641,37.5361],[116.452,37.454],[116.4523,37.4397],[116.4612,37.378],[116.4648,37.366],[116.4702,37.3559],[116.5,37.316],[116.5181,37.2894],[116.5397,37.2658],[116.5698,37.2234],[116.5918,37.1974],[116.6165,37.1567],[116.6496,37.1134],[116.6694,37.0829],[116.6978,37.045],[116.7349,36.9883],[116.7776,36.9374],[116.801,36.9009],[116.8057,36.8944],[116.8588,36.8324],[116.8665,36.821],[116.8695,36.8144],[116.8724,36.8047],[116.8789,36.7553],[116.885,36.7292],[116.886,36.6688]]}},{"type":"Feature","properties":{"country":"China","line":"京沪高速铁路","from":"济南西","to":"蚌埠南","dist_km":442.0,"fare_local":230.0,"currency":"CNY","local_per_km":0.5204,"usd_per_km":0.0744,"extra":{"n_fare_points":419,"overlap_trimmed":false},"from_en":"Jinanxi","to_en":"Bengbunan","line_en":"Jinghu High-Speed Railway"},"geometry":{"type":"LineString","coordinates":[[116.886,36.6688],[116.886,36.6454],[116.8841,36.604],[116.8851,36.5963],[116.8894,36.58],[116.8903,36.5687],[116.8889,36.5583],[116.878,36.517],[116.8774,36.5117],[116.8782,36.5045],[116.8811,36.4929],[116.8834,36.4878],[116.8879,36.4804],[116.9033,36.4597],[116.9083,36.4516],[116.9116,36.4425],[116.9159,36.4163],[116.917,36.3636],[116.9232,36.3327],[116.9276,36.3226],[116.9323,36.3153],[116.967,36.2778],[116.981,36.2593],[116.9863,36.2485],[116.9919,36.2263],[116.9971,36.2151],[117.0009,36.2094],[117.0139,36.1937],[117.0403,36.1547],[117.0513,36.143],[117.0564,36.1355],[117.0717,36.1092],[117.0868,36.0789],[117.0902,36.0701],[117.0918,36.063],[117.0952,36.0363],[117.1008,36.0073],[117.1043,35.9795],[117.1128,35.9436],[117.115,35.9142],[117.1133,35.9016],[117.0994,35.8629],[117.0959,35.8504],[117.0922,35.8329],[117.0806,35.7995],[117.0779,35.7877],[117.0771,35.7779],[117.0777,35.7357],[117.0735,35.699],[117.0597,35.6337],[117.0569,35.6174],[117.0571,35.6073],[117.0686,35.5164],[117.0678,35.5058],[117.064,35.488],[117.0631,35.4811],[117.0624,35.4588],[117.0634,35.4509],[117.0653,35.4435],[117.0734,35.4172],[117.0801,35.3783],[117.0841,35.3678],[117.0887,35.3596],[117.0935,35.3532],[117.1467,35.3016],[117.1641,35.2768],[117.1721,35.2617],[117.1751,35.2525],[117.1804,35.2304],[117.1849,35.2194],[117.2254,35.1571],[117.2292,35.1482],[117.2369,35.1241],[117.2472,35.1034],[117.27,35.0472],[117.2759,35.0353],[117.2878,35.018],[117.2948,35.0034],[117.2992,34.9914],[117.301,34.9833],[117.3016,34.9734],[117.3005,34.964],[117.2964,34.9495],[117.2923,34.9393],[117.2754,34.9099],[117.2718,34.9003],[117.2699,34.8906],[117.2695,34.8811],[117.2706,34.8682],[117.2756,34.8433],[117.2801,34.8316],[117.2888,34.8149],[117.2922,34.8069],[117.3044,34.7653],[117.31,34.7531],[117.3143,34.7466],[117.319,34.741],[117.342,34.7187],[117.3526,34.7067],[117.3866,34.6655],[117.4135,34.6249],[117.4182,34.6166],[117.4229,34.6044],[117.4242,34.5975],[117.4254,34.573],[117.4242,34.5178],[117.4229,34.5103],[117.4213,34.5051],[117.4149,34.4911],[117.4074,34.4815],[117.4023,34.4763],[117.3977,34.4724],[117.3872,34.4653],[117.3733,34.4587],[117.3456,34.449],[117.3381,34.4451],[117.3278,34.4373],[117.3241,34.4338],[117.3175,34.4259],[117.3067,34.4103],[117.3032,34.4036],[117.3001,34.395],[117.2987,34.3884],[117.2909,34.3088],[117.2909,34.3005],[117.2932,34.2887],[117.3149,34.2193],[117.3166,34.2093],[117.3162,34.1943],[117.3123,34.1795],[117.2509,34.0351],[117.2483,34.0244],[117.2349,33.9489],[117.2207,33.867],[117.2195,33.8555],[117.2204,33.8435],[117.2342,33.7699],[117.2622,33.5577],[117.2818,33.4626],[117.2841,33.4558],[117.3346,33.34],[117.3371,33.3331],[117.3399,33.3204],[117.3555,33.2039],[117.3748,33.1304],[117.4234,32.9839],[117.4257,32.972],[117.4302,32.9299],[117.4368,32.9037]]}},{"type":"Feature","properties":{"country":"China","line":"京沪高速铁路","from":"蚌埠南","to":"上海虹桥","dist_km":470.0,"fare_local":233.0,"currency":"CNY","local_per_km":0.4957,"usd_per_km":0.0708,"extra":{"n_fare_points":285,"overlap_trimmed":false},"from_en":"Bengbunan","to_en":"Shanghai-Hongqiao","line_en":"Jinghu High-Speed Railway"},"geometry":{"type":"LineString","coordinates":[[117.4368,32.9037],[117.4468,32.8684],[117.4656,32.8271],[117.4688,32.8215],[117.4769,32.8102],[117.4883,32.7998],[117.5048,32.7892],[117.7241,32.6839],[117.7298,32.681],[117.7414,32.6736],[117.7877,32.6353],[117.814,32.6124],[117.8246,32.5991],[117.8497,32.557],[117.8958,32.5031],[117.9635,32.4424],[118.1154,32.33],[118.1629,32.2854],[118.1751,32.2758],[118.1844,32.2702],[118.3409,32.1853],[118.3758,32.1657],[118.3873,32.157],[118.3952,32.1497],[118.4879,32.0479],[118.4969,32.0384],[118.5034,32.033],[118.5116,32.0275],[118.5186,32.0237],[118.5942,31.987],[118.602,31.9826],[118.6113,31.976],[118.6614,31.9353],[118.6682,31.9309],[118.6742,31.9281],[118.6858,31.9245],[118.6933,31.9234],[118.7003,31.9231],[118.7052,31.9232],[118.7149,31.9248],[118.7233,31.9273],[118.7291,31.9299],[118.7361,31.934],[118.7408,31.9376],[118.7575,31.9526],[118.7713,31.9615],[118.8355,31.9912],[118.8832,32.0101],[118.8994,32.0182],[118.9082,32.0241],[118.9162,32.0306],[118.9388,32.0537],[118.9457,32.0591],[118.9572,32.0661],[118.9848,32.0793],[118.9956,32.0836],[119.0076,32.0869],[119.0757,32.1007],[119.1499,32.1242],[119.1649,32.1311],[119.1945,32.1502],[119.2073,32.1559],[119.2199,32.1596],[119.2297,32.1614],[119.2402,32.1623],[119.2828,32.162],[119.2919,32.1626],[119.3022,32.1642],[119.335,32.1712],[119.3457,32.1725],[119.3618,32.172],[119.3755,32.1691],[119.4504,32.1437],[119.5127,32.1309],[119.5254,32.1265],[119.5365,32.1211],[119.5501,32.1117],[119.6108,32.0607],[119.6403,32.0394],[119.6803,32.0055],[119.6891,31.9986],[119.8943,31.8775],[119.9043,31.8732],[120.0543,31.8181],[120.0967,31.8071],[120.1286,31.803],[120.1371,31.8012],[120.1481,31.7974],[120.1575,31.7927],[120.1674,31.7856],[120.2172,31.7397],[120.2256,31.7331],[120.2344,31.7277],[120.2603,31.7162],[120.2689,31.713],[120.2779,31.7106],[120.3195,31.7029],[120.328,31.7007],[120.3538,31.6902],[120.3651,31.6844],[120.3745,31.6779],[120.3998,31.6565],[120.4296,31.6212],[120.4356,31.615],[120.4791,31.5801],[120.4886,31.5708],[120.4967,31.5597],[120.5381,31.489],[120.5445,31.4806],[120.5528,31.4723],[120.5615,31.4656],[120.5715,31.4596],[120.7025,31.39],[120.7171,31.3841],[120.7322,31.3802],[120.7576,31.3751],[120.7843,31.3728],[120.7999,31.3737],[120.8275,31.3798],[120.8532,31.383],[120.8658,31.3834],[120.8759,31.3823],[120.8843,31.3804],[120.8924,31.3777],[120.9821,31.3406],[120.9943,31.3364],[121.0076,31.3341],[121.0189,31.3339],[121.0297,31.335],[121.051,31.3399],[121.0589,31.3411],[121.0702,31.3415],[121.0801,31.3407],[121.0949,31.3372],[121.1377,31.3211],[121.1468,31.3184],[121.1882,31.3077],[121.2381,31.2987],[121.2473,31.2963],[121.2553,31.293],[121.261,31.2898],[121.2665,31.2858],[121.2722,31.2803],[121.2789,31.2706],[121.2864,31.2515],[121.29,31.2449],[121.295,31.2388],[121.3085,31.2272],[121.3122,31.2231],[121.3145,31.2189],[121.3157,31.2145],[121.3162,31.196]]}},{"type":"Feature","properties":{"country":"China","line":"沪宁城际铁路","from":"上海","to":"苏州","dist_km":84.0,"fare_local":41.0,"currency":"CNY","local_per_km":0.4881,"usd_per_km":0.0697,"extra":{"n_fare_points":4158,"overlap_trimmed":false},"from_en":"Shanghai","to_en":"Suzhou","line_en":"Huning Intercity Railway"},"geometry":{"type":"LineString","coordinates":[[121.4512,31.2516],[121.4373,31.2575],[121.3128,31.2815],[121.2465,31.2953],[121.223,31.3011],[121.1862,31.308],[121.1399,31.3201],[121.0957,31.3367],[121.0845,31.3398],[121.072,31.3413],[121.0587,31.3409],[121.0497,31.3394],[121.0325,31.3353],[121.0216,31.3338],[121.0105,31.3337],[120.9962,31.3358],[120.9838,31.3397],[120.8957,31.3761],[120.8831,31.3806],[120.8744,31.3822],[120.8648,31.3824],[120.847,31.3812],[120.84,31.3801],[120.8195,31.3729],[120.7837,31.3628],[120.7597,31.3569],[120.7422,31.3505],[120.6909,31.3393],[120.6815,31.3384],[120.6426,31.3383],[120.619,31.3345],[120.6067,31.3319]]}},{"type":"Feature","properties":{"country":"China","line":"沪宁城际铁路","from":"苏州","to":"南京","dist_km":217.0,"fare_local":106.0,"currency":"CNY","local_per_km":0.4885,"usd_per_km":0.0698,"extra":{"n_fare_points":1890,"overlap_trimmed":false},"from_en":"Suzhou","to_en":"Nanjing","line_en":"Huning Intercity Railway"},"geometry":{"type":"LineString","coordinates":[[120.6067,31.3319],[120.5871,31.3276],[120.5823,31.3272],[120.5718,31.3286],[120.5674,31.3303],[120.5637,31.3328],[120.4087,31.4795],[120.3472,31.5366],[120.3212,31.5703],[120.3134,31.5814],[120.3053,31.5878],[120.2909,31.5969],[120.2725,31.6155],[120.258,31.626],[120.2526,31.6306],[120.2363,31.6491],[120.2264,31.657],[120.2192,31.661],[120.1899,31.6746],[120.1773,31.6793],[120.1701,31.6813],[120.1636,31.6824],[120.1466,31.6824],[120.1391,31.6831],[120.1318,31.6849],[120.1233,31.6883],[120.1079,31.6968],[120.0955,31.7049],[120.0767,31.7157],[119.9781,31.7769],[119.9707,31.7839],[119.9602,31.7969],[119.9557,31.8003],[119.8936,31.8223],[119.8435,31.8453],[119.8352,31.85],[119.8041,31.8701],[119.7917,31.877],[119.725,31.9183],[119.5971,31.9838],[119.5926,31.9882],[119.5899,31.9939],[119.5792,32.0511],[119.577,32.0575],[119.5743,32.0621],[119.5686,32.0682],[119.5524,32.0797],[119.5433,32.0877],[119.5036,32.1313],[119.4984,32.1383],[119.4903,32.1534],[119.469,32.1802],[119.4622,32.1858],[119.4409,32.1999],[119.4372,32.2008],[119.4331,32.2004],[119.4233,32.1987],[119.4102,32.1947],[119.3947,32.1928],[119.3726,32.1846],[119.3561,32.1812],[119.3494,32.1792],[119.3358,32.1728],[119.3288,32.1703],[119.2932,32.1629],[119.2793,32.1621],[119.244,32.1627],[119.223,32.1615],[119.1973,32.1629],[119.1329,32.1639],[119.1181,32.1623],[119.0858,32.1534],[119.0745,32.1513],[119.0252,32.1522],[119.0117,32.1511],[118.9842,32.144],[118.964,32.14],[118.9397,32.1383],[118.9296,32.1364],[118.9222,32.1335],[118.887,32.1133],[118.8774,32.109],[118.8666,32.1063],[118.8489,32.1045],[118.8416,32.1028],[118.834,32.0992],[118.8226,32.0913],[118.8069,32.0848],[118.8028,32.0848],[118.7917,32.0887]]}},{"type":"Feature","properties":{"country":"China","line":"沪宁沿江高速铁路","from":"南京南","to":"张家港","dist_km":210.0,"fare_local":107.0,"currency":"CNY","local_per_km":0.5095,"usd_per_km":0.0728,"extra":{"n_fare_points":2003,"overlap_trimmed":false},"from_en":"Nanjingnan","to_en":"Zhangjiagang","line_en":"Huningyanjiang High-Speed Railway"},"geometry":{"type":"LineString","coordinates":[[118.7931,31.9708],[118.811,31.9796],[118.8208,31.9825],[118.8407,31.9841],[118.8459,31.9833],[118.8511,31.9814],[118.8573,31.9769],[118.8669,31.966],[118.8818,31.9504],[118.9053,31.928],[118.9219,31.9089],[118.926,31.9057],[118.931,31.9029],[118.9413,31.9],[118.9486,31.8996],[118.955,31.9005],[118.9916,31.9107],[119.0449,31.9224],[119.0559,31.9238],[119.0874,31.9239],[119.1116,31.9257],[119.1208,31.9256],[119.1953,31.9206],[119.2053,31.9192],[119.2155,31.9166],[119.2256,31.9128],[119.2369,31.9068],[119.2636,31.8887],[119.2836,31.8733],[119.3113,31.8561],[119.3201,31.8497],[119.326,31.8442],[119.3456,31.8228],[119.3719,31.7975],[119.3767,31.7912],[119.3968,31.7599],[119.4115,31.7407],[119.4221,31.7314],[119.4331,31.7247],[119.4414,31.7213],[119.4492,31.7189],[119.4865,31.7119],[119.5617,31.6908],[119.5911,31.6875],[119.6146,31.6818],[119.6226,31.6804],[119.6581,31.6786],[119.6761,31.6763],[119.6949,31.675],[119.7163,31.6718],[119.7556,31.6717],[119.778,31.6697],[119.8062,31.6692],[119.8351,31.667],[119.8683,31.6623],[119.8934,31.6626],[119.9009,31.6622],[119.9189,31.6589],[119.9259,31.6585],[119.9586,31.6625],[119.9666,31.6646],[119.9847,31.6712],[120.0111,31.6753],[120.0218,31.6783],[120.0354,31.684],[120.0465,31.6909],[120.0539,31.6981],[120.0668,31.7145],[120.0726,31.7199],[120.0785,31.7243],[120.0876,31.7294],[120.1126,31.7398],[120.1512,31.7613],[120.1583,31.7659],[120.1683,31.775],[120.1871,31.7974],[120.1951,31.8041],[120.2064,31.8102],[120.2302,31.8182],[120.2397,31.8239],[120.249,31.8323],[120.2594,31.8467],[120.2639,31.852],[120.292,31.8784],[120.3009,31.8852],[120.3095,31.89],[120.3169,31.8931],[120.3432,31.901],[120.3531,31.9032],[120.374,31.9057],[120.3816,31.906],[120.4401,31.9011],[120.454,31.9012],[120.4631,31.9025],[120.4717,31.9047],[120.5006,31.9154],[120.5113,31.9176],[120.5215,31.9186],[120.5397,31.9178],[120.5641,31.9133],[120.5785,31.9098],[120.5908,31.9057],[120.6232,31.8929],[120.6303,31.8888],[120.6395,31.8823],[120.6498,31.8737],[120.6589,31.8625],[120.6625,31.8562],[120.6653,31.8495],[120.6674,31.8418],[120.6692,31.8288],[120.6692,31.8194]]}},{"type":"Feature","properties":{"country":"China","line":"沪苏湖高速铁路","from":"上海虹桥","to":"湖州","dist_km":164.0,"fare_local":59.0,"currency":"CNY","local_per_km":0.3598,"usd_per_km":0.0514,"extra":{"n_fare_points":722,"overlap_trimmed":false},"from_en":"Shanghai-Hongqiao","to_en":"Huzhou","line_en":"Husuhu High-Speed Railway"},"geometry":{"type":"LineString","coordinates":[[121.3162,31.196],[121.3161,31.1893],[121.3174,31.1817],[121.317,31.1746],[121.3178,31.1714],[121.3201,31.1665],[121.3349,31.1428],[121.3568,31.1124],[121.3618,31.0982],[121.3618,31.0954],[121.3601,31.0902],[121.3576,31.0867],[121.3427,31.0736],[121.3056,31.0524],[121.2944,31.0443],[121.2687,31.0209],[121.2552,31.0054],[121.2446,30.9955],[121.2377,30.9921],[121.2109,30.984],[121.2015,30.983],[121.1771,30.9859],[121.1688,30.9861],[121.1598,30.9854],[121.1339,30.9818],[121.1041,30.9811],[121.0742,30.9828],[121.0592,30.9848],[121.0487,30.9875],[121.0407,30.9906],[121.0137,31.004],[121.0062,31.0089],[121.0017,31.0127],[120.9866,31.0285],[120.98,31.0346],[120.9706,31.0409],[120.959,31.0462],[120.9494,31.049],[120.9255,31.0538],[120.8923,31.0629],[120.8829,31.0646],[120.8297,31.0681],[120.8115,31.0676],[120.7749,31.0631],[120.76,31.0601],[120.7422,31.0537],[120.7285,31.0464],[120.7195,31.0402],[120.7127,31.0345],[120.7022,31.023],[120.6948,31.0122],[120.6789,30.9821],[120.6645,30.9591],[120.6575,30.95],[120.6472,30.9408],[120.6384,30.9354],[120.6279,30.9308],[120.6186,30.9281],[120.5931,30.9226],[120.583,30.919],[120.5758,30.9157],[120.5214,30.8868],[120.4739,30.8494],[120.4644,30.8427],[120.4527,30.8369],[120.4393,30.8324],[120.4289,30.8304],[120.4181,30.8295],[120.3835,30.8284],[120.3581,30.8294],[120.348,30.829],[120.3381,30.8277],[120.3165,30.8224],[120.3055,30.8203],[120.2493,30.8151],[120.2397,30.8151],[120.1028,30.8229],[120.0671,30.8195],[120.0336,30.8188],[120.0284,30.8201],[120.0248,30.8222],[120.0219,30.825],[120.0188,30.8309],[120.018,30.835],[120.0176,30.8651]]}},{"type":"Feature","properties":{"country":"China","line":"连镇高速铁路","from":"连云港","to":"镇江","dist_km":340.0,"fare_local":142.0,"currency":"CNY","local_per_km":0.4176,"usd_per_km":0.0597,"extra":{"n_fare_points":217,"overlap_trimmed":false},"from_en":"Lianyungang","to_en":"Zhenjiang","line_en":"Lianzhen High-Speed Railway"},"geometry":{"type":"LineString","coordinates":[[119.1578,34.6101],[119.1525,34.6082],[119.1327,34.598],[119.1031,34.5934],[119.096,34.5906],[119.0911,34.5866],[119.0881,34.5817],[119.087,34.5757],[119.0882,34.57],[119.1029,34.536],[119.1068,34.5297],[119.1394,34.4934],[119.1447,34.4879],[119.1507,34.4829],[119.192,34.4515],[119.2068,34.4411],[119.2138,34.4378],[119.25,34.4246],[119.2793,34.4154],[119.2846,34.4127],[119.2881,34.41],[119.2914,34.4067],[119.2943,34.4025],[119.2971,34.3948],[119.3024,34.3593],[119.3042,34.2553],[119.3151,34.2114],[119.3157,34.2011],[119.3147,34.17],[119.3142,34.1657],[119.3127,34.1606],[119.3098,34.155],[119.2968,34.1399],[119.293,34.1342],[119.2837,34.1158],[119.2682,34.0904],[119.2648,34.0812],[119.264,34.0713],[119.2666,34.0502],[119.2654,33.9983],[119.2556,33.9296],[119.2528,33.9224],[119.2428,33.9075],[119.2224,33.867],[119.2194,33.8567],[119.2187,33.8517],[119.2178,33.826],[119.2167,33.8206],[119.2132,33.8105],[119.2091,33.8016],[119.1828,33.7666],[119.1751,33.7502],[119.1706,33.7433],[119.1662,33.7384],[119.1385,33.7142],[119.1323,33.7074],[119.1299,33.7033],[119.1279,33.6973],[119.1261,33.6838],[119.1269,33.6774],[119.1303,33.67],[119.139,33.6589],[119.1515,33.6395],[119.1574,33.6233],[119.1697,33.6],[119.1964,33.5427],[119.2041,33.5226],[119.2145,33.5046],[119.2213,33.4862],[119.2295,33.4736],[119.2436,33.4437],[119.2746,33.3733],[119.3046,33.3239],[119.3104,33.3159],[119.3182,33.3073],[119.334,33.292],[119.3481,33.2729],[119.3676,33.2535],[119.3709,33.2494],[119.3748,33.2432],[119.3786,33.2331],[119.3966,33.173],[119.4268,33.113],[119.4298,33.1055],[119.4461,33.0441],[119.4527,32.991],[119.4637,32.9543],[119.4723,32.9338],[119.4774,32.9146],[119.4846,32.897],[119.4855,32.8933],[119.4888,32.8305],[119.4957,32.7893],[119.5162,32.7341],[119.5366,32.7017],[119.544,32.6858],[119.5479,32.6762],[119.5492,32.6716],[119.5525,32.6523],[119.554,32.6049],[119.5518,32.5861],[119.5521,32.551],[119.5448,32.5244],[119.5403,32.4601],[119.5383,32.4544],[119.5362,32.4506],[119.524,32.4359],[119.5211,32.4282],[119.5209,32.4205],[119.5247,32.3907],[119.5244,32.3851],[119.5216,32.3712],[119.5218,32.3665],[119.523,32.3617],[119.5271,32.3545],[119.5561,32.3187],[119.5601,32.3149],[119.5953,32.2854],[119.6386,32.2405],[119.6442,32.2368],[119.6508,32.2341],[119.6936,32.2218],[119.7009,32.2179],[119.7072,32.213],[119.7123,32.2069],[119.7302,32.1768],[119.7326,32.1687],[119.7326,32.1619],[119.7313,32.1561],[119.7296,32.1522],[119.7267,32.1476],[119.7222,32.1429],[119.7171,32.1393],[119.7116,32.1365],[119.7051,32.1345],[119.6982,32.1335],[119.6459,32.137],[119.6405,32.1381],[119.615,32.1465],[119.6065,32.1479],[119.5723,32.1483],[119.5458,32.1508],[119.5017,32.1471],[119.4971,32.1483],[119.4934,32.1507],[119.4698,32.1807],[119.4592,32.1892],[119.442,32.1999],[119.4359,32.2005],[119.427,32.1997]]}},{"type":"Feature","properties":{"country":"China","line":"宁杭高速铁路","from":"南京南","to":"杭州东","dist_km":256.0,"fare_local":140.0,"currency":"CNY","local_per_km":0.5469,"usd_per_km":0.0782,"extra":{"n_fare_points":949,"overlap_trimmed":false},"from_en":"Nanjingnan","to_en":"Hangzhoudong","line_en":"Ninghang High-Speed Railway"},"geometry":{"type":"LineString","coordinates":[[118.7931,31.9708],[118.812,31.98],[118.8237,31.983],[118.8374,31.9841],[118.843,31.9839],[118.8501,31.9819],[118.8558,31.9784],[118.8819,31.9504],[118.9033,31.93],[118.9235,31.906],[118.9292,31.8982],[118.9455,31.8716],[118.9823,31.8248],[119.0068,31.7833],[119.0144,31.7748],[119.0421,31.7523],[119.0503,31.7438],[119.0979,31.6712],[119.107,31.6602],[119.118,31.6524],[119.1314,31.6448],[119.1837,31.6247],[119.19,31.6218],[119.2,31.6155],[119.3432,31.5025],[119.3947,31.4492],[119.4122,31.4285],[119.4458,31.4019],[119.4521,31.3982],[119.4601,31.3946],[119.467,31.3923],[119.4771,31.3899],[119.6444,31.3705],[119.6526,31.3681],[119.6776,31.3571],[119.684,31.3549],[119.692,31.3531],[119.7209,31.3494],[119.7378,31.3448],[119.7522,31.34],[119.7619,31.3357],[119.7814,31.3242],[119.7898,31.3206],[119.827,31.3088],[119.8345,31.3058],[119.8447,31.2996],[119.8536,31.2912],[119.8598,31.2814],[119.8634,31.2701],[119.864,31.2596],[119.861,31.2324],[119.8623,31.2214],[119.8651,31.2124],[119.8836,31.1752],[119.9077,31.1398],[119.9197,31.1143],[119.9225,31.1094],[119.9308,31.0988],[119.9493,31.0816],[119.9543,31.0755],[119.9592,31.0679],[119.977,31.0284],[119.9935,30.9981],[120.0061,30.9694],[120.0206,30.9319],[120.022,30.9235],[120.022,30.9193],[120.0181,30.8863],[120.0172,30.8063],[120.0119,30.7549],[120.0123,30.7394],[120.0216,30.6904],[120.0262,30.6725],[120.0294,30.6504],[120.034,30.6276],[120.0366,30.6201],[120.0427,30.6068],[120.0455,30.5982],[120.0516,30.5666],[120.0643,30.5191],[120.0673,30.5127],[120.0797,30.4911],[120.0927,30.4532],[120.1096,30.4208],[120.116,30.4067],[120.1189,30.402],[120.1241,30.3957],[120.1379,30.3841],[120.143,30.378],[120.1457,30.373],[120.1481,30.3657],[120.1506,30.3538],[120.1542,30.3478],[120.1594,30.3435],[120.188,30.3292],[120.1927,30.3252],[120.1952,30.32],[120.1959,30.3105],[120.1968,30.307],[120.2032,30.2985],[120.2082,30.2935]]}},{"type":"Feature","properties":{"country":"China","line":"合杭高速铁路","from":"合肥","to":"芜湖","dist_km":128.0,"fare_local":61.0,"currency":"CNY","local_per_km":0.4766,"usd_per_km":0.0681,"extra":{"n_fare_points":543,"overlap_trimmed":false},"from_en":"Hefei","to_en":"Wuhu","line_en":"Hehang High-Speed Railway"},"geometry":{"type":"LineString","coordinates":[[117.3119,31.8879],[117.3212,31.8822],[117.3239,31.8815],[117.3411,31.8829],[117.3709,31.8892],[117.3783,31.8903],[117.3815,31.89],[117.3913,31.8842],[117.4058,31.871],[117.4092,31.8673],[117.4133,31.8605],[117.4176,31.8571],[117.4232,31.8549],[117.4479,31.851],[117.452,31.8512],[117.4559,31.8522],[117.4679,31.8586],[117.5113,31.8758],[117.5156,31.8765],[117.5197,31.8764],[117.5267,31.8743],[117.5319,31.8706],[117.5403,31.8601],[117.5496,31.8517],[117.58,31.8322],[117.599,31.8218],[117.6645,31.7827],[117.7015,31.7569],[117.8095,31.6981],[117.8217,31.6929],[117.845,31.6862],[117.8576,31.6812],[117.8637,31.678],[117.8845,31.6625],[117.8986,31.65],[117.9052,31.6429],[117.9143,31.6302],[117.9282,31.6087],[117.9344,31.6011],[117.9414,31.5946],[117.9784,31.5654],[118.0046,31.5362],[118.0115,31.5295],[118.0196,31.5237],[118.0272,31.5195],[118.0517,31.5086],[118.0585,31.505],[118.0675,31.4989],[118.0738,31.4934],[118.0961,31.4677],[118.1108,31.4457],[118.1339,31.4199],[118.1491,31.3956],[118.1528,31.3908],[118.1604,31.383],[118.1698,31.3761],[118.1781,31.3716],[118.1865,31.3683],[118.2061,31.3625],[118.2177,31.3603],[118.3117,31.3523],[118.3232,31.353],[118.3626,31.3585],[118.3739,31.3591],[118.3768,31.3583],[118.3816,31.355],[118.386,31.3498]]}},{"type":"Feature","properties":{"country":"China","line":"合杭高速铁路","from":"芜湖","to":"宣城","dist_km":70.0,"fare_local":35.0,"currency":"CNY","local_per_km":0.5,"usd_per_km":0.0714,"extra":{"n_fare_points":584,"overlap_trimmed":false},"from_en":"Wuhu","to_en":"Xuancheng","line_en":"Hehang High-Speed Railway"},"geometry":{"type":"LineString","coordinates":[[118.386,31.3498],[118.387,31.3429],[118.3869,31.3364],[118.3829,31.3281],[118.3845,31.3191],[118.3834,31.3127],[118.3888,31.2876],[118.3908,31.274],[118.3906,31.2706],[118.3893,31.2664],[118.387,31.2627],[118.3593,31.2361],[118.3561,31.2292],[118.3553,31.224],[118.3575,31.211],[118.3603,31.2031],[118.3645,31.1959],[118.384,31.1686],[118.392,31.1617],[118.3998,31.1572],[118.4232,31.1476],[118.446,31.1398],[118.4673,31.129],[118.4766,31.1253],[118.6878,31.0623],[118.6956,31.0597],[118.7049,31.0554],[118.7142,31.0495],[118.7206,31.0441],[118.7292,31.034],[118.7316,31.0301],[118.734,31.0254],[118.738,31.0137],[118.7464,30.9782],[118.7492,30.9691],[118.7537,30.9627],[118.7735,30.946],[118.7693,30.9497]]}},{"type":"Feature","properties":{"country":"China","line":"合杭高速铁路","from":"宣城","to":"湖州","dist_km":129.0,"fare_local":64.0,"currency":"CNY","local_per_km":0.4961,"usd_per_km":0.0709,"extra":{"n_fare_points":320,"overlap_trimmed":false},"from_en":"Xuancheng","to_en":"Huzhou","line_en":"Hehang High-Speed Railway"},"geometry":{"type":"LineString","coordinates":[[118.7693,30.9497],[118.7914,30.9309],[118.7983,30.926],[118.8042,30.9231],[118.8096,30.9214],[118.8212,30.9199],[118.8663,30.9229],[118.9048,30.9236],[118.9236,30.9255],[118.9488,30.9273],[119.006,30.9334],[119.0501,30.9419],[119.0595,30.9429],[119.0682,30.9431],[119.0947,30.9421],[119.1198,30.9438],[119.1364,30.9424],[119.1719,30.9361],[119.2101,30.9229],[119.2187,30.9207],[119.2841,30.9084],[119.2979,30.905],[119.3059,30.902],[119.3148,30.8974],[119.3677,30.8655],[119.378,30.8615],[119.3866,30.8591],[119.3966,30.8576],[119.4289,30.8556],[119.4428,30.8562],[119.4632,30.8595],[119.474,30.8604],[119.4868,30.8598],[119.5005,30.8573],[119.5139,30.8529],[119.5214,30.8491],[119.5299,30.8437],[119.5481,30.8304],[119.5584,30.8252],[119.5718,30.8211],[119.5843,30.8193],[119.6621,30.8178],[119.6972,30.8204],[119.7157,30.8233],[119.7638,30.8391],[119.7912,30.8457],[119.8031,30.8493],[119.8874,30.8865],[119.8984,30.89],[119.9097,30.892],[119.949,30.8921],[119.9608,30.8935],[119.9895,30.8984],[119.9935,30.8986],[119.9983,30.8979],[120.013,30.8928],[120.016,30.8908],[120.018,30.8883],[120.0192,30.8855],[120.0194,30.8828],[120.0182,30.8759],[120.0176,30.8651]]}},{"type":"Feature","properties":{"country":"China","line":"合杭高速铁路","from":"湖州","to":"桐庐","dist_km":138.0,"fare_local":73.0,"currency":"CNY","local_per_km":0.529,"usd_per_km":0.0756,"extra":{"n_fare_points":63,"overlap_trimmed":false},"from_en":"Huzhou","to_en":"Tonglu","line_en":"Hehang High-Speed Railway"},"geometry":{"type":"LineString","coordinates":[[120.0176,30.8651],[120.0172,30.825],[120.0181,30.8078],[120.0126,30.7536],[120.0135,30.7353],[120.0228,30.6873],[120.0268,30.6712],[120.0294,30.654],[120.0345,30.6287],[120.0366,30.6218],[120.0437,30.6051],[120.0459,30.5981],[120.0524,30.5647],[120.0638,30.5213],[120.0682,30.5115],[120.0794,30.4931],[120.0913,30.4754],[120.0951,30.4677],[120.0981,30.4579],[120.0997,30.4464],[120.0997,30.4296],[120.0988,30.4186],[120.0969,30.4103],[120.0921,30.398],[120.0811,30.3795],[120.0762,30.3737],[120.0615,30.3608],[120.0581,30.3565],[120.0557,30.3519],[120.0448,30.3228],[120.0395,30.3154],[120.0332,30.3098],[120.0246,30.3053],[120.0141,30.3024],[119.9358,30.2969],[119.9293,30.2961],[119.9199,30.2936],[119.908,30.2882],[119.8977,30.2806],[119.8903,30.2727],[119.8804,30.2584],[119.8771,30.2524],[119.8749,30.2466],[119.8728,30.2373],[119.8719,30.2305],[119.8701,30.1978],[119.8688,30.1892],[119.8686,30.1842],[119.8723,30.1689],[119.8732,30.1628],[119.8737,30.157],[119.8732,30.1466],[119.8621,30.0713],[119.8602,30.0632],[119.8524,30.0383],[119.8447,30.0178],[119.8412,30.0062],[119.8225,29.99],[119.8031,29.9646],[119.7846,29.9496],[119.7767,29.9423],[119.7691,29.9331],[119.7637,29.9245],[119.76,29.9164],[119.7575,29.9089],[119.7555,29.8991],[119.7549,29.8891],[119.756,29.8778],[119.7636,29.8343],[119.7633,29.8302],[119.7619,29.8257],[119.7597,29.8225],[119.7441,29.8103],[119.7273,29.7917]]}},{"type":"Feature","properties":{"country":"China","line":"杭温高速铁路","from":"桐庐东","to":"温州北","dist_km":261.0,"fare_local":136.5,"currency":"CNY","local_per_km":0.523,"usd_per_km":0.0747,"extra":{"n_fare_points":28,"overlap_trimmed":false},"from_en":"Tongludong","to_en":"Wenzhoubei","line_en":"Hangwen High-Speed Railway"},"geometry":{"type":"LineString","coordinates":[[119.7597,29.8575],[119.7637,29.8347],[119.767,29.806],[119.7697,29.7972],[119.7748,29.7867],[119.864,29.6585],[119.8847,29.6205],[119.8917,29.6097],[119.9281,29.5581],[119.9391,29.5409],[119.9538,29.5245],[119.9883,29.4813],[119.9955,29.4741],[120.0033,29.4679],[120.0257,29.4548],[120.0347,29.4477],[120.0426,29.4381],[120.0478,29.4275],[120.0501,29.4175],[120.0517,29.4068],[120.0508,29.401],[120.0481,29.3955],[120.0229,29.3672],[119.9883,29.3376],[119.9783,29.3257],[119.9675,29.3156],[119.9628,29.3083],[119.9603,29.2997],[119.9606,29.291],[119.9641,29.2784],[119.9666,29.2735],[119.9697,29.2694],[119.9939,29.2485],[120.0,29.244],[120.0124,29.2374],[120.0267,29.233],[120.0387,29.2314],[120.0598,29.2306],[120.0818,29.2277],[120.1341,29.2247],[120.1983,29.2246],[120.2249,29.2235],[120.2932,29.2119],[120.3067,29.2091],[120.3157,29.2061],[120.3328,29.1988],[120.3486,29.19],[120.3616,29.1811],[120.3751,29.1678],[120.3818,29.1592],[120.3892,29.1467],[120.3918,29.1394],[120.3938,29.1284],[120.3947,29.1131],[120.3956,29.0637],[120.3977,29.0519],[120.4025,29.0406],[120.4308,28.9898],[120.4344,28.9841],[120.4406,28.9765],[120.4612,28.9536],[120.4659,28.9494],[120.4712,28.946],[120.4827,28.9418],[120.5326,28.9275],[120.5987,28.9029],[120.6084,28.8976],[120.6131,28.8939],[120.618,28.8885],[120.6221,28.8818],[120.6245,28.8755],[120.6518,28.7852],[120.6692,28.748],[120.6747,28.7379],[120.6789,28.7268],[120.6822,28.7089],[120.6913,28.6492],[120.6985,28.614],[120.7302,28.5388],[120.7564,28.4681],[120.7641,28.4234],[120.7699,28.4028],[120.7712,28.3964],[120.772,28.3883],[120.7726,28.3509],[120.7737,28.3421],[120.7849,28.3069],[120.7926,28.2766],[120.7936,28.2693],[120.7929,28.2525],[120.7913,28.2415],[120.7872,28.2261],[120.7722,28.161],[120.7693,28.1538],[120.7339,28.08],[120.7325,28.0774],[120.7293,28.0746],[120.7232,28.0723],[120.6913,28.071]]}},{"type":"Feature","properties":{"country":"China","line":"杭台高速铁路","from":"绍兴北","to":"嵊州新昌","dist_km":82.0,"fare_local":41.0,"currency":"CNY","local_per_km":0.5,"usd_per_km":0.0714,"extra":{"n_fare_points":203,"overlap_trimmed":false},"from_en":"Shaoxingbei","to_en":"Shengzhouxinchang","line_en":"Hangtai High-Speed Railway"},"geometry":{"type":"LineString","coordinates":[[120.5345,30.1022],[120.5408,30.1019],[120.5525,30.0999],[120.5697,30.0957],[120.603,30.0916],[120.6123,30.0898],[120.6235,30.0864],[120.6485,30.0755],[120.659,30.0717],[120.6874,30.0641],[120.705,30.0583],[120.731,30.0534],[120.7414,30.0503],[120.7535,30.0441],[120.7625,30.0367],[120.7678,30.0307],[120.7754,30.0203],[120.7824,30.0087],[120.7857,30.0009],[120.7878,29.9938],[120.795,29.9643],[120.7965,29.9545],[120.7958,29.9243],[120.7929,29.9105],[120.7919,29.9008],[120.7925,29.8894],[120.7958,29.8786],[120.8049,29.8616],[120.8089,29.8517],[120.8106,29.8439],[120.8106,29.8329],[120.8075,29.7918],[120.8026,29.7443],[120.7971,29.7241],[120.7879,29.7026],[120.7828,29.6878],[120.7771,29.6539],[120.7695,29.6263],[120.7687,29.6205],[120.7688,29.6113],[120.7751,29.5858],[120.7793,29.5764],[120.7841,29.5695],[120.8028,29.5495],[120.808,29.5424],[120.8128,29.5335],[120.8161,29.5291]]}},{"type":"Feature","properties":{"country":"China","line":"杭台高速铁路","from":"嵊州新昌","to":"温岭","dist_km":141.0,"fare_local":70.0,"currency":"CNY","local_per_km":0.4965,"usd_per_km":0.0709,"extra":{"n_fare_points":189,"overlap_trimmed":false},"from_en":"Shengzhouxinchang","to_en":"Wenling","line_en":"Hangtai High-Speed Railway"},"geometry":{"type":"LineString","coordinates":[[120.8161,29.5291],[120.8237,29.5118],[120.8601,29.3646],[120.8636,29.3467],[120.8668,29.309],[120.8686,29.3004],[120.8707,29.2952],[120.9379,29.181],[120.9453,29.1715],[120.9826,29.1331],[120.999,29.1173],[121.0053,29.1124],[121.0143,29.1069],[121.0399,29.094],[121.079,29.073],[121.1293,29.0428],[121.199,29.0059],[121.2149,28.9947],[121.2184,28.9914],[121.2354,28.9733],[121.2474,28.9572],[121.2518,28.948],[121.2547,28.9357],[121.2552,28.9196],[121.2531,28.9056],[121.25,28.8965],[121.2371,28.8689],[121.2351,28.8627],[121.2335,28.8539],[121.2332,28.8414],[121.2348,28.8315],[121.2401,28.8167],[121.2509,28.8012],[121.2553,28.7968],[121.2639,28.7906],[121.282,28.7798],[121.2868,28.7777],[121.3189,28.7702],[121.3244,28.7679],[121.3417,28.7589],[121.352,28.7527],[121.3549,28.7504],[121.363,28.7411],[121.3683,28.7326],[121.3715,28.7242],[121.3732,28.7137],[121.3729,28.6817],[121.3721,28.6749],[121.3652,28.6424],[121.3628,28.6341],[121.3588,28.6252],[121.3466,28.6092],[121.3431,28.6032],[121.3345,28.5782],[121.3331,28.5678],[121.3343,28.5468],[121.3334,28.5366],[121.3243,28.5041],[121.3213,28.4893],[121.3208,28.4822]]}},{"type":"Feature","properties":{"country":"China","line":"宁安城际铁路","from":"南京南","to":"安庆","dist_km":257.0,"fare_local":103.0,"currency":"CNY","local_per_km":0.4008,"usd_per_km":0.0573,"extra":{"n_fare_points":251,"overlap_trimmed":false},"from_en":"Nanjingnan","to_en":"Anqing","line_en":"Ningan Intercity Railway"},"geometry":{"type":"LineString","coordinates":[[118.7931,31.9708],[118.7872,31.9671],[118.7727,31.9618],[118.76,31.9539],[118.7542,31.9494],[118.7392,31.9358],[118.7211,31.9238],[118.6763,31.8915],[118.6362,31.8596],[118.6324,31.8574],[118.6148,31.8499],[118.6065,31.8445],[118.601,31.8389],[118.583,31.8149],[118.5786,31.8108],[118.5579,31.7955],[118.5506,31.7882],[118.5473,31.7838],[118.5393,31.7698],[118.5306,31.7573],[118.5268,31.7478],[118.5256,31.7394],[118.5255,31.7337],[118.5274,31.7249],[118.5336,31.7124],[118.5351,31.7072],[118.538,31.6846],[118.5382,31.6793],[118.5375,31.674],[118.5314,31.6492],[118.5199,31.6228],[118.5177,31.6144],[118.5173,31.6035],[118.5203,31.5884],[118.5213,31.5794],[118.5219,31.5536],[118.5202,31.5432],[118.5172,31.5351],[118.5119,31.5269],[118.4941,31.5095],[118.4824,31.4927],[118.4765,31.4858],[118.4237,31.44],[118.4154,31.4315],[118.4113,31.4258],[118.3934,31.3943],[118.3774,31.3642],[118.3768,31.3617],[118.3775,31.3596],[118.3851,31.353],[118.3876,31.3469],[118.3878,31.3365],[118.3838,31.33],[118.3831,31.3269],[118.3847,31.3191],[118.3837,31.3111],[118.3915,31.2753],[118.3905,31.2685],[118.3871,31.2627],[118.3601,31.2375],[118.3402,31.2102],[118.3332,31.203],[118.32,31.1942],[118.3011,31.1834],[118.2907,31.1768],[118.2478,31.1526],[118.2439,31.1496],[118.2307,31.1368],[118.2165,31.1262],[118.2004,31.1165],[118.1958,31.1128],[118.1845,31.1014],[118.174,31.094],[118.1342,31.0536],[118.1247,31.0463],[118.1143,31.0412],[118.0871,31.0306],[118.082,31.0278],[118.0572,31.0101],[118.0435,31.0029],[118.0358,31.0002],[118.0213,30.9965],[117.9127,30.972],[117.8872,30.9626],[117.8816,30.9596],[117.8752,30.955],[117.8696,30.9493],[117.8641,30.9409],[117.8618,30.9356],[117.8508,30.9026],[117.8493,30.8994],[117.8361,30.8789],[117.8315,30.8741],[117.8171,30.862],[117.8052,30.8503],[117.7859,30.8364],[117.7701,30.8202],[117.7642,30.8133],[117.7593,30.8047],[117.7526,30.7875],[117.7479,30.7785],[117.7301,30.7548],[117.7106,30.7228],[117.7059,30.7112],[117.7029,30.6948],[117.7004,30.6876],[117.6956,30.6789],[117.6905,30.6727],[117.6866,30.6691],[117.6793,30.664],[117.6714,30.66],[117.6334,30.6483],[117.6042,30.6429],[117.5599,30.6335],[117.5398,30.6271],[117.4988,30.6166],[117.4627,30.6058],[117.4567,30.6049],[117.4485,30.605],[117.398,30.6071],[117.3907,30.6066],[117.3813,30.6048],[117.2917,30.5734],[117.2829,30.5712],[117.2703,30.5699],[117.2605,30.5705],[117.2227,30.5758],[117.2018,30.5795],[117.189,30.5799],[117.1783,30.5782],[117.1693,30.5754],[117.1309,30.5579],[117.1186,30.5538],[117.0889,30.5497],[117.0719,30.5497],[117.0601,30.5515]]}},{"type":"Feature","properties":{"country":"China","line":"宁安城际铁路","from":"安庆","to":"安庆西","dist_km":29.0,"fare_local":11.0,"currency":"CNY","local_per_km":0.3793,"usd_per_km":0.0542,"extra":{"n_fare_points":21,"overlap_trimmed":false},"from_en":"Anqing","to_en":"Anqing West","line_en":"Ningan Intercity Railway"},"geometry":{"type":"LineString","coordinates":[[117.0601,30.5515],[117.0451,30.5556],[117.0384,30.558],[117.0148,30.5617],[116.9885,30.5712],[116.9819,30.5753],[116.9784,30.5804],[116.9729,30.5941],[116.9633,30.605],[116.9582,30.6149],[116.9579,30.622],[116.9637,30.6397],[116.9637,30.6446],[116.9625,30.6485],[116.957,30.6547],[116.936,30.6725],[116.9311,30.6759],[116.9151,30.6841],[116.9109,30.6853],[116.905,30.6858],[116.8939,30.6847],[116.8806,30.6802],[116.8592,30.6747]]}},{"type":"Feature","properties":{"country":"China","line":"杭昌高速铁路","from":"杭州东","to":"黄山北","dist_km":272.0,"fare_local":110.0,"currency":"CNY","local_per_km":0.4044,"usd_per_km":0.0578,"extra":{"n_fare_points":437,"overlap_trimmed":false},"from_en":"Hangzhoudong","to_en":"Huangshanbei","line_en":"Hangchang High-Speed Railway"},"geometry":{"type":"LineString","coordinates":[[120.2082,30.2935],[120.218,30.2818],[120.2493,30.2637],[120.2543,30.2592],[120.2574,30.2535],[120.2603,30.2419],[120.2741,30.2122],[120.2767,30.2083],[120.2848,30.1993],[120.2873,30.1947],[120.2936,30.1594],[120.2962,30.1541],[120.3043,30.1411],[120.3088,30.1293],[120.31,30.123],[120.3098,30.1184],[120.3064,30.0979],[120.3061,30.0793],[120.3047,30.0701],[120.3009,30.0603],[120.295,30.0529],[120.2899,30.0487],[120.2811,30.044],[120.2346,30.0291],[120.2233,30.0265],[120.2068,30.0257],[120.1509,30.0287],[120.1174,30.0235],[120.1023,30.0191],[120.083,30.012],[120.0711,30.0096],[120.0506,30.0017],[120.0404,29.9993],[120.0276,29.9985],[120.0114,29.9991],[119.9778,30.0043],[119.9715,30.0047],[119.9518,30.0027],[119.946,30.0011],[119.9399,29.9984],[119.9327,29.9931],[119.9226,29.9824],[119.9153,29.9712],[119.9115,29.9598],[119.9083,29.9318],[119.9054,29.921],[119.8942,29.8961],[119.8884,29.8881],[119.8806,29.8805],[119.8707,29.8737],[119.8593,29.8686],[119.8496,29.866],[119.8253,29.8614],[119.8166,29.8583],[119.8084,29.8543],[119.7911,29.8426],[119.768,29.8285],[119.7449,29.8098],[119.7378,29.8028],[119.7121,29.7736],[119.707,29.7687],[119.7015,29.7646],[119.6794,29.7533],[119.6617,29.7397],[119.6525,29.7342],[119.6435,29.7306],[119.6164,29.7228],[119.6094,29.7198],[119.6013,29.7152],[119.5956,29.7111],[119.5698,29.6889],[119.5495,29.6737],[119.5413,29.6651],[119.517,29.6361],[119.4893,29.6093],[119.4839,29.6054],[119.4651,29.594],[119.4524,29.5849],[119.4464,29.5819],[119.4387,29.5794],[119.403,29.5721],[119.3928,29.5714],[119.3778,29.5723],[119.3689,29.5738],[119.3613,29.5759],[119.3318,29.5914],[119.3269,29.5957],[119.2686,29.6673],[119.2357,29.7018],[119.2119,29.7222],[119.1823,29.741],[119.1086,29.7913],[119.0882,29.8038],[119.0347,29.8427],[119.0234,29.8553],[119.015,29.8658],[119.0021,29.8835],[118.9863,29.9026],[118.9405,29.9501],[118.8845,29.9848],[118.8565,30.0054],[118.8495,30.0088],[118.8331,30.0146],[118.8249,30.0182],[118.796,30.0327],[118.7298,30.0794],[118.7173,30.094],[118.7081,30.1024],[118.6971,30.1092],[118.6774,30.116],[118.6706,30.1164],[118.6424,30.1155],[118.6359,30.114],[118.6094,30.1056],[118.6011,30.1015],[118.5952,30.0974],[118.5563,30.0666],[118.5376,30.0529],[118.5077,30.0369],[118.484,30.028],[118.4781,30.0252],[118.4702,30.0203],[118.461,30.0124],[118.4534,30.003],[118.4485,29.9944],[118.4393,29.9698],[118.4358,29.9624],[118.4119,29.9315],[118.3792,29.9009],[118.3713,29.8942],[118.2987,29.8394],[118.2724,29.8224],[118.2673,29.8183]]}},{"type":"Feature","properties":{"country":"China","line":"杭昌高速铁路","from":"黄山北","to":"南昌","dist_km":288.0,"fare_local":156.0,"currency":"CNY","local_per_km":0.5417,"usd_per_km":0.0774,"extra":{"n_fare_points":198,"overlap_trimmed":false},"from_en":"Huangshanbei","to_en":"Nanchang","line_en":"Hangchang High-Speed Railway"},"geometry":{"type":"LineString","coordinates":[[118.2673,29.8183],[118.2487,29.8068],[118.2409,29.8034],[118.2349,29.802],[118.2294,29.8016],[118.2215,29.8022],[118.217,29.8033],[118.1907,29.8132],[118.1702,29.8241],[118.1468,29.8344],[118.1213,29.8491],[118.0724,29.879],[118.0249,29.8938],[118.012,29.8967],[117.9958,29.8982],[117.9886,29.898],[117.9819,29.897],[117.9538,29.8901],[117.8266,29.8646],[117.8017,29.8586],[117.7698,29.8533],[117.7449,29.8475],[117.7221,29.8441],[117.7082,29.8399],[117.6818,29.829],[117.6672,29.8213],[117.658,29.8146],[117.6498,29.8067],[117.64,29.7942],[117.6237,29.7718],[117.5971,29.731],[117.5875,29.7181],[117.5358,29.6383],[117.4868,29.5517],[117.4809,29.5438],[117.4494,29.5066],[117.4412,29.4981],[117.4193,29.4799],[117.4097,29.4743],[117.3788,29.4587],[117.3674,29.4522],[117.3598,29.4465],[117.3392,29.426],[117.3137,29.404],[117.3081,29.3983],[117.3003,29.387],[117.2916,29.3656],[117.2881,29.3613],[117.2825,29.3572],[117.2763,29.3543],[117.2638,29.3509],[117.2535,29.3467],[117.2177,29.3371],[117.2134,29.3367],[117.2039,29.3381],[117.1937,29.3359],[117.1874,29.3322],[117.1779,29.322],[117.1708,29.3169],[117.1655,29.3149],[117.1497,29.3111],[117.1315,29.3045],[117.1225,29.3001],[117.1138,29.2942],[117.1032,29.2837],[117.0958,29.2712],[117.0871,29.2484],[117.0814,29.2245],[117.0724,29.2026],[117.0604,29.184],[117.0453,29.1684],[117.0252,29.1492],[117.0196,29.1448],[117.0108,29.1391],[116.9687,29.116],[116.9243,29.0982],[116.9092,29.0891],[116.9003,29.0809],[116.8634,29.0404],[116.8551,29.0336],[116.8199,29.0075],[116.8074,28.9962],[116.7849,28.9707],[116.7796,28.9635],[116.7751,28.9554],[116.7661,28.9306],[116.7531,28.909],[116.7485,28.8992],[116.7456,28.8907],[116.7369,28.8588],[116.7336,28.8499],[116.7303,28.8433],[116.7077,28.8078],[116.699,28.7983],[116.6878,28.7899],[116.6729,28.7818],[116.6641,28.7786],[116.6539,28.7759],[116.6208,28.7677],[116.553,28.7561],[116.5282,28.7504],[116.5152,28.7467],[116.5058,28.743],[116.451,28.7173],[116.4408,28.7121],[116.4219,28.7004],[116.4167,28.6978],[116.391,28.6875],[116.3792,28.6841],[116.3692,28.6826],[116.3088,28.6774],[116.2598,28.6691],[116.2208,28.666],[116.1351,28.6515],[116.0921,28.6488],[116.0697,28.6465],[116.0328,28.6444],[116.0282,28.6433],[116.023,28.6399],[116.0204,28.6355],[116.0127,28.5991],[116.0106,28.5936],[116.0077,28.59],[115.9943,28.5765],[115.9702,28.561],[115.9647,28.5557],[115.9445,28.5281],[115.9456,28.5093],[115.941,28.5606],[115.9279,28.5889],[115.9152,28.6121],[115.9088,28.6363],[115.911,28.6467],[115.9137,28.6545],[115.9148,28.6653]]}},{"type":"Feature","properties":{"country":"China","line":"杭衢高速铁路","from":"杭州东","to":"江山","dist_km":269.0,"fare_local":126.0,"currency":"CNY","local_per_km":0.4684,"usd_per_km":0.0669,"extra":{"n_fare_points":168,"overlap_trimmed":false},"from_en":"Hangzhoudong","to_en":"Jiangshan","line_en":"Hangqu High-Speed Railway"},"geometry":{"type":"LineString","coordinates":[[120.2082,30.2935],[120.212,30.2879],[120.2178,30.2818],[120.2492,30.2636],[120.2541,30.2592],[120.2572,30.2535],[120.2601,30.2419],[120.2735,30.2131],[120.2766,30.2081],[120.2842,30.1996],[120.2865,30.1955],[120.2937,30.1551],[120.2957,30.151],[120.3022,30.143],[120.3049,30.1387],[120.3087,30.1292],[120.3096,30.1252],[120.3094,30.1183],[120.3054,30.0946],[120.3039,30.07],[120.3007,30.0604],[120.2948,30.0531],[120.2899,30.0488],[120.281,30.0442],[120.2359,30.0295],[120.2249,30.0268],[120.2169,30.0259],[120.2068,30.0257],[120.1645,30.0284],[120.148,30.0284],[120.1173,30.0236],[120.0974,30.0175],[120.0831,30.012],[120.0711,30.0097],[120.0505,30.0017],[120.0404,29.9994],[120.0313,29.9986],[120.0114,29.9991],[119.977,30.0044],[119.9698,30.0047],[119.9488,30.0021],[119.9413,29.9992],[119.9353,29.9954],[119.921,29.9805],[119.9153,29.9712],[119.9129,29.9649],[119.911,29.9576],[119.9083,29.9318],[119.9053,29.921],[119.8968,29.901],[119.8931,29.8944],[119.8871,29.8867],[119.8792,29.8794],[119.8689,29.8728],[119.8592,29.8687],[119.8496,29.866],[119.8294,29.8625],[119.8157,29.858],[119.8077,29.8539],[119.7903,29.8421],[119.7717,29.8311],[119.7641,29.8257],[119.7426,29.8078],[119.7121,29.7737],[119.7071,29.7688],[119.7014,29.7646],[119.68,29.7537],[119.6735,29.7493],[119.6609,29.7392],[119.6524,29.7342],[119.6439,29.7307],[119.6205,29.7243],[119.6131,29.7215],[119.6049,29.7175],[119.5955,29.7112],[119.5697,29.6889],[119.5495,29.6737],[119.5413,29.6651],[119.5166,29.6358],[119.4921,29.612],[119.4859,29.6069],[119.4723,29.5989],[119.4598,29.5939],[119.4329,29.5787],[119.4112,29.5738],[119.3995,29.5733],[119.3939,29.5713],[119.3901,29.5686],[119.3673,29.5466],[119.364,29.5422],[119.3615,29.5363],[119.3581,29.5175],[119.3561,29.5112],[119.3532,29.5056],[119.3483,29.4989],[119.3444,29.4953],[119.3379,29.4911],[119.3166,29.481],[119.3066,29.4749],[119.2907,29.4613],[119.2855,29.4557],[119.2806,29.449],[119.2512,29.3961],[119.2476,29.3867],[119.2403,29.3566],[119.2384,29.3515],[119.2344,29.3435],[119.2189,29.3204],[119.214,29.3118],[119.1917,29.2522],[119.1617,29.1922],[119.1555,29.1826],[119.1494,29.1756],[119.1134,29.1412],[119.0893,29.1113],[119.0834,29.1048],[119.0775,29.0997],[119.0705,29.0947],[119.0334,29.0729],[118.9965,29.0544],[118.9626,29.0401],[118.9527,29.0369],[118.9332,29.033],[118.8712,29.0242],[118.8605,29.0222],[118.8457,29.017],[118.8377,29.013],[118.8317,29.009],[118.8255,29.004],[118.8177,28.9962],[118.8124,28.9892],[118.8085,28.9827],[118.7789,28.9085],[118.7743,28.8999],[118.7687,28.892],[118.756,28.8781],[118.7355,28.8591],[118.719,28.8451],[118.703,28.8255],[118.682,28.8022],[118.6712,28.794],[118.657,28.7865],[118.639,28.7757]]}},{"type":"Feature","properties":{"country":"China","line":"金温铁路","from":"金华南","to":"温州南","dist_km":183.0,"fare_local":68.0,"currency":"CNY","local_per_km":0.3716,"usd_per_km":0.0531,"extra":{"n_fare_points":277,"overlap_trimmed":false},"from_en":"Jinhuanan","to_en":"Wenzhounan","line_en":"Jinwen Railway"},"geometry":{"type":"LineString","coordinates":[[119.7337,29.1171],[119.7372,29.1044],[119.7387,29.0765],[119.7405,29.067],[119.7438,29.059],[119.7495,29.0493],[119.7563,29.0405],[119.8281,29.0019],[119.8323,28.9989],[119.8385,28.9931],[119.8602,28.9702],[119.8995,28.9366],[119.9054,28.9298],[119.9148,28.9155],[119.9305,28.8952],[119.9358,28.8902],[119.9609,28.8696],[119.9682,28.865],[119.9754,28.8623],[119.9815,28.8608],[119.9949,28.8594],[120.003,28.8578],[120.0339,28.8487],[120.0407,28.846],[120.0515,28.8381],[120.0553,28.834],[120.059,28.8285],[120.0622,28.8207],[120.0636,28.8118],[120.0629,28.8035],[120.0601,28.7952],[120.0537,28.7822],[120.0485,28.7408],[120.0486,28.6989],[120.0515,28.6611],[120.0485,28.646],[120.0448,28.6375],[120.0197,28.5473],[120.0185,28.5447],[120.0025,28.5216],[119.977,28.4871],[119.9378,28.4261],[119.9357,28.4216],[119.9331,28.4126],[119.9327,28.4046],[119.9333,28.3996],[119.9363,28.3917],[119.9412,28.3838],[119.947,28.3778],[119.9564,28.3717],[120.0002,28.3522],[120.0136,28.3386],[120.0324,28.3214],[120.0596,28.3062],[120.0832,28.2898],[120.1581,28.2345],[120.197,28.2112],[120.2,28.2084],[120.222,28.1805],[120.2323,28.1742],[120.2462,28.1675],[120.2672,28.151],[120.2868,28.1231],[120.3151,28.0925],[120.3208,28.0899],[120.3437,28.0828],[120.4037,28.0556],[120.4458,28.0351],[120.4547,28.032],[120.4731,28.0281],[120.4949,28.0279],[120.5501,28.0241],[120.5617,28.0224],[120.5721,28.0191],[120.5799,28.0137],[120.5862,28.0075],[120.5883,28.0042],[120.5862,27.992],[120.5821,27.9753],[120.5816,27.9693]]}},{"type":"Feature","properties":{"country":"China","line":"金建高速铁路","from":"建德","to":"兰溪东","dist_km":43.0,"fare_local":13.5,"currency":"CNY","local_per_km":0.314,"usd_per_km":0.0449,"extra":{"n_fare_points":28,"overlap_trimmed":false},"from_en":"Jiande","to_en":"Lanxidong","line_en":"Jinjian High-Speed Railway"},"geometry":{"type":"LineString","coordinates":[[119.4227,29.5753],[119.4314,29.5776],[119.4403,29.5773],[119.4516,29.5753],[119.4621,29.5713],[119.4689,29.5678],[119.4725,29.5646],[119.4765,29.5588],[119.479,29.5524],[119.4809,29.5307],[119.4938,29.4602],[119.4944,29.4528],[119.4934,29.4455],[119.4916,29.4401],[119.474,29.4021],[119.4728,29.397],[119.4727,29.3913],[119.4757,29.3718],[119.488,29.3047],[119.4918,29.2938],[119.5007,29.2763],[119.5028,29.2691],[119.5029,29.2608],[119.4993,29.2356],[119.4987,29.234]]}},{"type":"Feature","properties":{"country":"China","line":"衢九铁路","from":"衢州西","to":"景德镇北","dist_km":179.0,"fare_local":72.0,"currency":"CNY","local_per_km":0.4022,"usd_per_km":0.0575,"extra":{"n_fare_points":60,"overlap_trimmed":false},"from_en":"Quzhouxi","to_en":"Jingdezhenbei","line_en":"Qujiu Railway"},"geometry":{"type":"LineString","coordinates":[[118.8006,28.9612],[118.7967,28.9533],[118.7853,28.924],[118.785,28.922],[118.7864,28.9184],[118.7863,28.9163],[118.785,28.9147],[118.7829,28.9139],[118.781,28.9141],[118.7791,28.9154],[118.7777,28.9206],[118.7762,28.9225],[118.7699,28.9264],[118.7656,28.928],[118.7524,28.9293],[118.7452,28.9307],[118.7303,28.9301],[118.7092,28.9339],[118.7007,28.9335],[118.6908,28.9306],[118.6702,28.9291],[118.6643,28.9295],[118.6459,28.9343],[118.6421,28.9346],[118.5458,28.9251],[118.5386,28.9251],[118.5235,28.9315],[118.5092,28.936],[118.4874,28.9482],[118.427,28.9708],[118.4203,28.9722],[118.3911,28.9758],[118.3834,28.9774],[118.3688,28.9845],[118.3369,29.01],[118.3209,29.0175],[118.3091,29.0209],[118.2778,29.0264],[118.2459,29.0333],[118.2295,29.0398],[118.1901,29.0587],[118.1598,29.0668],[118.0864,29.0947],[118.0435,29.1045],[117.9948,29.1119],[117.9345,29.1235],[117.9265,29.1257],[117.9186,29.1299],[117.9151,29.1328],[117.9111,29.1373],[117.8998,29.1546],[117.8902,29.1674],[117.8729,29.1982],[117.8704,29.2068],[117.8701,29.2159],[117.8752,29.2561],[117.8798,29.2686],[117.8799,29.273],[117.8791,29.2779],[117.8753,29.2853],[117.87,29.2908],[117.8576,29.2974],[117.849,29.3008],[117.8367,29.3026],[117.7969,29.3051],[117.7718,29.3091],[117.7611,29.3128],[117.7574,29.3133],[117.6876,29.3135],[117.677,29.3145],[117.6483,29.3151],[117.6168,29.3167],[117.6063,29.3187],[117.5692,29.3277],[117.5525,29.3332],[117.516,29.3374],[117.5096,29.3371],[117.5023,29.3353],[117.4894,29.3292],[117.4645,29.3192],[117.447,29.315],[117.4389,29.3142],[117.4301,29.3152],[117.3742,29.3262],[117.3421,29.3362],[117.2873,29.3489],[117.28,29.3501],[117.2723,29.3505],[117.2666,29.3498],[117.2443,29.3442],[117.2376,29.3416]]}},{"type":"Feature","properties":{"country":"China","line":"衢九铁路","from":"景德镇北","to":"九江","dist_km":151.0,"fare_local":56.0,"currency":"CNY","local_per_km":0.3709,"usd_per_km":0.053,"extra":{"n_fare_points":113,"overlap_trimmed":false},"from_en":"Jingdezhenbei","to_en":"Jiujiang","line_en":"Qujiu Railway"},"geometry":{"type":"LineString","coordinates":[[117.2376,29.3416],[117.2316,29.3408],[117.2241,29.3388],[117.216,29.3357],[117.2132,29.3359],[117.2045,29.3384],[117.1922,29.3364],[117.1895,29.3351],[117.1843,29.331],[117.174,29.3194],[117.1698,29.3167],[117.1657,29.3153],[117.1507,29.3126],[117.1384,29.3127],[117.1225,29.3116],[117.1142,29.3128],[117.1009,29.3188],[117.0951,29.3205],[117.0769,29.322],[117.0627,29.3249],[117.0383,29.3282],[117.0183,29.3323],[116.9821,29.3336],[116.9682,29.3352],[116.9448,29.3336],[116.9094,29.3339],[116.8696,29.3383],[116.8345,29.3378],[116.8093,29.3402],[116.7455,29.3399],[116.7366,29.3404],[116.7285,29.3419],[116.6953,29.3522],[116.659,29.3603],[116.6258,29.3726],[116.5993,29.3868],[116.5928,29.3897],[116.5789,29.3939],[116.55,29.4019],[116.5426,29.4029],[116.5286,29.4021],[116.5234,29.4024],[116.5064,29.4058],[116.4984,29.4082],[116.4914,29.4118],[116.4772,29.4211],[116.4593,29.4288],[116.4472,29.435],[116.4371,29.4432],[116.4289,29.4533],[116.4217,29.4647],[116.4084,29.4952],[116.4042,29.5031],[116.3754,29.5385],[116.3713,29.5457],[116.366,29.5598],[116.3489,29.6221],[116.3478,29.6294],[116.3475,29.6417],[116.3447,29.6586],[116.3299,29.7004],[116.3283,29.7074],[116.3255,29.7276],[116.3225,29.7329],[116.3173,29.7373],[116.3134,29.7392],[116.3084,29.7404],[116.3026,29.7403],[116.2984,29.7393],[116.2428,29.7153],[116.227,29.7064],[116.2184,29.7039],[116.2122,29.7036],[116.1986,29.7051],[116.1917,29.7068],[116.1371,29.7257],[116.1339,29.7272],[116.1153,29.7402],[116.1103,29.742],[116.1045,29.7423],[116.0809,29.735],[116.0244,29.7254],[116.0205,29.7231],[116.0162,29.7176],[116.0017,29.7066]]}},{"type":"Feature","properties":{"country":"China","line":"池黄高速铁路","from":"黟县东","to":"池州","dist_km":123.0,"fare_local":54.0,"currency":"CNY","local_per_km":0.439,"usd_per_km":0.0627,"extra":{"n_fare_points":28,"overlap_trimmed":false},"from_en":"Yixiandong","to_en":"Chizhou","line_en":"Chihuang High-Speed Railway"},"geometry":{"type":"LineString","coordinates":[[118.0429,29.8873],[118.0371,29.8899],[118.0185,29.8954],[118.0087,29.9022],[118.0053,29.9062],[118.0022,29.9125],[118.001,29.9161],[118.0005,29.9222],[118.0012,29.9275],[118.0083,29.9497],[118.0446,30.0311],[118.047,30.0384],[118.0604,30.1207],[118.0634,30.144],[118.0634,30.1522],[118.0608,30.1707],[118.0615,30.1818],[118.0689,30.2166],[118.0793,30.2438],[118.0881,30.3015],[118.0881,30.3168],[118.0871,30.3234],[118.0849,30.331],[118.0729,30.3612],[118.0521,30.4008],[118.0485,30.4063],[118.038,30.4194],[118.0108,30.4496],[117.9379,30.5239],[117.9076,30.5518],[117.8837,30.5773],[117.8761,30.5835],[117.8678,30.5889],[117.8245,30.6117],[117.7867,30.6251],[117.7514,30.6322],[117.7188,30.6346],[117.6955,30.635],[117.6709,30.6365],[117.625,30.6365],[117.6134,30.6346],[117.5917,30.6283],[117.5752,30.6252],[117.5656,30.6248],[117.5479,30.6273],[117.5364,30.626],[117.5197,30.6218],[117.517,30.6219]]}},{"type":"Feature","properties":{"country":"China","line":"宣绩高速铁路","from":"宣城","to":"绩溪北","dist_km":115.0,"fare_local":53.0,"currency":"CNY","local_per_km":0.4609,"usd_per_km":0.0659,"extra":{"n_fare_points":49,"overlap_trimmed":false},"from_en":"Xuancheng","to_en":"Jixibei","line_en":"Xuanji High-Speed Railway"},"geometry":{"type":"LineString","coordinates":[[118.7693,30.9497],[118.7917,30.9312],[118.8057,30.9228],[118.8288,30.9073],[118.8462,30.8981],[118.8607,30.8871],[118.8664,30.8821],[118.8806,30.866],[118.9186,30.8125],[118.9243,30.8034],[118.9276,30.7961],[118.9298,30.7868],[118.9352,30.7429],[118.9354,30.7333],[118.9326,30.7089],[118.9325,30.6982],[118.9337,30.6902],[118.9407,30.6648],[118.942,30.6579],[118.9426,30.644],[118.9409,30.633],[118.9388,30.6256],[118.9175,30.5651],[118.9036,30.5358],[118.8926,30.4977],[118.8818,30.4715],[118.8742,30.4466],[118.8721,30.4413],[118.8673,30.4333],[118.8606,30.425],[118.8452,30.4108],[118.828,30.3931],[118.8226,30.3866],[118.7772,30.3226],[118.7577,30.2827],[118.7527,30.2745],[118.7382,30.2547],[118.7209,30.2367],[118.6958,30.206],[118.674,30.1763],[118.6606,30.1553],[118.6553,30.1503],[118.6428,30.1415],[118.6274,30.133],[118.6118,30.1223],[118.608,30.1175],[118.601,30.1026],[118.5958,30.0953],[118.5903,30.0906],[118.5791,30.084],[118.5667,30.0738]]}},{"type":"Feature","properties":{"country":"China","line":"合福高速铁路","from":"合肥南","to":"上饶","dist_km":485.0,"fare_local":215.0,"currency":"CNY","local_per_km":0.4433,"usd_per_km":0.0633,"extra":{"n_fare_points":128,"overlap_trimmed":false},"from_en":"Hefeinan","to_en":"Shangrao","line_en":"Hefu High-Speed Railway"},"geometry":{"type":"LineString","coordinates":[[117.2849,31.8003],[117.2916,31.8],[117.3103,31.8014],[117.3418,31.8082],[117.3475,31.8088],[117.353,31.8083],[117.3595,31.8065],[117.375,31.8016],[117.3837,31.7979],[117.3946,31.7905],[117.4003,31.7848],[117.4042,31.7796],[117.4089,31.7702],[117.4167,31.7475],[117.4212,31.7378],[117.4277,31.7284],[117.4347,31.7214],[117.4447,31.7141],[117.4541,31.7093],[117.4914,31.6958],[117.5032,31.6921],[117.5209,31.6895],[117.5601,31.6895],[117.5698,31.6888],[117.6217,31.681],[117.6341,31.6803],[117.8052,31.6914],[117.8157,31.6915],[117.8249,31.6908],[117.835,31.689],[117.8445,31.6862],[117.855,31.682],[117.8635,31.6773],[117.8769,31.6676],[117.893,31.6545],[117.8994,31.6488],[117.9069,31.6403],[117.9302,31.6047],[117.9335,31.5985],[117.9367,31.5901],[117.9381,31.5839],[117.9387,31.5774],[117.9373,31.5562],[117.938,31.5453],[117.9472,31.5072],[117.949,31.4965],[117.9488,31.4676],[117.9677,31.2651],[117.9668,31.2532],[117.9511,31.1358],[117.9509,31.1274],[117.9517,31.1201],[117.9532,31.1136],[117.957,31.1033],[117.9632,31.0924],[117.984,31.0625],[117.9939,31.0441],[117.9992,31.0359],[118.0243,31.007],[118.0484,30.981],[118.0632,30.9703],[118.0854,30.9561],[118.1236,30.9268],[118.1307,30.9223],[118.1462,30.9156],[118.1969,30.8965],[118.2413,30.8834],[118.2534,30.8786],[118.2641,30.8724],[118.2735,30.8648],[118.2789,30.8592],[118.2846,30.8517],[118.3134,30.8008],[118.3386,30.7475],[118.3613,30.7073],[118.3708,30.6891],[118.3912,30.6427],[118.3989,30.6305],[118.4167,30.6086],[118.4326,30.5767],[118.4409,30.5582],[118.4555,30.5068],[118.4684,30.476],[118.4709,30.4679],[118.4772,30.4414],[118.4811,30.4317],[118.4986,30.3812],[118.5088,30.346],[118.5141,30.321],[118.5313,30.2745],[118.5384,30.2573],[118.5647,30.2225],[118.588,30.1875],[118.6006,30.1721],[118.6055,30.1628],[118.6075,30.1554],[118.6084,30.1473],[118.6079,30.138],[118.6042,30.1218],[118.6,30.1112],[118.5964,30.1043],[118.5939,30.1003],[118.585,30.0901],[118.5702,30.078],[118.5422,30.0569],[118.4755,30.0214],[118.4655,30.0144],[118.456,30.0049],[118.4493,29.9943],[118.4346,29.9575],[118.4272,29.9474],[118.4156,29.9343],[118.3728,29.8952],[118.2988,29.8393],[118.2444,29.8029],[118.2384,29.7986],[118.2318,29.7926],[118.2242,29.7825],[118.2204,29.7753],[118.2039,29.7261],[118.1694,29.6524],[118.1653,29.6456],[118.1332,29.6001],[118.1174,29.5725],[118.1052,29.5535],[118.0638,29.494],[118.0329,29.4592],[118.0004,29.4166],[117.9354,29.3384],[117.9263,29.3293],[117.9032,29.3101],[117.8952,29.3018],[117.8843,29.2866],[117.8788,29.2754],[117.8763,29.2672],[117.8709,29.2278],[117.865,29.1972],[117.8618,29.1742],[117.8579,29.1548],[117.8578,29.098],[117.8537,29.0559],[117.854,28.9756],[117.8565,28.9519],[117.857,28.9201],[117.8605,28.8613],[117.8598,28.7999],[117.8612,28.7944],[117.8639,28.7877],[117.8767,28.7622],[117.889,28.7435],[117.9241,28.6733],[117.9674,28.6083],[117.9713,28.6013],[117.9754,28.5892],[117.9793,28.5679],[117.9898,28.5346],[117.9991,28.5109],[118.0025,28.4999],[118.0031,28.4941]]}},{"type":"Feature","properties":{"country":"China","line":"合福高速铁路","from":"上饶","to":"福州","dist_km":340.0,"fare_local":156.0,"currency":"CNY","local_per_km":0.4588,"usd_per_km":0.0656,"extra":{"n_fare_points":495,"overlap_trimmed":false},"from_en":"Shangrao","to_en":"Fuzhou","line_en":"Hefu High-Speed Railway"},"geometry":{"type":"LineString","coordinates":[[118.0031,28.4941],[118.0062,28.4879],[118.0153,28.4622],[118.0169,28.4538],[118.0174,28.4437],[118.0171,28.4247],[118.0153,28.4142],[118.013,28.4068],[118.006,28.3895],[118.0036,28.3794],[118.0029,28.369],[118.0042,28.349],[118.0062,28.3401],[118.0092,28.3318],[118.0362,28.2749],[118.0394,28.2651],[118.0409,28.2532],[118.0409,28.2158],[118.0436,28.1994],[118.0462,28.1746],[118.0454,28.1622],[118.038,28.1199],[118.0373,28.1112],[118.0357,28.0624],[118.0334,28.0271],[118.027,27.8917],[118.0269,27.8503],[118.0281,27.8386],[118.0313,27.821],[118.0386,27.7893],[118.0496,27.7369],[118.0551,27.7177],[118.071,27.6692],[118.093,27.5857],[118.0942,27.5765],[118.0949,27.5606],[118.0879,27.497],[118.0903,27.4622],[118.0923,27.4461],[118.0961,27.4339],[118.1031,27.4203],[118.1235,27.3863],[118.1283,27.3755],[118.137,27.3492],[118.1433,27.3264],[118.1606,27.2794],[118.1642,27.2629],[118.1673,27.2421],[118.1717,27.2287],[118.209,27.1648],[118.259,27.0937],[118.2645,27.0815],[118.2771,27.0422],[118.2801,27.0263],[118.2801,27.0199],[118.279,27.0119],[118.2595,26.9217],[118.2418,26.8634],[118.2347,26.8346],[118.2294,26.7779],[118.2261,26.76],[118.2206,26.7228],[118.2202,26.7076],[118.2232,26.6848],[118.2259,26.6483],[118.2269,26.6437],[118.2327,26.6294],[118.2411,26.6162],[118.2475,26.6098],[118.2568,26.6026],[118.2876,26.5809],[118.3035,26.572],[118.3478,26.5555],[118.3748,26.5464],[118.5146,26.5091],[118.5682,26.4882],[118.5939,26.4794],[118.6248,26.4703],[118.6452,26.4663],[118.6728,26.4643],[118.6806,26.4631],[118.6916,26.4591],[118.6987,26.4546],[118.7055,26.4491],[118.7174,26.4376],[118.7447,26.4096],[118.7598,26.392],[118.8367,26.3357],[118.84,26.3327],[118.8467,26.3253],[118.8634,26.3024],[118.8904,26.269],[118.898,26.2611],[118.9124,26.2498],[118.928,26.2438],[118.955,26.236],[118.9724,26.2333],[118.9931,26.2312],[119.054,26.2235],[119.0643,26.2208],[119.0817,26.2147],[119.104,26.209],[119.1264,26.202],[119.1394,26.1975],[119.1558,26.1907],[119.184,26.1768],[119.2171,26.1519],[119.2313,26.1404],[119.251,26.1286],[119.2562,26.1269],[119.2693,26.1243],[119.287,26.1261],[119.3015,26.122],[119.3156,26.1168]]}},{"type":"Feature","properties":{"country":"China","line":"福平铁路","from":"福州","to":"平潭","dist_km":88.0,"fare_local":42.0,"currency":"CNY","local_per_km":0.4773,"usd_per_km":0.0682,"extra":{"n_fare_points":238,"overlap_trimmed":false},"from_en":"Fuzhou","to_en":"Pingtan","line_en":"Fuping Railway"},"geometry":{"type":"LineString","coordinates":[[119.3156,26.1168],[119.3294,26.1109],[119.337,26.1084],[119.3507,26.1057],[119.365,26.1017],[119.3704,26.0989],[119.3733,26.0952],[119.3754,26.0895],[119.3816,26.0298],[119.3813,26.0262],[119.3775,26.0156],[119.3774,26.0133],[119.3807,26.006],[119.3823,25.9978],[119.3875,25.984],[119.389,25.9804],[119.3921,25.9759],[119.3932,25.9686],[119.3942,25.9531],[119.3964,25.9471],[119.3993,25.9426],[119.4027,25.9391],[119.4065,25.9362],[119.4115,25.9337],[119.4168,25.932],[119.4528,25.9332],[119.4693,25.9289],[119.4958,25.925],[119.5243,25.9137],[119.5381,25.9069],[119.5444,25.9019],[119.5494,25.8949],[119.5517,25.8872],[119.5552,25.8213],[119.5571,25.8085],[119.5589,25.8035],[119.5611,25.7984],[119.568,25.7871],[119.5881,25.7627],[119.5982,25.743],[119.6042,25.7346],[119.6384,25.679],[119.6456,25.6641],[119.649,25.6596],[119.6624,25.647],[119.7023,25.6217],[119.7113,25.6175],[119.7299,25.6131],[119.7381,25.6099],[119.7468,25.6042],[119.7648,25.5891],[119.7691,25.5842],[119.7722,25.5779],[119.777,25.5567],[119.7774,25.5497]]}},{"type":"Feature","properties":{"country":"China","line":"阜黄高速铁路","from":"黄冈东","to":"黄梅东","dist_km":127.0,"fare_local":70.0,"currency":"CNY","local_per_km":0.5512,"usd_per_km":0.0788,"extra":{"n_fare_points":91,"overlap_trimmed":false},"from_en":"Huanggangdong","to_en":"Huangmei East","line_en":"Fuhuang High-Speed Railway"},"geometry":{"type":"LineString","coordinates":[[114.9812,30.5092],[114.9936,30.5188],[115.0019,30.5266],[115.0211,30.5499],[115.0282,30.5537],[115.0323,30.5545],[115.037,30.5547],[115.0443,30.5528],[115.0749,30.5354],[115.1324,30.509],[115.1477,30.5008],[115.1599,30.4929],[115.1737,30.4797],[115.2162,30.436],[115.2253,30.4259],[115.2606,30.3834],[115.2664,30.3772],[115.2772,30.3677],[115.2858,30.3551],[115.3089,30.3053],[115.3304,30.2698],[115.3458,30.2511],[115.3788,30.2206],[115.386,30.2152],[115.4484,30.175],[115.4793,30.1514],[115.5331,30.0949],[115.5625,30.059],[115.5775,30.0434],[115.5864,30.0358],[115.5912,30.0325],[115.6062,30.0243],[115.6175,30.02],[115.633,30.0162],[115.7046,30.0007],[115.7191,29.9999],[115.7301,30.0006],[115.7411,30.0024],[115.7631,30.0082],[115.8002,30.0164],[115.818,30.0197],[115.8608,30.0218],[115.8916,30.0259],[115.9153,30.0256],[115.9246,30.0272],[115.9315,30.03],[115.9379,30.0345],[115.947,30.0441],[115.9632,30.0591],[115.9676,30.0639]]}},{"type":"Feature","properties":{"country":"China","line":"武冈城际铁路","from":"武汉","to":"黄冈东","dist_km":65.0,"fare_local":26.0,"currency":"CNY","local_per_km":0.4,"usd_per_km":0.0572,"extra":{"n_fare_points":352,"overlap_trimmed":false},"from_en":"Wuhan","to_en":"Huanggangdong","line_en":"Wugang Intercity Railway"},"geometry":{"type":"LineString","coordinates":[[114.4189,30.6099],[114.422,30.6005],[114.4255,30.5932],[114.4277,30.5833],[114.433,30.5695],[114.4398,30.5633],[114.4478,30.5539],[114.4581,30.5358],[114.4617,30.5325],[114.4666,30.5312],[114.4731,30.5319],[114.5031,30.5311],[114.5245,30.5286],[114.5576,30.5229],[114.5725,30.5186],[114.6135,30.4985],[114.6217,30.4955],[114.6295,30.4936],[114.6419,30.4925],[114.6797,30.4929],[114.7048,30.4921],[114.7122,30.4929],[114.7186,30.495],[114.725,30.4989],[114.7482,30.5228],[114.7539,30.5272],[114.7583,30.5297],[114.7698,30.533],[114.809,30.5366],[114.8215,30.5364],[114.8485,30.5336],[114.8557,30.5322],[114.8618,30.5298],[114.8667,30.5268],[114.8717,30.5225],[114.8882,30.5013],[114.8936,30.4959],[114.902,30.4909],[114.9112,30.4881],[114.9192,30.4875],[114.9439,30.4885],[114.9543,30.4902],[114.9598,30.4923],[114.9652,30.4955],[114.9812,30.5092]]}},{"type":"Feature","properties":{"country":"China","line":"武孝城际铁路","from":"汉口","to":"云梦东","dist_km":83.0,"fare_local":35.0,"currency":"CNY","local_per_km":0.4217,"usd_per_km":0.0603,"extra":{"n_fare_points":188,"overlap_trimmed":false},"from_en":"Hankou","to_en":"Yunmeng East","line_en":"Wuxiao Intercity Railway"},"geometry":{"type":"LineString","coordinates":[[114.2494,30.6217],[114.2664,30.6263],[114.2684,30.6274],[114.2695,30.6289],[114.2705,30.6335],[114.2704,30.6358],[114.2651,30.646],[114.2624,30.656],[114.254,30.6707],[114.2502,30.6757],[114.246,30.6795],[114.2271,30.694],[114.2207,30.7012],[114.1978,30.7476],[114.1966,30.7518],[114.1969,30.7564],[114.1994,30.7609],[114.2337,30.7948],[114.237,30.799],[114.2387,30.8041],[114.2386,30.8094],[114.2369,30.8137],[114.2335,30.8181],[114.229,30.8212],[114.2229,30.8232],[114.1931,30.8256],[114.0559,30.8263],[114.0451,30.8282],[114.0383,30.8304],[114.0104,30.8436],[114.0023,30.8488],[113.9937,30.8566],[113.9483,30.9149],[113.945,30.9219],[113.9385,30.9525],[113.936,30.9604],[113.9304,30.9703],[113.923,30.9782],[113.9162,30.9833],[113.9106,30.9865],[113.8607,31.0082],[113.8301,31.0191],[113.82,31.0216],[113.8053,31.0241],[113.7994,31.0261],[113.7937,31.0304],[113.7837,31.0431],[113.7789,31.0481]]}},{"type":"Feature","properties":{"country":"China","line":"武西高速铁路","from":"十堰东","to":"汉口","dist_km":460.0,"fare_local":221.0,"currency":"CNY","local_per_km":0.4804,"usd_per_km":0.0686,"extra":{"n_fare_points":123,"overlap_trimmed":false},"from_en":"Shiyandong","to_en":"Hankou","line_en":"Wuxi High-Speed Railway"},"geometry":{"type":"LineString","coordinates":[[110.8188,32.7098],[110.8289,32.6907],[110.8328,32.6854],[110.8462,32.6712],[110.8587,32.6613],[110.8816,32.6459],[110.8885,32.6405],[110.9178,32.6108],[110.9533,32.5818],[110.9619,32.5736],[110.9741,32.5587],[110.9779,32.5553],[110.9892,32.5478],[111.0268,32.5325],[111.0359,32.5269],[111.0445,32.5186],[111.0551,32.5034],[111.0607,32.4965],[111.0667,32.4914],[111.0758,32.4866],[111.0925,32.4812],[111.1127,32.4767],[111.134,32.474],[111.204,32.4616],[111.2124,32.4613],[111.3103,32.4627],[111.3398,32.4626],[111.3751,32.4607],[111.4289,32.4527],[111.4375,32.4506],[111.4453,32.4479],[111.4581,32.441],[111.5224,32.39],[111.5734,32.3374],[111.5799,32.3317],[111.5873,32.3264],[111.5943,32.3224],[111.6433,32.2991],[111.655,32.2906],[111.664,32.2815],[111.671,32.2718],[111.6731,32.2677],[111.6781,32.2541],[111.6797,32.2437],[111.6815,32.2128],[111.6868,32.1971],[111.6905,32.1907],[111.7366,32.1242],[111.7478,32.1086],[111.7522,32.1037],[111.7796,32.0805],[111.856,32.0187],[111.8678,32.0119],[111.8771,32.0073],[111.9372,31.9801],[111.9474,31.9763],[111.965,31.9724],[112.038,31.9631],[112.0476,31.9626],[112.0555,31.9628],[112.0674,31.9643],[112.0915,31.9715],[112.1023,31.9737],[112.1344,31.9775],[112.1454,31.9778],[112.1553,31.9765],[112.1928,31.9658],[112.2017,31.9649],[112.2104,31.9654],[112.2233,31.9685],[112.235,31.9743],[112.3196,32.0394],[112.3295,32.0446],[112.3419,32.0484],[112.3485,32.0494],[112.3589,32.0497],[112.4297,32.0478],[112.4416,32.0466],[112.4696,32.0419],[112.5432,32.0359],[112.5843,32.0362],[112.5945,32.0368],[112.6373,32.0435],[112.7099,32.0635],[112.727,32.0691],[112.7385,32.0711],[112.7745,32.0712],[112.7825,32.0702],[112.7913,32.068],[112.7993,32.0648],[112.8472,32.0413],[112.8711,32.0274],[112.8781,32.0229],[112.8864,32.0164],[112.9255,31.9775],[112.9526,31.9543],[112.9598,31.9471],[112.9747,31.9287],[112.9831,31.9209],[113.0209,31.8954],[113.0563,31.865],[113.0634,31.8597],[113.0744,31.8533],[113.1094,31.8376],[113.1197,31.8316],[113.1262,31.8269],[113.1492,31.8077],[113.1695,31.793],[113.1846,31.7809],[113.2244,31.7552],[113.2483,31.7358],[113.2939,31.7098],[113.3192,31.6924],[113.3304,31.682],[113.3733,31.6363],[113.3774,31.6315],[113.3914,31.6117],[113.4062,31.5869],[113.4295,31.5579],[113.4419,31.5363],[113.4592,31.5133],[113.4752,31.4951],[113.5771,31.3653],[113.5981,31.3337],[113.6313,31.2895],[113.6365,31.2807],[113.6459,31.2581],[113.6507,31.2458],[113.6637,31.2051],[113.6683,31.1953],[113.731,31.1002],[113.737,31.0935],[113.766,31.0649],[113.7962,31.0287],[113.7993,31.0265],[113.8038,31.0246],[113.8277,31.0199],[113.8607,31.0083],[113.9106,30.9866],[113.9218,30.9793],[113.9304,30.9703],[113.9361,30.9604],[113.9386,30.9525],[113.9451,30.922],[113.9464,30.9183],[113.9491,30.914],[113.9926,30.8579],[113.9966,30.8536],[114.008,30.8451],[114.032,30.833],[114.0457,30.8281],[114.0519,30.8269],[114.0616,30.826],[114.1976,30.8254],[114.2238,30.8231],[114.229,30.8213],[114.2343,30.8174],[114.2371,30.8136],[114.2388,30.8087],[114.2386,30.8032],[114.237,30.7989],[114.2338,30.7947],[114.1995,30.7609],[114.197,30.7563],[114.1967,30.7518],[114.1979,30.7476],[114.2209,30.7009],[114.228,30.6933],[114.2501,30.676],[114.2541,30.6708],[114.2625,30.6559],[114.2651,30.6462],[114.2703,30.636],[114.2705,30.6337],[114.2696,30.629],[114.2684,30.6274],[114.2666,30.6263],[114.2494,30.6217]]}},{"type":"Feature","properties":{"country":"China","line":"京港高速铁路","from":"商丘","to":"合肥南","dist_km":420.0,"fare_local":202.5,"currency":"CNY","local_per_km":0.4821,"usd_per_km":0.0689,"extra":{"n_fare_points":298,"overlap_trimmed":false},"from_en":"Shangqiu","to_en":"Hefeinan","line_en":"Jinggang High-Speed Railway"},"geometry":{"type":"LineString","coordinates":[[115.6519,34.4461],[115.6587,34.4441],[115.6739,34.4381],[115.6902,34.4345],[115.6945,34.4323],[115.6985,34.4288],[115.7008,34.4256],[115.7023,34.4217],[115.7032,34.4071],[115.7046,34.401],[115.7205,34.3671],[115.7251,34.3455],[115.7298,34.3059],[115.7388,34.2749],[115.7412,34.2544],[115.7581,34.1747],[115.7668,34.1189],[115.7725,34.0934],[115.7833,34.0193],[115.7877,33.9972],[115.7904,33.97],[115.8036,33.9163],[115.805,33.9084],[115.8052,33.9015],[115.804,33.8923],[115.7966,33.871],[115.7949,33.8638],[115.7908,33.8183],[115.7955,33.7423],[115.7955,33.717],[115.8019,33.6315],[115.8021,33.6082],[115.8036,33.5837],[115.8036,33.5662],[115.807,33.5099],[115.807,33.4705],[115.8082,33.4607],[115.8131,33.4405],[115.8137,33.4326],[115.8134,33.4266],[115.8117,33.418],[115.8102,33.4135],[115.805,33.4031],[115.7996,33.3957],[115.7854,33.3802],[115.7798,33.3731],[115.7716,33.3599],[115.7668,33.3507],[115.7501,33.3145],[115.7303,33.2539],[115.7284,33.2463],[115.7276,33.2395],[115.7207,33.1236],[115.7219,33.1106],[115.7358,33.0323],[115.7409,33.0188],[115.7604,32.9769],[115.7625,32.9703],[115.7639,32.9614],[115.764,32.9547],[115.7627,32.9458],[115.7381,32.8508],[115.7365,32.8426],[115.7361,32.8337],[115.7375,32.8241],[115.7402,32.8158],[115.7443,32.8075],[115.7531,32.7962],[115.7577,32.792],[115.7653,32.7863],[115.7723,32.7822],[115.792,32.7725],[115.8223,32.7607],[115.8507,32.7544],[115.9223,32.74],[115.9606,32.7288],[116.0515,32.7111],[116.084,32.7024],[116.114,32.6965],[116.1581,32.692],[116.2668,32.6685],[116.296,32.6655],[116.3047,32.6641],[116.3317,32.6565],[116.3549,32.652],[116.3773,32.6487],[116.397,32.6431],[116.4099,32.6407],[116.4831,32.6355],[116.4982,32.6351],[116.5058,32.6358],[116.5169,32.638],[116.5393,32.646],[116.5514,32.6489],[116.5652,32.6501],[116.5805,32.6488],[116.5893,32.6469],[116.6396,32.6316],[116.6538,32.6281],[116.6713,32.6261],[116.698,32.6264],[116.7035,32.6259],[116.7107,32.6243],[116.7216,32.6194],[116.7389,32.6065],[116.7476,32.6022],[116.7572,32.5999],[116.7872,32.5972],[116.8169,32.5914],[116.8272,32.5883],[116.8549,32.576],[116.8986,32.562],[116.9112,32.56],[116.9349,32.5588],[116.9443,32.5577],[116.9548,32.5553],[116.9794,32.5478],[116.9969,32.5448],[117.0062,32.5442],[117.0712,32.5444],[117.0809,32.5437],[117.0911,32.5418],[117.1093,32.5361],[117.1199,32.5316],[117.1328,32.5238],[117.1445,32.5134],[117.1528,32.503],[117.1752,32.4659],[117.1786,32.4589],[117.1812,32.4514],[117.1828,32.4435],[117.1833,32.4353],[117.1828,32.415],[117.1814,32.3979],[117.1818,32.3896],[117.1997,32.3055],[117.2014,32.2947],[117.2036,32.2613],[117.2009,32.2355],[117.2012,32.2277],[117.2022,32.2217],[117.2042,32.215],[117.2138,32.1915],[117.2164,32.1837],[117.2264,32.1424],[117.2284,32.1255],[117.2299,32.1183],[117.2328,32.1105],[117.2393,32.0975],[117.2423,32.0882],[117.2528,32.0299],[117.2553,32.0039],[117.257,31.9979],[117.2605,31.9892],[117.2618,31.9777],[117.2649,31.9719],[117.2776,31.9575],[117.2798,31.9537],[117.2808,31.9501],[117.2819,31.9367],[117.2852,31.9208],[117.2845,31.9167],[117.2816,31.9132],[117.2784,31.9115],[117.2685,31.9095],[117.2652,31.908],[117.2545,31.8961],[117.2482,31.8908],[117.2391,31.8844],[117.2302,31.8753],[117.2133,31.8548],[117.2117,31.8513],[117.2094,31.8253],[117.1983,31.8106],[117.1978,31.8072],[117.1989,31.8052],[117.202,31.8027],[117.2106,31.7977],[117.2195,31.7944],[117.228,31.7926],[117.2335,31.7929],[117.2565,31.7977],[117.2798,31.7993],[117.2849,31.8003]]}},{"type":"Feature","properties":{"country":"China","line":"京港高速铁路","from":"合肥西","to":"庐山","dist_km":329.0,"fare_local":180.5,"currency":"CNY","local_per_km":0.5486,"usd_per_km":0.0784,"extra":{"n_fare_points":78,"overlap_trimmed":false},"from_en":"Hefeixi","to_en":"Lushan","line_en":"Jinggang High-Speed Railway"},"geometry":{"type":"LineString","coordinates":[[117.2283,31.8739],[117.2121,31.8528],[117.2098,31.8268],[117.2088,31.824],[117.1904,31.8001],[117.1751,31.775],[117.154,31.752],[117.1495,31.7386],[117.1474,31.734],[117.126,31.7039],[117.1187,31.6963],[117.1066,31.6875],[117.0985,31.6835],[117.0719,31.6727],[117.0625,31.6673],[117.0558,31.6625],[117.0487,31.6559],[117.0409,31.6463],[117.0354,31.6366],[117.032,31.6279],[117.03,31.619],[117.0292,31.6076],[117.027,31.5503],[117.0275,31.5393],[117.0291,31.5319],[117.0469,31.4718],[117.0491,31.4653],[117.0536,31.4561],[117.0581,31.449],[117.0666,31.4389],[117.0743,31.432],[117.0802,31.4276],[117.1823,31.3713],[117.189,31.3666],[117.1965,31.3602],[117.207,31.3479],[117.2116,31.3404],[117.2152,31.3329],[117.2194,31.3184],[117.2204,31.3106],[117.2204,31.302],[117.219,31.2915],[117.2128,31.2723],[117.1916,31.2132],[117.1861,31.2012],[117.1822,31.1951],[117.1406,31.1472],[117.0962,31.1042],[117.0585,31.0662],[117.0506,31.0552],[117.0161,30.9949],[117.0068,30.983],[116.9794,30.9548],[116.9734,30.9465],[116.9689,30.9382],[116.965,30.9279],[116.9626,30.9165],[116.9585,30.8575],[116.9593,30.8477],[116.9606,30.8413],[116.9688,30.8143],[116.971,30.8051],[116.9741,30.7749],[116.9741,30.7692],[116.9728,30.76],[116.9699,30.7508],[116.966,30.7428],[116.9604,30.735],[116.9558,30.7301],[116.9215,30.701],[116.9079,30.6911],[116.895,30.6846],[116.8824,30.6804],[116.8203,30.6649],[116.7242,30.6313],[116.7108,30.6248],[116.6499,30.5897],[116.6441,30.5872],[116.5872,30.5675],[116.5767,30.5631],[116.5102,30.5266],[116.4143,30.4563],[116.3807,30.434],[116.373,30.4273],[116.2735,30.3143],[116.2663,30.3039],[116.2202,30.2193],[116.1922,30.1837],[116.1606,30.1392],[116.1537,30.1312],[116.1472,30.1254],[116.14,30.1203],[116.1299,30.1149],[116.1196,30.1109],[116.1075,30.1079],[116.0985,30.1068],[116.0898,30.1065],[116.0605,30.1095],[116.0482,30.1093],[116.0317,30.1066],[116.0177,30.1018],[115.9981,30.0898],[115.9526,30.0498],[115.9441,30.0417],[115.9377,30.034],[115.9322,30.0252],[115.9073,29.9742],[115.9027,29.9622],[115.8881,29.9046],[115.8705,29.7687],[115.8664,29.7557],[115.8497,29.7215],[115.8463,29.7107],[115.8455,29.7005],[115.8463,29.6924],[115.8489,29.6838],[115.8594,29.6631],[115.8644,29.65],[115.8723,29.6213],[115.8743,29.606],[115.8743,29.5996]]}},{"type":"Feature","properties":{"country":"China","line":"京港高速铁路","from":"南昌东","to":"赣州西","dist_km":408.0,"fare_local":199.0,"currency":"CNY","local_per_km":0.4877,"usd_per_km":0.0697,"extra":{"n_fare_points":561,"overlap_trimmed":false},"from_en":"Nanchangdong","to_en":"Ganzhouxi","line_en":"Jinggang High-Speed Railway"},"geometry":{"type":"LineString","coordinates":[[116.0162,28.6172],[116.0126,28.5991],[116.011,28.5945],[116.0087,28.5912],[115.9948,28.5771],[115.9883,28.5681],[115.98,28.5526],[115.9776,28.5454],[115.9763,28.5391],[115.9757,28.5309],[115.9765,28.5096],[115.9779,28.5018],[115.9827,28.4855],[115.984,28.4774],[115.9829,28.4412],[115.9868,28.4056],[115.9863,28.398],[115.9848,28.3899],[115.9761,28.362],[115.9731,28.3556],[115.9359,28.295],[115.9275,28.2852],[115.9196,28.2788],[115.9112,28.2739],[115.8956,28.2665],[115.8857,28.261],[115.8777,28.2545],[115.8718,28.2486],[115.8369,28.203],[115.815,28.1798],[115.7944,28.1528],[115.7618,28.1008],[115.7556,28.0924],[115.7494,28.0864],[115.7445,28.0825],[115.7276,28.0721],[115.7214,28.0676],[115.6872,28.0406],[115.6813,28.0349],[115.6493,27.9994],[115.6369,27.9884],[115.6252,27.9816],[115.5837,27.9604],[115.5738,27.9536],[115.5283,27.9158],[115.4936,27.8807],[115.4888,27.8746],[115.4837,27.8655],[115.4758,27.8409],[115.4553,27.802],[115.4505,27.7934],[115.4298,27.7631],[115.4156,27.7329],[115.4036,27.7137],[115.3999,27.7057],[115.3933,27.686],[115.3883,27.6765],[115.38,27.6662],[115.3624,27.6514],[115.3554,27.6442],[115.35,27.6372],[115.3384,27.6185],[115.3264,27.5913],[115.3237,27.5827],[115.3217,27.5707],[115.3212,27.5519],[115.3188,27.5408],[115.3069,27.5132],[115.3,27.5018],[115.295,27.4959],[115.2898,27.4912],[115.2708,27.4778],[115.2481,27.4546],[115.2223,27.4186],[115.1993,27.3966],[115.1879,27.3813],[115.1821,27.3747],[115.1592,27.3561],[115.1532,27.3505],[115.1368,27.3283],[115.129,27.3199],[115.1041,27.3011],[115.0758,27.2717],[115.0674,27.2642],[115.0016,27.2223],[114.9733,27.1993],[114.9657,27.1904],[114.9163,27.1248],[114.9001,27.1064],[114.895,27.0985],[114.888,27.0849],[114.8847,27.0741],[114.8834,27.0636],[114.8844,27.0053],[114.8854,26.9936],[114.8885,26.9824],[114.9133,26.9246],[114.917,26.9174],[114.9269,26.9033],[114.9306,26.8969],[114.9394,26.876],[114.942,26.8678],[114.9443,26.8544],[114.9449,26.8268],[114.9445,26.8207],[114.9423,26.8067],[114.9414,26.7835],[114.9396,26.7737],[114.9361,26.7641],[114.9244,26.7429],[114.9154,26.7231],[114.8808,26.6638],[114.8622,26.6223],[114.857,26.6141],[114.8373,26.5876],[114.8324,26.5793],[114.8291,26.5688],[114.8284,26.5589],[114.83,26.5484],[114.8335,26.5393],[114.8467,26.5142],[114.8496,26.5097],[114.8589,26.5],[114.8639,26.4965],[114.8712,26.4927],[114.9022,26.4817],[115.0304,26.4319],[115.0548,26.4237],[115.0724,26.4191],[115.1181,26.4102],[115.1328,26.4066],[115.2368,26.3736],[115.2464,26.3693],[115.2544,26.3639],[115.263,26.3553],[115.2677,26.3489],[115.2714,26.3406],[115.2733,26.3335],[115.274,26.3278],[115.2748,26.2954],[115.2739,26.2896],[115.2718,26.2828],[115.2607,26.2561],[115.2573,26.2463],[115.2502,26.2288],[115.2205,26.1687],[115.2123,26.1466],[115.1959,26.1081],[115.1861,26.0877],[115.174,26.048],[115.1708,26.0419],[115.1378,25.991],[115.1287,25.9791],[115.1202,25.9694],[115.1128,25.9626],[115.1019,25.9546],[115.0744,25.9397],[115.0606,25.9339],[115.0233,25.923],[115.0153,25.9201],[115.0037,25.914],[114.985,25.9013],[114.9767,25.8975],[114.9703,25.8954],[114.9599,25.8932],[114.9501,25.8924],[114.9254,25.8923],[114.8959,25.8947],[114.8881,25.8947],[114.8796,25.8937],[114.8725,25.8922],[114.8594,25.8874],[114.8519,25.8833],[114.8455,25.8787],[114.8384,25.8722],[114.835,25.8681],[114.8284,25.8578],[114.8109,25.8233]]}},{"type":"Feature","properties":{"country":"China","line":"京港高速铁路","from":"赣州西","to":"深圳北","dist_km":447.0,"fare_local":264.0,"currency":"CNY","local_per_km":0.5906,"usd_per_km":0.0844,"extra":{"n_fare_points":360,"overlap_trimmed":false},"from_en":"Ganzhouxi","to_en":"Shenzhen North","line_en":"Jinggang High-Speed Railway"},"geometry":{"type":"LineString","coordinates":[[114.8109,25.8233],[114.8018,25.8054],[114.7986,25.7953],[114.7964,25.782],[114.7971,25.7675],[114.7992,25.7579],[114.8018,25.7508],[114.8086,25.738],[114.8149,25.73],[114.8379,25.707],[114.8465,25.6945],[114.8499,25.6876],[114.8573,25.6671],[114.8617,25.6504],[114.8645,25.6299],[114.8643,25.6058],[114.8626,25.5902],[114.8625,25.5818],[114.8693,25.5318],[114.8732,25.4566],[114.8758,25.4461],[114.8935,25.402],[114.8968,25.3885],[114.8978,25.3774],[114.8977,25.371],[114.892,25.3345],[114.8815,25.2919],[114.8777,25.2818],[114.8636,25.256],[114.8606,25.2481],[114.8583,25.2367],[114.858,25.2268],[114.8595,25.1618],[114.8551,25.1378],[114.8478,25.1044],[114.8449,25.0781],[114.8342,25.0188],[114.8275,24.9777],[114.8268,24.97],[114.828,24.9567],[114.8317,24.944],[114.8351,24.9376],[114.8451,24.9264],[114.8573,24.9142],[114.8762,24.8969],[114.9024,24.8601],[114.9335,24.8189],[114.9381,24.8136],[114.9463,24.8061],[114.9525,24.8014],[114.9965,24.7759],[115.0062,24.7684],[115.0125,24.7621],[115.0336,24.7347],[115.0384,24.7272],[115.0417,24.7204],[115.0466,24.7045],[115.0488,24.685],[115.0474,24.6715],[115.0297,24.6142],[115.0234,24.6007],[115.017,24.5898],[114.9697,24.5204],[114.9631,24.5075],[114.9594,24.4968],[114.951,24.4484],[114.9542,24.4127],[114.956,24.4062],[114.9616,24.3937],[114.9857,24.358],[115.0077,24.3311],[115.0312,24.2947],[115.0351,24.2898],[115.0426,24.2825],[115.0667,24.266],[115.088,24.257],[115.1155,24.2394],[115.1664,24.2119],[115.1778,24.2044],[115.1906,24.1939],[115.1952,24.1882],[115.1986,24.1827],[115.2018,24.1756],[115.2045,24.167],[115.2055,24.1579],[115.2055,24.1491],[115.2022,24.1285],[115.1986,24.1173],[115.1938,24.108],[115.1632,24.0624],[115.1548,24.0517],[115.1357,24.0301],[115.1288,24.0204],[115.123,24.0083],[115.1206,24.0007],[115.117,23.9781],[115.1134,23.9658],[115.1069,23.9539],[115.0987,23.9442],[115.0771,23.9276],[115.0443,23.9104],[115.0252,23.9014],[115.0119,23.8931],[114.9276,23.8351],[114.9169,23.826],[114.908,23.8198],[114.8719,23.8016],[114.8386,23.7812],[114.7949,23.7524],[114.7773,23.7364],[114.7457,23.7028],[114.7408,23.6971],[114.7281,23.6791],[114.7148,23.6595],[114.7104,23.6499],[114.6919,23.6012],[114.683,23.5885],[114.6741,23.5783],[114.6657,23.5704],[114.6273,23.5468],[114.621,23.5425],[114.6126,23.5351],[114.5718,23.4961],[114.5462,23.4678],[114.5385,23.4561],[114.5351,23.4488],[114.5187,23.4002],[114.5024,23.3685],[114.4984,23.359],[114.4954,23.349],[114.4916,23.3233],[114.4891,23.3122],[114.4831,23.2986],[114.4766,23.2892],[114.4668,23.2778],[114.4581,23.2661],[114.4354,23.2329],[114.4261,23.2224],[114.4143,23.213],[114.3954,23.2008],[114.3551,23.1662],[114.3453,23.1563],[114.3331,23.1405],[114.3235,23.1296],[114.2974,23.1078],[114.2905,23.1008],[114.286,23.0951],[114.2795,23.0848],[114.2747,23.0736],[114.2475,22.9856],[114.2411,22.9739],[114.2334,22.9645],[114.2224,22.9549],[114.2138,22.9496],[114.2089,22.9471],[114.1891,22.9395],[114.1837,22.9363],[114.1421,22.903],[114.1333,22.8954],[114.1136,22.8756],[114.1011,22.8661],[114.092,22.8611],[114.0442,22.8393],[114.0175,22.828],[113.9996,22.8223],[113.9909,22.8187],[113.9779,22.8105],[113.97,22.8033],[113.9657,22.7982],[113.9606,22.7909],[113.9568,22.7836],[113.9537,22.7748],[113.9518,22.7659],[113.9495,22.7196],[113.95,22.7118],[113.9522,22.7016],[113.9559,22.6922],[113.9652,22.6736],[113.972,22.6631],[113.9844,22.6481],[113.9925,22.6413],[114.0039,22.633],[114.0239,22.612]]}},{"type":"Feature","properties":{"country":"China","line":"广深城际铁路","from":"广州","to":"深圳","dist_km":147.0,"fare_local":74.5,"currency":"CNY","local_per_km":0.5068,"usd_per_km":0.0724,"extra":{"n_fare_points":3570,"overlap_trimmed":false},"from_en":"Guangzhou","to_en":"Shenzhen","line_en":"Guangshen Intercity Railway"},"geometry":{"type":"LineString","coordinates":[[113.2523,23.1526],[113.2601,23.1484],[113.2652,23.1446],[113.2701,23.1427],[113.2778,23.1454],[113.2826,23.1442],[113.2856,23.1445],[113.293,23.1497],[113.298,23.1547],[113.3,23.1557],[113.3075,23.1561],[113.3165,23.1548],[113.3376,23.1479],[113.3438,23.1469],[113.3503,23.1472],[113.3546,23.1467],[113.3753,23.1388],[113.4588,23.1178],[113.4885,23.1152],[113.5497,23.1266],[113.5731,23.1255],[113.5778,23.1261],[113.5812,23.1275],[113.5928,23.1344],[113.6054,23.1373],[113.6164,23.1406],[113.6359,23.1478],[113.6491,23.1541],[113.7204,23.1799],[113.7276,23.1816],[113.7366,23.1813],[113.7805,23.1725],[113.8154,23.1612],[113.8281,23.1538],[113.8323,23.1495],[113.8352,23.1434],[113.8388,23.1275],[113.8379,23.1151],[113.8382,23.1117],[113.8426,23.1017],[113.8447,23.0986],[113.8623,23.0852],[113.8909,23.0683],[113.8952,23.0666],[113.9044,23.0652],[113.9088,23.0634],[113.9467,23.0333],[113.951,23.0315],[113.9605,23.0301],[113.9648,23.0276],[113.9816,23.0119],[113.9954,22.9916],[114.01,22.9782],[114.0279,22.9496],[114.0436,22.933],[114.0452,22.9297],[114.0497,22.9154],[114.0519,22.9118],[114.0546,22.9093],[114.0699,22.8996],[114.0725,22.8971],[114.0745,22.8937],[114.0761,22.8863],[114.0764,22.8781],[114.0789,22.8692],[114.0789,22.8574],[114.0947,22.8157],[114.0953,22.8044],[114.0977,22.7951],[114.1071,22.7485],[114.1083,22.7315],[114.1076,22.7279],[114.1049,22.7211],[114.105,22.7163],[114.1066,22.713],[114.1138,22.7041],[114.1275,22.6832],[114.1312,22.675],[114.1367,22.6678],[114.1381,22.6636],[114.1395,22.6517],[114.1389,22.646],[114.1359,22.6408],[114.1255,22.6304],[114.1232,22.6292],[114.1167,22.6274],[114.1147,22.6257],[114.1133,22.6232],[114.1132,22.6202],[114.1151,22.6141],[114.1146,22.6049],[114.1092,22.5935],[114.1087,22.591],[114.1092,22.5884],[114.1113,22.5843],[114.1122,22.5795],[114.1092,22.5537],[114.1121,22.5343]]}},{"type":"Feature","properties":{"country":"China","line":"广珠城际铁路","from":"广州南","to":"珠海","dist_km":116.0,"fare_local":70.0,"currency":"CNY","local_per_km":0.6034,"usd_per_km":0.0862,"extra":{"n_fare_points":935,"overlap_trimmed":false},"from_en":"Guangzhounan","to_en":"Zhuhai","line_en":"Guangzhu Intercity Railway"},"geometry":{"type":"LineString","coordinates":[[113.264,22.9914],[113.2739,22.9753],[113.2747,22.9711],[113.274,22.9664],[113.2718,22.9623],[113.2687,22.9593],[113.2509,22.9487],[113.2473,22.9459],[113.2453,22.9435],[113.2437,22.9398],[113.2433,22.936],[113.2442,22.9317],[113.247,22.9271],[113.262,22.9154],[113.266,22.9099],[113.2676,22.9042],[113.2667,22.8928],[113.2672,22.8882],[113.2709,22.8787],[113.2754,22.8699],[113.2793,22.8658],[113.2878,22.86],[113.2928,22.8546],[113.295,22.8506],[113.3002,22.8369],[113.3037,22.832],[113.3074,22.8291],[113.3212,22.8218],[113.3242,22.8193],[113.3274,22.8154],[113.3299,22.809],[113.3314,22.7924],[113.3306,22.7872],[113.3279,22.7813],[113.3245,22.7774],[113.3164,22.7703],[113.3102,22.7625],[113.3055,22.7495],[113.3044,22.7424],[113.305,22.7261],[113.3028,22.7113],[113.3019,22.6982],[113.3002,22.6926],[113.2971,22.688],[113.2795,22.6669],[113.2558,22.6408],[113.2537,22.6366],[113.2527,22.6319],[113.2528,22.6276],[113.2538,22.6237],[113.2552,22.6206],[113.2584,22.6165],[113.2613,22.6141],[113.266,22.6117],[113.292,22.6032],[113.3124,22.6007],[113.3163,22.5996],[113.3214,22.5972],[113.3256,22.594],[113.3282,22.5912],[113.3339,22.5822],[113.3378,22.5776],[113.3512,22.5641],[113.3569,22.5605],[113.3629,22.5589],[113.3684,22.5588],[113.3838,22.5624],[113.3973,22.5645],[113.4038,22.5641],[113.4091,22.5627],[113.415,22.5598],[113.419,22.5566],[113.4458,22.5277],[113.4533,22.5219],[113.4598,22.5191],[113.4675,22.517],[113.4896,22.5153],[113.507,22.5122],[113.5141,22.5087],[113.5192,22.5032],[113.533,22.4817],[113.5364,22.4739],[113.5373,22.4591],[113.5387,22.4495],[113.544,22.432],[113.5496,22.3755],[113.5483,22.3698],[113.5413,22.3555],[113.5374,22.3345],[113.5351,22.3262],[113.5328,22.323],[113.524,22.3159],[113.5156,22.3059],[113.5078,22.2868],[113.505,22.2775],[113.5058,22.2755],[113.5117,22.2701],[113.5136,22.2671],[113.5164,22.2424],[113.5171,22.2407],[113.5257,22.2327],[113.5362,22.2189],[113.5439,22.2181]]}},{"type":"Feature","properties":{"country":"China","line":"深湛铁路","from":"江门","to":"湛江西","dist_km":357.0,"fare_local":192.0,"currency":"CNY","local_per_km":0.5378,"usd_per_km":0.0769,"extra":{"n_fare_points":355,"overlap_trimmed":false},"from_en":"Jiangmen","to_en":"Zhanjiangxi","line_en":"Shenzhan Railway"},"geometry":{"type":"LineString","coordinates":[[113.0653,22.491],[113.0646,22.478],[113.0637,22.476],[113.0619,22.4745],[113.0537,22.4727],[113.0266,22.4728],[113.013,22.4741],[113.0093,22.4734],[113.006,22.4715],[112.9873,22.4576],[112.97,22.4475],[112.9652,22.4439],[112.9396,22.4153],[112.9271,22.4033],[112.9187,22.3932],[112.8759,22.3454],[112.8715,22.3387],[112.8661,22.3263],[112.8617,22.3191],[112.8543,22.3108],[112.8521,22.3088],[112.8484,22.3068],[112.8427,22.3046],[112.8359,22.3035],[112.7908,22.3018],[112.7808,22.302],[112.7685,22.3032],[112.7418,22.3015],[112.7354,22.3024],[112.7291,22.3044],[112.7032,22.3184],[112.694,22.3213],[112.6853,22.3219],[112.6581,22.3214],[112.6485,22.3199],[112.639,22.3163],[112.6181,22.3037],[112.5973,22.2862],[112.5902,22.2785],[112.5811,22.2668],[112.5729,22.2602],[112.5643,22.2564],[112.5431,22.2507],[112.508,22.2356],[112.4994,22.2296],[112.4856,22.2157],[112.4792,22.2109],[112.472,22.2068],[112.464,22.2037],[112.4559,22.2018],[112.4175,22.1998],[112.4102,22.1985],[112.4022,22.195],[112.3731,22.1761],[112.3664,22.1728],[112.3394,22.1632],[112.3271,22.1611],[112.317,22.1584],[112.2922,22.1495],[112.2846,22.1458],[112.2778,22.14],[112.2496,22.1017],[112.2328,22.074],[112.2226,22.0607],[112.2026,22.0248],[112.1988,22.0208],[112.1854,22.0099],[112.1715,22.0008],[112.1662,21.9956],[112.1636,21.9919],[112.16,21.984],[112.1566,21.9707],[112.1445,21.9466],[112.1385,21.9281],[112.1304,21.9112],[112.1228,21.8874],[112.1189,21.8807],[112.1116,21.8722],[112.0916,21.8551],[112.0778,21.8461],[112.0454,21.829],[112.0389,21.827],[112.0228,21.8252],[112.0171,21.8238],[111.9709,21.8072],[111.9574,21.8003],[111.9519,21.7982],[111.931,21.7954],[111.9223,21.7956],[111.8866,21.7997],[111.8352,21.8008],[111.8297,21.8015],[111.8179,21.8045],[111.8115,21.8051],[111.7866,21.8018],[111.7583,21.7957],[111.7472,21.7942],[111.7292,21.7957],[111.6969,21.7958],[111.6748,21.7976],[111.6153,21.8002],[111.6008,21.7995],[111.5895,21.798],[111.5813,21.7952],[111.574,21.7908],[111.5691,21.7863],[111.553,21.7675],[111.5464,21.7621],[111.5362,21.7563],[111.4973,21.7432],[111.4693,21.732],[111.4394,21.7155],[111.3994,21.6989],[111.3725,21.6905],[111.341,21.6732],[111.3337,21.6704],[111.3299,21.6697],[111.3246,21.6691],[111.3164,21.6698],[111.2839,21.6777],[111.1853,21.7064],[111.1724,21.7092],[111.1642,21.7097],[111.1562,21.7094],[111.1258,21.704],[111.1198,21.7036],[111.0887,21.7071],[111.0796,21.7073],[111.0713,21.7065],[111.0636,21.7049],[111.0457,21.6985],[111.0399,21.6956],[111.0253,21.6862],[110.9816,21.6525],[110.9747,21.6462],[110.9708,21.6442],[110.954,21.6435],[110.9479,21.6414],[110.9451,21.6412],[110.9123,21.6478],[110.9001,21.6531],[110.894,21.6547],[110.8869,21.6549],[110.8795,21.6533],[110.8694,21.6499],[110.8639,21.6472],[110.8579,21.6433],[110.8515,21.6372],[110.8239,21.5941],[110.8205,21.5904],[110.8074,21.579],[110.8031,21.5733],[110.7919,21.5539],[110.7867,21.5383],[110.782,21.5299],[110.7756,21.5229],[110.7549,21.5032],[110.747,21.4973],[110.7384,21.4935],[110.7179,21.4873],[110.7041,21.4849],[110.6917,21.4849],[110.6851,21.4841],[110.6509,21.4752],[110.6318,21.4713],[110.6241,21.4693],[110.5746,21.4526],[110.5389,21.4475],[110.5202,21.443],[110.4911,21.4414],[110.4826,21.4401],[110.4717,21.437],[110.4588,21.4323],[110.4384,21.4264],[110.4317,21.4236],[110.4262,21.4201],[110.4128,21.4083],[110.407,21.4045],[110.4004,21.4015],[110.3862,21.3984],[110.3768,21.395],[110.372,21.3924],[110.3585,21.382],[110.337,21.3727],[110.3006,21.3518],[110.2946,21.3467],[110.2887,21.3392],[110.2848,21.3305],[110.2815,21.3192],[110.2812,21.3127],[110.2816,21.3077],[110.2861,21.2881],[110.2868,21.2824],[110.2866,21.277],[110.2837,21.2615],[110.2833,21.252],[110.2838,21.2456]]}},{"type":"Feature","properties":{"country":"China","line":"广珠城际江门支线","from":"广州南","to":"江门","dist_km":75.0,"fare_local":45.0,"currency":"CNY","local_per_km":0.6,"usd_per_km":0.0857,"extra":{"n_fare_points":745,"overlap_trimmed":false},"from_en":"Guangzhounan","to_en":"Jiangmen","line_en":"Guangzhuchengjijiangmen Branch Line"},"geometry":{"type":"LineString","coordinates":[[113.264,22.9914],[113.2739,22.9753],[113.2747,22.9711],[113.274,22.9665],[113.2721,22.9628],[113.2687,22.9594],[113.2509,22.9488],[113.2472,22.946],[113.2453,22.9435],[113.2437,22.9398],[113.2433,22.936],[113.2441,22.9316],[113.2469,22.9271],[113.2619,22.9153],[113.2659,22.9098],[113.2675,22.9042],[113.2666,22.8928],[113.2671,22.8882],[113.2703,22.8799],[113.2753,22.8698],[113.2793,22.8658],[113.2878,22.8599],[113.2928,22.8546],[113.295,22.8506],[113.3001,22.8369],[113.3037,22.832],[113.3074,22.829],[113.3211,22.8217],[113.3253,22.818],[113.3288,22.8125],[113.3301,22.8067],[113.3313,22.7924],[113.3308,22.7884],[113.3295,22.7843],[113.3256,22.7786],[113.3163,22.7704],[113.3111,22.764],[113.3089,22.76],[113.305,22.7477],[113.3044,22.7424],[113.3051,22.7272],[113.3027,22.7113],[113.3018,22.6982],[113.3002,22.6927],[113.2971,22.688],[113.2774,22.6646],[113.2317,22.6153],[113.2259,22.6105],[113.2215,22.6083],[113.194,22.5986],[113.1775,22.594],[113.1374,22.577],[113.124,22.5739],[113.0883,22.5606],[113.0841,22.5585],[113.0761,22.5524],[113.0689,22.5435],[113.0676,22.5403],[113.0657,22.532],[113.0653,22.5285],[113.0666,22.5102],[113.0653,22.491]]}},{"type":"Feature","properties":{"country":"China","line":"广湛高速铁路","from":"广州","to":"湛江北","dist_km":400.0,"fare_local":262.0,"currency":"CNY","local_per_km":0.655,"usd_per_km":0.0936,"extra":{"n_fare_points":587,"overlap_trimmed":false},"from_en":"Guangzhou","to_en":"Zhanjiangbei","line_en":"Guangzhan High-Speed Railway"},"geometry":{"type":"LineString","coordinates":[[113.2523,23.1526],[113.2445,23.1557],[113.2411,23.1547],[113.2398,23.1518],[113.2407,23.1444],[113.2386,23.1406],[113.2269,23.129],[113.2239,23.1281],[113.2158,23.128],[113.212,23.1261],[113.202,23.1118],[113.1992,23.1054],[113.1961,23.1027],[113.1924,23.1019],[113.1726,23.1025],[113.1623,23.0985],[113.1457,23.0953],[113.1219,23.0873],[113.1185,23.0855],[113.1154,23.0823],[113.1081,23.0691],[113.1073,23.0641],[113.1086,23.0531],[113.1074,23.0506],[113.1049,23.0489],[113.1015,23.0487],[113.0726,23.0548],[113.0511,23.0562],[113.0456,23.0561],[113.0386,23.0541],[113.025,23.0474],[113.0197,23.0454],[113.0128,23.0439],[112.9918,23.041],[112.969,23.0343],[112.9303,23.0196],[112.9059,23.0078],[112.8953,23.0013],[112.8792,22.9863],[112.872,22.9811],[112.845,22.9657],[112.8366,22.9623],[112.8293,22.9602],[112.8201,22.9587],[112.8104,22.9584],[112.7643,22.9638],[112.7585,22.9641],[112.7493,22.9634],[112.7096,22.9564],[112.6748,22.9474],[112.6304,22.9382],[112.615,22.9326],[112.6059,22.9276],[112.5956,22.9198],[112.5874,22.9111],[112.5811,22.9022],[112.5748,22.8887],[112.5639,22.8488],[112.5599,22.8386],[112.5511,22.8204],[112.5468,22.8131],[112.5399,22.8047],[112.5325,22.798],[112.5233,22.7921],[112.5141,22.7879],[112.471,22.7752],[112.4424,22.7638],[112.4286,22.7576],[112.4053,22.7455],[112.3841,22.7364],[112.367,22.7262],[112.3092,22.6955],[112.2685,22.666],[112.2452,22.6526],[112.2201,22.6347],[112.2137,22.6294],[112.206,22.6212],[112.1998,22.6127],[112.1422,22.5138],[112.1333,22.4974],[112.1154,22.4748],[112.1043,22.4563],[112.0687,22.409],[112.0226,22.3598],[112.0063,22.3401],[111.9954,22.3251],[111.983,22.3045],[111.9314,22.2404],[111.9226,22.2284],[111.9172,22.2196],[111.9128,22.2109],[111.9094,22.2021],[111.8968,22.1631],[111.8942,22.1535],[111.8925,22.1412],[111.892,22.1158],[111.8886,22.0886],[111.8786,22.0535],[111.872,22.0337],[111.8651,22.0002],[111.8622,21.98],[111.86,21.9699],[111.8574,21.9624],[111.8542,21.9554],[111.8259,21.9075],[111.8174,21.8954],[111.8032,21.8808],[111.7935,21.8737],[111.7727,21.8628],[111.7661,21.8585],[111.7174,21.8179],[111.7087,21.8128],[111.6943,21.8065],[111.684,21.8029],[111.673,21.8005],[111.6554,21.7991],[111.618,21.8012],[111.6067,21.8014],[111.5933,21.7996],[111.5814,21.796],[111.5701,21.7906],[111.5456,21.7733],[111.5133,21.7545],[111.4678,21.7319],[111.4423,21.7175],[111.3827,21.6963],[111.3689,21.6895],[111.3457,21.6764],[111.3386,21.673],[111.2908,21.6571],[111.2715,21.652],[111.189,21.6381],[111.1599,21.637],[111.1211,21.6341],[111.1086,21.6325],[111.0461,21.6174],[111.0234,21.6111],[110.939,21.5933],[110.912,21.5851],[110.8806,21.5732],[110.8706,21.5709],[110.838,21.5655],[110.8287,21.563],[110.8212,21.5599],[110.8095,21.5536],[110.7917,21.5391],[110.7788,21.5255],[110.7458,21.4933],[110.7283,21.4782],[110.7113,21.4608],[110.7054,21.4558],[110.6944,21.4492],[110.6633,21.4357],[110.6326,21.4186],[110.6214,21.4103],[110.5799,21.3719],[110.5724,21.3636],[110.5667,21.354],[110.5575,21.3282],[110.552,21.3171],[110.544,21.3063],[110.5389,21.3012],[110.5323,21.2958],[110.5242,21.2906],[110.4905,21.2715],[110.4819,21.2678],[110.469,21.2651],[110.4577,21.2645],[110.4421,21.2652],[110.4314,21.2629],[110.4249,21.2595],[110.3892,21.2351],[110.3533,21.2211]]}},{"type":"Feature","properties":{"country":"China","line":"龙龙高速铁路","from":"龙川西","to":"梅州西","dist_km":98.0,"fare_local":53.0,"currency":"CNY","local_per_km":0.5408,"usd_per_km":0.0773,"extra":{"n_fare_points":85,"overlap_trimmed":false},"from_en":"Longchuanxi","to_en":"Meizhouxi","line_en":"Longlong High-Speed Railway"},"geometry":{"type":"LineString","coordinates":[[115.1753,24.0804],[115.1862,24.0968],[115.1898,24.1045],[115.194,24.1084],[115.1991,24.1102],[115.2095,24.1103],[115.2237,24.1132],[115.2289,24.1154],[115.2398,24.1229],[115.2439,24.1243],[115.2485,24.1248],[115.2562,24.1241],[115.271,24.1204],[115.286,24.1192],[115.319,24.1151],[115.3672,24.1063],[115.4616,24.0922],[115.4759,24.0883],[115.4963,24.0799],[115.5124,24.0755],[115.5423,24.0709],[115.5721,24.0652],[115.605,24.0597],[115.6248,24.0597],[115.6525,24.061],[115.6891,24.0696],[115.7276,24.0731],[115.7386,24.0761],[115.7498,24.0813],[115.8095,24.1185],[115.8304,24.1331],[115.8568,24.1473],[115.8737,24.1577],[115.8933,24.1718],[115.9137,24.1908],[115.9214,24.1968],[115.9648,24.2241],[116.0005,24.2481],[116.0121,24.2532],[116.0194,24.255],[116.0378,24.2541],[116.043,24.2529]]}},{"type":"Feature","properties":{"country":"China","line":"龙龙高速铁路","from":"龙岩","to":"武平","dist_km":92.0,"fare_local":42.5,"currency":"CNY","local_per_km":0.462,"usd_per_km":0.066,"extra":{"n_fare_points":44,"overlap_trimmed":false},"from_en":"Longyan","to_en":"Wuping","line_en":"Longlong High-Speed Railway"},"geometry":{"type":"LineString","coordinates":[[117.0006,25.1],[116.991,25.1007],[116.9524,25.1079],[116.9368,25.1159],[116.9298,25.1181],[116.9243,25.1187],[116.9055,25.1186],[116.8916,25.1201],[116.8756,25.1251],[116.8502,25.1299],[116.8292,25.1346],[116.8079,25.1397],[116.7943,25.144],[116.7813,25.1505],[116.7739,25.1556],[116.7717,25.1575],[116.7683,25.1622],[116.7654,25.1689],[116.765,25.1722],[116.7648,25.1761],[116.7683,25.195],[116.7678,25.1994],[116.7657,25.2041],[116.762,25.2076],[116.7568,25.21],[116.7505,25.2109],[116.7447,25.2106],[116.7246,25.2053],[116.7016,25.197],[116.682,25.193],[116.6092,25.1725],[116.6016,25.1694],[116.5547,25.1454],[116.5127,25.1283],[116.4627,25.1095],[116.4222,25.0884],[116.4087,25.0828],[116.3742,25.0706],[116.3598,25.0644],[116.3337,25.0584],[116.3138,25.0505],[116.276,25.0407],[116.2528,25.0293],[116.2447,25.0243],[116.236,25.0165],[116.2149,24.9947]]}},{"type":"Feature","properties":{"country":"China","line":"梅汕高速铁路","from":"梅州西","to":"汕头南","dist_km":149.0,"fare_local":71.0,"currency":"CNY","local_per_km":0.4765,"usd_per_km":0.0681,"extra":{"n_fare_points":59,"overlap_trimmed":false},"from_en":"Meizhouxi","to_en":"Shantounan","line_en":"Meishan High-Speed Railway"},"geometry":{"type":"LineString","coordinates":[[116.043,24.2529],[116.0491,24.2533],[116.0639,24.2522],[116.0686,24.2512],[116.0736,24.2489],[116.0783,24.2451],[116.0824,24.2389],[116.0838,24.2328],[116.0835,24.2274],[116.0775,24.2054],[116.0746,24.1992],[116.0709,24.1939],[116.0669,24.1897],[116.0405,24.1674],[116.0368,24.1627],[116.0256,24.1454],[116.0107,24.1299],[116.0067,24.1242],[116.0026,24.1141],[116.0013,24.1039],[116.0021,24.0975],[116.0052,24.084],[116.0099,24.0741],[116.0426,24.0141],[116.105,23.9344],[116.18,23.8175],[116.1928,23.7906],[116.1946,23.7824],[116.1953,23.7695],[116.1961,23.7651],[116.1982,23.7587],[116.2022,23.752],[116.21,23.7442],[116.251,23.7086],[116.2571,23.7026],[116.2621,23.6941],[116.2659,23.6791],[116.2701,23.6711],[116.2763,23.6647],[116.2876,23.6568],[116.2939,23.6506],[116.3038,23.6316],[116.3078,23.6267],[116.3121,23.6228],[116.3408,23.6062],[116.3511,23.6027],[116.3685,23.5992],[116.3789,23.5987],[116.3892,23.5999],[116.3989,23.602],[116.4086,23.6026],[116.4169,23.6013],[116.4244,23.5986],[116.4329,23.593],[116.4526,23.5747],[116.463,23.5608],[116.4727,23.5504],[116.479,23.5417],[116.4818,23.5391],[116.486,23.5367],[116.4914,23.5354],[116.495,23.5354],[116.4985,23.536],[116.5031,23.5383],[116.5067,23.5411],[116.5213,23.5576],[116.5233,23.5591],[116.526,23.56],[116.5292,23.5599],[116.5366,23.558],[116.5415,23.5559],[116.5477,23.5497],[116.5502,23.5419],[116.5517,23.5394],[116.5543,23.5376],[116.5604,23.5353],[116.5631,23.5355],[116.5752,23.5397],[116.6174,23.5553],[116.6236,23.5583],[116.6272,23.5586],[116.6333,23.5566],[116.6358,23.5543],[116.6454,23.5381],[116.6693,23.5052],[116.6869,23.4864],[116.6994,23.4643],[116.7024,23.4556],[116.7221,23.419],[116.7419,23.3971],[116.7519,23.3838],[116.7524,23.3747],[116.7534,23.3701],[116.7534,23.3519],[116.7494,23.2975],[116.7473,23.2858],[116.7439,23.2774],[116.738,23.268],[116.7325,23.2619],[116.7262,23.2568],[116.7123,23.2475],[116.7024,23.2429],[116.6477,23.2218],[116.6731,23.2322]]}},{"type":"Feature","properties":{"country":"China","line":"甬广高速铁路","from":"汕头","to":"广州东","dist_km":393.0,"fare_local":222.5,"currency":"CNY","local_per_km":0.5662,"usd_per_km":0.0809,"extra":{"n_fare_points":998,"overlap_trimmed":false},"from_en":"Shantou","to_en":"Guangzhoudong","line_en":"Yongguang High-Speed Railway"},"geometry":{"type":"LineString","coordinates":[[116.7524,23.3747],[116.7534,23.3701],[116.7534,23.3504],[116.7487,23.2916],[116.7463,23.2829],[116.7428,23.2754],[116.738,23.268],[116.7325,23.2619],[116.7166,23.2501],[116.7094,23.246],[116.7024,23.2429],[116.6355,23.2172],[116.6275,23.2147],[116.602,23.2089],[116.5954,23.2064],[116.5886,23.2027],[116.5834,23.1989],[116.5778,23.1936],[116.5556,23.1644],[116.5505,23.1584],[116.505,23.1152],[116.4968,23.1094],[116.4371,23.0751],[116.3895,23.0399],[116.3655,23.0186],[116.3562,23.0122],[116.3489,23.0086],[116.333,23.0038],[116.2569,22.9925],[116.1795,22.9687],[116.1697,22.965],[116.161,22.9605],[116.1234,22.9328],[116.1122,22.9266],[116.1027,22.9232],[116.037,22.9065],[116.0134,22.9051],[115.914,22.9025],[115.9006,22.904],[115.8533,22.9146],[115.8439,22.9153],[115.8075,22.9153],[115.7982,22.9147],[115.7897,22.913],[115.7648,22.9044],[115.7511,22.9015],[115.7424,22.9009],[115.7238,22.9012],[115.7036,22.8996],[115.6815,22.8995],[115.6683,22.8979],[115.6114,22.8842],[115.5989,22.8802],[115.5814,22.8721],[115.5713,22.8667],[115.5306,22.8387],[115.5203,22.8329],[115.511,22.8295],[115.5047,22.8279],[115.4821,22.8247],[115.4704,22.8213],[115.4565,22.816],[115.4433,22.8138],[115.4368,22.8137],[115.4048,22.816],[115.3881,22.8163],[115.3793,22.8172],[115.3698,22.8195],[115.3122,22.8374],[115.3044,22.8386],[115.2711,22.8408],[115.2644,22.8419],[115.2498,22.8474],[115.2009,22.8709],[115.191,22.8745],[115.1778,22.8776],[115.1691,22.8784],[115.1607,22.8785],[115.0686,22.8716],[115.0571,22.8714],[115.0424,22.8733],[115.0043,22.8853],[114.9926,22.8877],[114.9062,22.8937],[114.7693,22.9326],[114.7562,22.9342],[114.6862,22.9364],[114.6752,22.9377],[114.6666,22.9396],[114.6533,22.9447],[114.6185,22.9636],[114.6106,22.9669],[114.5159,22.9944],[114.5044,22.996],[114.4375,23.0007],[114.4218,23.0033],[114.4059,23.0092],[114.3928,23.0178],[114.3818,23.0284],[114.3699,23.0455],[114.3654,23.0503],[114.3245,23.0768],[114.3173,23.0848],[114.3001,23.1096],[114.2954,23.1145],[114.2885,23.1198],[114.2741,23.1267],[114.2666,23.1284],[114.2445,23.1318],[114.182,23.1497],[114.1734,23.1536],[114.161,23.1608],[114.1299,23.1825],[114.1234,23.1858],[114.1149,23.189],[114.101,23.1923],[114.0714,23.196],[114.0648,23.1973],[114.0595,23.1974],[114.0219,23.2019],[114.0101,23.2023],[113.9685,23.1985],[113.9603,23.1968],[113.9431,23.1919],[113.9349,23.1903],[113.904,23.1894],[113.8959,23.1901],[113.886,23.1923],[113.8619,23.202],[113.8479,23.2054],[113.7746,23.2078],[113.7679,23.2074],[113.7613,23.2055],[113.7554,23.2024],[113.74,23.1889],[113.7346,23.1854],[113.6505,23.155],[113.636,23.1483],[113.6169,23.1411],[113.5948,23.1357],[113.5964,23.1361],[113.5886,23.1331],[113.5823,23.1284],[113.5786,23.1267],[113.5671,23.1251],[113.5561,23.1264],[113.5497,23.1266],[113.4888,23.1151],[113.4603,23.1174],[113.4411,23.1221],[113.4292,23.1243],[113.4236,23.1267],[113.3748,23.139],[113.3546,23.1465],[113.3503,23.1471],[113.344,23.1468],[113.3378,23.1477],[113.3196,23.1537]]}},{"type":"Feature","properties":{"country":"China","line":"甬广高速铁路","from":"福州南","to":"泉州南","dist_km":171.0,"fare_local":78.0,"currency":"CNY","local_per_km":0.4561,"usd_per_km":0.0652,"extra":{"n_fare_points":1211,"overlap_trimmed":false},"from_en":"Fuzhounan","to_en":"Quanzhounan","line_en":"Yongguang High-Speed Railway"},"geometry":{"type":"LineString","coordinates":[[119.3867,25.9893],[119.3901,25.9838],[119.3938,25.9715],[119.3952,25.9506],[119.4003,25.9339],[119.4033,25.9079],[119.4027,25.9014],[119.4015,25.8967],[119.3957,25.8843],[119.3879,25.8738],[119.3193,25.8031],[119.3117,25.793],[119.3076,25.7854],[119.3052,25.7791],[119.3042,25.7748],[119.3016,25.7564],[119.3001,25.7406],[119.3006,25.6725],[119.2997,25.6619],[119.2973,25.6518],[119.2909,25.6373],[119.2652,25.5979],[119.2305,25.5354],[119.2263,25.5296],[119.2205,25.5233],[119.2142,25.5179],[119.2085,25.5141],[119.1958,25.5079],[119.1744,25.5016],[119.1665,25.4984],[119.1558,25.4922],[119.1446,25.4824],[119.1383,25.474],[119.1261,25.4535],[119.1076,25.4322],[119.0947,25.4107],[119.0793,25.394],[119.0741,25.3873],[119.0699,25.3802],[119.063,25.3657],[119.0359,25.3175],[119.0297,25.3086],[119.0202,25.2988],[119.0107,25.2914],[119.0001,25.2854],[118.9177,25.2498],[118.9072,25.243],[118.8967,25.2328],[118.892,25.2261],[118.8859,25.2154],[118.8806,25.2037],[118.8776,25.1936],[118.8708,25.1621],[118.8671,25.1512],[118.8609,25.1395],[118.8486,25.1222],[118.8424,25.1088],[118.8401,25.1001],[118.8392,25.0903],[118.8419,25.0576],[118.8415,25.0447],[118.8401,25.037],[118.838,25.0301],[118.8313,25.0167],[118.8182,25.0001],[118.7917,24.9749],[118.7848,24.9663],[118.7778,24.9538],[118.761,24.9101],[118.755,24.8984],[118.7483,24.8893],[118.7304,24.8696],[118.7154,24.8449],[118.6862,24.8101],[118.6793,24.8033],[118.6724,24.7982],[118.6504,24.7856],[118.6404,24.7806],[118.6206,24.7733],[118.6084,24.7667],[118.5976,24.7581],[118.585,24.7442],[118.5802,24.74]]}},{"type":"Feature","properties":{"country":"China","line":"甬广高速铁路","from":"泉州南","to":"厦门北","dist_km":60.0,"fare_local":32.0,"currency":"CNY","local_per_km":0.5333,"usd_per_km":0.0762,"extra":{"n_fare_points":1198,"overlap_trimmed":false},"from_en":"Quanzhounan","to_en":"Xiamen North","line_en":"Yongguang High-Speed Railway"},"geometry":{"type":"LineString","coordinates":[[118.5802,24.74],[118.5767,24.7347],[118.5632,24.718],[118.5589,24.7105],[118.5525,24.6953],[118.5487,24.6877],[118.5433,24.6797],[118.538,24.6735],[118.5284,24.6649],[118.5183,24.6583],[118.5059,24.6526],[118.4925,24.6488],[118.4697,24.645],[118.4561,24.6447],[118.4444,24.6465],[118.4029,24.6568],[118.3916,24.6581],[118.365,24.6596],[118.3526,24.6629],[118.3258,24.6735],[118.2933,24.6848],[118.2703,24.6886],[118.247,24.6939],[118.2393,24.6948],[118.2239,24.6953],[118.1987,24.6943],[118.1759,24.6908],[118.1661,24.6881],[118.1452,24.6804],[118.1268,24.6753],[118.1203,24.6726],[118.1137,24.6687],[118.0912,24.6517],[118.0743,24.6437],[118.0686,24.6397]]}},{"type":"Feature","properties":{"country":"China","line":"杭深铁路","from":"杭州东","to":"宁波","dist_km":155.0,"fare_local":72.0,"currency":"CNY","local_per_km":0.4645,"usd_per_km":0.0664,"extra":{"n_fare_points":671,"overlap_trimmed":false},"from_en":"Hangzhoudong","to_en":"Ningbo","line_en":"Hangshen Railway"},"geometry":{"type":"LineString","coordinates":[[120.2082,30.2935],[120.2121,30.2878],[120.2178,30.2818],[120.2492,30.2637],[120.2523,30.2612],[120.2553,30.2576],[120.2573,30.2535],[120.2602,30.2419],[120.2732,30.2138],[120.2761,30.2088],[120.2843,30.1996],[120.2865,30.1955],[120.2936,30.156],[120.2955,30.1517],[120.2979,30.1485],[120.3032,30.1444],[120.3081,30.1422],[120.3332,30.1378],[120.3489,30.1318],[120.3603,30.1285],[120.3901,30.127],[120.4233,30.1228],[120.4518,30.1222],[120.4743,30.1199],[120.4843,30.1172],[120.5028,30.1097],[120.5136,30.1065],[120.5539,30.0986],[120.6035,30.0919],[120.615,30.0897],[120.6261,30.0858],[120.6554,30.0737],[120.6894,30.0646],[120.7033,30.0619],[120.7709,30.0564],[120.7799,30.057],[120.8132,30.0611],[120.827,30.0612],[120.8657,30.0546],[120.8896,30.053],[120.9114,30.0481],[120.9234,30.0466],[120.9361,30.047],[120.9529,30.0503],[120.968,30.055],[121.0318,30.0797],[121.0726,30.0875],[121.1086,30.1009],[121.1216,30.104],[121.133,30.105],[121.1459,30.1043],[121.1755,30.0986],[121.1874,30.0956],[121.1937,30.0933],[121.2068,30.0866],[121.2567,30.058],[121.2783,30.0452],[121.2968,30.0312],[121.3069,30.0259],[121.4,29.986],[121.4126,29.9829],[121.4346,29.9799],[121.4749,29.9705],[121.4799,29.9684],[121.5014,29.957],[121.5146,29.9491],[121.5275,29.943],[121.5309,29.9396],[121.5322,29.936],[121.5313,29.9167],[121.5274,29.9055],[121.5227,29.8857],[121.522,29.8753],[121.5249,29.8701],[121.5327,29.8646]]}},{"type":"Feature","properties":{"country":"China","line":"杭深铁路","from":"宁波","to":"温州南","dist_km":275.0,"fare_local":104.0,"currency":"CNY","local_per_km":0.3782,"usd_per_km":0.054,"extra":{"n_fare_points":422,"overlap_trimmed":false},"from_en":"Ningbo","to_en":"Wenzhounan","line_en":"Hangshen Railway"},"geometry":{"type":"LineString","coordinates":[[121.5327,29.8646],[121.5487,29.8549],[121.5538,29.8528],[121.5958,29.8489],[121.6103,29.8463],[121.616,29.8432],[121.6189,29.8399],[121.6209,29.8351],[121.621,29.8313],[121.6198,29.8272],[121.6173,29.8226],[121.6061,29.8043],[121.5875,29.7762],[121.5459,29.7018],[121.5402,29.6935],[121.5358,29.6888],[121.5085,29.664],[121.4755,29.642],[121.4434,29.6171],[121.439,29.613],[121.4344,29.6072],[121.4263,29.5899],[121.4234,29.5815],[121.4224,29.5752],[121.423,29.5594],[121.4211,29.55],[121.4152,29.535],[121.4033,29.5152],[121.4007,29.5093],[121.3993,29.5031],[121.399,29.4968],[121.3997,29.4905],[121.4016,29.4844],[121.4166,29.4473],[121.4191,29.4386],[121.42,29.428],[121.4194,29.3905],[121.4218,29.3642],[121.4214,29.3583],[121.42,29.3516],[121.4094,29.3259],[121.4043,29.3105],[121.3985,29.2958],[121.397,29.2886],[121.3965,29.2821],[121.3953,29.2353],[121.4088,29.1908],[121.4126,29.1754],[121.4126,29.1683],[121.4108,29.1472],[121.4116,29.1106],[121.4098,29.1001],[121.407,29.0931],[121.4043,29.0882],[121.3987,29.0813],[121.3927,29.0759],[121.3807,29.0685],[121.3426,29.0492],[121.3353,29.0434],[121.3299,29.0372],[121.3185,29.0206],[121.2588,28.9511],[121.2544,28.9432],[121.2519,28.9343],[121.2515,28.9086],[121.2497,28.8975],[121.2316,28.8593],[121.2297,28.8543],[121.2283,28.847],[121.2283,28.8396],[121.2316,28.8194],[121.2342,28.8105],[121.2377,28.8031],[121.2492,28.7867],[121.2517,28.7819],[121.2541,28.7745],[121.2604,28.7484],[121.2632,28.7408],[121.2679,28.7326],[121.28,28.7158],[121.2819,28.7113],[121.2924,28.6561],[121.3016,28.5927],[121.3226,28.5316],[121.3239,28.5232],[121.3246,28.5053],[121.318,28.4697],[121.315,28.4611],[121.3105,28.4537],[121.3057,28.4482],[121.2789,28.4253],[121.2714,28.4202],[121.1967,28.3802],[121.1508,28.346],[121.1183,28.3228],[121.0926,28.2997],[121.0657,28.2796],[121.0336,28.2574],[121.0012,28.2258],[120.997,28.2199],[120.9798,28.1852],[120.9772,28.1814],[120.9475,28.1438],[120.9365,28.1355],[120.8716,28.0945],[120.8404,28.0822],[120.8316,28.0794],[120.7904,28.0755],[120.7249,28.074],[120.7069,28.0721],[120.6524,28.072],[120.6459,28.071],[120.633,28.0665],[120.6213,28.0593],[120.6141,28.0524],[120.5935,28.023],[120.5914,28.0186],[120.5897,28.0129],[120.588,27.9978],[120.5825,27.9753],[120.5816,27.9693]]}},{"type":"Feature","properties":{"country":"China","line":"杭深铁路","from":"温州南","to":"福州南","dist_km":294.0,"fare_local":117.0,"currency":"CNY","local_per_km":0.398,"usd_per_km":0.0569,"extra":{"n_fare_points":436,"overlap_trimmed":false},"from_en":"Wenzhounan","to_en":"Fuzhounan","line_en":"Hangshen Railway"},"geometry":{"type":"LineString","coordinates":[[120.5816,27.9693],[120.5793,27.9627],[120.5691,27.9215],[120.5679,27.91],[120.5751,27.8862],[120.5887,27.8565],[120.5909,27.8487],[120.5914,27.8414],[120.5893,27.8181],[120.5895,27.8065],[120.5889,27.7957],[120.5874,27.7896],[120.5848,27.7835],[120.543,27.715],[120.5388,27.7059],[120.537,27.6959],[120.5377,27.6869],[120.5395,27.6804],[120.5465,27.6638],[120.5476,27.6576],[120.5473,27.651],[120.5442,27.6382],[120.536,27.6183],[120.5325,27.6121],[120.5278,27.6063],[120.5195,27.5995],[120.5112,27.5936],[120.4984,27.5864],[120.4927,27.5824],[120.4888,27.5787],[120.4789,27.5667],[120.4747,27.563],[120.4692,27.5593],[120.4603,27.5554],[120.441,27.5498],[120.4328,27.5461],[120.3915,27.5222],[120.3851,27.5172],[120.3759,27.5075],[120.3685,27.5022],[120.3358,27.4878],[120.2925,27.4665],[120.2838,27.4612],[120.2729,27.4506],[120.2093,27.3831],[120.2043,27.3756],[120.2022,27.3712],[120.2005,27.3658],[120.1975,27.3512],[120.1906,27.3132],[120.1868,27.2999],[120.1821,27.2729],[120.1818,27.2627],[120.185,27.2461],[120.1855,27.2378],[120.1846,27.2304],[120.1806,27.2152],[120.1803,27.2046],[120.1819,27.1968],[120.1851,27.1894],[120.2163,27.1369],[120.2239,27.1199],[120.2272,27.1091],[120.228,27.0973],[120.2274,27.0897],[120.2245,27.0778],[120.2213,27.0706],[120.2083,27.0459],[120.2027,27.0378],[120.1583,26.9925],[120.1287,26.9648],[120.123,26.9584],[120.1132,26.9454],[120.1089,26.9414],[120.101,26.9353],[120.0758,26.9187],[120.0663,26.914],[120.0553,26.9106],[120.0467,26.91],[120.0086,26.9163],[120.0027,26.9164],[119.9944,26.9153],[119.8419,26.8764],[119.7953,26.8607],[119.7413,26.8463],[119.7002,26.8329],[119.6921,26.8313],[119.6719,26.8298],[119.6647,26.8283],[119.6581,26.8258],[119.6494,26.8209],[119.6458,26.8185],[119.6361,26.8098],[119.6301,26.8056],[119.6139,26.7987],[119.608,26.7954],[119.6008,26.7894],[119.5953,26.7825],[119.592,26.7757],[119.5902,26.7692],[119.5901,26.7399],[119.5885,26.7339],[119.5779,26.704],[119.5768,26.6927],[119.5824,26.6557],[119.5827,26.6249],[119.5836,26.6161],[119.5979,26.567],[119.5989,26.5614],[119.5991,26.5528],[119.5956,26.5393],[119.5721,26.4839],[119.571,26.4784],[119.5708,26.4722],[119.5733,26.4426],[119.5783,26.4177],[119.5802,26.4129],[119.5844,26.4057],[119.6083,26.3722],[119.6123,26.3651],[119.6142,26.3597],[119.6153,26.3537],[119.617,26.3347],[119.6162,26.3249],[119.6125,26.3134],[119.6086,26.3058],[119.5712,26.251],[119.5651,26.2389],[119.563,26.2316],[119.5617,26.2235],[119.5617,26.2142],[119.5643,26.1829],[119.5633,26.1728],[119.561,26.1652],[119.5583,26.1601],[119.553,26.1531],[119.5426,26.1442],[119.5368,26.138],[119.5312,26.1288],[119.5213,26.1062],[119.5171,26.0987],[119.5103,26.0908],[119.5009,26.0826],[119.4784,26.0675],[119.4326,26.047],[119.4187,26.0419],[119.4104,26.0399],[119.3959,26.0378],[119.3909,26.0362],[119.3866,26.0336],[119.3844,26.0312],[119.3826,26.0278],[119.3784,26.017],[119.3777,26.0118],[119.3782,26.0081],[119.3833,25.9949],[119.3867,25.9893]]}},{"type":"Feature","properties":{"country":"China","line":"杭深铁路","from":"福州南","to":"漳州","dist_km":268.0,"fare_local":119.0,"currency":"CNY","local_per_km":0.444,"usd_per_km":0.0634,"extra":{"n_fare_points":569,"overlap_trimmed":false},"from_en":"Fuzhounan","to_en":"Zhangzhou Railway Station","line_en":"Hangshen Railway"},"geometry":{"type":"LineString","coordinates":[[119.3867,25.9893],[119.3881,25.9823],[119.3914,25.9732],[119.3927,25.9669],[119.3932,25.9525],[119.3917,25.9359],[119.3926,25.921],[119.3938,25.9141],[119.3983,25.8999],[119.4066,25.8823],[119.4167,25.8565],[119.4168,25.8139],[119.4162,25.8051],[119.4121,25.7938],[119.405,25.7696],[119.4039,25.7378],[119.4019,25.7277],[119.389,25.6971],[119.373,25.6671],[119.3659,25.649],[119.3607,25.6409],[119.3552,25.6354],[119.3397,25.6228],[119.3304,25.6137],[119.3157,25.6011],[119.2721,25.5546],[119.2608,25.537],[119.2539,25.53],[119.2486,25.5266],[119.2384,25.5218],[119.221,25.5188],[119.2115,25.5155],[119.1918,25.5032],[119.1533,25.4875],[119.1475,25.4836],[119.1432,25.4797],[119.1377,25.4728],[119.124,25.4489],[119.108,25.4324],[119.0946,25.4094],[119.0905,25.4045],[119.0788,25.393],[119.0749,25.388],[119.0504,25.3388],[119.0455,25.3317],[119.0386,25.3248],[119.0302,25.3193],[119.0188,25.315],[119.0105,25.3137],[118.9888,25.3132],[118.9729,25.3094],[118.963,25.3051],[118.9485,25.2963],[118.9308,25.2888],[118.8918,25.2776],[118.8859,25.2742],[118.8797,25.2694],[118.8646,25.2518],[118.8518,25.2358],[118.8482,25.2304],[118.8453,25.2248],[118.8417,25.2153],[118.8368,25.1964],[118.8344,25.1898],[118.8067,25.1348],[118.804,25.1305],[118.7805,25.1006],[118.7715,25.094],[118.754,25.0843],[118.7452,25.0799],[118.728,25.0739],[118.7178,25.0676],[118.6929,25.0474],[118.688,25.0415],[118.6811,25.0287],[118.6769,25.0229],[118.6649,25.0119],[118.6564,25.0064],[118.6259,24.9955],[118.5994,24.9826],[118.5941,24.9806],[118.5859,24.9788],[118.5378,24.9739],[118.5266,24.97],[118.5198,24.9659],[118.5153,24.962],[118.5097,24.9552],[118.4936,24.9297],[118.4899,24.9214],[118.488,24.9127],[118.4868,24.8895],[118.4829,24.8754],[118.4774,24.8603],[118.4726,24.8273],[118.4709,24.8223],[118.4684,24.8173],[118.4393,24.7789],[118.4166,24.7595],[118.4055,24.7445],[118.39,24.73],[118.3747,24.7109],[118.3706,24.7067],[118.3646,24.702],[118.3556,24.6977],[118.3498,24.696],[118.3325,24.6928],[118.3169,24.6864],[118.3052,24.6831],[118.2975,24.6827],[118.2902,24.6834],[118.2479,24.6935],[118.2417,24.6944],[118.2339,24.6946],[118.2274,24.6939],[118.2151,24.6908],[118.208,24.6898],[118.2,24.69],[118.1884,24.6913],[118.1778,24.6904],[118.1649,24.6875],[118.1451,24.6799],[118.1247,24.6739],[118.1204,24.6722],[118.1132,24.668],[118.0879,24.648],[118.0797,24.6436],[118.0476,24.629],[118.0315,24.6189],[118.0264,24.6151],[118.0159,24.6039],[118.0058,24.5959],[117.9952,24.5857],[117.991,24.5827],[117.9415,24.5565],[117.9283,24.5469],[117.9182,24.5414],[117.9028,24.5354],[117.8753,24.5299],[117.8328,24.5169],[117.8281,24.5147],[117.8212,24.5105],[117.8068,24.4985],[117.8002,24.4941],[117.7724,24.4807],[117.7624,24.477],[117.7472,24.4747],[117.7422,24.4733],[117.7135,24.4603],[117.7113,24.4598]]}},{"type":"Feature","properties":{"country":"China","line":"杭深铁路","from":"漳州","to":"深圳北","dist_km":472.0,"fare_local":209.0,"currency":"CNY","local_per_km":0.4428,"usd_per_km":0.0633,"extra":{"n_fare_points":354,"overlap_trimmed":false},"from_en":"Zhangzhou Railway Station","to_en":"Shenzhen North","line_en":"Hangshen Railway"},"geometry":{"type":"LineString","coordinates":[[117.7113,24.4598],[117.7094,24.4584],[117.686,24.4472],[117.6769,24.4405],[117.66,24.4234],[117.6552,24.4166],[117.6516,24.4093],[117.6486,24.3982],[117.6471,24.3735],[117.6487,24.3494],[117.6472,24.3392],[117.6441,24.3312],[117.6345,24.3131],[117.6257,24.3007],[117.6171,24.2898],[117.614,24.2844],[117.6118,24.2792],[117.6086,24.268],[117.5878,24.2226],[117.5853,24.2122],[117.5837,24.197],[117.5811,24.1805],[117.5783,24.1342],[117.5761,24.1258],[117.5713,24.1165],[117.5496,24.0884],[117.5447,24.0832],[117.5349,24.0756],[117.5071,24.0565],[117.4996,24.0498],[117.4346,23.9735],[117.4168,23.9572],[117.3975,23.9445],[117.3893,23.937],[117.3846,23.9309],[117.371,23.9094],[117.3674,23.9049],[117.3421,23.877],[117.3296,23.8651],[117.307,23.8358],[117.3021,23.8305],[117.2962,23.8253],[117.2901,23.8211],[117.2825,23.817],[117.2736,23.8136],[117.2666,23.8119],[117.2552,23.8105],[117.2183,23.8106],[117.2095,23.8097],[117.1641,23.7978],[117.1457,23.7913],[117.1395,23.79],[117.1255,23.7885],[117.118,23.7868],[117.1085,23.7833],[117.0756,23.7658],[117.0676,23.7625],[117.0632,23.761],[117.0163,23.7516],[116.9742,23.7377],[116.9155,23.7079],[116.8856,23.6939],[116.8719,23.6838],[116.8638,23.6759],[116.8068,23.6281],[116.7934,23.6198],[116.7645,23.6084],[116.7158,23.5848],[116.6797,23.5755],[116.6227,23.557],[116.5659,23.5362],[116.5585,23.5326],[116.5537,23.5293],[116.5483,23.5243],[116.5423,23.5162],[116.5272,23.4617],[116.5249,23.4553],[116.5125,23.4294],[116.5065,23.4211],[116.5026,23.4176],[116.4929,23.4116],[116.4359,23.3919],[116.4118,23.3811],[116.3766,23.3649],[116.3445,23.3456],[116.3365,23.3428],[116.2799,23.3266],[116.2687,23.3222],[116.2189,23.2923],[116.2101,23.2847],[116.1699,23.243],[116.1436,23.209],[116.1353,23.1945],[116.1144,23.1537],[116.1082,23.1438],[116.102,23.1368],[116.0942,23.1303],[116.0861,23.1254],[116.0664,23.1153],[116.0304,23.0991],[116.0232,23.0935],[116.0134,23.0837],[115.9792,23.0565],[115.9697,23.0503],[115.9547,23.0444],[115.8922,23.0265],[115.8505,23.0091],[115.8121,22.9868],[115.7623,22.9676],[115.7452,22.9572],[115.7067,22.9412],[115.6999,22.9372],[115.6632,22.9118],[115.5754,22.8697],[115.5533,22.8578],[115.5455,22.8547],[115.5131,22.8455],[115.5061,22.8417],[115.4884,22.8275],[115.4775,22.8226],[115.4499,22.8139],[115.4382,22.8129],[115.3981,22.8156],[115.3856,22.8155],[115.3716,22.8148],[115.3341,22.8099],[115.3272,22.8099],[115.3158,22.8119],[115.3048,22.8155],[115.2742,22.8344],[115.2665,22.8385],[115.2533,22.8424],[115.244,22.8432],[115.2391,22.843],[115.2014,22.8377],[115.1725,22.8347],[115.1656,22.8333],[115.1338,22.8206],[115.1029,22.8097],[115.0924,22.8084],[115.0765,22.8079],[115.0567,22.8061],[115.0491,22.8062],[115.0124,22.8102],[114.9392,22.8281],[114.919,22.8311],[114.8494,22.8372],[114.8114,22.8468],[114.7592,22.8485],[114.6979,22.8551],[114.6809,22.8547],[114.6701,22.8528],[114.6527,22.8466],[114.6465,22.8451],[114.6181,22.8436],[114.6121,22.8428],[114.5917,22.8372],[114.5246,22.8086],[114.5092,22.8009],[114.5019,22.7966],[114.4692,22.7735],[114.4569,22.7655],[114.4474,22.7621],[114.4093,22.7541],[114.3986,22.7497],[114.3876,22.7442],[114.3699,22.7336],[114.3484,22.7184],[114.3421,22.7154],[114.3324,22.7126],[114.2983,22.7054],[114.2815,22.7025],[114.2754,22.7007],[114.2654,22.6957],[114.2444,22.6799],[114.2349,22.6739],[114.224,22.6702],[114.2168,22.6693],[114.2031,22.6689],[114.1909,22.6658],[114.1827,22.6612],[114.1657,22.6487],[114.1516,22.6401],[114.1459,22.6375],[114.1402,22.6359],[114.1346,22.6353],[114.1111,22.6369],[114.106,22.6361],[114.097,22.6333],[114.0902,22.6286],[114.0607,22.5939],[114.0562,22.5907],[114.0505,22.5899],[114.0451,22.5918],[114.0365,22.5994],[114.0239,22.612]]}},{"type":"Feature","properties":{"country":"China","line":"合蚌高速铁路","from":"蚌埠南","to":"合肥南","dist_km":152.0,"fare_local":69.5,"currency":"CNY","local_per_km":0.4572,"usd_per_km":0.0653,"extra":{"n_fare_points":207,"overlap_trimmed":false},"from_en":"Bengbunan","to_en":"Hefeinan","line_en":"Hebang High-Speed Railway"},"geometry":{"type":"LineString","coordinates":[[117.4368,32.9037],[117.4427,32.8797],[117.4428,32.8725],[117.4414,32.8652],[117.4366,32.8551],[117.4106,32.8256],[117.4015,32.818],[117.3543,32.785],[117.3463,32.7805],[117.3118,32.7637],[117.1674,32.6716],[117.1565,32.6614],[117.1311,32.6293],[117.1263,32.6194],[117.1234,32.6091],[117.1212,32.5846],[117.121,32.5757],[117.123,32.5607],[117.1264,32.5499],[117.1316,32.5391],[117.1761,32.4652],[117.1793,32.4588],[117.1827,32.448],[117.1837,32.4343],[117.1827,32.388],[117.1847,32.376],[117.2036,32.2885],[117.2057,32.2418],[117.2056,32.2217],[117.2066,32.2148],[117.2082,32.2082],[117.2149,32.1911],[117.2195,32.1745],[117.2309,32.1266],[117.2425,32.0883],[117.2528,32.0299],[117.2553,32.0039],[117.257,31.9979],[117.2605,31.9892],[117.2618,31.9777],[117.2649,31.9719],[117.2776,31.9575],[117.2798,31.9537],[117.2808,31.9501],[117.2819,31.9367],[117.2852,31.9208],[117.2845,31.9167],[117.2816,31.9132],[117.2784,31.9115],[117.2685,31.9095],[117.2652,31.908],[117.2545,31.8961],[117.2482,31.8908],[117.2391,31.8844],[117.2302,31.8753],[117.2133,31.8548],[117.2117,31.8513],[117.2094,31.8253],[117.1983,31.8106],[117.1978,31.8072],[117.1989,31.8052],[117.202,31.8027],[117.2106,31.7977],[117.2195,31.7944],[117.228,31.7926],[117.2335,31.7929],[117.2565,31.7977],[117.2798,31.7993],[117.2849,31.8003]]}},{"type":"Feature","properties":{"country":"China","line":"合新高速铁路","from":"泗县东","to":"合肥西","dist_km":207.0,"fare_local":100.0,"currency":"CNY","local_per_km":0.4831,"usd_per_km":0.069,"extra":{"n_fare_points":70,"overlap_trimmed":false},"from_en":"Sixiandong","to_en":"Hefeixi","line_en":"Hexin High-Speed Railway"},"geometry":{"type":"LineString","coordinates":[[117.9834,33.4632],[117.9655,33.438],[117.9589,33.4245],[117.956,33.4148],[117.9433,33.3539],[117.9339,33.3265],[117.93,33.3193],[117.8706,33.2216],[117.8635,33.2072],[117.8603,33.1968],[117.8397,33.1067],[117.8391,33.0992],[117.8394,33.0915],[117.8405,33.0837],[117.8426,33.0758],[117.8724,32.9993],[117.8765,32.991],[117.9306,32.8993],[117.9357,32.8857],[117.9377,32.8724],[117.9376,32.8652],[117.9363,32.8555],[117.9204,32.8074],[117.9049,32.7325],[117.9016,32.7232],[117.8732,32.6588],[117.8708,32.6492],[117.8691,32.627],[117.8681,32.6204],[117.8664,32.6135],[117.863,32.6046],[117.8578,32.5953],[117.8496,32.5847],[117.799,32.5359],[117.7805,32.5152],[117.7741,32.5064],[117.7697,32.4983],[117.7435,32.442],[117.7403,32.436],[117.7286,32.4184],[117.7159,32.3904],[117.6769,32.3217],[117.6596,32.2949],[117.6463,32.2674],[117.5987,32.1832],[117.5902,32.1712],[117.5323,32.1023],[117.4969,32.0467],[117.4894,32.0367],[117.4847,32.0318],[117.4774,32.0258],[117.4646,32.0179],[117.4576,32.0147],[117.4,31.9932],[117.391,31.9886],[117.3842,31.9839],[117.3758,31.9755],[117.36,31.9546],[117.3566,31.9469],[117.3518,31.9268],[117.3501,31.924],[117.3476,31.922],[117.3439,31.9207],[117.3397,31.9207],[117.3363,31.9218],[117.3273,31.9267],[117.3234,31.9276],[117.3194,31.9275],[117.3078,31.9253],[117.2919,31.9159],[117.2663,31.9092],[117.2641,31.9078],[117.2554,31.8975],[117.2498,31.8924],[117.2399,31.8863],[117.2359,31.8827],[117.2283,31.8739]]}},{"type":"Feature","properties":{"country":"China","line":"京广高速铁路","from":"北京西","to":"石家庄","dist_km":281.0,"fare_local":132.0,"currency":"CNY","local_per_km":0.4698,"usd_per_km":0.0671,"extra":{"n_fare_points":858,"overlap_trimmed":false},"from_en":"Beijingxi","to_en":"Shijiazhuang","line_en":"Jingguang High-Speed Railway"},"geometry":{"type":"LineString","coordinates":[[116.3151,39.8937],[116.3279,39.8952],[116.3337,39.8945],[116.3361,39.8925],[116.3381,39.883],[116.3378,39.8636],[116.3367,39.8576],[116.3335,39.8545],[116.3275,39.8533],[116.3019,39.8513],[116.2921,39.8479],[116.2881,39.8473],[116.2863,39.8469],[116.2844,39.8464],[116.2823,39.8459],[116.2815,39.8457],[116.2812,39.8456],[116.2809,39.8456],[116.2807,39.8455],[116.2794,39.8451],[116.2781,39.8448],[116.2775,39.8447],[116.2774,39.8447],[116.2773,39.8446],[116.2761,39.8443],[116.2755,39.8441],[116.2753,39.8441],[116.2748,39.844],[116.2744,39.8439],[116.2741,39.8439],[116.2667,39.8445],[116.2741,39.844],[116.2747,39.844],[116.2749,39.844],[116.2752,39.844],[116.2756,39.8441],[116.2784,39.8448],[116.2849,39.8467],[116.2863,39.8471],[116.2867,39.8473],[116.2756,39.8442],[116.2667,39.8446],[116.2373,39.8514],[116.2253,39.8549],[116.2203,39.8556],[116.2161,39.8551],[116.2128,39.8539],[116.2082,39.85],[116.2069,39.8477],[116.2064,39.8445],[116.2087,39.8271],[116.2086,39.8222],[116.2067,39.8169],[116.2002,39.8077],[116.1982,39.8031],[116.1976,39.7995],[116.1971,39.7839],[116.1937,39.7601],[116.1934,39.7529],[116.1939,39.7455],[116.1993,39.7164],[116.1999,39.7071],[116.1993,39.7015],[116.1978,39.6948],[116.1954,39.6884],[116.1919,39.6817],[116.1868,39.6747],[116.1631,39.6481],[116.0935,39.5512],[116.0892,39.543],[116.0589,39.4767],[116.0076,39.3936],[115.9841,39.3616],[115.9547,39.3061],[115.9502,39.299],[115.8987,39.2347],[115.8688,39.2043],[115.8615,39.1959],[115.8486,39.1756],[115.8083,39.1073],[115.8031,39.0998],[115.7156,39.0019],[115.6956,38.9846],[115.6874,38.9767],[115.632,38.9117],[115.625,38.9027],[115.5481,38.7967],[115.5376,38.7845],[115.5022,38.7494],[115.4863,38.7381],[115.4733,38.7312],[115.4215,38.708],[115.3055,38.6469],[115.1764,38.5779],[115.0537,38.497],[114.9924,38.45],[114.9853,38.4451],[114.9688,38.4361],[114.8804,38.3954],[114.8658,38.3874],[114.8529,38.3778],[114.8429,38.3683],[114.769,38.2839],[114.7594,38.2753],[114.7464,38.2666],[114.736,38.2612],[114.7247,38.2568],[114.6815,38.2451],[114.6617,38.2408],[114.6263,38.2362],[114.6088,38.2315],[114.5995,38.2279],[114.5904,38.2232],[114.5478,38.1944],[114.5362,38.1838],[114.5278,38.1732],[114.5138,38.149],[114.5097,38.1403],[114.5071,38.1296],[114.5064,38.1109],[114.5052,38.1027],[114.503,38.0958],[114.496,38.0803],[114.4931,38.0724],[114.4781,38.0095]]}},{"type":"Feature","properties":{"country":"China","line":"京广高速铁路","from":"石家庄","to":"郑州东","dist_km":412.0,"fare_local":195.0,"currency":"CNY","local_per_km":0.4733,"usd_per_km":0.0676,"extra":{"n_fare_points":826,"overlap_trimmed":false},"from_en":"Shijiazhuang","to_en":"Zhengzhoudong","line_en":"Jingguang High-Speed Railway"},"geometry":{"type":"LineString","coordinates":[[114.4781,38.0095],[114.4708,37.9777],[114.4688,37.9363],[114.4715,37.907],[114.4708,37.8952],[114.4687,37.8766],[114.4686,37.8666],[114.4697,37.858],[114.4733,37.8397],[114.474,37.8302],[114.4707,37.7901],[114.4712,37.779],[114.4745,37.7655],[114.4819,37.7474],[114.5309,37.6075],[114.5402,37.5552],[114.5428,37.5471],[114.5546,37.5172],[114.5581,37.5058],[114.574,37.4027],[114.581,37.3739],[114.582,37.3628],[114.5811,37.2945],[114.5801,37.285],[114.5731,37.2437],[114.572,37.2328],[114.5732,37.2215],[114.5818,37.1972],[114.5837,37.1877],[114.5865,37.1084],[114.5799,37.0207],[114.5673,36.9724],[114.5552,36.9465],[114.5514,36.9351],[114.5491,36.9233],[114.5477,36.9076],[114.5479,36.8952],[114.5507,36.8703],[114.5522,36.7909],[114.5505,36.7656],[114.5521,36.7483],[114.5521,36.7403],[114.5488,36.7165],[114.5477,36.69],[114.5519,36.6476],[114.5523,36.5971],[114.5516,36.5882],[114.5242,36.4789],[114.4544,36.1072],[114.4428,36.0611],[114.4337,36.0116],[114.4284,35.9719],[114.4135,35.9115],[114.4095,35.9006],[114.4048,35.8925],[114.396,35.8823],[114.3851,35.8739],[114.3602,35.8609],[114.3502,35.8541],[114.3403,35.8443],[114.3365,35.8391],[114.3327,35.8323],[114.33,35.8257],[114.3282,35.8187],[114.314,35.7387],[114.3102,35.728],[114.3058,35.7204],[114.2762,35.6806],[114.2707,35.6745],[114.2482,35.6527],[114.2421,35.6457],[114.2201,35.6115],[114.2128,35.602],[114.1999,35.5902],[114.1658,35.5675],[114.158,35.5606],[114.151,35.5527],[114.143,35.54],[114.1087,35.4683],[114.1046,35.4613],[114.0997,35.4545],[114.0932,35.4477],[114.0842,35.4403],[114.0764,35.4355],[114.0577,35.4257],[114.0483,35.4194],[114.0401,35.4122],[114.0333,35.4044],[114.0021,35.3543],[113.9585,35.2927],[113.9514,35.2807],[113.9477,35.2713],[113.9459,35.2643],[113.9399,35.2229],[113.9385,35.2164],[113.9338,35.2036],[113.9283,35.1937],[113.9205,35.1834],[113.8183,35.0745],[113.7855,35.0306],[113.7723,35.0073],[113.7687,34.9994],[113.7507,34.9397],[113.7496,34.9295],[113.7487,34.9025],[113.7493,34.8925],[113.7516,34.8839],[113.7627,34.8592],[113.7655,34.8493],[113.7677,34.8288],[113.7708,34.8177],[113.7694,34.8068],[113.7713,34.7805],[113.7734,34.7674],[113.7733,34.7602]]}},{"type":"Feature","properties":{"country":"China","line":"京广高速铁路","from":"郑州东","to":"武汉","dist_km":536.0,"fare_local":249.0,"currency":"CNY","local_per_km":0.4646,"usd_per_km":0.0664,"extra":{"n_fare_points":757,"overlap_trimmed":false},"from_en":"Zhengzhoudong","to_en":"Wuhan","line_en":"Jingguang High-Speed Railway"},"geometry":{"type":"LineString","coordinates":[[113.7733,34.7602],[113.7729,34.7513],[113.7741,34.7366],[113.7829,34.6996],[113.784,34.6921],[113.7836,34.6815],[113.7781,34.6544],[113.7777,34.6456],[113.7787,34.6372],[113.7837,34.6135],[113.7848,34.5778],[113.8033,34.4896],[113.8059,34.4603],[113.8057,34.4497],[113.7956,34.3794],[113.7957,34.3692],[113.7975,34.3581],[113.798,34.3498],[113.7976,34.3427],[113.7905,34.3069],[113.7896,34.2973],[113.79,34.2921],[113.7919,34.2828],[113.7972,34.27],[113.8017,34.2604],[113.8151,34.2366],[113.8263,34.2038],[113.8292,34.1917],[113.8328,34.1585],[113.8361,34.1467],[113.8457,34.1299],[113.872,34.089],[113.8753,34.0824],[113.8791,34.0718],[113.8872,34.0254],[113.8879,34.0126],[113.8876,34.0069],[113.8851,33.9944],[113.8736,33.9612],[113.8707,33.9502],[113.8701,33.9425],[113.871,33.9024],[113.8715,33.8873],[113.8724,33.8806],[113.8735,33.8753],[113.8769,33.8653],[113.9052,33.7982],[113.9247,33.7604],[113.9426,33.7182],[113.9594,33.6549],[113.9614,33.6436],[113.9616,33.6336],[113.9549,33.5488],[113.9506,33.5222],[113.95,33.5142],[113.9512,33.4451],[113.9534,33.4151],[113.9525,33.3935],[113.9492,33.3672],[113.9506,33.3315],[113.9483,33.3113],[113.948,33.2899],[113.9462,33.2684],[113.9471,33.2497],[113.9462,33.1938],[113.9474,33.1648],[113.9482,33.1565],[113.9498,33.1503],[113.9607,33.1117],[113.9644,33.0883],[113.9716,33.0531],[113.972,32.9698],[113.9737,32.9572],[113.984,32.9179],[113.9878,32.894],[113.9925,32.8367],[113.9924,32.8044],[113.995,32.7871],[113.9992,32.7192],[114.0036,32.6967],[114.0082,32.665],[114.0123,32.617],[114.015,32.5983],[114.0202,32.5663],[114.0329,32.5296],[114.0484,32.503],[114.0686,32.4746],[114.0971,32.4293],[114.1015,32.42],[114.1201,32.3715],[114.1236,32.3579],[114.1244,32.3488],[114.1242,32.3259],[114.1594,32.122],[114.1611,32.1072],[114.1598,32.0794],[114.1578,32.0675],[114.1528,32.0535],[114.1392,32.0197],[114.1362,32.0073],[114.1356,32.001],[114.1355,31.9834],[114.1361,31.9655],[114.137,31.9595],[114.1403,31.9484],[114.1551,31.903],[114.1603,31.8819],[114.1672,31.8116],[114.1788,31.7484],[114.1804,31.7323],[114.182,31.7249],[114.1928,31.6848],[114.2037,31.6605],[114.2064,31.6527],[114.208,31.645],[114.2127,31.6062],[114.2146,31.5967],[114.2231,31.5624],[114.2339,31.5293],[114.2378,31.5148],[114.2431,31.4989],[114.246,31.4858],[114.248,31.4604],[114.2541,31.421],[114.2551,31.3841],[114.2576,31.3613],[114.2607,31.3066],[114.26,31.2713],[114.2585,31.2455],[114.2586,31.2283],[114.2549,31.1654],[114.2552,31.1496],[114.2566,31.1371],[114.2596,31.1252],[114.2737,31.0878],[114.2762,31.0789],[114.2766,31.0676],[114.275,31.046],[114.2779,30.9862],[114.2827,30.9605],[114.2844,30.9433],[114.291,30.9116],[114.2962,30.873],[114.301,30.8567],[114.3047,30.8469],[114.3512,30.757],[114.3544,30.7455],[114.3561,30.7257],[114.3582,30.7184],[114.3615,30.7128],[114.3942,30.6689],[114.4063,30.6453],[114.4189,30.6099]]}},{"type":"Feature","properties":{"country":"China","line":"京广高速铁路","from":"武汉","to":"长沙南","dist_km":362.0,"fare_local":179.0,"currency":"CNY","local_per_km":0.4945,"usd_per_km":0.0707,"extra":{"n_fare_points":891,"overlap_trimmed":false},"from_en":"Wuhan","to_en":"Changsha South","line_en":"Jingguang High-Speed Railway"},"geometry":{"type":"LineString","coordinates":[[114.4189,30.6099],[114.4321,30.5706],[114.4353,30.5645],[114.4479,30.546],[114.4512,30.5386],[114.4536,30.5297],[114.4546,30.5158],[114.4533,30.4394],[114.4527,30.4329],[114.4513,30.4259],[114.4416,30.391],[114.4393,30.3844],[114.4357,30.3772],[114.402,30.3274],[114.3968,30.3185],[114.3632,30.2581],[114.3599,30.2493],[114.3575,30.2404],[114.3563,30.2208],[114.3578,30.1721],[114.3625,30.1417],[114.3633,30.0964],[114.3736,29.9934],[114.3719,29.9788],[114.3681,29.9662],[114.364,29.958],[114.3558,29.9439],[114.3515,29.938],[114.3453,29.931],[114.3359,29.9228],[114.3244,29.9154],[114.2699,29.8902],[114.2371,29.871],[114.2225,29.8636],[114.2142,29.8605],[114.0119,29.8008],[114.0042,29.7981],[113.9918,29.7921],[113.9217,29.751],[113.8755,29.732],[113.8284,29.7072],[113.822,29.7032],[113.8134,29.6965],[113.7972,29.6809],[113.7775,29.6651],[113.7688,29.6569],[113.7566,29.6422],[113.7424,29.6215],[113.7144,29.5849],[113.7099,29.58],[113.6987,29.5703],[113.6719,29.5495],[113.6631,29.544],[113.6552,29.5399],[113.633,29.5307],[113.6169,29.5265],[113.5278,29.5178],[113.5073,29.5135],[113.4254,29.4934],[113.4121,29.4888],[113.3411,29.4543],[113.266,29.4259],[113.2534,29.42],[113.2377,29.41],[113.2322,29.4054],[113.2225,29.3957],[113.2148,29.3857],[113.1754,29.3278],[113.1705,29.3167],[113.1419,29.2304],[113.1402,29.2238],[113.1388,29.2124],[113.1391,29.1875],[113.141,29.161],[113.1396,29.134],[113.1421,28.9168],[113.1393,28.8834],[113.1308,28.8],[113.1303,28.79],[113.1316,28.7778],[113.1431,28.7243],[113.1441,28.7164],[113.1452,28.609],[113.1425,28.5935],[113.1387,28.5823],[113.0806,28.4523],[113.0769,28.4424],[113.0751,28.4337],[113.074,28.419],[113.0728,28.3026],[113.0711,28.2916],[113.0673,28.2766],[113.066,28.2692],[113.0649,28.2405],[113.0629,28.2201],[113.0577,28.1832],[113.0575,28.1697],[113.0585,28.157],[113.0599,28.1501]]}},{"type":"Feature","properties":{"country":"China","line":"京广高速铁路","from":"长沙南","to":"衡阳东","dist_km":177.0,"fare_local":87.0,"currency":"CNY","local_per_km":0.4915,"usd_per_km":0.0702,"extra":{"n_fare_points":684,"overlap_trimmed":false},"from_en":"Changsha South","to_en":"Hengyangdong","line_en":"Jingguang High-Speed Railway"},"geometry":{"type":"LineString","coordinates":[[113.0599,28.1501],[113.0597,28.1434],[113.0612,28.1243],[113.0611,28.1158],[113.0596,28.1057],[113.0482,28.0548],[113.0466,28.0451],[113.0421,27.9529],[113.0431,27.9403],[113.0494,27.9044],[113.0508,27.875],[113.0587,27.8329],[113.0658,27.7518],[113.0655,27.7411],[113.0643,27.733],[113.0557,27.6935],[113.0508,27.6799],[113.0466,27.6721],[112.9853,27.5876],[112.9677,27.5568],[112.9619,27.5489],[112.9264,27.5109],[112.9204,27.504],[112.915,27.4963],[112.9071,27.4796],[112.8873,27.4323],[112.8808,27.4191],[112.8666,27.3948],[112.8571,27.3743],[112.8518,27.361],[112.8384,27.337],[112.8242,27.3089],[112.7306,27.177],[112.7248,27.1677],[112.7215,27.1608],[112.7172,27.1489],[112.7152,27.1404],[112.7141,27.1328],[112.7138,27.1199],[112.7193,27.0788],[112.7209,27.058],[112.7273,27.0207],[112.7278,27.0068],[112.7265,26.997],[112.7247,26.9901],[112.707,26.9354],[112.7055,26.9256],[112.7054,26.9065],[112.7045,26.8997]]}},{"type":"Feature","properties":{"country":"China","line":"京广高速铁路","from":"衡阳东","to":"广州南","dist_km":530.0,"fare_local":249.0,"currency":"CNY","local_per_km":0.4698,"usd_per_km":0.0671,"extra":{"n_fare_points":914,"overlap_trimmed":false},"from_en":"Hengyangdong","to_en":"Guangzhounan","line_en":"Jingguang High-Speed Railway"},"geometry":{"type":"LineString","coordinates":[[112.7045,26.8997],[112.7056,26.8914],[112.706,26.8604],[112.7046,26.8492],[112.6992,26.828],[112.6978,26.8168],[112.7009,26.7226],[112.7017,26.7133],[112.7035,26.7043],[112.7493,26.5706],[112.7778,26.4564],[112.7792,26.4474],[112.7849,26.3972],[112.7863,26.3892],[112.8202,26.2602],[112.8298,26.2352],[112.8498,26.17],[112.8571,26.137],[112.8593,26.0888],[112.8603,26.0798],[112.8619,26.0729],[112.8657,26.0626],[112.8734,26.047],[112.8797,26.0279],[112.8853,26.0167],[112.9009,25.9898],[112.9062,25.9795],[112.9157,25.9509],[112.9197,25.9361],[112.9233,25.9122],[112.9292,25.8865],[112.9613,25.7777],[112.9637,25.7653],[112.9641,25.7582],[112.9633,25.7045],[112.9639,25.6976],[112.9668,25.6847],[112.9807,25.6526],[113.038,25.4952],[113.045,25.4796],[113.0562,25.4659],[113.0631,25.4597],[113.0712,25.4536],[113.1107,25.4292],[113.1671,25.3878],[113.2576,25.3107],[113.2968,25.2694],[113.3538,25.1998],[113.3583,25.1931],[113.3629,25.1845],[113.3793,25.148],[113.3954,25.1044],[113.4357,25.0101],[113.4678,24.9164],[113.4718,24.9066],[113.4774,24.8969],[113.4827,24.8896],[113.5153,24.8537],[113.5209,24.8462],[113.5272,24.834],[113.53,24.8255],[113.5318,24.8172],[113.532,24.8057],[113.5312,24.7987],[113.5271,24.7841],[113.5219,24.7738],[113.4983,24.7391],[113.4907,24.7267],[113.4876,24.7199],[113.4845,24.7113],[113.4817,24.6972],[113.4812,24.6855],[113.4818,24.6668],[113.4833,24.6497],[113.485,24.6425],[113.488,24.6336],[113.4988,24.6091],[113.5023,24.5992],[113.5045,24.5884],[113.5059,24.5687],[113.5053,24.5595],[113.5033,24.5484],[113.5004,24.5396],[113.4898,24.5137],[113.4857,24.4972],[113.4848,24.4895],[113.4842,24.441],[113.4821,24.4322],[113.4773,24.4212],[113.4708,24.4111],[113.3978,24.317],[113.3928,24.3099],[113.389,24.3029],[113.3833,24.2882],[113.3751,24.2506],[113.3595,24.2123],[113.3398,24.1473],[113.3363,24.1378],[113.3131,24.091],[113.3052,24.0726],[113.2882,24.0463],[113.2756,24.0238],[113.2649,24.008],[113.2589,23.997],[113.2542,23.985],[113.2341,23.9181],[113.2123,23.8603],[113.2042,23.8444],[113.1851,23.8159],[113.172,23.785],[113.1605,23.7645],[113.1494,23.7382],[113.1369,23.7155],[113.1233,23.6801],[113.1202,23.6674],[113.1193,23.654],[113.1207,23.6418],[113.1248,23.6282],[113.1308,23.6126],[113.1332,23.6029],[113.1402,23.5513],[113.1458,23.5335],[113.1698,23.488],[113.1733,23.4797],[113.1756,23.4723],[113.1793,23.4508],[113.1865,23.4238],[113.1907,23.4035],[113.2035,23.3617],[113.2048,23.3522],[113.2039,23.3307],[113.2046,23.321],[113.2069,23.3108],[113.2136,23.2939],[113.2157,23.285],[113.2161,23.2764],[113.2149,23.2682],[113.1993,23.2251],[113.195,23.198],[113.1942,23.1888],[113.1927,23.1254],[113.1938,23.1135],[113.2003,23.089],[113.2045,23.0695],[113.2122,23.0549],[113.2179,23.0391],[113.22,23.0351],[113.2225,23.032],[113.2264,23.0287],[113.2385,23.0229],[113.2441,23.0188],[113.2605,22.997],[113.264,22.9914]]}},{"type":"Feature","properties":{"country":"China","line":"广深港高速铁路","from":"广州南","to":"深圳北","dist_km":102.0,"fare_local":74.5,"currency":"CNY","local_per_km":0.7304,"usd_per_km":0.1044,"extra":{"n_fare_points":3570,"overlap_trimmed":false},"from_en":"Guangzhounan","to_en":"Shenzhen North","line_en":"Guangshengang High-Speed Railway"},"geometry":{"type":"LineString","coordinates":[[113.264,22.9914],[113.2685,22.9862],[113.2752,22.9767],[113.279,22.963],[113.2919,22.9437],[113.3107,22.9002],[113.3159,22.8919],[113.3241,22.8826],[113.3335,22.8751],[113.3431,22.8699],[113.3537,22.8661],[113.3614,22.8645],[113.4033,22.8586],[113.4158,22.8577],[113.4272,22.8586],[113.4941,22.8703],[113.5056,22.8716],[113.514,22.8713],[113.6009,22.8619],[113.6225,22.8619],[113.6411,22.8607],[113.6519,22.8613],[113.7067,22.868],[113.7214,22.8677],[113.7364,22.8643],[113.8132,22.8395],[113.8355,22.8367],[113.8529,22.833],[113.9028,22.8172],[113.9152,22.8123],[113.9258,22.8056],[113.9355,22.7964],[113.9425,22.7867],[113.9476,22.7753],[113.9497,22.7665],[113.9505,22.7587],[113.9489,22.7192],[113.9493,22.7093],[113.9518,22.6981],[113.9554,22.6896],[113.9588,22.6836],[113.9666,22.6727],[113.9869,22.6476],[113.9918,22.6425],[114.0058,22.6304],[114.0239,22.612]]}},{"type":"Feature","properties":{"country":"China","line":"广深港高速铁路","from":"深圳北","to":"香港西九龙","dist_km":39.0,"fare_local":75.0,"currency":"CNY","local_per_km":1.9231,"usd_per_km":0.2748,"extra":{"n_fare_points":986,"overlap_trimmed":false},"from_en":"Shenzhen North","to_en":"Hong Kong West Kowloon","line_en":"Guangshengang High-Speed Railway"},"geometry":{"type":"LineString","coordinates":[[114.0239,22.612],[114.0434,22.5924],[114.0475,22.5874],[114.0485,22.5851],[114.0489,22.565],[114.051,22.5514],[114.0517,22.5233],[114.0509,22.5147],[114.0547,22.4988],[114.0632,22.4772],[114.0726,22.4595],[114.0906,22.434],[114.1009,22.4212],[114.1239,22.3968],[114.1269,22.3928],[114.1299,22.3863],[114.1427,22.3391],[114.1459,22.334],[114.1592,22.3233],[114.162,22.3201],[114.1636,22.317],[114.1645,22.3135],[114.1638,22.3108],[114.1649,22.3037]]}},{"type":"Feature","properties":{"country":"China","line":"南龙铁路","from":"延平","to":"三明北","dist_km":56.0,"fare_local":22.0,"currency":"CNY","local_per_km":0.3929,"usd_per_km":0.0561,"extra":{"n_fare_points":119,"overlap_trimmed":false},"from_en":"Yanping","to_en":"Sanmingbei","line_en":"Nanlong Railway"},"geometry":{"type":"LineString","coordinates":[[118.268,26.5938],[118.2632,26.598],[118.2487,26.6076],[118.2445,26.6081],[118.2289,26.6071],[118.2232,26.6056],[118.1916,26.5925],[118.1281,26.5738],[118.1031,26.5693],[118.0899,26.5661],[118.0869,26.5645],[118.0115,26.5066],[117.9769,26.4738],[117.9121,26.4178],[117.8761,26.3876],[117.8699,26.3831],[117.857,26.3769],[117.8501,26.3751],[117.845,26.3746],[117.8254,26.3742],[117.813,26.3762],[117.8018,26.3789]]}},{"type":"Feature","properties":{"country":"China","line":"南龙铁路","from":"三明北","to":"龙岩","dist_km":191.0,"fare_local":76.0,"currency":"CNY","local_per_km":0.3979,"usd_per_km":0.0569,"extra":{"n_fare_points":165,"overlap_trimmed":false},"from_en":"Sanmingbei","to_en":"Longyan","line_en":"Nanlong Railway"},"geometry":{"type":"LineString","coordinates":[[117.8018,26.3789],[117.7815,26.3827],[117.7776,26.3827],[117.772,26.3816],[117.7675,26.3796],[117.7281,26.3543],[117.6984,26.3416],[117.6565,26.3313],[117.6527,26.329],[117.6407,26.3175],[117.6171,26.2852],[117.5945,26.2425],[117.5758,26.2243],[117.548,26.2002],[117.5397,26.1918],[117.5217,26.1585],[117.4876,26.1235],[117.4711,26.0865],[117.4587,26.0502],[117.4472,26.0221],[117.4346,26.0043],[117.3938,25.9672],[117.3898,25.9608],[117.3883,25.9561],[117.3838,25.9315],[117.3836,25.9259],[117.3846,25.9202],[117.3955,25.8903],[117.396,25.8863],[117.3959,25.8698],[117.3934,25.8466],[117.3932,25.8403],[117.405,25.7896],[117.4048,25.7696],[117.4019,25.7503],[117.3959,25.7258],[117.3813,25.6817],[117.3744,25.6643],[117.369,25.6538],[117.3664,25.6431],[117.3665,25.6352],[117.3709,25.6098],[117.3741,25.584],[117.3742,25.5765],[117.3686,25.5497],[117.3644,25.5101],[117.3645,25.5063],[117.3716,25.4473],[117.3842,25.3813],[117.3825,25.3557],[117.3801,25.3479],[117.3775,25.3431],[117.3728,25.3373],[117.3665,25.3322],[117.3457,25.3197],[117.3077,25.3087],[117.2666,25.3018],[117.2156,25.2747],[117.1676,25.258],[117.159,25.2529],[117.146,25.2407],[117.1305,25.2285],[117.1231,25.2241],[117.0992,25.2076],[117.0844,25.196],[117.0748,25.19],[117.0695,25.1881],[117.055,25.1856],[117.0086,25.1808],[117.001,25.1786],[116.997,25.1766],[116.9905,25.171],[116.9874,25.1654],[116.9854,25.1582],[116.9821,25.1374],[116.9799,25.1311],[116.9761,25.1257],[116.9648,25.1125],[116.9639,25.1086],[116.9645,25.1063],[116.9659,25.1043],[116.9694,25.1025],[116.9806,25.1026],[116.9905,25.1007],[117.0006,25.1]]}},{"type":"Feature","properties":{"country":"China","line":"武咸城际铁路","from":"武汉东","to":"咸宁南","dist_km":82.0,"fare_local":40.0,"currency":"CNY","local_per_km":0.4878,"usd_per_km":0.0697,"extra":{"n_fare_points":396,"overlap_trimmed":false},"from_en":"Wuhandong","to_en":"Xianningnan","line_en":"Wuxian Intercity Railway"},"geometry":{"type":"LineString","coordinates":[[114.4252,30.4886],[114.4233,30.4766],[114.4221,30.4746],[114.42,30.4731],[114.4167,30.4722],[114.391,30.4712],[114.3883,30.4699],[114.3873,30.4631],[114.3832,30.4584],[114.3771,30.4397],[114.3753,30.436],[114.3733,30.4281],[114.3689,30.422],[114.3671,30.4125],[114.3605,30.4061],[114.3554,30.3998],[114.3429,30.38],[114.3403,30.373],[114.3386,30.3404],[114.337,30.3266],[114.3394,30.3011],[114.34,30.2499],[114.3388,30.2423],[114.3285,30.1946],[114.3279,30.1841],[114.3287,30.178],[114.3305,30.1712],[114.3438,30.1378],[114.3461,30.1305],[114.3489,30.1143],[114.3535,30.0975],[114.356,30.0643],[114.37,30.0071],[114.3707,29.9998],[114.3705,29.9938],[114.3658,29.9691],[114.3651,29.9594],[114.3658,29.9516],[114.3714,29.9226],[114.3715,29.9129],[114.3698,29.9043],[114.3671,29.8971],[114.3626,29.8894],[114.3569,29.8825],[114.3525,29.8785],[114.3367,29.8669],[114.3127,29.8507],[114.3003,29.8396]]}},{"type":"Feature","properties":{"country":"China","line":"武咸城际铁路","from":"咸宁南","to":"武昌","dist_km":91.0,"fare_local":42.0,"currency":"CNY","local_per_km":0.4615,"usd_per_km":0.0659,"extra":{"n_fare_points":481,"overlap_trimmed":false},"from_en":"Xianningnan","to_en":"Wuchang","line_en":"Wuxian Intercity Railway"},"geometry":{"type":"LineString","coordinates":[[114.3003,29.8396],[114.3127,29.8507],[114.3367,29.8669],[114.3525,29.8785],[114.3569,29.8825],[114.3626,29.8894],[114.3663,29.8954],[114.3691,29.9018],[114.3711,29.9102],[114.3714,29.9226],[114.3658,29.9516],[114.3651,29.9594],[114.3658,29.9691],[114.3705,29.9938],[114.3707,29.9998],[114.37,30.0071],[114.356,30.0643],[114.3535,30.0975],[114.3489,30.1143],[114.3461,30.1305],[114.3438,30.1378],[114.3305,30.1712],[114.3285,30.179],[114.3279,30.1863],[114.3287,30.1957],[114.3388,30.2423],[114.34,30.2499],[114.3394,30.3011],[114.337,30.3266],[114.3386,30.3404],[114.3404,30.3738],[114.3429,30.38],[114.3561,30.4008],[114.3605,30.4061],[114.3671,30.4125],[114.3689,30.422],[114.3733,30.4281],[114.3753,30.436],[114.3771,30.4397],[114.3832,30.4584],[114.3873,30.4631],[114.3876,30.4676],[114.3867,30.4701],[114.384,30.4711],[114.3553,30.4646],[114.3385,30.4625],[114.3346,30.4634],[114.3291,30.4677],[114.3271,30.4685],[114.3185,30.4691],[114.3092,30.468],[114.302,30.471],[114.3,30.4735],[114.2995,30.4754],[114.2984,30.4903],[114.2986,30.4963],[114.2975,30.5017],[114.2976,30.5064],[114.2987,30.5112],[114.301,30.5158],[114.3125,30.5308]]}},{"type":"Feature","properties":{"country":"China","line":"武九高速铁路","from":"武汉","to":"庐山","dist_km":210.0,"fare_local":84.0,"currency":"CNY","local_per_km":0.4,"usd_per_km":0.0572,"extra":{"n_fare_points":267,"overlap_trimmed":false},"from_en":"Wuhan","to_en":"Lushan","line_en":"Wujiu High-Speed Railway"},"geometry":{"type":"LineString","coordinates":[[114.4189,30.6099],[114.422,30.6005],[114.4255,30.5932],[114.4277,30.5833],[114.433,30.5695],[114.4398,30.5633],[114.4478,30.5539],[114.4584,30.5354],[114.4622,30.5323],[114.4671,30.5312],[114.4731,30.5319],[114.5031,30.5311],[114.5245,30.5286],[114.5576,30.5229],[114.5725,30.5186],[114.6135,30.4985],[114.6217,30.4955],[114.6295,30.4936],[114.6409,30.4925],[114.6796,30.4929],[114.7037,30.492],[114.7162,30.4904],[114.7267,30.4874],[114.7356,30.4837],[114.7438,30.4789],[114.7517,30.4728],[114.7584,30.4657],[114.7655,30.4553],[114.8047,30.3858],[114.8126,30.3767],[114.823,30.3696],[114.8341,30.3653],[114.8455,30.3634],[114.8854,30.3633],[114.9067,30.3625],[114.9502,30.3637],[114.9617,30.3628],[114.9705,30.3608],[114.981,30.3566],[114.9898,30.3512],[114.998,30.344],[115.003,30.3379],[115.0071,30.3308],[115.0105,30.321],[115.0145,30.2857],[115.0177,30.2475],[115.0164,30.2389],[115.0135,30.2309],[115.0108,30.2261],[114.9934,30.2018],[114.9903,30.1961],[114.9884,30.191],[114.9868,30.1808],[114.9867,30.153],[114.988,30.1438],[114.9917,30.1344],[115.0029,30.1103],[115.0057,30.1024],[115.0127,30.0554],[115.0144,30.049],[115.0174,30.0415],[115.0221,30.0334],[115.0607,29.9779],[115.079,29.9413],[115.0808,29.936],[115.0841,29.9199],[115.0883,29.9093],[115.1013,29.8895],[115.1047,29.8858],[115.1096,29.8819],[115.1227,29.8758],[115.1312,29.8732],[115.1554,29.8706],[115.1605,29.8693],[115.1831,29.8562],[115.1885,29.8511],[115.1991,29.8317],[115.2027,29.8269],[115.2064,29.8233],[115.2127,29.8188],[115.2284,29.8104],[115.2428,29.7987],[115.2568,29.7903],[115.2677,29.785],[115.3043,29.7757],[115.3503,29.767],[115.4224,29.7481],[115.4329,29.7471],[115.4489,29.7488],[115.4554,29.7487],[115.47,29.7468],[115.4773,29.745],[115.4854,29.7419],[115.4917,29.7387],[115.5031,29.7305],[115.5136,29.7239],[115.5458,29.7126],[115.5567,29.7075],[115.5979,29.6773],[115.6063,29.6722],[115.6618,29.6482],[115.6721,29.6454],[115.6841,29.6435],[115.825,29.636],[115.8321,29.6351],[115.8581,29.6276],[115.8706,29.6222],[115.8724,29.6201],[115.8732,29.6178],[115.8746,29.6064],[115.8743,29.5996]]}},{"type":"Feature","properties":{"country":"China","line":"广惠城际铁路","from":"番禺","to":"惠州北","dist_km":146.0,"fare_local":81.0,"currency":"CNY","local_per_km":0.5548,"usd_per_km":0.0793,"extra":{"n_fare_points":2232,"overlap_trimmed":false},"from_en":"Panyu","to_en":"Huizhoubei","line_en":"Guanghui Intercity Railway"},"geometry":{"type":"LineString","coordinates":[[113.2702,22.9925],[113.2782,22.9974],[113.2851,22.9995],[113.3038,22.9994],[113.3204,22.9952],[113.335,22.9876],[113.3518,22.9762],[113.3683,22.9776],[113.3797,22.9746],[113.4002,22.9728],[113.4062,22.973],[113.4266,22.979],[113.442,22.9859],[113.4585,22.9907],[113.4634,22.9936],[113.4714,23.0006],[113.4757,23.0028],[113.5011,23.0082],[113.5097,23.0115],[113.5263,23.0207],[113.541,23.0267],[113.5467,23.0272],[113.5636,23.0237],[113.6027,23.0199],[113.6078,23.0187],[113.6215,23.0116],[113.6368,23.0063],[113.6461,23.0012],[113.6561,22.9913],[113.6588,22.9893],[113.6687,22.9856],[113.6733,22.9849],[113.6837,22.9845],[113.6902,22.9857],[113.6948,22.9878],[113.7057,22.9956],[113.7131,22.998],[113.721,23.0025],[113.7243,23.0032],[113.7277,23.0034],[113.732,23.0026],[113.7536,22.9891],[113.7607,22.9883],[113.767,22.9891],[113.7972,23.0013],[113.8226,23.0075],[113.8276,23.0073],[113.8307,23.0059],[113.8362,23.0019],[113.8561,22.9828],[113.8631,22.9717],[113.8659,22.9687],[113.8726,22.9663],[113.8828,22.9652],[113.8867,22.9642],[113.8999,22.9561],[113.9023,22.9554],[113.9135,22.9561],[113.9404,22.9563],[113.953,22.9604],[113.9621,22.9605],[113.9811,22.9618],[113.9826,22.9622],[113.9994,22.9766],[114.0035,22.9778],[114.0067,22.9774],[114.0213,22.9728],[114.0301,22.9673],[114.0456,22.9612],[114.0509,22.9603],[114.0746,22.9588],[114.0869,22.9564],[114.0946,22.9576],[114.1057,22.9642],[114.1129,22.9674],[114.1184,22.969],[114.1443,22.9701],[114.1593,22.9685],[114.1887,22.969],[114.1952,22.9714],[114.2041,22.9775],[114.2086,22.9795],[114.2368,22.9835],[114.2436,22.9854],[114.2498,22.9896],[114.2587,23.0002],[114.2621,23.0024],[114.2662,23.0039],[114.2711,23.0044],[114.276,23.0036],[114.2796,23.0021],[114.2866,22.9974],[114.2926,22.9955],[114.2983,22.9955],[114.3096,22.9985],[114.3129,23.0004],[114.3181,23.0048],[114.3323,23.0201],[114.3354,23.0217],[114.3517,23.0268],[114.3549,23.0284],[114.3691,23.0386],[114.3883,23.056],[114.3903,23.0593],[114.3905,23.0614],[114.3874,23.0753],[114.391,23.0831],[114.3945,23.0869],[114.3969,23.0912],[114.399,23.098],[114.399,23.1016],[114.4019,23.105],[114.4157,23.1156],[114.4128,23.1274],[114.4141,23.1454],[114.413,23.1578],[114.4098,23.171],[114.4083,23.1731],[114.4056,23.175],[114.3997,23.1784],[114.3888,23.1819],[114.386,23.1866],[114.3841,23.1878],[114.3809,23.1875],[114.3753,23.1829]]}},{"type":"Feature","properties":{"country":"China","line":"广肇城际铁路","from":"番禺","to":"肇庆","dist_km":118.0,"fare_local":34.0,"currency":"CNY","local_per_km":0.2881,"usd_per_km":0.0412,"extra":{"n_fare_points":1048,"overlap_trimmed":false},"from_en":"Panyu","to_en":"Zhaoqing","line_en":"Guangzhao Intercity Railway"},"geometry":{"type":"LineString","coordinates":[[113.2702,22.9925],[113.2473,22.9775],[113.2413,22.9743],[113.2359,22.9725],[113.2194,22.9703],[113.208,22.9679],[113.2035,22.9657],[113.1928,22.9575],[113.1899,22.9561],[113.1847,22.9549],[113.1611,22.9556],[113.1427,22.9583],[113.1369,22.9599],[113.1269,22.9651],[113.1035,22.9656],[113.0988,22.9672],[113.0887,22.9729],[113.0777,22.9767],[113.0721,22.9808],[113.0684,22.9858],[113.0665,22.9899],[113.063,23.0033],[113.0621,23.0096],[113.0636,23.0162],[113.0644,23.0415],[113.0635,23.0475],[113.0634,23.0557],[113.0575,23.0691],[113.0558,23.0799],[113.0549,23.0829],[113.0538,23.0844],[113.0516,23.0857],[113.0489,23.0861],[113.0346,23.0833],[113.0292,23.083],[113.0144,23.0793],[113.0115,23.0794],[113.0089,23.0804],[113.0022,23.0878],[112.9986,23.0968],[112.9966,23.1],[112.9941,23.1023],[112.9867,23.1071],[112.984,23.1106],[112.9756,23.1349],[112.9721,23.149],[112.9681,23.1546],[112.9605,23.1609],[112.9364,23.1759],[112.9243,23.1827],[112.9077,23.1899],[112.9043,23.1909],[112.9011,23.1911],[112.8967,23.1903],[112.886,23.1848],[112.8762,23.1843],[112.8628,23.1806],[112.8591,23.1806],[112.8552,23.1817],[112.85,23.1853],[112.845,23.1918],[112.8405,23.2046],[112.8391,23.2111],[112.8419,23.231],[112.8407,23.2356],[112.8375,23.2399],[112.8337,23.2425],[112.8247,23.2458],[112.8159,23.2526],[112.8128,23.2542],[112.804,23.2572],[112.7922,23.2578],[112.7865,23.2591],[112.7826,23.2609],[112.7677,23.2704],[112.7631,23.2721],[112.7586,23.2728],[112.729,23.2733],[112.7132,23.2705],[112.7052,23.2676],[112.7016,23.2651],[112.6858,23.2494],[112.6625,23.2285],[112.649,23.2069],[112.6438,23.2017],[112.6406,23.1999],[112.636,23.1983],[112.6096,23.193],[112.596,23.1874],[112.591,23.1846],[112.5858,23.1805],[112.5796,23.174],[112.5762,23.1688],[112.5718,23.1608],[112.569,23.1524],[112.5654,23.1472],[112.5423,23.1292],[112.5122,23.1149],[112.5014,23.1106],[112.4742,23.0912],[112.4612,23.0866],[112.4458,23.0847]]}},{"type":"Feature","properties":{"country":"China","line":"穗深城际铁路","from":"新塘南","to":"深圳机场","dist_km":73.0,"fare_local":41.0,"currency":"CNY","local_per_km":0.5616,"usd_per_km":0.0803,"extra":{"n_fare_points":546,"overlap_trimmed":false},"from_en":"Xintangnan","to_en":"Shenzhen Airport","line_en":"Suishen Intercity Railway"},"geometry":{"type":"LineString","coordinates":[[113.5985,23.1347],[113.6,23.1099],[113.6143,23.0867],[113.6184,23.069],[113.6179,23.0665],[113.6152,23.0614],[113.6154,23.0572],[113.6239,23.0369],[113.628,23.031],[113.6289,23.0279],[113.6282,23.0243],[113.6156,23.003],[113.6143,22.9977],[113.6117,22.9746],[113.6105,22.9689],[113.5968,22.9329],[113.5969,22.9305],[113.5978,22.9277],[113.6036,22.9207],[113.6051,22.9177],[113.6059,22.9144],[113.6071,22.9008],[113.6081,22.8991],[113.6099,22.898],[113.6157,22.8977],[113.6328,22.9016],[113.6362,22.9018],[113.6484,22.9],[113.6531,22.898],[113.6543,22.8946],[113.6558,22.8813],[113.6584,22.8726],[113.6656,22.8627],[113.6755,22.8548],[113.6783,22.8487],[113.6864,22.8398],[113.6875,22.833],[113.6898,22.8282],[113.6921,22.8065],[113.6929,22.8047],[113.6945,22.8031],[113.6994,22.8012],[113.713,22.7914],[113.7169,22.7897],[113.7754,22.7789],[113.7908,22.7774],[113.7936,22.7762],[113.7956,22.7741],[113.7967,22.7713],[113.7965,22.7682],[113.791,22.7604],[113.7899,22.7572],[113.7831,22.6735],[113.7847,22.668],[113.7954,22.6488],[113.7977,22.6391],[113.8059,22.6243]]}},{"type":"Feature","properties":{"country":"China","line":"广清城际铁路","from":"广州白云","to":"飞霞","dist_km":79.0,"fare_local":32.0,"currency":"CNY","local_per_km":0.4051,"usd_per_km":0.0579,"extra":{"n_fare_points":343,"overlap_trimmed":false},"from_en":"Guangzhou Baiyun","to_en":"Feixia","line_en":"Guangqing Intercity Railway"},"geometry":{"type":"LineString","coordinates":[[113.2405,23.194],[113.2418,23.2011],[113.2418,23.2155],[113.2369,23.2235],[113.2292,23.2314],[113.227,23.2363],[113.2263,23.2402],[113.2252,23.2684],[113.2175,23.2832],[113.2129,23.3036],[113.2105,23.3109],[113.2079,23.3138],[113.2004,23.3174],[113.1979,23.3215],[113.1953,23.3357],[113.1952,23.339],[113.1964,23.3433],[113.2024,23.3536],[113.2022,23.3627],[113.2014,23.367],[113.191,23.4006],[113.188,23.4059],[113.1799,23.4136],[113.173,23.4226],[113.1645,23.4321],[113.1586,23.443],[113.1566,23.4455],[113.1234,23.4726],[113.1205,23.4762],[113.1146,23.486],[113.1122,23.4932],[113.1133,23.5013],[113.1294,23.5254],[113.1337,23.5344],[113.1339,23.5396],[113.1308,23.5452],[113.1199,23.5571],[113.1074,23.5748],[113.0966,23.5833],[113.0869,23.5893],[113.0825,23.5937],[113.0797,23.5997],[113.0777,23.6147],[113.0766,23.6188],[113.0713,23.6276],[113.0653,23.6355],[113.0628,23.6414],[113.0601,23.6614],[113.0606,23.6635],[113.0622,23.6652],[113.0931,23.6757],[113.1002,23.6769],[113.1168,23.6773],[113.1197,23.6785],[113.1227,23.681],[113.124,23.683],[113.1259,23.6906],[113.1292,23.6993],[113.1364,23.7161],[113.1372,23.7211],[113.1366,23.7255],[113.134,23.7313],[113.1305,23.7355],[113.1233,23.7399],[113.1072,23.7444],[113.0919,23.745],[113.0794,23.744]]}},{"type":"Feature","properties":{"country":"China","line":"珠机城际铁路","from":"珠海","to":"珠海机场","dist_km":39.0,"fare_local":26.0,"currency":"CNY","local_per_km":0.6667,"usd_per_km":0.0953,"extra":{"n_fare_points":280,"overlap_trimmed":false},"from_en":"Zhuhai","to_en":"Zhuhaijichang","line_en":"Zhuji Intercity Railway"},"geometry":{"type":"LineString","coordinates":[[113.5439,22.2181],[113.526,22.2138],[113.5239,22.2123],[113.5234,22.209],[113.5261,22.2059],[113.5286,22.2013],[113.5291,22.196],[113.5241,22.1881],[113.5201,22.1794],[113.5179,22.177],[113.5137,22.1741],[113.5127,22.1715],[113.5135,22.169],[113.516,22.1659],[113.5182,22.1645],[113.5254,22.1646],[113.5328,22.1633],[113.537,22.1561],[113.5383,22.1522],[113.5393,22.1459],[113.5411,22.1127],[113.5405,22.1095],[113.5305,22.1048],[113.5229,22.1043],[113.5177,22.1054],[113.5026,22.1139],[113.4989,22.1152],[113.4894,22.1157],[113.4856,22.115],[113.4821,22.1134],[113.4776,22.1099],[113.4737,22.104],[113.4707,22.1014],[113.4328,22.0837],[113.4164,22.0708],[113.4131,22.0672],[113.3895,22.0288],[113.3724,22.0152]]}},{"type":"Feature","properties":{"country":"China","line":"广州东环城际铁路","from":"番禺","to":"花都","dist_km":80.0,"fare_local":47.0,"currency":"CNY","local_per_km":0.5875,"usd_per_km":0.084,"extra":{"n_fare_points":133,"overlap_trimmed":false},"from_en":"Panyu","to_en":"Huadu","line_en":"Guangzhoudonghuan Intercity Railway"},"geometry":{"type":"LineString","coordinates":[[113.2702,22.9925],[113.2774,22.9967],[113.2843,22.9997],[113.3044,23.0164],[113.31,23.0199],[113.3146,23.0212],[113.336,23.0224],[113.3521,23.0306],[113.355,23.0336],[113.3576,23.0388],[113.3653,23.0581],[113.3657,23.0687],[113.3652,23.0787],[113.3632,23.0922],[113.3635,23.1067],[113.3652,23.1105],[113.3722,23.1139],[113.3734,23.1163],[113.3711,23.1377],[113.3728,23.1458],[113.3765,23.1547],[113.3772,23.1741],[113.3767,23.1843],[113.3725,23.2005],[113.3721,23.21],[113.3702,23.2155],[113.3677,23.2187],[113.3533,23.2321],[113.3484,23.2449],[113.3549,23.2662],[113.3632,23.3087],[113.367,23.319],[113.3675,23.3293],[113.3689,23.3329],[113.3742,23.3407],[113.3747,23.3437],[113.3731,23.3467],[113.3706,23.348],[113.3626,23.3503],[113.3488,23.352],[113.3458,23.353],[113.3429,23.3553],[113.3379,23.3616],[113.3352,23.3635],[113.3283,23.3658],[113.3204,23.366],[113.3083,23.369],[113.3054,23.3704],[113.3001,23.3746],[113.2982,23.3772],[113.297,23.3825],[113.3,23.3903],[113.3,23.3953],[113.3055,23.416],[113.3056,23.4192],[113.3044,23.4209],[113.3024,23.4219],[113.2846,23.4261],[113.2389,23.4303],[113.2355,23.43],[113.2281,23.4277],[113.2206,23.4274],[113.2082,23.4308],[113.2004,23.4314],[113.1963,23.4309],[113.183,23.4266],[113.1777,23.4221],[113.1769,23.4198],[113.1772,23.4177],[113.1782,23.4159],[113.1871,23.4071],[113.1899,23.4034],[113.1974,23.3799]]}},{"type":"Feature","properties":{"country":"China","line":"襄荆高速铁路","from":"襄阳东","to":"荆门西","dist_km":119.0,"fare_local":62.0,"currency":"CNY","local_per_km":0.521,"usd_per_km":0.0744,"extra":{"n_fare_points":130,"overlap_trimmed":false},"from_en":"Xiangyangdong","to_en":"Jingmenxi","line_en":"Xiangjing High-Speed Railway"},"geometry":{"type":"LineString","coordinates":[[112.2904,32.0164],[112.2347,31.9722],[112.2252,31.96],[112.2214,31.9529],[112.2201,31.9489],[112.2194,31.9435],[112.2203,31.9349],[112.2229,31.9274],[112.2317,31.9099],[112.235,31.9016],[112.2375,31.8927],[112.2384,31.8857],[112.2384,31.8755],[112.2346,31.834],[112.2343,31.8108],[112.2326,31.8002],[112.2298,31.7916],[112.2263,31.7844],[112.2055,31.7529],[112.2005,31.7438],[112.1866,31.7037],[112.1747,31.6817],[112.1716,31.6746],[112.1572,31.6288],[112.1523,31.619],[112.1351,31.5887],[112.1314,31.5802],[112.1294,31.5724],[112.1287,31.5607],[112.1289,31.5187],[112.1307,31.4994],[112.1318,31.4723],[112.1304,31.4461],[112.1305,31.4379],[112.138,31.3921],[112.1519,31.3494],[112.1541,31.3398],[112.1549,31.3297],[112.1542,31.3059],[112.1615,31.2471],[112.1619,31.2366],[112.1606,31.2265],[112.1579,31.2171],[112.1498,31.2002],[112.1433,31.1834],[112.1283,31.1496],[112.1252,31.1395],[112.1238,31.1306],[112.1237,31.1214],[112.1296,31.0909],[112.1301,31.0836],[112.1294,31.0742],[112.1272,31.0639],[112.1191,31.04],[112.1142,31.0207],[112.108,31.0028]]}},{"type":"Feature","properties":{"country":"China","line":"荆荆高速铁路","from":"荆门西","to":"荆州","dist_km":79.0,"fare_local":51.0,"currency":"CNY","local_per_km":0.6456,"usd_per_km":0.0923,"extra":{"n_fare_points":73,"overlap_trimmed":false},"from_en":"Jingmenxi","to_en":"Jingzhou","line_en":"Jingjing High-Speed Railway"},"geometry":{"type":"LineString","coordinates":[[112.108,31.0028],[112.1045,30.997],[112.098,30.9794],[112.0841,30.9244],[112.082,30.912],[112.0825,30.8992],[112.0845,30.8899],[112.0975,30.842],[112.1133,30.8057],[112.1372,30.7386],[112.155,30.6737],[112.1593,30.6332],[112.159,30.6272],[112.1577,30.6186],[112.1533,30.6049],[112.1491,30.5967],[112.1288,30.5643],[112.1253,30.5566],[112.1228,30.5472],[112.1215,30.5349],[112.1217,30.496],[112.1182,30.4277],[112.1183,30.401],[112.1193,30.3973],[112.1213,30.3936],[112.1242,30.3903],[112.1281,30.3873],[112.1572,30.3763],[112.1656,30.3747],[112.2016,30.3735],[112.2074,30.3726]]}},{"type":"Feature","properties":{"country":"China","line":"娄邵铁路","from":"娄底南","to":"邵阳","dist_km":88.0,"fare_local":32.5,"currency":"CNY","local_per_km":0.3693,"usd_per_km":0.0528,"extra":{"n_fare_points":240,"overlap_trimmed":false},"from_en":"Loudinan","to_en":"Shaoyang","line_en":"Loushao Railway"},"geometry":{"type":"LineString","coordinates":[[112.0085,27.6663],[112.002,27.6619],[111.9772,27.6483],[111.9743,27.6458],[111.9717,27.6416],[111.9702,27.6378],[111.9688,27.631],[111.9726,27.6173],[111.9784,27.6048],[111.9848,27.5953],[111.9964,27.585],[112.0017,27.5774],[112.0126,27.5461],[112.0128,27.538],[112.0114,27.5317],[112.0083,27.5254],[112.0044,27.5204],[111.9995,27.5164],[111.9856,27.5076],[111.9803,27.5019],[111.9669,27.4832],[111.9602,27.4714],[111.947,27.4453],[111.9263,27.4085],[111.9117,27.3864],[111.9035,27.3654],[111.8944,27.3527],[111.8901,27.3486],[111.8658,27.3301],[111.8591,27.3234],[111.8384,27.3072],[111.833,27.3035],[111.8259,27.2999],[111.7695,27.2816],[111.7614,27.2802],[111.7247,27.2768],[111.7171,27.275],[111.7101,27.2717],[111.6865,27.256],[111.6666,27.2465],[111.6549,27.24],[111.6498,27.238],[111.6426,27.2364],[111.6345,27.2363],[111.6291,27.2372],[111.6135,27.2415],[111.6075,27.242],[111.6011,27.2415],[111.5942,27.2397],[111.5686,27.2287],[111.5199,27.2134],[111.5123,27.2118],[111.5054,27.2113],[111.4988,27.2118],[111.4812,27.2161],[111.4692,27.2176],[111.4556,27.2159]]}},{"type":"Feature","properties":{"country":"China","line":"衡柳铁路","from":"衡阳东","to":"柳州","dist_km":498.0,"fare_local":153.5,"currency":"CNY","local_per_km":0.3082,"usd_per_km":0.044,"extra":{"n_fare_points":102,"overlap_trimmed":false},"from_en":"Hengyangdong","to_en":"Liuzhou","line_en":"Hengliu Railway"},"geometry":{"type":"LineString","coordinates":[[112.7045,26.8997],[112.7055,26.893],[112.7059,26.8616],[112.7051,26.8534],[112.7033,26.8445],[112.7004,26.8392],[112.6955,26.8346],[112.6911,26.8323],[112.6815,26.8294],[112.6653,26.8279],[112.6365,26.8281],[112.5952,26.8335],[112.5669,26.8411],[112.5257,26.8563],[112.5146,26.8588],[112.5053,26.8589],[112.4389,26.854],[112.3855,26.847],[112.3779,26.8448],[112.3479,26.8336],[112.3034,26.8266],[112.2784,26.8206],[112.2642,26.816],[112.2435,26.8063],[112.2055,26.7973],[112.1424,26.7747],[112.1343,26.7733],[112.1112,26.7717],[112.0467,26.7598],[112.0382,26.7574],[112.028,26.7519],[111.8783,26.6493],[111.8583,26.6323],[111.8528,26.6283],[111.8082,26.6021],[111.8,26.5991],[111.7865,26.5966],[111.7758,26.5935],[111.7649,26.5886],[111.759,26.585],[111.7253,26.5607],[111.7219,26.5576],[111.7132,26.5473],[111.7063,26.5418],[111.6966,26.5379],[111.6837,26.5358],[111.6772,26.5339],[111.6568,26.5224],[111.6389,26.5163],[111.5961,26.5061],[111.5903,26.5036],[111.5764,26.496],[111.5723,26.4924],[111.5688,26.4876],[111.5667,26.4828],[111.566,26.4791],[111.5652,26.4705],[111.5644,26.4438],[111.5648,26.4393],[111.5671,26.4288],[111.5664,26.4215],[111.5647,26.4168],[111.5617,26.4122],[111.5579,26.4085],[111.5538,26.4057],[111.5482,26.4034],[111.542,26.4022],[111.488,26.4008],[111.4771,26.3997],[111.4659,26.3958],[111.4374,26.3813],[111.4293,26.3785],[111.4219,26.377],[111.4092,26.3768],[111.3531,26.3815],[111.322,26.3803],[111.3064,26.3785],[111.2998,26.377],[111.2897,26.3732],[111.2789,26.3662],[111.2693,26.3568],[111.2647,26.3514],[111.2418,26.3188],[111.2394,26.3151],[111.2367,26.3092],[111.235,26.3027],[111.2346,26.2964],[111.2372,26.2787],[111.237,26.2712],[111.2284,26.2169],[111.2254,26.206],[111.2114,26.1801],[111.2086,26.1723],[111.2077,26.1655],[111.2062,26.1254],[111.204,26.1081],[111.199,26.0982],[111.188,26.0844],[111.1707,26.0584],[111.1646,26.0528],[111.1228,26.0196],[111.1089,26.0097],[111.0938,25.9967],[111.0846,25.9903],[111.0667,25.9723],[111.0472,25.961],[111.0195,25.9499],[111.0119,25.9482],[110.9941,25.9464],[110.988,25.9452],[110.9612,25.9349],[110.9547,25.933],[110.8935,25.9265],[110.8829,25.9243],[110.8719,25.9197],[110.864,25.9146],[110.8339,25.8886],[110.7944,25.841],[110.7651,25.7987],[110.7404,25.7428],[110.7373,25.7372],[110.7338,25.7326],[110.7172,25.7149],[110.704,25.6961],[110.6954,25.6885],[110.6897,25.6855],[110.6831,25.6829],[110.6401,25.6699],[110.6364,25.6681],[110.6139,25.6527],[110.5831,25.6378],[110.5584,25.6291],[110.5397,25.6262],[110.4946,25.6152],[110.4869,25.6122],[110.4816,25.6093],[110.4724,25.6021],[110.4646,25.5926],[110.4455,25.5589],[110.4401,25.5464],[110.433,25.534],[110.4253,25.5128],[110.4222,25.507],[110.4188,25.5025],[110.414,25.4978],[110.3741,25.4638],[110.3478,25.4492],[110.3336,25.4388],[110.329,25.4344],[110.324,25.4276],[110.3107,25.4009],[110.309,25.396],[110.3061,25.3795],[110.3039,25.3716],[110.298,25.3423],[110.2923,25.3061],[110.2912,25.3042],[110.282,25.2958],[110.2791,25.2904],[110.2785,25.283],[110.2757,25.2774],[110.2783,25.2575],[110.2773,25.2549],[110.2756,25.2538],[110.2707,25.2529],[110.2633,25.2526],[110.2566,25.2535],[110.2413,25.2578],[110.235,25.2582],[110.2282,25.2576],[110.2206,25.2553],[110.2115,25.2508],[110.2071,25.2481],[110.2018,25.2434],[110.1964,25.2364],[110.1757,25.1994],[110.1688,25.1887],[110.0918,25.1153],[110.0394,25.0519],[110.0322,25.0461],[110.0174,25.0376],[110.013,25.0338],[110.0086,25.0289],[110.0039,25.0212],[109.9869,24.9879],[109.9821,24.9712],[109.9792,24.965],[109.9753,24.9594],[109.9635,24.9479],[109.9532,24.9358],[109.9318,24.9195],[109.9233,24.9151],[109.8488,24.8884],[109.8378,24.8833],[109.8137,24.8686],[109.7845,24.8458],[109.7783,24.8363],[109.7544,24.7763],[109.7522,24.7718],[109.7483,24.7658],[109.7248,24.7419],[109.7012,24.7029],[109.6871,24.674],[109.6814,24.6658],[109.6765,24.6609],[109.6713,24.6569],[109.624,24.6264],[109.6189,24.6221],[109.5837,24.588],[109.5732,24.5799],[109.5407,24.5618],[109.5039,24.5499],[109.4972,24.547],[109.4919,24.5438],[109.4556,24.5164],[109.4519,24.5129],[109.4455,24.5044],[109.4407,24.4996],[109.4355,24.4956],[109.4256,24.4896],[109.4182,24.4838],[109.4148,24.4799],[109.4001,24.4581],[109.3725,24.4293],[109.3625,24.4115],[109.3592,24.4072],[109.3548,24.4036],[109.3339,24.3897],[109.3308,24.3869],[109.3281,24.3823],[109.3274,24.3777],[109.328,24.3636],[109.3289,24.3612],[109.3303,24.3595],[109.3331,24.3584],[109.3416,24.3596],[109.3507,24.3567],[109.38,24.343],[109.3837,24.3398],[109.3904,24.3276],[109.391,24.3238],[109.3903,24.3212],[109.3833,24.3106]]}},{"type":"Feature","properties":{"country":"China","line":"柳南高速铁路","from":"柳州","to":"南宁","dist_km":223.0,"fare_local":94.0,"currency":"CNY","local_per_km":0.4215,"usd_per_km":0.0602,"extra":{"n_fare_points":436,"overlap_trimmed":false},"from_en":"Liuzhou","to_en":"Nanning","line_en":"Liunan High-Speed Railway"},"geometry":{"type":"LineString","coordinates":[[109.3833,24.3106],[109.3791,24.3045],[109.3787,24.2988],[109.3775,24.2957],[109.3724,24.2917],[109.3696,24.2862],[109.3666,24.2828],[109.3639,24.2779],[109.3543,24.2651],[109.3486,24.2552],[109.3432,24.2336],[109.3401,24.2252],[109.3377,24.2221],[109.3214,24.2061],[109.3168,24.2002],[109.314,24.1946],[109.3047,24.1704],[109.3003,24.1616],[109.2933,24.1511],[109.2748,24.1283],[109.2703,24.1201],[109.2679,24.1127],[109.2665,24.1016],[109.2679,24.0745],[109.2656,24.0522],[109.2693,24.0268],[109.2696,24.0122],[109.2686,24.0017],[109.2634,23.9757],[109.2629,23.9643],[109.2641,23.9561],[109.2721,23.925],[109.2732,23.9159],[109.273,23.9098],[109.2706,23.8984],[109.258,23.865],[109.2561,23.8579],[109.2553,23.848],[109.2559,23.8279],[109.2543,23.8174],[109.2506,23.8081],[109.2418,23.7926],[109.2386,23.7817],[109.2379,23.7763],[109.238,23.7698],[109.2442,23.738],[109.2438,23.7265],[109.2404,23.7151],[109.2331,23.702],[109.2266,23.6942],[109.2105,23.6814],[109.2045,23.6752],[109.1979,23.665],[109.1953,23.6573],[109.1936,23.6454],[109.1897,23.5911],[109.1754,23.5405],[109.1704,23.516],[109.1645,23.4993],[109.1604,23.4777],[109.1502,23.4393],[109.1492,23.4317],[109.1488,23.4021],[109.1475,23.3947],[109.1414,23.3712],[109.1411,23.3635],[109.1417,23.3516],[109.1411,23.3459],[109.1333,23.3154],[109.1296,23.2733],[109.1278,23.2662],[109.1258,23.2615],[109.1209,23.2533],[109.1094,23.2408],[109.0748,23.2064],[109.0582,23.185],[109.0511,23.1775],[109.0103,23.1424],[108.9816,23.1223],[108.9738,23.1159],[108.9678,23.1097],[108.9507,23.0895],[108.9458,23.0848],[108.9377,23.079],[108.8816,23.0539],[108.8701,23.0477],[108.8475,23.0377],[108.8143,23.0184],[108.7927,23.0105],[108.7193,22.9787],[108.6893,22.9623],[108.665,22.9507],[108.6571,22.9459],[108.6264,22.9215],[108.609,22.9109],[108.5864,22.8945],[108.5744,22.8877],[108.5358,22.8703],[108.5115,22.8645],[108.4909,22.8573],[108.4667,22.8523],[108.4462,22.8455],[108.4364,22.8443],[108.4208,22.8454],[108.3889,22.8457],[108.3861,22.8448],[108.3813,22.8409],[108.3779,22.8396],[108.3627,22.8406],[108.3582,22.84],[108.3417,22.8305],[108.3348,22.8311],[108.3285,22.8368],[108.3261,22.8375],[108.3108,22.8302]]}},{"type":"Feature","properties":{"country":"China","line":"仙桃城际铁路","from":"仙桃","to":"汉口","dist_km":87.0,"fare_local":46.0,"currency":"CNY","local_per_km":0.5287,"usd_per_km":0.0756,"extra":{"n_fare_points":222,"overlap_trimmed":false},"from_en":"Xiantao","to_en":"Hankou","line_en":"Xiantao Intercity Railway"},"geometry":{"type":"LineString","coordinates":[[113.5014,30.3232],[113.502,30.3446],[113.5031,30.3489],[113.5056,30.3545],[113.5424,30.403],[113.5454,30.409],[113.5503,30.4248],[113.5549,30.4329],[113.5691,30.4461],[113.6415,30.4802],[113.6811,30.4943],[113.835,30.5547],[113.9335,30.599],[113.9724,30.6133],[113.9803,30.6173],[113.9965,30.627],[114.003,30.6299],[114.0099,30.6314],[114.0172,30.6307],[114.088,30.6059],[114.0936,30.6044],[114.102,30.6034],[114.1119,30.6039],[114.1543,30.6112],[114.1572,30.6122],[114.1686,30.6188],[114.1721,30.6197],[114.2061,30.6201],[114.2237,30.6154],[114.2304,30.6185],[114.2377,30.6178],[114.2494,30.6217]]}},{"type":"Feature","properties":{"country":"China","line":"张吉怀高速铁路","from":"张家界西","to":"怀化南","dist_km":245.0,"fare_local":136.0,"currency":"CNY","local_per_km":0.5551,"usd_per_km":0.0793,"extra":{"n_fare_points":166,"overlap_trimmed":false},"from_en":"Zhangjiajiexi","to_en":"Huaihua South Railway Station","line_en":"Zhangjihuai High-Speed Railway"},"geometry":{"type":"LineString","coordinates":[[110.458,29.1714],[110.4493,29.1817],[110.4371,29.2011],[110.4334,29.2046],[110.4277,29.2072],[110.421,29.2081],[110.4147,29.2067],[110.4097,29.2042],[110.4056,29.1993],[110.4037,29.1935],[110.4054,29.1715],[110.4047,29.1635],[110.4029,29.1555],[110.3966,29.1373],[110.394,29.1313],[110.3724,29.0931],[110.3654,29.0843],[110.359,29.0779],[110.2937,29.0218],[110.2539,28.9724],[110.2371,28.9567],[110.2299,28.9485],[110.2122,28.9209],[110.2023,28.9088],[110.1845,28.8935],[110.1592,28.8749],[110.1515,28.8702],[110.0325,28.82],[110.0215,28.8141],[110.0143,28.8088],[110.0082,28.8029],[109.9701,28.7586],[109.9651,28.7511],[109.9527,28.728],[109.9497,28.7207],[109.9477,28.7136],[109.9467,28.7064],[109.9467,28.698],[109.9505,28.6773],[109.9511,28.6687],[109.9501,28.6585],[109.9476,28.6495],[109.9449,28.6434],[109.941,28.6368],[109.9079,28.5921],[109.9051,28.5868],[109.9013,28.5748],[109.8996,28.5602],[109.9063,28.4999],[109.9059,28.4916],[109.8777,28.4004],[109.8761,28.397],[109.8725,28.3912],[109.8505,28.3673],[109.8282,28.3396],[109.8154,28.3204],[109.8107,28.3143],[109.6902,28.1826],[109.6724,28.1657],[109.6441,28.1441],[109.635,28.1351],[109.6281,28.1251],[109.6173,28.1073],[109.6001,28.0644],[109.5984,28.0562],[109.5979,28.0461],[109.6015,28.0011],[109.6047,27.9874],[109.6076,27.9814],[109.6116,27.9752],[109.6165,27.9695],[109.623,27.9635],[109.6656,27.9286],[109.6753,27.9226],[109.7009,27.9091],[109.7115,27.9016],[109.737,27.8762],[109.7599,27.8511],[109.7895,27.8267],[109.7968,27.8198],[109.8036,27.8115],[109.808,27.8049],[109.8191,27.7828],[109.8435,27.7411],[109.8522,27.7299],[109.876,27.7026],[109.8808,27.6956],[109.8848,27.6874],[109.9023,27.6373],[109.9116,27.6169],[109.9146,27.6058],[109.9152,27.5977],[109.9146,27.5893],[109.9051,27.5439],[109.9044,27.5379],[109.9047,27.5323],[109.9059,27.5265],[109.908,27.5208],[109.9112,27.5154],[109.919,27.507],[109.9286,27.5009],[109.9375,27.4977],[109.9561,27.494],[109.9594,27.4948],[109.9672,27.5],[109.9761,27.5104],[109.9826,27.5123],[109.9888,27.5155]]}},{"type":"Feature","properties":{"country":"China","line":"怀衡铁路","from":"怀化南","to":"衡阳东","dist_km":332.0,"fare_local":128.0,"currency":"CNY","local_per_km":0.3855,"usd_per_km":0.0551,"extra":{"n_fare_points":92,"overlap_trimmed":false},"from_en":"Huaihua South Railway Station","to_en":"Hengyangdong","line_en":"Huaiheng Railway"},"geometry":{"type":"LineString","coordinates":[[109.9888,27.5155],[109.995,27.5158],[110.0155,27.5212],[110.0227,27.521],[110.0288,27.5184],[110.036,27.5105],[110.1162,27.3831],[110.1312,27.367],[110.1405,27.3582],[110.1671,27.3362],[110.1819,27.3263],[110.2345,27.2884],[110.4055,27.2055],[110.4232,27.1907],[110.4277,27.1885],[110.4414,27.1843],[110.4506,27.1799],[110.5241,27.1315],[110.5713,27.112],[110.5853,27.1036],[110.5922,27.1013],[110.6373,27.0967],[110.6476,27.0971],[110.6558,27.0985],[110.6666,27.102],[110.6944,27.117],[110.7108,27.1227],[110.7307,27.1319],[110.7478,27.1373],[110.7634,27.1406],[110.7813,27.1477],[110.7896,27.1492],[110.7964,27.1493],[110.8264,27.1461],[110.8596,27.1468],[110.8764,27.1465],[110.8908,27.1469],[110.9024,27.149],[110.9093,27.1494],[110.927,27.1475],[110.9333,27.1476],[110.9529,27.151],[110.9577,27.1513],[111.0007,27.1494],[111.045,27.1505],[111.0527,27.1513],[111.1223,27.1703],[111.1609,27.1871],[111.1841,27.2005],[111.1946,27.2051],[111.2109,27.2092],[111.2494,27.2146],[111.2602,27.2152],[111.3557,27.208],[111.3679,27.2052],[111.3861,27.1964],[111.3916,27.1946],[111.4006,27.1941],[111.417,27.1962],[111.4207,27.1973],[111.4241,27.1992],[111.4264,27.201],[111.4325,27.2094],[111.436,27.2118],[111.4395,27.213],[111.4692,27.2176],[111.4811,27.216],[111.5002,27.2116],[111.5071,27.2113],[111.5146,27.2121],[111.5682,27.2283],[111.5953,27.24],[111.6027,27.2416],[111.6136,27.2414],[111.626,27.2379],[111.6352,27.2361],[111.6461,27.2369],[111.6543,27.2397],[111.6664,27.2464],[111.6874,27.2564],[111.71,27.2714],[111.7171,27.2747],[111.7255,27.2766],[111.7749,27.281],[111.7809,27.2809],[111.7903,27.2789],[111.7962,27.2762],[111.8311,27.2539],[111.8375,27.2487],[111.8408,27.2452],[111.8653,27.2146],[111.8716,27.208],[111.8765,27.2043],[111.883,27.2005],[111.9041,27.1913],[111.9152,27.1879],[111.9415,27.1845],[111.9695,27.1791],[111.987,27.1745],[112.0307,27.1677],[112.0405,27.165],[112.0803,27.1461],[112.0986,27.1398],[112.1424,27.1219],[112.1576,27.1139],[112.1659,27.1103],[112.1837,27.1047],[112.2154,27.0979],[112.2244,27.0947],[112.2319,27.091],[112.2876,27.0584],[112.3106,27.0482],[112.3351,27.035],[112.3731,27.0213],[112.4056,27.0121],[112.4509,26.9977],[112.4633,26.9932],[112.4714,26.9886],[112.4777,26.986],[112.4834,26.9848],[112.4896,26.9847],[112.5603,26.9946],[112.6293,26.9948],[112.6584,26.997],[112.6667,26.9957],[112.7201,26.9754],[112.7289,26.9702],[112.7456,26.9568],[112.7475,26.954],[112.7489,26.9498],[112.749,26.9477],[112.7477,26.9457],[112.7451,26.9444],[112.7314,26.9447],[112.7161,26.9408],[112.7123,26.9391],[112.7055,26.9341],[112.7035,26.9309],[112.7028,26.9276],[112.703,26.9221],[112.7051,26.9123],[112.7053,26.906],[112.7045,26.8997]]}},{"type":"Feature","properties":{"country":"China","line":"西成高速铁路","from":"西安北","to":"广元","dist_km":380.0,"fare_local":164.0,"currency":"CNY","local_per_km":0.4316,"usd_per_km":0.0617,"extra":{"n_fare_points":549,"overlap_trimmed":false},"from_en":"Xi'anbei","to_en":"Guangyuan","line_en":"Xicheng High-Speed Railway"},"geometry":{"type":"LineString","coordinates":[[108.934,34.3777],[108.9283,34.3769],[108.9148,34.3722],[108.8645,34.3594],[108.8398,34.354],[108.827,34.3488],[108.8104,34.3395],[108.8029,34.3339],[108.796,34.3272],[108.791,34.3209],[108.7818,34.3056],[108.7771,34.2994],[108.7363,34.2562],[108.7288,34.2494],[108.7022,34.2276],[108.693,34.2183],[108.6863,34.2088],[108.6826,34.2015],[108.6796,34.1927],[108.678,34.1843],[108.6753,34.1304],[108.6757,34.1227],[108.6776,34.108],[108.6777,34.0989],[108.6729,34.0565],[108.6695,34.0447],[108.6654,34.0364],[108.6607,34.0294],[108.653,34.0207],[108.6459,34.0147],[108.6362,34.0084],[108.6254,34.0032],[108.6185,34.0008],[108.5927,33.9952],[108.5788,33.9905],[108.5679,33.985],[108.5594,33.9793],[108.5492,33.9698],[108.5418,33.9605],[108.5368,33.9508],[108.5167,33.8877],[108.5135,33.8795],[108.5067,33.868],[108.4971,33.8575],[108.4912,33.8531],[108.4841,33.8489],[108.457,33.8374],[108.4426,33.8291],[108.3498,33.7569],[108.338,33.746],[108.2948,33.699],[108.2848,33.6903],[108.2733,33.6819],[108.1559,33.6098],[108.1464,33.6052],[108.1294,33.5981],[108.1136,33.5888],[107.9754,33.499],[107.8611,33.4255],[107.7642,33.3675],[107.7208,33.3442],[107.6361,33.2941],[107.6262,33.2871],[107.5968,33.2596],[107.5844,33.2508],[107.5706,33.2432],[107.5571,33.2377],[107.5389,33.2331],[107.4918,33.2237],[107.4366,33.2067],[107.2305,33.1756],[107.2151,33.1721],[107.203,33.1676],[107.1921,33.1619],[107.1067,33.1058],[107.0944,33.0997],[107.087,33.0974],[107.079,33.0958],[107.0483,33.0931],[106.9942,33.0918],[106.983,33.09],[106.9728,33.0873],[106.9305,33.0693],[106.7835,33.0197],[106.7201,32.9875],[106.7068,32.9817],[106.6902,32.9772],[106.6331,32.9668],[106.6137,32.9613],[106.6012,32.9552],[106.5521,32.9269],[106.5387,32.9206],[106.3541,32.8561],[106.3222,32.8398],[106.2964,32.829],[106.1946,32.7786],[106.1244,32.7447],[106.1025,32.732],[106.0818,32.7158],[106.058,32.6993],[106.0105,32.6751],[106.0025,32.6703],[105.9935,32.6637],[105.9814,32.653],[105.9741,32.6451],[105.9434,32.6014],[105.9311,32.5871],[105.9238,32.5804],[105.9124,32.5717],[105.8752,32.5471],[105.8681,32.541],[105.862,32.5341],[105.8571,32.5261],[105.8538,32.5187],[105.8517,32.5116],[105.8463,32.4879],[105.8422,32.4779],[105.8386,32.4724],[105.8347,32.4678],[105.818,32.4527]]}},{"type":"Feature","properties":{"country":"China","line":"西成高速铁路","from":"广元","to":"成都东","dist_km":278.0,"fare_local":120.0,"currency":"CNY","local_per_km":0.4317,"usd_per_km":0.0617,"extra":{"n_fare_points":595,"overlap_trimmed":false},"from_en":"Guangyuan","to_en":"Chengdudong","line_en":"Xicheng High-Speed Railway"},"geometry":{"type":"LineString","coordinates":[[105.818,32.4527],[105.8011,32.4397],[105.7939,32.4353],[105.7853,32.4317],[105.7596,32.4234],[105.7469,32.4167],[105.7412,32.4127],[105.7358,32.4077],[105.7252,32.3962],[105.7179,32.3896],[105.6922,32.3723],[105.6856,32.3686],[105.671,32.3631],[105.6288,32.3529],[105.6148,32.3478],[105.6081,32.3442],[105.6012,32.3394],[105.5776,32.3182],[105.5714,32.3134],[105.5642,32.3089],[105.553,32.3037],[105.5437,32.301],[105.5144,32.2957],[105.5027,32.2926],[105.4649,32.2777],[105.4484,32.2692],[105.2749,32.152],[105.1801,32.0731],[105.1443,32.0425],[105.1217,32.0277],[105.0621,31.9772],[105.0562,31.971],[105.0313,31.9394],[105.0189,31.9285],[105.0106,31.9232],[104.9644,31.899],[104.9523,31.8946],[104.9129,31.8833],[104.8783,31.8694],[104.7978,31.8213],[104.792,31.817],[104.7888,31.8137],[104.7832,31.8066],[104.7489,31.7538],[104.7459,31.7463],[104.7416,31.7294],[104.7387,31.7239],[104.735,31.7193],[104.7302,31.715],[104.716,31.7066],[104.7085,31.7008],[104.7035,31.6941],[104.7004,31.6859],[104.6985,31.6618],[104.6986,31.6543],[104.704,31.6353],[104.7058,31.625],[104.7078,31.5947],[104.7126,31.5783],[104.7166,31.5595],[104.7167,31.5545],[104.7146,31.5241],[104.7149,31.5176],[104.7173,31.5105],[104.7297,31.4854],[104.73,31.4827],[104.7291,31.4717],[104.7281,31.4683],[104.725,31.4652],[104.7208,31.4634],[104.7099,31.4615],[104.6927,31.4619],[104.6849,31.4597],[104.6802,31.4568],[104.6564,31.4392],[104.6355,31.4271],[104.6292,31.4228],[104.6066,31.3984],[104.5828,31.3685],[104.5538,31.3405],[104.5492,31.3341],[104.5399,31.316],[104.5216,31.2936],[104.5177,31.2901],[104.5013,31.2786],[104.4958,31.2732],[104.488,31.264],[104.4832,31.26],[104.4749,31.2551],[104.46,31.2494],[104.4537,31.2463],[104.4331,31.2323],[104.4253,31.225],[104.3959,31.1928],[104.3929,31.1881],[104.3904,31.1823],[104.3825,31.1536],[104.3776,31.1441],[104.3315,31.0865],[104.3084,31.0629],[104.2912,31.0356],[104.2649,31.0009],[104.2607,30.9936],[104.2519,30.9627],[104.2273,30.9134],[104.2193,30.8782],[104.2173,30.8732],[104.2101,30.8594],[104.2078,30.853],[104.2068,30.848],[104.2045,30.8256],[104.2022,30.8176],[104.1985,30.8109],[104.1768,30.7799],[104.1693,30.7657],[104.1629,30.7569],[104.157,30.747],[104.151,30.736],[104.1476,30.7285],[104.146,30.7212],[104.1462,30.7065],[104.1475,30.7011],[104.1541,30.6873],[104.1545,30.6729],[104.1485,30.6524],[104.1423,30.6375],[104.1389,30.6313]]}},{"type":"Feature","properties":{"country":"China","line":"成宜高速铁路","from":"成都东","to":"自贡","dist_km":178.0,"fare_local":88.0,"currency":"CNY","local_per_km":0.4944,"usd_per_km":0.0706,"extra":{"n_fare_points":268,"overlap_trimmed":false},"from_en":"Chengdudong","to_en":"Zigong","line_en":"Chengyi High-Speed Railway"},"geometry":{"type":"LineString","coordinates":[[104.1389,30.6313],[104.1321,30.6205],[104.1249,30.6105],[104.1228,30.6089],[104.1142,30.6059],[104.1127,30.6041],[104.112,30.601],[104.1129,30.5985],[104.126,30.5861],[104.1319,30.5768],[104.1338,30.5713],[104.131,30.5562],[104.1307,30.5357],[104.1272,30.5196],[104.1242,30.4991],[104.1194,30.4835],[104.1183,30.4723],[104.1206,30.449],[104.1244,30.4312],[104.1281,30.4176],[104.1279,30.4068],[104.1287,30.4038],[104.1304,30.4017],[104.1332,30.4001],[104.1696,30.3871],[104.1968,30.3763],[104.2086,30.3725],[104.2211,30.3697],[104.2437,30.3672],[104.3098,30.368],[104.3671,30.3659],[104.3756,30.3649],[104.3861,30.3627],[104.4006,30.3572],[104.4084,30.353],[104.4153,30.3483],[104.4215,30.3429],[104.4277,30.3364],[104.4837,30.2614],[104.5201,30.2184],[104.5247,30.2114],[104.5279,30.2051],[104.5382,30.1776],[104.5536,30.1015],[104.5669,30.0578],[104.5827,30.015],[104.5853,30.0053],[104.5873,29.9918],[104.5886,29.9577],[104.592,29.9317],[104.594,29.9235],[104.5997,29.9103],[104.6185,29.8837],[104.6247,29.8732],[104.6292,29.8598],[104.6341,29.8337],[104.6392,29.8204],[104.6463,29.8093],[104.6624,29.7896],[104.6662,29.7828],[104.6688,29.7766],[104.6756,29.7529],[104.6915,29.708],[104.7218,29.627],[104.725,29.6172],[104.7279,29.6022],[104.7281,29.5805],[104.7289,29.5719],[104.7312,29.5618],[104.7396,29.5332],[104.7437,29.5251],[104.7483,29.5179],[104.7537,29.5115],[104.761,29.5048],[104.7681,29.4996],[104.8273,29.4622],[104.8381,29.4535],[104.8462,29.4449],[104.8544,29.4333],[104.861,29.4194],[104.8637,29.4104],[104.8688,29.3884],[104.8782,29.3574]]}},{"type":"Feature","properties":{"country":"China","line":"成宜高速铁路","from":"自贡","to":"宜宾","dist_km":83.0,"fare_local":38.0,"currency":"CNY","local_per_km":0.4578,"usd_per_km":0.0654,"extra":{"n_fare_points":94,"overlap_trimmed":false},"from_en":"Zigong","to_en":"Yibin","line_en":"Chengyi High-Speed Railway"},"geometry":{"type":"LineString","coordinates":[[104.8782,29.3574],[104.8905,29.3181],[104.9216,29.2552],[104.9261,29.2427],[104.9285,29.2305],[104.9302,29.2106],[104.9246,29.1545],[104.9231,29.036],[104.9224,29.0304],[104.919,29.019],[104.9152,29.011],[104.9099,29.0035],[104.8681,28.9558],[104.8577,28.9458],[104.8275,28.9195],[104.8165,28.9086],[104.8082,28.8982],[104.7799,28.8593],[104.7645,28.8326],[104.753,28.8154],[104.7187,28.7695],[104.7126,28.765],[104.705,28.7617],[104.6968,28.7604],[104.6835,28.7605],[104.6776,28.7599],[104.6509,28.7497],[104.6458,28.747],[104.6422,28.7443],[104.6307,28.7309]]}},{"type":"Feature","properties":{"country":"China","line":"渝昆高速铁路","from":"重庆西","to":"宜宾","dist_km":207.0,"fare_local":124.0,"currency":"CNY","local_per_km":0.599,"usd_per_km":0.0856,"extra":{"n_fare_points":199,"overlap_trimmed":false},"from_en":"Chongqingxi","to_en":"Yibin","line_en":"Yukun High-Speed Railway"},"geometry":{"type":"LineString","coordinates":[[106.4322,29.503],[106.4319,29.498],[106.4295,29.4845],[106.4268,29.4745],[106.4261,29.4649],[106.4227,29.4554],[106.4206,29.4456],[106.4174,29.4363],[106.4148,29.4312],[106.4099,29.425],[106.4044,29.4194],[106.3996,29.4158],[106.3729,29.4018],[106.3332,29.389],[106.3256,29.3858],[106.3209,29.3828],[106.3163,29.3791],[106.3048,29.3658],[106.2988,29.3605],[106.2896,29.3548],[106.28,29.351],[106.2686,29.3488],[106.194,29.342],[106.1804,29.3398],[106.167,29.3358],[106.0415,29.29],[106.0257,29.2869],[105.9842,29.2827],[105.9453,29.2759],[105.9311,29.272],[105.9222,29.2682],[105.9137,29.2633],[105.9048,29.2566],[105.8327,29.1927],[105.8165,29.1792],[105.7594,29.1359],[105.6102,29.045],[105.4842,28.957],[105.4693,28.9488],[105.4421,28.9393],[105.39,28.9188],[105.3807,28.9166],[105.3382,28.9097],[105.2908,28.9061],[105.2133,28.8939],[105.1948,28.8915],[105.081,28.8902],[105.0069,28.8824],[104.9309,28.882],[104.9169,28.8814],[104.8238,28.8658],[104.8083,28.8627],[104.7982,28.859],[104.7858,28.8526],[104.7771,28.8463],[104.77,28.8396],[104.7646,28.8332],[104.7529,28.8154],[104.7214,28.7727],[104.7165,28.7677],[104.7105,28.7639],[104.7028,28.7613],[104.6951,28.7604],[104.6822,28.7606],[104.6765,28.7596],[104.6508,28.7498],[104.6457,28.7471],[104.6421,28.7443],[104.6307,28.7309]]}},{"type":"Feature","properties":{"country":"China","line":"渝贵铁路","from":"重庆西","to":"贵阳","dist_km":347.0,"fare_local":139.0,"currency":"CNY","local_per_km":0.4006,"usd_per_km":0.0572,"extra":{"n_fare_points":774,"overlap_trimmed":false},"from_en":"Chongqingxi","to_en":"Guiyang","line_en":"Yugui Railway"},"geometry":{"type":"LineString","coordinates":[[106.4322,29.503],[106.4307,29.4964],[106.4284,29.48],[106.4276,29.4674],[106.4261,29.4601],[106.4266,29.4539],[106.4263,29.4475],[106.4283,29.437],[106.4273,29.4176],[106.4291,29.4037],[106.4292,29.3968],[106.4242,29.3725],[106.4238,29.3665],[106.4246,29.3612],[106.4317,29.3347],[106.4432,29.2706],[106.4465,29.2607],[106.4507,29.2534],[106.4982,29.1873],[106.5189,29.1644],[106.5269,29.1579],[106.5336,29.1537],[106.5768,29.1341],[106.5878,29.1279],[106.6029,29.116],[106.6074,29.1115],[106.613,29.1044],[106.6177,29.0968],[106.6262,29.0805],[106.6467,29.0535],[106.6681,29.0073],[106.6703,29.0018],[106.6733,28.9911],[106.6802,28.9564],[106.6836,28.9482],[106.6902,28.9377],[106.7161,28.9024],[106.7219,28.8913],[106.726,28.8802],[106.7282,28.8707],[106.7294,28.8613],[106.7295,28.8522],[106.7286,28.8427],[106.7266,28.8332],[106.7234,28.8236],[106.7195,28.8151],[106.7099,28.7974],[106.7053,28.7842],[106.7038,28.7746],[106.7022,28.75],[106.7022,28.7404],[106.7032,28.7317],[106.7054,28.7233],[106.7084,28.7155],[106.7126,28.7079],[106.7178,28.7005],[106.7264,28.6913],[106.7757,28.648],[106.7817,28.6421],[106.787,28.6354],[106.7919,28.6277],[106.7955,28.6201],[106.7981,28.6118],[106.7997,28.6031],[106.8014,28.582],[106.8019,28.4731],[106.8028,28.4609],[106.8046,28.4516],[106.8069,28.4433],[106.8324,28.3723],[106.8332,28.366],[106.8331,28.3612],[106.8323,28.3556],[106.8295,28.3466],[106.829,28.3413],[106.8327,28.3248],[106.8328,28.3107],[106.8378,28.2909],[106.8497,28.2365],[106.8506,28.2292],[106.8504,28.2203],[106.849,28.2117],[106.836,28.1715],[106.8322,28.1486],[106.832,28.1418],[106.8334,28.1109],[106.8345,28.1],[106.8373,28.0915],[106.8566,28.0571],[106.8657,28.0477],[106.8842,28.0341],[106.8905,28.0275],[106.8966,28.0193],[106.9018,28.008],[106.9099,27.9804],[106.9206,27.9558],[106.9242,27.9401],[106.9354,27.8798],[106.9368,27.868],[106.9408,27.8153],[106.9469,27.7699],[106.955,27.7397],[106.9562,27.7324],[106.9565,27.7012],[106.9552,27.6923],[106.9525,27.6837],[106.9347,27.6458],[106.9132,27.6161],[106.9042,27.5981],[106.8938,27.5831],[106.8905,27.5774],[106.8783,27.549],[106.8672,27.5269],[106.8646,27.5179],[106.8626,27.5038],[106.8606,27.4954],[106.8493,27.4682],[106.846,27.4626],[106.8173,27.4218],[106.8114,27.4092],[106.8095,27.4018],[106.8069,27.3776],[106.8073,27.3694],[106.8103,27.3509],[106.8102,27.3438],[106.8045,27.3027],[106.8026,27.2817],[106.7915,27.2375],[106.7883,27.2278],[106.7835,27.2177],[106.7759,27.2067],[106.7699,27.2],[106.7533,27.185],[106.738,27.1668],[106.7321,27.1562],[106.7283,27.1445],[106.7273,27.1319],[106.729,27.1199],[106.7313,27.1124],[106.7405,27.0925],[106.7495,27.0646],[106.7504,27.057],[106.7495,27.0502],[106.7471,27.044],[106.7427,27.0366],[106.73,27.0193],[106.7269,27.013],[106.7244,27.0031],[106.725,26.9907],[106.7274,26.9823],[106.7422,26.9508],[106.7531,26.918],[106.7595,26.903],[106.7604,26.8992],[106.7606,26.8933],[106.7591,26.8854],[106.7437,26.8416],[106.7416,26.8341],[106.7408,26.828],[106.7403,26.8061],[106.7391,26.7924],[106.739,26.7747],[106.7368,26.7638],[106.7331,26.7558],[106.717,26.7292],[106.7094,26.7027],[106.6824,26.6503],[106.6788,26.6393],[106.6736,26.6285],[106.6711,26.6158],[106.6702,26.6074],[106.6705,26.6049],[106.6719,26.602],[106.6761,26.5977],[106.6766,26.5947],[106.6704,26.5821],[106.6646,26.5743],[106.664,26.5718],[106.6644,26.57],[106.6656,26.5682],[106.6674,26.5672],[106.6752,26.5667],[106.683,26.5639],[106.6902,26.5636],[106.6987,26.5599]]}},{"type":"Feature","properties":{"country":"China","line":"贵南高速铁路","from":"贵阳北","to":"南宁东","dist_km":523.0,"fare_local":246.0,"currency":"CNY","local_per_km":0.4704,"usd_per_km":0.0672,"extra":{"n_fare_points":403,"overlap_trimmed":false},"from_en":"Guiyangbei","to_en":"Nanningdong","line_en":"Guinan High-Speed Railway"},"geometry":{"type":"LineString","coordinates":[[106.6725,26.6228],[106.6808,26.6407],[106.6922,26.6585],[106.6989,26.6666],[106.7035,26.6695],[106.7086,26.6713],[106.7149,26.6722],[106.7205,26.6718],[106.7867,26.6578],[106.793,26.6557],[106.7977,26.6526],[106.8016,26.6479],[106.8055,26.6399],[106.8065,26.6336],[106.806,26.6281],[106.8043,26.6234],[106.7932,26.608],[106.7899,26.5983],[106.7897,26.5944],[106.7903,26.5885],[106.7918,26.5828],[106.7956,26.5733],[106.7968,26.564],[106.7945,26.5385],[106.7935,26.5337],[106.7892,26.521],[106.7885,26.5161],[106.7887,26.5108],[106.7903,26.5042],[106.795,26.4962],[106.7996,26.4914],[106.8125,26.4806],[106.829,26.4727],[106.8372,26.4705],[106.8709,26.4641],[106.8889,26.4637],[106.9057,26.465],[106.9291,26.4699],[106.939,26.4709],[106.9587,26.4718],[106.9845,26.472],[107.0005,26.4706],[107.0257,26.466],[107.0358,26.4638],[107.0434,26.4609],[107.1172,26.4267],[107.1294,26.418],[107.1367,26.4105],[107.1466,26.393],[107.1521,26.3852],[107.1706,26.369],[107.1767,26.3627],[107.1935,26.343],[107.2062,26.3268],[107.2122,26.3203],[107.2246,26.3114],[107.2522,26.2956],[107.2717,26.2824],[107.2784,26.2764],[107.3031,26.2491],[107.32,26.2375],[107.3624,26.2041],[107.3711,26.1979],[107.3767,26.1953],[107.3828,26.1939],[107.4252,26.19],[107.4475,26.1908],[107.4765,26.1886],[107.4837,26.1886],[107.5123,26.192],[107.5198,26.1922],[107.5314,26.1912],[107.5502,26.1875],[107.5581,26.1846],[107.5669,26.1797],[107.6008,26.1532],[107.6076,26.1465],[107.6127,26.1402],[107.6175,26.1329],[107.6206,26.1268],[107.6232,26.1184],[107.6238,26.1105],[107.6159,26.0525],[107.5953,25.9621],[107.5902,25.945],[107.5711,25.8478],[107.5692,25.8333],[107.5709,25.8141],[107.5743,25.8052],[107.5868,25.7843],[107.6022,25.7651],[107.6201,25.7344],[107.6282,25.7259],[107.6485,25.71],[107.657,25.702],[107.6817,25.6699],[107.6887,25.6593],[107.6942,25.6465],[107.6969,25.6354],[107.698,25.625],[107.699,25.6001],[107.7032,25.5774],[107.7117,25.5529],[107.721,25.5307],[107.7312,25.5096],[107.7549,25.4642],[107.8077,25.3903],[107.8145,25.3775],[107.8164,25.3684],[107.8199,25.3276],[107.8264,25.1901],[107.8284,25.18],[107.8384,25.1505],[107.8542,25.1158],[107.8587,25.107],[107.8762,25.0825],[107.8867,25.0712],[107.9639,25.001],[107.9774,24.9898],[107.9852,24.9845],[108.1282,24.903],[108.1382,24.8957],[108.1504,24.8846],[108.1572,24.8751],[108.1744,24.8427],[108.178,24.8345],[108.1809,24.8251],[108.1825,24.8154],[108.1824,24.8063],[108.1758,24.7325],[108.1697,24.6939],[108.136,24.582],[108.1303,24.5579],[108.1159,24.5151],[108.1096,24.502],[108.0944,24.4782],[108.089,24.4688],[108.084,24.456],[108.0691,24.403],[108.0588,24.3259],[108.0568,24.3145],[108.0535,24.3031],[108.0396,24.2686],[108.0375,24.2611],[108.0341,24.2305],[108.0328,24.1292],[108.0335,24.1166],[108.0369,24.1038],[108.044,24.0871],[108.0489,24.0772],[108.0631,24.0529],[108.0809,24.0117],[108.0871,24.002],[108.1239,23.9522],[108.1383,23.926],[108.1416,23.9173],[108.1432,23.9108],[108.1444,23.9007],[108.1444,23.8775],[108.1455,23.8579],[108.1456,23.8367],[108.1535,23.7841],[108.1557,23.7756],[108.1583,23.7688],[108.1782,23.7247],[108.1824,23.7124],[108.1843,23.7028],[108.1847,23.692],[108.1826,23.6665],[108.1856,23.6355],[108.1834,23.5749],[108.1825,23.567],[108.179,23.55],[108.1779,23.5403],[108.176,23.5205],[108.1763,23.5083],[108.1839,23.4553],[108.186,23.4465],[108.1941,23.4224],[108.1965,23.4135],[108.2055,23.3477],[108.2131,23.3181],[108.2228,23.2656],[108.2344,23.1401],[108.2358,23.1316],[108.2407,23.111],[108.2444,23.0651],[108.2464,23.0533],[108.2544,23.0319],[108.2622,23.0041],[108.2677,22.9926],[108.2746,22.9826],[108.2962,22.9599],[108.3155,22.933],[108.3207,22.9272],[108.3476,22.9056],[108.3748,22.8792],[108.3843,22.8662],[108.3932,22.8603],[108.3943,22.8568],[108.3916,22.8487],[108.3928,22.8456],[108.3943,22.8444],[108.3971,22.8439],[108.4037,22.8438],[108.4099,22.8448]]}},{"type":"Feature","properties":{"country":"China","line":"邕北铁路","from":"南宁东","to":"北海","dist_km":197.0,"fare_local":78.0,"currency":"CNY","local_per_km":0.3959,"usd_per_km":0.0566,"extra":{"n_fare_points":337,"overlap_trimmed":false},"from_en":"Nanningdong","to_en":"Beihai","line_en":"Yongbei Railway"},"geometry":{"type":"LineString","coordinates":[[108.4099,22.8448],[108.4358,22.8436],[108.438,22.8426],[108.4399,22.8408],[108.4414,22.8364],[108.4405,22.8333],[108.4331,22.8203],[108.4315,22.8143],[108.4322,22.8027],[108.432,22.7807],[108.4333,22.767],[108.4326,22.7424],[108.4318,22.7353],[108.4195,22.695],[108.413,22.6782],[108.4062,22.6516],[108.4056,22.6283],[108.4022,22.5965],[108.4061,22.5478],[108.4075,22.5388],[108.4109,22.5295],[108.4414,22.4656],[108.4495,22.4509],[108.5072,22.3235],[108.5144,22.3129],[108.5303,22.2977],[108.5404,22.286],[108.5443,22.2806],[108.548,22.2738],[108.5601,22.241],[108.5642,22.2328],[108.5882,22.1934],[108.5928,22.1876],[108.612,22.1672],[108.617,22.16],[108.6259,22.1439],[108.6376,22.1263],[108.6453,22.1106],[108.6479,22.1035],[108.6501,22.0948],[108.6511,22.0863],[108.6432,22.018],[108.6437,22.0107],[108.6464,22.0029],[108.6515,21.9955],[108.6749,21.9729],[108.685,21.9616],[108.6908,21.9564],[108.6989,21.9506],[108.763,21.9199],[108.881,21.8587],[108.9625,21.8118],[108.9715,21.8039],[108.9977,21.7739],[109.0193,21.7533],[109.0391,21.7361],[109.0545,21.7235],[109.0616,21.7186],[109.068,21.7151],[109.0867,21.7072],[109.0966,21.7008],[109.1537,21.6493],[109.1697,21.6366],[109.1968,21.6122],[109.2019,21.6049],[109.205,21.5975],[109.2084,21.5768],[109.2082,21.5384],[109.206,21.5222],[109.2029,21.5132],[109.1998,21.5077],[109.1832,21.4833],[109.1778,21.4775],[109.169,21.4703],[109.1595,21.4651],[109.1243,21.4543]]}},{"type":"Feature","properties":{"country":"China","line":"川青铁路","from":"成都东","to":"黄胜关","dist_km":307.0,"fare_local":153.0,"currency":"CNY","local_per_km":0.4984,"usd_per_km":0.0712,"extra":{"n_fare_points":14,"overlap_trimmed":false},"from_en":"Chengdudong","to_en":"Huangshengguan","line_en":"Chuanqing Railway"},"geometry":{"type":"LineString","coordinates":[[104.1389,30.6313],[104.1423,30.6375],[104.1485,30.6524],[104.1545,30.6729],[104.1541,30.6873],[104.1475,30.7011],[104.1462,30.7065],[104.146,30.7204],[104.1473,30.7274],[104.153,30.7398],[104.1629,30.7569],[104.1693,30.7657],[104.1768,30.7799],[104.1985,30.8109],[104.2022,30.8176],[104.2045,30.8256],[104.2068,30.848],[104.2078,30.853],[104.2101,30.8594],[104.2187,30.8765],[104.2264,30.9113],[104.2309,30.922],[104.2317,30.9252],[104.2313,30.9291],[104.2298,30.9323],[104.2271,30.9353],[104.2223,30.9387],[104.1859,30.9526],[104.1778,30.9579],[104.1722,30.9641],[104.1656,30.9769],[104.1513,30.9956],[104.1473,31.003],[104.1325,31.0385],[104.1238,31.0678],[104.116,31.0839],[104.1143,31.0901],[104.1134,31.0986],[104.1141,31.1067],[104.1174,31.124],[104.1219,31.1411],[104.1269,31.1524],[104.1287,31.1608],[104.1308,31.1661],[104.135,31.1716],[104.1419,31.1775],[104.1455,31.1816],[104.1507,31.1897],[104.1614,31.2093],[104.1715,31.2214],[104.1782,31.2326],[104.1825,31.2381],[104.2272,31.275],[104.2325,31.2805],[104.2374,31.2889],[104.2448,31.3095],[104.246,31.3145],[104.2465,31.3201],[104.246,31.3261],[104.2363,31.3731],[104.2374,31.4078],[104.24,31.4226],[104.24,31.4289],[104.239,31.4338],[104.2351,31.4454],[104.2336,31.4646],[104.231,31.4779],[104.2263,31.4908],[104.2252,31.4965],[104.2255,31.5025],[104.2287,31.5169],[104.2292,31.522],[104.2283,31.5282],[104.2233,31.5428],[104.2224,31.548],[104.2246,31.5707],[104.2244,31.5756],[104.2233,31.5806],[104.2211,31.5853],[104.2078,31.6047],[104.2061,31.6091],[104.2052,31.6136],[104.2047,31.6484],[104.21,31.6794],[104.2102,31.684],[104.2094,31.6889],[104.2071,31.6948],[104.2032,31.7003],[104.1981,31.7048],[104.1918,31.7084],[104.0923,31.7429],[104.0846,31.7448],[104.0735,31.7455],[104.0624,31.7438],[104.007,31.7219],[103.9969,31.7192],[103.9857,31.718],[103.9757,31.7184],[103.9629,31.7205],[103.94,31.7289],[103.9026,31.7404],[103.8932,31.7442],[103.8849,31.7488],[103.724,31.8551],[103.719,31.8592],[103.7151,31.8644],[103.7094,31.8748],[103.7067,31.8829],[103.6865,31.9651],[103.6855,31.9738],[103.6861,31.982],[103.6884,31.9906],[103.7712,32.207],[103.7735,32.2185],[103.7729,32.2302],[103.7708,32.2377],[103.7671,32.2453],[103.7263,32.3083],[103.7227,32.3161],[103.7216,32.321],[103.7206,32.3318],[103.7236,32.3474],[103.7238,32.354],[103.7222,32.3618],[103.7162,32.3748],[103.7144,32.3819],[103.7144,32.3901],[103.7171,32.4015],[103.7177,32.4072],[103.7171,32.414],[103.7147,32.4209],[103.6483,32.5489],[103.6419,32.5572],[103.6195,32.5788],[103.6079,32.5925],[103.6044,32.5974],[103.5972,32.6104],[103.5957,32.6142],[103.5949,32.6215],[103.5965,32.6287],[103.5997,32.6341],[103.61,32.6459],[103.6122,32.6505],[103.6134,32.6555],[103.6129,32.663],[103.6069,32.6796],[103.6059,32.6858],[103.6092,32.7045],[103.6111,32.7093],[103.6159,32.718],[103.6175,32.7248],[103.6172,32.73],[103.6139,32.7447],[103.6144,32.7607],[103.6135,32.7666],[103.6119,32.7717],[103.6084,32.7789],[103.6033,32.7857],[103.5702,32.8181],[103.5668,32.8222],[103.5632,32.8292],[103.56,32.8414],[103.5585,32.8504],[103.5563,32.8559],[103.5522,32.8613],[103.5401,32.871],[103.5352,32.8758],[103.5291,32.8856],[103.5251,32.8951]]}},{"type":"Feature","properties":{"country":"China","line":"成贵高速铁路","from":"成都东","to":"贵阳东","dist_km":648.0,"fare_local":294.0,"currency":"CNY","local_per_km":0.4537,"usd_per_km":0.0648,"extra":{"n_fare_points":664,"overlap_trimmed":false},"from_en":"Chengdudong","to_en":"Guiyangdong","line_en":"Chenggui High-Speed Railway"},"geometry":{"type":"LineString","coordinates":[[104.1389,30.6313],[104.136,30.6249],[104.1262,30.6113],[104.1241,30.6093],[104.1212,30.6081],[104.1046,30.6064],[104.0804,30.6088],[104.0528,30.6091],[104.0457,30.6067],[104.0407,30.6033],[104.0244,30.5901],[104.0205,30.5882],[104.0146,30.5875],[103.9917,30.5881],[103.9779,30.5913],[103.9732,30.5913],[103.9696,30.5907],[103.9641,30.5877],[103.9607,30.5839],[103.9494,30.5606],[103.9477,30.5585],[103.9413,30.5543],[103.9053,30.5409],[103.9007,30.5386],[103.896,30.5352],[103.8927,30.5319],[103.888,30.5243],[103.8867,30.5201],[103.8845,30.5069],[103.8824,30.5002],[103.8733,30.4776],[103.8626,30.4575],[103.8603,30.4519],[103.8591,30.4466],[103.8573,30.432],[103.8476,30.3985],[103.8463,30.3911],[103.8466,30.3805],[103.8494,30.3678],[103.8565,30.3418],[103.865,30.3152],[103.8663,30.309],[103.8659,30.2421],[103.8653,30.2348],[103.8568,30.1973],[103.8475,30.1714],[103.8434,30.1621],[103.8418,30.1565],[103.8412,30.1525],[103.8407,30.132],[103.8331,30.097],[103.8267,30.0826],[103.8058,30.0444],[103.7947,30.0265],[103.7914,30.0192],[103.7888,30.0104],[103.7866,29.9964],[103.7726,29.9338],[103.7707,29.923],[103.7692,29.9066],[103.771,29.876],[103.7708,29.8701],[103.7622,29.8247],[103.7591,29.8161],[103.7359,29.7628],[103.7333,29.7531],[103.7304,29.7078],[103.7339,29.6708],[103.7324,29.6573],[103.7283,29.6451],[103.6941,29.5696],[103.6916,29.5617],[103.6911,29.5548],[103.6924,29.5469],[103.6984,29.5286],[103.7042,29.5179],[103.7115,29.5088],[103.7306,29.4928],[103.7358,29.4871],[103.7406,29.4785],[103.7448,29.4633],[103.7503,29.4508],[103.7555,29.4439],[103.7639,29.4373],[103.7727,29.4333],[103.7844,29.4306],[103.7936,29.4291],[103.8151,29.4275],[103.8248,29.4256],[103.896,29.4072],[103.9054,29.4036],[103.9143,29.3988],[103.9284,29.3878],[103.9321,29.3841],[103.9365,29.3792],[103.953,29.3568],[103.9979,29.3028],[104.0291,29.2729],[104.0376,29.2625],[104.0454,29.2511],[104.0523,29.2432],[104.0917,29.208],[104.1001,29.1995],[104.1234,29.1678],[104.1459,29.1427],[104.1519,29.1352],[104.16,29.1218],[104.1696,29.1028],[104.1759,29.0946],[104.1843,29.0868],[104.2332,29.0478],[104.24,29.041],[104.2532,29.0258],[104.2675,29.0144],[104.2812,29.0019],[104.2881,28.9947],[104.2974,28.9808],[104.3024,28.9686],[104.3163,28.9022],[104.3195,28.8912],[104.3232,28.8838],[104.3276,28.8772],[104.333,28.871],[104.3414,28.8638],[104.3722,28.8436],[104.3822,28.8386],[104.4447,28.819],[104.4817,28.8048],[104.4928,28.7998],[104.5299,28.7769],[104.5388,28.7698],[104.5607,28.7504],[104.5687,28.7445],[104.6306,28.7113],[104.6263,28.7145],[104.6237,28.7191],[104.6238,28.7215],[104.6273,28.7266],[104.6261,28.7253],[104.6356,28.7369],[104.6438,28.7457],[104.6509,28.7497],[104.6765,28.7596],[104.6823,28.7605],[104.6848,28.7605],[104.6951,28.7603],[104.7016,28.7609],[104.7073,28.7625],[104.7126,28.765],[104.7182,28.7689],[104.7215,28.7727],[104.7426,28.8015],[104.7298,28.7839],[104.7215,28.7727],[104.7194,28.7703],[104.7182,28.7689],[104.7156,28.7669],[104.7126,28.765],[104.7105,28.7639],[104.7073,28.7625],[104.705,28.7617],[104.7016,28.7609],[104.6986,28.7606],[104.6951,28.7603],[104.6823,28.7605],[104.6795,28.7602],[104.6765,28.7596],[104.6725,28.7583],[104.6509,28.7497],[104.6476,28.7481],[104.6438,28.7457],[104.6406,28.7427],[104.6356,28.7369],[104.6352,28.7364],[104.6261,28.7253],[104.6273,28.7266],[104.6242,28.7224],[104.6238,28.7215],[104.6236,28.7211],[104.6236,28.7195],[104.6237,28.7191],[104.6239,28.7186],[104.6241,28.7181],[104.6263,28.7145],[104.6277,28.7132],[104.6306,28.7113],[104.6779,28.6861],[104.6954,28.6789],[104.7483,28.667],[104.7985,28.6606],[104.8093,28.6584],[104.823,28.654],[104.8677,28.6356],[104.9405,28.5922],[104.9644,28.5748],[104.9737,28.569],[104.9877,28.5629],[105.024,28.5506],[105.0373,28.5439],[105.0459,28.538],[105.0996,28.4973],[105.1339,28.4756],[105.1796,28.4409],[105.1906,28.4338],[105.2207,28.4193],[105.2248,28.4165],[105.2327,28.4095],[105.2381,28.4037],[105.2424,28.3967],[105.2478,28.3836],[105.2499,28.372],[105.2498,28.3622],[105.2488,28.3559],[105.2387,28.315],[105.2306,28.2961],[105.2203,28.2791],[105.2157,28.2676],[105.214,28.2609],[105.2129,28.25],[105.213,28.239],[105.217,28.1818],[105.2191,28.1706],[105.2194,28.1639],[105.2185,28.1539],[105.2162,28.1454],[105.2113,28.1349],[105.2076,28.1292],[105.2037,28.125],[105.1982,28.1201],[105.139,28.0745],[105.1164,28.0527],[105.111,28.0465],[105.0998,28.0315],[105.0951,28.0216],[105.0931,28.0153],[105.0921,28.0088],[105.092,28.0008],[105.0934,27.9899],[105.0937,27.9823],[105.0931,27.9753],[105.0914,27.9686],[105.0846,27.9545],[105.081,27.9488],[105.0558,27.9144],[105.0517,27.9072],[105.0498,27.9024],[105.0483,27.8965],[105.0475,27.888],[105.048,27.8788],[105.0617,27.7811],[105.0613,27.7685],[105.059,27.7468],[105.0591,27.7308],[105.0608,27.7172],[105.0638,27.7048],[105.0689,27.6891],[105.0722,27.682],[105.0798,27.6712],[105.109,27.6357],[105.1126,27.6297],[105.1177,27.6179],[105.1195,27.611],[105.1241,27.581],[105.1263,27.5394],[105.1277,27.5297],[105.1307,27.5185],[105.1367,27.501],[105.1404,27.4918],[105.1443,27.4847],[105.1515,27.4759],[105.1658,27.464],[105.1918,27.4483],[105.1999,27.4419],[105.2388,27.403],[105.2655,27.3792],[105.2741,27.3694],[105.2885,27.3452],[105.293,27.3392],[105.3442,27.2905],[105.3512,27.2848],[105.3599,27.2794],[105.369,27.275],[105.3778,27.2721],[105.3895,27.2695],[105.4601,27.2593],[105.4698,27.2573],[105.4841,27.2524],[105.5387,27.2289],[105.606,27.2062],[105.6157,27.204],[105.6777,27.1937],[105.6862,27.1912],[105.6977,27.1868],[105.7069,27.1817],[105.7163,27.1749],[105.7354,27.157],[105.7544,27.1418],[105.7672,27.1327],[105.7806,27.125],[105.789,27.1215],[105.7972,27.1193],[105.8323,27.1142],[105.84,27.1126],[105.8494,27.1092],[105.8629,27.1025],[105.8987,27.0777],[105.9308,27.0493],[105.9374,27.0442],[105.9939,27.0104],[106.0633,26.9792],[106.0931,26.9613],[106.1411,26.941],[106.1534,26.9373],[106.1888,26.93],[106.2197,26.9249],[106.2335,26.9202],[106.2479,26.9133],[106.2649,26.9026],[106.3123,26.868],[106.3642,26.8187],[106.3883,26.7899],[106.3971,26.7815],[106.4045,26.7763],[106.4422,26.7539],[106.4839,26.7376],[106.5163,26.724],[106.5308,26.7195],[106.5654,26.7142],[106.6091,26.7106],[106.6174,26.7105],[106.6318,26.7115],[106.637,26.7112],[106.6687,26.7049],[106.6725,26.7034],[106.6757,26.7013],[106.6972,26.6806],[106.7026,26.6766],[106.7071,26.675],[106.7407,26.6676]]}},{"type":"Feature","properties":{"country":"China","line":"贵广高速铁路","from":"贵阳东","to":"桂林西","dist_km":414.0,"fare_local":181.0,"currency":"CNY","local_per_km":0.4372,"usd_per_km":0.0625,"extra":{"n_fare_points":444,"overlap_trimmed":false},"from_en":"Guiyangdong","to_en":"Guilinxi","line_en":"Guiguang High-Speed Railway"},"geometry":{"type":"LineString","coordinates":[[106.7407,26.6676],[106.7912,26.6565],[106.7957,26.6541],[106.7998,26.6504],[106.8023,26.6468],[106.8053,26.6405],[106.8065,26.6336],[106.8053,26.6257],[106.803,26.6212],[106.7965,26.6132],[106.7932,26.608],[106.7899,26.5983],[106.7897,26.5944],[106.7903,26.5885],[106.7918,26.5828],[106.7956,26.5733],[106.7968,26.564],[106.7945,26.5385],[106.7935,26.5337],[106.7892,26.521],[106.7885,26.5128],[106.7903,26.5042],[106.795,26.4962],[106.8062,26.4856],[106.8145,26.4794],[106.8271,26.4734],[106.8372,26.4705],[106.8649,26.465],[106.8794,26.4636],[106.9057,26.465],[106.9301,26.4701],[106.9504,26.4715],[106.9837,26.4718],[107.0183,26.4733],[107.0286,26.4715],[107.0352,26.4696],[107.1189,26.4289],[107.1271,26.4238],[107.1325,26.4191],[107.138,26.4126],[107.144,26.4029],[107.165,26.3751],[107.175,26.367],[107.2008,26.3398],[107.2101,26.3329],[107.2248,26.3264],[107.2403,26.3216],[107.2708,26.3154],[107.2786,26.3144],[107.2925,26.3138],[107.3488,26.3144],[107.3602,26.3133],[107.3665,26.312],[107.386,26.3055],[107.4118,26.2883],[107.4364,26.2744],[107.4484,26.2653],[107.4595,26.2536],[107.487,26.2154],[107.4984,26.2063],[107.5054,26.2018],[107.5143,26.198],[107.5544,26.1866],[107.5594,26.1846],[107.5695,26.1787],[107.601,26.1544],[107.6117,26.1488],[107.623,26.1458],[107.6393,26.1433],[107.6533,26.139],[107.7879,26.0856],[107.831,26.0787],[107.853,26.0778],[107.8673,26.076],[107.9263,26.071],[108.0267,26.0535],[108.2321,26.0122],[108.2423,26.0111],[108.2606,26.0111],[108.2801,26.0127],[108.3245,26.0071],[108.3324,26.0053],[108.3808,25.9907],[108.4181,25.9857],[108.4436,25.9806],[108.4539,25.9807],[108.4891,25.9832],[108.5613,25.9931],[108.5697,25.9932],[108.7043,25.9756],[108.7113,25.9738],[108.7381,25.9637],[108.7582,25.9585],[108.8659,25.9473],[108.8736,25.9456],[108.8882,25.9399],[108.8945,25.9384],[109.0238,25.921],[109.0985,25.9136],[109.1255,25.9116],[109.1374,25.909],[109.144,25.9059],[109.2296,25.8503],[109.2651,25.8338],[109.3361,25.7972],[109.3569,25.7893],[109.3623,25.7878],[109.3662,25.7872],[109.392,25.7868],[109.4063,25.7846],[109.4173,25.7808],[109.4378,25.7713],[109.4909,25.7609],[109.5202,25.7526],[109.5417,25.745],[109.5886,25.7186],[109.622,25.6945],[109.6638,25.6675],[109.6939,25.6519],[109.7094,25.6414],[109.766,25.5943],[109.772,25.5876],[109.7921,25.5576],[109.7957,25.5385],[109.7967,25.5236],[109.7979,25.517],[109.8015,25.5083],[109.804,25.5041],[109.8106,25.4969],[109.8211,25.4901],[109.8291,25.484],[109.8367,25.4808],[109.8472,25.4781],[109.8584,25.4729],[109.9507,25.4079],[109.9734,25.3995],[109.9917,25.3955],[110.0083,25.3928],[110.0514,25.3899],[110.0626,25.3876],[110.0723,25.3837],[110.0953,25.3705],[110.1021,25.3674],[110.1142,25.3634],[110.1311,25.3565],[110.1694,25.3452],[110.1903,25.343],[110.2128,25.3446],[110.2334,25.3489],[110.2563,25.3561],[110.2625,25.3574]]}},{"type":"Feature","properties":{"country":"China","line":"贵广高速铁路","from":"桂林西","to":"广州南","dist_km":446.0,"fare_local":197.0,"currency":"CNY","local_per_km":0.4417,"usd_per_km":0.0631,"extra":{"n_fare_points":497,"overlap_trimmed":false},"from_en":"Guilinxi","to_en":"Guangzhounan","line_en":"Guiguang High-Speed Railway"},"geometry":{"type":"LineString","coordinates":[[110.2625,25.3574],[110.2686,25.3599],[110.295,25.3682],[110.3029,25.3699],[110.3103,25.3706],[110.3332,25.3708],[110.3706,25.3744],[110.3771,25.3742],[110.3843,25.3732],[110.3969,25.3692],[110.4078,25.3646],[110.4199,25.3572],[110.4367,25.3414],[110.4719,25.2997],[110.4747,25.2952],[110.4867,25.2708],[110.4987,25.2523],[110.5018,25.244],[110.5046,25.2305],[110.5051,25.2198],[110.5019,25.2041],[110.5013,25.1968],[110.5018,25.1891],[110.5052,25.1732],[110.5055,25.1663],[110.5048,25.1599],[110.5002,25.1383],[110.4984,25.1122],[110.4991,25.1058],[110.503,25.0907],[110.5068,25.0823],[110.5113,25.0758],[110.5184,25.0686],[110.5256,25.0635],[110.5361,25.0538],[110.5438,25.0403],[110.5486,25.0281],[110.5503,25.0212],[110.5505,25.013],[110.5491,25.0005],[110.5497,24.9914],[110.552,24.9831],[110.5558,24.9751],[110.5721,24.9523],[110.5797,24.9428],[110.5851,24.937],[110.6112,24.9154],[110.6283,24.9085],[110.7106,24.894],[110.7255,24.8894],[110.7484,24.8799],[110.7688,24.8751],[110.7785,24.8718],[110.791,24.869],[110.7992,24.8663],[110.8168,24.8589],[110.8401,24.8463],[110.8551,24.8399],[110.8823,24.8246],[110.9002,24.8173],[110.9099,24.8117],[110.9695,24.7732],[110.9785,24.769],[110.991,24.7644],[111.0184,24.7494],[111.1384,24.7126],[111.1451,24.7087],[111.1536,24.7015],[111.1607,24.6916],[111.1647,24.6824],[111.1743,24.6438],[111.1768,24.629],[111.1793,24.6213],[111.1826,24.615],[111.1869,24.6089],[111.1906,24.6049],[111.1967,24.5999],[111.2114,24.5926],[111.2162,24.5917],[111.2513,24.5898],[111.2599,24.588],[111.2684,24.5849],[111.3046,24.5646],[111.3434,24.5487],[111.4167,24.5123],[111.4385,24.5043],[111.464,24.492],[111.4773,24.4877],[111.5005,24.4815],[111.5117,24.4767],[111.5219,24.4694],[111.5537,24.4401],[111.566,24.4325],[111.5751,24.4299],[111.5933,24.4291],[111.6064,24.4271],[111.6151,24.424],[111.6202,24.4213],[111.6303,24.4136],[111.6346,24.4087],[111.6558,24.3805],[111.6592,24.377],[111.6846,24.3575],[111.6922,24.3497],[111.7108,24.3194],[111.7221,24.306],[111.7615,24.2436],[111.8083,24.191],[111.8151,24.1797],[111.824,24.16],[111.8353,24.1375],[111.8375,24.1345],[111.8473,24.1252],[111.9071,24.0911],[111.9475,24.0621],[111.9787,24.0347],[112.0012,24.0188],[112.0176,24.0022],[112.0358,23.9817],[112.0411,23.977],[112.0767,23.9538],[112.0904,23.9412],[112.1007,23.9336],[112.1308,23.9158],[112.1376,23.9102],[112.1648,23.8845],[112.1835,23.8688],[112.206,23.8522],[112.2245,23.8396],[112.2362,23.8326],[112.2479,23.8237],[112.2582,23.8174],[112.2713,23.8069],[112.3011,23.7903],[112.3076,23.7852],[112.3131,23.7795],[112.3181,23.7718],[112.3205,23.7668],[112.3287,23.7447],[112.333,23.7352],[112.3452,23.7134],[112.3487,23.7037],[112.351,23.6945],[112.376,23.6531],[112.4055,23.6281],[112.4113,23.6211],[112.4154,23.6139],[112.419,23.6023],[112.4238,23.5683],[112.4258,23.5608],[112.4328,23.5444],[112.4364,23.5256],[112.4415,23.5111],[112.4445,23.4972],[112.4533,23.4705],[112.4581,23.4631],[112.4759,23.4422],[112.4861,23.4283],[112.5028,23.4108],[112.5171,23.3921],[112.5271,23.3833],[112.5501,23.3681],[112.5579,23.3601],[112.5866,23.3127],[112.617,23.2476],[112.6229,23.2393],[112.6293,23.2331],[112.6353,23.2293],[112.6699,23.2115],[112.679,23.207],[112.6856,23.2046],[112.6932,23.2029],[112.7546,23.1939],[112.7622,23.1916],[112.7766,23.186],[112.7845,23.1812],[112.7903,23.1758],[112.7943,23.1706],[112.8009,23.1588],[112.8041,23.1545],[112.8157,23.1413],[112.8235,23.1351],[112.8287,23.1324],[112.8464,23.1254],[112.9013,23.0991],[112.9073,23.0974],[112.9197,23.0972],[112.9252,23.0961],[112.9302,23.0936],[112.9384,23.0873],[112.9474,23.0842],[112.9554,23.0839],[112.9691,23.0881],[112.9749,23.0885],[112.9791,23.0876],[112.9855,23.0844],[113.0006,23.0784],[113.0075,23.0775],[113.0515,23.0861],[113.0699,23.0974],[113.0757,23.0995],[113.0811,23.0995],[113.1005,23.0965],[113.1044,23.095],[113.1133,23.0892],[113.1175,23.088],[113.1207,23.0878],[113.1248,23.0885],[113.1474,23.096],[113.1615,23.0987],[113.1729,23.1028],[113.1877,23.1028],[113.1918,23.102],[113.1954,23.0998],[113.1981,23.0958],[113.2043,23.0693],[113.212,23.0547],[113.2196,23.034],[113.2223,23.0309],[113.2276,23.0273],[113.2383,23.0224],[113.2441,23.0184],[113.2491,23.012],[113.2595,22.9964],[113.264,22.9914]]}},{"type":"Feature","properties":{"country":"China","line":"兰渝铁路","from":"广元","to":"南充北","dist_km":188.0,"fare_local":69.5,"currency":"CNY","local_per_km":0.3697,"usd_per_km":0.0528,"extra":{"n_fare_points":21,"overlap_trimmed":false},"from_en":"Guangyuan","to_en":"Nanchongbei","line_en":"Lanyu Railway"},"geometry":{"type":"LineString","coordinates":[[105.818,32.4527],[105.8119,32.4492],[105.807,32.4451],[105.8027,32.4427],[105.7809,32.4341],[105.7691,32.4264],[105.7599,32.4179],[105.7552,32.4111],[105.7493,32.3967],[105.7477,32.3882],[105.7485,32.3799],[105.751,32.3726],[105.7709,32.3263],[105.7786,32.3107],[105.7829,32.2897],[105.7966,32.245],[105.7982,32.2353],[105.8038,32.1689],[105.8063,32.1583],[105.8213,32.1144],[105.8306,32.0921],[105.8335,32.0828],[105.8349,32.0723],[105.8354,32.0356],[105.836,32.0277],[105.8445,31.9745],[105.8469,31.9653],[105.8539,31.9506],[105.8575,31.9397],[105.8671,31.889],[105.8716,31.8783],[105.8879,31.8517],[105.8974,31.8277],[105.9108,31.8039],[105.9132,31.7973],[105.9141,31.7886],[105.9109,31.7526],[105.9105,31.7363],[105.9097,31.73],[105.9048,31.7126],[105.9042,31.7001],[105.905,31.6869],[105.9082,31.6748],[105.9099,31.661],[105.9124,31.6503],[105.9127,31.6334],[105.9146,31.6217],[105.9171,31.6142],[105.9201,31.6075],[105.9356,31.5821],[105.9648,31.5447],[105.9695,31.5352],[105.9711,31.527],[105.9702,31.5074],[105.9751,31.4604],[105.9765,31.4532],[105.9853,31.4284],[105.9903,31.4187],[105.9996,31.4062],[106.0026,31.4012],[106.0053,31.3946],[106.0071,31.3864],[106.0115,31.3537],[106.0113,31.3475],[106.0095,31.3351],[106.0105,31.3099],[106.0176,31.2734],[106.0202,31.2667],[106.0279,31.2512],[106.0399,31.2168],[106.0439,31.2029],[106.0593,31.1698],[106.061,31.1649],[106.0624,31.1593],[106.0629,31.1536],[106.063,31.1359],[106.0655,31.1261],[106.0698,31.1175],[106.0778,31.1073],[106.0824,31.1003],[106.0917,31.0825],[106.0967,31.067],[106.1012,31.0491],[106.1252,30.9847],[106.1309,30.9653],[106.1314,30.9587],[106.1308,30.9517],[106.1278,30.9417],[106.095,30.8871],[106.0868,30.8775],[106.0659,30.86]]}},{"type":"Feature","properties":{"country":"China","line":"宁启铁路","from":"南京","to":"海安","dist_km":219.0,"fare_local":81.5,"currency":"CNY","local_per_km":0.3721,"usd_per_km":0.0532,"extra":{"n_fare_points":62,"overlap_trimmed":false},"from_en":"Nanjing","to_en":"Hai'an","line_en":"Ningqi Railway"},"geometry":{"type":"LineString","coordinates":[[118.7917,32.0887],[118.7837,32.0926],[118.7704,32.0975],[118.7614,32.1041],[118.7017,32.1342],[118.6968,32.1389],[118.6859,32.1535],[118.6763,32.1617],[118.6701,32.1633],[118.6492,32.1629],[118.6464,32.1645],[118.6456,32.1672],[118.6462,32.171],[118.6478,32.1735],[118.6503,32.1752],[118.6578,32.1784],[118.6639,32.1851],[118.6898,32.1986],[118.6982,32.2117],[118.7039,32.2187],[118.7092,32.2241],[118.7183,32.2313],[118.7368,32.2481],[118.7407,32.2549],[118.7435,32.2676],[118.7494,32.2801],[118.769,32.3077],[118.7711,32.3117],[118.7727,32.3178],[118.7729,32.3303],[118.776,32.3383],[118.7839,32.3493],[118.7874,32.353],[118.8038,32.366],[118.8089,32.3686],[118.8146,32.3704],[118.8233,32.3714],[118.8317,32.3706],[118.8882,32.3541],[118.9459,32.3438],[118.9543,32.341],[118.9773,32.3306],[118.9924,32.3271],[119.0235,32.3174],[119.0299,32.3169],[119.0781,32.3194],[119.0963,32.3172],[119.1143,32.318],[119.1545,32.3158],[119.1602,32.316],[119.2282,32.3309],[119.2405,32.3353],[119.2769,32.3577],[119.3043,32.3709],[119.3301,32.3884],[119.3344,32.3899],[119.356,32.3941],[119.3598,32.3956],[119.3627,32.398],[119.3708,32.4077],[119.3802,32.4231],[119.3827,32.4258],[119.3876,32.4288],[119.4005,32.4329],[119.4141,32.4414],[119.4265,32.4455],[119.4299,32.4461],[119.4348,32.4456],[119.4415,32.4432],[119.4468,32.4432],[119.4735,32.4501],[119.4917,32.4513],[119.5191,32.4555],[119.5328,32.4565],[119.557,32.4618],[119.5932,32.4597],[119.6033,32.4612],[119.6107,32.4635],[119.6345,32.4749],[119.6544,32.4892],[119.6587,32.4912],[119.6715,32.4956],[119.6914,32.5069],[119.6974,32.5089],[119.752,32.5222],[119.7964,32.5243],[119.8343,32.5286],[119.8899,32.5327],[119.9081,32.5332],[119.9275,32.5357],[119.9422,32.5355],[119.9614,32.5315],[119.9916,32.5319],[120.0107,32.5309],[120.0263,32.5319],[120.0459,32.5356],[120.0751,32.5381],[120.1279,32.536],[120.1464,32.5384],[120.1606,32.543],[120.1747,32.5453],[120.1898,32.5448],[120.2132,32.5453],[120.2207,32.5468],[120.2271,32.5493],[120.2452,32.5607],[120.2534,32.5669],[120.2612,32.5703],[120.2876,32.5769],[120.315,32.581],[120.3371,32.586],[120.3566,32.5886],[120.3734,32.5926],[120.381,32.5937],[120.3876,32.5937],[120.432,32.59],[120.4431,32.5878],[120.4868,32.5672],[120.4909,32.564],[120.494,32.5605],[120.5,32.5493]]}},{"type":"Feature","properties":{"country":"China","line":"宁蓉铁路","from":"南京南","to":"汉口","dist_km":516.0,"fare_local":206.0,"currency":"CNY","local_per_km":0.3992,"usd_per_km":0.057,"extra":{"n_fare_points":465,"overlap_trimmed":false},"from_en":"Nanjingnan","to_en":"Hankou","line_en":"Ningrong Railway"},"geometry":{"type":"LineString","coordinates":[[118.7931,31.9708],[118.7737,31.9626],[118.7652,31.9577],[118.7547,31.9501],[118.738,31.9352],[118.7322,31.9314],[118.7261,31.9283],[118.7159,31.9248],[118.7076,31.9229],[118.6987,31.9226],[118.6857,31.9244],[118.6739,31.9281],[118.6626,31.9343],[118.6103,31.9767],[118.5972,31.9853],[118.5441,32.0111],[118.5021,32.03],[118.4721,32.0399],[118.465,32.0428],[118.4257,32.066],[118.4191,32.069],[118.4092,32.072],[118.3987,32.0729],[118.3076,32.0677],[118.2982,32.0662],[118.1697,32.0389],[118.1035,32.0317],[118.0961,32.0297],[118.0789,32.0233],[118.0293,32.0094],[118.0183,32.0083],[117.9635,32.0081],[117.9535,32.0074],[117.9426,32.0049],[117.9116,31.9947],[117.8991,31.9924],[117.8766,31.9908],[117.8683,31.9896],[117.8183,31.9752],[117.7665,31.9669],[117.7466,31.9659],[117.7376,31.9643],[117.7275,31.9606],[117.7119,31.9514],[117.7049,31.9483],[117.6609,31.9343],[117.5644,31.8966],[117.5398,31.8888],[117.5191,31.8795],[117.4578,31.8544],[117.4509,31.8502],[117.4443,31.844],[117.4411,31.8395],[117.4301,31.8204],[117.4249,31.8144],[117.4161,31.8083],[117.4056,31.8049],[117.3995,31.8042],[117.3933,31.8044],[117.3629,31.8094],[117.3515,31.8098],[117.3425,31.8086],[117.3138,31.8022],[117.2648,31.7994],[117.2152,31.791],[117.1856,31.7908],[117.1678,31.7897],[117.1485,31.7898],[117.1038,31.788],[117.0838,31.7878],[117.0723,31.7858],[117.0442,31.7759],[117.0281,31.7723],[117.0194,31.7716],[116.9895,31.771],[116.9512,31.7648],[116.9328,31.763],[116.8502,31.7579],[116.7808,31.7481],[116.7516,31.7478],[116.7028,31.7517],[116.6021,31.7472],[116.5839,31.7453],[116.5704,31.7457],[116.557,31.745],[116.5473,31.7432],[116.5382,31.7401],[116.5308,31.7364],[116.5094,31.7233],[116.4606,31.7006],[116.4491,31.6962],[116.4374,31.6933],[116.4272,31.692],[116.3162,31.6846],[116.2637,31.678],[116.2361,31.6725],[116.2123,31.6706],[116.2029,31.6693],[116.1669,31.6585],[116.1541,31.6562],[116.1456,31.6561],[116.1377,31.6569],[116.1116,31.6636],[116.1028,31.6646],[116.09,31.6643],[116.0773,31.6613],[116.0569,31.6532],[115.9557,31.6233],[115.9487,31.6205],[115.9388,31.6153],[115.8623,31.5687],[115.8559,31.5642],[115.8253,31.5379],[115.7991,31.5077],[115.7924,31.501],[115.7831,31.494],[115.7589,31.4814],[115.7151,31.4525],[115.7025,31.4449],[115.6213,31.4034],[115.5729,31.3829],[115.5636,31.3783],[115.5585,31.375],[115.5534,31.3705],[115.5446,31.3612],[115.5381,31.3559],[115.5172,31.3434],[115.4933,31.3272],[115.4736,31.3115],[115.4604,31.3042],[115.4465,31.2995],[115.4356,31.2974],[115.2876,31.2844],[115.2662,31.28],[115.2375,31.2783],[115.1997,31.2708],[115.1819,31.2665],[115.1394,31.26],[115.125,31.2565],[115.079,31.235],[115.0324,31.2076],[115.0243,31.2036],[115.0158,31.2005],[114.9442,31.179],[114.9325,31.1743],[114.8958,31.1537],[114.8745,31.1431],[114.8583,31.1324],[114.8424,31.1237],[114.8215,31.1091],[114.8105,31.1031],[114.7221,31.0559],[114.6744,31.0341],[114.6486,31.021],[114.6155,30.9981],[114.607,30.9934],[114.581,30.9849],[114.5046,30.9494],[114.4585,30.9365],[114.4208,30.9195],[114.4099,30.9166],[114.4025,30.9155],[114.3515,30.9111],[114.3412,30.9084],[114.3312,30.904],[114.3253,30.9002],[114.32,30.8958],[114.3155,30.8909],[114.3117,30.8856],[114.3048,30.8712],[114.3031,30.8644],[114.3028,30.8579],[114.3037,30.8518],[114.3063,30.8443],[114.3484,30.7627],[114.3507,30.7562],[114.3512,30.7494],[114.3501,30.7428],[114.3473,30.7363],[114.3397,30.7238],[114.3376,30.7146],[114.3382,30.7068],[114.3452,30.6846],[114.3455,30.6775],[114.3443,30.6706],[114.3395,30.6584],[114.3338,30.6489],[114.3307,30.6451],[114.3259,30.6416],[114.3134,30.6372],[114.2904,30.6326],[114.2809,30.6296],[114.2494,30.6217]]}},{"type":"Feature","properties":{"country":"China","line":"宁蓉铁路","from":"汉口","to":"荆州","dist_km":204.0,"fare_local":82.0,"currency":"CNY","local_per_km":0.402,"usd_per_km":0.0574,"extra":{"n_fare_points":619,"overlap_trimmed":false},"from_en":"Hankou","to_en":"Jingzhou","line_en":"Ningrong Railway"},"geometry":{"type":"LineString","coordinates":[[114.2494,30.6217],[114.2377,30.6178],[114.2304,30.6185],[114.2237,30.6154],[114.2061,30.6201],[114.1721,30.6197],[114.1686,30.6188],[114.1572,30.6122],[114.1543,30.6112],[114.1119,30.6039],[114.102,30.6034],[114.0936,30.6044],[114.088,30.6059],[114.0186,30.6303],[114.0116,30.6314],[114.0054,30.6307],[113.9975,30.6275],[113.9724,30.6133],[113.9335,30.599],[113.835,30.5547],[113.6772,30.4929],[113.6395,30.4795],[113.5656,30.4446],[113.5562,30.4413],[113.5469,30.4396],[113.4984,30.437],[113.4195,30.4267],[113.4086,30.4262],[113.397,30.4273],[113.3533,30.4356],[113.2788,30.4434],[113.2682,30.4438],[113.2248,30.442],[113.1676,30.4298],[113.1524,30.4278],[113.0521,30.4284],[113.0395,30.4266],[113.0279,30.4232],[112.9788,30.4004],[112.9696,30.3972],[112.9604,30.3952],[112.885,30.3854],[112.8147,30.3867],[112.7419,30.381],[112.7333,30.3798],[112.6763,30.3688],[112.6667,30.3677],[112.6566,30.3677],[112.5184,30.3738],[112.335,30.3691],[112.2177,30.373],[112.2074,30.3726]]}},{"type":"Feature","properties":{"country":"China","line":"宁蓉铁路","from":"荆州","to":"宜昌东","dist_km":88.0,"fare_local":33.0,"currency":"CNY","local_per_km":0.375,"usd_per_km":0.0536,"extra":{"n_fare_points":434,"overlap_trimmed":false},"from_en":"Jingzhou","to_en":"Yichangdong","line_en":"Ningrong Railway"},"geometry":{"type":"LineString","coordinates":[[112.2074,30.3726],[112.2005,30.3736],[112.1734,30.3745],[112.1632,30.3758],[112.1484,30.3791],[112.1203,30.3881],[112.0249,30.409],[111.99,30.4184],[111.9815,30.4198],[111.9583,30.422],[111.9458,30.4245],[111.9315,30.4294],[111.874,30.4555],[111.8345,30.4683],[111.6588,30.498],[111.6479,30.5009],[111.6362,30.506],[111.6268,30.5121],[111.6012,30.5354],[111.5924,30.542],[111.544,30.57],[111.5055,30.5873],[111.4965,30.5903],[111.4759,30.5952],[111.4646,30.6004],[111.4577,30.6052],[111.4518,30.6108],[111.4404,30.6264],[111.4356,30.6316],[111.4263,30.6384],[111.421,30.6411],[111.384,30.6558],[111.3718,30.6595],[111.3649,30.6604]]}},{"type":"Feature","properties":{"country":"China","line":"宁蓉铁路","from":"宜昌东","to":"重庆北","dist_km":553.0,"fare_local":171.0,"currency":"CNY","local_per_km":0.3092,"usd_per_km":0.0442,"extra":{"n_fare_points":212,"overlap_trimmed":false},"from_en":"Yichangdong","to_en":"Chongqingbei","line_en":"Ningrong Railway"},"geometry":{"type":"LineString","coordinates":[[111.3649,30.6604],[111.3586,30.6629],[111.3518,30.6646],[111.3429,30.6644],[111.333,30.6612],[111.3168,30.6493],[111.3118,30.6465],[111.3075,30.6451],[111.3021,30.6442],[111.293,30.645],[111.2556,30.6563],[111.24,30.664],[111.2314,30.6696],[111.2008,30.7015],[111.1974,30.7044],[111.1925,30.7071],[111.1877,30.7087],[111.1793,30.7094],[111.1728,30.7084],[111.1548,30.7023],[111.1501,30.7012],[111.1439,30.701],[111.1321,30.7025],[111.1248,30.7018],[111.1179,30.6992],[111.1043,30.6907],[111.0981,30.6891],[111.0887,30.6893],[111.0697,30.6922],[111.0428,30.689],[111.0248,30.6892],[111.0089,30.6916],[111.0052,30.6913],[111.0008,30.69],[110.9451,30.6667],[110.9409,30.6644],[110.9366,30.6607],[110.9342,30.6568],[110.9338,30.6523],[110.9346,30.6488],[110.9403,30.6373],[110.9416,30.6331],[110.9421,30.6277],[110.9407,30.6216],[110.9383,30.6176],[110.9347,30.6145],[110.9226,30.6083],[110.9158,30.6065],[110.9109,30.6064],[110.9055,30.6077],[110.8832,30.6205],[110.8758,30.6227],[110.8573,30.6218],[110.8403,30.6229],[110.8275,30.6229],[110.8204,30.6209],[110.8107,30.6147],[110.8054,30.6125],[110.798,30.611],[110.7864,30.6109],[110.7788,30.612],[110.7716,30.614],[110.7546,30.6237],[110.7479,30.6261],[110.6763,30.6318],[110.6698,30.6309],[110.6559,30.6254],[110.6507,30.6245],[110.6324,30.6255],[110.6048,30.6225],[110.5869,30.6247],[110.5763,30.6247],[110.5381,30.6153],[110.5118,30.6097],[110.4913,30.6095],[110.4789,30.6086],[110.4663,30.6104],[110.4466,30.6176],[110.4061,30.6451],[110.4011,30.6494],[110.3827,30.668],[110.3784,30.6709],[110.3738,30.6724],[110.3693,30.6725],[110.3635,30.6706],[110.3529,30.6643],[110.345,30.6574],[110.342,30.6556],[110.3375,30.6539],[110.3307,30.6531],[110.1866,30.672],[110.108,30.678],[110.1016,30.6777],[110.0955,30.6751],[110.0858,30.6679],[110.075,30.6518],[110.071,30.6476],[110.0541,30.6348],[110.0272,30.6164],[110.0171,30.6118],[110.0079,30.6063],[109.9929,30.5995],[109.9754,30.5945],[109.9663,30.5898],[109.9551,30.5858],[109.9384,30.5772],[109.9334,30.5754],[109.8926,30.5714],[109.8886,30.5702],[109.87,30.5622],[109.8549,30.5586],[109.8411,30.5593],[109.8281,30.561],[109.8222,30.5603],[109.8128,30.5573],[109.8067,30.5563],[109.7878,30.5574],[109.7747,30.5573],[109.7666,30.5597],[109.7502,30.5687],[109.745,30.5701],[109.74,30.5706],[109.7113,30.5684],[109.7052,30.5665],[109.6976,30.5625],[109.689,30.5568],[109.6714,30.5415],[109.6466,30.4992],[109.6425,30.494],[109.6379,30.49],[109.613,30.4743],[109.6082,30.4698],[109.6058,30.4663],[109.6041,30.4616],[109.6019,30.4447],[109.5998,30.4401],[109.5972,30.4371],[109.5929,30.4339],[109.5417,30.4067],[109.5294,30.4018],[109.5237,30.3977],[109.5014,30.3679],[109.4978,30.364],[109.4598,30.339],[109.454,30.3337],[109.4494,30.3266],[109.4431,30.3198],[109.4342,30.3075],[109.4296,30.2987],[109.4247,30.2937],[109.4189,30.2892],[109.4158,30.2855],[109.4142,30.2821],[109.4055,30.2572],[109.4017,30.2518],[109.396,30.2482],[109.379,30.243],[109.3741,30.2407],[109.3686,30.2366],[109.3564,30.2248],[109.3512,30.2212],[109.3452,30.2184],[109.3397,30.2173],[109.3333,30.2174],[109.3082,30.2214],[109.2262,30.2305],[109.2177,30.2327],[109.1411,30.2655],[109.1105,30.2749],[109.1034,30.2753],[109.0822,30.274],[109.0155,30.2759],[108.9865,30.277],[108.9522,30.2808],[108.8933,30.2799],[108.8822,30.2803],[108.8662,30.2795],[108.8427,30.2723],[108.8212,30.2646],[108.7967,30.2591],[108.7879,30.2582],[108.772,30.259],[108.7615,30.2573],[108.7565,30.2554],[108.7515,30.2527],[108.7337,30.2394],[108.7285,30.2372],[108.723,30.2357],[108.7175,30.2349],[108.71,30.2351],[108.6862,30.2391],[108.6761,30.2387],[108.6701,30.2374],[108.6593,30.2324],[108.6173,30.2057],[108.6106,30.2023],[108.6053,30.2007],[108.5522,30.1902],[108.5441,30.187],[108.538,30.1831],[108.5309,30.1761],[108.5264,30.168],[108.5151,30.1232],[108.5125,30.1176],[108.509,30.1126],[108.4824,30.0889],[108.4744,30.0808],[108.4333,30.0518],[108.4235,30.046],[108.4113,30.0405],[108.396,30.0357],[108.2977,30.025],[108.1512,29.9898],[108.1436,29.9888],[108.1272,29.9889],[108.121,29.988],[108.1145,29.9858],[108.1073,29.9816],[108.1019,29.9771],[108.0803,29.9523],[108.0689,29.9342],[108.0606,29.9264],[108.0511,29.9206],[108.0314,29.9141],[107.9124,29.8495],[107.9057,29.8449],[107.8968,29.8364],[107.8805,29.8115],[107.874,29.8052],[107.8684,29.802],[107.8552,29.7987],[107.8473,29.7984],[107.841,29.7989],[107.8308,29.8022],[107.8242,29.8051],[107.8174,29.8087],[107.7836,29.8305],[107.7567,29.8401],[107.7436,29.8482],[107.7366,29.8511],[107.7239,29.8531],[107.7091,29.8532],[107.7015,29.852],[107.6534,29.8387],[107.5776,29.8154],[107.4669,29.7636],[107.4566,29.7603],[107.4456,29.7591],[107.4348,29.7603],[107.4262,29.763],[107.4053,29.7725],[107.3976,29.7744],[107.3903,29.7751],[107.3832,29.7748],[107.3764,29.7736],[107.3553,29.7658],[107.3465,29.7636],[107.3372,29.7631],[107.3088,29.7652],[107.2947,29.7677],[107.2342,29.7847],[107.2241,29.7892],[107.1822,29.81],[107.1555,29.8275],[107.1481,29.833],[107.1442,29.8367],[107.1171,29.869],[107.1112,29.8738],[107.1034,29.8781],[107.092,29.8816],[107.0785,29.883],[107.0471,29.8853],[107.0342,29.8839],[107.008,29.8757],[106.998,29.8715],[106.986,29.8637],[106.9766,29.8544],[106.9711,29.8465],[106.958,29.824],[106.9481,29.8116],[106.9445,29.8057],[106.9365,29.7829],[106.9234,29.7567],[106.9168,29.7385],[106.9125,29.73],[106.8904,29.6964],[106.8826,29.6885],[106.8744,29.6829],[106.8645,29.6782],[106.8539,29.6743],[106.8274,29.667],[106.8122,29.6615],[106.7873,29.6539],[106.78,29.6524],[106.7716,29.6518],[106.7534,29.6536],[106.7262,29.6518],[106.6749,29.6423],[106.6655,29.6423],[106.6425,29.6457],[106.6364,29.6458],[106.6285,29.6448],[106.6009,29.6382],[106.5821,29.6317],[106.5781,29.6289],[106.5729,29.6225],[106.5662,29.6187],[106.5605,29.6125],[106.5582,29.6119],[106.5473,29.6123]]}},{"type":"Feature","properties":{"country":"China","line":"宁蓉铁路","from":"重庆北","to":"成都东","dist_km":304.0,"fare_local":154.0,"currency":"CNY","local_per_km":0.5066,"usd_per_km":0.0724,"extra":{"n_fare_points":997,"overlap_trimmed":false},"from_en":"Chongqingbei","to_en":"Chengdudong","line_en":"Ningrong Railway"},"geometry":{"type":"LineString","coordinates":[[106.5473,29.6123],[106.5387,29.6119],[106.5334,29.6126],[106.4905,29.6386],[106.4776,29.648],[106.4627,29.653],[106.4539,29.6574],[106.4418,29.6579],[106.4383,29.66],[106.4367,29.6623],[106.4363,29.6646],[106.4366,29.6667],[106.4407,29.6722],[106.4417,29.6746],[106.4414,29.6871],[106.4431,29.6966],[106.4464,29.7077],[106.4464,29.7112],[106.4448,29.718],[106.4447,29.7213],[106.4477,29.7338],[106.449,29.7458],[106.4531,29.7669],[106.4525,29.8083],[106.4561,29.8203],[106.4565,29.8244],[106.4561,29.836],[106.4549,29.8404],[106.4525,29.8442],[106.443,29.8557],[106.43,29.8645],[106.409,29.8747],[106.403,29.8785],[106.3821,29.8987],[106.3752,29.9101],[106.3707,29.9162],[106.3612,29.9233],[106.3534,29.9275],[106.3147,29.9456],[106.2907,29.9516],[106.2834,29.9556],[106.2603,29.9705],[106.2553,29.9726],[106.2397,29.9769],[106.2336,29.98],[106.2125,29.9988],[106.2009,30.0053],[106.1893,30.0152],[106.1783,30.0272],[106.1724,30.0348],[106.1636,30.0493],[106.1604,30.0527],[106.1557,30.0562],[106.1482,30.0594],[106.1345,30.0621],[106.1263,30.0647],[106.1131,30.0708],[106.0996,30.0791],[106.0805,30.086],[106.0726,30.0905],[106.0673,30.0947],[106.0438,30.118],[106.0418,30.1205],[106.0366,30.1307],[106.0345,30.1338],[106.0191,30.1482],[106.0027,30.1601],[105.9979,30.165],[105.9933,30.1709],[105.9833,30.1795],[105.9768,30.1833],[105.957,30.1907],[105.9396,30.1949],[105.925,30.1996],[105.9071,30.2082],[105.8881,30.2155],[105.8686,30.2259],[105.8625,30.2302],[105.8574,30.2369],[105.8485,30.2533],[105.8302,30.2735],[105.8217,30.2865],[105.8109,30.2968],[105.7971,30.3059],[105.7933,30.3091],[105.7891,30.3141],[105.7819,30.3266],[105.7763,30.3324],[105.7715,30.3354],[105.7575,30.3407],[105.7424,30.3526],[105.7371,30.3558],[105.7308,30.3579],[105.7186,30.3601],[105.7084,30.363],[105.7026,30.3657],[105.6984,30.3688],[105.6916,30.3754],[105.6785,30.383],[105.6679,30.3933],[105.6393,30.4097],[105.6291,30.4167],[105.6188,30.4222],[105.6116,30.4278],[105.6006,30.4431],[105.5903,30.4508],[105.5872,30.454],[105.585,30.4571],[105.5803,30.4672],[105.5694,30.4786],[105.5509,30.5087],[105.5496,30.5135],[105.5512,30.5264],[105.5518,30.5297],[105.5558,30.5395],[105.5547,30.543],[105.5516,30.5454],[105.5461,30.546],[105.5176,30.5443],[105.4919,30.5391],[105.486,30.5387],[105.4783,30.5391],[105.4696,30.541],[105.4557,30.546],[105.4332,30.5569],[105.4266,30.5595],[105.3748,30.5702],[105.3454,30.5718],[105.3374,30.5717],[105.2983,30.5682],[105.2644,30.5713],[105.2526,30.5728],[105.2355,30.5763],[105.2007,30.5819],[105.1708,30.592],[105.164,30.5935],[105.1515,30.5946],[105.1279,30.5942],[105.1207,30.5953],[105.0965,30.6005],[105.0845,30.604],[105.076,30.6083],[105.0395,30.6306],[105.0261,30.6378],[104.9966,30.6509],[104.9685,30.6677],[104.9576,30.6722],[104.932,30.6785],[104.9179,30.6816],[104.8887,30.6846],[104.8372,30.6963],[104.8274,30.6979],[104.8174,30.698],[104.7769,30.6939],[104.7655,30.6949],[104.7456,30.6993],[104.7355,30.7005],[104.7172,30.7006],[104.699,30.6993],[104.6863,30.7003],[104.6787,30.7022],[104.6654,30.7073],[104.6464,30.7172],[104.6383,30.7201],[104.6217,30.7248],[104.5998,30.7271],[104.5918,30.7288],[104.5558,30.7414],[104.5471,30.7437],[104.5296,30.7475],[104.5148,30.7498],[104.411,30.7604],[104.4018,30.7604],[104.3906,30.7593],[104.3675,30.7549],[104.2776,30.728],[104.243,30.7205],[104.2369,30.7184],[104.229,30.7132],[104.211,30.6937],[104.2073,30.6906],[104.2029,30.688],[104.1974,30.6859],[104.1926,30.6849],[104.1649,30.6827],[104.1613,30.6815],[104.1584,30.6796],[104.1556,30.6755],[104.1539,30.6688],[104.1472,30.6507],[104.1389,30.6313]]}},{"type":"Feature","properties":{"country":"China","line":"沪渝蓉高速铁路","from":"汉口","to":"宜昌北","dist_km":300.0,"fare_local":117.0,"currency":"CNY","local_per_km":0.39,"usd_per_km":0.0557,"extra":{"n_fare_points":871,"overlap_trimmed":false},"from_en":"Hankou","to_en":"Yichangbei","line_en":"Huyurong High-Speed Railway"},"geometry":{"type":"LineString","coordinates":[[114.2494,30.6217],[114.2376,30.6179],[114.2304,30.6186],[114.2255,30.616],[114.2231,30.6155],[114.2054,30.6202],[114.1731,30.6201],[114.1675,30.6185],[114.1576,30.6128],[114.154,30.6114],[114.111,30.6043],[114.1033,30.6041],[114.0966,30.6047],[114.0846,30.6073],[114.0545,30.618],[114.0274,30.6296],[114.019,30.6322],[114.0069,30.6393],[114.0016,30.6443],[113.975,30.678],[113.9719,30.6838],[113.9629,30.7048],[113.9596,30.7102],[113.9566,30.7131],[113.9529,30.7154],[113.9457,30.7175],[113.939,30.7169],[113.9154,30.71],[113.9036,30.7074],[113.8895,30.7058],[113.8765,30.7056],[113.6192,30.7277],[113.5412,30.7293],[113.5283,30.7284],[113.4518,30.7195],[113.3304,30.6965],[113.3188,30.6949],[113.2365,30.6946],[113.2233,30.6962],[113.185,30.7044],[113.1717,30.7086],[113.0999,30.7371],[113.0846,30.7451],[112.93,30.8586],[112.9225,30.863],[112.8865,30.8811],[112.8517,30.9019],[112.8273,30.9142],[112.7858,30.9404],[112.7668,30.9556],[112.7225,30.9865],[112.6778,31.0272],[112.6678,31.034],[112.6567,31.0397],[112.6412,31.045],[112.6158,31.0506],[112.6231,31.0494],[112.6036,31.053],[112.5664,31.0575],[112.5336,31.0645],[112.4915,31.0649],[112.4834,31.0656],[112.4528,31.0724],[112.3969,31.0817],[112.3642,31.0907],[112.3566,31.0922],[112.3461,31.0932],[112.2466,31.0956],[112.2297,31.0947],[112.2188,31.0929],[112.1976,31.0878],[112.1658,31.0759],[112.1514,31.069],[112.14,31.0609],[112.1334,31.0542],[112.1272,31.0462],[112.1183,31.0317],[112.0904,30.9587],[112.0838,30.9469],[112.0761,30.9375],[112.0677,30.93],[112.0563,30.9226],[112.0458,30.9178],[111.8916,30.8757],[111.8506,30.8675],[111.8215,30.8634],[111.7794,30.8548],[111.7257,30.8365],[111.6665,30.8236],[111.6453,30.8178],[111.6336,30.8132],[111.5887,30.791],[111.553,30.7764],[111.5153,30.7575],[111.5065,30.7543],[111.4982,30.7522],[111.4754,30.749],[111.4697,30.747]]}},{"type":"Feature","properties":{"country":"China","line":"郑渝高速铁路","from":"郑州东","to":"襄阳东","dist_km":389.0,"fare_local":193.0,"currency":"CNY","local_per_km":0.4961,"usd_per_km":0.0709,"extra":{"n_fare_points":274,"overlap_trimmed":false},"from_en":"Zhengzhoudong","to_en":"Xiangyangdong","line_en":"Zhengyu High-Speed Railway"},"geometry":{"type":"LineString","coordinates":[[113.7733,34.7602],[113.7744,34.7534],[113.7749,34.7351],[113.7793,34.7222],[113.781,34.7098],[113.7855,34.6913],[113.7841,34.673],[113.7843,34.6686],[113.7864,34.6626],[113.7906,34.657],[113.8124,34.6368],[113.8192,34.6327],[113.8272,34.6296],[113.8383,34.6276],[113.8938,34.6257],[113.9013,34.6244],[113.9083,34.6221],[113.9156,34.6183],[113.9229,34.6124],[113.9281,34.6055],[113.9312,34.5981],[113.9322,34.5928],[113.9323,34.5876],[113.9277,34.5357],[113.9279,34.4668],[113.9273,34.4584],[113.9251,34.4486],[113.9101,34.3994],[113.9017,34.3391],[113.8987,34.3281],[113.8949,34.3205],[113.8878,34.3109],[113.8828,34.3057],[113.8739,34.2989],[113.8615,34.2922],[113.8472,34.2876],[113.8016,34.2767],[113.7518,34.2616],[113.633,34.2163],[113.6212,34.2111],[113.6144,34.2071],[113.6071,34.2019],[113.601,34.1965],[113.591,34.1842],[113.5881,34.1793],[113.5844,34.1709],[113.5799,34.1557],[113.5759,34.1451],[113.559,34.1132],[113.5546,34.1064],[113.5477,34.0981],[113.5354,34.0874],[113.5218,34.079],[113.5103,34.0741],[113.5005,34.071],[113.469,34.0631],[113.428,34.0496],[113.4165,34.0436],[113.399,34.0308],[113.3921,34.0267],[113.3834,34.0227],[113.3585,34.0135],[113.335,34.0004],[113.3164,33.9924],[113.3056,33.9864],[113.2925,33.9764],[113.2719,33.9533],[113.2539,33.9348],[113.2476,33.9294],[113.2383,33.9229],[113.2319,33.9193],[113.2042,33.9073],[113.1943,33.9022],[113.136,33.8625],[113.1263,33.855],[113.1116,33.8401],[113.1042,33.8339],[113.0596,33.8049],[113.0508,33.7971],[113.0426,33.7873],[113.0361,33.7765],[113.0227,33.7498],[113.0201,33.7431],[113.0186,33.7366],[113.018,33.7237],[113.0216,33.6952],[113.0221,33.6854],[113.0213,33.6766],[113.0152,33.6361],[113.0143,33.6027],[113.0111,33.5802],[113.0013,33.5426],[113.0,33.5238],[112.9985,33.5134],[112.9902,33.4879],[112.9885,33.4784],[112.9883,33.4661],[112.9913,33.4432],[112.9908,33.4128],[112.9851,33.3663],[112.9808,33.3462],[112.9779,33.321],[112.9711,33.284],[112.9662,33.2701],[112.9606,33.2604],[112.9529,33.2506],[112.8996,33.1941],[112.8882,33.1849],[112.8669,33.1726],[112.8625,33.1695],[112.8519,33.1596],[112.8468,33.1528],[112.8317,33.1235],[112.8255,33.1128],[112.7868,33.0664],[112.7821,33.0616],[112.7729,33.0541],[112.7542,33.0419],[112.7442,33.0341],[112.6318,32.9289],[112.6223,32.9207],[112.6081,32.9118],[112.552,32.885],[112.5325,32.8725],[112.5241,32.8659],[112.4749,32.8166],[112.455,32.798],[112.4489,32.7901],[112.4387,32.7722],[112.4347,32.7664],[112.4277,32.7586],[112.4114,32.7429],[112.3987,32.7246],[112.3897,32.7146],[112.3794,32.7066],[112.3553,32.6923],[112.3502,32.6882],[112.3287,32.6683],[112.292,32.6409],[112.2836,32.6336],[112.2781,32.6276],[112.2716,32.6182],[112.2545,32.5843],[112.2512,32.5748],[112.2498,32.5688],[112.2487,32.5589],[112.2488,32.5525],[112.2555,32.499],[112.2574,32.4886],[112.2968,32.3764],[112.3248,32.3233],[112.3298,32.311],[112.335,32.2856],[112.3427,32.2636],[112.3461,32.2519],[112.3704,32.1092],[112.3699,32.0977],[112.3667,32.0862],[112.3607,32.0748],[112.3556,32.0681],[112.3497,32.0622],[112.3441,32.0577],[112.2904,32.0164]]}},{"type":"Feature","properties":{"country":"China","line":"郑渝高速铁路","from":"襄阳东","to":"万州北","dist_km":434.0,"fare_local":215.0,"currency":"CNY","local_per_km":0.4954,"usd_per_km":0.0708,"extra":{"n_fare_points":218,"overlap_trimmed":false},"from_en":"Xiangyangdong","to_en":"Wanzhoubei","line_en":"Zhengyu High-Speed Railway"},"geometry":{"type":"LineString","coordinates":[[112.2904,32.0164],[112.2371,31.9746],[112.2294,31.9671],[112.2019,31.9299],[112.1991,31.9247],[112.1899,31.9031],[112.184,31.8936],[112.1757,31.885],[112.1455,31.8591],[112.1398,31.8549],[112.1296,31.8492],[112.12,31.8456],[112.0027,31.8118],[111.9442,31.8032],[111.9316,31.8018],[111.9195,31.8019],[111.8835,31.8039],[111.8422,31.8032],[111.832,31.8039],[111.8222,31.8057],[111.7971,31.8137],[111.7883,31.8157],[111.7777,31.817],[111.7672,31.8169],[111.7552,31.8153],[111.7441,31.8121],[111.6984,31.791],[111.6895,31.788],[111.6795,31.7858],[111.6431,31.7834],[111.6177,31.7834],[111.5927,31.7793],[111.5815,31.7786],[111.5019,31.785],[111.4874,31.7848],[111.4776,31.7833],[111.4457,31.7756],[111.3667,31.7665],[111.3115,31.75],[111.2964,31.7472],[111.2849,31.7468],[111.2575,31.7484],[111.2113,31.7438],[111.1875,31.7428],[111.0791,31.7477],[110.9871,31.746],[110.979,31.7453],[110.9699,31.7436],[110.9621,31.7413],[110.9538,31.7379],[110.9438,31.7323],[110.933,31.723],[110.926,31.7144],[110.9202,31.7036],[110.9178,31.6964],[110.9166,31.6903],[110.9136,31.6547],[110.9116,31.6395],[110.9044,31.6064],[110.8973,31.5888],[110.8481,31.4886],[110.8435,31.474],[110.8337,31.4295],[110.8305,31.4211],[110.8253,31.4123],[110.8204,31.4063],[110.7664,31.347],[110.7556,31.3361],[110.7341,31.3181],[110.7242,31.3109],[110.7158,31.3063],[110.6947,31.2972],[110.6825,31.2893],[110.6743,31.2815],[110.6604,31.2643],[110.5899,31.1955],[110.5841,31.1908],[110.5768,31.1863],[110.5698,31.1829],[110.5614,31.1799],[110.5523,31.1777],[110.5422,31.1766],[110.4442,31.174],[110.364,31.1609],[110.3426,31.155],[110.3286,31.1531],[110.2849,31.1528],[110.1793,31.1648],[110.1709,31.1652],[110.1614,31.1646],[110.152,31.1629],[110.1422,31.1599],[110.0434,31.1195],[110.0266,31.1153],[110.0088,31.1135],[109.9935,31.114],[109.9781,31.1166],[109.8023,31.1608],[109.7924,31.1622],[109.7822,31.1629],[109.7718,31.1627],[109.7616,31.1616],[109.7483,31.1589],[109.7361,31.1549],[109.6394,31.1138],[109.579,31.0954],[109.5673,31.0911],[109.5505,31.0822],[109.5095,31.0542],[109.5006,31.0496],[109.4927,31.0467],[109.4843,31.0446],[109.4758,31.0434],[109.4206,31.0409],[109.4105,31.0396],[109.3486,31.0232],[109.1927,30.9914],[109.1729,30.9899],[109.1338,30.9918],[109.1211,30.9915],[109.1069,30.9896],[109.0798,30.9835],[109.0481,30.9802],[109.0374,30.9797],[109.0276,30.9802],[109.0164,30.9816],[108.9688,30.9919],[108.9578,30.993],[108.9463,30.9931],[108.9298,30.9913],[108.865,30.9785],[108.85,30.9774],[108.8404,30.9781],[108.7987,30.9841],[108.7882,30.9873],[108.7664,30.9966],[108.7515,31.0001],[108.7412,31.0009],[108.7079,31.0003],[108.6926,30.9986],[108.6838,30.9962],[108.5792,30.9611],[108.5049,30.9341],[108.495,30.9295],[108.4865,30.9246],[108.4502,30.898],[108.4343,30.8884],[108.4153,30.8806],[108.3621,30.8656]]}},{"type":"Feature","properties":{"country":"China","line":"郑渝高速铁路","from":"万州北","to":"重庆北","dist_km":240.0,"fare_local":108.0,"currency":"CNY","local_per_km":0.45,"usd_per_km":0.0643,"extra":{"n_fare_points":461,"overlap_trimmed":false},"from_en":"Wanzhoubei","to_en":"Chongqingbei","line_en":"Zhengyu High-Speed Railway"},"geometry":{"type":"LineString","coordinates":[[108.3621,30.8656],[108.3274,30.8557],[108.2656,30.835],[108.2554,30.8312],[108.2314,30.8207],[108.2172,30.8131],[108.1959,30.7986],[108.176,30.7878],[108.154,30.7711],[108.127,30.7544],[108.1164,30.749],[108.1057,30.7451],[108.0914,30.742],[108.0761,30.7412],[107.9582,30.7497],[107.947,30.7498],[107.9353,30.7489],[107.9208,30.7461],[107.9073,30.7417],[107.8598,30.7199],[107.8453,30.7115],[107.8283,30.699],[107.823,30.6939],[107.8184,30.6872],[107.8122,30.6738],[107.8091,30.6695],[107.8053,30.6659],[107.8003,30.6624],[107.7867,30.6558],[107.7381,30.6282],[107.7104,30.6089],[107.6997,30.5995],[107.6755,30.5694],[107.665,30.5588],[107.6563,30.5523],[107.6259,30.5333],[107.6144,30.5254],[107.5775,30.497],[107.559,30.4808],[107.5375,30.4662],[107.4925,30.4316],[107.4825,30.4218],[107.4154,30.3442],[107.4044,30.3329],[107.3168,30.2661],[107.3107,30.261],[107.3037,30.2537],[107.2978,30.2458],[107.2106,30.1137],[107.2052,30.1038],[107.2018,30.0957],[107.1931,30.0612],[107.1913,30.0476],[107.1924,30.034],[107.1997,30.0061],[107.2014,29.9946],[107.2013,29.9842],[107.1983,29.9551],[107.1966,29.9472],[107.194,29.941],[107.1895,29.9344],[107.1839,29.9287],[107.1775,29.9241],[107.1533,29.9108],[107.1318,29.896],[107.1165,29.8887],[107.1094,29.886],[107.0996,29.8837],[107.0899,29.8829],[107.0478,29.8857],[107.0392,29.8856],[107.0297,29.8846],[107.0192,29.8823],[107.0085,29.8785],[106.9988,29.8737],[106.9893,29.8673],[106.9817,29.8605],[106.9756,29.8535],[106.9605,29.8292],[106.9488,29.8146],[106.9453,29.809],[106.9409,29.7995],[106.9334,29.7773],[106.9199,29.7518],[106.9093,29.7276],[106.8945,29.7027],[106.8892,29.6964],[106.8843,29.6922],[106.8645,29.6811],[106.8548,29.6766],[106.8426,29.672],[106.827,29.6674],[106.8095,29.6609],[106.7819,29.6531],[106.7722,29.6524],[106.7495,29.6538],[106.724,29.6517],[106.6747,29.6429],[106.6636,29.643],[106.6461,29.6457],[106.6389,29.6462],[106.6306,29.6457],[106.6182,29.6435],[106.6078,29.6407],[106.581,29.6313],[106.5782,29.6292],[106.5738,29.6239],[106.5667,29.619],[106.5627,29.6133],[106.5608,29.6118],[106.5575,29.6112],[106.5473,29.6123]]}},{"type":"Feature","properties":{"country":"China","line":"沪昆高速铁路","from":"上海虹桥","to":"上饶","dist_km":500.0,"fare_local":249.0,"currency":"CNY","local_per_km":0.498,"usd_per_km":0.0712,"extra":{"n_fare_points":225,"overlap_trimmed":false},"from_en":"Shanghai-Hongqiao","to_en":"Shangrao","line_en":"Hukun High-Speed Railway"},"geometry":{"type":"LineString","coordinates":[[121.3162,31.196],[121.3173,31.1889],[121.3182,31.1733],[121.3195,31.1686],[121.3354,31.1425],[121.3568,31.1129],[121.362,31.1003],[121.3624,31.0963],[121.3616,31.0923],[121.358,31.0864],[121.3419,31.0724],[121.3053,31.0514],[121.2966,31.0452],[121.2706,31.0217],[121.2547,31.0039],[121.2467,30.9966],[121.2382,30.9909],[121.2119,30.9772],[121.2033,30.9716],[121.1944,30.9637],[121.176,30.9429],[121.1691,30.9372],[121.1618,30.9323],[121.1517,30.9275],[121.1108,30.911],[121.0545,30.8797],[121.0122,30.8605],[121.0011,30.854],[120.9721,30.8308],[120.9659,30.824],[120.9552,30.8102],[120.9457,30.8009],[120.9193,30.7807],[120.8919,30.7646],[120.8744,30.7499],[120.8574,30.7376],[120.8506,30.7311],[120.8387,30.7171],[120.8289,30.7089],[120.818,30.7025],[120.7688,30.6804],[120.7304,30.6561],[120.7078,30.6449],[120.6919,30.6358],[120.6769,30.6281],[120.6693,30.6231],[120.6635,30.6183],[120.6413,30.5969],[120.6364,30.5907],[120.6279,30.5775],[120.6226,30.5711],[120.6096,30.5595],[120.6008,30.5529],[120.5931,30.5487],[120.5845,30.5452],[120.5372,30.5318],[120.5278,30.5283],[120.5176,30.5229],[120.5008,30.5112],[120.4749,30.4966],[120.4517,30.4871],[120.4428,30.4827],[120.4132,30.4647],[120.4074,30.4599],[120.3743,30.4281],[120.3366,30.4023],[120.3283,30.3979],[120.3075,30.3899],[120.2653,30.3705],[120.2564,30.3647],[120.2396,30.3513],[120.2333,30.3474],[120.2082,30.3351],[120.2034,30.3318],[120.1994,30.3274],[120.1968,30.3221],[120.1959,30.3165],[120.1964,30.3091],[120.1992,30.3038],[120.2071,30.2958],[120.217,30.2826],[120.2493,30.2637],[120.2536,30.26],[120.2563,30.256],[120.2601,30.2424],[120.2735,30.2135],[120.2767,30.2083],[120.2848,30.1993],[120.2871,30.1951],[120.2936,30.1594],[120.2962,30.1541],[120.3043,30.1411],[120.3088,30.1293],[120.3098,30.125],[120.3098,30.1184],[120.3055,30.0925],[120.3055,30.0749],[120.3021,30.0355],[120.2982,30.0084],[120.2959,29.999],[120.2927,29.9911],[120.2887,29.9835],[120.2765,29.964],[120.2711,29.9501],[120.2692,29.9409],[120.2642,29.9029],[120.2636,29.879],[120.262,29.8696],[120.2566,29.8563],[120.2465,29.84],[120.231,29.8217],[120.2128,29.8043],[120.2,29.7868],[120.1948,29.7779],[120.1884,29.762],[120.1761,29.7174],[120.1736,29.7054],[120.171,29.6519],[120.1719,29.6424],[120.1763,29.6201],[120.1768,29.6067],[120.1755,29.5983],[120.1734,29.5914],[120.1687,29.5817],[120.1629,29.5737],[120.1098,29.5185],[120.0938,29.4997],[120.0871,29.4881],[120.0827,29.4759],[120.0809,29.4634],[120.0801,29.4489],[120.0787,29.4423],[120.0717,29.4258],[120.0599,29.4073],[120.055,29.4007],[120.0424,29.387],[120.0387,29.3808],[120.0335,29.3774],[120.0217,29.3652],[119.987,29.3347],[119.9608,29.3045],[119.9569,29.2992],[119.9537,29.2935],[119.9432,29.2669],[119.9354,29.251],[119.9105,29.2126],[119.9048,29.2054],[119.8978,29.199],[119.8922,29.1949],[119.8824,29.1895],[119.857,29.1793],[119.8152,29.1646],[119.8054,29.162],[119.7855,29.1581],[119.7437,29.1457],[119.7339,29.1421],[119.7044,29.1279],[119.6919,29.1237],[119.6678,29.1193],[119.6515,29.1182],[119.6427,29.117],[119.5611,29.0999],[119.5526,29.0986],[119.5371,29.098],[119.5066,29.1011],[119.4904,29.1008],[119.4076,29.0949],[119.389,29.0926],[119.3779,29.0896],[119.3648,29.0841],[119.2387,29.0183],[119.2317,29.0151],[119.2204,29.0113],[119.2026,29.0081],[119.1013,29.0006],[119.0906,28.9993],[119.0829,28.9976],[119.0731,28.9944],[119.0495,28.9827],[119.0437,28.9801],[119.0338,28.9771],[119.025,28.9753],[119.0158,28.9744],[118.9851,28.9739],[118.9775,28.9727],[118.9686,28.9702],[118.9378,28.9564],[118.9166,28.9434],[118.9054,28.9374],[118.8575,28.9175],[118.8319,28.9056],[118.8202,28.9018],[118.7989,28.8985],[118.7871,28.8956],[118.7751,28.8908],[118.7693,28.8877],[118.7592,28.8807],[118.7358,28.8589],[118.718,28.8436],[118.707,28.8297],[118.6931,28.8136],[118.6843,28.8039],[118.6775,28.7978],[118.6679,28.7915],[118.624,28.7681],[118.6052,28.7601],[118.5911,28.7529],[118.5864,28.7498],[118.5809,28.745],[118.5635,28.7289],[118.5572,28.7241],[118.5473,28.718],[118.5393,28.7142],[118.5272,28.71],[118.4973,28.7041],[118.4583,28.6939],[118.4177,28.6779],[118.4062,28.6747],[118.3716,28.6693],[118.3435,28.6682],[118.3317,28.6669],[118.3186,28.6636],[118.3071,28.6593],[118.2693,28.6406],[118.2399,28.6201],[118.2345,28.6173],[118.2117,28.6084],[118.1989,28.6009],[118.1931,28.5964],[118.1859,28.5893],[118.1672,28.565],[118.1469,28.5473],[118.1268,28.5254],[118.1066,28.5083],[118.0989,28.5032],[118.0788,28.4956],[118.0664,28.4937],[118.0563,28.4935],[118.026,28.496],[118.0084,28.4951],[118.0031,28.4941]]}},{"type":"Feature","properties":{"country":"China","line":"沪昆高速铁路","from":"上饶","to":"南昌西","dist_km":241.0,"fare_local":120.0,"currency":"CNY","local_per_km":0.4979,"usd_per_km":0.0711,"extra":{"n_fare_points":447,"overlap_trimmed":false},"from_en":"Shangrao","to_en":"Nanchangxi Railway Station","line_en":"Hukun High-Speed Railway"},"geometry":{"type":"LineString","coordinates":[[118.0031,28.4941],[117.9987,28.4944],[117.9611,28.491],[117.9548,28.491],[117.9442,28.4918],[117.918,28.4969],[117.9066,28.4978],[117.8854,28.4965],[117.8718,28.4938],[117.8591,28.4889],[117.8498,28.4835],[117.826,28.4657],[117.8115,28.457],[117.8012,28.4498],[117.7802,28.4314],[117.769,28.4241],[117.7602,28.4199],[117.7547,28.4177],[117.742,28.4141],[117.6915,28.4041],[117.6686,28.3983],[117.6395,28.393],[117.6125,28.3872],[117.5957,28.3866],[117.5867,28.3872],[117.5757,28.3891],[117.5672,28.3915],[117.4987,28.4159],[117.4884,28.4178],[117.4792,28.4185],[117.4654,28.4176],[117.427,28.4131],[117.3956,28.4107],[117.3554,28.4034],[117.3355,28.3973],[117.2836,28.3856],[117.2323,28.3792],[117.2218,28.3768],[117.2112,28.3725],[117.2063,28.37],[117.1865,28.3565],[117.1758,28.351],[117.1674,28.3477],[117.1509,28.343],[117.0673,28.3223],[116.99,28.2923],[116.9406,28.2792],[116.9326,28.2776],[116.9206,28.2765],[116.8368,28.2742],[116.8049,28.2771],[116.7764,28.277],[116.7416,28.279],[116.7286,28.2775],[116.7026,28.2714],[116.6741,28.2688],[116.6457,28.2639],[116.6378,28.2635],[116.5758,28.2655],[116.5387,28.2614],[116.5267,28.2612],[116.517,28.2624],[116.5079,28.2646],[116.4805,28.2759],[116.4691,28.2801],[116.4225,28.2901],[116.4139,28.2928],[116.396,28.3004],[116.3857,28.3038],[116.28,28.3312],[116.2709,28.3334],[116.1957,28.3461],[116.1701,28.3472],[116.1541,28.3497],[116.1432,28.3522],[116.1258,28.359],[116.1191,28.3628],[116.1067,28.3719],[116.0988,28.3797],[116.0809,28.4022],[116.0468,28.4326],[116.0367,28.4398],[116.0092,28.4536],[116.0014,28.4568],[115.9422,28.4734],[115.9334,28.4769],[115.9267,28.4805],[115.8938,28.5014],[115.8638,28.5161],[115.8564,28.5204],[115.8519,28.5246],[115.8478,28.5301],[115.8451,28.5362],[115.844,28.5417],[115.8439,28.5465],[115.845,28.5524],[115.852,28.5692],[115.8532,28.5743],[115.8528,28.5836],[115.8508,28.5894],[115.8484,28.5937],[115.8431,28.5999],[115.8358,28.6049],[115.8091,28.6167],[115.7937,28.6223],[115.7877,28.6257]]}},{"type":"Feature","properties":{"country":"China","line":"沪昆高速铁路","from":"南昌西","to":"长沙南","dist_km":342.0,"fare_local":169.0,"currency":"CNY","local_per_km":0.4942,"usd_per_km":0.0706,"extra":{"n_fare_points":618,"overlap_trimmed":false},"from_en":"Nanchangxi Railway Station","to_en":"Changsha South","line_en":"Hukun High-Speed Railway"},"geometry":{"type":"LineString","coordinates":[[115.7877,28.6257],[115.7809,28.6279],[115.7584,28.6379],[115.7336,28.6514],[115.7194,28.6563],[115.7075,28.6581],[115.6952,28.6581],[115.6834,28.6564],[115.6768,28.6546],[115.6682,28.6513],[115.6582,28.6457],[115.5429,28.5695],[115.3951,28.4851],[115.3541,28.457],[115.3179,28.429],[115.2923,28.4123],[115.2844,28.4054],[115.2756,28.3953],[115.2534,28.361],[115.2465,28.3517],[115.2416,28.3466],[115.2234,28.3301],[115.2183,28.3243],[115.2127,28.3161],[115.2019,28.2967],[115.1939,28.2867],[115.1845,28.2783],[115.1557,28.2569],[115.1497,28.2512],[115.1459,28.2466],[115.0912,28.1563],[115.0447,28.1023],[115.0249,28.0755],[115.0097,28.0489],[115.0057,28.0393],[114.999,28.0174],[114.9941,28.006],[114.9916,28.0017],[114.9783,27.9835],[114.9688,27.9732],[114.9295,27.9395],[114.9252,27.9363],[114.8641,27.8992],[114.8481,27.8916],[114.8042,27.875],[114.7905,27.87],[114.7791,27.8671],[114.7691,27.8657],[114.7389,27.8637],[114.6869,27.8549],[114.6434,27.8502],[114.6302,27.847],[114.6196,27.8425],[114.6073,27.8345],[114.5718,27.8009],[114.5629,27.7953],[114.5571,27.7926],[114.5445,27.7886],[114.5363,27.7871],[114.5236,27.7866],[114.4653,27.7933],[114.4557,27.7938],[114.4483,27.7934],[114.4135,27.7888],[114.3888,27.7886],[114.381,27.7877],[114.3726,27.7856],[114.3447,27.7748],[114.3344,27.7722],[114.3233,27.7705],[114.3036,27.7685],[114.2919,27.7658],[114.2787,27.7602],[114.245,27.7405],[114.2229,27.7291],[114.2095,27.7227],[114.1733,27.7073],[114.1653,27.7043],[114.1172,27.6894],[114.0893,27.6814],[114.0796,27.6802],[114.0695,27.6801],[114.045,27.6837],[114.0355,27.6842],[113.9525,27.6766],[113.9381,27.6762],[113.929,27.6773],[113.8855,27.6884],[113.8776,27.6895],[113.8677,27.6899],[113.785,27.6826],[113.7433,27.6829],[113.7307,27.6821],[113.721,27.6807],[113.6827,27.6715],[113.6695,27.6698],[113.6617,27.6698],[113.6523,27.6707],[113.641,27.6736],[113.6334,27.6765],[113.6266,27.68],[113.6196,27.6847],[113.5986,27.7034],[113.5922,27.7081],[113.5289,27.742],[113.5189,27.7502],[113.5092,27.7593],[113.4093,27.8381],[113.3986,27.8473],[113.3767,27.8733],[113.3676,27.8864],[113.3048,27.9695],[113.272,28.0203],[113.2571,28.0466],[113.2512,28.0551],[113.1829,28.1291],[113.1741,28.1374],[113.165,28.1439],[113.1242,28.1685],[113.1157,28.1714],[113.0937,28.1755],[113.0848,28.1751],[113.0651,28.1713],[113.0614,28.1695],[113.0592,28.1669],[113.0584,28.1641],[113.0599,28.1501]]}},{"type":"Feature","properties":{"country":"China","line":"沪昆高速铁路","from":"长沙南","to":"怀化南","dist_km":332.0,"fare_local":165.0,"currency":"CNY","local_per_km":0.497,"usd_per_km":0.071,"extra":{"n_fare_points":644,"overlap_trimmed":false},"from_en":"Changsha South","to_en":"Huaihua South Railway Station","line_en":"Hukun High-Speed Railway"},"geometry":{"type":"LineString","coordinates":[[113.0599,28.1501],[113.0609,28.1353],[113.0625,28.125],[113.0625,28.1181],[113.0567,28.0902],[113.0543,28.0634],[113.0525,28.0574],[113.0493,28.0509],[113.0449,28.0447],[113.0389,28.0388],[112.9947,28.0055],[112.9686,27.9839],[112.9622,27.9797],[112.9544,27.9758],[112.9016,27.9551],[112.8853,27.9507],[112.874,27.9492],[112.7194,27.9379],[112.5968,27.9107],[112.573,27.9047],[112.5652,27.9016],[112.5032,27.8735],[112.4782,27.8574],[112.4316,27.833],[112.2921,27.7797],[112.284,27.7776],[112.1876,27.7661],[112.1724,27.7623],[112.1418,27.7505],[112.1351,27.7472],[112.1256,27.7414],[112.0614,27.696],[111.9712,27.6445],[111.9533,27.6372],[111.9046,27.6203],[111.8921,27.6163],[111.882,27.614],[111.8371,27.6064],[111.8216,27.6046],[111.7573,27.606],[111.7435,27.6051],[111.7326,27.6031],[111.7026,27.5949],[111.677,27.5916],[111.6366,27.5833],[111.6152,27.5803],[111.5708,27.5771],[111.5343,27.5758],[111.4877,27.5788],[111.4574,27.5814],[111.4472,27.5831],[111.4398,27.5852],[111.4118,27.6011],[111.4,27.6111],[111.3888,27.6188],[111.3727,27.6258],[111.3516,27.6298],[111.3148,27.6291],[111.3057,27.6298],[111.2943,27.6319],[111.2838,27.635],[111.2761,27.6381],[111.2357,27.6585],[111.223,27.6633],[111.2167,27.6651],[111.207,27.6667],[111.1907,27.6669],[111.182,27.6659],[111.1728,27.6638],[111.1382,27.653],[111.0476,27.6266],[111.0168,27.6185],[110.9806,27.6077],[110.907,27.5909],[110.8947,27.59],[110.8811,27.5904],[110.8304,27.598],[110.789,27.6074],[110.7578,27.6112],[110.6861,27.6172],[110.632,27.6172],[110.606,27.6124],[110.5843,27.6072],[110.527,27.5962],[110.4403,27.5889],[110.3332,27.5756],[110.298,27.5702],[110.2771,27.5658],[110.272,27.5641],[110.1938,27.5326],[110.181,27.5296],[110.1531,27.5245],[110.1089,27.5209],[110.0433,27.5232],[110.027,27.5232],[110.0108,27.5208],[109.9836,27.5135],[109.9888,27.5155]]}},{"type":"Feature","properties":{"country":"China","line":"沪昆高速铁路","from":"怀化南","to":"贵阳北","dist_km":374.0,"fare_local":180.0,"currency":"CNY","local_per_km":0.4813,"usd_per_km":0.0688,"extra":{"n_fare_points":397,"overlap_trimmed":false},"from_en":"Huaihua South Railway Station","to_en":"Guiyangbei","line_en":"Hukun High-Speed Railway"},"geometry":{"type":"LineString","coordinates":[[109.9888,27.5155],[109.9828,27.5132],[109.9489,27.5041],[109.9309,27.5005],[109.9193,27.4998],[109.8913,27.4999],[109.8799,27.4983],[109.8437,27.4911],[109.8348,27.49],[109.7634,27.4847],[109.7356,27.4849],[109.7209,27.4832],[109.7044,27.4787],[109.6316,27.4495],[109.622,27.4464],[109.6106,27.4442],[109.5974,27.4433],[109.5621,27.4436],[109.4824,27.4363],[109.4461,27.4376],[109.3928,27.4417],[109.3843,27.4416],[109.3738,27.4405],[109.3628,27.438],[109.3307,27.4288],[109.251,27.4111],[109.2291,27.4047],[109.1893,27.3966],[109.1572,27.3932],[109.1447,27.3908],[109.1016,27.3778],[109.0901,27.3731],[109.0769,27.3653],[109.0377,27.3378],[109.0075,27.321],[109.0017,27.3173],[108.9939,27.3112],[108.984,27.3008],[108.9586,27.2651],[108.9475,27.2469],[108.9399,27.2386],[108.9099,27.2166],[108.8587,27.1687],[108.8113,27.1292],[108.75,27.0655],[108.7358,27.0495],[108.7091,27.0229],[108.6785,26.9979],[108.6361,26.9586],[108.6258,26.9508],[108.614,26.9443],[108.5353,26.9103],[108.4394,26.8766],[108.3869,26.8477],[108.3755,26.8406],[108.3414,26.8144],[108.3209,26.8032],[108.3003,26.7932],[108.2386,26.7527],[108.2193,26.7415],[108.2079,26.7363],[108.1746,26.7146],[108.1613,26.702],[108.118,26.6477],[108.113,26.6421],[108.1072,26.6369],[108.1003,26.6317],[108.0486,26.6003],[108.0389,26.5937],[107.9973,26.5607],[107.9734,26.5471],[107.9385,26.5373],[107.8614,26.5085],[107.8513,26.5054],[107.8367,26.5028],[107.8208,26.5024],[107.7476,26.5115],[107.7393,26.5126],[107.723,26.5165],[107.6478,26.5316],[107.6381,26.5341],[107.6244,26.539],[107.5768,26.5577],[107.5503,26.5687],[107.5388,26.5719],[107.5174,26.5759],[107.4949,26.5791],[107.4719,26.5806],[107.4504,26.5798],[107.4101,26.5704],[107.3897,26.5688],[107.3728,26.5685],[107.3442,26.5731],[107.3061,26.5802],[107.2937,26.5836],[107.2774,26.591],[107.2697,26.5928],[107.2427,26.5961],[107.2187,26.5958],[107.1972,26.5966],[107.1631,26.604],[107.1493,26.606],[107.0859,26.6074],[107.071,26.6093],[107.0015,26.6121],[106.9572,26.6174],[106.8921,26.6283],[106.7999,26.6554],[106.7186,26.672],[106.7119,26.672],[106.7057,26.6704],[106.7009,26.668],[106.697,26.6647],[106.6922,26.6585],[106.6815,26.6419],[106.6725,26.6228]]}},{"type":"Feature","properties":{"country":"China","line":"沪昆高速铁路","from":"贵阳北","to":"昆明南","dist_km":463.0,"fare_local":215.0,"currency":"CNY","local_per_km":0.4644,"usd_per_km":0.0664,"extra":{"n_fare_points":398,"overlap_trimmed":false},"from_en":"Guiyangbei","to_en":"Kunmingnan","line_en":"Hukun High-Speed Railway"},"geometry":{"type":"LineString","coordinates":[[106.6725,26.6228],[106.6724,26.6157],[106.6704,26.6053],[106.6653,26.5978],[106.6614,26.5867],[106.6583,26.5826],[106.6552,26.5804],[106.6461,26.5763],[106.6369,26.5752],[106.6147,26.5789],[106.6005,26.5834],[106.5957,26.5838],[106.5898,26.5828],[106.5842,26.5804],[106.5692,26.5689],[106.5418,26.5532],[106.5329,26.5466],[106.5234,26.5362],[106.4941,26.4942],[106.4705,26.4499],[106.4635,26.4395],[106.4562,26.4312],[106.4492,26.4249],[106.4419,26.4195],[106.4334,26.4145],[106.3977,26.3967],[106.3833,26.3917],[106.368,26.3886],[106.3165,26.3852],[106.274,26.3875],[106.2228,26.3874],[106.2054,26.3849],[106.1952,26.382],[106.1873,26.3789],[106.174,26.3719],[106.1566,26.359],[106.1429,26.3502],[106.134,26.3461],[106.1016,26.3337],[106.0918,26.3286],[106.0825,26.3222],[106.0735,26.3142],[106.0671,26.3067],[106.0441,26.2708],[106.0393,26.2647],[106.0332,26.2587],[106.027,26.2536],[106.0145,26.2461],[105.9821,26.2294],[105.9669,26.2238],[105.954,26.221],[105.9137,26.2166],[105.9043,26.2146],[105.8902,26.2098],[105.8561,26.1936],[105.842,26.1849],[105.8311,26.1754],[105.8056,26.1494],[105.7855,26.136],[105.7655,26.1268],[105.7353,26.1168],[105.6966,26.1002],[105.6881,26.0958],[105.6679,26.0835],[105.6535,26.0774],[105.6423,26.0742],[105.6351,26.0731],[105.6158,26.0718],[105.6068,26.0704],[105.5973,26.0677],[105.5867,26.0629],[105.579,26.0579],[105.5709,26.0514],[105.5647,26.0439],[105.5519,26.022],[105.5317,25.9813],[105.5118,25.9467],[105.5062,25.9401],[105.4985,25.9335],[105.4912,25.9289],[105.4827,25.925],[105.474,25.9224],[105.4657,25.921],[105.4571,25.9207],[105.4461,25.9217],[105.4382,25.9235],[105.4315,25.9259],[105.4114,25.9356],[105.4043,25.9384],[105.3302,25.9614],[105.3179,25.9636],[105.3085,25.9643],[105.2973,25.964],[105.2872,25.9626],[105.2782,25.9604],[105.2672,25.9565],[105.218,25.9322],[105.2103,25.9294],[105.1837,25.9224],[105.173,25.919],[105.1541,25.9097],[105.1467,25.9048],[105.141,25.8996],[105.123,25.8752],[105.1189,25.871],[105.1133,25.8671],[105.1017,25.8614],[105.0893,25.8573],[104.9649,25.8264],[104.8952,25.814],[104.888,25.8123],[104.8402,25.7979],[104.8251,25.7953],[104.8166,25.7945],[104.8073,25.7944],[104.7941,25.7959],[104.7665,25.8026],[104.74,25.8068],[104.7105,25.8078],[104.6985,25.8089],[104.6388,25.8178],[104.6284,25.8181],[104.6184,25.8171],[104.6091,25.8149],[104.6003,25.8116],[104.5324,25.7781],[104.4985,25.7644],[104.4783,25.7584],[104.4702,25.7567],[104.459,25.7557],[104.413,25.7597],[104.3979,25.7598],[104.391,25.759],[104.384,25.7575],[104.3732,25.7539],[104.2949,25.7225],[104.284,25.7192],[104.2448,25.7132],[104.2174,25.7064],[104.1984,25.7029],[104.1842,25.702],[104.1523,25.7026],[104.1406,25.7017],[104.1299,25.6999],[104.086,25.6895],[104.0442,25.6758],[104.0331,25.6729],[103.9728,25.6583],[103.9014,25.6437],[103.8622,25.6304],[103.8363,25.625],[103.8221,25.6206],[103.8132,25.617],[103.8048,25.6123],[103.7979,25.6075],[103.7644,25.5789],[103.7453,25.5638],[103.7169,25.5504],[103.7055,25.544],[103.6495,25.5051],[103.6359,25.4969],[103.6242,25.492],[103.6024,25.485],[103.5709,25.4694],[103.5443,25.459],[103.5347,25.4536],[103.4941,25.4249],[103.4872,25.421],[103.4671,25.4117],[103.4371,25.4001],[103.3993,25.3918],[103.3731,25.3823],[103.3592,25.3748],[103.3125,25.3453],[103.2232,25.3022],[103.1877,25.289],[103.1781,25.2841],[103.1672,25.2768],[103.1554,25.2658],[103.0575,25.1541],[103.0475,25.146],[102.9949,25.1118],[102.9854,25.1045],[102.9727,25.0919],[102.9347,25.0507],[102.9154,25.0319],[102.9089,25.0242],[102.9037,25.0163],[102.8987,25.0058],[102.896,24.9975],[102.8916,24.9795],[102.8873,24.9685],[102.8838,24.9623],[102.8612,24.9278],[102.8579,24.92],[102.8569,24.9153],[102.8545,24.8876],[102.857,24.8796],[102.8604,24.8734]]}},{"type":"Feature","properties":{"country":"China","line":"成渝高速铁路","from":"成都东","to":"内江北","dist_km":153.0,"fare_local":77.0,"currency":"CNY","local_per_km":0.5033,"usd_per_km":0.0719,"extra":{"n_fare_points":403,"overlap_trimmed":false},"from_en":"Chengdudong","to_en":"Neijiangbei","line_en":"Chengyu High-Speed Railway"},"geometry":{"type":"LineString","coordinates":[[104.1389,30.6313],[104.136,30.6252],[104.1296,30.6169],[104.126,30.6108],[104.123,30.6085],[104.1163,30.6069],[104.1142,30.6057],[104.1124,30.6029],[104.1128,30.5996],[104.125,30.5879],[104.1279,30.5843],[104.1546,30.5419],[104.1616,30.533],[104.1915,30.503],[104.2017,30.4945],[104.2125,30.4877],[104.2207,30.4838],[104.332,30.4378],[104.4056,30.4132],[104.4783,30.3845],[104.4877,30.3795],[104.4984,30.372],[104.5277,30.344],[104.5336,30.337],[104.5395,30.328],[104.5659,30.2742],[104.5897,30.2364],[104.5987,30.2256],[104.6535,30.168],[104.6605,30.1587],[104.6925,30.1115],[104.6976,30.1023],[104.7007,30.0943],[104.7312,30.0089],[104.7571,29.9507],[104.8344,29.8365],[104.8454,29.8219],[104.8533,29.8142],[104.9058,29.7695],[104.9301,29.7431],[104.9867,29.6866],[105.0456,29.643],[105.0657,29.6253],[105.0822,29.6124]]}},{"type":"Feature","properties":{"country":"China","line":"成渝高速铁路","from":"内江北","to":"沙坪坝","dist_km":146.0,"fare_local":79.0,"currency":"CNY","local_per_km":0.5411,"usd_per_km":0.0773,"extra":{"n_fare_points":336,"overlap_trimmed":false},"from_en":"Neijiangbei","to_en":"Shapingba","line_en":"Chengyu High-Speed Railway"},"geometry":{"type":"LineString","coordinates":[[105.0822,29.6124],[105.1017,29.5968],[105.1442,29.5571],[105.1938,29.5228],[105.2239,29.5059],[105.2549,29.4839],[105.2667,29.4769],[105.2765,29.4728],[105.3123,29.46],[105.3223,29.4576],[105.3365,29.4559],[105.4757,29.4514],[105.5068,29.4515],[105.5749,29.4476],[105.5859,29.4461],[105.6113,29.4403],[105.6631,29.4316],[105.7206,29.428],[105.7611,29.4188],[105.8258,29.3996],[105.8338,29.3965],[105.8412,29.3927],[105.8589,29.3803],[105.8708,29.3741],[105.8786,29.3713],[105.8874,29.3691],[105.8993,29.3678],[105.9095,29.3682],[105.9169,29.3691],[105.978,29.3816],[106.0631,29.4141],[106.1395,29.4526],[106.2372,29.5171],[106.2473,29.5224],[106.2611,29.5275],[106.2777,29.5327],[106.2893,29.5355],[106.3637,29.5474],[106.3931,29.5542],[106.431,29.5606],[106.438,29.561],[106.442,29.56],[106.4474,29.557],[106.4562,29.5568]]}},{"type":"Feature","properties":{"country":"China","line":"渝厦高速铁路","from":"重庆东","to":"张家界西","dist_km":440.0,"fare_local":217.0,"currency":"CNY","local_per_km":0.4932,"usd_per_km":0.0705,"extra":{"n_fare_points":190,"overlap_trimmed":false},"from_en":"Chongqingdong","to_en":"Zhangjiajiexi","line_en":"Yusha High-Speed Railway"},"geometry":{"type":"LineString","coordinates":[[106.6692,29.4871],[106.6649,29.482],[106.6554,29.4645],[106.6551,29.4616],[106.6559,29.4579],[106.6581,29.4541],[106.6603,29.4518],[106.7294,29.4116],[106.7783,29.3783],[106.8095,29.3612],[106.8172,29.3564],[106.8642,29.3221],[106.87,29.317],[106.9006,29.2864],[106.9306,29.2651],[106.9578,29.251],[107.0423,29.1996],[107.0573,29.1926],[107.0694,29.1892],[107.0796,29.1879],[107.1413,29.1868],[107.1524,29.1881],[107.2153,29.1996],[107.2246,29.2023],[107.2368,29.2086],[107.2502,29.219],[107.2596,29.2302],[107.2639,29.2373],[107.2916,29.2898],[107.2996,29.3015],[107.3053,29.3074],[107.314,29.3144],[107.3218,29.3195],[107.3591,29.3395],[107.3733,29.3456],[107.3856,29.3481],[107.4023,29.3497],[107.5106,29.3522],[107.6304,29.3694],[107.641,29.3704],[107.6496,29.37],[107.6674,29.3663],[107.676,29.3628],[107.6829,29.3592],[107.6914,29.3529],[107.7311,29.3171],[107.7403,29.311],[107.7495,29.3067],[107.7637,29.3023],[107.7731,29.3006],[107.834,29.2984],[107.844,29.2985],[107.8532,29.2998],[107.8631,29.3022],[107.928,29.3218],[107.9515,29.3281],[107.9639,29.3341],[107.9888,29.351],[107.9966,29.3556],[108.0084,29.3603],[108.0199,29.3628],[108.0305,29.3629],[108.0389,29.3614],[108.1037,29.3419],[108.1615,29.3293],[108.1747,29.3282],[108.1847,29.3284],[108.1948,29.3299],[108.2058,29.3327],[108.2198,29.338],[108.2376,29.3465],[108.2505,29.355],[108.2622,29.3662],[108.2982,29.4091],[108.3042,29.4154],[108.3107,29.4212],[108.347,29.4493],[108.3563,29.4552],[108.3642,29.4588],[108.3709,29.461],[108.3823,29.4634],[108.3904,29.4641],[108.4223,29.4641],[108.4923,29.4701],[108.5286,29.4709],[108.557,29.4727],[108.6109,29.4681],[108.7043,29.4697],[108.7144,29.4694],[108.722,29.4685],[108.7292,29.4667],[108.778,29.4506],[108.8017,29.4365],[108.8048,29.4354],[108.8084,29.4353],[108.8125,29.4367],[108.8151,29.4383],[108.8199,29.4458],[108.8214,29.4565],[108.8206,29.4617],[108.8184,29.467],[108.8165,29.4752],[108.8169,29.4987],[108.8177,29.5012],[108.8334,29.5277],[108.84,29.5366],[108.8493,29.5448],[108.8743,29.5556],[108.9069,29.5859],[108.9177,29.5918],[108.9346,29.5982],[108.9434,29.5998],[108.9534,29.6],[108.9609,29.5988],[108.9697,29.5959],[108.9906,29.5839],[108.9962,29.5816],[109.0046,29.5798],[109.0111,29.5793],[109.0177,29.5797],[109.0269,29.5817],[109.0357,29.5853],[109.0665,29.6058],[109.0732,29.6095],[109.0833,29.6119],[109.0911,29.6131],[109.0961,29.6132],[109.1013,29.6126],[109.1092,29.6104],[109.1209,29.6054],[109.1396,29.5989],[109.1527,29.5933],[109.1841,29.5778],[109.1959,29.5742],[109.2162,29.5628],[109.2263,29.559],[109.2344,29.5569],[109.2531,29.5559],[109.2636,29.5536],[109.2785,29.5459],[109.3059,29.5286],[109.3224,29.5231],[109.3321,29.5213],[109.3673,29.5207],[109.4117,29.5244],[109.4226,29.5229],[109.4339,29.5186],[109.4416,29.5135],[109.4485,29.5065],[109.4786,29.465],[109.4855,29.4534],[109.4933,29.4428],[109.5007,29.4289],[109.5043,29.4235],[109.5363,29.3905],[109.5441,29.384],[109.5642,29.3697],[109.5827,29.362],[109.5963,29.3574],[109.6055,29.3565],[109.6265,29.3582],[109.6434,29.3564],[109.6601,29.3557],[109.6775,29.3541],[109.7317,29.3521],[109.775,29.3544],[109.8363,29.3549],[109.8466,29.3556],[109.8734,29.3594],[109.8887,29.3604],[109.9298,29.3597],[110.0015,29.3482],[110.0107,29.3457],[110.026,29.3399],[110.034,29.3385],[110.0415,29.3383],[110.0511,29.3394],[110.061,29.3424],[110.111,29.3677],[110.1177,29.3703],[110.1239,29.372],[110.1346,29.3737],[110.1538,29.3759],[110.1586,29.3755],[110.1669,29.3731],[110.1847,29.364],[110.1926,29.3613],[110.2064,29.3587],[110.2229,29.3566],[110.2305,29.3546],[110.2412,29.3497],[110.2493,29.3475],[110.2669,29.3457],[110.2753,29.3438],[110.2843,29.3395],[110.3065,29.3244],[110.3135,29.3184],[110.3206,29.3103],[110.3401,29.2786],[110.347,29.2698],[110.3543,29.2627],[110.3766,29.2436],[110.3844,29.2386],[110.4034,29.2286],[110.4169,29.2189],[110.4295,29.2059],[110.455,29.1728],[110.458,29.1714]]}},{"type":"Feature","properties":{"country":"China","line":"渝厦高速铁路","from":"张家界西","to":"长沙","dist_km":317.0,"fare_local":166.0,"currency":"CNY","local_per_km":0.5237,"usd_per_km":0.0748,"extra":{"n_fare_points":349,"overlap_trimmed":false},"from_en":"Zhangjiajiexi","to_en":"Changsha","line_en":"Yusha High-Speed Railway"},"geometry":{"type":"LineString","coordinates":[[110.458,29.1714],[110.4607,29.1653],[110.47,29.1533],[110.4773,29.1477],[110.4814,29.1456],[110.4922,29.1428],[110.5046,29.1418],[110.517,29.1419],[110.5472,29.145],[110.571,29.1485],[110.5974,29.155],[110.6027,29.1569],[110.6088,29.16],[110.6385,29.1833],[110.6454,29.1873],[110.6499,29.1889],[110.6558,29.1901],[110.6629,29.1901],[110.6739,29.1888],[110.6822,29.185],[110.6906,29.1783],[110.6972,29.1749],[110.763,29.1507],[110.8045,29.1307],[110.844,29.1092],[110.9657,29.0575],[110.9761,29.0507],[111.0011,29.0292],[111.0125,29.0182],[111.0279,29.0063],[111.0339,29.0024],[111.0919,28.9732],[111.1435,28.9516],[111.1572,28.9443],[111.1633,28.9423],[111.1801,28.9403],[111.2177,28.9331],[111.2597,28.9208],[111.2817,28.9182],[111.3094,28.9126],[111.3442,28.9076],[111.3726,28.9057],[111.4019,28.9088],[111.4098,28.9102],[111.4162,28.9123],[111.4219,28.9151],[111.428,28.9194],[111.4331,28.9241],[111.4382,28.9313],[111.4459,28.9466],[111.468,28.9981],[111.4752,29.0095],[111.4954,29.0304],[111.5018,29.0363],[111.5239,29.0512],[111.5324,29.0559],[111.5408,29.0591],[111.5664,29.0657],[111.6109,29.0835],[111.6214,29.0858],[111.6297,29.0858],[111.6574,29.0827],[111.7045,29.0713],[111.7087,29.0688],[111.711,29.0662],[111.7237,29.0437],[111.7255,29.0358],[111.7254,29.0143],[111.7277,29.0079],[111.7319,29.002],[111.736,28.9984],[111.7422,28.9952],[111.7737,28.987],[111.7823,28.9832],[111.7916,28.9775],[111.7991,28.9713],[111.8349,28.9369],[111.858,28.9079],[111.9008,28.8681],[111.912,28.8591],[111.9206,28.8536],[111.9598,28.8348],[111.9682,28.8293],[111.9735,28.8248],[111.98,28.8178],[111.9874,28.8061],[111.9909,28.7966],[111.9966,28.7726],[111.999,28.7659],[112.0017,28.7602],[112.009,28.7481],[112.0124,28.743],[112.017,28.7378],[112.0226,28.7324],[112.059,28.7029],[112.0709,28.6926],[112.0971,28.6681],[112.1087,28.6584],[112.1504,28.6273],[112.155,28.6231],[112.1713,28.6044],[112.209,28.572],[112.2357,28.5422],[112.2433,28.5356],[112.2483,28.5319],[112.2563,28.5274],[112.2669,28.5231],[112.2761,28.5208],[112.2873,28.5195],[112.3445,28.5168],[112.3577,28.5148],[112.3681,28.5113],[112.3773,28.5067],[112.3855,28.5012],[112.3912,28.4963],[112.3977,28.4891],[112.4026,28.4813],[112.4253,28.433],[112.4425,28.409],[112.4472,28.4003],[112.4508,28.3884],[112.4533,28.3692],[112.4546,28.3637],[112.4579,28.355],[112.4648,28.3418],[112.4733,28.3293],[112.4791,28.3232],[112.4889,28.3153],[112.4995,28.3091],[112.511,28.3046],[112.5433,28.2963],[112.5541,28.2942],[112.564,28.2935],[112.6324,28.294],[112.6484,28.2923],[112.671,28.2882],[112.7099,28.2838],[112.7387,28.283],[112.7616,28.2811],[112.771,28.2801],[112.7829,28.2777],[112.7939,28.2746],[112.7994,28.2721],[112.8475,28.2547],[112.8684,28.2492],[112.875,28.2458],[112.8873,28.2366],[112.8913,28.2342],[112.9194,28.2335],[112.9356,28.2344],[112.9532,28.2339],[112.9577,28.2328],[112.9665,28.2273],[112.9918,28.2261],[112.9951,28.2253],[113.0074,28.2157],[113.0091,28.2136],[113.0102,28.2088],[113.0088,28.1972]]}},{"type":"Feature","properties":{"country":"China","line":"赣瑞龙铁路","from":"赣州","to":"龙岩","dist_km":271.0,"fare_local":99.0,"currency":"CNY","local_per_km":0.3653,"usd_per_km":0.0522,"extra":{"n_fare_points":63,"overlap_trimmed":false},"from_en":"Ganzhou","to_en":"Longyan","line_en":"Ganruilong Railway"},"geometry":{"type":"LineString","coordinates":[[114.9603,25.8224],[114.9588,25.8322],[114.9595,25.8353],[114.9669,25.8437],[114.9727,25.8479],[114.9767,25.8554],[114.9822,25.8636],[115.01,25.8762],[115.0183,25.8811],[115.022,25.8844],[115.0262,25.887],[115.032,25.8946],[115.0392,25.9059],[115.0497,25.9151],[115.0597,25.9189],[115.0639,25.9229],[115.0674,25.9282],[115.072,25.9324],[115.0877,25.9399],[115.096,25.9422],[115.1005,25.947],[115.1091,25.9514],[115.1269,25.9652],[115.1296,25.9696],[115.1309,25.9792],[115.1329,25.9836],[115.1347,25.9856],[115.1383,25.988],[115.1451,25.9893],[115.1822,25.9864],[115.2298,25.9857],[115.326,25.9773],[115.3523,25.976],[115.3766,25.9766],[115.3989,25.9797],[115.4289,25.9792],[115.4546,25.9802],[115.4901,25.9803],[115.4983,25.9794],[115.5301,25.9727],[115.5585,25.9621],[115.5839,25.9503],[115.6037,25.9436],[115.6273,25.9324],[115.6337,25.93],[115.6522,25.9248],[115.6674,25.9169],[115.6798,25.9091],[115.6857,25.9042],[115.694,25.896],[115.7131,25.8711],[115.7251,25.8614],[115.7378,25.8524],[115.766,25.8344],[115.8069,25.8198],[115.8141,25.8184],[115.8359,25.8195],[115.8434,25.8212],[115.8667,25.833],[115.8732,25.8349],[115.8861,25.8371],[115.8926,25.8392],[115.8983,25.8425],[115.9132,25.8544],[115.9177,25.8571],[115.9247,25.8595],[115.9381,25.862],[115.9528,25.8664],[115.9582,25.8674],[115.9674,25.8673],[115.9803,25.8652],[115.9997,25.8579],[116.0148,25.8535],[116.0211,25.8527],[116.0267,25.8532],[116.0341,25.8555],[116.067,25.8755],[116.0744,25.8784],[116.084,25.8806],[116.1012,25.8816],[116.1098,25.8812],[116.1191,25.88],[116.1361,25.8756],[116.1718,25.8719],[116.1796,25.87],[116.1859,25.8676],[116.211,25.8533],[116.2307,25.8454],[116.2613,25.8308],[116.3009,25.8094],[116.3195,25.7964],[116.3363,25.7863],[116.3414,25.7815],[116.3601,25.7599],[116.3669,25.7489],[116.3814,25.7217],[116.3868,25.7137],[116.4005,25.7008],[116.4089,25.6897],[116.4145,25.6837],[116.4534,25.6558],[116.4589,25.6526],[116.4824,25.6435],[116.5037,25.632],[116.5508,25.5994],[116.557,25.5958],[116.5678,25.5923],[116.6106,25.583],[116.6298,25.5772],[116.6396,25.5715],[116.6499,25.5629],[116.663,25.5491],[116.6671,25.5428],[116.6807,25.5144],[116.6858,25.5005],[116.6978,25.4771],[116.722,25.4386],[116.7361,25.3914],[116.7428,25.3728],[116.756,25.3431],[116.7615,25.3282],[116.7634,25.3104],[116.7654,25.2788],[116.7687,25.2569],[116.7701,25.2092],[116.7695,25.1979],[116.7652,25.178],[116.765,25.1723],[116.7661,25.1671],[116.7684,25.1623],[116.7717,25.1575],[116.7814,25.1506],[116.7913,25.1454],[116.8079,25.1398],[116.8502,25.13],[116.8756,25.1252],[116.8916,25.1202],[116.9055,25.1187],[116.9243,25.1188],[116.9298,25.1181],[116.9369,25.116],[116.9524,25.1079],[116.991,25.1007],[117.0006,25.1]]}},{"type":"Feature","properties":{"country":"China","line":"龙漳铁路","from":"龙岩","to":"漳州","dist_km":114.0,"fare_local":35.0,"currency":"CNY","local_per_km":0.307,"usd_per_km":0.0439,"extra":{"n_fare_points":295,"overlap_trimmed":false},"from_en":"Longyan","to_en":"Zhangzhou Railway Station","line_en":"Longzhang Railway"},"geometry":{"type":"LineString","coordinates":[[117.0006,25.1],[117.0097,25.0987],[117.0119,25.099],[117.015,25.101],[117.0176,25.1074],[117.0195,25.1097],[117.0231,25.1118],[117.0271,25.1123],[117.032,25.111],[117.0405,25.1041],[117.0477,25.1008],[117.0504,25.0983],[117.0514,25.0957],[117.0514,25.0936],[117.0465,25.0778],[117.0455,25.0714],[117.0459,25.0665],[117.0486,25.0558],[117.0482,25.045],[117.0494,25.0355],[117.051,25.0295],[117.0627,24.9993],[117.0706,24.9833],[117.0749,24.9782],[117.0776,24.9761],[117.0929,24.9677],[117.2027,24.9145],[117.2215,24.8983],[117.2354,24.8875],[117.2534,24.8592],[117.2592,24.8531],[117.2815,24.8386],[117.2897,24.8312],[117.2925,24.8275],[117.3023,24.8031],[117.3132,24.7807],[117.3164,24.7706],[117.3246,24.7515],[117.3437,24.7216],[117.3519,24.7054],[117.3674,24.6786],[117.3753,24.6664],[117.382,24.6596],[117.4108,24.6382],[117.4204,24.6266],[117.4248,24.6188],[117.4333,24.5981],[117.449,24.5728],[117.4581,24.555],[117.4653,24.5467],[117.4701,24.5429],[117.4758,24.5397],[117.5187,24.522],[117.525,24.5188],[117.5315,24.5138],[117.5499,24.4955],[117.5585,24.4896],[117.5979,24.475],[117.6026,24.4726],[117.6216,24.4605],[117.6408,24.4523],[117.6547,24.4472],[117.6663,24.4449],[117.6758,24.4452],[117.6806,24.4461],[117.6884,24.4487],[117.7113,24.4598]]}},{"type":"Feature","properties":{"country":"China","line":"昆楚大铁路","from":"昆明","to":"大理","dist_km":328.0,"fare_local":145.0,"currency":"CNY","local_per_km":0.4421,"usd_per_km":0.0632,"extra":{"n_fare_points":565,"overlap_trimmed":false},"from_en":"Kunming","to_en":"Dali","line_en":"Kunchuda Railway"},"geometry":{"type":"LineString","coordinates":[[102.7203,25.0187],[102.7075,25.017],[102.7013,25.0175],[102.6747,25.0342],[102.6716,25.0354],[102.6552,25.0363],[102.6384,25.0299],[102.6358,25.0282],[102.6327,25.0242],[102.6304,25.0163],[102.6245,25.0092],[102.616,24.9897],[102.6135,24.9871],[102.5986,24.9756],[102.597,24.973],[102.5944,24.9653],[102.5927,24.9634],[102.5888,24.9617],[102.5785,24.962],[102.5742,24.9611],[102.5428,24.9453],[102.5316,24.9404],[102.5287,24.9397],[102.5198,24.9413],[102.5044,24.9527],[102.4993,24.9557],[102.4699,24.9663],[102.4533,24.974],[102.3838,24.9968],[102.3567,25.0024],[102.3516,25.0029],[102.3123,25.0021],[102.2895,24.999],[102.2777,24.9982],[102.2685,24.9988],[102.2606,25.0002],[102.2472,25.0045],[102.1392,25.0481],[102.1246,25.0551],[102.1165,25.0604],[102.1027,25.0723],[102.085,25.0925],[102.0698,25.1109],[102.054,25.1348],[102.0435,25.1535],[102.0323,25.1688],[102.0262,25.1743],[102.0184,25.1789],[102.0097,25.1818],[102.0014,25.1831],[101.92,25.183],[101.8659,25.1771],[101.8549,25.1752],[101.7991,25.159],[101.7904,25.1578],[101.7835,25.1584],[101.7773,25.1604],[101.7469,25.176],[101.7427,25.1771],[101.7382,25.1774],[101.7297,25.1767],[101.724,25.1746],[101.7084,25.1668],[101.7007,25.1621],[101.6753,25.1382],[101.6702,25.1341],[101.6425,25.1182],[101.6256,25.1096],[101.6204,25.1046],[101.6146,25.0961],[101.6068,25.0885],[101.602,25.0849],[101.5949,25.0814],[101.5751,25.0753],[101.5655,25.075],[101.5577,25.0768],[101.5291,25.0949],[101.5242,25.0971],[101.5199,25.0982],[101.5156,25.0987],[101.4796,25.099],[101.4581,25.096],[101.4484,25.0966],[101.4215,25.1062],[101.4063,25.1103],[101.384,25.113],[101.3725,25.1174],[101.3555,25.1299],[101.3376,25.141],[101.3235,25.1538],[101.3182,25.1577],[101.2982,25.1671],[101.2744,25.1828],[101.2344,25.1996],[101.2281,25.2029],[101.2041,25.2215],[101.1901,25.2344],[101.1824,25.2395],[101.1766,25.2419],[101.1542,25.2478],[101.1138,25.2606],[101.1065,25.2639],[101.1017,25.2673],[101.0923,25.2762],[101.0362,25.32],[101.0314,25.3233],[101.026,25.326],[101.0165,25.3288],[100.9544,25.3393],[100.9298,25.3455],[100.9157,25.3501],[100.9,25.3557],[100.8851,25.3624],[100.8786,25.3644],[100.8162,25.3771],[100.7986,25.38],[100.7592,25.3893],[100.7512,25.3899],[100.745,25.3894],[100.7275,25.3841],[100.719,25.383],[100.6808,25.3822],[100.6742,25.383],[100.6633,25.3858],[100.6573,25.3884],[100.6521,25.3917],[100.6356,25.4074],[100.6089,25.4248],[100.6035,25.428],[100.5811,25.4374],[100.5758,25.4405],[100.5456,25.4628],[100.5412,25.4667],[100.5306,25.478],[100.5196,25.4853],[100.5086,25.4896],[100.462,25.497],[100.4536,25.499],[100.3781,25.5251],[100.371,25.5281],[100.365,25.5321],[100.3566,25.5431],[100.3524,25.5467],[100.3462,25.5494],[100.3359,25.5509],[100.3324,25.5522],[100.3302,25.5538],[100.3258,25.562],[100.3099,25.5818],[100.3075,25.5858],[100.3057,25.587],[100.3009,25.5884],[100.2831,25.6008],[100.279,25.6017],[100.276,25.6015],[100.2485,25.5919]]}},{"type":"Feature","properties":{"country":"China","line":"南昆高速铁路","from":"南宁","to":"昆明","dist_km":737.0,"fare_local":271.5,"currency":"CNY","local_per_km":0.3684,"usd_per_km":0.0526,"extra":{"n_fare_points":512,"overlap_trimmed":false},"from_en":"Nanning","to_en":"Kunming","line_en":"Nankun High-Speed Railway"},"geometry":{"type":"LineString","coordinates":[[108.3108,22.8302],[108.2952,22.8211],[108.2878,22.7973],[108.2856,22.7948],[108.2683,22.7896],[108.2555,22.7892],[108.2499,22.788],[108.2413,22.7843],[108.2273,22.7757],[108.1942,22.7667],[108.1769,22.7593],[108.1689,22.7576],[108.1599,22.7584],[108.1461,22.7621],[108.1399,22.7646],[108.107,22.7873],[108.0855,22.798],[108.0546,22.8146],[108.0487,22.8189],[108.0429,22.8243],[108.0235,22.8487],[107.9992,22.8706],[107.9545,22.9024],[107.9175,22.9252],[107.911,22.9303],[107.8871,22.9553],[107.8197,23.0178],[107.8081,23.0301],[107.8026,23.0377],[107.7867,23.0633],[107.7546,23.0978],[107.749,23.1026],[107.6898,23.1475],[107.675,23.1611],[107.6562,23.1823],[107.6421,23.2023],[107.6372,23.2142],[107.6328,23.2384],[107.6307,23.2442],[107.6268,23.2513],[107.6221,23.2571],[107.6091,23.2699],[107.5773,23.2988],[107.5701,23.3065],[107.5496,23.332],[107.5403,23.3393],[107.5251,23.3477],[107.4953,23.3708],[107.4847,23.3814],[107.4734,23.3943],[107.4671,23.3994],[107.4529,23.4089],[107.4352,23.4251],[107.3903,23.4596],[107.3765,23.4674],[107.3679,23.4735],[107.3441,23.4987],[107.3269,23.5248],[107.3219,23.5309],[107.3166,23.536],[107.2985,23.5497],[107.2939,23.5538],[107.2763,23.5747],[107.271,23.5798],[107.2573,23.5896],[107.2428,23.6032],[107.2175,23.6237],[107.2012,23.6408],[107.1973,23.6439],[107.1759,23.6555],[107.1676,23.6609],[107.1267,23.6956],[107.1113,23.7068],[107.0931,23.7248],[107.0888,23.7282],[107.0787,23.7341],[107.0534,23.7441],[107.029,23.7566],[107.014,23.7623],[107.0044,23.7638],[106.9533,23.7655],[106.948,23.7662],[106.9149,23.7738],[106.905,23.7783],[106.8976,23.7836],[106.8852,23.796],[106.8782,23.8013],[106.8705,23.8055],[106.8581,23.8104],[106.8403,23.8185],[106.8333,23.8208],[106.8273,23.8219],[106.8058,23.8235],[106.7997,23.8247],[106.7297,23.85],[106.7045,23.8633],[106.6843,23.871],[106.6763,23.8757],[106.6441,23.9029],[106.6266,23.9206],[106.6171,23.9272],[106.6116,23.9294],[106.6016,23.9309],[106.59,23.9315],[106.5765,23.9308],[106.5672,23.9291],[106.5611,23.927],[106.5118,23.899],[106.4744,23.8899],[106.4417,23.8926],[106.4156,23.8941],[106.3822,23.8942],[106.3711,23.893],[106.2381,23.877],[106.2193,23.8727],[106.1629,23.8568],[106.1331,23.8465],[106.1208,23.8412],[106.0908,23.8233],[106.0736,23.8098],[106.0322,23.7736],[106.0122,23.7597],[105.9531,23.7306],[105.9088,23.7071],[105.8889,23.6987],[105.8031,23.6749],[105.7956,23.674],[105.7563,23.6722],[105.7081,23.6611],[105.6842,23.6566],[105.6709,23.6548],[105.6575,23.6539],[105.6286,23.6542],[105.615,23.6568],[105.6081,23.6592],[105.5948,23.6667],[105.5691,23.6887],[105.5637,23.6946],[105.5335,23.7488],[105.5075,23.7858],[105.4939,23.8012],[105.4762,23.8134],[105.4704,23.8166],[105.4557,23.8218],[105.414,23.8323],[105.3213,23.848],[105.2629,23.8644],[105.2546,23.8677],[105.2117,23.895],[105.1791,23.9135],[105.1624,23.9247],[105.1551,23.9306],[105.1294,23.9556],[105.123,23.9628],[105.1187,23.9696],[105.0983,24.0078],[105.0923,24.0156],[105.0849,24.0222],[105.0769,24.0274],[105.0687,24.031],[105.0142,24.0477],[105.0049,24.0498],[104.9953,24.0504],[104.9554,24.0491],[104.8876,24.0435],[104.8649,24.0404],[104.8357,24.0354],[104.8194,24.0322],[104.8111,24.0292],[104.7866,24.0167],[104.7762,24.0127],[104.7536,24.009],[104.7114,23.9984],[104.6476,23.9731],[104.6393,23.9706],[104.6061,23.9649],[104.5517,23.9596],[104.4428,23.9457],[104.4347,23.9457],[104.4156,23.9487],[104.386,23.9504],[104.322,23.9479],[104.3125,23.9487],[104.3031,23.9506],[104.2613,23.9625],[104.229,23.9766],[104.2168,23.979],[104.2104,23.9792],[104.2032,23.9786],[104.1955,23.9769],[104.1337,23.9581],[104.1176,23.9515],[104.1059,23.9444],[104.0882,23.9312],[104.0277,23.8735],[104.0173,23.867],[104.0088,23.8636],[103.9976,23.8615],[103.9542,23.859],[103.8622,23.8465],[103.8532,23.846],[103.8478,23.8463],[103.8381,23.8482],[103.7898,23.8641],[103.7796,23.8693],[103.7719,23.8752],[103.719,23.9286],[103.7097,23.9404],[103.7054,23.9485],[103.7018,23.9582],[103.6872,24.0233],[103.6821,24.035],[103.6749,24.0457],[103.6682,24.0529],[103.6606,24.0592],[103.6007,24.1022],[103.5677,24.1226],[103.5626,24.1265],[103.5562,24.1331],[103.4731,24.2406],[103.4531,24.2712],[103.435,24.2929],[103.4293,24.3019],[103.4227,24.3174],[103.4181,24.3258],[103.3843,24.3705],[103.3795,24.3819],[103.3782,24.3882],[103.3783,24.3935],[103.3995,24.4777],[103.4006,24.4843],[103.4006,24.4908],[103.399,24.4986],[103.3964,24.5036],[103.3927,24.5083],[103.2783,24.6104],[103.2718,24.6179],[103.229,24.675],[103.2216,24.6819],[103.2018,24.6948],[103.1916,24.7029],[103.1843,24.7119],[103.1708,24.7362],[103.1646,24.7445],[103.1066,24.8006],[103.0967,24.8094],[103.0881,24.8144],[103.0712,24.8208],[103.0664,24.8221],[103.0147,24.8309],[103.0041,24.8316],[102.9975,24.8313],[102.9705,24.8255],[102.9621,24.8245],[102.9538,24.8247],[102.9455,24.8259],[102.9335,24.829],[102.9038,24.8393],[102.8939,24.8433],[102.8839,24.8483],[102.8742,24.8548],[102.8685,24.8606],[102.8623,24.8705],[102.8598,24.8773],[102.8584,24.8804],[102.862,24.8697],[102.863,24.8646],[102.855,24.8868],[102.8558,24.9027],[102.8579,24.92],[102.8612,24.9278],[102.8626,24.93],[102.8634,24.9312],[102.8706,24.9422],[102.8713,24.9433],[102.8728,24.9456],[102.8659,24.9347],[102.8655,24.9344],[102.8651,24.9341],[102.8644,24.9336],[102.8631,24.9329],[102.8599,24.9323],[102.857,24.9328],[102.8506,24.9354],[102.8399,24.9374],[102.8221,24.9462],[102.8197,24.9491],[102.8187,24.9516],[102.8144,24.9773],[102.8143,24.9818],[102.8156,24.9905],[102.8154,24.9935],[102.8131,24.9979],[102.8095,25.0006],[102.7943,25.0056],[102.7701,25.0178],[102.749,25.0257],[102.7464,25.0255],[102.7324,25.0192],[102.7203,25.0187]]}},{"type":"Feature","properties":{"country":"China","line":"南广铁路","from":"南宁东","to":"梧州南","dist_km":317.0,"fare_local":141.0,"currency":"CNY","local_per_km":0.4448,"usd_per_km":0.0636,"extra":{"n_fare_points":503,"overlap_trimmed":false},"from_en":"Nanningdong","to_en":"Wuzhounan","line_en":"Nanguang Railway"},"geometry":{"type":"LineString","coordinates":[[108.4099,22.8448],[108.4353,22.8441],[108.4445,22.8449],[108.4668,22.8522],[108.491,22.8572],[108.5115,22.8644],[108.5319,22.869],[108.5415,22.8724],[108.5746,22.8875],[108.586,22.8939],[108.6038,22.9071],[108.6265,22.9214],[108.6502,22.9404],[108.6623,22.949],[108.6892,22.9619],[108.7194,22.9784],[108.7935,23.0104],[108.8152,23.0179],[108.847,23.037],[108.8657,23.0454],[108.8819,23.0538],[108.8996,23.061],[108.9378,23.0789],[108.9458,23.0847],[108.9508,23.0895],[108.9693,23.1113],[108.9769,23.1186],[109.0104,23.1423],[109.0512,23.1775],[109.0583,23.1849],[109.0749,23.2062],[109.098,23.2291],[109.104,23.2335],[109.1101,23.2369],[109.1159,23.2392],[109.1232,23.2411],[109.1315,23.2422],[109.1407,23.2419],[109.1579,23.2391],[109.1661,23.2369],[109.1739,23.2335],[109.1867,23.2265],[109.2295,23.2109],[109.2569,23.1977],[109.275,23.1924],[109.2956,23.1852],[109.3211,23.1788],[109.3588,23.1672],[109.4479,23.1347],[109.4733,23.1219],[109.5021,23.1127],[109.5216,23.1091],[109.5602,23.0994],[109.5667,23.0985],[109.5735,23.0988],[109.5843,23.1009],[109.6082,23.1031],[109.6295,23.1042],[109.6414,23.1029],[109.6455,23.103],[109.6524,23.1043],[109.6584,23.1071],[109.6615,23.1093],[109.664,23.1113],[109.6805,23.1295],[109.6879,23.1363],[109.7051,23.1493],[109.7121,23.1528],[109.7924,23.1872],[109.8334,23.1996],[109.9083,23.2184],[109.9162,23.2212],[109.9253,23.2261],[110.0013,23.2748],[110.0078,23.2784],[110.0153,23.2816],[110.0515,23.2932],[110.1566,23.3372],[110.1768,23.3448],[110.191,23.348],[110.2154,23.3484],[110.2242,23.3493],[110.2498,23.3554],[110.2693,23.3582],[110.276,23.3604],[110.2903,23.3666],[110.2998,23.373],[110.305,23.3781],[110.3169,23.3938],[110.3227,23.3995],[110.3284,23.4038],[110.3377,23.4083],[110.3537,23.4131],[110.393,23.4187],[110.4132,23.4185],[110.4486,23.4217],[110.4653,23.4224],[110.4919,23.4186],[110.5309,23.4162],[110.5656,23.4115],[110.5957,23.4102],[110.6033,23.4087],[110.6233,23.402],[110.6321,23.4007],[110.6405,23.4007],[110.6628,23.4027],[110.6863,23.4001],[110.7083,23.3968],[110.7333,23.3978],[110.7385,23.3974],[110.7652,23.3911],[110.7755,23.388],[110.7821,23.3849],[110.8012,23.373],[110.8152,23.3672],[110.8362,23.3616],[110.8693,23.3461],[110.8766,23.344],[110.9,23.3395],[110.9188,23.3384],[110.9539,23.333],[110.9661,23.3339],[111.0276,23.3432],[111.0433,23.3449],[111.0517,23.3468],[111.0611,23.3507],[111.0804,23.3618],[111.1006,23.3699],[111.1177,23.3784],[111.1394,23.3871],[111.1725,23.3977],[111.1785,23.3987],[111.1883,23.3989],[111.2173,23.3956]]}},{"type":"Feature","properties":{"country":"China","line":"南广铁路","from":"梧州南","to":"广州南","dist_km":246.0,"fare_local":109.0,"currency":"CNY","local_per_km":0.4431,"usd_per_km":0.0633,"extra":{"n_fare_points":497,"overlap_trimmed":false},"from_en":"Wuzhounan","to_en":"Guangzhounan","line_en":"Nanguang Railway"},"geometry":{"type":"LineString","coordinates":[[111.2173,23.3956],[111.2386,23.3926],[111.2471,23.3897],[111.253,23.3868],[111.2593,23.3825],[111.279,23.3662],[111.2855,23.3623],[111.3003,23.3557],[111.3077,23.3516],[111.3371,23.3301],[111.3406,23.328],[111.3608,23.3197],[111.3759,23.3116],[111.3947,23.2981],[111.4077,23.285],[111.4132,23.2803],[111.4294,23.2698],[111.4424,23.2639],[111.449,23.2602],[111.4778,23.236],[111.4832,23.2292],[111.4941,23.2088],[111.4988,23.2022],[111.5173,23.1845],[111.5269,23.1741],[111.531,23.1703],[111.5436,23.1608],[111.5599,23.1448],[111.5723,23.1356],[111.5795,23.1324],[111.5849,23.1302],[111.5917,23.1285],[111.6039,23.1277],[111.6711,23.1363],[111.6872,23.1369],[111.7016,23.1365],[111.723,23.1347],[111.7359,23.1303],[111.7476,23.1249],[111.7597,23.1217],[111.7673,23.1212],[111.8023,23.1223],[111.818,23.1203],[111.8305,23.1201],[111.8367,23.1193],[111.866,23.1098],[111.879,23.1068],[111.8864,23.1044],[111.9021,23.0973],[111.9229,23.0899],[111.9312,23.085],[111.9394,23.0782],[111.9738,23.0603],[111.9805,23.0581],[111.9868,23.0569],[111.9942,23.0563],[112.0125,23.0564],[112.0263,23.054],[112.0452,23.0468],[112.0671,23.0358],[112.0906,23.0224],[112.0958,23.0207],[112.1064,23.0185],[112.1595,23.0123],[112.1715,23.0123],[112.248,23.0254],[112.2665,23.0296],[112.2824,23.0354],[112.2885,23.039],[112.3023,23.0534],[112.312,23.0625],[112.343,23.0859],[112.3567,23.0981],[112.3638,23.1053],[112.3677,23.1086],[112.3734,23.1119],[112.4146,23.1257],[112.4355,23.1306],[112.4427,23.1331],[112.4497,23.1366],[112.5501,23.1999],[112.5603,23.2047],[112.5836,23.2133],[112.5982,23.2223],[112.6072,23.2265],[112.6144,23.2285],[112.6247,23.2292],[112.6324,23.2282],[112.6406,23.2258],[112.6763,23.2077],[112.6855,23.2043],[112.7547,23.1938],[112.7621,23.1916],[112.7758,23.1863],[112.7833,23.1819],[112.7897,23.1765],[112.7942,23.1707],[112.8003,23.1598],[112.8039,23.1546],[112.8155,23.1414],[112.8233,23.1352],[112.8286,23.1324],[112.8458,23.1254],[112.9012,23.0994],[112.9072,23.0976],[112.92,23.0972],[112.9249,23.0963],[112.9302,23.0937],[112.9385,23.0874],[112.9474,23.0843],[112.9553,23.084],[112.9694,23.0883],[112.9756,23.0886],[112.9794,23.0876],[112.9854,23.0845],[113.0006,23.0785],[113.0077,23.0776],[113.0512,23.0862],[113.0547,23.0878],[113.0705,23.0978],[113.0758,23.0997],[113.0802,23.0997],[113.1006,23.0966],[113.1046,23.0951],[113.1136,23.0893],[113.1204,23.088],[113.1251,23.0887],[113.1472,23.096],[113.1617,23.0988],[113.1726,23.1029],[113.1882,23.1029],[113.1915,23.1022],[113.1953,23.1],[113.1981,23.096],[113.2043,23.0695],[113.2126,23.0538],[113.2186,23.0364],[113.22,23.0338],[113.2227,23.0308],[113.2285,23.027],[113.2382,23.0238],[113.2427,23.0209],[113.256,23.0037],[113.264,22.9914]]}},{"type":"Feature","properties":{"country":"China","line":"南珠高速铁路","from":"南宁东","to":"玉林北","dist_km":192.0,"fare_local":93.0,"currency":"CNY","local_per_km":0.4844,"usd_per_km":0.0692,"extra":{"n_fare_points":105,"overlap_trimmed":false},"from_en":"Nanningdong","to_en":"Yulinbei","line_en":"Nanzhu High-Speed Railway"},"geometry":{"type":"LineString","coordinates":[[108.4099,22.8448],[108.4389,22.8442],[108.4468,22.8454],[108.4607,22.8496],[108.4658,22.8496],[108.4703,22.848],[108.4883,22.8379],[108.5072,22.8294],[108.5124,22.8277],[108.5542,22.8232],[108.5799,22.8223],[108.5887,22.8214],[108.5989,22.8189],[108.6193,22.8108],[108.629,22.8081],[108.6807,22.8023],[108.6913,22.8022],[108.7283,22.8043],[108.7546,22.8079],[108.7749,22.809],[108.798,22.8122],[108.8143,22.8115],[108.8459,22.8088],[108.8786,22.8106],[108.8936,22.8131],[108.9272,22.8235],[108.941,22.8251],[108.9519,22.8241],[108.983,22.8193],[109.0165,22.8124],[109.0936,22.8015],[109.1195,22.7967],[109.1285,22.7956],[109.1441,22.7961],[109.1651,22.8001],[109.174,22.801],[109.2137,22.8003],[109.237,22.8015],[109.2462,22.8012],[109.2564,22.7996],[109.2779,22.7935],[109.3187,22.7758],[109.387,22.7527],[109.402,22.7493],[109.4117,22.7485],[109.4375,22.7487],[109.4492,22.7479],[109.4699,22.7444],[109.5018,22.7359],[109.5139,22.7344],[109.5774,22.7348],[109.5888,22.7366],[109.6134,22.7431],[109.6277,22.7447],[109.6398,22.7442],[109.664,22.7406],[109.7065,22.739],[109.7653,22.7285],[109.7982,22.7255],[109.8186,22.7258],[109.8337,22.7243],[109.9063,22.7093],[109.9147,22.7083],[109.9234,22.7083],[109.9325,22.7092],[109.9731,22.717],[110.0029,22.7216],[110.0226,22.7264],[110.0336,22.7277],[110.0418,22.7276],[110.1228,22.7215],[110.2147,22.723],[110.2447,22.7259]]}},{"type":"Feature","properties":{"country":"China","line":"昌福铁路","from":"南昌西","to":"福州","dist_km":547.0,"fare_local":267.0,"currency":"CNY","local_per_km":0.4881,"usd_per_km":0.0697,"extra":{"n_fare_points":274,"overlap_trimmed":false},"from_en":"Nanchangxi Railway Station","to_en":"Fuzhou","line_en":"Changfu Railway"},"geometry":{"type":"LineString","coordinates":[[115.7877,28.6257],[115.7938,28.6236],[115.8379,28.604],[115.8458,28.5976],[115.8509,28.59],[115.8532,28.5828],[115.8535,28.5758],[115.8449,28.5382],[115.8443,28.5244],[115.8458,28.5125],[115.8495,28.4989],[115.8891,28.3806],[115.8911,28.3759],[115.8953,28.3693],[115.8998,28.3643],[115.9046,28.3605],[115.9597,28.3236],[115.9892,28.3024],[116.0491,28.2525],[116.0552,28.2489],[116.0602,28.2468],[116.0785,28.2423],[116.0848,28.24],[116.0936,28.2349],[116.1,28.2291],[116.1299,28.1852],[116.1731,28.1397],[116.1769,28.1341],[116.1902,28.1106],[116.1949,28.1043],[116.2035,28.0965],[116.2433,28.0676],[116.2474,28.0641],[116.2518,28.059],[116.2563,28.052],[116.2625,28.0377],[116.2665,28.031],[116.2708,28.0258],[116.3009,27.9957],[116.3055,27.9887],[116.3124,27.975],[116.3259,27.9593],[116.337,27.9403],[116.3533,27.9096],[116.3575,27.9036],[116.4081,27.8522],[116.4568,27.8085],[116.4736,27.7927],[116.4994,27.7662],[116.5045,27.7595],[116.5343,27.7111],[116.5381,27.7067],[116.5732,27.672],[116.5886,27.6544],[116.5968,27.6439],[116.6016,27.634],[116.61,27.6085],[116.6117,27.6015],[116.6124,27.5939],[116.61,27.5452],[116.6084,27.53],[116.6083,27.5191],[116.6073,27.511],[116.6037,27.5014],[116.5874,27.4734],[116.5845,27.4646],[116.584,27.4583],[116.5842,27.4539],[116.5857,27.4469],[116.5939,27.4301],[116.5963,27.4204],[116.5965,27.4135],[116.5936,27.3679],[116.5984,27.2678],[116.6007,27.2594],[116.6047,27.2517],[116.6181,27.2326],[116.6362,27.2109],[116.651,27.1876],[116.6547,27.1833],[116.6759,27.163],[116.6949,27.1412],[116.715,27.1117],[116.7447,27.083],[116.7483,27.0779],[116.7534,27.0672],[116.758,27.0594],[116.7757,27.0345],[116.7901,27.0171],[116.8243,26.9703],[116.8449,26.9358],[116.853,26.9282],[116.8825,26.907],[116.8896,26.9026],[116.8961,26.9002],[116.9017,26.8993],[116.9161,26.8996],[116.9637,26.9065],[116.9987,26.9154],[117.0146,26.918],[117.0643,26.9321],[117.11,26.9403],[117.1206,26.9398],[117.1364,26.9356],[117.1694,26.9219],[117.1972,26.9034],[117.2286,26.8865],[117.2434,26.8767],[117.3596,26.8141],[117.3977,26.796],[117.4061,26.7897],[117.4196,26.7761],[117.4297,26.7595],[117.4523,26.7298],[117.4636,26.7164],[117.4666,26.7112],[117.4795,26.6837],[117.4867,26.6742],[117.4955,26.6648],[117.5437,26.6217],[117.6068,26.5712],[117.6581,26.5269],[117.6746,26.509],[117.6763,26.5067],[117.6802,26.4985],[117.6856,26.4775],[117.689,26.468],[117.7005,26.4429],[117.7296,26.4153],[117.764,26.3896],[117.7749,26.3841],[117.8271,26.3728],[117.8645,26.3704],[117.9018,26.3641],[117.9121,26.3613],[117.9193,26.3581],[117.9263,26.3536],[117.9522,26.3297],[118.0359,26.2446],[118.1178,26.1896],[118.1245,26.1842],[118.1563,26.1465],[118.2256,26.0473],[118.2393,26.0327],[118.245,26.028],[118.2793,26.0094],[118.3084,25.9964],[118.3175,25.9916],[118.3349,25.9803],[118.4302,25.9019],[118.4351,25.8992],[118.4431,25.896],[118.4492,25.8945],[118.4564,25.8942],[118.5776,25.9036],[118.6007,25.9035],[118.6085,25.9027],[118.619,25.9],[118.6564,25.8791],[118.6728,25.8705],[118.6796,25.8682],[118.8469,25.8609],[118.8536,25.861],[118.876,25.8646],[118.8884,25.8652],[118.9002,25.8649],[118.9114,25.8612],[118.9414,25.8436],[118.9528,25.8385],[118.9583,25.8374],[118.966,25.8368],[118.9738,25.8373],[118.9814,25.8387],[118.9905,25.8419],[118.9988,25.8465],[119.006,25.8524],[119.0113,25.8587],[119.0228,25.883],[119.0557,25.9369],[119.1232,26.069],[119.1386,26.0958],[119.1453,26.1051],[119.1496,26.109],[119.1651,26.1196],[119.1707,26.1218],[119.1778,26.1228],[119.184,26.1224],[119.1967,26.1201],[119.2309,26.1205],[119.2577,26.1227],[119.2851,26.1262],[119.3017,26.1219],[119.3156,26.1168]]}},{"type":"Feature","properties":{"country":"China","line":"峨眉山线","from":"乐山","to":"峨眉山","dist_km":27.0,"fare_local":10.0,"currency":"CNY","local_per_km":0.3704,"usd_per_km":0.0529,"extra":{"n_fare_points":197,"overlap_trimmed":false},"from_en":"Leshan","to_en":"Emeishan","line_en":"Emeishan Line"},"geometry":{"type":"LineString","coordinates":[[103.7097,29.6046],[103.6976,29.5778],[103.6936,29.572],[103.69,29.5685],[103.6847,29.5651],[103.6793,29.563],[103.673,29.5617],[103.665,29.5616],[103.5916,29.5712],[103.582,29.5736],[103.5583,29.5825],[103.5436,29.5851],[103.5115,29.5868],[103.4931,29.5854],[103.4806,29.5867],[103.4755,29.5853],[103.4647,29.5786]]}},{"type":"Feature","properties":{"country":"China","line":"巴南高速铁路","from":"巴中东","to":"南充北","dist_km":149.0,"fare_local":63.5,"currency":"CNY","local_per_km":0.4262,"usd_per_km":0.0609,"extra":{"n_fare_points":28,"overlap_trimmed":false},"from_en":"Bazhongdong","to_en":"Nanchongbei","line_en":"Banan High-Speed Railway"},"geometry":{"type":"LineString","coordinates":[[106.87,31.8424],[106.8738,31.842],[106.8474,31.8445],[106.8382,31.8436],[106.8329,31.8415],[106.7906,31.8199],[106.7575,31.8118],[106.7398,31.8088],[106.7295,31.8057],[106.6658,31.7746],[106.6379,31.7571],[106.6324,31.7525],[106.6279,31.7478],[106.6221,31.7386],[106.6191,31.7293],[106.6147,31.6869],[106.6138,31.6594],[106.6158,31.6474],[106.6191,31.6383],[106.627,31.6208],[106.6394,31.5759],[106.6418,31.5515],[106.647,31.5331],[106.6474,31.5271],[106.6465,31.5194],[106.6447,31.513],[106.6407,31.5048],[106.6337,31.4968],[106.6244,31.4895],[106.6025,31.476],[106.5815,31.4685],[106.5766,31.4654],[106.5715,31.4608],[106.5532,31.4356],[106.5362,31.416],[106.5327,31.4112],[106.5285,31.4024],[106.5244,31.3871],[106.5216,31.3792],[106.51,31.3567],[106.504,31.348],[106.4955,31.3402],[106.4855,31.3343],[106.4559,31.3229],[106.4238,31.3151],[106.403,31.3038],[106.395,31.3005],[106.3848,31.2978],[106.3513,31.292],[106.3404,31.2886],[106.3345,31.2859],[106.3297,31.2828],[106.32,31.2743],[106.3017,31.2513],[106.2655,31.2107],[106.2589,31.2011],[106.2503,31.1852],[106.2427,31.1639],[106.2361,31.1209],[106.2335,31.1126],[106.2129,31.0761],[106.2003,31.0574],[106.1795,31.0333],[106.1762,31.0286],[106.1653,31.0057],[106.1567,30.9854],[106.144,30.9581],[106.1398,30.9527],[106.13,30.9442],[106.1252,30.9388],[106.115,30.9204],[106.1008,30.8978],[106.0903,30.8834],[106.0873,30.877],[106.0615,30.8563],[106.0659,30.86]]}},{"type":"Feature","properties":{"country":"China","line":"吉玉铁路","from":"铜仁","to":"铜仁南","dist_km":60.0,"fare_local":28.0,"currency":"CNY","local_per_km":0.4667,"usd_per_km":0.0667,"extra":{"n_fare_points":29,"overlap_trimmed":false},"from_en":"Tongren","to_en":"Tongrennan","line_en":"Jiyu Railway"},"geometry":{"type":"LineString","coordinates":[[109.1997,27.7433],[109.1982,27.7339],[109.2077,27.7064],[109.2088,27.7014],[109.2077,27.6873],[109.206,27.6768],[109.2048,27.6732],[109.1915,27.6522],[109.1849,27.6365],[109.172,27.6014],[109.1671,27.5921],[109.1486,27.5647],[109.1457,27.5572],[109.1427,27.5398],[109.14,27.5321],[109.1254,27.5068],[109.1158,27.4929],[109.1127,27.4867],[109.1099,27.4755],[109.1065,27.4387],[109.1016,27.4175],[109.0984,27.4093],[109.0896,27.3957],[109.0825,27.375],[109.0763,27.3663],[109.0729,27.363],[109.0632,27.3556],[109.0377,27.3378],[109.0075,27.321],[109.0017,27.3173],[108.9939,27.3112],[108.984,27.3008],[108.9713,27.2824]]}},{"type":"Feature","properties":{"country":"China","line":"安六高速铁路","from":"安顺西","to":"六盘水","dist_km":115.0,"fare_local":56.0,"currency":"CNY","local_per_km":0.487,"usd_per_km":0.0696,"extra":{"n_fare_points":99,"overlap_trimmed":false},"from_en":"Anshunxi","to_en":"Liupanshui","line_en":"Anliu High-Speed Railway"},"geometry":{"type":"LineString","coordinates":[[105.8723,26.2021],[105.8496,26.1902],[105.8266,26.1743],[105.8223,26.1728],[105.8181,26.1725],[105.8142,26.173],[105.7858,26.1808],[105.7702,26.1833],[105.739,26.1914],[105.7056,26.2032],[105.6648,26.2146],[105.6428,26.2177],[105.6099,26.2172],[105.5847,26.2199],[105.5787,26.22],[105.571,26.2192],[105.5521,26.2149],[105.5419,26.2112],[105.5291,26.2009],[105.5204,26.192],[105.5058,26.183],[105.5002,26.1817],[105.4934,26.1812],[105.4875,26.1818],[105.4814,26.1834],[105.4717,26.1884],[105.463,26.1967],[105.4577,26.2032],[105.4517,26.2148],[105.448,26.2197],[105.4407,26.2259],[105.4191,26.2418],[105.4146,26.2443],[105.4089,26.2463],[105.3831,26.2521],[105.3491,26.2541],[105.34,26.2568],[105.3361,26.26],[105.3185,26.2878],[105.3133,26.2937],[105.3086,26.2967],[105.2823,26.3097],[105.2581,26.3275],[105.2438,26.3349],[105.2365,26.3397],[105.2302,26.3468],[105.2182,26.3711],[105.2091,26.3841],[105.1942,26.4012],[105.1842,26.4177],[105.1816,26.4207],[105.1543,26.4423],[105.1496,26.4476],[105.1457,26.4546],[105.1409,26.4694],[105.1358,26.4813],[105.1297,26.4898],[105.1224,26.4955],[105.1163,26.4983],[105.0737,26.5148],[105.0461,26.5197],[105.0134,26.529],[104.9976,26.5372],[104.9836,26.5473],[104.9778,26.5508],[104.9684,26.5556],[104.9541,26.5607],[104.9353,26.5719],[104.9313,26.5728],[104.9262,26.573],[104.9134,26.5699],[104.8961,26.5729],[104.8845,26.5779],[104.8777,26.5827],[104.8732,26.5844],[104.8641,26.5896],[104.8501,26.5941]]}},{"type":"Feature","properties":{"country":"China","line":"盘兴高速铁路","from":"盘州","to":"兴义南","dist_km":99.0,"fare_local":55.0,"currency":"CNY","local_per_km":0.5556,"usd_per_km":0.0794,"extra":{"n_fare_points":56,"overlap_trimmed":false},"from_en":"Panzhou","to_en":"Xingyinan","line_en":"Panxing High-Speed Railway"},"geometry":{"type":"LineString","coordinates":[[104.5666,25.7947],[104.5514,25.7869],[104.55,25.7846],[104.5457,25.7724],[104.5437,25.7611],[104.5441,25.7549],[104.5464,25.7484],[104.5564,25.7278],[104.5573,25.7242],[104.5573,25.7196],[104.5558,25.7138],[104.5206,25.6156],[104.5178,25.6033],[104.5172,25.5966],[104.518,25.5902],[104.5198,25.5833],[104.5224,25.5768],[104.5256,25.5709],[104.532,25.5627],[104.5454,25.5489],[104.558,25.5306],[104.561,25.5253],[104.5634,25.5192],[104.5738,25.4816],[104.5765,25.4751],[104.5829,25.4658],[104.5982,25.4479],[104.6081,25.4386],[104.6829,25.3954],[104.69,25.3899],[104.7274,25.3559],[104.7603,25.3345],[104.7656,25.3299],[104.7798,25.3151],[104.8243,25.2823],[104.8323,25.2728],[104.8418,25.257],[104.8542,25.2411],[104.8636,25.2279],[104.8896,25.1989],[104.8988,25.1798],[104.9032,25.1732],[104.9213,25.1527],[104.9356,25.1402],[104.9378,25.1374],[104.9403,25.1306],[104.941,25.1174],[104.9418,25.1129],[104.956,25.0815],[104.9543,25.0836]]}},{"type":"Feature","properties":{"country":"China","line":"弥蒙高速铁路","from":"弥勒","to":"红河","dist_km":106.0,"fare_local":53.0,"currency":"CNY","local_per_km":0.5,"usd_per_km":0.0714,"extra":{"n_fare_points":70,"overlap_trimmed":false},"from_en":"Mile","to_en":"Honghe","line_en":"Mimeng High-Speed Railway"},"geometry":{"type":"LineString","coordinates":[[103.408,24.3398],[103.4177,24.3257],[103.4219,24.3091],[103.4302,24.2955],[103.433,24.2888],[103.44,24.2489],[103.4479,24.2192],[103.4483,24.2142],[103.4475,24.2067],[103.4457,24.2014],[103.4429,24.1964],[103.4275,24.178],[103.4147,24.1537],[103.4015,24.1344],[103.3991,24.1277],[103.3914,24.0975],[103.3819,24.0738],[103.3739,24.0607],[103.3594,24.0314],[103.3278,23.9395],[103.3168,23.9226],[103.3093,23.9034],[103.3062,23.8979],[103.2992,23.8901],[103.2873,23.8802],[103.2838,23.8757],[103.2812,23.8707],[103.279,23.8624],[103.279,23.84],[103.2782,23.8339],[103.2758,23.8271],[103.2682,23.8143],[103.2664,23.8093],[103.2654,23.8039],[103.266,23.7954],[103.2729,23.7661],[103.2827,23.7388],[103.289,23.716],[103.2892,23.7103],[103.2886,23.7053],[103.278,23.6608],[103.2774,23.6515],[103.2785,23.6438],[103.2802,23.6383],[103.3099,23.5692],[103.3126,23.5507],[103.3213,23.5199],[103.3272,23.478],[103.3287,23.4723],[103.3319,23.4656],[103.3383,23.456],[103.3409,23.4545],[103.3445,23.4537],[103.3507,23.4537]]}},{"type":"Feature","properties":{"country":"China","line":"南凭高速铁路","from":"南宁","to":"凭祥东","dist_km":202.0,"fare_local":92.0,"currency":"CNY","local_per_km":0.4554,"usd_per_km":0.0651,"extra":{"n_fare_points":91,"overlap_trimmed":false},"from_en":"Nanning","to_en":"Pingxiangdong","line_en":"Nanping High-Speed Railway"},"geometry":{"type":"LineString","coordinates":[[108.3108,22.8302],[108.2951,22.8213],[108.2879,22.7983],[108.2865,22.7957],[108.2819,22.7938],[108.271,22.7924],[108.2676,22.7913],[108.2637,22.7886],[108.2608,22.7847],[108.2596,22.7805],[108.2593,22.7559],[108.2579,22.7462],[108.2523,22.7248],[108.2409,22.6976],[108.2396,22.6889],[108.2383,22.6706],[108.2363,22.6601],[108.2326,22.6508],[108.2283,22.6436],[108.2239,22.6378],[108.2183,22.632],[108.1998,22.6171],[108.1661,22.5876],[108.16,22.5834],[108.1436,22.5741],[108.1369,22.5716],[108.1312,22.5703],[108.0639,22.5611],[107.9916,22.5611],[107.9782,22.5629],[107.9368,22.5743],[107.9291,22.5759],[107.889,22.5798],[107.8736,22.5807],[107.8614,22.5789],[107.816,22.5645],[107.8073,22.5632],[107.787,22.5619],[107.7761,22.5599],[107.7689,22.5576],[107.7449,22.5475],[107.69,22.5322],[107.6749,22.5259],[107.613,22.4837],[107.5687,22.4616],[107.5467,22.4458],[107.4701,22.3993],[107.4269,22.3652],[107.4203,22.3611],[107.4111,22.3585],[107.3655,22.3559],[107.3586,22.3544],[107.3424,22.349],[107.3353,22.3477],[107.3124,22.3482],[107.2939,22.3472],[107.2863,22.346],[107.2772,22.3422],[107.229,22.3147],[107.2232,22.3123],[107.2175,22.3107],[107.2113,22.3101],[107.1862,22.3103],[107.1727,22.3118],[107.1221,22.3303],[107.0796,22.3447],[107.07,22.3464],[107.0608,22.3457],[107.0045,22.3327],[106.9718,22.332],[106.9376,22.3368],[106.9284,22.3358],[106.903,22.3303],[106.8958,22.3271],[106.8587,22.3046],[106.8497,22.2964],[106.8429,22.2862],[106.8399,22.2786],[106.834,22.2563],[106.8307,22.2491],[106.8221,22.2342],[106.8195,22.2272],[106.8185,22.2163],[106.8205,22.1911],[106.8185,22.1806],[106.8052,22.1492],[106.8034,22.1421],[106.8018,22.1318],[106.8,22.1258],[106.7925,22.1109],[106.7894,22.1064]]}},{"type":"Feature","properties":{"country":"China","line":"钦防-防东铁路","from":"南宁东","to":"东兴市","dist_km":195.0,"fare_local":80.5,"currency":"CNY","local_per_km":0.4128,"usd_per_km":0.059,"extra":{"n_fare_points":49,"overlap_trimmed":false},"from_en":"Nanningdong","to_en":"Dongxingshi","line_en":"Qinfang-fangdong Railway"},"geometry":{"type":"LineString","coordinates":[[108.4099,22.8448],[108.4358,22.8436],[108.438,22.8426],[108.4399,22.8408],[108.4414,22.8364],[108.4405,22.8333],[108.4331,22.8203],[108.4315,22.8143],[108.4322,22.8027],[108.432,22.7807],[108.4333,22.767],[108.4326,22.7424],[108.4318,22.7353],[108.4195,22.695],[108.413,22.6782],[108.4062,22.6516],[108.4056,22.6283],[108.4022,22.5965],[108.4061,22.5478],[108.4075,22.5388],[108.4109,22.5295],[108.4414,22.4656],[108.4495,22.4509],[108.5072,22.3235],[108.5144,22.3129],[108.5303,22.2977],[108.5404,22.286],[108.5443,22.2806],[108.548,22.2738],[108.5601,22.241],[108.5642,22.2328],[108.5882,22.1934],[108.5928,22.1876],[108.612,22.1672],[108.617,22.16],[108.6259,22.1439],[108.6376,22.1263],[108.6453,22.1106],[108.6479,22.1035],[108.6501,22.0948],[108.6511,22.0863],[108.644,22.0327],[108.6416,22.0282],[108.6339,22.0215],[108.6309,22.0176],[108.6293,22.0127],[108.628,21.9995],[108.6263,21.9957],[108.6234,21.9923],[108.6004,21.9784],[108.5812,21.9709],[108.5614,21.9649],[108.5476,21.9585],[108.5402,21.9524],[108.5249,21.934],[108.506,21.9191],[108.5014,21.9135],[108.4794,21.8784],[108.4758,21.8738],[108.4672,21.8661],[108.4495,21.855],[108.4427,21.8482],[108.4295,21.8277],[108.4023,21.793],[108.3918,21.776],[108.3872,21.7709],[108.3742,21.7604],[108.3705,21.7563],[108.3678,21.7517],[108.366,21.7465],[108.3654,21.7415],[108.3659,21.7361],[108.3675,21.7308],[108.3812,21.7014],[108.3825,21.6968],[108.3827,21.6922],[108.3818,21.6871],[108.3741,21.6671],[108.3722,21.647],[108.37,21.6423],[108.3656,21.6377],[108.3598,21.6347],[108.3533,21.6336],[108.3271,21.6357],[108.2732,21.6373],[108.2482,21.6389],[108.2362,21.6383],[108.2265,21.6355],[108.2003,21.6232],[108.18,21.6168],[108.1553,21.6119],[108.1421,21.6072],[108.137,21.6061],[108.1083,21.6034],[108.0902,21.5998],[108.083,21.597],[108.0619,21.5863],[108.0531,21.5834],[108.03,21.5813],[108.013,21.579]]}},{"type":"Feature","properties":{"country":"China","line":"黎湛铁路","from":"贵港","to":"陆川","dist_km":125.0,"fare_local":38.5,"currency":"CNY","local_per_km":0.308,"usd_per_km":0.044,"extra":{"n_fare_points":14,"overlap_trimmed":false},"from_en":"Guigang","to_en":"Luchuan","line_en":"Lizhan Railway"},"geometry":{"type":"LineString","coordinates":[[109.6091,23.1028],[109.6206,23.1025],[109.6438,23.0947],[109.6467,23.093],[109.648,23.0909],[109.6486,23.0836],[109.6494,23.0813],[109.6514,23.0795],[109.6585,23.0764],[109.6604,23.0748],[109.6615,23.0723],[109.6609,23.0659],[109.6616,23.0635],[109.6878,23.0299],[109.701,23.0159],[109.7319,22.9911],[109.7481,22.9742],[109.7569,22.9624],[109.7664,22.955],[109.7809,22.9304],[109.7884,22.9232],[109.7954,22.911],[109.8191,22.8769],[109.8297,22.868],[109.8331,22.8624],[109.8398,22.8566],[109.845,22.8482],[109.8462,22.8439],[109.8473,22.8422],[109.8598,22.832],[109.8649,22.825],[109.8772,22.8139],[109.8806,22.8125],[109.8877,22.8127],[109.8911,22.8106],[109.8922,22.8074],[109.89,22.7987],[109.8827,22.7908],[109.8784,22.7795],[109.8659,22.762],[109.8656,22.7584],[109.8674,22.7557],[109.8705,22.7545],[109.876,22.7551],[109.8785,22.7545],[109.9302,22.726],[109.9421,22.7115],[109.9577,22.6997],[109.963,22.6921],[109.9693,22.6792],[109.9724,22.6766],[109.9751,22.6763],[109.9789,22.6769],[109.9843,22.6804],[109.9887,22.6822],[110.0059,22.6839],[110.0151,22.6885],[110.0193,22.6898],[110.023,22.6899],[110.0344,22.6887],[110.0414,22.6872],[110.0518,22.6794],[110.1012,22.6504],[110.1046,22.6472],[110.1194,22.6297],[110.1244,22.6228],[110.1361,22.6159],[110.1609,22.5913],[110.162,22.5893],[110.1623,22.5873],[110.1605,22.5804],[110.1605,22.578],[110.1637,22.5725],[110.1701,22.5535],[110.1723,22.5489],[110.1825,22.541],[110.1879,22.5321],[110.1975,22.5238],[110.2066,22.5094],[110.2149,22.5048],[110.2177,22.498],[110.2249,22.4901],[110.2342,22.4814],[110.2388,22.4745],[110.2389,22.4725],[110.2343,22.4489],[110.2344,22.4452],[110.2454,22.4258],[110.2478,22.4181],[110.2483,22.4132],[110.2585,22.3883],[110.26,22.383],[110.2614,22.3736],[110.2641,22.3649],[110.2637,22.3523],[110.2653,22.3428],[110.2638,22.3341],[110.2625,22.3318],[110.2587,22.3283],[110.2558,22.3224],[110.2538,22.3127]]}},{"type":"Feature","properties":{"country":"China","line":"成雅铁路","from":"成都西","to":"雅安","dist_km":140.0,"fare_local":54.0,"currency":"CNY","local_per_km":0.3857,"usd_per_km":0.0551,"extra":{"n_fare_points":321,"overlap_trimmed":false},"from_en":"Chengduxi","to_en":"Ya'an","line_en":"Chengya Railway"},"geometry":{"type":"LineString","coordinates":[[103.9775,30.6879],[103.9804,30.6627],[103.9796,30.6601],[103.9648,30.651],[103.953,30.6425],[103.9459,30.6394],[103.9371,30.6381],[103.8543,30.6363],[103.848,30.6368],[103.8318,30.6402],[103.8231,30.6401],[103.8166,30.6388],[103.7391,30.6152],[103.73,30.6131],[103.7192,30.6121],[103.665,30.6125],[103.6087,30.608],[103.6019,30.6058],[103.5955,30.6024],[103.563,30.5781],[103.557,30.5742],[103.5204,30.5569],[103.5149,30.5535],[103.508,30.5466],[103.504,30.5384],[103.4996,30.4988],[103.4943,30.4733],[103.4831,30.4383],[103.4817,30.4293],[103.4837,30.407],[103.4861,30.3886],[103.5101,30.3235],[103.5186,30.3045],[103.5203,30.2971],[103.5164,30.2282],[103.5136,30.2201],[103.5048,30.2053],[103.4774,30.1787],[103.4703,30.1738],[103.4616,30.1712],[103.419,30.1675],[103.3932,30.1633],[103.3857,30.1612],[103.3808,30.1588],[103.3566,30.1444],[103.3481,30.1411],[103.3345,30.1376],[103.3271,30.1345],[103.3015,30.1189],[103.2835,30.1109],[103.2707,30.1002],[103.2644,30.0964],[103.2586,30.0942],[103.2447,30.0909],[103.2381,30.0883],[103.2343,30.086],[103.2126,30.0691],[103.2047,30.065],[103.1594,30.0503],[103.1342,30.044],[103.0952,30.0415],[103.0773,30.0421],[103.0715,30.0415],[103.065,30.0389],[103.0547,30.0313]]}},{"type":"Feature","properties":{"country":"China","line":"成灌铁路","from":"犀浦","to":"青城山","dist_km":50.0,"fare_local":23.0,"currency":"CNY","local_per_km":0.46,"usd_per_km":0.0657,"extra":{"n_fare_points":35,"overlap_trimmed":false},"from_en":"Xipu","to_en":"Qingchengshan","line_en":"Chengguan Railway"},"geometry":{"type":"LineString","coordinates":[[103.9702,30.7595],[103.965,30.7639],[103.9531,30.7707],[103.9444,30.7725],[103.9315,30.7815],[103.9253,30.792],[103.9207,30.804],[103.9184,30.8066],[103.9163,30.8077],[103.8952,30.8142],[103.8924,30.8155],[103.8831,30.822],[103.8588,30.8442],[103.8235,30.8651],[103.8026,30.8831],[103.797,30.8872],[103.7812,30.8948],[103.775,30.8969],[103.7668,30.8975],[103.7535,30.8958],[103.7486,30.8958],[103.7416,30.8973],[103.7351,30.9004],[103.7207,30.9121],[103.7079,30.9286],[103.6931,30.9415],[103.6822,30.9496],[103.6699,30.9568],[103.6622,30.9629],[103.6586,30.9647],[103.653,30.9657],[103.647,30.9647],[103.6286,30.9551],[103.625,30.9521],[103.623,30.9488],[103.6193,30.9359],[103.6132,30.9213],[103.611,30.9126],[103.6051,30.8949]]}},{"type":"Feature","properties":{"country":"China","line":"成灌铁路","from":"犀浦","to":"离堆公园","dist_km":44.0,"fare_local":14.5,"currency":"CNY","local_per_km":0.3295,"usd_per_km":0.0471,"extra":{"n_fare_points":14,"overlap_trimmed":false},"from_en":"Xipu","to_en":"Lidui Park","line_en":"Chengguan Railway"},"geometry":{"type":"LineString","coordinates":[[103.9702,30.7595],[103.9652,30.764],[103.9598,30.7671],[103.9524,30.771],[103.9447,30.7724],[103.9315,30.7814],[103.9253,30.7922],[103.9207,30.8041],[103.9185,30.8066],[103.8928,30.8154],[103.8846,30.821],[103.8597,30.8437],[103.824,30.8648],[103.8012,30.8844],[103.7968,30.8874],[103.7817,30.8947],[103.7747,30.897],[103.767,30.8975],[103.7536,30.8959],[103.748,30.8959],[103.7414,30.8974],[103.735,30.9005],[103.7201,30.9128],[103.7074,30.9292],[103.6931,30.9416],[103.682,30.9498],[103.6699,30.9569],[103.6618,30.9634],[103.6538,30.967],[103.6421,30.9823],[103.6362,30.9856],[103.626,30.9897],[103.6216,30.9962]]}},{"type":"Feature","properties":{"country":"China","line":"昌九城际铁路","from":"九江","to":"南昌西","dist_km":142.0,"fare_local":38.0,"currency":"CNY","local_per_km":0.2676,"usd_per_km":0.0382,"extra":{"n_fare_points":431,"overlap_trimmed":false},"from_en":"Jiujiang","to_en":"Nanchangxi Railway Station","line_en":"Changjiu Intercity Railway"},"geometry":{"type":"LineString","coordinates":[[116.0017,29.7066],[115.9898,29.6978],[115.9788,29.6879],[115.9547,29.6751],[115.9474,29.673],[115.9307,29.6722],[115.9268,29.6713],[115.9221,29.6692],[115.9176,29.6658],[115.8954,29.6403],[115.8854,29.6323],[115.8805,29.6266],[115.8782,29.6213],[115.8759,29.6097],[115.8786,29.582],[115.8778,29.5735],[115.8756,29.5661],[115.8718,29.5583],[115.831,29.49],[115.7937,29.3898],[115.7922,29.3846],[115.7888,29.3594],[115.7846,29.3444],[115.7825,29.34],[115.7795,29.3355],[115.7703,29.3264],[115.7661,29.3207],[115.7559,29.3005],[115.7539,29.294],[115.7536,29.2869],[115.7546,29.2771],[115.756,29.271],[115.7593,29.2627],[115.7743,29.2366],[115.7774,29.2295],[115.7984,29.1434],[115.8059,29.1184],[115.8068,29.1091],[115.808,29.048],[115.8138,29.0087],[115.8147,28.9827],[115.8162,28.9746],[115.8232,28.9502],[115.826,28.9431],[115.8422,28.9114],[115.8746,28.8553],[115.8768,28.8495],[115.8776,28.8442],[115.8768,28.8364],[115.8748,28.8306],[115.8588,28.8027],[115.8509,28.7919],[115.8445,28.7856],[115.8271,28.7713],[115.8104,28.7539],[115.7978,28.7431],[115.7846,28.7306],[115.7706,28.7194],[115.7442,28.6901],[115.7411,28.6863],[115.7382,28.681],[115.7361,28.6735],[115.7362,28.6661],[115.7386,28.658],[115.7431,28.6509],[115.7486,28.6459],[115.7592,28.6393],[115.7877,28.6257]]}},{"type":"Feature","properties":{"country":"China","line":"兰渝铁路","from":"南充北","to":"重庆北","dist_km":165.0,"fare_local":59.5,"currency":"CNY","local_per_km":0.3606,"usd_per_km":0.0515,"extra":{"n_fare_points":35,"overlap_trimmed":false},"from_en":"Nanchongbei","to_en":"Chongqingbei","line_en":"Lanyu Railway"},"geometry":{"type":"LineString","coordinates":[[106.0659,30.86],[106.0489,30.8452],[106.0407,30.8345],[106.0201,30.7904],[106.0114,30.7671],[106.0088,30.7571],[106.0078,30.75],[106.0083,30.6963],[106.0102,30.6871],[106.0121,30.6819],[106.0378,30.6298],[106.0431,30.6103],[106.0475,30.5975],[106.0488,30.5904],[106.051,30.5608],[106.0558,30.5337],[106.066,30.4971],[106.0672,30.4783],[106.0703,30.466],[106.0733,30.4502],[106.0741,30.4378],[106.0753,30.4312],[106.077,30.4257],[106.0805,30.4189],[106.0905,30.4062],[106.0948,30.3992],[106.0969,30.3949],[106.0987,30.3889],[106.1032,30.3589],[106.1059,30.3448],[106.1064,30.3353],[106.1057,30.3213],[106.1075,30.3099],[106.1112,30.3011],[106.1207,30.2865],[106.1461,30.2546],[106.15,30.2473],[106.152,30.2413],[106.1577,30.2161],[106.1587,30.1937],[106.1659,30.1644],[106.1686,30.137],[106.1683,30.1311],[106.1672,30.1256],[106.164,30.1156],[106.1614,30.1046],[106.1567,30.0908],[106.1549,30.0817],[106.1548,30.0744],[106.1555,30.0692],[106.1593,30.0571],[106.1631,30.0487],[106.1722,30.0349],[106.1782,30.0272],[106.1878,30.0165],[106.2039,30.0028],[106.2184,29.9945],[106.2323,29.9846],[106.2386,29.9814],[106.2541,29.9749],[106.2828,29.9564],[106.2891,29.953],[106.2979,29.9499],[106.3101,29.9473],[106.3271,29.9423],[106.341,29.9367],[106.3574,29.9285],[106.3646,29.9235],[106.3701,29.9183],[106.3818,29.9005],[106.3898,29.8917],[106.4027,29.88],[106.4124,29.8747],[106.4336,29.868],[106.4389,29.8657],[106.4456,29.8614],[106.4502,29.8572],[106.4542,29.852],[106.4575,29.8456],[106.4593,29.8386],[106.4595,29.8311],[106.4585,29.8262],[106.4528,29.8115],[106.4517,29.8066],[106.4525,29.7685],[106.4456,29.7263],[106.4387,29.7053],[106.4364,29.6994],[106.4321,29.6912],[106.4309,29.6872],[106.4306,29.6797],[106.4324,29.6733],[106.4356,29.6679],[106.442,29.6623],[106.456,29.655],[106.4765,29.6476],[106.4996,29.6322],[106.5151,29.6252],[106.5306,29.6147],[106.5335,29.6138],[106.5411,29.6135],[106.5473,29.6123]]}},{"type":"Feature","properties":{"country":"China","line":"渝熊铁路","from":"银花","to":"重庆北","dist_km":29.0,"fare_local":8.0,"currency":"CNY","local_per_km":0.2759,"usd_per_km":0.0394,"extra":{"n_fare_points":14,"overlap_trimmed":false},"from_en":"Yinhua","to_en":"Chongqingbei","line_en":"Yuxiong Railway"},"geometry":{"type":"LineString","coordinates":[[106.7233,29.7705],[106.722,29.762],[106.7192,29.7574],[106.7146,29.7546],[106.7012,29.7524],[106.6947,29.7491],[106.6833,29.7397],[106.6797,29.7359],[106.678,29.7328],[106.6759,29.7252],[106.6736,29.7223],[106.6635,29.7153],[106.63,29.6994],[106.6268,29.6968],[106.6253,29.6934],[106.6257,29.6901],[106.6273,29.6877],[106.634,29.682],[106.6358,29.6798],[106.6373,29.6766],[106.638,29.672],[106.6367,29.6667],[106.6283,29.6485],[106.6252,29.6442],[106.6222,29.6419],[106.6187,29.6402],[106.6148,29.6393],[106.6063,29.6391],[106.6032,29.6385],[106.5899,29.634],[106.5798,29.629],[106.5759,29.6253],[106.5745,29.6211],[106.5729,29.6187],[106.5612,29.6114],[106.5589,29.6109],[106.554,29.611],[106.5473,29.6123]]}},{"type":"Feature","properties":{"country":"China","line":"鹰厦铁路","from":"厦门","to":"厦门北","dist_km":31.0,"fare_local":10.0,"currency":"CNY","local_per_km":0.3226,"usd_per_km":0.0461,"extra":{"n_fare_points":240,"overlap_trimmed":false},"from_en":"Xiamen","to_en":"Xiamen North","line_en":"Yingsha Railway"},"geometry":{"type":"LineString","coordinates":[[118.1111,24.4703],[118.1163,24.4746],[118.1217,24.4824],[118.1308,24.4913],[118.1324,24.5016],[118.132,24.5119],[118.1307,24.5147],[118.1254,24.5187],[118.122,24.5246],[118.1187,24.5287],[118.1115,24.5338],[118.1071,24.5467],[118.1058,24.5487],[118.1003,24.5533],[118.0578,24.5715],[118.0483,24.5733],[118.0333,24.5734],[118.0302,24.5742],[118.0209,24.5811],[118.0094,24.5871],[118.0077,24.5888],[118.0066,24.591],[118.0064,24.5942],[118.0079,24.5973],[118.0159,24.6038],[118.0276,24.6159],[118.0465,24.6282],[118.0629,24.6359],[118.0686,24.6397]]}},{"type":"Feature","properties":{"country":"China","line":"绵泸高速铁路","from":"内江北","to":"泸州","dist_km":130.0,"fare_local":53.0,"currency":"CNY","local_per_km":0.4077,"usd_per_km":0.0583,"extra":{"n_fare_points":119,"overlap_trimmed":false},"from_en":"Neijiangbei","to_en":"Luzhou","line_en":"Mianlu High-Speed Railway"},"geometry":{"type":"LineString","coordinates":[[105.0822,29.6124],[105.0958,29.6022],[105.103,29.5992],[105.1148,29.592],[105.1171,29.5889],[105.1178,29.5866],[105.1172,29.5819],[105.1156,29.5793],[105.1121,29.5766],[105.1032,29.5713],[105.0975,29.5685],[105.0903,29.5661],[105.0828,29.565],[105.0396,29.5624],[105.0295,29.5603],[104.9823,29.54],[104.9741,29.5355],[104.9696,29.5316],[104.9651,29.5257],[104.9188,29.45],[104.8761,29.3994],[104.8722,29.3915],[104.8715,29.3881],[104.8714,29.3821],[104.8835,29.3412],[104.8867,29.3331],[104.8929,29.3234],[104.9001,29.3159],[104.9285,29.2933],[104.9832,29.247],[105.016,29.2263],[105.0722,29.1873],[105.0818,29.1824],[105.0918,29.1795],[105.1637,29.165],[105.2041,29.1606],[105.2476,29.1532],[105.2582,29.153],[105.2658,29.1546],[105.2706,29.1564],[105.2883,29.1657],[105.2951,29.1678],[105.3018,29.1687],[105.3103,29.1684],[105.3379,29.1648],[105.3458,29.1621],[105.3519,29.1582],[105.3571,29.1527],[105.3595,29.1486],[105.3696,29.1197],[105.3808,29.1],[105.3828,29.0947],[105.3837,29.0903],[105.3774,28.9526],[105.3778,28.9465],[105.3791,28.9412],[105.3841,28.9255],[105.3859,28.9232],[105.3893,28.9213],[105.3922,28.9208],[105.3955,28.9212],[105.419,28.93]]}},{"type":"Feature","properties":{"country":"China","line":"海南东环铁路","from":"海口东","to":"三亚","dist_km":284.0,"fare_local":119.0,"currency":"CNY","local_per_km":0.419,"usd_per_km":0.0599,"extra":{"n_fare_points":1817,"overlap_trimmed":false},"from_en":"Haikou East","to_en":"Sanya","line_en":"Hainandonghuan Railway"},"geometry":{"type":"LineString","coordinates":[[110.3379,19.9856],[110.339,19.9773],[110.3416,19.9737],[110.387,19.9524],[110.3944,19.9495],[110.4044,19.9475],[110.4433,19.9445],[110.4948,19.9446],[110.5067,19.9433],[110.5177,19.9399],[110.5261,19.9355],[110.5457,19.9206],[110.5519,19.9151],[110.5582,19.9077],[110.6418,19.7978],[110.6656,19.7615],[110.6885,19.7311],[110.6925,19.7247],[110.6985,19.7123],[110.7023,19.7004],[110.7116,19.6605],[110.714,19.6419],[110.7165,19.6329],[110.7215,19.623],[110.7421,19.5941],[110.7459,19.5861],[110.7479,19.5785],[110.7486,19.5678],[110.7478,19.5615],[110.746,19.5551],[110.7408,19.5443],[110.7286,19.5265],[110.7197,19.5164],[110.6736,19.4742],[110.6671,19.4671],[110.5987,19.3789],[110.5552,19.3151],[110.5494,19.3086],[110.5013,19.2605],[110.4961,19.2544],[110.4876,19.2416],[110.48,19.2286],[110.4711,19.2164],[110.4665,19.2083],[110.4633,19.1977],[110.4625,19.189],[110.4635,19.1801],[110.4658,19.1718],[110.5157,19.0756],[110.5198,19.0661],[110.5216,19.0581],[110.5221,19.0475],[110.5207,19.0381],[110.5172,19.0282],[110.4817,18.9729],[110.4681,18.9547],[110.4606,18.9414],[110.4528,18.9233],[110.449,18.9157],[110.42,18.8694],[110.4017,18.8435],[110.3877,18.8258],[110.3665,18.7958],[110.3427,18.771],[110.319,18.7501],[110.3136,18.7432],[110.2997,18.7214],[110.294,18.7146],[110.2514,18.6784],[110.2467,18.6725],[110.2334,18.6513],[110.2302,18.6475],[110.2239,18.6418],[110.2167,18.6368],[110.1855,18.6194],[110.1788,18.6144],[110.1744,18.6101],[110.1537,18.5826],[110.1499,18.5783],[110.1438,18.5733],[110.1336,18.5675],[110.1122,18.5599],[110.0937,18.5571],[110.0288,18.538],[110.0126,18.5338],[109.9443,18.5196],[109.9377,18.5178],[109.8262,18.4723],[109.8026,18.459],[109.7946,18.4533],[109.789,18.4478],[109.7786,18.4347],[109.7734,18.4293],[109.7692,18.4259],[109.7529,18.4152],[109.7069,18.371],[109.7007,18.3656],[109.656,18.3382],[109.634,18.3188],[109.6272,18.3136],[109.6213,18.3105],[109.6157,18.3086],[109.5992,18.3051],[109.5805,18.2949],[109.5743,18.293],[109.5681,18.2919],[109.561,18.2917],[109.5521,18.2932],[109.5464,18.2951],[109.5347,18.3009],[109.5249,18.3031],[109.5166,18.3024],[109.5043,18.2989],[109.4887,18.2987]]}},{"type":"Feature","properties":{"country":"China","line":"海南西环铁路","from":"海口东","to":"三亚","dist_km":362.0,"fare_local":119.0,"currency":"CNY","local_per_km":0.3287,"usd_per_km":0.047,"extra":{"n_fare_points":1817,"overlap_trimmed":false},"from_en":"Haikou East","to_en":"Sanya","line_en":"Hainanxihuan Railway"},"geometry":{"type":"LineString","coordinates":[[110.3379,19.9856],[110.3366,19.9946],[110.3342,19.998],[110.3313,19.9992],[110.3251,19.9974],[110.3021,19.9968],[110.2899,19.9978],[110.2717,19.9983],[110.2439,19.9982],[110.236,19.9971],[110.2232,19.994],[110.1986,19.9939],[110.1922,19.9933],[110.1847,19.9916],[110.1753,19.988],[110.1694,19.9882],[110.1644,19.9912],[110.1586,19.9984],[110.1569,20.0018],[110.156,20.0103],[110.1565,20.0223],[110.1575,20.0294],[110.1565,20.0222],[110.1564,20.0211],[110.1559,20.0112],[110.1562,20.0034],[110.1553,19.9903],[110.1561,19.9792],[110.1555,19.973],[110.1532,19.9661],[110.1479,19.9562],[110.1441,19.9504],[110.1397,19.9458],[110.1318,19.9406],[110.1005,19.9286],[110.0798,19.9184],[110.0708,19.9156],[110.0565,19.9126],[110.0479,19.9095],[110.0192,19.8939],[110.0114,19.8905],[110.0015,19.8883],[109.8938,19.8758],[109.8774,19.8755],[109.8538,19.8774],[109.8448,19.877],[109.8277,19.8745],[109.7945,19.8741],[109.7345,19.8666],[109.6773,19.8604],[109.6707,19.8589],[109.6595,19.8552],[109.6285,19.8401],[109.4267,19.7717],[109.4188,19.7681],[109.4096,19.7628],[109.3044,19.6878],[109.2141,19.6417],[109.1443,19.5904],[109.0401,19.5284],[108.9774,19.4887],[108.9292,19.4552],[108.8497,19.389],[108.8437,19.3818],[108.8376,19.3712],[108.8338,19.3666],[108.8286,19.3621],[108.8181,19.3553],[108.8109,19.348],[108.7934,19.324],[108.7885,19.3157],[108.7764,19.2839],[108.7632,19.2337],[108.7598,19.2247],[108.7532,19.2129],[108.7369,19.1907],[108.7254,19.1646],[108.7096,19.1413],[108.6931,19.1087],[108.6878,19.0901],[108.6848,19.0761],[108.6797,19.0608],[108.6788,19.0523],[108.6794,19.0443],[108.6956,18.9633],[108.6956,18.9435],[108.6997,18.9024],[108.7166,18.8393],[108.7179,18.832],[108.7178,18.822],[108.713,18.796],[108.7124,18.7898],[108.7122,18.7667],[108.7149,18.7475],[108.7132,18.7122],[108.7139,18.7015],[108.7215,18.6768],[108.7555,18.6112],[108.771,18.5673],[108.7748,18.5602],[108.779,18.5544],[108.7834,18.5497],[108.7889,18.5453],[108.7953,18.5416],[108.8021,18.5388],[108.8552,18.5216],[108.8623,18.5184],[108.8692,18.5138],[108.9208,18.469],[108.9282,18.4596],[108.9413,18.4335],[108.9485,18.4231],[108.9584,18.4142],[108.9654,18.41],[108.9716,18.4073],[109.0128,18.3949],[109.0561,18.3799],[109.0663,18.3777],[109.1077,18.3752],[109.1746,18.3803],[109.1846,18.38],[109.1913,18.379],[109.2171,18.371],[109.2368,18.3663],[109.3028,18.3465],[109.3086,18.3442],[109.3251,18.3352],[109.3453,18.3282],[109.3792,18.312],[109.3841,18.3102],[109.3911,18.3091],[109.3974,18.3096],[109.4156,18.3119],[109.426,18.3152],[109.432,18.3156],[109.4387,18.3136],[109.4658,18.2996],[109.4705,18.2988],[109.4887,18.2987]]}},{"type":"Feature","properties":{"country":"China","line":"联络线/城内段","from":"济南东","to":"济南西","dist_km":40.1,"fare_local":20,"currency":"CNY","local_per_km":0.4988,"usd_per_km":0.0713,"extra":{"n_fare_points":null,"overlap_trimmed":false},"from_en":"Jinandong","to_en":"Jinanxi","line_en":"Lianluoxian/chengneiduan"},"geometry":{"type":"LineString","coordinates":[[117.1539,36.7485],[117.1303,36.7493],[117.1184,36.7517],[117.1149,36.7512],[117.1089,36.749],[117.1048,36.7458],[117.0953,36.7321],[117.095,36.7291],[117.0971,36.7173],[117.0962,36.7092],[117.094,36.7064],[117.0825,36.7029],[117.0577,36.6921],[117.0313,36.6832],[116.9999,36.6768],[116.9934,36.6727],[116.9704,36.6671],[116.961,36.6642],[116.946,36.6548],[116.9434,36.6521],[116.9347,36.6373],[116.9325,36.6172],[116.9313,36.6133],[116.9254,36.6067],[116.9193,36.6037],[116.9127,36.603],[116.8946,36.6054],[116.8892,36.6077],[116.8854,36.6121],[116.8845,36.6159],[116.8862,36.6454],[116.886,36.6688]]}},{"type":"Feature","properties":{"country":"China","line":"联络线/城内段","from":"广州白云","to":"广州","dist_km":5.1,"fare_local":3,"currency":"CNY","local_per_km":0.5068,"usd_per_km":0.0724,"extra":{"n_fare_points":null,"overlap_trimmed":false},"from_en":"Guangzhou Baiyun","to_en":"Guangzhou","line_en":"Lianluoxian/chengneiduan"},"geometry":{"type":"LineString","coordinates":[[113.2405,23.194],[113.2416,23.1794],[113.2402,23.1677],[113.2449,23.1583],[113.2523,23.1526]]}},{"type":"Feature","properties":{"country":"China","line":"联络线/城内段","from":"汉口","to":"武汉","dist_km":27.0,"fare_local":11,"currency":"CNY","local_per_km":0.4119,"usd_per_km":0.0589,"extra":{"n_fare_points":null,"overlap_trimmed":false},"from_en":"Hankou","to_en":"Wuhan","line_en":"Lianluoxian/chengneiduan"},"geometry":{"type":"LineString","coordinates":[[114.2494,30.6217],[114.2995,30.633],[114.3032,30.6345],[114.3175,30.638],[114.33,30.6432],[114.3324,30.6456],[114.3399,30.6584],[114.3493,30.683],[114.3504,30.6882],[114.3529,30.6942],[114.3548,30.696],[114.3579,30.6973],[114.369,30.6976],[114.372,30.6969],[114.3746,30.6951],[114.3942,30.6689],[114.4063,30.6453],[114.4189,30.6099]]}},{"type":"Feature","properties":{"country":"China","line":"联络线/城内段","from":"济南西","to":"济南","dist_km":20.2,"fare_local":10,"currency":"CNY","local_per_km":0.5163,"usd_per_km":0.0738,"extra":{"n_fare_points":null,"overlap_trimmed":false},"from_en":"Jinanxi","to_en":"Jinan","line_en":"Lianluoxian/chengneiduan"},"geometry":{"type":"LineString","coordinates":[[116.886,36.6688],[116.8862,36.6485],[116.8846,36.6167],[116.8851,36.6129],[116.8877,36.6089],[116.8927,36.6059],[116.9146,36.603],[116.9193,36.6037],[116.9238,36.6057],[116.9267,36.608],[116.9313,36.6133],[116.9325,36.6172],[116.9347,36.6373],[116.9447,36.6537],[116.9624,36.6649],[116.9852,36.6708]]}},{"type":"Feature","properties":{"country":"China","line":"联络线/城内段","from":"重庆西","to":"重庆北","dist_km":29.3,"fare_local":12,"currency":"CNY","local_per_km":0.4006,"usd_per_km":0.0572,"extra":{"n_fare_points":null,"overlap_trimmed":false},"from_en":"Chongqingxi","to_en":"Chongqingbei","line_en":"Lianluoxian/chengneiduan"},"geometry":{"type":"LineString","coordinates":[[106.4322,29.503],[106.4299,29.526],[106.4306,29.6012],[106.4313,29.6078],[106.4329,29.6144],[106.4336,29.6261],[106.4313,29.6377],[106.4341,29.6497],[106.4358,29.6526],[106.4415,29.6561],[106.445,29.6573],[106.4517,29.6577],[106.4547,29.6571],[106.4627,29.653],[106.4786,29.6474],[106.4863,29.6414],[106.4945,29.636],[106.5326,29.6125],[106.5368,29.6118],[106.5473,29.6123]]}},{"type":"Feature","properties":{"country":"China","line":"联络线/城内段","from":"广州白云","to":"广州东","dist_km":12.9,"fare_local":7,"currency":"CNY","local_per_km":0.5068,"usd_per_km":0.0724,"extra":{"n_fare_points":null,"overlap_trimmed":false},"from_en":"Guangzhou Baiyun","to_en":"Guangzhoudong","line_en":"Lianluoxian/chengneiduan"},"geometry":{"type":"LineString","coordinates":[[113.2405,23.194],[113.2416,23.1794],[113.24,23.1688],[113.2407,23.1664],[113.2443,23.1593],[113.2485,23.1551],[113.26,23.1487],[113.2645,23.1451],[113.2681,23.1432],[113.271,23.1428],[113.2781,23.1455],[113.2826,23.1443],[113.2855,23.1446],[113.293,23.1497],[113.298,23.1547],[113.2999,23.1557],[113.3081,23.1561],[113.3196,23.1537]]}},{"type":"Feature","properties":{"country":"China","line":"联络线/城内段","from":"郑州东","to":"郑州","dist_km":14.1,"fare_local":7,"currency":"CNY","local_per_km":0.4646,"usd_per_km":0.0664,"extra":{"n_fare_points":null,"overlap_trimmed":false},"from_en":"Zhengzhoudong","to_en":"Zhengzhou","line_en":"Lianluoxian/chengneiduan"},"geometry":{"type":"LineString","coordinates":[[113.7733,34.7602],[113.7725,34.7534],[113.7731,34.7413],[113.7706,34.738],[113.7666,34.7365],[113.6653,34.7343],[113.6596,34.7369],[113.6537,34.7475]]}},{"type":"Feature","properties":{"country":"China","line":"联络线/城内段","from":"白洋淀","to":"保定东","dist_km":35.8,"fare_local":15,"currency":"CNY","local_per_km":0.4197,"usd_per_km":0.06,"extra":{"n_fare_points":null,"overlap_trimmed":false},"from_en":"Baiyangdian","to_en":"Baoding East","line_en":"Lianluoxian/chengneiduan"},"geometry":{"type":"LineString","coordinates":[[115.8685,39.0686],[115.8369,39.0675],[115.8133,39.0657],[115.8042,39.0665],[115.7892,39.0696],[115.7842,39.0699],[115.778,39.0688],[115.7725,39.0658],[115.7164,39.0028],[115.6932,38.9825],[115.6839,38.9728],[115.629,38.9081],[115.5998,38.868],[115.5957,38.8635]]}},{"type":"Feature","properties":{"country":"China","line":"联络线/城内段","from":"济南东","to":"济南","dist_km":19.9,"fare_local":7,"currency":"CNY","local_per_km":0.3693,"usd_per_km":0.0528,"extra":{"n_fare_points":null,"overlap_trimmed":false},"from_en":"Jinandong","to_en":"Jinan","line_en":"Lianluoxian/chengneiduan"},"geometry":{"type":"LineString","coordinates":[[117.1539,36.7485],[117.1303,36.7493],[117.1184,36.7517],[117.1149,36.7512],[117.1089,36.749],[117.1048,36.7458],[117.0953,36.7321],[117.095,36.7291],[117.0971,36.7173],[117.0962,36.7092],[117.094,36.7064],[117.0825,36.7029],[117.0563,36.6914],[117.0301,36.6826],[116.9988,36.6766],[116.9937,36.673],[116.9852,36.6708]]}},{"type":"Feature","properties":{"country":"China","line":"联络线/城内段","from":"天津西","to":"武清","dist_km":31.7,"fare_local":14,"currency":"CNY","local_per_km":0.4542,"usd_per_km":0.0649,"extra":{"n_fare_points":null,"overlap_trimmed":false},"from_en":"Tianjinxi","to_en":"Wuqing","line_en":"Lianluoxian/chengneiduan"},"geometry":{"type":"LineString","coordinates":[[117.1571,39.1574],[117.1641,39.1577],[117.17,39.1572],[117.1756,39.1605],[117.1813,39.1715],[117.1897,39.1769],[117.1916,39.1788],[117.1927,39.1823],[117.1916,39.1855],[117.1794,39.1966],[117.1743,39.2024],[117.0671,39.3474],[117.0631,39.3504],[117.0476,39.3581],[117.0137,39.3693],[117.0099,39.3711]]}},{"type":"Feature","properties":{"country":"China","line":"联络线/城内段","from":"肥西","to":"合肥南","dist_km":20.6,"fare_local":9,"currency":"CNY","local_per_km":0.4572,"usd_per_km":0.0653,"extra":{"n_fare_points":null,"overlap_trimmed":false},"from_en":"Feixi","to_en":"Hefeinan","line_en":"Lianluoxian/chengneiduan"},"geometry":{"type":"LineString","coordinates":[[117.1373,31.7184],[117.1407,31.7245],[117.1467,31.7332],[117.1488,31.7382],[117.1504,31.7446],[117.1508,31.7492],[117.1483,31.7688],[117.1482,31.7778],[117.1503,31.783],[117.1548,31.7869],[117.1598,31.7886],[117.1768,31.7903],[117.2153,31.7909],[117.2628,31.7991],[117.278,31.8004],[117.2849,31.8003]]}},{"type":"Feature","properties":{"country":"China","line":"联络线/城内段","from":"济南","to":"长清","dist_km":30.0,"fare_local":14,"currency":"CNY","local_per_km":0.4746,"usd_per_km":0.0678,"extra":{"n_fare_points":null,"overlap_trimmed":false},"from_en":"Jinan","to_en":"Zhangqing","line_en":"Lianluoxian/chengneiduan"},"geometry":{"type":"LineString","coordinates":[[116.9852,36.6708],[116.9624,36.6649],[116.9447,36.6537],[116.9347,36.6373],[116.9325,36.6172],[116.9316,36.614],[116.9267,36.608],[116.9212,36.6044],[116.9146,36.603],[116.8969,36.6052],[116.8774,36.6044],[116.8439,36.5995],[116.7961,36.6012],[116.7822,36.6],[116.7709,36.5967],[116.7609,36.5916],[116.7228,36.5634],[116.7268,36.5654]]}},{"type":"Feature","properties":{"country":"China","line":"联络线/城内段","from":"北京","to":"北京朝阳","dist_km":12.8,"fare_local":7,"currency":"CNY","local_per_km":0.535,"usd_per_km":0.0765,"extra":{"n_fare_points":null,"overlap_trimmed":false},"from_en":"Beijing","to_en":"Beijing Chaoyang","line_en":"Lianluoxian/chengneiduan"},"geometry":{"type":"LineString","coordinates":[[116.421,39.9011],[116.4317,39.9004],[116.4362,39.8995],[116.4421,39.8999],[116.4463,39.8991],[116.4551,39.9],[116.4643,39.8992],[116.469,39.9004],[116.4806,39.9011],[116.5035,39.9005],[116.5097,39.9012],[116.5115,39.9035],[116.5113,39.9085],[116.5095,39.9102],[116.5046,39.9121],[116.5033,39.9141],[116.5032,39.9358],[116.5024,39.9433]]}},{"type":"Feature","properties":{"country":"China","line":"联络线/城内段","from":"福州","to":"连江","dist_km":39.9,"fare_local":19,"currency":"CNY","local_per_km":0.468,"usd_per_km":0.0669,"extra":{"n_fare_points":null,"overlap_trimmed":false},"from_en":"Fuzhou","to_en":"Lianjiang","line_en":"Lianluoxian/chengneiduan"},"geometry":{"type":"LineString","coordinates":[[119.3156,26.1168],[119.3341,26.1088],[119.3506,26.1055],[119.3529,26.1042],[119.3573,26.1004],[119.3588,26.0974],[119.3675,26.0533],[119.3695,26.0499],[119.3729,26.0472],[119.3831,26.0418],[119.3965,26.0391],[119.4025,26.0388],[119.4186,26.0419],[119.4325,26.0471],[119.4783,26.0676],[119.4975,26.0799],[119.5123,26.0928],[119.517,26.0988],[119.5212,26.1062],[119.5311,26.1288],[119.5364,26.1374],[119.5426,26.1443],[119.5529,26.1532],[119.5581,26.1602],[119.5608,26.1652],[119.564,26.177],[119.5642,26.1841],[119.5627,26.1977]]}},{"type":"Feature","properties":{"country":"China","line":"联络线/城内段","from":"佛山西","to":"广州","dist_km":27.5,"fare_local":12,"currency":"CNY","local_per_km":0.4431,"usd_per_km":0.0633,"extra":{"n_fare_points":null,"overlap_trimmed":false},"from_en":"Foshanxi","to_en":"Guangzhou","line_en":"Lianluoxian/chengneiduan"},"geometry":{"type":"LineString","coordinates":[[113.0283,23.082],[113.0529,23.087],[113.0705,23.0978],[113.0758,23.0997],[113.0802,23.0997],[113.1006,23.0966],[113.1046,23.0951],[113.1136,23.0893],[113.1174,23.0882],[113.1209,23.088],[113.1251,23.0887],[113.1472,23.096],[113.1617,23.0988],[113.1726,23.1029],[113.1947,23.103],[113.1973,23.105],[113.2115,23.1261],[113.2155,23.1281],[113.2237,23.1282],[113.2271,23.1293],[113.2382,23.1404],[113.2404,23.1444],[113.2398,23.1521],[113.2411,23.1547],[113.2445,23.1557],[113.2523,23.1526]]}},{"type":"Feature","properties":{"country":"China","line":"联络线/城内段","from":"天津西","to":"天津南","dist_km":17.4,"fare_local":8,"currency":"CNY","local_per_km":0.4586,"usd_per_km":0.0655,"extra":{"n_fare_points":null,"overlap_trimmed":false},"from_en":"Tianjinxi","to_en":"Tianjinnan","line_en":"Lianluoxian/chengneiduan"},"geometry":{"type":"LineString","coordinates":[[117.1571,39.1574],[117.1279,39.1561],[117.104,39.1529],[117.087,39.1467],[117.0686,39.1357],[117.0636,39.1321],[117.0599,39.1271],[117.0584,39.1221],[117.0573,39.076],[117.0545,39.0561]]}},{"type":"Feature","properties":{"country":"China","line":"联络线/城内段","from":"广州北","to":"广州","dist_km":26.5,"fare_local":13,"currency":"CNY","local_per_km":0.5068,"usd_per_km":0.0724,"extra":{"n_fare_points":null,"overlap_trimmed":false},"from_en":"Guangzhoubei","to_en":"Guangzhou","line_en":"Lianluoxian/chengneiduan"},"geometry":{"type":"LineString","coordinates":[[113.1984,23.3794],[113.2045,23.3609],[113.2037,23.3531],[113.204,23.3502],[113.2258,23.2677],[113.2266,23.2384],[113.2405,23.2173],[113.2414,23.2149],[113.2416,23.1794],[113.2402,23.1677],[113.2449,23.1583],[113.2523,23.1526]]}},{"type":"Feature","properties":{"country":"China","line":"联络线/城内段","from":"北京","to":"北京西","dist_km":9.1,"fare_local":5,"currency":"CNY","local_per_km":0.5094,"usd_per_km":0.0728,"extra":{"n_fare_points":null,"overlap_trimmed":false},"from_en":"Beijing","to_en":"Beijingxi","line_en":"Lianluoxian/chengneiduan"},"geometry":{"type":"LineString","coordinates":[[116.421,39.9011],[116.4127,39.8997],[116.3917,39.8983],[116.3865,39.8988],[116.3711,39.8983],[116.3274,39.8954],[116.3151,39.8937]]}},{"type":"Feature","properties":{"country":"China","line":"联络线/城内段","from":"郑州西","to":"郑州","dist_km":23.7,"fare_local":11,"currency":"CNY","local_per_km":0.4762,"usd_per_km":0.068,"extra":{"n_fare_points":null,"overlap_trimmed":false},"from_en":"Zhengzhou West","to_en":"Zhengzhou","line_en":"Lianluoxian/chengneiduan"},"geometry":{"type":"LineString","coordinates":[[113.4185,34.7449],[113.4572,34.7417],[113.4653,34.7422],[113.47,34.7434],[113.4747,34.7454],[113.5043,34.761],[113.5134,34.767],[113.5196,34.7696],[113.5496,34.7731],[113.5758,34.7739],[113.5811,34.7733],[113.6068,34.767],[113.6288,34.7625],[113.6437,34.7635],[113.6452,34.7624],[113.6487,34.7575],[113.6537,34.7475]]}},{"type":"Feature","properties":{"country":"China","line":"联络线/城内段","from":"新郑机场","to":"郑州","dist_km":37.5,"fare_local":18,"currency":"CNY","local_per_km":0.4762,"usd_per_km":0.068,"extra":{"n_fare_points":null,"overlap_trimmed":false},"from_en":"Xinzhengjichang","to_en":"Zhengzhou","line_en":"Lianluoxian/chengneiduan"},"geometry":{"type":"LineString","coordinates":[[113.8474,34.5272],[113.8334,34.5319],[113.8304,34.5336],[113.8275,34.5362],[113.8254,34.54],[113.8247,34.5428],[113.8251,34.5469],[113.8307,34.5689],[113.8308,34.5969],[113.8299,34.6035],[113.8281,34.6081],[113.8255,34.6122],[113.8122,34.6261],[113.8057,34.6391],[113.8011,34.6464],[113.7887,34.658],[113.7851,34.6634],[113.7836,34.6699],[113.7851,34.6901],[113.7816,34.7022],[113.7803,34.7099],[113.7771,34.7197],[113.775,34.7307],[113.7737,34.7332],[113.7704,34.7354],[113.7664,34.7359],[113.6653,34.7343],[113.6596,34.7369],[113.6537,34.7475]]}},{"type":"Feature","properties":{"country":"China","line":"联络线/城内段","from":"罗浮山","to":"惠州北","dist_km":36.1,"fare_local":20,"currency":"CNY","local_per_km":0.5662,"usd_per_km":0.0809,"extra":{"n_fare_points":null,"overlap_trimmed":false},"from_en":"Luofushan","to_en":"Huizhoubei","line_en":"Lianluoxian/chengneiduan"},"geometry":{"type":"LineString","coordinates":[[114.0648,23.1973],[114.0714,23.196],[114.101,23.1923],[114.1149,23.189],[114.1234,23.1858],[114.1312,23.1818],[114.161,23.1608],[114.1734,23.1536],[114.182,23.1497],[114.2422,23.1323],[114.2656,23.1284],[114.2811,23.1245],[114.2878,23.1252],[114.3106,23.1301],[114.3205,23.1326],[114.3259,23.1349],[114.3329,23.1405],[114.3478,23.1607],[114.3697,23.179],[114.3753,23.1829]]}},{"type":"Feature","properties":{"country":"China","line":"联络线/城内段","from":"长春西","to":"长春","dist_km":12.1,"fare_local":5,"currency":"CNY","local_per_km":0.4256,"usd_per_km":0.0608,"extra":{"n_fare_points":null,"overlap_trimmed":false},"from_en":"Changchunxi","to_en":"Changchun","line_en":"Lianluoxian/chengneiduan"},"geometry":{"type":"LineString","coordinates":[[125.1939,43.8749],[125.2219,43.892],[125.2302,43.8989],[125.2412,43.9108],[125.2453,43.9133],[125.2504,43.9151],[125.2565,43.916],[125.27,43.9161],[125.2941,43.9155],[125.2995,43.914],[125.3082,43.9095],[125.3177,43.9088]]}},{"type":"Feature","properties":{"country":"China","line":"联络线/城内段","from":"武昌","to":"武汉东","dist_km":20.8,"fare_local":10,"currency":"CNY","local_per_km":0.4747,"usd_per_km":0.0678,"extra":{"n_fare_points":null,"overlap_trimmed":false},"from_en":"Wuchang","to_en":"Wuhandong","line_en":"Lianluoxian/chengneiduan"},"geometry":{"type":"LineString","coordinates":[[114.3125,30.5308],[114.3005,30.515],[114.2987,30.5112],[114.2974,30.5049],[114.2986,30.4963],[114.2984,30.4903],[114.2996,30.4747],[114.3004,30.4727],[114.302,30.471],[114.3076,30.4684],[114.3116,30.468],[114.3185,30.4691],[114.3264,30.4687],[114.3291,30.4677],[114.3346,30.4634],[114.3385,30.4625],[114.3553,30.4646],[114.3839,30.4712],[114.4175,30.4723],[114.4208,30.4736],[114.423,30.4761],[114.4252,30.4886]]}},{"type":"Feature","properties":{"country":"China","line":"联络线/城内段","from":"佛山西","to":"广州白云","dist_km":30.7,"fare_local":13,"currency":"CNY","local_per_km":0.4234,"usd_per_km":0.0605,"extra":{"n_fare_points":null,"overlap_trimmed":false},"from_en":"Foshanxi","to_en":"Guangzhou Baiyun","line_en":"Lianluoxian/chengneiduan"},"geometry":{"type":"LineString","coordinates":[[113.0283,23.082],[113.0529,23.087],[113.0705,23.0978],[113.0758,23.0997],[113.0802,23.0997],[113.1006,23.0966],[113.1046,23.0951],[113.1136,23.0893],[113.1174,23.0882],[113.1209,23.088],[113.1251,23.0887],[113.1472,23.096],[113.1617,23.0988],[113.1726,23.1029],[113.1926,23.1026],[113.1955,23.1034],[113.1976,23.1053],[113.2111,23.1258],[113.2152,23.128],[113.2237,23.1282],[113.2271,23.1293],[113.2379,23.1401],[113.2401,23.1433],[113.2406,23.1456],[113.2394,23.154],[113.2371,23.159],[113.2386,23.1647],[113.2413,23.1813],[113.2405,23.194]]}},{"type":"Feature","properties":{"country":"China","line":"联络线/城内段","from":"北京","to":"北京南","dist_km":8.7,"fare_local":4,"currency":"CNY","local_per_km":0.5123,"usd_per_km":0.0732,"extra":{"n_fare_points":null,"overlap_trimmed":false},"from_en":"Beijing","to_en":"Beijingnan","line_en":"Lianluoxian/chengneiduan"},"geometry":{"type":"LineString","coordinates":[[116.421,39.9011],[116.4329,39.9],[116.4345,39.8985],[116.4349,39.8954],[116.4345,39.8931],[116.4301,39.8886],[116.4257,39.8789],[116.4227,39.8757],[116.4175,39.8718],[116.4147,39.8708],[116.3828,39.8662],[116.3789,39.8662],[116.3724,39.8635]]}},{"type":"Feature","properties":{"country":"China","line":"联络线/城内段","from":"武昌","to":"汉口","dist_km":18.6,"fare_local":8,"currency":"CNY","local_per_km":0.4217,"usd_per_km":0.0603,"extra":{"n_fare_points":null,"overlap_trimmed":false},"from_en":"Wuchang","to_en":"Hankou","line_en":"Lianluoxian/chengneiduan"},"geometry":{"type":"LineString","coordinates":[[114.3125,30.5308],[114.3178,30.5387],[114.3173,30.5416],[114.315,30.5436],[114.3017,30.547],[114.2891,30.5488],[114.2742,30.5565],[114.2576,30.5538],[114.2546,30.5541],[114.2327,30.5619],[114.231,30.563],[114.2276,30.5669],[114.2268,30.5692],[114.2266,30.5784],[114.2201,30.6031],[114.2202,30.6054],[114.2216,30.6085],[114.2238,30.6104],[114.2369,30.617],[114.2494,30.6217]]}},{"type":"Feature","properties":{"country":"China","line":"联络线/城内段","from":"青岛北","to":"青岛机场","dist_km":41.6,"fare_local":15,"currency":"CNY","local_per_km":0.3622,"usd_per_km":0.0518,"extra":{"n_fare_points":null,"overlap_trimmed":false},"from_en":"Qingdaobei","to_en":"Qingdao Airport","line_en":"Lianluoxian/chengneiduan"},"geometry":{"type":"LineString","coordinates":[[120.3681,36.1692],[120.3686,36.1761],[120.3681,36.1808],[120.364,36.1962],[120.3638,36.199],[120.3656,36.2032],[120.3725,36.21],[120.3734,36.2125],[120.3733,36.2147],[120.3722,36.2172],[120.3701,36.2191],[120.3569,36.226],[120.3549,36.2294],[120.3544,36.2341],[120.3534,36.2372],[120.3517,36.2391],[120.349,36.2405],[120.3435,36.241],[120.3017,36.2382],[120.2901,36.2379],[120.2648,36.2339],[120.2558,36.2334],[120.2427,36.2353],[120.2214,36.2436],[120.2071,36.246],[120.1988,36.2463],[120.1583,36.2421],[120.1511,36.2434],[120.1454,36.2461],[120.1407,36.2503],[120.1324,36.2625],[120.1154,36.3019],[120.1117,36.3162],[120.1099,36.321],[120.1061,36.3284],[120.0971,36.3419],[120.0898,36.3592]]}},{"type":"Feature","properties":{"country":"China","line":"联络线/城内段","from":"合肥","to":"合肥北城","dist_km":21.7,"fare_local":10,"currency":"CNY","local_per_km":0.4766,"usd_per_km":0.0681,"extra":{"n_fare_points":null,"overlap_trimmed":false},"from_en":"Hefei","to_en":"Hefei Beicheng","line_en":"Lianluoxian/chengneiduan"},"geometry":{"type":"LineString","coordinates":[[117.3119,31.8879],[117.2953,31.8972],[117.2934,31.8989],[117.2903,31.9033],[117.2878,31.9119],[117.2822,31.9382],[117.281,31.9569],[117.2793,31.9591],[117.2745,31.9625],[117.2662,31.9709],[117.2625,31.9771],[117.2616,31.9809],[117.2609,31.9916],[117.2565,31.9972],[117.2553,32.0005],[117.2528,32.0276],[117.2467,32.0587],[117.2467,32.0654]]}},{"type":"Feature","properties":{"country":"China","line":"联络线/城内段","from":"博罗","to":"惠州北","dist_km":20.3,"fare_local":11,"currency":"CNY","local_per_km":0.5662,"usd_per_km":0.0809,"extra":{"n_fare_points":null,"overlap_trimmed":false},"from_en":"Boluo","to_en":"Huizhoubei","line_en":"Lianluoxian/chengneiduan"},"geometry":{"type":"LineString","coordinates":[[114.2036,23.1436],[114.2397,23.1331],[114.2522,23.1305],[114.2696,23.1286],[114.2975,23.1279],[114.3036,23.1286],[114.3205,23.1327],[114.3248,23.1344],[114.3287,23.1369],[114.3328,23.1406],[114.3477,23.1607],[114.3697,23.179],[114.3753,23.1829]]}},{"type":"Feature","properties":{"country":"China","line":"联络线/城内段","from":"大连","to":"金州","dist_km":31.3,"fare_local":13,"currency":"CNY","local_per_km":0.4245,"usd_per_km":0.0607,"extra":{"n_fare_points":null,"overlap_trimmed":false},"from_en":"Dalian","to_en":"Jinzhou","line_en":"Lianluoxian/chengneiduan"},"geometry":{"type":"LineString","coordinates":[[121.6277,38.9217],[121.6203,38.9191],[121.6111,38.9216],[121.599,38.9226],[121.5922,38.9252],[121.5778,38.9256],[121.5709,38.9276],[121.5647,38.9327],[121.5581,38.9445],[121.5575,38.9465],[121.5622,38.9635],[121.5619,38.9679],[121.5595,38.9769],[121.559,38.9833],[121.5636,38.9963],[121.5664,38.9989],[121.5761,39.003],[121.5866,39.0108],[121.6119,39.0188],[121.6218,39.0231],[121.6283,39.0287],[121.629,39.0313],[121.628,39.0375],[121.6295,39.0401],[121.6316,39.0415],[121.6842,39.0551],[121.6887,39.0569],[121.7222,39.087]]}},{"type":"Feature","properties":{"country":"China","line":"联络线/城内段","from":"宜昌东","to":"宜昌北","dist_km":16.9,"fare_local":6,"currency":"CNY","local_per_km":0.375,"usd_per_km":0.0536,"extra":{"n_fare_points":null,"overlap_trimmed":false},"from_en":"Yichangdong","to_en":"Yichangbei","line_en":"Lianluoxian/chengneiduan"},"geometry":{"type":"LineString","coordinates":[[111.3649,30.6604],[111.3529,30.6649],[111.3516,30.6669],[111.352,30.6694],[111.3593,30.675],[111.3721,30.6865],[111.3921,30.7163],[111.4032,30.729],[111.4185,30.7376],[111.4299,30.742],[111.4396,30.7443],[111.4636,30.7475],[111.4697,30.747]]}},{"type":"Feature","properties":{"country":"China","line":"联络线/城内段","from":"上海虹桥","to":"上海南","dist_km":20.4,"fare_local":10,"currency":"CNY","local_per_km":0.4693,"usd_per_km":0.0671,"extra":{"n_fare_points":null,"overlap_trimmed":false},"from_en":"Shanghai-Hongqiao","to_en":"Shanghainan","line_en":"Lianluoxian/chengneiduan"},"geometry":{"type":"LineString","coordinates":[[121.3162,31.196],[121.3173,31.1889],[121.3182,31.1733],[121.3199,31.1677],[121.3349,31.1428],[121.3556,31.114],[121.3608,31.1032],[121.3639,31.1008],[121.3679,31.1005],[121.3709,31.1019],[121.3816,31.1129],[121.3911,31.1257],[121.4041,31.1381],[121.4249,31.155]]}},{"type":"Feature","properties":{"country":"China","line":"联络线/城内段","from":"上海虹桥","to":"上海","dist_km":26.9,"fare_local":13,"currency":"CNY","local_per_km":0.4881,"usd_per_km":0.0697,"extra":{"n_fare_points":null,"overlap_trimmed":false},"from_en":"Shanghai-Hongqiao","to_en":"Shanghai","line_en":"Lianluoxian/chengneiduan"},"geometry":{"type":"LineString","coordinates":[[121.3162,31.196],[121.3153,31.203],[121.3154,31.2097],[121.3138,31.2209],[121.3103,31.2258],[121.2987,31.2366],[121.2877,31.2513],[121.282,31.2651],[121.2806,31.2695],[121.2812,31.2739],[121.2834,31.2784],[121.2853,31.2799],[121.2952,31.2807],[121.3002,31.2791],[121.3057,31.2788],[121.3222,31.2755],[121.3392,31.2732],[121.3546,31.267],[121.3731,31.2638],[121.3774,31.2643],[121.3832,31.2671],[121.3867,31.267],[121.4373,31.2574],[121.4512,31.2516]]}},{"type":"Feature","properties":{"country":"China","line":"联络线/城内段","from":"葛店南","to":"武汉东","dist_km":25.5,"fare_local":10,"currency":"CNY","local_per_km":0.4,"usd_per_km":0.0572,"extra":{"n_fare_points":null,"overlap_trimmed":false},"from_en":"Gedian South Railway Station","to_en":"Wuhandong","line_en":"Lianluoxian/chengneiduan"},"geometry":{"type":"LineString","coordinates":[[114.6551,30.4926],[114.6356,30.4927],[114.6217,30.4954],[114.6135,30.4984],[114.5725,30.5186],[114.5576,30.5228],[114.5245,30.5285],[114.5031,30.531],[114.4719,30.5315],[114.4654,30.5295],[114.4623,30.527],[114.4613,30.525],[114.4607,30.5198],[114.4591,30.5148],[114.456,30.5111],[114.4282,30.4976],[114.4268,30.4955],[114.4252,30.4886]]}},{"type":"Feature","properties":{"country":"China","line":"联络线/城内段","from":"重庆西","to":"璧山","dist_km":26.2,"fare_local":14,"currency":"CNY","local_per_km":0.5411,"usd_per_km":0.0773,"extra":{"n_fare_points":null,"overlap_trimmed":false},"from_en":"Chongqingxi","to_en":"Bishan","line_en":"Lianluoxian/chengneiduan"},"geometry":{"type":"LineString","coordinates":[[106.4322,29.503],[106.4301,29.5244],[106.4319,29.5334],[106.4293,29.5422],[106.4255,29.5462],[106.4223,29.5481],[106.3986,29.5562],[106.3954,29.5566],[106.3919,29.5559],[106.383,29.5519],[106.368,29.5482],[106.2911,29.5358],[106.2777,29.5327],[106.2611,29.5275],[106.2473,29.5224],[106.2372,29.5171],[106.2207,29.5067]]}},{"type":"Feature","properties":{"country":"China","line":"联络线/城内段","from":"贵阳","to":"花溪大学城","dist_km":33.8,"fare_local":14,"currency":"CNY","local_per_km":0.4006,"usd_per_km":0.0572,"extra":{"n_fare_points":null,"overlap_trimmed":false},"from_en":"Guiyang","to_en":"Huaxi Daxuecheng","line_en":"Lianluoxian/chengneiduan"},"geometry":{"type":"LineString","coordinates":[[106.6987,26.5599],[106.7053,26.557],[106.7099,26.5532],[106.7134,26.5466],[106.7266,26.5363],[106.7322,26.5341],[106.7472,26.5321],[106.7571,26.5279],[106.7632,26.5243],[106.7693,26.5186],[106.779,26.5056],[106.7878,26.4955],[106.7886,26.4931],[106.788,26.491],[106.7612,26.447],[106.7535,26.4368],[106.7468,26.43],[106.7187,26.4114],[106.6955,26.4029],[106.6902,26.402],[106.6602,26.3998],[106.6401,26.3947],[106.6345,26.395],[106.6224,26.3977]]}},{"type":"Feature","properties":{"country":"China","line":"联络线/城内段","from":"贵阳北","to":"白云北","dist_km":11.6,"fare_local":5,"currency":"CNY","local_per_km":0.4644,"usd_per_km":0.0664,"extra":{"n_fare_points":null,"overlap_trimmed":false},"from_en":"Guiyangbei","to_en":"Baiyunbei","line_en":"Lianluoxian/chengneiduan"},"geometry":{"type":"LineString","coordinates":[[106.6725,26.6228],[106.6733,26.6293],[106.6769,26.6369],[106.681,26.6488],[106.6944,26.6749],[106.695,26.6791],[106.6938,26.6819],[106.6892,26.6869],[106.6744,26.7016],[106.6687,26.7044],[106.6591,26.7067]]}},{"type":"Feature","properties":{"country":"China","line":"联络线/城内段","from":"贵阳","to":"龙里北","dist_km":30.7,"fare_local":13,"currency":"CNY","local_per_km":0.4372,"usd_per_km":0.0625,"extra":{"n_fare_points":null,"overlap_trimmed":false},"from_en":"Guiyang","to_en":"Longlibei","line_en":"Lianluoxian/chengneiduan"},"geometry":{"type":"LineString","coordinates":[[106.6987,26.5599],[106.7053,26.557],[106.7099,26.5532],[106.7134,26.5466],[106.7266,26.5363],[106.7322,26.5341],[106.7472,26.5321],[106.7571,26.5279],[106.7632,26.5243],[106.7693,26.5186],[106.7823,26.5018],[106.7931,26.49],[106.7975,26.4865],[106.8323,26.471],[106.8414,26.4686],[106.8562,26.4633],[106.8617,26.4619],[106.8708,26.4608],[106.9001,26.4602],[106.9082,26.4607],[106.9212,26.463],[106.9346,26.4699],[106.9393,26.4714],[106.9632,26.4718]]}},{"type":"Feature","properties":{"country":"China","line":"联络线/城内段","from":"贵阳","to":"花溪南","dist_km":28.2,"fare_local":11,"currency":"CNY","local_per_km":0.4006,"usd_per_km":0.0572,"extra":{"n_fare_points":null,"overlap_trimmed":false},"from_en":"Guiyang","to_en":"Huaxinan","line_en":"Lianluoxian/chengneiduan"},"geometry":{"type":"LineString","coordinates":[[106.6987,26.5599],[106.7053,26.557],[106.7099,26.5532],[106.7134,26.5466],[106.7266,26.5363],[106.7322,26.5341],[106.7472,26.5321],[106.7571,26.5279],[106.7632,26.5243],[106.77,26.5177],[106.779,26.5056],[106.7878,26.4955],[106.7886,26.4927],[106.7858,26.4866],[106.7739,26.4674],[106.7683,26.4594],[106.7612,26.447],[106.7557,26.4394],[106.7486,26.4313],[106.721,26.4127],[106.7133,26.409],[106.6955,26.4029],[106.6902,26.402],[106.6772,26.4015]]}},{"type":"Feature","properties":{"country":"China","line":"联络线/城内段","from":"上海","to":"太仓南","dist_km":44.2,"fare_local":21,"currency":"CNY","local_per_km":0.4656,"usd_per_km":0.0665,"extra":{"n_fare_points":null,"overlap_trimmed":false},"from_en":"Shanghai","to_en":"Taicangnan","line_en":"Lianluoxian/chengneiduan"},"geometry":{"type":"LineString","coordinates":[[121.4512,31.2516],[121.4439,31.255],[121.4355,31.2578],[121.1645,31.3092],[121.127,31.321],[121.1188,31.3248],[121.1108,31.3271],[121.1084,31.329],[121.1072,31.3315],[121.1065,31.337],[121.1038,31.3464],[121.1047,31.3523],[121.1066,31.3555],[121.1382,31.3934],[121.1446,31.4036],[121.1476,31.4101]]}},{"type":"Feature","properties":{"country":"China","line":"联络线/城内段","from":"贵阳北","to":"花溪大学城","dist_km":44.0,"fare_local":21,"currency":"CNY","local_per_km":0.4674,"usd_per_km":0.0668,"extra":{"n_fare_points":null,"overlap_trimmed":false},"from_en":"Guiyangbei","to_en":"Huaxi Daxuecheng","line_en":"Lianluoxian/chengneiduan"},"geometry":{"type":"LineString","coordinates":[[106.6725,26.6228],[106.6711,26.6158],[106.6702,26.6061],[106.6716,26.6024],[106.6761,26.5977],[106.6767,26.5951],[106.6704,26.5821],[106.6644,26.574],[106.664,26.5711],[106.6654,26.5684],[106.6688,26.5669],[106.6757,26.5666],[106.683,26.5639],[106.6902,26.5636],[106.7046,26.5576],[106.7104,26.5523],[106.7134,26.5466],[106.7266,26.5363],[106.7322,26.5341],[106.7472,26.5321],[106.761,26.5258],[106.7658,26.5221],[106.77,26.5177],[106.779,26.5056],[106.7878,26.4955],[106.7885,26.4923],[106.7858,26.4866],[106.7739,26.4674],[106.7683,26.4594],[106.7612,26.447],[106.7535,26.4368],[106.7468,26.43],[106.7187,26.4114],[106.6955,26.4029],[106.6902,26.402],[106.6602,26.3998],[106.6401,26.3947],[106.6345,26.395],[106.6224,26.3977]]}},{"type":"Feature","properties":{"country":"China","line":"联络线/城内段","from":"济南东","to":"章丘","dist_km":32.2,"fare_local":12,"currency":"CNY","local_per_km":0.3693,"usd_per_km":0.0528,"extra":{"n_fare_points":null,"overlap_trimmed":false},"from_en":"Jinandong","to_en":"Zhangqiu","line_en":"Lianluoxian/chengneiduan"},"geometry":{"type":"LineString","coordinates":[[117.1539,36.7485],[117.161,36.7477],[117.1724,36.7475],[117.1911,36.7479],[117.204,36.75],[117.2231,36.7559],[117.2334,36.7581],[117.2464,36.7593],[117.2609,36.7587],[117.2665,36.7576],[117.2712,36.7552],[117.2847,36.742],[117.2962,36.735],[117.3012,36.7339],[117.3197,36.7347],[117.3263,36.7339],[117.3327,36.7316],[117.3448,36.7241],[117.3527,36.7218],[117.3615,36.7214],[117.3782,36.7244],[117.3929,36.724],[117.4191,36.7246],[117.4374,36.7241],[117.4618,36.7271],[117.4679,36.7273],[117.4765,36.7264],[117.4877,36.7231],[117.4939,36.7222]]}},{"type":"Feature","properties":{"country":"China","line":"联络线/城内段","from":"成都东","to":"犀浦","dist_km":31.0,"fare_local":15,"currency":"CNY","local_per_km":0.4772,"usd_per_km":0.0682,"extra":{"n_fare_points":null,"overlap_trimmed":false},"from_en":"Chengdudong","to_en":"Xipu","line_en":"Lianluoxian/chengneiduan"},"geometry":{"type":"LineString","coordinates":[[104.1389,30.6313],[104.1465,30.6493],[104.1531,30.6699],[104.154,30.678],[104.1536,30.6866],[104.1526,30.6898],[104.1485,30.6971],[104.1458,30.6981],[104.1078,30.6987],[104.1035,30.6994],[104.0678,30.6996],[104.0601,30.7003],[104.0582,30.7017],[104.0576,30.7043],[104.0592,30.7087],[104.0622,30.7213],[104.0666,30.7313],[104.0654,30.7342],[104.058,30.7399],[104.0546,30.7413],[104.0469,30.7424],[104.0185,30.7369],[104.0009,30.7344],[103.9968,30.7344],[103.9935,30.7358],[103.9837,30.7424],[103.9762,30.7539],[103.9702,30.7595]]}},{"type":"Feature","properties":{"country":"China","line":"联络线/城内段","from":"贵阳东","to":"修文县","dist_km":24.5,"fare_local":11,"currency":"CNY","local_per_km":0.4537,"usd_per_km":0.0648,"extra":{"n_fare_points":null,"overlap_trimmed":false},"from_en":"Guiyangdong","to_en":"Xiuwenxian","line_en":"Lianluoxian/chengneiduan"},"geometry":{"type":"LineString","coordinates":[[106.7407,26.6676],[106.7072,26.6752],[106.7054,26.6766],[106.7023,26.6807],[106.701,26.685],[106.7017,26.6875],[106.7094,26.7027],[106.7174,26.7299],[106.7331,26.7558],[106.7359,26.7614],[106.7379,26.7676],[106.7392,26.7769],[106.7391,26.7925],[106.7404,26.8062],[106.741,26.8302],[106.7437,26.8415],[106.7489,26.8546]]}},{"type":"Feature","properties":{"country":"China","line":"联络线/城内段","from":"厦门","to":"角美","dist_km":36.7,"fare_local":14,"currency":"CNY","local_per_km":0.3833,"usd_per_km":0.0548,"extra":{"n_fare_points":null,"overlap_trimmed":false},"from_en":"Xiamen","to_en":"Jiaomei","line_en":"Lianluoxian/chengneiduan"},"geometry":{"type":"LineString","coordinates":[[118.1111,24.4703],[118.1163,24.4746],[118.1217,24.4824],[118.1308,24.4913],[118.1324,24.5016],[118.132,24.5119],[118.1307,24.5147],[118.1253,24.5191],[118.1216,24.5255],[118.1183,24.5291],[118.1123,24.5332],[118.1056,24.5487],[118.1003,24.5533],[118.0578,24.5714],[118.0539,24.5725],[118.0451,24.5735],[118.0318,24.5736],[118.0293,24.5747],[118.0179,24.5825],[118.0062,24.5875],[118.0028,24.5877],[117.996,24.586],[117.9891,24.5814],[117.9611,24.5667],[117.9542,24.5619],[117.9457,24.5597],[117.9309,24.5495],[117.9221,24.5447],[117.9196,24.5444],[117.9058,24.5367],[117.8944,24.5334],[117.8754,24.5296]]}},{"type":"Feature","properties":{"country":"China","line":"联络线/城内段","from":"兰州西","to":"兰州","dist_km":10.1,"fare_local":3,"currency":"CNY","local_per_km":0.3333,"usd_per_km":0.0476,"extra":{"n_fare_points":null,"overlap_trimmed":false},"from_en":"Lanzhouxi","to_en":"Lanzhou","line_en":"Lianluoxian/chengneiduan"},"geometry":{"type":"LineString","coordinates":[[103.7493,36.0676],[103.7562,36.0658],[103.7772,36.0629],[103.8074,36.0574],[103.81,36.0559],[103.8194,36.0437],[103.8225,36.0409],[103.8263,36.0393],[103.8485,36.0342]]}},{"type":"Feature","properties":{"country":"China","line":"联络线/城内段","from":"南彭","to":"重庆东","dist_km":17.9,"fare_local":9,"currency":"CNY","local_per_km":0.4932,"usd_per_km":0.0705,"extra":{"n_fare_points":null,"overlap_trimmed":false},"from_en":"Nanpeng","to_en":"Chongqingdong","line_en":"Lianluoxian/chengneiduan"},"geometry":{"type":"LineString","coordinates":[[106.5972,29.3628],[106.633,29.3685],[106.6389,29.3714],[106.643,29.376],[106.6442,29.3789],[106.6447,29.3831],[106.641,29.4196],[106.6418,29.4297],[106.6441,29.4353],[106.6641,29.4644],[106.665,29.4683],[106.6649,29.477],[106.6692,29.4871]]}},{"type":"Feature","properties":{"country":"China","line":"联络线/城内段","from":"贵阳","to":"孟关","dist_km":21.9,"fare_local":9,"currency":"CNY","local_per_km":0.4006,"usd_per_km":0.0572,"extra":{"n_fare_points":null,"overlap_trimmed":false},"from_en":"Guiyang","to_en":"Mengguan","line_en":"Lianluoxian/chengneiduan"},"geometry":{"type":"LineString","coordinates":[[106.6987,26.5599],[106.7053,26.557],[106.7099,26.5532],[106.7134,26.5466],[106.7266,26.5363],[106.7322,26.5341],[106.7472,26.5321],[106.7571,26.5279],[106.7632,26.5243],[106.7693,26.5186],[106.779,26.5056],[106.7884,26.4942],[106.7884,26.4919],[106.7858,26.4866],[106.7579,26.4421],[106.7486,26.4313],[106.735,26.4217]]}},{"type":"Feature","properties":{"country":"China","line":"联络线/城内段","from":"城阳","to":"红岛","dist_km":27.9,"fare_local":10,"currency":"CNY","local_per_km":0.3622,"usd_per_km":0.0518,"extra":{"n_fare_points":null,"overlap_trimmed":false},"from_en":"Chengyang","to_en":"Hongdao","line_en":"Lianluoxian/chengneiduan"},"geometry":{"type":"LineString","coordinates":[[120.3597,36.2993],[120.3651,36.288],[120.3702,36.2638],[120.3779,36.2362],[120.378,36.2322],[120.3768,36.2216],[120.3757,36.22],[120.3741,36.2191],[120.3719,36.2189],[120.37,36.2194],[120.3576,36.2255],[120.3552,36.2285],[120.3543,36.2353],[120.353,36.2379],[120.3497,36.2403],[120.3464,36.2411],[120.3017,36.2382],[120.2901,36.238],[120.2648,36.2339],[120.2558,36.2334],[120.2498,36.2339],[120.241,36.2358],[120.2171,36.2461],[120.2109,36.2478],[120.2044,36.2481],[120.1865,36.2459]]}},{"type":"Feature","properties":{"country":"China","line":"联络线/城内段","from":"安靖","to":"成都西","dist_km":8.9,"fare_local":3,"currency":"CNY","local_per_km":0.3857,"usd_per_km":0.0551,"extra":{"n_fare_points":null,"overlap_trimmed":false},"from_en":"Anjing","to_en":"Chengduxi","line_en":"Lianluoxian/chengneiduan"},"geometry":{"type":"LineString","coordinates":[[104.0343,30.74],[104.0095,30.7355],[104.0051,30.7331],[103.9983,30.7265],[103.986,30.7098],[103.981,30.7054],[103.9775,30.7006],[103.9766,30.6974],[103.9775,30.6879]]}},{"type":"Feature","properties":{"country":"China","line":"联络线/城内段","from":"上海虹桥","to":"上海西","dist_km":21.6,"fare_local":11,"currency":"CNY","local_per_km":0.4881,"usd_per_km":0.0697,"extra":{"n_fare_points":null,"overlap_trimmed":false},"from_en":"Shanghai-Hongqiao","to_en":"Shanghaixi","line_en":"Lianluoxian/chengneiduan"},"geometry":{"type":"LineString","coordinates":[[121.3162,31.196],[121.3153,31.203],[121.3154,31.2097],[121.3138,31.2209],[121.3103,31.2258],[121.2987,31.2366],[121.287,31.2522],[121.285,31.257],[121.2806,31.27],[121.2815,31.2746],[121.2841,31.2792],[121.2865,31.2802],[121.2952,31.2807],[121.3002,31.2791],[121.3057,31.2788],[121.3222,31.2755],[121.3392,31.2732],[121.3546,31.267],[121.3731,31.2638],[121.3774,31.2643],[121.3842,31.2672],[121.3982,31.2646]]}},{"type":"Feature","properties":{"country":"China","line":"联络线/城内段","from":"贵阳","to":"双龙南","dist_km":13.3,"fare_local":6,"currency":"CNY","local_per_km":0.4372,"usd_per_km":0.0625,"extra":{"n_fare_points":null,"overlap_trimmed":false},"from_en":"Guiyang","to_en":"Shuanglongnan","line_en":"Lianluoxian/chengneiduan"},"geometry":{"type":"LineString","coordinates":[[106.6987,26.5599],[106.7053,26.557],[106.7099,26.5532],[106.7134,26.5466],[106.7266,26.5363],[106.7322,26.5341],[106.7472,26.5321],[106.7578,26.5275],[106.7658,26.5221],[106.77,26.5177],[106.779,26.5056],[106.7881,26.4949],[106.7884,26.4919],[106.7847,26.4842]]}},{"type":"Feature","properties":{"country":"China","line":"联络线/城内段","from":"岚山西","to":"日照","dist_km":38.7,"fare_local":17,"currency":"CNY","local_per_km":0.4419,"usd_per_km":0.0631,"extra":{"n_fare_points":null,"overlap_trimmed":false},"from_en":"Lanshanxi","to_en":"Rizhao","line_en":"Lianluoxian/chengneiduan"},"geometry":{"type":"LineString","coordinates":[[119.2709,35.1875],[119.2686,35.1925],[119.2642,35.2052],[119.263,35.2145],[119.2671,35.2319],[119.269,35.2364],[119.2727,35.242],[119.3085,35.2763],[119.3305,35.3044],[119.3358,35.3103],[119.3702,35.3396],[119.3816,35.3465],[119.3866,35.3509],[119.3896,35.3549],[119.3935,35.3632],[119.3965,35.3677],[119.4189,35.397],[119.4256,35.4035],[119.4291,35.4056],[119.4363,35.4079],[119.4557,35.4111],[119.4884,35.4081],[119.4979,35.4039],[119.5068,35.4016],[119.5256,35.4057]]}},{"type":"Feature","properties":{"country":"China","line":"联络线/城内段","from":"金阳","to":"贵阳北","dist_km":23.3,"fare_local":11,"currency":"CNY","local_per_km":0.4674,"usd_per_km":0.0668,"extra":{"n_fare_points":null,"overlap_trimmed":false},"from_en":"Jinyang","to_en":"Guiyangbei","line_en":"Lianluoxian/chengneiduan"},"geometry":{"type":"LineString","coordinates":[[106.5848,26.6513],[106.5852,26.6596],[106.5867,26.6661],[106.5999,26.6934],[106.6049,26.7003],[106.6122,26.7061],[106.6226,26.7103],[106.6333,26.7113],[106.6385,26.7107],[106.6687,26.7044],[106.6727,26.7027],[106.6774,26.6991],[106.6934,26.6823],[106.6946,26.6804],[106.6951,26.678],[106.6944,26.6749],[106.681,26.6488],[106.6769,26.6369],[106.6733,26.6293],[106.6725,26.6228]]}},{"type":"Feature","properties":{"country":"China","line":"联络线/城内段","from":"华容东","to":"武汉东","dist_km":39.5,"fare_local":18,"currency":"CNY","local_per_km":0.4439,"usd_per_km":0.0634,"extra":{"n_fare_points":null,"overlap_trimmed":false},"from_en":"Huarongdong","to_en":"Wuhandong","line_en":"Lianluoxian/chengneiduan"},"geometry":{"type":"LineString","coordinates":[[114.7815,30.5343],[114.7659,30.5322],[114.7597,30.5303],[114.755,30.5279],[114.7482,30.5228],[114.7274,30.5011],[114.7237,30.4979],[114.7158,30.4938],[114.71,30.4924],[114.7048,30.4921],[114.6797,30.4929],[114.6409,30.4925],[114.6295,30.4936],[114.6156,30.4976],[114.5792,30.5156],[114.5725,30.5186],[114.5649,30.5212],[114.5444,30.5252],[114.5128,30.53],[114.5003,30.5313],[114.4778,30.5316],[114.47,30.5324],[114.4656,30.5307],[114.4621,30.5268],[114.4599,30.5175],[114.4587,30.5142],[114.457,30.512],[114.451,30.5084],[114.4291,30.4983],[114.4268,30.4955],[114.4252,30.4886]]}},{"type":"Feature","properties":{"country":"China","line":"联络线/城内段","from":"贵阳北","to":"芦官","dist_km":35.6,"fare_local":17,"currency":"CNY","local_per_km":0.4674,"usd_per_km":0.0668,"extra":{"n_fare_points":null,"overlap_trimmed":false},"from_en":"Guiyangbei","to_en":"Luguan","line_en":"Lianluoxian/chengneiduan"},"geometry":{"type":"LineString","coordinates":[[106.6725,26.6228],[106.6724,26.6157],[106.6704,26.6053],[106.6653,26.5978],[106.6614,26.5867],[106.6583,26.5826],[106.6552,26.5804],[106.6461,26.5763],[106.6369,26.5752],[106.6147,26.5789],[106.6005,26.5834],[106.5957,26.5838],[106.5898,26.5828],[106.583,26.5797],[106.5683,26.5683],[106.5418,26.5532],[106.5346,26.548],[106.528,26.5418],[106.5222,26.5346],[106.4928,26.4922],[106.4705,26.4487],[106.4692,26.4443],[106.469,26.4411],[106.4717,26.4314],[106.4734,26.4286],[106.4769,26.4262],[106.4805,26.4254],[106.4891,26.4275]]}},{"type":"Feature","properties":{"country":"China","line":"联络线/城内段","from":"贵阳北","to":"花溪南","dist_km":38.4,"fare_local":18,"currency":"CNY","local_per_km":0.4674,"usd_per_km":0.0668,"extra":{"n_fare_points":null,"overlap_trimmed":false},"from_en":"Guiyangbei","to_en":"Huaxinan","line_en":"Lianluoxian/chengneiduan"},"geometry":{"type":"LineString","coordinates":[[106.6725,26.6228],[106.6711,26.6158],[106.6702,26.6061],[106.6716,26.6024],[106.6761,26.5977],[106.6767,26.5951],[106.6704,26.5821],[106.6644,26.574],[106.664,26.5711],[106.6654,26.5684],[106.6688,26.5669],[106.6757,26.5666],[106.683,26.5639],[106.6902,26.5636],[106.7046,26.5576],[106.7104,26.5523],[106.7134,26.5466],[106.7266,26.5363],[106.7322,26.5341],[106.7472,26.5321],[106.7602,26.5262],[106.7658,26.5221],[106.7693,26.5186],[106.779,26.5056],[106.7878,26.4955],[106.7886,26.4931],[106.7858,26.4866],[106.7739,26.4674],[106.7683,26.4594],[106.7612,26.447],[106.7557,26.4394],[106.7486,26.4313],[106.721,26.4127],[106.7133,26.409],[106.6955,26.4029],[106.6902,26.402],[106.6772,26.4015]]}},{"type":"Feature","properties":{"country":"China","line":"联络线/城内段","from":"贵阳","to":"贵安","dist_km":38.1,"fare_local":16,"currency":"CNY","local_per_km":0.4325,"usd_per_km":0.0618,"extra":{"n_fare_points":null,"overlap_trimmed":false},"from_en":"Guiyang","to_en":"Gui'an","line_en":"Lianluoxian/chengneiduan"},"geometry":{"type":"LineString","coordinates":[[106.6987,26.5599],[106.6902,26.5636],[106.683,26.5639],[106.6752,26.5667],[106.6674,26.5672],[106.6656,26.5682],[106.6644,26.57],[106.664,26.5718],[106.6646,26.5743],[106.6704,26.5821],[106.6766,26.5947],[106.6761,26.5977],[106.6719,26.602],[106.6708,26.6039],[106.6705,26.6049],[106.6703,26.6055],[106.6702,26.6082],[106.671,26.6148],[106.6717,26.6179],[106.6717,26.6111],[106.6707,26.6061],[106.6702,26.6051],[106.6694,26.6036],[106.6654,26.598],[106.6619,26.5877],[106.6582,26.5827],[106.6509,26.5783],[106.6439,26.5758],[106.636,26.5753],[106.6147,26.579],[106.6006,26.5835],[106.5957,26.5838],[106.5907,26.5831],[106.5841,26.5804],[106.5692,26.569],[106.5441,26.5547],[106.5363,26.5495],[106.5295,26.5434],[106.5242,26.5374],[106.4972,26.4989],[106.4914,26.4898],[106.4806,26.4696]]}},{"type":"Feature","properties":{"country":"China","line":"联络线/城内段","from":"成都南","to":"成都西","dist_km":13.5,"fare_local":6,"currency":"CNY","local_per_km":0.4197,"usd_per_km":0.06,"extra":{"n_fare_points":null,"overlap_trimmed":false},"from_en":"Chengdunan","to_en":"Chengduxi","line_en":"Lianluoxian/chengneiduan"},"geometry":{"type":"LineString","coordinates":[[104.066,30.609],[104.0522,30.6095],[104.0481,30.6109],[104.0444,30.6113],[104.0132,30.6272],[104.0094,30.6298],[103.9831,30.6576],[103.9815,30.66],[103.9804,30.6633],[103.9775,30.6879]]}},{"type":"Feature","properties":{"country":"China","line":"联络线/城内段","from":"成都西","to":"成都东","dist_km":21.9,"fare_local":11,"currency":"CNY","local_per_km":0.4944,"usd_per_km":0.0706,"extra":{"n_fare_points":null,"overlap_trimmed":false},"from_en":"Chengduxi","to_en":"Chengdudong","line_en":"Lianluoxian/chengneiduan"},"geometry":{"type":"LineString","coordinates":[[103.9775,30.6879],[103.9805,30.6631],[103.9832,30.6575],[104.0106,30.6289],[104.0444,30.6113],[104.0482,30.611],[104.0525,30.6095],[104.0807,30.6089],[104.1048,30.6066],[104.1209,30.6081],[104.124,30.6093],[104.126,30.611],[104.136,30.6249],[104.1389,30.6313]]}},{"type":"Feature","properties":{"country":"China","line":"联络线/城内段","from":"董家口","to":"日照","dist_km":49.8,"fare_local":22,"currency":"CNY","local_per_km":0.4419,"usd_per_km":0.0631,"extra":{"n_fare_points":null,"overlap_trimmed":false},"from_en":"Dongjiakou","to_en":"Rizhao","line_en":"Lianluoxian/chengneiduan"},"geometry":{"type":"LineString","coordinates":[[119.7084,35.6756],[119.6935,35.6641],[119.674,35.6527],[119.6696,35.6509],[119.6609,35.6486],[119.6211,35.6433],[119.6117,35.6407],[119.6029,35.6361],[119.5729,35.6169],[119.5546,35.5982],[119.5317,35.5642],[119.5276,35.559],[119.5206,35.553],[119.5059,35.5445],[119.4988,35.5377],[119.4953,35.5318],[119.4938,35.5276],[119.4919,35.5098],[119.4903,35.5039],[119.4849,35.4928],[119.4732,35.4778],[119.4693,35.4745],[119.4597,35.4687],[119.4541,35.4637],[119.4388,35.4455],[119.435,35.4388],[119.4338,35.4338],[119.4341,35.4231],[119.4334,35.4161],[119.4349,35.4127],[119.4384,35.4102],[119.4427,35.4095],[119.4565,35.4112],[119.4874,35.4083],[119.4913,35.4073],[119.4983,35.4039],[119.5049,35.4027],[119.5186,35.4043],[119.5256,35.4057]]}},{"type":"Feature","properties":{"country":"China","line":"联络线/城内段","from":"金阳","to":"贵阳东","dist_km":21.3,"fare_local":10,"currency":"CNY","local_per_km":0.462,"usd_per_km":0.066,"extra":{"n_fare_points":null,"overlap_trimmed":false},"from_en":"Jinyang","to_en":"Guiyangdong","line_en":"Lianluoxian/chengneiduan"},"geometry":{"type":"LineString","coordinates":[[106.5848,26.6513],[106.5851,26.6596],[106.5869,26.6669],[106.6016,26.6961],[106.606,26.7014],[106.6122,26.7061],[106.6191,26.7093],[106.6262,26.711],[106.6319,26.7114],[106.6385,26.7108],[106.6698,26.7043],[106.6735,26.7025],[106.6767,26.7001],[106.6965,26.6805],[106.7021,26.6767],[106.707,26.6749],[106.7407,26.6676]]}},{"type":"Feature","properties":{"country":"China","line":"联络线/城内段","from":"红岛","to":"即墨北","dist_km":43.5,"fare_local":15,"currency":"CNY","local_per_km":0.3478,"usd_per_km":0.0497,"extra":{"n_fare_points":null,"overlap_trimmed":false},"from_en":"Hongdao","to_en":"Jimobei","line_en":"Lianluoxian/chengneiduan"},"geometry":{"type":"LineString","coordinates":[[120.1865,36.2459],[120.2044,36.2481],[120.2109,36.2478],[120.2171,36.2461],[120.241,36.2358],[120.2498,36.2339],[120.2558,36.2334],[120.2648,36.2339],[120.2901,36.238],[120.3017,36.2382],[120.3464,36.2411],[120.3497,36.2403],[120.353,36.2379],[120.3543,36.2353],[120.3552,36.2285],[120.3576,36.2255],[120.3709,36.2191],[120.3733,36.2189],[120.3755,36.2199],[120.3769,36.2224],[120.3781,36.2329],[120.3779,36.2362],[120.3702,36.2638],[120.3646,36.2895],[120.3518,36.3145],[120.3485,36.3184],[120.3297,36.335],[120.3271,36.3401],[120.3264,36.3456],[120.3272,36.3492],[120.3288,36.3526],[120.3317,36.3561],[120.3354,36.3591],[120.3405,36.3613],[120.3686,36.3693],[120.3744,36.3721],[120.3796,36.3761],[120.3837,36.3809],[120.3866,36.3868],[120.389,36.404]]}},{"type":"Feature","properties":{"country":"China","line":"联络线/城内段","from":"璧山","to":"重庆北","dist_km":44.1,"fare_local":18,"currency":"CNY","local_per_km":0.4053,"usd_per_km":0.0579,"extra":{"n_fare_points":null,"overlap_trimmed":false},"from_en":"Bishan","to_en":"Chongqingbei","line_en":"Lianluoxian/chengneiduan"},"geometry":{"type":"LineString","coordinates":[[106.2207,29.5067],[106.2372,29.5171],[106.2473,29.5224],[106.2611,29.5275],[106.2812,29.5337],[106.2911,29.5358],[106.3637,29.5474],[106.3931,29.5542],[106.4226,29.5592],[106.4263,29.5608],[106.4279,29.5632],[106.4282,29.5666],[106.4291,29.5984],[106.4307,29.6056],[106.4312,29.6145],[106.433,29.6197],[106.4334,29.6254],[106.431,29.6375],[106.4304,29.6472],[106.4314,29.6499],[106.4331,29.6517],[106.4436,29.657],[106.4507,29.6578],[106.4539,29.6574],[106.4627,29.653],[106.4776,29.648],[106.4905,29.6386],[106.5334,29.6126],[106.5387,29.6119],[106.5473,29.6123]]}},{"type":"Feature","properties":{"country":"China","line":"联络线/城内段","from":"廊坊北","to":"固安东","dist_km":44.8,"fare_local":14,"currency":"CNY","local_per_km":0.3182,"usd_per_km":0.0455,"extra":{"n_fare_points":null,"overlap_trimmed":false},"from_en":"Langfangbei","to_en":"Gu'andong","line_en":"Lianluoxian/chengneiduan"},"geometry":{"type":"LineString","coordinates":[[116.6679,39.5774],[116.6458,39.5762],[116.6373,39.574],[116.6327,39.5715],[116.6242,39.5645],[116.6121,39.5531],[116.6065,39.5503],[116.5991,39.5486],[116.5393,39.5479],[116.5337,39.5483],[116.5232,39.551],[116.5066,39.5597],[116.5004,39.5612],[116.4951,39.5616],[116.4475,39.5552],[116.4214,39.5548],[116.4159,39.5535],[116.4121,39.5514],[116.4086,39.5479],[116.4067,39.5428],[116.4091,39.524],[116.4141,39.5015],[116.4258,39.4753],[116.4267,39.4707],[116.427,39.4622],[116.426,39.4581],[116.4238,39.4542],[116.4061,39.4373],[116.4022,39.4312],[116.4011,39.4265],[116.3993,39.3778],[116.3983,39.3711]]}},{"type":"Feature","properties":{"country":"Japan","line":"東海道新幹線","from":"東京","to":"新大阪","dist_km":552.6,"fare_local":18496,"currency":"JPY","local_per_km":33.47,"usd_per_km":0.2137,"extra":{"stations":17},"from_en":"Tokyo","to_en":"Shin-Ōsaka","line_en":"Tokaido Shinkansen"},"geometry":{"type":"LineString","coordinates":[[139.7675,35.6811],[139.7401,35.6286],[139.7374,35.6192],[139.7353,35.6172],[139.7314,35.6162],[139.7293,35.6148],[139.724,35.6068],[139.719,35.5966],[139.7159,35.5945],[139.6787,35.5839],[139.6648,35.5787],[139.6631,35.5755],[139.6646,35.569],[139.6632,35.5646],[139.6582,35.5585],[139.6471,35.5417],[139.6299,35.5182],[139.6264,35.5144],[139.5948,35.4886],[139.5867,35.4845],[139.5713,35.4806],[139.5654,35.4783],[139.518,35.4507],[139.5041,35.4462],[139.4626,35.431],[139.3656,35.3876],[139.3213,35.3563],[139.3018,35.3363],[139.29,35.3255],[139.2735,35.3153],[139.268,35.3128],[139.2255,35.3003],[139.1822,35.2803],[139.1734,35.2745],[139.1546,35.2561],[139.0778,35.1041],[139.0734,35.1013],[139.0691,35.0997],[139.063,35.0993],[138.9744,35.1091],[138.9506,35.117],[138.9325,35.1263],[138.9247,35.1281],[138.9166,35.1279],[138.8898,35.1234],[138.8833,35.1229],[138.8369,35.1267],[138.8316,35.1281],[138.827,35.1302],[138.8153,35.1391],[138.8092,35.1422],[138.7663,35.1544],[138.7576,35.1559],[138.7493,35.1558],[138.6986,35.1503],[138.6928,35.1492],[138.6807,35.1453],[138.6745,35.1439],[138.6484,35.1398],[138.618,35.1369],[138.6119,35.1356],[138.5638,35.1138],[138.5566,35.1095],[138.5486,35.1019],[138.5338,35.0862],[138.4957,35.0425],[138.4797,35.0321],[138.4549,35.0115],[138.406,34.98],[138.3939,34.9741],[138.3819,34.9671],[138.3681,34.9532],[138.365,34.9486],[138.3631,34.9422],[138.3626,34.9301],[138.3614,34.9262],[138.3593,34.9225],[138.3525,34.9136],[138.3237,34.8849],[138.3054,34.8706],[138.209,34.8055],[138.2009,34.8021],[138.1039,34.7745],[138.0782,34.7718],[138.0595,34.7712],[138.053,34.7717],[138.0426,34.7739],[138.0355,34.7741],[138.0301,34.7731],[138.0187,34.7697],[138.0028,34.7673],[137.9883,34.7626],[137.9599,34.7516],[137.9413,34.7457],[137.9262,34.7378],[137.8992,34.727],[137.8886,34.7205],[137.8782,34.7122],[137.8693,34.7086],[137.8358,34.7034],[137.8182,34.7027],[137.8111,34.7033],[137.7867,34.7085],[137.7587,34.7085],[137.7462,34.707],[137.7376,34.7047],[137.7336,34.7028],[137.7224,34.6955],[137.713,34.6928],[137.7069,34.6926],[137.6872,34.6944],[137.6786,34.6942],[137.6658,34.6926],[137.6468,34.6877],[137.6168,34.6869],[137.6088,34.6882],[137.5966,34.6931],[137.5909,34.6945],[137.5715,34.6946],[137.564,34.6956],[137.5348,34.7034],[137.4352,34.7264],[137.422,34.7297],[137.4167,34.7317],[137.3956,34.7446],[137.3916,34.7476],[137.3853,34.7549],[137.3782,34.7686],[137.3759,34.772],[137.3653,34.7815],[137.3601,34.785],[137.3226,34.8006],[137.3031,34.8113],[137.2985,34.8132],[137.2906,34.8147],[137.2676,34.8153],[137.2552,34.8183],[137.2483,34.8215],[137.2303,34.8329],[137.2073,34.8422],[137.1677,34.8564],[137.1603,34.8608],[137.0466,34.9836],[137.0371,34.991],[136.9637,35.0387],[136.9556,35.0459],[136.9423,35.066],[136.926,35.0965],[136.9235,35.1002],[136.9202,35.1034],[136.9163,35.1061],[136.8958,35.1159],[136.8917,35.1192],[136.8887,35.1228],[136.8867,35.1267],[136.8856,35.131],[136.8881,35.1502],[136.8846,35.1648],[136.8816,35.1693],[136.8772,35.1785],[136.8671,35.1889],[136.864,35.1954],[136.8619,35.1983],[136.8588,35.2011],[136.8508,35.2063],[136.8423,35.2162],[136.838,35.2199],[136.8335,35.2224],[136.828,35.2243],[136.8116,35.2264],[136.8049,35.2281],[136.7774,35.2413],[136.7735,35.2444],[136.7703,35.2479],[136.7465,35.2819],[136.7421,35.2865],[136.7357,35.2904],[136.6962,35.3074],[136.6921,35.3103],[136.6658,35.3329],[136.659,35.337],[136.643,35.3434],[136.6359,35.3452],[136.5963,35.3484],[136.5624,35.3497],[136.5565,35.3506],[136.5476,35.3538],[136.532,35.3636],[136.5268,35.3661],[136.52,35.3679],[136.5072,35.3694],[136.4973,35.368],[136.4727,35.3585],[136.4593,35.3564],[136.44,35.3592],[136.3988,35.3622],[136.3762,35.3669],[136.3646,35.3671],[136.3564,35.3658],[136.3373,35.3595],[136.3179,35.3549],[136.3103,35.3513],[136.3064,35.3481],[136.2982,35.339],[136.2938,35.3317],[136.2896,35.315],[136.2829,35.2976],[136.278,35.2614],[136.2636,35.2333],[136.2601,35.2285],[136.2256,35.1917],[136.197,35.1536],[136.1919,35.1487],[136.1632,35.1326],[136.133,35.1201],[136.1107,35.1098],[136.076,35.0958],[136.0667,35.0915],[136.0308,35.069],[136.0238,35.0633],[135.9822,35.0219],[135.9626,34.9995],[135.9331,34.9753],[135.9257,34.9713],[135.9168,34.9694],[135.9036,34.9699],[135.8722,34.9749],[135.8196,34.9808],[135.797,34.9815],[135.7729,34.9855],[135.7609,34.9846],[135.7435,34.9847],[135.7347,34.9822],[135.7247,34.9772],[135.7193,34.9724],[135.7162,34.9661],[135.7149,34.9581],[135.714,34.9235],[135.7122,34.9173],[135.7086,34.9121],[135.7041,34.9083],[135.6948,34.9032],[135.6906,34.9002],[135.6755,34.8849],[135.6518,34.8624],[135.6326,34.8375],[135.6073,34.8061],[135.6021,34.8007],[135.5547,34.762],[135.5425,34.7512],[135.5384,34.7489],[135.5335,34.7471],[135.5168,34.7441],[135.5143,34.7426],[135.508,34.7368],[135.5001,34.7332]]}},{"type":"Feature","properties":{"country":"Japan","line":"山陽新幹線","from":"新大阪","to":"博多","dist_km":622.3,"fare_local":21052,"currency":"JPY","local_per_km":33.83,"usd_per_km":0.216,"extra":{"stations":19},"from_en":"Shin-Ōsaka","to_en":"Hakata","line_en":"Sanyo Shinkansen"},"geometry":{"type":"LineString","coordinates":[[135.5001,34.7332],[135.4685,34.7234],[135.464,34.7231],[135.4601,34.724],[135.4575,34.7256],[135.4557,34.7276],[135.4432,34.7497],[135.4383,34.7557],[135.4332,34.76],[135.4276,34.7634],[135.4213,34.7661],[135.4147,34.7678],[135.4015,34.7687],[135.3573,34.7646],[135.3335,34.7663],[135.3246,34.7658],[135.3129,34.7633],[135.2351,34.7377],[135.2283,34.734],[135.2229,34.7302],[135.1997,34.709],[135.1946,34.7059],[135.1896,34.7042],[135.1448,34.6965],[135.0826,34.6814],[135.0026,34.6652],[134.9926,34.6647],[134.9604,34.6669],[134.9434,34.6696],[134.9378,34.6718],[134.9327,34.6747],[134.9053,34.6958],[134.883,34.708],[134.8639,34.722],[134.8469,34.7331],[134.8036,34.7633],[134.7869,34.7765],[134.7707,34.7866],[134.7447,34.8104],[134.735,34.8169],[134.7284,34.8203],[134.722,34.8225],[134.7139,34.8238],[134.6717,34.8286],[134.6382,34.831],[134.6313,34.831],[134.5982,34.828],[134.5639,34.8301],[134.5564,34.8299],[134.5492,34.8286],[134.5256,34.8214],[134.5168,34.8196],[134.4889,34.8175],[134.4582,34.8189],[134.4464,34.8173],[134.4361,34.8137],[134.387,34.7879],[134.3751,34.7833],[134.3625,34.7805],[134.3552,34.7795],[134.3085,34.7773],[134.2991,34.7751],[134.2334,34.7544],[134.2245,34.7532],[134.1858,34.7508],[134.178,34.7496],[134.1295,34.7315],[134.0654,34.7165],[134.0397,34.7088],[134.0319,34.7055],[134.0032,34.6905],[133.9961,34.6878],[133.9873,34.6859],[133.9288,34.6804],[133.926,34.6789],[133.9239,34.677],[133.9194,34.6678],[133.9171,34.6645],[133.9146,34.6625],[133.9089,34.66],[133.8954,34.6592],[133.8757,34.6566],[133.8388,34.6532],[133.7898,34.6395],[133.7629,34.6331],[133.7563,34.6306],[133.7504,34.6273],[133.7097,34.5974],[133.704,34.5912],[133.6945,34.5775],[133.6877,34.5712],[133.6638,34.5557],[133.6556,34.5518],[133.6479,34.5497],[133.6385,34.5488],[133.6104,34.5519],[133.6027,34.5518],[133.5943,34.5507],[133.5867,34.5486],[133.5447,34.5335],[133.536,34.5321],[133.4986,34.5287],[133.4877,34.5268],[133.4785,34.5243],[133.4609,34.5182],[133.4277,34.5011],[133.4181,34.4978],[133.3915,34.4928],[133.3767,34.4922],[133.3606,34.4891],[133.3416,34.4879],[133.3183,34.4831],[133.2425,34.458],[133.2298,34.4518],[133.2151,34.4416],[133.202,34.4347],[133.121,34.4042],[133.112,34.4016],[133.1036,34.4007],[133.0768,34.4008],[133.0522,34.3986],[133.0422,34.3991],[133.0354,34.4004],[133.0291,34.4024],[132.9992,34.4149],[132.9896,34.4172],[132.9785,34.4183],[132.9689,34.4179],[132.8863,34.4086],[132.8079,34.41],[132.8002,34.4096],[132.7911,34.4075],[132.7822,34.4036],[132.7492,34.3827],[132.7246,34.3635],[132.6995,34.3502],[132.6911,34.3472],[132.6828,34.3456],[132.6457,34.3428],[132.6347,34.3439],[132.6262,34.3468],[132.5753,34.3752],[132.5636,34.3811],[132.5535,34.3831],[132.519,34.3858],[132.5064,34.3888],[132.494,34.3929],[132.4815,34.3949],[132.4708,34.4015],[132.4657,34.4065],[132.4562,34.4101],[132.4508,34.4102],[132.3976,34.4048],[132.3641,34.3984],[132.3557,34.396],[132.3465,34.3917],[132.341,34.388],[132.3351,34.3829],[132.3299,34.3759],[132.3171,34.3537],[132.3048,34.3358],[132.292,34.3157],[132.284,34.306],[132.2787,34.3015],[132.2494,34.2811],[132.1979,34.2399],[132.1907,34.2328],[132.1852,34.2253],[132.1604,34.1822],[132.1296,34.1321],[132.1245,34.1252],[132.1175,34.1183],[132.1067,34.1111],[132.0934,34.1058],[132.0332,34.094],[132.0193,34.0898],[132.0101,34.0851],[131.9818,34.0666],[131.96,34.0564],[131.9432,34.0441],[131.9373,34.0414],[131.9311,34.0395],[131.9225,34.0382],[131.907,34.0379],[131.8834,34.0349],[131.8625,34.0359],[131.8419,34.0337],[131.8359,34.0342],[131.8296,34.0356],[131.823,34.0382],[131.8088,34.0455],[131.8021,34.051],[131.7997,34.0548],[131.7931,34.0734],[131.7902,34.0778],[131.7859,34.0824],[131.7813,34.0858],[131.7759,34.0886],[131.7697,34.0907],[131.7643,34.0918],[131.7583,34.0921],[131.7507,34.0915],[131.7289,34.0864],[131.701,34.0814],[131.6809,34.0807],[131.6121,34.0725],[131.6029,34.072],[131.5273,34.0786],[131.4947,34.0833],[131.4842,34.0863],[131.4418,34.1011],[131.4357,34.1025],[131.4289,34.1032],[131.4218,34.1028],[131.4146,34.1012],[131.3963,34.0927],[131.3759,34.0795],[131.3704,34.0747],[131.3561,34.0603],[131.3503,34.0565],[131.3448,34.0539],[131.3378,34.0517],[131.3308,34.0506],[131.3131,34.0507],[131.3057,34.05],[131.3,34.0488],[131.2747,34.0406],[131.2592,34.0377],[131.2471,34.0371],[131.2383,34.0376],[131.1849,34.0456],[131.1703,34.0494],[131.1354,34.0631],[131.1231,34.0666],[131.1143,34.0682],[131.0503,34.0754],[131.0376,34.0755],[131.0258,34.0738],[130.9872,34.0609],[130.9775,34.0555],[130.9702,34.0485],[130.9549,34.0262],[130.9511,34.0168],[130.9473,33.9979],[130.9474,33.9928],[130.9486,33.9874],[130.9525,33.9798],[130.9748,33.9506],[130.9776,33.9437],[130.9784,33.936],[130.9766,33.9274],[130.9727,33.9204],[130.9441,33.8918],[130.9398,33.8888],[130.934,33.8859],[130.9277,33.884],[130.9211,33.883],[130.8984,33.8829],[130.8829,33.8874],[130.8658,33.8902],[130.8619,33.8899],[130.8568,33.8885],[130.8486,33.8848],[130.8268,33.8679],[130.7892,33.8454],[130.7756,33.8359],[130.7679,33.8293],[130.7599,33.8213],[130.7522,33.8126],[130.7379,33.7946],[130.7309,33.7887],[130.7218,33.7845],[130.7024,33.7796],[130.6881,33.7723],[130.6829,33.7688],[130.6629,33.7511],[130.657,33.7468],[130.6515,33.7438],[130.6393,33.7392],[130.6153,33.7328],[130.6051,33.7285],[130.5964,33.7231],[130.5824,33.7119],[130.5107,33.6718],[130.4833,33.6507],[130.4597,33.6297],[130.431,33.613],[130.4274,33.6103],[130.4241,33.6064],[130.4219,33.6018],[130.4212,33.5898]]}},{"type":"Feature","properties":{"country":"Japan","line":"九州新幹線","from":"博多","to":"鹿児島中央","dist_km":288.9,"fare_local":12665,"currency":"JPY","local_per_km":43.84,"usd_per_km":0.2799,"extra":{"stations":11},"from_en":"Hakata","to_en":"Kagoshima-Chūō","line_en":"Kyushu Shinkansen"},"geometry":{"type":"LineString","coordinates":[[130.4212,33.5898],[130.4206,33.5835],[130.4215,33.5802],[130.4331,33.5672],[130.4366,33.5588],[130.4366,33.5544],[130.4336,33.5424],[130.4325,33.5332],[130.4332,33.529],[130.4405,33.5043],[130.446,33.4918],[130.4477,33.4858],[130.4478,33.4775],[130.4452,33.4648],[130.4445,33.4582],[130.4444,33.4445],[130.446,33.4344],[130.4491,33.4262],[130.4528,33.4198],[130.4816,33.3858],[130.4869,33.3778],[130.4951,33.3635],[130.4965,33.3577],[130.4962,33.346],[130.4969,33.3313],[130.5004,33.3238],[130.5032,33.3102],[130.5036,33.2865],[130.5029,33.2629],[130.5014,33.2509],[130.5006,33.2278],[130.4924,33.1782],[130.4887,33.0712],[130.494,33.0493],[130.4995,33.0382],[130.5374,32.9827],[130.568,32.9479],[130.5774,32.9397],[130.6065,32.9227],[130.6717,32.868],[130.6778,32.8599],[130.6988,32.8231],[130.6995,32.8197],[130.6947,32.8067],[130.6941,32.7998],[130.693,32.7957],[130.6891,32.7909],[130.6855,32.7846],[130.6862,32.7786],[130.6802,32.7481],[130.6783,32.734],[130.6746,32.7207],[130.6671,32.684],[130.6626,32.6725],[130.6611,32.6666],[130.6608,32.6603],[130.6617,32.6538],[130.6675,32.6399],[130.6689,32.6337],[130.6691,32.6275],[130.668,32.6213],[130.6661,32.6163],[130.6636,32.6119],[130.6293,32.5628],[130.6269,32.5577],[130.6253,32.5515],[130.625,32.5448],[130.6261,32.5384],[130.6359,32.5148],[130.6379,32.5069],[130.6384,32.4995],[130.6376,32.4874],[130.6352,32.479],[130.632,32.4732],[130.6219,32.4597],[130.619,32.4539],[130.6172,32.4473],[130.617,32.4416],[130.6177,32.4357],[130.6266,32.4082],[130.6285,32.3995],[130.6287,32.3928],[130.6281,32.3867],[130.6264,32.3796],[130.6242,32.3743],[130.6198,32.3667],[130.6142,32.3598],[130.5157,32.2671],[130.5079,32.2614],[130.4965,32.2564],[130.4745,32.2485],[130.4632,32.2425],[130.458,32.2389],[130.4538,32.235],[130.4407,32.2204],[130.4091,32.1948],[130.3859,32.1737],[130.3726,32.1597],[130.3684,32.1542],[130.354,32.1218],[130.3521,32.1123],[130.3523,32.1065],[130.3536,32.1009],[130.3575,32.0909],[130.3642,32.0786],[130.365,32.0734],[130.3644,32.0681],[130.3611,32.061],[130.351,32.0483],[130.3395,32.0321],[130.3098,31.9901],[130.3067,31.9844],[130.3046,31.9769],[130.2903,31.8892],[130.2898,31.8783],[130.291,31.8708],[130.2933,31.8637],[130.3062,31.8377],[130.3095,31.8231],[130.3164,31.8014],[130.3279,31.7837],[130.3669,31.6964],[130.3701,31.6907],[130.3741,31.6852],[130.3793,31.6798],[130.4252,31.6377],[130.4371,31.6292],[130.4691,31.61],[130.476,31.6065],[130.5022,31.5985],[130.5258,31.5865],[130.5414,31.5838]]}},{"type":"Feature","properties":{"country":"Japan","line":"西九州新幹線","from":"武雄温泉","to":"長崎","dist_km":69.6,"fare_local":3051,"currency":"JPY","local_per_km":43.84,"usd_per_km":0.2799,"extra":{"stations":5},"from_en":"Takeo Onsen","to_en":"Nagasaki","line_en":"Nishi-Kyushu Shinkansen"},"geometry":{"type":"LineString","coordinates":[[130.023,33.1962],[130.0132,33.1907],[130.0078,33.1856],[129.9985,33.1692],[129.9951,33.1603],[129.9935,33.15],[129.994,33.1325],[129.9952,33.1253],[129.9984,33.1127],[129.9989,33.1072],[129.9982,33.1002],[129.9958,33.0932],[129.9923,33.0874],[129.988,33.0826],[129.9671,33.0669],[129.9618,33.0622],[129.9569,33.0556],[129.9537,33.0485],[129.9523,33.0417],[129.9525,33.0346],[129.9596,33.0091],[129.9602,32.9999],[129.9579,32.9907],[129.9505,32.9777],[129.9476,32.9714],[129.9462,32.9653],[129.9459,32.9594],[129.9467,32.9543],[129.9482,32.9494],[129.9587,32.9301],[129.9607,32.9228],[129.9627,32.9195],[129.9792,32.9033],[129.986,32.8982],[129.9937,32.8941],[130.0176,32.8849],[130.0234,32.8816],[130.0285,32.8776],[130.0337,32.8715],[130.0372,32.865],[130.0415,32.8503],[130.0414,32.8471],[130.0401,32.845],[130.0338,32.8387],[130.0252,32.8267],[130.0177,32.8197],[130.0105,32.8151],[129.9719,32.795],[129.9626,32.7917],[129.9523,32.7896],[129.9056,32.7862],[129.8981,32.7844],[129.8901,32.7809],[129.8822,32.7753],[129.8739,32.7663],[129.8697,32.759],[129.8689,32.7523]]}},{"type":"Feature","properties":{"country":"Japan","line":"東北新幹線","from":"東京","to":"新青森","dist_km":713.7,"fare_local":25822,"currency":"JPY","local_per_km":36.18,"usd_per_km":0.231,"extra":{"stations":23},"from_en":"Tokyo","to_en":"Shin-Aomori","line_en":"Tohoku Shinkansen"},"geometry":{"type":"LineString","coordinates":[[139.7674,35.681],[139.7728,35.6955],[139.7751,35.7079],[139.777,35.7129],[139.7808,35.7188],[139.7804,35.7215],[139.7789,35.7229],[139.7734,35.7253],[139.7681,35.7307],[139.7653,35.7347],[139.7609,35.7387],[139.7424,35.7494],[139.7379,35.753],[139.7335,35.7585],[139.7291,35.7618],[139.7266,35.7646],[139.7226,35.7716],[139.7216,35.7763],[139.7167,35.7831],[139.7142,35.7844],[139.7069,35.7862],[139.701,35.7898],[139.6915,35.7911],[139.688,35.7929],[139.6869,35.7945],[139.6839,35.8027],[139.6724,35.8128],[139.6655,35.8239],[139.6566,35.8301],[139.6521,35.8358],[139.6469,35.8452],[139.6366,35.8547],[139.6343,35.8586],[139.6252,35.8831],[139.6256,35.8861],[139.6292,35.8922],[139.6294,35.895],[139.6279,35.8991],[139.6234,35.9058],[139.6176,35.9213],[139.6163,35.9277],[139.6167,35.9345],[139.6247,35.9763],[139.627,35.983],[139.6302,35.9885],[139.656,36.0224],[139.6798,36.069],[139.7161,36.1268],[139.7398,36.181],[139.7763,36.2741],[139.7801,36.2801],[139.8021,36.3063],[139.8577,36.4012],[139.8608,36.4075],[139.8624,36.4127],[139.876,36.4876],[139.8912,36.5301],[139.9012,36.5715],[139.9054,36.5961],[139.9097,36.6329],[139.9159,36.6739],[139.9181,36.6966],[139.9354,36.7424],[139.949,36.7729],[139.9519,36.7809],[139.954,36.7901],[139.9644,36.8483],[139.9663,36.8546],[139.9716,36.8635],[140.0194,36.9302],[140.0487,36.9576],[140.079,36.9923],[140.1265,37.0557],[140.1579,37.0904],[140.2713,37.2106],[140.2825,37.2244],[140.3632,37.3319],[140.3837,37.3785],[140.39,37.4033],[140.4006,37.436],[140.4302,37.5123],[140.466,37.5785],[140.4686,37.5851],[140.47,37.5947],[140.4759,37.6554],[140.475,37.6617],[140.4733,37.6664],[140.4554,37.6996],[140.4537,37.7044],[140.4536,37.7131],[140.4585,37.7392],[140.459,37.7645],[140.4606,37.7704],[140.4633,37.7762],[140.4974,37.8296],[140.54,37.8843],[140.6394,38.0029],[140.6447,38.0085],[140.6732,38.0307],[140.8646,38.1732],[140.8708,38.1786],[140.8741,38.1825],[140.8771,38.1874],[140.8816,38.2009],[140.8827,38.2066],[140.8832,38.2175],[140.8864,38.2307],[140.8882,38.2333],[140.8933,38.237],[140.8942,38.2391],[140.892,38.2471],[140.8825,38.2555],[140.8822,38.2606],[140.8831,38.2635],[140.8857,38.2655],[140.8946,38.2688],[140.9072,38.2702],[140.9118,38.2715],[140.945,38.2908],[140.9502,38.2944],[140.9548,38.2988],[140.9653,38.313],[140.9681,38.3203],[140.9689,38.3281],[140.9589,38.4946],[140.9617,38.5467],[140.9703,38.58],[140.9745,38.5888],[141.0077,38.6358],[141.0911,38.7835],[141.1067,38.8361],[141.1207,38.8775],[141.128,38.8956],[141.1322,38.9104],[141.1452,38.9404],[141.157,38.9777],[141.1954,39.0772],[141.1967,39.0821],[141.197,39.0881],[141.1929,39.1326],[141.1796,39.1695],[141.1738,39.1774],[141.1194,39.2338],[141.1147,39.2412],[141.1123,39.2493],[141.112,39.256],[141.1141,39.2646],[141.1234,39.2838],[141.1379,39.306],[141.1411,39.3122],[141.1758,39.4123],[141.1775,39.4212],[141.1725,39.5206],[141.1708,39.5269],[141.1609,39.5514],[141.1456,39.6274],[141.1454,39.6335],[141.1487,39.6798],[141.1483,39.684],[141.1462,39.6895],[141.1414,39.6966],[141.138,39.7003],[141.1193,39.7171],[141.1177,39.7199],[141.1175,39.7232],[141.1438,39.7725],[141.1488,39.7878],[141.1527,39.7959],[141.1591,39.8047],[141.1768,39.8246],[141.1842,39.8363],[141.2167,39.9159],[141.2183,39.9213],[141.2196,39.9285],[141.2196,39.9342],[141.2175,39.9593],[141.2185,39.9719],[141.2203,39.9785],[141.2224,39.9829],[141.2261,39.9884],[141.2447,40.0058],[141.2487,40.0121],[141.2508,40.0179],[141.2762,40.1367],[141.2763,40.1488],[141.2672,40.2108],[141.2676,40.2224],[141.2693,40.2302],[141.2717,40.2362],[141.285,40.2586],[141.2904,40.2702],[141.2914,40.275],[141.2915,40.28],[141.2893,40.2978],[141.2897,40.3028],[141.2912,40.3083],[141.2963,40.317],[141.3964,40.4502],[141.4018,40.4605],[141.4098,40.482],[141.4146,40.4909],[141.4199,40.498],[141.4391,40.5179],[141.4431,40.5235],[141.4456,40.5297],[141.4467,40.5354],[141.4466,40.5406],[141.4455,40.5457],[141.4426,40.5523],[141.4385,40.5581],[141.4328,40.5649],[141.4265,40.5704],[141.4028,40.584],[141.3381,40.6245],[141.2679,40.6732],[141.2566,40.6789],[141.1904,40.7072],[141.1367,40.7262],[141.1276,40.7311],[141.103,40.747],[141.0864,40.7544],[141.0712,40.7583],[141.06,40.7605],[140.9066,40.7839],[140.8772,40.7874],[140.8617,40.787],[140.8551,40.7864],[140.8458,40.7845],[140.8319,40.7805],[140.79,40.766],[140.7843,40.7646],[140.7731,40.7636],[140.7611,40.7646],[140.7227,40.7751],[140.713,40.7795],[140.7059,40.7847],[140.6968,40.7948],[140.693,40.8029],[140.692,40.8096],[140.6936,40.8213],[140.6934,40.8283]]}},{"type":"Feature","properties":{"country":"Japan","line":"上越新幹線","from":"東京","to":"新潟","dist_km":333.9,"fare_local":11693,"currency":"JPY","local_per_km":35.02,"usd_per_km":0.2236,"extra":{"stations":11},"from_en":"Tokyo","to_en":"Niigata","line_en":"Joetsu Shinkansen"},"geometry":{"type":"LineString","coordinates":[[139.7674,35.681],[139.7728,35.6955],[139.7751,35.7077],[139.7769,35.7124],[139.7808,35.7188],[139.7803,35.7217],[139.7734,35.7253],[139.7681,35.7307],[139.7653,35.7347],[139.7609,35.7387],[139.7424,35.7494],[139.7379,35.753],[139.7335,35.7585],[139.7291,35.7618],[139.7266,35.7646],[139.7226,35.7716],[139.7216,35.7763],[139.7167,35.7831],[139.7142,35.7844],[139.7069,35.7862],[139.701,35.7898],[139.6915,35.7911],[139.688,35.7929],[139.6869,35.7945],[139.6839,35.8027],[139.6724,35.8128],[139.6655,35.8239],[139.6566,35.8301],[139.6521,35.8358],[139.6469,35.8452],[139.6377,35.8534],[139.6348,35.8574],[139.6251,35.8837],[139.6256,35.8861],[139.6292,35.8922],[139.6293,35.8952],[139.6279,35.8991],[139.6238,35.9048],[139.6215,35.9103],[139.6174,35.9218],[139.6164,35.9273],[139.6167,35.9342],[139.6246,35.9754],[139.6245,35.9836],[139.6231,35.9895],[139.6207,35.9947],[139.6171,35.9998],[139.6123,36.0045],[139.5203,36.0764],[139.4524,36.1159],[139.4422,36.1203],[139.3606,36.1502],[139.3508,36.1519],[139.3172,36.1545],[139.31,36.1561],[139.304,36.1582],[139.1399,36.2382],[139.0768,36.2728],[139.032,36.2915],[139.0248,36.2963],[139.0197,36.3015],[139.0163,36.307],[139.0148,36.311],[139.0116,36.3341],[139.01,36.3397],[139.0072,36.3451],[138.9969,36.3593],[138.9937,36.3671],[138.9712,36.514],[138.9674,36.5747],[138.9685,36.5878],[138.9662,36.596],[138.9659,36.6054],[138.967,36.613],[138.9802,36.6687],[138.9807,36.6751],[138.9659,36.7525],[138.9633,36.7787],[138.9612,36.7873],[138.9559,36.7974],[138.9477,36.806],[138.8596,36.8709],[138.8496,36.8796],[138.8435,36.8863],[138.8409,36.8901],[138.8204,36.923],[138.8015,36.9451],[138.7933,36.9573],[138.789,36.9669],[138.7878,36.9732],[138.7878,36.9778],[138.7889,36.9824],[138.7917,36.9888],[138.8569,37.0864],[138.8678,37.0989],[138.9123,37.1389],[138.9178,37.1461],[138.921,37.1535],[138.9226,37.1657],[138.9239,37.1826],[138.9233,37.1899],[138.9207,37.1978],[138.8445,37.3159],[138.8426,37.3191],[138.8404,37.3247],[138.8389,37.3361],[138.8458,37.3892],[138.8508,37.4385],[138.8552,37.451],[138.8863,37.5296],[138.9265,37.6234],[138.9693,37.7079],[138.9722,37.7148],[138.9755,37.7265],[138.9909,37.8106],[138.9943,37.8203],[139.0156,37.872],[139.0209,37.8805],[139.0387,37.9005],[139.0486,37.9078],[139.0614,37.912]]}},{"type":"Feature","properties":{"country":"Japan","line":"北陸新幹線","from":"東京","to":"敦賀","dist_km":575.6,"fare_local":20146,"currency":"JPY","local_per_km":35.0,"usd_per_km":0.2235,"extra":{"stations":16},"from_en":"Tokyo","to_en":"Tsuruga","line_en":"Hokuriku Shinkansen"},"geometry":{"type":"LineString","coordinates":[[139.7674,35.681],[139.7728,35.6955],[139.7751,35.7077],[139.7768,35.7121],[139.7808,35.719],[139.7802,35.7218],[139.7734,35.7252],[139.7681,35.7306],[139.7654,35.7346],[139.7607,35.7388],[139.7424,35.7493],[139.7379,35.753],[139.7334,35.7586],[139.7286,35.7622],[139.7266,35.7646],[139.7226,35.7716],[139.7216,35.7761],[139.7166,35.7831],[139.7137,35.7845],[139.7068,35.7862],[139.7009,35.7898],[139.6915,35.791],[139.688,35.7928],[139.6868,35.7946],[139.685,35.8006],[139.6837,35.8028],[139.6724,35.8128],[139.6655,35.8239],[139.6565,35.8301],[139.6522,35.8356],[139.647,35.845],[139.6379,35.8531],[139.6349,35.8572],[139.6251,35.8835],[139.6255,35.8862],[139.6292,35.8922],[139.6292,35.8955],[139.6278,35.8991],[139.6231,35.906],[139.6176,35.9202],[139.6164,35.9253],[139.6165,35.934],[139.6243,35.9745],[139.6247,35.9805],[139.6238,35.9869],[139.6213,35.9933],[139.618,35.9986],[139.6132,36.0037],[139.5196,36.0768],[139.4502,36.1169],[139.3605,36.1501],[139.3508,36.1519],[139.3172,36.1545],[139.31,36.156],[139.304,36.1582],[139.1399,36.2381],[139.0767,36.2728],[139.0302,36.2924],[139.0219,36.2989],[139.0162,36.307],[139.0141,36.3141],[139.0112,36.3364],[139.0093,36.3417],[139.0065,36.3465],[138.9994,36.3556],[138.9938,36.361],[138.9876,36.3652],[138.97,36.3751],[138.9644,36.3773],[138.9568,36.3791],[138.9508,36.3798],[138.9435,36.3797],[138.9373,36.3788],[138.8875,36.3683],[138.853,36.3629],[138.8423,36.3628],[138.8356,36.364],[138.8269,36.3677],[138.8223,36.371],[138.8125,36.3807],[138.8071,36.3851],[138.8009,36.3886],[138.7923,36.3917],[138.7833,36.3933],[138.728,36.3982],[138.7201,36.3982],[138.7126,36.3971],[138.7044,36.3946],[138.6856,36.3869],[138.6787,36.3835],[138.6743,36.3805],[138.6695,36.3756],[138.6522,36.3479],[138.6504,36.3457],[138.6476,36.3439],[138.6418,36.3424],[138.6271,36.3432],[138.6061,36.3433],[138.5748,36.3387],[138.5661,36.3364],[138.5553,36.331],[138.5431,36.321],[138.5362,36.3161],[138.527,36.3116],[138.5091,36.3045],[138.4784,36.2845],[138.4548,36.2741],[138.448,36.2724],[138.4408,36.2717],[138.4292,36.273],[138.4185,36.277],[138.3439,36.3223],[138.2868,36.3539],[138.2795,36.359],[138.2741,36.3652],[138.2667,36.3797],[138.2623,36.3852],[138.2454,36.4001],[138.2274,36.4107],[138.223,36.4146],[138.2192,36.4192],[138.2167,36.4233],[138.2126,36.4332],[138.208,36.4559],[138.2048,36.4626],[138.2017,36.4669],[138.1928,36.4752],[138.1423,36.5193],[138.137,36.5251],[138.133,36.5319],[138.131,36.5388],[138.1308,36.5528],[138.1316,36.5596],[138.1483,36.6031],[138.1531,36.6217],[138.1557,36.6259],[138.1587,36.6283],[138.1734,36.6368],[138.1816,36.6389],[138.1889,36.6428],[138.1848,36.6405],[138.1883,36.6424],[138.206,36.6549],[138.2471,36.6806],[138.2683,36.6991],[138.2727,36.7024],[138.301,36.7201],[138.3187,36.7283],[138.3275,36.7344],[138.3324,36.7397],[138.3366,36.7467],[138.3384,36.7525],[138.3403,36.7656],[138.3433,36.7733],[138.3491,36.781],[138.363,36.7924],[138.3687,36.7991],[138.3715,36.8041],[138.3732,36.8089],[138.3739,36.8132],[138.374,36.8186],[138.3716,36.8279],[138.3677,36.8347],[138.3068,36.9074],[138.3026,36.9136],[138.2997,36.92],[138.2977,36.9296],[138.2962,36.9649],[138.3037,37.0151],[138.3023,37.0239],[138.2991,37.031],[138.2849,37.0507],[138.2803,37.0557],[138.2755,37.0597],[138.2594,37.0709],[138.2373,37.0914],[138.222,37.1022],[138.2125,37.107],[138.1994,37.1106],[138.1866,37.1117],[138.1761,37.1108],[138.1184,37.1007],[138.1026,37.0989],[138.0584,37.0912],[137.9872,37.084],[137.9588,37.0789],[137.9532,37.0771],[137.947,37.0743],[137.9249,37.0596],[137.9153,37.0549],[137.9071,37.0528],[137.8843,37.0495],[137.8518,37.0404],[137.8234,37.0294],[137.8042,37.0205],[137.7711,37.0133],[137.7357,37.0],[137.6542,36.9752],[137.6465,36.9723],[137.5167,36.9074],[137.512,36.9045],[137.5071,36.9004],[137.4953,36.8873],[137.4722,36.8657],[137.4569,36.8484],[137.4525,36.8416],[137.426,36.794],[137.4202,36.7869],[137.4114,36.7803],[137.3721,36.7587],[137.3201,36.7208],[137.3144,36.7173],[137.3073,36.7143],[137.2977,36.7122],[137.2867,36.7118],[137.2783,36.713],[137.258,36.7181],[137.2501,36.7179],[137.2454,36.7162],[137.2413,36.7132],[137.2392,36.7104],[137.2355,36.7034],[137.2333,36.701],[137.2293,36.6991],[137.2224,36.6983],[137.2195,36.699],[137.1982,36.7075],[137.1909,36.7133],[137.1872,36.7153],[137.1772,36.7188],[137.1687,36.7205],[137.0986,36.7284],[137.0859,36.7274],[137.0673,36.7218],[137.0558,36.7205],[137.0467,36.7211],[137.0263,36.7256],[137.012,36.7269],[137.0039,36.7269],[136.9919,36.7246],[136.9627,36.7139],[136.9263,36.6927],[136.8999,36.6747],[136.8925,36.6715],[136.8853,36.6696],[136.877,36.6687],[136.8663,36.6693],[136.826,36.6796],[136.7958,36.6837],[136.7877,36.6834],[136.7789,36.6817],[136.7716,36.6792],[136.7641,36.675],[136.7568,36.6685],[136.7467,36.6557],[136.7254,36.6376],[136.6993,36.6207],[136.678,36.6013],[136.6692,36.5905],[136.6529,36.5828],[136.6507,36.5812],[136.6365,36.5633],[136.6207,36.5527],[136.5739,36.5296],[136.556,36.5223],[136.5201,36.4974],[136.4968,36.4713],[136.4826,36.4471],[136.4776,36.4419],[136.4637,36.4312],[136.4581,36.4242],[136.4553,36.4187],[136.4538,36.4133],[136.4522,36.3921],[136.4504,36.3851],[136.4471,36.3788],[136.4393,36.3667],[136.4319,36.3506],[136.4252,36.3431],[136.4063,36.3308],[136.3967,36.3265],[136.3849,36.3241],[136.3672,36.3238],[136.3618,36.3232],[136.3398,36.3173],[136.3333,36.3146],[136.3257,36.3092],[136.3129,36.2943],[136.3053,36.2872],[136.2982,36.2824],[136.2597,36.2603],[136.254,36.2557],[136.2491,36.2499],[136.2395,36.2337],[136.2359,36.2243],[136.224,36.0621],[136.2187,36.0554],[136.2178,36.0528],[136.2187,36.033],[136.2234,36.0187],[136.2243,36.0105],[136.2234,36.004],[136.2167,35.982],[136.2155,35.976],[136.2154,35.9707],[136.2178,35.948],[136.2168,35.9395],[136.214,35.9327],[136.2075,35.9226],[136.2049,35.9173],[136.1935,35.8754],[136.1909,35.8682],[136.1859,35.8597],[136.1736,35.8436],[136.169,35.8353],[136.1104,35.6848],[136.0962,35.6592],[136.0927,35.656],[136.0862,35.652],[136.0781,35.645]]}},{"type":"Feature","properties":{"country":"Japan","line":"山形新幹線","from":"福島","to":"新庄","dist_km":148.6,"fare_local":4607,"currency":"JPY","local_per_km":31.0,"usd_per_km":0.1979,"extra":{"stations":11},"from_en":"Fukushima","to_en":"Shinjo","line_en":"Yamagata Shinkansen"},"geometry":{"type":"LineString","coordinates":[[140.4592,37.7545],[140.1283,37.9094],[140.1245,37.921],[140.1256,37.9311],[140.133,37.9368],[140.1521,37.9726],[140.1536,38.015],[140.1463,38.0357],[140.1512,38.0554],[140.1529,38.057],[140.1555,38.0575],[140.1576,38.0571],[140.1638,38.0538],[140.166,38.0537],[140.1683,38.0548],[140.175,38.0605],[140.1771,38.066],[140.1829,38.071],[140.1914,38.0882],[140.2092,38.0961],[140.21,38.0982],[140.2096,38.1051],[140.2163,38.1169],[140.2173,38.1222],[140.2209,38.1287],[140.2232,38.1297],[140.2285,38.1304],[140.2428,38.1297],[140.2567,38.131],[140.2592,38.1318],[140.271,38.1413],[140.2854,38.1618],[140.2888,38.1637],[140.2917,38.1666],[140.2957,38.1682],[140.2975,38.1698],[140.2986,38.1723],[140.3007,38.1743],[140.3014,38.1758],[140.3017,38.1789],[140.2999,38.1844],[140.3003,38.1879],[140.2996,38.1931],[140.3069,38.2179],[140.3083,38.2196],[140.3131,38.2219],[140.3278,38.2485],[140.3696,38.36],[140.3743,38.3836],[140.3867,38.4688],[140.3861,38.4825],[140.3843,38.4987],[140.3876,38.5168],[140.3874,38.5268],[140.3919,38.5378],[140.3905,38.5719],[140.3876,38.5789],[140.3753,38.5956],[140.306,38.7626]]}},{"type":"Feature","properties":{"country":"Japan","line":"秋田新幹線","from":"盛岡","to":"秋田","dist_km":127.3,"fare_local":3946,"currency":"JPY","local_per_km":31.0,"usd_per_km":0.1979,"extra":{"stations":6},"from_en":"Morioka","to_en":"Akita","line_en":"Akita Shinkansen"},"geometry":{"type":"LineString","coordinates":[[141.1352,39.7029],[141.1287,39.7075],[141.11,39.7115],[141.0863,39.7155],[141.0768,39.7141],[141.0605,39.7054],[141.0527,39.7032],[141.0439,39.7042],[141.036,39.7093],[141.0129,39.7102],[140.9978,39.7041],[140.9857,39.6892],[140.9839,39.688],[140.9808,39.6879],[140.9552,39.6934],[140.9338,39.6932],[140.9248,39.6909],[140.9219,39.6891],[140.9105,39.6857],[140.9028,39.6843],[140.8995,39.6822],[140.8962,39.6776],[140.8929,39.6756],[140.8891,39.6747],[140.886,39.673],[140.8807,39.6723],[140.8703,39.6671],[140.8664,39.666],[140.8643,39.6666],[140.8596,39.6696],[140.854,39.67],[140.8486,39.6728],[140.8442,39.6738],[140.8405,39.6755],[140.7839,39.6861],[140.7824,39.687],[140.78,39.6905],[140.777,39.6927],[140.7758,39.695],[140.7742,39.6963],[140.7712,39.6975],[140.7672,39.6974],[140.7572,39.7013],[140.7521,39.7017],[140.7483,39.701],[140.7445,39.7013],[140.7379,39.6993],[140.7302,39.7022],[140.7233,39.7009],[140.7191,39.6982],[140.7101,39.6898],[140.7049,39.6833],[140.7032,39.6802],[140.7004,39.6776],[140.6994,39.6755],[140.6902,39.6668],[140.6846,39.6637],[140.676,39.6624],[140.674,39.6612],[140.6732,39.6595],[140.6736,39.6553],[140.6732,39.6537],[140.6669,39.6499],[140.6642,39.6451],[140.6611,39.6426],[140.6609,39.6394],[140.6599,39.6373],[140.6554,39.6332],[140.6493,39.6319],[140.6,39.6116],[140.5881,39.6057],[140.5751,39.5979],[140.5596,39.5722],[140.5536,39.5588],[140.5379,39.5429],[140.5344,39.5283],[140.5332,39.5255],[140.5075,39.4967],[140.4764,39.4731],[140.4756,39.4713],[140.4759,39.4696],[140.4766,39.4687],[140.4781,39.4672],[140.4784,39.467],[140.4792,39.4663],[140.4799,39.4656],[140.1297,39.7169]]}},{"type":"Feature","properties":{"country":"Japan","line":"北海道新幹線","from":"新青森","to":"新函館北斗","dist_km":148.8,"fare_local":6989,"currency":"JPY","local_per_km":46.97,"usd_per_km":0.2999,"extra":{"stations":4},"from_en":"Shin-Aomori","to_en":"Shin-Hakodate-Hokuto","line_en":"Hokkaido Shinkansen"},"geometry":{"type":"LineString","coordinates":[[140.6934,40.8283],[140.693,40.8368],[140.6909,40.8424],[140.6885,40.8458],[140.6798,40.8546],[140.6772,40.858],[140.6367,40.9327],[140.6335,40.9415],[140.6282,40.9666],[140.6245,40.9753],[140.57,41.0528],[140.5314,41.1254],[140.5275,41.1317],[140.5065,41.155],[140.5,41.1606],[140.4928,41.1653],[140.4853,41.1693],[140.4765,41.1727],[140.4401,41.1824],[140.4262,41.1879],[140.3749,41.2179],[140.3673,41.2235],[140.361,41.2296],[140.3534,41.2405],[140.3489,41.2521],[140.3478,41.2611],[140.3481,41.2876],[140.3462,41.2964],[140.3426,41.3048],[140.3363,41.3139],[140.3023,41.3527],[140.2406,41.4405],[140.237,41.4465],[140.2343,41.4527],[140.2324,41.4595],[140.2317,41.4656],[140.2319,41.4725],[140.2334,41.4802],[140.2363,41.4877],[140.2401,41.4943],[140.305,41.5759],[140.3155,41.5869],[140.3274,41.5961],[140.3745,41.6261],[140.381,41.6309],[140.4802,41.7197],[140.5026,41.7415],[140.5103,41.7467],[140.5181,41.7508],[140.5509,41.7626],[140.5586,41.7663],[140.5662,41.771],[140.5723,41.7757],[140.578,41.7813],[140.5995,41.81],[140.609,41.8195],[140.6174,41.8253],[140.6698,41.8558],[140.6764,41.8611],[140.6807,41.8674],[140.6827,41.8742],[140.6822,41.8815],[140.6792,41.8884],[140.6744,41.8939],[140.6675,41.8986],[140.6609,41.9014],[140.6485,41.9047]]}}]}