{"type":"FeatureCollection","features":[{"type":"Feature","properties":{"daily_trains":96.3,"path_trains":77.79},"geometry":{"type":"LineString","coordinates":[[130.3884,42.8971],[130.3789,42.8943],[130.3749,42.8945],[130.3717,42.8955],[130.3346,42.9218],[130.3282,42.9251],[130.3103,42.9318],[130.3057,42.9331],[130.2856,42.9359],[130.2582,42.9373],[130.2407,42.9415],[130.2304,42.9451],[130.2233,42.9496],[130.2184,42.9541],[130.1939,42.984],[130.1861,42.9924],[130.1766,42.9982],[130.1644,43.0028],[130.1563,43.0045],[130.1312,43.007],[130.1041,43.0121],[130.061,43.0191],[130.0206,43.0274],[129.9978,43.0283],[129.9843,43.0269],[129.9642,43.0209],[129.9563,43.0192],[129.9471,43.0184],[129.9267,43.0185],[129.9136,43.0165],[129.9058,43.0141],[129.8398,42.987],[129.8292,42.9848],[129.8201,42.9846],[129.8084,42.9871],[129.7788,43.001],[129.7711,43.0035],[129.7602,43.0048],[129.7469,43.0038],[129.7427,43.0024],[129.7365,42.9991],[129.722,42.9874],[129.6857,42.9632],[129.6662,42.9548],[129.6524,42.9478],[129.6403,42.9439],[129.6255,42.9418],[129.6129,42.9415],[129.5437,42.9428],[129.5264,42.9436],[129.5053,42.9456],[129.4958,42.9451],[129.4845,42.9424],[129.4758,42.9381],[129.4683,42.9321],[129.4563,42.9176],[129.4527,42.9141],[129.4434,42.9084],[129.4342,42.9052],[129.4244,42.9037],[129.3802,42.9011],[129.3447,42.9044],[129.3353,42.9061],[129.282,42.9227],[129.2665,42.9262],[129.2562,42.9295],[129.225,42.942],[129.2017,42.9561],[129.1817,42.9634],[129.167,42.9707],[129.0404,43.012],[129.0086,43.0293],[128.9877,43.0423],[128.9728,43.0503],[128.9401,43.0673],[128.9198,43.0754],[128.9065,43.0849],[128.8954,43.0984],[128.8794,43.1236],[128.8726,43.13],[128.8586,43.1406],[128.835,43.1641],[128.7817,43.2019],[128.7684,43.2096],[128.7611,43.2126],[128.7408,43.2191],[128.7308,43.2233],[128.692,43.2425],[128.677,43.2477],[128.5725,43.2696],[128.5109,43.2784],[128.4961,43.2819],[128.4295,43.3059],[128.4224,43.3098],[128.3909,43.3323],[128.3817,43.3369],[128.3701,43.3409],[128.3586,43.3432],[128.2951,43.3508],[128.2819,43.3546],[128.2591,43.3648],[128.2206,43.3911],[128.2083,43.3961],[128.1959,43.3995],[128.1876,43.4026],[128.1465,43.4238],[128.0962,43.4436],[127.9821,43.4977],[127.9547,43.5114],[127.9248,43.5324],[127.9167,43.5367],[127.9038,43.5413],[127.8058,43.5681],[127.7944,43.5734],[127.7855,43.579],[127.7601,43.6001],[127.7548,43.6035],[127.7441,43.6083],[127.7218,43.6162],[127.6571,43.6463],[127.645,43.6497],[127.6275,43.6522],[127.5822,43.6538],[127.5531,43.6537],[127.5468,43.6531],[127.5378,43.651],[127.5154,43.642],[127.5056,43.6395],[127.4393,43.6321],[127.4253,43.6325],[127.4201,43.6332],[127.4059,43.637],[127.3938,43.6425],[127.3174,43.6945],[127.3126,43.6988],[127.3083,43.7039],[127.284,43.7404],[127.277,43.7475],[127.2723,43.7511],[127.2678,43.754],[127.2585,43.7582],[127.2289,43.7671],[127.1908,43.7724],[127.1734,43.7735],[127.1534,43.7759],[127.1254,43.7765],[127.0768,43.7797],[126.959,43.7985],[126.848,43.821],[126.8171,43.8302],[126.8021,43.8366],[126.7567,43.8669],[126.7481,43.8714],[126.7352,43.876],[126.6815,43.8896],[126.6726,43.8905],[126.6648,43.8904],[126.6486,43.8876],[126.636,43.8827],[126.6139,43.8729],[126.6106,43.8708],[126.6078,43.8679]]}},{"type":"Feature","properties":{"daily_trains":156.4,"path_trains":154.43},"geometry":{"type":"LineString","coordinates":[[126.5719,43.8631],[126.572,43.8672],[126.5704,43.8696],[126.5464,43.885],[126.5222,43.9068],[126.5148,43.9103],[126.4862,43.9187],[126.4804,43.9216],[126.4721,43.9274],[126.4687,43.9305],[126.4662,43.9338],[126.4617,43.9449],[126.4593,43.9488],[126.4553,43.9529],[126.4499,43.9563],[126.444,43.9587],[126.4082,43.9693],[126.322,43.9919],[126.3069,43.9937],[126.1888,43.9951],[126.1328,44.0008],[126.0971,44.0064],[126.0867,44.0069],[125.971,44.0012],[125.9579,44.0011],[125.9445,44.0026],[125.8605,44.0163],[125.8268,44.0176],[125.7825,44.022],[125.7694,44.0218],[125.7584,44.0206],[125.7443,44.0173],[125.7353,44.0142],[125.723,44.0083],[125.6671,43.9737],[125.6552,43.9675],[125.641,43.962],[125.5808,43.9417],[125.5694,43.9384],[125.5313,43.9319],[125.4461,43.9235],[125.4352,43.9211],[125.4102,43.9131],[125.3864,43.9072],[125.3608,43.9065],[125.3431,43.9093],[125.3259,43.9094]]}},{"type":"Feature","properties":{"daily_trains":91.3,"path_trains":91.29},"geometry":{"type":"LineString","coordinates":[[126.6079,43.8679],[126.6038,43.8585],[126.6011,43.8557],[126.5971,43.8542],[126.5873,43.8528],[126.5774,43.8488],[126.5742,43.8492],[126.5719,43.8514],[126.5714,43.8556],[126.5719,43.8631]]}},{"type":"Feature","properties":{"daily_trains":91.3,"path_trains":91.29},"geometry":{"type":"LineString","coordinates":[[126.6078,43.8679],[126.6079,43.8679]]}},{"type":"Feature","properties":{"daily_trains":96.9,"path_trains":96.86},"geometry":{"type":"LineString","coordinates":[[125.2362,43.9057],[125.2412,43.9108],[125.2453,43.9133],[125.2504,43.9151],[125.2565,43.916],[125.2941,43.9155],[125.2995,43.914],[125.3086,43.9094],[125.3259,43.9094]]}},{"type":"Feature","properties":{"daily_trains":191.0,"path_trains":148.71},"geometry":{"type":"LineString","coordinates":[[125.6569,44.5231],[125.6513,44.5112],[125.6293,44.4577],[125.625,44.4489],[125.619,44.4398],[125.5828,44.3937],[125.5774,44.3858],[125.5584,44.3473],[125.5174,44.2869],[125.5126,44.2777],[125.4962,44.2402],[125.4724,44.2025],[125.4419,44.1466],[125.3933,44.0729],[125.3611,44.0323],[125.3514,44.0227],[125.3422,44.0156],[125.2764,43.9692],[125.2652,43.9596],[125.26,43.9536],[125.2552,43.946],[125.2405,43.9121],[125.2362,43.9057],[125.2301,43.8989],[125.224,43.8937],[125.2164,43.8884],[125.186,43.8713]]}},{"type":"Feature","properties":{"daily_trains":207.3,"path_trains":200.64},"geometry":{"type":"LineString","coordinates":[[123.8083,42.3977],[123.8453,42.4378],[123.8497,42.443],[123.8556,42.4516],[123.9472,42.6069],[123.9844,42.682],[123.9907,42.6925],[124.0922,42.8143],[124.1048,42.8258],[124.1352,42.8476],[124.1406,42.8522],[124.4152,43.108],[124.4238,43.1183],[124.448,43.1607],[124.4548,43.1697],[124.5594,43.2743],[124.7892,43.4566],[124.8388,43.4904],[124.8791,43.5268],[124.8874,43.5367],[124.8975,43.5545],[124.9097,43.5843],[124.913,43.5906],[124.9177,43.5973],[125.0149,43.7174],[125.0222,43.7253],[125.0486,43.7503],[125.1061,43.8203],[125.1145,43.8288],[125.1263,43.8376],[125.1878,43.8722]]}},{"type":"Feature","properties":{"daily_trains":26.7,"path_trains":26.71},"geometry":{"type":"LineString","coordinates":[[122.2578,43.6003],[122.2556,43.5994],[122.2538,43.5978],[122.244,43.5825],[122.2397,43.573],[122.2258,43.5498],[122.2217,43.5415],[122.2192,43.5273],[122.2194,43.5102],[122.2068,43.4469],[122.207,43.4397],[122.2126,43.3862],[122.2298,43.3234],[122.2397,43.2125],[122.2397,43.207],[122.2381,43.1946],[122.2298,43.1362],[122.2296,43.1317],[122.2304,43.1264],[122.2627,43.0459],[122.2671,43.0378],[122.2703,43.034],[122.2766,43.0285],[122.2928,43.0188],[122.3003,43.0129],[122.3555,42.9508],[122.3642,42.94],[122.4261,42.8072],[122.4466,42.7502],[122.4512,42.7434],[122.463,42.731],[122.4861,42.6928],[122.4886,42.687],[122.4908,42.675],[122.483,42.5584],[122.4831,42.5499],[122.4841,42.5452],[122.4937,42.5198],[122.525,42.4685],[122.5279,42.4594],[122.5372,42.4136],[122.5367,42.4075],[122.5341,42.4003],[122.5157,42.376],[122.5093,42.3701],[122.4926,42.3591],[122.4876,42.354],[122.4832,42.3458],[122.482,42.3396],[122.4828,42.3322],[122.4987,42.2814],[122.5029,42.2734],[122.5154,42.2573],[122.5554,42.1812],[122.5594,42.1756],[122.59,42.145],[122.6138,42.117],[122.6493,42.0825],[122.6749,42.0612],[122.683,42.053],[122.6919,42.0432],[122.6935,42.04],[122.6939,42.0362],[122.6924,42.0319],[122.6891,42.0283],[122.6835,42.0254],[122.6777,42.0245],[122.5111,42.0259],[122.3568,42.0333],[122.3487,42.0343],[122.2888,42.045]]}},{"type":"Feature","properties":{"daily_trains":198.3,"path_trains":137.43},"geometry":{"type":"LineString","coordinates":[[123.4,41.8068],[123.3976,41.8048],[123.3887,41.7941],[123.3779,41.778],[123.3701,41.76],[123.3692,41.7551],[123.377,41.7257],[123.3785,41.7218],[123.3807,41.7182],[123.3974,41.7],[123.3998,41.6956],[123.4013,41.6899],[123.3972,41.6112],[123.3961,41.5989],[123.3639,41.4837],[123.3591,41.4646],[123.3547,41.4309],[123.3539,41.4261],[123.3509,41.416],[123.3403,41.3953],[123.3154,41.3601],[123.3068,41.3511],[123.2932,41.3412],[123.2788,41.3341],[123.2072,41.306],[123.1966,41.3012],[123.093,41.2376],[123.0842,41.2338],[123.0477,41.2208],[123.038,41.2185],[123.0101,41.2144],[122.9936,41.2099],[122.9785,41.203],[122.9481,41.1845],[122.9367,41.1746],[122.9283,41.163],[122.9246,41.1546],[122.9193,41.1364],[122.915,41.1274],[122.8989,41.0984],[122.8935,41.091],[122.886,41.0834],[122.8549,41.059],[122.8452,41.0531],[122.7646,41.0189],[122.7542,41.0134],[122.748,41.0093],[122.7371,40.9997],[122.6592,40.9184]]}},{"type":"Feature","properties":{"daily_trains":158.4,"path_trains":142.5},"geometry":{"type":"LineString","coordinates":[[123.4,41.8068],[123.3994,41.8085],[123.3975,41.8096],[123.3536,41.8204],[123.3501,41.8218],[123.3285,41.8353],[123.3245,41.8384],[123.3216,41.8426],[123.3129,41.8624],[123.3092,41.8668],[123.306,41.8691],[123.263,41.8932],[123.2095,41.9303],[123.1512,41.9633],[123.1354,41.9701],[123.118,41.9749],[123.1006,41.9773],[123.0604,41.9798],[123.0422,41.9821],[123.033,41.9843],[123.0012,41.9945],[122.9234,42.0072],[122.873,42.02],[122.8589,42.0219],[122.5111,42.0258],[122.3569,42.0332],[122.3275,42.0379],[122.1099,42.0772],[122.0971,42.0805],[122.045,42.1],[122.0245,42.1048],[122.0114,42.1063],[122.0022,42.1066],[121.9302,42.1048],[121.9152,42.106],[121.8401,42.1144],[121.8258,42.1144],[121.8111,42.1128],[121.7557,42.1013],[121.743,42.0978],[121.7288,42.092],[121.7162,42.0844],[121.7001,42.0732],[121.6909,42.0682],[121.6834,42.0651],[121.5517,42.0251],[121.485,42.0008],[121.4686,41.9971],[121.3982,41.9882],[121.1242,41.925],[121.0497,41.9121],[120.9856,41.8971],[120.9677,41.8904],[120.9599,41.8866],[120.9487,41.8795],[120.7644,41.754],[120.7574,41.7494],[120.7481,41.7445],[120.7339,41.7391],[120.5141,41.671],[120.5057,41.6677],[120.4974,41.6635],[120.4865,41.6566],[120.4306,41.613],[120.3759,41.5829],[120.3384,41.5639],[120.3304,41.559],[120.3185,41.5491],[120.2976,41.5285],[120.2579,41.4948],[120.2437,41.4844],[120.2327,41.4782],[120.1648,41.4435],[120.1485,41.438],[120.1125,41.4288],[120.1018,41.4244],[120.0908,41.4184],[120.0087,41.3657],[119.9523,41.333],[119.9428,41.3266],[119.9322,41.317],[119.8773,41.254],[119.8672,41.2457],[119.8578,41.2399],[119.8406,41.2323],[119.8312,41.2295],[119.8076,41.2245]]}},{"type":"Feature","properties":{"daily_trains":21.4,"path_trains":134.43},"geometry":{"type":"LineString","coordinates":[[122.6682,42.0244],[122.6681,42.0242]]}},{"type":"Feature","properties":{"daily_trains":150.6,"path_trains":150.57},"geometry":{"type":"LineString","coordinates":[[122.8119,42.0227],[122.8082,42.0226]]}},{"type":"Feature","properties":{"daily_trains":150.6,"path_trains":322.14},"geometry":{"type":"LineString","coordinates":[[123.4,41.8068],[123.4,41.8068]]}},{"type":"Feature","properties":{"daily_trains":37.3,"path_trains":37.28},"geometry":{"type":"LineString","coordinates":[[118.9017,42.2688],[118.912,42.2597],[118.9239,42.2445],[118.9271,42.2414],[118.9326,42.2389],[118.9439,42.2365],[118.9485,42.2345],[118.9527,42.2316],[118.9611,42.2236],[118.9682,42.219],[118.9793,42.2155],[119.0074,42.2111],[119.0533,42.202],[119.1125,42.18],[119.1241,42.1746],[119.137,42.1639],[119.1457,42.1589],[119.1922,42.1409],[119.2056,42.135],[119.2126,42.1294],[119.22,42.1214],[119.2247,42.1152],[119.2274,42.1084],[119.2278,42.1003],[119.2245,42.0762],[119.2246,42.0675],[119.2326,42.0461],[119.2362,42.0405],[119.2413,42.0354],[119.2461,42.032],[119.2606,42.0237],[119.2667,42.0188],[119.2705,42.0147],[119.2992,41.974],[119.3021,41.9679],[119.3035,41.9626],[119.304,41.9545],[119.2927,41.9093],[119.2913,41.9017],[119.2915,41.8912],[119.2938,41.8753],[119.2939,41.8695],[119.2931,41.8641],[119.2915,41.8596],[119.2792,41.8341],[119.2702,41.822],[119.2662,41.8152],[119.2649,41.8091],[119.2666,41.7916],[119.2623,41.7537],[119.2609,41.7455],[119.2554,41.7248],[119.2545,41.7194],[119.2548,41.7138],[119.2564,41.7083],[119.2651,41.6937],[119.2675,41.6882],[119.2719,41.6645],[119.2733,41.6602],[119.2759,41.6554],[119.2794,41.651],[119.2943,41.6382],[119.3615,41.5532],[119.3935,41.5213],[119.4026,41.5145],[119.438,41.491],[119.4458,41.484],[119.454,41.4735],[119.4609,41.46],[119.4636,41.4562],[119.4938,41.4307],[119.5442,41.3857],[119.577,41.3643],[119.6061,41.3509],[119.6149,41.3446],[119.6706,41.2833],[119.6741,41.28],[119.6836,41.2732],[119.6903,41.267],[119.7089,41.2463],[119.7142,41.243],[119.7301,41.2383],[119.7336,41.2367],[119.7435,41.2274],[119.7495,41.2228],[119.7562,41.2182],[119.7601,41.2168],[119.7644,41.2161],[119.7693,41.2163],[119.8076,41.2245]]}},{"type":"Feature","properties":{"daily_trains":213.4,"path_trains":322.14},"geometry":{"type":"LineString","coordinates":[[123.4122,41.8123],[123.4056,41.81],[123.4,41.8068]]}},{"type":"Feature","properties":{"daily_trains":249.1,"path_trains":200.14},"geometry":{"type":"LineString","coordinates":[[123.8083,42.3977],[123.7558,42.34],[123.5956,42.1466],[123.5888,42.1403],[123.5775,42.1317],[123.4933,42.0734],[123.4834,42.0647],[123.4752,42.0546],[123.4705,42.0465],[123.4678,42.0397],[123.466,42.0324],[123.4651,42.0245],[123.4635,41.9464],[123.4649,41.9357],[123.4719,41.9102],[123.4734,41.8933],[123.4728,41.8834],[123.4705,41.872],[123.4685,41.8568],[123.4616,41.8351],[123.4588,41.8308],[123.4543,41.8266],[123.4457,41.822],[123.4275,41.8159],[123.4157,41.8131]]}},{"type":"Feature","properties":{"daily_trains":246.4,"path_trains":322.14},"geometry":{"type":"LineString","coordinates":[[123.4121,41.8122],[123.4157,41.8131]]}},{"type":"Feature","properties":{"daily_trains":246.4,"path_trains":285.14},"geometry":{"type":"LineString","coordinates":[[123.4157,41.8131],[123.4157,41.8131]]}},{"type":"Feature","properties":{"daily_trains":213.4,"path_trains":322.14},"geometry":{"type":"LineString","coordinates":[[123.4121,41.8122],[123.4122,41.8123]]}},{"type":"Feature","properties":{"daily_trains":44.0,"path_trains":44.0},"geometry":{"type":"LineString","coordinates":[[128.3064,43.3493],[128.3184,43.3493],[128.3221,43.3487],[128.3272,43.3464],[128.3304,43.3426],[128.332,43.3334],[128.3337,43.295],[128.3321,43.287],[128.3269,43.2721],[128.2909,43.1839],[128.2861,43.1432],[128.2846,43.1369],[128.2778,43.1232],[128.263,43.0989],[128.2599,43.0897],[128.2561,43.0522],[128.249,42.9989],[128.2501,42.9904],[128.2564,42.971],[128.2571,42.9619],[128.2555,42.9543],[128.2493,42.9398],[128.2482,42.9354],[128.2481,42.9268],[128.2515,42.9128],[128.252,42.905],[128.2501,42.8972],[128.2419,42.8792],[128.2403,42.8738],[128.2396,42.8272],[128.2356,42.8103],[128.2422,42.7369],[128.2413,42.7293],[128.2307,42.6853],[128.2299,42.6801],[128.23,42.6692],[128.2326,42.6545],[128.2322,42.6453],[128.2223,42.615],[128.2173,42.588],[128.2136,42.5781],[128.1957,42.5461],[128.1914,42.5411],[128.1813,42.5317],[128.1766,42.5256],[128.1628,42.4957],[128.1586,42.4884],[128.1532,42.4818],[128.1447,42.4744],[128.0961,42.4448],[128.0855,42.4397],[128.0742,42.4358],[127.9864,42.4122],[127.9683,42.4102],[127.9178,42.4083],[127.9057,42.4072],[127.8887,42.4034],[127.8747,42.3979],[127.8664,42.3932],[127.8594,42.3884],[127.602,42.2033],[127.5877,42.1951],[127.5726,42.1893],[127.5543,42.1853],[127.5363,42.1839],[127.4422,42.1893],[127.4207,42.1892],[127.4048,42.1873],[127.2864,42.1682],[127.2748,42.1661],[127.2631,42.1631],[127.2063,42.1431],[127.1976,42.1396],[127.1663,42.1245],[127.1592,42.1217],[127.1483,42.1186],[126.9588,42.0873],[126.9437,42.0853],[126.9258,42.0849],[126.883,42.0886],[126.7641,42.1035],[126.7433,42.1034],[126.7323,42.102],[126.721,42.0996],[126.5939,42.0674],[126.5777,42.0615],[126.5637,42.0536],[126.5574,42.0484],[126.5487,42.0388],[126.5375,42.022],[126.5315,42.0144],[126.5234,42.0071],[126.5106,41.9986],[126.4688,41.9767],[126.4586,41.9721],[126.4474,41.9684],[126.4306,41.9645],[126.416,41.9602],[126.3797,41.9468],[126.3695,41.9424],[126.2872,41.8908],[126.2743,41.8846],[126.0843,41.8106],[126.0748,41.808],[126.063,41.8056],[126.0512,41.8045],[126.0172,41.8039],[126.0107,41.8029],[126.0024,41.8004],[125.9957,41.7974],[125.9904,41.7941],[125.9678,41.7751],[125.9622,41.7721],[125.9573,41.7704],[125.948,41.7688],[125.9387,41.7692],[125.9103,41.7771]]}},{"type":"Feature","properties":{"daily_trains":4.0,"path_trains":4.0},"geometry":{"type":"LineString","coordinates":[[125.3457,43.9092],[125.349,43.9113],[125.35,43.9143],[125.3423,43.9358],[125.3434,43.9411],[125.3403,43.9674],[125.3367,43.9815],[125.3349,43.9834],[125.332,43.9845],[125.2944,43.9891],[125.2918,43.9907],[125.2805,44.0029],[125.2563,44.0416],[125.1357,44.2982],[125.1348,44.3051],[125.1359,44.3103],[125.1378,44.3145],[125.1421,44.3209],[125.1436,44.3246],[125.1579,44.3803],[125.1594,44.389],[125.1563,44.4181],[125.1508,44.4599],[125.1197,44.5499],[125.1147,44.5569],[125.1057,44.5639],[125.1014,44.568],[125.0971,44.5751],[125.0855,44.6306],[125.0865,44.6524],[125.0861,44.6563],[125.0776,44.6859],[125.0102,44.8358],[125.0064,44.8527],[125.0014,44.8644],[124.9979,44.8881],[124.9978,44.9015],[124.9942,44.9139],[124.9935,44.9204],[125.0007,44.961],[125.0011,44.9669],[124.9973,44.9937],[124.9963,44.9971],[124.9942,45.0012],[124.9913,45.0048],[124.9861,45.0092],[124.9619,45.0264],[124.9312,45.0466],[124.8528,45.0886],[124.6712,45.1668],[124.6659,45.1696],[124.6626,45.1724],[124.6601,45.1762],[124.6289,45.2488],[124.6245,45.2546],[124.6176,45.2617],[124.6109,45.267],[124.606,45.27],[124.5973,45.2738],[124.5761,45.2795],[124.5647,45.2836],[124.5589,45.285],[124.5491,45.286],[124.5085,45.2858],[124.4993,45.2877],[124.4878,45.2943],[124.4807,45.2998],[124.4709,45.3049],[124.4583,45.3145],[124.4483,45.3211],[124.4437,45.323],[124.433,45.3248],[124.4239,45.3277],[124.3931,45.3438],[124.3874,45.3484],[124.3835,45.3524],[124.2532,45.5085],[124.2497,45.5218],[124.2481,45.5237],[124.2445,45.5246],[124.2417,45.5239],[124.2199,45.5037],[124.2148,45.5022],[124.2108,45.5029],[124.208,45.5048],[124.2018,45.5186],[124.1982,45.5214],[124.1501,45.5295],[123.9547,45.5254],[123.87,45.5302],[123.8594,45.5321],[123.8482,45.5357],[123.769,45.5742],[123.7606,45.5766],[123.7525,45.5775],[123.7452,45.5773],[123.6136,45.5582],[123.5988,45.5568],[123.5876,45.5583],[123.5055,45.5802],[123.4948,45.5814],[123.4813,45.5811],[123.4728,45.5799],[123.4619,45.5769],[123.4112,45.5619],[123.399,45.5569],[123.3898,45.5557],[123.2711,45.5771],[123.2197,45.5847],[123.159,45.5971],[123.1136,45.6028],[123.1048,45.6022],[123.0976,45.6005],[123.0655,45.5884],[123.0559,45.5863],[122.9469,45.5781],[122.938,45.5781],[122.9063,45.5828],[122.847,45.593],[122.844,45.5953],[122.8433,45.5977],[122.8459,45.5991],[122.8515,45.6044],[122.8539,45.6102]]}},{"type":"Feature","properties":{"daily_trains":4.0,"path_trains":156.43},"geometry":{"type":"LineString","coordinates":[[125.3352,43.9095],[125.3459,43.9091]]}},{"type":"Feature","properties":{"daily_trains":4.0,"path_trains":156.43},"geometry":{"type":"LineString","coordinates":[[125.3457,43.9092],[125.3459,43.9091]]}},{"type":"Feature","properties":{"daily_trains":53.0,"path_trains":40.0},"geometry":{"type":"LineString","coordinates":[[125.9103,41.777],[125.8918,41.7818],[125.8849,41.7825],[125.8763,41.7824],[125.8258,41.7725],[125.8178,41.7715],[125.8062,41.7714],[125.6397,41.7859],[125.6261,41.7865],[125.3981,41.7729],[125.186,41.7334],[125.1758,41.7307],[125.1317,41.7165],[125.1157,41.7131],[125.1035,41.712],[125.0909,41.7121],[125.0368,41.7166],[125.0284,41.7164],[125.0155,41.7151],[125.0019,41.7122],[124.9047,41.6851],[124.8684,41.6805],[124.8236,41.6682],[124.8106,41.6664],[124.7982,41.666],[124.7807,41.6675],[124.6431,41.6938],[124.5949,41.7021],[124.3682,41.7342],[124.3539,41.735],[124.171,41.7376],[124.1577,41.7388],[124.1498,41.7405],[124.1359,41.7459],[124.1265,41.751],[124.1164,41.7594],[124.1108,41.7663],[124.1072,41.772],[124.0952,41.7979],[124.0849,41.8335],[124.0823,41.8406],[124.0762,41.8507],[124.069,41.8591],[124.0546,41.8699],[124.0425,41.8773],[124.0343,41.8812],[124.0205,41.8854],[123.9911,41.8904],[123.9832,41.8906],[123.9362,41.8881],[123.8923,41.8869],[123.8842,41.8879],[123.8464,41.8959],[123.8104,41.8971],[123.8006,41.8966],[123.7917,41.8951],[123.7657,41.8868],[123.7416,41.8813],[123.723,41.8807],[123.6943,41.8771],[123.6313,41.8746],[123.6128,41.8713],[123.604,41.8679],[123.5837,41.8563],[123.5694,41.8532],[123.5637,41.8512],[123.5591,41.8482],[123.5518,41.8413],[123.548,41.839],[123.5333,41.8356],[123.473,41.8126],[123.4689,41.8129],[123.4541,41.8198],[123.4403,41.8204]]}},{"type":"Feature","properties":{"daily_trains":53.0,"path_trains":249.14},"geometry":{"type":"LineString","coordinates":[[123.4404,41.8205],[123.4403,41.8206]]}},{"type":"Feature","properties":{"daily_trains":53.0,"path_trains":249.14},"geometry":{"type":"LineString","coordinates":[[123.4403,41.8204],[123.4403,41.8206]]}},{"type":"Feature","properties":{"daily_trains":250.0,"path_trains":234.15},"geometry":{"type":"LineString","coordinates":[[116.37,39.8605],[116.3777,39.8654],[116.4035,39.8694],[116.4188,39.8708],[116.4352,39.8696],[116.4412,39.8679],[116.4461,39.8656],[116.4817,39.8409],[116.4892,39.8368],[116.496,39.8342],[116.5041,39.8323],[116.5129,39.8314],[116.5379,39.8325],[116.5479,39.8323],[116.5578,39.8309],[116.5699,39.8273],[116.5827,39.8207],[116.6114,39.8017],[116.6183,39.7962],[116.6374,39.7773],[116.6454,39.7705],[116.6694,39.7548],[116.7115,39.7228],[116.7663,39.6699],[116.8125,39.6354],[116.8189,39.6295],[116.8234,39.6243],[116.8723,39.5462],[116.8906,39.526],[116.9154,39.5031],[116.9233,39.493],[116.9296,39.4802],[116.9509,39.4146],[116.956,39.405],[116.9617,39.3976],[116.9717,39.3885],[116.9851,39.3802],[116.9937,39.3766],[117.0478,39.3583],[117.056,39.355],[117.0796,39.3427],[117.0929,39.3339],[117.0993,39.3288],[117.1063,39.3209],[117.1112,39.312],[117.113,39.3063],[117.1179,39.2839],[117.1225,39.2738],[117.1724,39.2056],[117.1804,39.1967],[117.1928,39.1853]]}},{"type":"Feature","properties":{"daily_trains":183.4,"path_trains":165.72},"geometry":{"type":"LineString","coordinates":[[117.1928,39.1853],[117.1971,39.1777],[117.2029,39.1702],[117.206,39.1583],[117.2093,39.1501],[117.2091,39.1483],[117.2078,39.1468],[117.2005,39.1443],[117.1989,39.1431],[117.1982,39.1408],[117.1997,39.1385]]}},{"type":"Feature","properties":{"daily_trains":233.0,"path_trains":234.15},"geometry":{"type":"LineString","coordinates":[[116.5896,39.8161],[116.5901,39.8158]]}},{"type":"Feature","properties":{"daily_trains":229.0,"path_trains":501.58},"geometry":{"type":"LineString","coordinates":[[116.3703,39.8609],[116.37,39.8605],[116.37,39.8605],[116.3704,39.8611],[116.3703,39.8612]]}},{"type":"Feature","properties":{"daily_trains":229.0,"path_trains":501.58},"geometry":{"type":"LineString","coordinates":[[116.3675,39.8587],[116.3676,39.8586]]}},{"type":"Feature","properties":{"daily_trains":299.6,"path_trains":261.57},"geometry":{"type":"LineString","coordinates":[[116.9257,39.354],[116.9164,39.3648],[116.906,39.3738],[116.8474,39.4129],[116.8399,39.4199],[116.8231,39.4384],[116.8088,39.4497],[116.8006,39.4553],[116.7556,39.4811],[116.7052,39.5075],[116.6713,39.5286],[116.6183,39.5581],[116.6035,39.5657],[116.5808,39.5757],[116.5486,39.5912],[116.5372,39.5952],[116.5092,39.6028],[116.4991,39.6066],[116.4904,39.611],[116.4568,39.6314],[116.4226,39.6539],[116.3814,39.6741],[116.3724,39.6795],[116.3512,39.6952],[116.3126,39.7286],[116.3073,39.7344],[116.3035,39.741],[116.3014,39.7486],[116.3014,39.7565],[116.3039,39.765],[116.3199,39.8042],[116.3275,39.8297],[116.3358,39.8469],[116.338,39.8496],[116.342,39.8514],[116.3639,39.8557],[116.3658,39.8566],[116.3675,39.8587]]}},{"type":"Feature","properties":{"daily_trains":68.4,"path_trains":234.15},"geometry":{"type":"LineString","coordinates":[[117.1924,39.1852],[117.1935,39.1824],[117.1926,39.179],[117.1912,39.1775],[117.1822,39.1719],[117.1808,39.1703],[117.1764,39.1611],[117.1711,39.1573]]}},{"type":"Feature","properties":{"daily_trains":68.4,"path_trains":184.71},"geometry":{"type":"LineString","coordinates":[[117.1689,39.1568],[117.1711,39.1573]]}},{"type":"Feature","properties":{"daily_trains":68.4,"path_trains":234.15},"geometry":{"type":"LineString","coordinates":[[117.1928,39.1853],[117.1924,39.1852]]}},{"type":"Feature","properties":{"daily_trains":184.7,"path_trains":178.14},"geometry":{"type":"LineString","coordinates":[[117.1317,39.1565],[117.1608,39.1573],[117.1709,39.1569],[117.1771,39.1557],[117.1799,39.1542],[117.1899,39.1445],[117.1957,39.1419],[117.2012,39.1365],[117.2173,39.131],[117.2278,39.1254],[117.2423,39.1196],[117.2642,39.1092],[117.2712,39.1071],[117.3376,39.0931],[117.4165,39.0672]]}},{"type":"Feature","properties":{"daily_trains":68.4,"path_trains":184.71},"geometry":{"type":"LineString","coordinates":[[117.169,39.157],[117.1689,39.1568]]}},{"type":"Feature","properties":{"daily_trains":56.0,"path_trains":117.07},"geometry":{"type":"LineString","coordinates":[[117.6776,39.0096],[117.677,39.0115],[117.6754,39.013],[117.6639,39.0148],[117.6585,39.0178],[117.6513,39.0233],[117.6204,39.0304],[117.6048,39.0348],[117.5677,39.0384],[117.5412,39.0447],[117.5038,39.0489],[117.4583,39.0558],[117.4421,39.0593],[117.4166,39.0674]]}},{"type":"Feature","properties":{"daily_trains":183.4,"path_trains":286.01},"geometry":{"type":"LineString","coordinates":[[117.1997,39.1385],[117.1991,39.1389]]}},{"type":"Feature","properties":{"daily_trains":558.7,"path_trains":310.71},"geometry":{"type":"LineString","coordinates":[[120.2155,30.2841],[120.2104,30.2918],[120.1988,30.3042],[120.1963,30.3094],[120.1959,30.3173],[120.1972,30.3233],[120.2004,30.3288],[120.2054,30.3334],[120.2383,30.3505],[120.2579,30.3659],[120.2672,30.3716],[120.3077,30.3901],[120.327,30.3973],[120.3366,30.4024],[120.3743,30.4281],[120.4074,30.4599],[120.4132,30.4648],[120.4428,30.4827],[120.4517,30.4871],[120.4749,30.4966],[120.5008,30.5112],[120.5176,30.5229],[120.5277,30.5284],[120.5372,30.5318],[120.5845,30.5452],[120.5931,30.5487],[120.6022,30.5539],[120.6096,30.5595],[120.6211,30.5695],[120.6278,30.5775],[120.6364,30.5907],[120.6412,30.597],[120.6641,30.6189],[120.671,30.6244],[120.6781,30.6289],[120.6918,30.6358],[120.7078,30.645],[120.7295,30.6556],[120.7688,30.6804],[120.818,30.7026],[120.8289,30.709],[120.8386,30.7172],[120.8505,30.7311],[120.8573,30.7376],[120.8744,30.7499],[120.8918,30.7646],[120.921,30.7819],[120.9457,30.801],[120.9546,30.8096],[120.9671,30.8256],[120.9727,30.8314],[120.9966,30.8508],[121.004,30.856],[121.0138,30.8613],[121.0545,30.8797],[121.1107,30.911],[121.1541,30.9286],[121.1663,30.9352],[121.1769,30.9439],[121.1943,30.9637],[121.202,30.9707],[121.211,30.9768],[121.2374,30.9905],[121.2459,30.996],[121.2541,31.0034],[121.2705,31.0218],[121.2974,31.0459],[121.3065,31.0521],[121.3406,31.0715],[121.3479,31.0772],[121.3584,31.0869],[121.3616,31.0923],[121.3624,31.0978],[121.3612,31.1027],[121.3573,31.1118],[121.3548,31.116],[121.3353,31.1425],[121.3204,31.1666],[121.3189,31.17],[121.318,31.1749],[121.3159,31.2132],[121.3145,31.2189],[121.3105,31.2252],[121.2962,31.2377],[121.29,31.2449],[121.2864,31.2515],[121.2789,31.2706],[121.2755,31.2761],[121.2715,31.281],[121.2665,31.2858],[121.2595,31.2907],[121.2529,31.2942],[121.2446,31.2972],[121.1882,31.3077],[121.1468,31.3184]]}},{"type":"Feature","properties":{"daily_trains":174.1,"path_trains":535.43},"geometry":{"type":"LineString","coordinates":[[121.3726,31.1035],[121.3697,31.1011],[121.3664,31.1004],[121.3631,31.1012],[121.3609,31.1033]]}},{"type":"Feature","properties":{"daily_trains":174.1,"path_trains":174.14},"geometry":{"type":"LineString","coordinates":[[121.3726,31.1035],[121.3818,31.1128],[121.3908,31.1253],[121.4042,31.1381],[121.4189,31.1501]]}},{"type":"Feature","properties":{"daily_trains":185.4,"path_trains":136.85},"geometry":{"type":"LineString","coordinates":[[120.5874,30.0941],[120.6084,30.0911],[120.615,30.0896],[120.6261,30.0858],[120.6554,30.0737],[120.6893,30.0646],[120.7033,30.0618],[120.7709,30.0564],[120.7799,30.0569],[120.8132,30.0611],[120.827,30.0611],[120.8656,30.0546],[120.8896,30.0529],[120.9146,30.0475],[120.9304,30.0465],[120.9426,30.0479],[120.9641,30.0536],[121.0318,30.0797],[121.0726,30.0875],[121.1143,30.1025],[121.1293,30.1048],[121.1385,30.1048],[121.1462,30.1042],[121.184,30.0966],[121.1937,30.0932],[121.2068,30.0865],[121.2566,30.058],[121.2782,30.0451],[121.2968,30.0312],[121.3068,30.0258],[121.3999,29.9859],[121.4126,29.9829],[121.4346,29.9799],[121.4749,29.9704],[121.4798,29.9684],[121.5014,29.9569],[121.5146,29.949],[121.527,29.9433],[121.5308,29.9395],[121.5319,29.9372],[121.5323,29.9342],[121.5311,29.916],[121.5276,29.9068],[121.5222,29.8831],[121.522,29.8749],[121.5242,29.8707],[121.5357,29.8627],[121.5487,29.8549],[121.5534,29.8529],[121.5958,29.8489],[121.608,29.8468],[121.6122,29.8455],[121.616,29.8432],[121.6189,29.8399],[121.6206,29.8362],[121.6211,29.8325],[121.6205,29.8289],[121.6173,29.8226],[121.6061,29.8043],[121.5875,29.7762],[121.5459,29.7018],[121.5413,29.6948],[121.5358,29.6888],[121.5074,29.6631],[121.4773,29.6434],[121.4403,29.6144],[121.4333,29.6053],[121.4254,29.5875],[121.4234,29.5815],[121.4224,29.5752],[121.423,29.5594],[121.4215,29.5512],[121.4152,29.535],[121.4033,29.5152],[121.4007,29.5093],[121.3993,29.5031],[121.399,29.4968],[121.3997,29.4905],[121.4016,29.4844],[121.4166,29.4473],[121.4191,29.4386],[121.42,29.428],[121.4194,29.3905],[121.4218,29.3642],[121.4214,29.3583],[121.42,29.3516],[121.4094,29.3259],[121.4043,29.3105],[121.3985,29.2958],[121.397,29.2886],[121.3965,29.2821],[121.3953,29.2353],[121.4088,29.1908],[121.4126,29.1754],[121.4126,29.1683],[121.4108,29.1472],[121.4116,29.1106],[121.4098,29.1001],[121.407,29.0931],[121.4043,29.0882],[121.3987,29.0813],[121.3927,29.0759],[121.3807,29.0685],[121.3426,29.0492],[121.3353,29.0434],[121.3299,29.0372],[121.3185,29.0206],[121.2588,28.9511],[121.2544,28.9432],[121.2519,28.9343],[121.2515,28.9086],[121.2497,28.8975],[121.2324,28.8612],[121.2293,28.8529],[121.2283,28.847],[121.2281,28.8414],[121.2316,28.8194],[121.2334,28.8127],[121.2377,28.8031],[121.2492,28.7867],[121.2517,28.7819],[121.2541,28.7745],[121.2604,28.7484],[121.2632,28.7408],[121.2679,28.7326],[121.28,28.7158],[121.2819,28.7113],[121.2924,28.6561],[121.3016,28.5927],[121.3226,28.5316],[121.3239,28.5232],[121.3246,28.5053],[121.318,28.4697],[121.3136,28.4584],[121.3105,28.4537],[121.3057,28.4482],[121.2789,28.4253],[121.2714,28.4202],[121.1967,28.3802],[121.1508,28.346],[121.1183,28.3228],[121.0926,28.2997],[121.0657,28.2796],[121.0336,28.2574],[121.0012,28.2258],[120.997,28.2199],[120.9798,28.1852],[120.9772,28.1814],[120.9475,28.1438],[120.9365,28.1355],[120.8716,28.0945],[120.8404,28.0822],[120.8316,28.0794],[120.7904,28.0755],[120.7249,28.074],[120.7069,28.0721],[120.6524,28.072],[120.6459,28.071],[120.633,28.0665],[120.6213,28.0593],[120.6141,28.0524],[120.5935,28.023],[120.5914,28.0186],[120.5897,28.0129],[120.588,27.9978],[120.5828,27.9768]]}},{"type":"Feature","properties":{"daily_trains":545.3,"path_trains":537.28},"geometry":{"type":"LineString","coordinates":[[120.2153,30.2841],[120.219,30.281],[120.2492,30.2637],[120.2544,30.2589],[120.2573,30.2535],[120.2602,30.2419],[120.2732,30.2138],[120.2761,30.2088],[120.2836,30.2005],[120.2861,30.1965],[120.2872,30.1931],[120.2892,30.1815]]}},{"type":"Feature","properties":{"daily_trains":288.1,"path_trains":244.42},"geometry":{"type":"LineString","coordinates":[[120.2898,30.1817],[120.2892,30.1815],[120.293,30.159],[120.2945,30.1535],[120.2966,30.1501],[120.2996,30.1469],[120.3069,30.1427],[120.3332,30.1378],[120.3489,30.1318],[120.3603,30.1285],[120.3901,30.127],[120.4233,30.1228],[120.4518,30.1222],[120.4714,30.1204],[120.4843,30.1172],[120.5066,30.1084],[120.5267,30.1039]]}},{"type":"Feature","properties":{"daily_trains":185.4,"path_trains":246.42},"geometry":{"type":"LineString","coordinates":[[120.5267,30.1039],[120.5539,30.0986],[120.5874,30.0941]]}},{"type":"Feature","properties":{"daily_trains":535.3,"path_trains":537.28},"geometry":{"type":"LineString","coordinates":[[120.2153,30.2841],[120.2155,30.2841]]}},{"type":"Feature","properties":{"daily_trains":303.7,"path_trains":437.86},"geometry":{"type":"LineString","coordinates":[[117.1979,31.8096],[117.1987,31.8112],[117.1977,31.808],[117.1989,31.8052],[117.2052,31.8007],[117.2164,31.7954],[117.2271,31.7927],[117.2335,31.7929],[117.2565,31.7978],[117.2771,31.7992]]}},{"type":"Feature","properties":{"daily_trains":98.9,"path_trains":98.86},"geometry":{"type":"LineString","coordinates":[[117.963,29.8924],[117.9754,29.8955],[117.9851,29.8969],[117.9967,29.8974],[118.0096,29.8965],[118.0293,29.892],[118.0695,29.8801],[118.0769,29.8766],[118.1212,29.8491],[118.1467,29.8344],[118.1701,29.824],[118.1906,29.8132],[118.2185,29.8028],[118.2294,29.8015],[118.2409,29.8033],[118.2487,29.8067],[118.2611,29.8149]]}},{"type":"Feature","properties":{"daily_trains":158.7,"path_trains":180.72},"geometry":{"type":"LineString","coordinates":[[119.329,29.5938],[119.3361,29.5889],[119.3613,29.5761],[119.3719,29.5732],[119.3856,29.5715],[119.395,29.5714],[119.4115,29.5735],[119.442,29.5803],[119.4526,29.5851],[119.4651,29.5941],[119.4841,29.6056],[119.4899,29.6099],[119.5166,29.6358],[119.5413,29.6651],[119.5495,29.6737],[119.5697,29.6889],[119.5981,29.7131],[119.6066,29.7185],[119.6156,29.7226],[119.6431,29.7305],[119.6524,29.7342],[119.6609,29.7392],[119.6794,29.7533],[119.6984,29.7627],[119.7066,29.7684],[119.7134,29.7752],[119.7433,29.8095],[119.7605,29.8235],[119.7619,29.8257],[119.7635,29.8312],[119.7629,29.8393]]}},{"type":"Feature","properties":{"daily_trains":240.0,"path_trains":214.07},"geometry":{"type":"LineString","coordinates":[[120.0171,30.7968],[120.0127,30.7547],[120.0131,30.738],[120.0228,30.6873],[120.0268,30.6712],[120.0294,30.654],[120.0342,30.6302],[120.0366,30.6218],[120.0437,30.6051],[120.0459,30.5981],[120.0524,30.5647],[120.0645,30.5194],[120.0675,30.5126],[120.0768,30.4971],[120.0913,30.4754],[120.0951,30.4677],[120.0974,30.4605],[120.0997,30.4478],[120.0997,30.4296],[120.0988,30.4186],[120.0969,30.4103],[120.0921,30.398],[120.0811,30.3795],[120.0762,30.3737],[120.0615,30.3608],[120.0581,30.3565],[120.0557,30.3519],[120.0448,30.3228],[120.0395,30.3154],[120.0332,30.3098],[120.0246,30.3053],[120.0141,30.3024],[119.9358,30.2969],[119.9293,30.2961],[119.9199,30.2936],[119.908,30.2882],[119.8977,30.2806],[119.8903,30.2727],[119.8804,30.2584],[119.8771,30.2524],[119.8749,30.2466],[119.8721,30.2324],[119.8701,30.1978],[119.8686,30.1857],[119.8732,30.1628],[119.8735,30.1494],[119.8621,30.0713],[119.8602,30.0632],[119.8498,30.0305],[119.8447,30.0178],[119.8412,30.0062],[119.8225,29.99],[119.8031,29.9646],[119.7846,29.9496],[119.7767,29.9423],[119.768,29.9316],[119.7614,29.9197],[119.7586,29.9128],[119.7564,29.9045],[119.7549,29.8891],[119.756,29.8778],[119.7629,29.8393]]}},{"type":"Feature","properties":{"daily_trains":162.9,"path_trains":113.86},"geometry":{"type":"LineString","coordinates":[[119.329,29.5938],[119.3269,29.5957],[119.2686,29.6673],[119.2357,29.7018],[119.2119,29.7222],[119.1823,29.741],[119.1086,29.7913],[119.0882,29.8038],[119.0347,29.8427],[119.0234,29.8553],[119.015,29.8658],[119.0021,29.8835],[118.9863,29.9026],[118.9405,29.9501],[118.8845,29.9848],[118.8565,30.0054],[118.8495,30.0088],[118.8331,30.0146],[118.8249,30.0182],[118.796,30.0327],[118.7298,30.0794],[118.7181,30.0932],[118.7114,30.0997],[118.7036,30.1054],[118.6933,30.1108],[118.6815,30.1149],[118.6756,30.1163],[118.6516,30.1162],[118.6401,30.1151],[118.6124,30.1069],[118.6011,30.1015],[118.5952,30.0974],[118.5563,30.0666],[118.5376,30.0529],[118.5077,30.0369],[118.484,30.028],[118.4725,30.0219],[118.4617,30.0132],[118.4544,30.0046],[118.4485,29.9944],[118.4393,29.9698],[118.4358,29.9624],[118.4143,29.9341],[118.402,29.9223]]}},{"type":"Feature","properties":{"daily_trains":114.0,"path_trains":114.0},"geometry":{"type":"LineString","coordinates":[[117.0677,30.5504],[117.0732,30.5497],[117.0914,30.5499],[117.1201,30.5543],[117.1309,30.558],[117.1693,30.5754],[117.1783,30.5783],[117.189,30.5799],[117.2018,30.5795],[117.2227,30.5758],[117.2606,30.5705],[117.2703,30.57],[117.2818,30.571],[117.2917,30.5734],[117.3813,30.6048],[117.3907,30.6066],[117.398,30.6071],[117.4567,30.605],[117.4686,30.6072],[117.4988,30.6166],[117.5245,30.6233]]}},{"type":"Feature","properties":{"daily_trains":93.0,"path_trains":93.0},"geometry":{"type":"LineString","coordinates":[[116.8723,30.6778],[116.8868,30.6816],[116.8953,30.685],[116.907,30.6858],[116.9157,30.6838],[116.9329,30.6747],[116.957,30.6547],[116.9625,30.6485],[116.9637,30.6446],[116.9637,30.6397],[116.9579,30.622],[116.9582,30.6149],[116.9633,30.605],[116.9729,30.5941],[116.9786,30.5801],[116.9825,30.5748],[116.9885,30.5712],[117.0148,30.5617],[117.0384,30.558],[117.0453,30.5555],[117.0677,30.5504]]}},{"type":"Feature","properties":{"daily_trains":74.7,"path_trains":71.71},"geometry":{"type":"LineString","coordinates":[[117.2207,31.8639],[117.2132,31.8548],[117.2118,31.8521],[117.2098,31.8273],[117.2088,31.824],[117.1904,31.8001],[117.1751,31.775],[117.154,31.752],[117.1495,31.7386],[117.1474,31.734],[117.1256,31.7035],[117.1187,31.6963],[117.1066,31.6875],[117.0985,31.6835],[117.0719,31.6727],[117.0612,31.6665],[117.0542,31.6612],[117.0487,31.6559],[117.0397,31.6445],[117.0332,31.6313],[117.03,31.619],[117.027,31.5503],[117.0272,31.5417],[117.0291,31.5319],[117.0469,31.4718],[117.0522,31.4588],[117.0581,31.449],[117.0666,31.4389],[117.0743,31.432],[117.0802,31.4276],[117.1823,31.3713],[117.189,31.3666],[117.1965,31.3602],[117.2027,31.3535],[117.2099,31.3435],[117.2137,31.3363],[117.2176,31.3263],[117.2194,31.3184],[117.2204,31.3106],[117.2204,31.302],[117.219,31.2915],[117.216,31.2814],[117.1916,31.2132],[117.1861,31.2012],[117.1822,31.1951],[117.1406,31.1472],[117.0962,31.1042],[117.0585,31.0662],[117.0506,31.0552],[117.0161,30.9949],[117.0068,30.983],[116.9794,30.9548],[116.9752,30.9493],[116.9702,30.941],[116.965,30.9279],[116.9626,30.9165],[116.9585,30.8575],[116.9593,30.8477],[116.9606,30.8413],[116.9688,30.8143],[116.971,30.8051],[116.9741,30.7749],[116.9735,30.7634],[116.9721,30.7569],[116.9699,30.7508],[116.966,30.7428],[116.9623,30.7375],[116.9532,30.7277],[116.9301,30.7083]]}},{"type":"Feature","properties":{"daily_trains":38.0,"path_trains":38.0},"geometry":{"type":"LineString","coordinates":[[118.0477,29.8867],[118.0211,29.8945],[118.0143,29.8979],[118.0079,29.9029],[118.0047,29.9071],[118.0013,29.915],[118.0005,29.9222],[118.0012,29.9275],[118.0083,29.9497],[118.0446,30.0311],[118.047,30.0384],[118.0604,30.1207],[118.0634,30.144],[118.0634,30.1522],[118.0608,30.1707],[118.0615,30.1818],[118.0689,30.2166],[118.0793,30.2438],[118.0881,30.3015],[118.0881,30.3168],[118.0871,30.3234],[118.0849,30.331],[118.0729,30.3612],[118.0505,30.4034],[118.038,30.4194],[118.0137,30.4466],[117.9379,30.5239],[117.9076,30.5518],[117.8837,30.5773],[117.8761,30.5835],[117.8678,30.5889],[117.825,30.6115],[117.7916,30.6237],[117.7797,30.6269],[117.7497,30.6324],[117.7188,30.6346],[117.6955,30.635],[117.6709,30.6365],[117.6267,30.6367],[117.6149,30.6349],[117.5903,30.628],[117.5701,30.6248]]}},{"type":"Feature","properties":{"daily_trains":70.7,"path_trains":120.14},"geometry":{"type":"LineString","coordinates":[[116.9301,30.7083],[116.9189,30.6983],[116.9171,30.6957],[116.916,30.6926],[116.9162,30.6884],[116.918,30.6845],[116.9209,30.6815],[116.9257,30.6788]]}},{"type":"Feature","properties":{"daily_trains":215.4,"path_trains":215.43},"geometry":{"type":"LineString","coordinates":[[118.2776,29.8258],[118.2987,29.8394],[118.3713,29.8942],[118.402,29.9223]]}},{"type":"Feature","properties":{"daily_trains":32.0,"path_trains":122.0},"geometry":{"type":"LineString","coordinates":[[117.5229,30.6229],[117.5444,30.6279],[117.5642,30.625],[117.5701,30.6248]]}},{"type":"Feature","properties":{"daily_trains":215.4,"path_trains":221.43},"geometry":{"type":"LineString","coordinates":[[118.2776,29.8258],[118.261,29.8148]]}},{"type":"Feature","properties":{"daily_trains":96.0,"path_trains":96.0},"geometry":{"type":"LineString","coordinates":[[117.5229,30.6229],[117.5398,30.6272],[117.5625,30.6342],[117.6042,30.6429],[117.6334,30.6483],[117.6714,30.6601],[117.6793,30.6641],[117.6866,30.6691],[117.6941,30.677],[117.6999,30.6865],[117.7028,30.6948],[117.7058,30.7113],[117.7096,30.7211],[117.7301,30.7548],[117.7478,30.7786],[117.7525,30.7875],[117.7592,30.8048],[117.7642,30.8133],[117.77,30.8202],[117.7858,30.8365],[117.8052,30.8504],[117.8171,30.8621],[117.8315,30.8741],[117.836,30.8789],[117.8493,30.8994],[117.8508,30.9026],[117.8606,30.9322]]}},{"type":"Feature","properties":{"daily_trains":32.0,"path_trains":122.0},"geometry":{"type":"LineString","coordinates":[[117.5701,30.6248],[117.5701,30.6248]]}},{"type":"Feature","properties":{"daily_trains":264.0,"path_trains":227.28},"geometry":{"type":"LineString","coordinates":[[119.9905,30.3007],[119.9906,30.3007]]}},{"type":"Feature","properties":{"daily_trains":38.0,"path_trains":98.86},"geometry":{"type":"LineString","coordinates":[[118.0477,29.8867],[118.0475,29.8864]]}},{"type":"Feature","properties":{"daily_trains":270.1,"path_trains":199.14},"geometry":{"type":"LineString","coordinates":[[120.0171,30.7968],[120.0182,30.8065],[120.0217,30.813],[120.0268,30.8172],[120.0327,30.8188],[120.0671,30.8195],[120.1028,30.8229],[120.2397,30.8151],[120.2493,30.8151],[120.3055,30.8203],[120.3165,30.8224],[120.3381,30.8277],[120.348,30.829],[120.3581,30.8294],[120.386,30.8284],[120.4204,30.8296],[120.4343,30.8313],[120.447,30.8347],[120.4594,30.84],[120.4691,30.8458],[120.515,30.8822],[120.5286,30.891],[120.583,30.919],[120.5982,30.924],[120.6255,30.93],[120.6345,30.9335],[120.6454,30.9396],[120.6539,30.9463],[120.6628,30.9565],[120.6789,30.9821],[120.6969,31.0156],[120.7039,31.0252],[120.7106,31.0324],[120.7225,31.0424],[120.7387,31.052],[120.7558,31.0588],[120.7725,31.0628],[120.8096,31.0674],[120.822,31.0682],[120.877,31.0652],[120.8923,31.0629],[120.9255,31.0538],[120.9527,31.0482],[120.9647,31.0438],[120.9776,31.0365],[120.9866,31.0285],[121.0037,31.0109],[121.0137,31.004],[121.0432,30.9895],[121.0536,30.9861],[121.0648,30.9838],[121.1018,30.9812],[121.1154,30.9812],[121.1339,30.9818],[121.1598,30.9854],[121.1688,30.9861],[121.1771,30.9859],[121.2044,30.983],[121.2096,30.9837],[121.2181,30.9862]]}},{"type":"Feature","properties":{"daily_trains":59.0,"path_trains":527.86},"geometry":{"type":"LineString","coordinates":[[121.2181,30.9862],[121.2388,30.9926],[121.2455,30.9962],[121.2552,31.0054],[121.2687,31.0209],[121.2944,31.0443],[121.3056,31.0524],[121.3427,31.0736],[121.3576,31.0867],[121.3601,31.0902],[121.3618,31.0954],[121.3618,31.0982],[121.3573,31.1114],[121.3547,31.1159],[121.3354,31.1421],[121.3193,31.1681],[121.3171,31.1734],[121.3174,31.1817],[121.3158,31.1905]]}},{"type":"Feature","properties":{"daily_trains":28.0,"path_trains":398.86},"geometry":{"type":"LineString","coordinates":[[121.3557,31.1146],[121.3573,31.1114]]}},{"type":"Feature","properties":{"daily_trains":28.0,"path_trains":398.86},"geometry":{"type":"LineString","coordinates":[[121.3573,31.1114],[121.3573,31.1114]]}},{"type":"Feature","properties":{"daily_trains":16.0,"path_trains":16.0},"geometry":{"type":"LineString","coordinates":[[117.3078,31.9253],[117.3194,31.9275],[117.3234,31.9276],[117.3282,31.9264],[117.3385,31.921],[117.3428,31.9205],[117.3476,31.922],[117.3501,31.924],[117.3518,31.9268],[117.3566,31.9469],[117.36,31.9546],[117.3758,31.9755],[117.3842,31.9839],[117.391,31.9886],[117.4,31.9932],[117.4576,32.0147],[117.4667,32.019],[117.4794,32.0273],[117.4862,32.0333],[117.4911,32.0386],[117.4969,32.0467],[117.5323,32.1023],[117.5902,32.1712],[117.5987,32.1832],[117.6463,32.2674],[117.6596,32.2949],[117.6769,32.3217],[117.7159,32.3904],[117.7286,32.4184],[117.7403,32.436],[117.7435,32.442],[117.7697,32.4983],[117.7741,32.5064],[117.7805,32.5152],[117.799,32.5359],[117.8496,32.5847],[117.8578,32.5953],[117.863,32.6046],[117.8664,32.6135],[117.8681,32.6204],[117.8691,32.627],[117.8708,32.6492],[117.8732,32.6588],[117.9016,32.7232],[117.9049,32.7325],[117.9204,32.8074],[117.9363,32.8555],[117.9376,32.8652],[117.9377,32.8724],[117.9357,32.8857],[117.9306,32.8993],[117.8765,32.991],[117.8724,32.9993],[117.8426,33.0758],[117.8405,33.0837],[117.8394,33.0915],[117.8391,33.0992],[117.8397,33.1067],[117.8603,33.1968],[117.8635,33.2072],[117.8706,33.2216],[117.93,33.3193],[117.9339,33.3265],[117.9433,33.3539],[117.956,33.4148],[117.9589,33.4245],[117.9655,33.438],[117.98,33.4579]]}},{"type":"Feature","properties":{"daily_trains":21.0,"path_trains":268.43},"geometry":{"type":"LineString","coordinates":[[117.3054,32.7596],[117.1737,32.6758],[117.1621,32.6671],[117.1565,32.6614],[117.1367,32.6366],[117.1311,32.6293],[117.129,32.6253],[117.1249,32.6152],[117.1235,32.6091],[117.1213,32.5846],[117.1211,32.5757],[117.1222,32.5648],[117.1242,32.5564],[117.1283,32.5458],[117.1404,32.5244],[117.1761,32.4652],[117.1793,32.4588],[117.1828,32.448],[117.1838,32.4343],[117.1828,32.388],[117.1848,32.376],[117.2037,32.2885],[117.2058,32.2418],[117.2056,32.2252],[117.2062,32.2171],[117.2083,32.2082],[117.215,32.1911],[117.2196,32.1745],[117.231,32.1266],[117.2425,32.0883],[117.2525,32.0321]]}},{"type":"Feature","properties":{"daily_trains":331.7,"path_trains":331.71},"geometry":{"type":"LineString","coordinates":[[117.8228,32.6017],[117.814,32.6124],[117.8025,32.6227],[117.744,32.6716],[117.7298,32.681],[117.5048,32.7892],[117.493,32.7964],[117.4836,32.8037],[117.4769,32.8102],[117.4688,32.8215],[117.4656,32.8271],[117.45,32.8607],[117.4445,32.8753],[117.4306,32.9273],[117.4252,32.9763],[117.4234,32.9839],[117.3748,33.1304],[117.3555,33.2039],[117.3399,33.3204],[117.3371,33.3331],[117.3346,33.34],[117.2841,33.4558],[117.2818,33.4626],[117.2622,33.5577],[117.2342,33.7699],[117.2204,33.8435],[117.2195,33.8555],[117.2207,33.867],[117.2349,33.9489],[117.2483,34.0244],[117.2509,34.0351],[117.3123,34.1795],[117.3162,34.1943],[117.3166,34.2093],[117.3149,34.2193],[117.2932,34.2887],[117.2909,34.3005],[117.2909,34.3088],[117.2987,34.3884],[117.3001,34.395],[117.3032,34.4036],[117.3067,34.4103],[117.3175,34.4259],[117.3241,34.4338],[117.3278,34.4373],[117.3381,34.4451],[117.3456,34.449],[117.3733,34.4587],[117.3872,34.4653],[117.3977,34.4724],[117.4023,34.4763],[117.4074,34.4815],[117.4149,34.4911],[117.4213,34.5051],[117.4229,34.5103],[117.4242,34.5178],[117.4254,34.573],[117.4246,34.5938],[117.4229,34.6044],[117.4182,34.6166],[117.4135,34.6249],[117.3866,34.6655],[117.3526,34.7067],[117.342,34.7187],[117.319,34.741],[117.3116,34.7505],[117.3075,34.7578],[117.3044,34.7653],[117.2932,34.8038],[117.2905,34.8112],[117.2801,34.8316],[117.2756,34.8433],[117.2706,34.8682],[117.2695,34.8811],[117.2699,34.8906],[117.2718,34.9003],[117.2754,34.9099],[117.2923,34.9393],[117.2964,34.9495],[117.3005,34.964],[117.3016,34.9734],[117.301,34.9833],[117.2992,34.9914],[117.2948,35.0034],[117.2878,35.018],[117.2759,35.0353],[117.27,35.0472],[117.2472,35.1034],[117.2369,35.1241],[117.2292,35.1482],[117.2254,35.1571],[117.1849,35.2194],[117.1804,35.2304],[117.1751,35.2525],[117.1721,35.2617],[117.1641,35.2768],[117.1467,35.3016],[117.0935,35.3532],[117.0887,35.3596],[117.0841,35.3678],[117.0801,35.3783],[117.0734,35.4172],[117.0653,35.4435],[117.0634,35.4509],[117.0624,35.4588],[117.0631,35.4811],[117.064,35.488],[117.0678,35.5058],[117.0686,35.5164],[117.0571,35.6073],[117.0569,35.6174],[117.0597,35.6337],[117.0735,35.699],[117.0777,35.7357],[117.0771,35.7779],[117.0779,35.7877],[117.0806,35.7995],[117.0922,35.8329],[117.0959,35.8504],[117.0994,35.8629],[117.1133,35.9016],[117.115,35.9142],[117.1128,35.9436],[117.1043,35.9795],[117.1008,36.0073],[117.0952,36.0363],[117.0918,36.063],[117.0902,36.0701],[117.0868,36.0789],[117.0717,36.1092],[117.0564,36.1355],[117.0513,36.143],[117.0403,36.1547],[117.0139,36.1937],[117.0009,36.2094],[116.9971,36.2151],[116.9919,36.2263],[116.9863,36.2485],[116.981,36.2593],[116.967,36.2778],[116.9323,36.3153],[116.9266,36.3244],[116.9226,36.3351],[116.917,36.3636],[116.9159,36.4163],[116.9116,36.4425],[116.9083,36.4516],[116.9033,36.4597],[116.8879,36.4804],[116.8834,36.4878],[116.8811,36.4929],[116.8782,36.5045],[116.8774,36.5117],[116.878,36.517],[116.8889,36.5583],[116.8901,36.5657],[116.8903,36.5714],[116.8894,36.58],[116.8847,36.5983],[116.8841,36.6059],[116.8861,36.6485],[116.8852,36.7262],[116.8841,36.734],[116.8788,36.7553],[116.8732,36.7996],[116.8707,36.8108],[116.8664,36.821],[116.8606,36.8301],[116.8057,36.8944],[116.8009,36.9009],[116.7775,36.9374],[116.7349,36.9882],[116.6977,37.045],[116.6693,37.0829],[116.6496,37.1134],[116.6164,37.1566],[116.5918,37.1973],[116.5698,37.2234],[116.5396,37.2657],[116.518,37.2894],[116.5,37.3159],[116.4711,37.3546],[116.4657,37.3638],[116.4617,37.3755],[116.4544,37.4249]]}},{"type":"Feature","properties":{"daily_trains":83.1,"path_trains":83.14},"geometry":{"type":"LineString","coordinates":[[117.1616,32.4888],[117.1316,32.5391],[117.1264,32.5499],[117.123,32.5607],[117.1214,32.57],[117.1209,32.579],[117.1234,32.6091],[117.1263,32.6194],[117.1311,32.6293],[117.1565,32.6614],[117.162,32.6671],[117.1698,32.6733],[117.3118,32.7637],[117.3463,32.7805],[117.3543,32.785],[117.4015,32.818],[117.4106,32.8256],[117.4366,32.8551],[117.4414,32.8652],[117.4428,32.8725],[117.4427,32.8797],[117.4349,32.9106]]}},{"type":"Feature","properties":{"daily_trains":169.0,"path_trains":146.0},"geometry":{"type":"LineString","coordinates":[[114.9254,31.1705],[114.9349,31.1755],[114.9426,31.1785],[115.0158,31.2006],[115.0243,31.2036],[115.0323,31.2076],[115.079,31.235],[115.1197,31.2544],[115.1297,31.2579],[115.1394,31.26],[115.1819,31.2665],[115.1997,31.2708],[115.2375,31.2783],[115.2662,31.28],[115.2876,31.2844],[115.4356,31.2974],[115.4465,31.2995],[115.4604,31.3042],[115.4736,31.3115],[115.4933,31.3272],[115.5172,31.3434],[115.5381,31.3559],[115.5446,31.3612],[115.5534,31.3705],[115.5585,31.375],[115.5636,31.3783],[115.5729,31.3829],[115.6213,31.4034],[115.7025,31.4449],[115.7151,31.4525],[115.7588,31.4814],[115.7831,31.4941],[115.791,31.4999],[115.7991,31.5077],[115.8252,31.5379],[115.854,31.5628],[115.8623,31.5687],[115.9388,31.6154],[115.9487,31.6206],[115.9557,31.6233],[116.0569,31.6532],[116.0772,31.6613],[116.09,31.6644],[116.1028,31.6647],[116.1116,31.6636],[116.1378,31.6569],[116.1456,31.6561],[116.1541,31.6562],[116.1669,31.6586],[116.2029,31.6693],[116.2123,31.6707],[116.2361,31.6725],[116.2653,31.6782],[116.3162,31.6846],[116.4272,31.692],[116.4374,31.6933],[116.4491,31.6962],[116.4606,31.7006],[116.5093,31.7233],[116.5308,31.7364],[116.5382,31.7402],[116.5464,31.743],[116.5557,31.7449],[116.5691,31.7457],[116.5857,31.7455],[116.6021,31.7472],[116.7028,31.7518],[116.7527,31.7477],[116.7808,31.7481],[116.8502,31.7579],[116.9328,31.763],[116.9512,31.7648],[116.9895,31.771],[117.0272,31.7723],[117.0411,31.775],[117.0702,31.7852],[117.0819,31.7876],[117.1485,31.7898],[117.1678,31.7897],[117.1856,31.7908],[117.2144,31.7909],[117.2628,31.7991],[117.2753,31.8001]]}},{"type":"Feature","properties":{"daily_trains":249.7,"path_trains":270.43},"geometry":{"type":"LineString","coordinates":[[117.1977,31.8092],[117.2092,31.8247],[117.2099,31.8273],[117.2119,31.852],[117.2133,31.8548],[117.2207,31.8639]]}},{"type":"Feature","properties":{"daily_trains":168.1,"path_trains":515.43},"geometry":{"type":"LineString","coordinates":[[117.2848,31.8006],[117.2753,31.8001]]}},{"type":"Feature","properties":{"daily_trains":272.4,"path_trains":272.43},"geometry":{"type":"LineString","coordinates":[[117.2811,31.9127],[117.2784,31.9115],[117.2679,31.9092],[117.2644,31.9073],[117.2545,31.8961],[117.2477,31.8903],[117.2361,31.8822],[117.2322,31.8787],[117.2207,31.8639]]}},{"type":"Feature","properties":{"daily_trains":268.4,"path_trains":268.43},"geometry":{"type":"LineString","coordinates":[[117.1616,32.4888],[117.1768,32.463],[117.1806,32.4535],[117.1822,32.4469],[117.1833,32.4371],[117.1828,32.415],[117.1815,32.3974],[117.1818,32.3896],[117.1998,32.3056],[117.2015,32.2947],[117.2037,32.2613],[117.2011,32.2381],[117.2017,32.2249],[117.2042,32.215],[117.2139,32.1916],[117.2164,32.1837],[117.2264,32.1431],[117.2285,32.1253],[117.2299,32.1183],[117.2328,32.1105],[117.2411,32.0942],[117.2426,32.0894],[117.253,32.0299],[117.2542,32.0181]]}},{"type":"Feature","properties":{"daily_trains":188.7,"path_trains":268.43},"geometry":{"type":"LineString","coordinates":[[117.2542,32.0181],[117.2561,32.0033],[117.2571,31.9984],[117.2607,31.9884],[117.2622,31.9768],[117.2649,31.972],[117.2777,31.9576],[117.2804,31.9523],[117.282,31.9367],[117.2853,31.9204],[117.2844,31.9162],[117.2811,31.9127]]}},{"type":"Feature","properties":{"daily_trains":290.6,"path_trains":274.57},"geometry":{"type":"LineString","coordinates":[[117.8228,32.6018],[117.8498,32.557],[117.8959,32.5031],[117.9587,32.4465],[118.1154,32.3301],[118.163,32.2854],[118.1751,32.2758],[118.1844,32.2702],[118.3645,32.1725],[118.3759,32.1658],[118.3826,32.1609],[118.3912,32.1537],[118.3965,32.1483],[118.4936,32.0418],[118.5065,32.0308],[118.5186,32.0237],[118.6002,31.9837],[118.6113,31.976],[118.6627,31.9344],[118.6718,31.9292],[118.6832,31.9252],[118.6933,31.9234],[118.7052,31.9233],[118.7144,31.9248],[118.7246,31.9279],[118.7303,31.9306],[118.7375,31.9351],[118.7607,31.9551],[118.7687,31.9602],[118.7843,31.9677]]}},{"type":"Feature","properties":{"daily_trains":16.0,"path_trains":277.43},"geometry":{"type":"LineString","coordinates":[[117.2766,31.9116],[117.2937,31.9165],[117.3079,31.9253]]}},{"type":"Feature","properties":{"daily_trains":290.6,"path_trains":290.57},"geometry":{"type":"LineString","coordinates":[[117.8228,32.6017],[117.8228,32.6018]]}},{"type":"Feature","properties":{"daily_trains":16.0,"path_trains":83.14},"geometry":{"type":"LineString","coordinates":[[117.3054,32.7596],[117.3054,32.7596]]}},{"type":"Feature","properties":{"daily_trains":249.7,"path_trains":515.43},"geometry":{"type":"LineString","coordinates":[[117.2771,31.7992],[117.2848,31.7996]]}},{"type":"Feature","properties":{"daily_trains":256.7,"path_trains":515.43},"geometry":{"type":"LineString","coordinates":[[117.2848,31.8006],[117.2848,31.7996]]}},{"type":"Feature","properties":{"daily_trains":83.7,"path_trains":277.43},"geometry":{"type":"LineString","coordinates":[[117.2867,31.9169],[117.2866,31.915],[117.2853,31.9136],[117.2766,31.9116]]}},{"type":"Feature","properties":{"daily_trains":16.0,"path_trains":290.57},"geometry":{"type":"LineString","coordinates":[[117.8352,32.5811],[117.8359,32.5801]]}},{"type":"Feature","properties":{"daily_trains":18.0,"path_trains":268.43},"geometry":{"type":"LineString","coordinates":[[117.2499,32.0476],[117.2498,32.0476]]}},{"type":"Feature","properties":{"daily_trains":22.6,"path_trains":341.71},"geometry":{"type":"LineString","coordinates":[[117.4413,32.8871],[117.4411,32.887]]}},{"type":"Feature","properties":{"daily_trains":249.7,"path_trains":270.43},"geometry":{"type":"LineString","coordinates":[[117.1978,31.8092],[117.1977,31.8092]]}},{"type":"Feature","properties":{"daily_trains":16.0,"path_trains":16.0},"geometry":{"type":"LineString","coordinates":[[117.3078,31.9253],[117.3079,31.9253]]}},{"type":"Feature","properties":{"daily_trains":453.9,"path_trains":453.86},"geometry":{"type":"LineString","coordinates":[[117.3204,31.8034],[117.3118,31.8019],[117.2848,31.8006]]}},{"type":"Feature","properties":{"daily_trains":146.3,"path_trains":146.28},"geometry":{"type":"LineString","coordinates":[[119.9838,30.8975],[119.952,30.8924],[119.9451,30.892],[119.9156,30.8924],[119.9045,30.8913],[119.8942,30.8889],[119.8874,30.8865],[119.8031,30.8493],[119.7912,30.8457],[119.7638,30.8391],[119.7216,30.825],[119.7079,30.8218],[119.6972,30.8204],[119.6621,30.8178],[119.5884,30.8191],[119.5736,30.8207],[119.5584,30.8252],[119.5481,30.8304],[119.5299,30.8437],[119.5214,30.8491],[119.5083,30.8549],[119.4962,30.8583],[119.4842,30.8601],[119.474,30.8604],[119.4632,30.8595],[119.4428,30.8562],[119.4289,30.8556],[119.3945,30.8578],[119.3808,30.8606],[119.3677,30.8655],[119.3148,30.8974],[119.3005,30.9041],[119.2841,30.9084],[119.2155,30.9215],[119.1744,30.9355],[119.1517,30.9399],[119.133,30.9429],[119.1241,30.9437],[119.1146,30.9437],[119.0947,30.9421],[119.0618,30.9431],[119.0501,30.9419],[119.006,30.9334],[118.947,30.9272]]}},{"type":"Feature","properties":{"daily_trains":229.1,"path_trains":452.43},"geometry":{"type":"LineString","coordinates":[[120.1957,30.3144],[120.1947,30.3218],[120.1927,30.3252],[120.19,30.3279],[120.1594,30.3435],[120.1542,30.3478],[120.1506,30.3538],[120.1481,30.3657],[120.1457,30.373],[120.143,30.378],[120.1379,30.3841],[120.1241,30.3957],[120.1189,30.402],[120.116,30.4067],[120.1096,30.4208],[120.0927,30.4532],[120.0797,30.4911],[120.0673,30.5127],[120.0643,30.5191],[120.0516,30.5666],[120.0455,30.5982],[120.0427,30.6068],[120.0366,30.6201],[120.034,30.6276],[120.0294,30.6504],[120.0262,30.6725],[120.0216,30.6904],[120.0123,30.7394],[120.0119,30.7549],[120.0172,30.8063],[120.0178,30.8554]]}},{"type":"Feature","properties":{"daily_trains":146.3,"path_trains":347.43},"geometry":{"type":"LineString","coordinates":[[120.0176,30.8552],[120.0175,30.8818],[120.0169,30.8844],[120.0153,30.8874],[120.0131,30.8895],[120.0045,30.8949],[119.9992,30.8974],[119.9915,30.8985],[119.9838,30.8974]]}},{"type":"Feature","properties":{"daily_trains":136.3,"path_trains":136.28},"geometry":{"type":"LineString","coordinates":[[117.9246,31.6133],[117.9292,31.605],[117.9322,31.6014],[117.9784,31.5654],[118.0046,31.5362],[118.0115,31.5295],[118.0196,31.5237],[118.0272,31.5195],[118.0517,31.5086],[118.0585,31.505],[118.0675,31.4989],[118.0738,31.4934],[118.0961,31.4677],[118.1108,31.4457],[118.1339,31.4199],[118.1491,31.3956],[118.1528,31.3908],[118.1619,31.3818],[118.1719,31.3748],[118.1856,31.3686],[118.2124,31.3611],[118.2262,31.3594],[118.3045,31.3527],[118.3209,31.3527],[118.3675,31.3589]]}},{"type":"Feature","properties":{"daily_trains":196.1,"path_trains":196.14},"geometry":{"type":"LineString","coordinates":[[117.3204,31.8034],[117.3418,31.8082],[117.3467,31.8088],[117.3518,31.8085],[117.375,31.8016],[117.3876,31.7956],[117.3946,31.7905],[117.3988,31.7865],[117.4042,31.7796],[117.4089,31.7702],[117.4167,31.7475],[117.4212,31.7378],[117.4277,31.7284],[117.4347,31.7214],[117.4447,31.7141],[117.4541,31.7093],[117.4914,31.6958],[117.5053,31.6917],[117.5209,31.6895],[117.5601,31.6895],[117.5698,31.6888],[117.6217,31.681],[117.632,31.6803],[117.8106,31.6916],[117.8249,31.6908],[117.8383,31.6881]]}},{"type":"Feature","properties":{"daily_trains":201.3,"path_trains":200.28},"geometry":{"type":"LineString","coordinates":[[118.7635,30.9543],[118.7527,30.9638],[118.7487,30.9701],[118.738,31.0137],[118.734,31.0254],[118.7316,31.0301],[118.7292,31.034],[118.7206,31.0441],[118.7142,31.0495],[118.7049,31.0554],[118.6956,31.0597],[118.6878,31.0623],[118.4766,31.1253],[118.4673,31.129],[118.446,31.1398],[118.4232,31.1476],[118.3998,31.1572],[118.392,31.1617],[118.3858,31.1666],[118.381,31.1721],[118.3616,31.2007],[118.3578,31.2099],[118.356,31.2179],[118.3553,31.224],[118.3561,31.2292],[118.3593,31.2361],[118.3645,31.2416],[118.3871,31.2625],[118.3901,31.2664],[118.3912,31.2693],[118.3914,31.2748],[118.3835,31.3119],[118.3845,31.3194],[118.3829,31.3276],[118.3835,31.3298],[118.3868,31.3353],[118.387,31.3429]]}},{"type":"Feature","properties":{"daily_trains":198.9,"path_trains":200.86},"geometry":{"type":"LineString","coordinates":[[117.8383,31.6881],[117.8516,31.6835],[117.8635,31.6773],[117.8768,31.6676],[117.893,31.6544],[117.8993,31.6488],[117.9083,31.6384],[117.9246,31.6133]]}},{"type":"Feature","properties":{"daily_trains":146.3,"path_trains":146.28},"geometry":{"type":"LineString","coordinates":[[119.9838,30.8975],[119.9838,30.8974]]}},{"type":"Feature","properties":{"daily_trains":136.3,"path_trains":286.28},"geometry":{"type":"LineString","coordinates":[[118.3675,31.3589],[118.3756,31.3589],[118.3819,31.3549]]}},{"type":"Feature","properties":{"daily_trains":146.3,"path_trains":146.28},"geometry":{"type":"LineString","coordinates":[[118.7635,30.9543],[118.7969,30.9269],[118.8059,30.9225],[118.8144,30.9204],[118.8238,30.9199],[118.8663,30.9229],[118.9048,30.9236],[118.947,30.9272]]}},{"type":"Feature","properties":{"daily_trains":138.3,"path_trains":293.28},"geometry":{"type":"LineString","coordinates":[[118.3823,31.3555],[118.3819,31.3549]]}},{"type":"Feature","properties":{"daily_trains":186.4,"path_trains":349.43},"geometry":{"type":"LineString","coordinates":[[120.0178,30.8554],[120.0176,30.8552]]}},{"type":"Feature","properties":{"daily_trains":20.1,"path_trains":293.28},"geometry":{"type":"LineString","coordinates":[[118.3819,31.3549],[118.3844,31.3526],[118.3868,31.3471],[118.387,31.3421]]}},{"type":"Feature","properties":{"daily_trains":4.0,"path_trains":4.0},"geometry":{"type":"LineString","coordinates":[[119.4993,29.2356],[119.503,29.2619],[119.5028,29.2691],[119.5007,29.2763],[119.4918,29.2938],[119.488,29.3047],[119.4757,29.3718],[119.4727,29.3913],[119.4728,29.397],[119.474,29.4021],[119.4916,29.4401],[119.4934,29.4455],[119.4944,29.4528],[119.4938,29.4602],[119.4809,29.5307],[119.479,29.5524],[119.477,29.5578],[119.4732,29.5638],[119.4697,29.5672],[119.4653,29.5699],[119.454,29.5746],[119.4468,29.5764],[119.4345,29.5777],[119.43,29.5775]]}},{"type":"Feature","properties":{"daily_trains":62.6,"path_trains":44.0},"geometry":{"type":"LineString","coordinates":[[116.3996,39.3882],[116.3978,39.3425],[116.3831,39.2627],[116.3809,39.2507],[116.3784,39.2417],[116.3749,39.2333],[116.3689,39.2234],[116.3589,39.2119],[116.3524,39.2062],[116.3439,39.2002],[116.2592,39.146],[116.2105,39.1189],[116.202,39.1133],[116.1862,39.0997],[116.158,39.0616]]}},{"type":"Feature","properties":{"daily_trains":61.6,"path_trains":61.57},"geometry":{"type":"LineString","coordinates":[[116.3371,39.8887],[116.3359,39.8929],[116.333,39.8947],[116.3259,39.895],[116.318,39.8929],[116.3128,39.8929],[116.3069,39.894]]}},{"type":"Feature","properties":{"daily_trains":53.3,"path_trains":62.57},"geometry":{"type":"LineString","coordinates":[[116.3996,39.3882],[116.4018,39.4554],[116.4045,39.4681],[116.4108,39.4857],[116.412,39.4939],[116.4104,39.5077],[116.4011,39.5644],[116.3967,39.5745],[116.3849,39.5902],[116.3801,39.6],[116.3781,39.609],[116.3779,39.6273],[116.3768,39.6357],[116.3649,39.672],[116.3603,39.6823],[116.3555,39.6894],[116.3493,39.6962],[116.3101,39.7302],[116.3054,39.7363],[116.2988,39.7425],[116.297,39.7462],[116.2973,39.7498],[116.3179,39.8014],[116.3273,39.8298]]}},{"type":"Feature","properties":{"daily_trains":61.6,"path_trains":323.14},"geometry":{"type":"LineString","coordinates":[[116.3372,39.8887],[116.3382,39.8832],[116.3384,39.8751],[116.3375,39.8518],[116.3273,39.8298]]}},{"type":"Feature","properties":{"daily_trains":35.0,"path_trains":323.14},"geometry":{"type":"LineString","coordinates":[[116.3342,39.8443],[116.3344,39.8442]]}},{"type":"Feature","properties":{"daily_trains":61.6,"path_trains":61.57},"geometry":{"type":"LineString","coordinates":[[116.3371,39.8887],[116.3372,39.8887]]}},{"type":"Feature","properties":{"daily_trains":23.0,"path_trains":311.14},"geometry":{"type":"LineString","coordinates":[[116.3297,39.7138],[116.3295,39.7134]]}},{"type":"Feature","properties":{"daily_trains":99.9,"path_trains":99.86},"geometry":{"type":"LineString","coordinates":[[113.8176,34.7776],[113.836,34.7772],[113.8516,34.775],[113.8594,34.7748],[113.8913,34.78],[113.9459,34.7821],[113.9945,34.7789],[114.0211,34.7801],[114.0467,34.7772],[114.0565,34.7773],[114.0761,34.7785],[114.1313,34.7874],[114.164,34.7958],[114.1698,34.7968],[114.2615,34.7972],[114.2678,34.7962],[114.273,34.7934],[114.2755,34.7907],[114.283,34.7788],[114.2856,34.7767],[114.2892,34.775],[114.2922,34.7742],[114.3129,34.7726],[114.337,34.7709],[114.3412,34.7712]]}},{"type":"Feature","properties":{"daily_trains":99.9,"path_trains":600.57},"geometry":{"type":"LineString","coordinates":[[113.7721,34.7686],[113.7717,34.774],[113.7722,34.7757],[113.7743,34.7803],[113.7772,34.7819],[113.7804,34.7816],[113.7876,34.7772],[113.7912,34.7761],[113.8047,34.7774],[113.8176,34.7776]]}},{"type":"Feature","properties":{"daily_trains":453.3,"path_trains":690.57},"geometry":{"type":"LineString","coordinates":[[113.7718,34.7667],[113.7717,34.7667]]}},{"type":"Feature","properties":{"daily_trains":320.3,"path_trains":644.28},"geometry":{"type":"LineString","coordinates":[[113.7721,34.7686],[113.7715,34.7686]]}},{"type":"Feature","properties":{"daily_trains":320.3,"path_trains":644.28},"geometry":{"type":"LineString","coordinates":[[113.7715,34.7686],[113.7717,34.7667]]}},{"type":"Feature","properties":{"daily_trains":65.3,"path_trains":734.71},"geometry":{"type":"LineString","coordinates":[[113.773,34.7628],[113.7744,34.7362],[113.7793,34.721],[113.7807,34.7096],[113.785,34.694],[113.7854,34.689],[113.7848,34.6823]]}},{"type":"Feature","properties":{"daily_trains":251.0,"path_trains":281.93},"geometry":{"type":"LineString","coordinates":[[113.8256,34.5485],[113.8248,34.5436],[113.8259,34.5389],[113.8287,34.5351],[113.8334,34.532],[113.8843,34.5151],[113.891,34.5142],[113.9021,34.5146],[113.9155,34.5128],[113.9215,34.5106],[113.9243,34.5083],[113.9255,34.5059],[113.9258,34.4958]]}},{"type":"Feature","properties":{"daily_trains":251.0,"path_trains":297.29},"geometry":{"type":"LineString","coordinates":[[113.8255,34.5485],[113.8307,34.5689],[113.8308,34.5969],[113.8296,34.6045],[113.8255,34.6122],[113.8122,34.6261],[113.8057,34.6391],[113.8011,34.6464],[113.7868,34.6603],[113.7841,34.6663],[113.7837,34.6728]]}},{"type":"Feature","properties":{"daily_trains":251.0,"path_trains":297.29},"geometry":{"type":"LineString","coordinates":[[113.8255,34.5485],[113.8256,34.5485]]}},{"type":"Feature","properties":{"daily_trains":93.4,"path_trains":720.14},"geometry":{"type":"LineString","coordinates":[[113.7742,34.7533],[113.7745,34.7534]]}},{"type":"Feature","properties":{"daily_trains":65.3,"path_trains":518.57},"geometry":{"type":"LineString","coordinates":[[113.7837,34.6728],[113.7848,34.6823]]}},{"type":"Feature","properties":{"daily_trains":93.4,"path_trains":720.14},"geometry":{"type":"LineString","coordinates":[[113.7737,34.7577],[113.7742,34.7533],[113.7734,34.7582]]}},{"type":"Feature","properties":{"daily_trains":93.4,"path_trains":720.14},"geometry":{"type":"LineString","coordinates":[[113.7745,34.7534],[113.7745,34.7534]]}},{"type":"Feature","properties":{"daily_trains":261.1,"path_trains":835.14},"geometry":{"type":"LineString","coordinates":[[113.7718,34.7667],[113.7727,34.7628],[113.7736,34.7628],[113.7729,34.7628],[113.7727,34.7628]]}},{"type":"Feature","properties":{"daily_trains":45.6,"path_trains":836.14},"geometry":{"type":"LineString","coordinates":[[113.7728,34.7628],[113.7726,34.7631]]}},{"type":"Feature","properties":{"daily_trains":381.3,"path_trains":734.71},"geometry":{"type":"LineString","coordinates":[[113.7729,34.7524],[113.7748,34.733],[113.7837,34.695],[113.7839,34.6849],[113.7826,34.6759]]}},{"type":"Feature","properties":{"daily_trains":366.7,"path_trains":833.14},"geometry":{"type":"LineString","coordinates":[[113.7728,34.7524],[113.7718,34.7667]]}},{"type":"Feature","properties":{"daily_trains":319.7,"path_trains":720.14},"geometry":{"type":"LineString","coordinates":[[113.7728,34.7524],[113.7729,34.7524]]}},{"type":"Feature","properties":{"daily_trains":105.1,"path_trains":105.14},"geometry":{"type":"LineString","coordinates":[[113.2363,35.2238],[113.2491,35.226],[113.2623,35.2273],[113.2672,35.2268],[113.28,35.2238],[113.288,35.2238],[113.2955,35.2259],[113.3096,35.2349],[113.3193,35.2385],[113.327,35.2397],[113.3423,35.2401],[113.3632,35.2426],[113.3759,35.2425],[113.3873,35.2403],[113.3985,35.235],[113.4055,35.2294],[113.4137,35.2181],[113.4394,35.178],[113.4437,35.1683],[113.4451,35.1583],[113.4435,35.1086],[113.4438,35.0977],[113.4454,35.0762],[113.4469,35.07],[113.4496,35.0632],[113.4554,35.0539],[113.4596,35.0492],[113.465,35.0444],[113.4755,35.0376],[113.5113,35.0196],[113.5182,35.0138],[113.5228,35.0079],[113.5262,35.0002],[113.5275,34.9906],[113.5213,34.9572],[113.521,34.9486],[113.5232,34.9403],[113.5357,34.9143],[113.5505,34.8897],[113.5534,34.8861],[113.5581,34.8811],[113.5753,34.8668],[113.5803,34.8614],[113.5889,34.8464],[113.6046,34.825],[113.6507,34.7541]]}},{"type":"Feature","properties":{"daily_trains":78.0,"path_trains":73.14},"geometry":{"type":"LineString","coordinates":[[113.0957,36.082],[113.093,36.0737],[113.0926,36.0695],[113.0935,36.0631],[113.0976,36.049],[113.098,36.0426],[113.0951,36.0341],[113.0902,36.028],[113.0863,36.0248],[113.0819,36.0223],[113.0714,36.0188],[113.0584,36.0161],[113.0337,36.0144],[113.0266,36.0126],[113.0223,36.0108],[113.0163,36.0069],[113.0127,36.0037],[113.0098,35.9998],[113.0078,35.9952],[113.0064,35.9872],[113.0093,35.973],[113.0091,35.9687],[113.0076,35.9606],[113.0052,35.9538],[112.9694,35.8962],[112.9513,35.8759],[112.9483,35.8715],[112.9316,35.8335],[112.9305,35.8274],[112.931,35.8209],[112.9377,35.8029],[112.9417,35.7819],[112.942,35.7692],[112.9432,35.7634],[112.9459,35.7581],[112.9538,35.7466],[112.9681,35.7122],[112.9767,35.6965],[112.983,35.6818],[113.003,35.6495],[113.0059,35.6403],[113.0096,35.6201],[113.01,35.6145],[113.0055,35.5909],[113.0007,35.5737],[112.9958,35.5614],[112.9502,35.4867],[112.9463,35.4788],[112.9447,35.4739],[112.9423,35.4627],[112.942,35.4426],[112.9403,35.4324],[112.9386,35.4274],[112.9285,35.406],[112.9265,35.3974],[112.9245,35.3492],[112.9248,35.3419],[112.9262,35.3363],[112.9284,35.3315],[112.9329,35.3248],[112.9435,35.3117],[112.9485,35.3019],[112.9573,35.2528],[112.9572,35.2389],[112.9588,35.2317],[112.9607,35.2282],[112.9644,35.224],[112.982,35.2092],[112.9882,35.2056],[112.998,35.203],[113.0054,35.2025],[113.0363,35.2086],[113.0777,35.2092],[113.0885,35.2069],[113.1062,35.1974],[113.1123,35.1949],[113.1206,35.1931],[113.1281,35.1931],[113.137,35.1949],[113.1553,35.2037],[113.1771,35.2082],[113.1957,35.216],[113.2108,35.2194],[113.2363,35.2238]]}},{"type":"Feature","properties":{"daily_trains":200.1,"path_trains":200.14},"geometry":{"type":"LineString","coordinates":[[119.0865,31.6885],[119.0995,31.6688],[119.107,31.6602],[119.118,31.6524],[119.1314,31.6448],[119.1837,31.6247],[119.196,31.6182],[119.3387,31.5063],[119.3481,31.4979],[119.3947,31.4492],[119.4122,31.4285],[119.4416,31.4049],[119.4485,31.4002],[119.4555,31.3965],[119.467,31.3923],[119.4771,31.3899],[119.5035,31.3868]]}},{"type":"Feature","properties":{"daily_trains":201.1,"path_trains":201.14},"geometry":{"type":"LineString","coordinates":[[119.5035,31.3868],[119.6444,31.3704],[119.6526,31.3681],[119.6776,31.357],[119.684,31.3548],[119.6919,31.3531],[119.7208,31.3493],[119.7378,31.3447],[119.7522,31.3399],[119.7619,31.3356],[119.7814,31.3242],[119.7898,31.3206],[119.827,31.3088],[119.8345,31.3058],[119.841,31.3021],[119.8476,31.2971],[119.8535,31.2911],[119.8584,31.284],[119.8617,31.2765],[119.8634,31.2701],[119.8639,31.2596],[119.861,31.2324],[119.8622,31.2214],[119.865,31.2123],[119.8836,31.1752],[119.9077,31.1398],[119.9196,31.1143],[119.9224,31.1094],[119.9308,31.0988],[119.9492,31.0816],[119.9542,31.0755],[119.9591,31.0679],[119.9762,31.0298],[119.9923,31.0006],[120.0051,30.9718],[120.0205,30.9319],[120.022,30.921]]}},{"type":"Feature","properties":{"daily_trains":201.1,"path_trains":347.43},"geometry":{"type":"LineString","coordinates":[[120.0178,30.8587],[120.0182,30.8881],[120.022,30.921]]}},{"type":"Feature","properties":{"daily_trains":210.9,"path_trains":200.14},"geometry":{"type":"LineString","coordinates":[[118.805,31.9766],[118.7996,31.9737],[118.8121,31.98],[118.8223,31.9828],[118.8407,31.9841],[118.8459,31.9833],[118.8511,31.9814],[118.8573,31.9769],[118.8669,31.966],[118.8818,31.9504],[118.9033,31.93],[118.9259,31.9028],[118.9455,31.8715],[118.9822,31.8248],[119.0068,31.7833],[119.0144,31.7748],[119.0421,31.7523],[119.0503,31.7437],[119.0865,31.6885]]}},{"type":"Feature","properties":{"daily_trains":46.1,"path_trains":349.43},"geometry":{"type":"LineString","coordinates":[[120.0178,30.8554],[120.0182,30.833],[120.0219,30.825],[120.0259,30.8215],[120.031,30.8193],[120.0364,30.8186],[120.0485,30.819]]}},{"type":"Feature","properties":{"daily_trains":253.0,"path_trains":525.57},"geometry":{"type":"LineString","coordinates":[[118.4155,32.0704],[118.4258,32.066],[118.4651,32.0428],[118.4721,32.0399],[118.5021,32.03],[118.5441,32.0111],[118.5972,31.9853],[118.6103,31.9767],[118.6618,31.9349],[118.67,31.9299],[118.6809,31.9256],[118.6909,31.9235],[118.7024,31.9226],[118.7109,31.9235],[118.7242,31.9276],[118.7313,31.9309],[118.738,31.9352],[118.7608,31.9549],[118.7729,31.9622],[118.7813,31.9657]]}},{"type":"Feature","properties":{"daily_trains":257.7,"path_trains":253.0},"geometry":{"type":"LineString","coordinates":[[118.4155,32.0704],[118.4061,32.0724],[118.3966,32.0729],[118.3122,32.0681],[118.3029,32.0671],[118.1697,32.0389],[118.1035,32.0317],[118.0961,32.0297],[118.079,32.0233],[118.0293,32.0093],[118.0183,32.0083],[117.9635,32.0081],[117.9535,32.0073],[117.9435,32.0051],[117.9116,31.9946],[117.9008,31.9926],[117.8766,31.9908],[117.8671,31.9893],[117.8183,31.9752],[117.7665,31.9669],[117.7466,31.9659],[117.7388,31.9646],[117.7275,31.9606],[117.7119,31.9514],[117.7049,31.9483],[117.6609,31.9343],[117.5644,31.8966],[117.5398,31.8888],[117.5191,31.8795],[117.4578,31.8543],[117.4501,31.8495],[117.4443,31.844],[117.4411,31.8394],[117.4301,31.8204],[117.4269,31.8163],[117.4204,31.8107],[117.4133,31.8071],[117.4047,31.8047],[117.3954,31.8042],[117.3629,31.8093],[117.3531,31.8098],[117.3425,31.8085],[117.3204,31.8034]]}},{"type":"Feature","properties":{"daily_trains":253.0,"path_trains":253.0},"geometry":{"type":"LineString","coordinates":[[118.4155,32.0704],[118.4155,32.0704]]}},{"type":"Feature","properties":{"daily_trains":676.3,"path_trains":676.28},"geometry":{"type":"LineString","coordinates":[[118.7813,31.9657],[118.7868,31.9688]]}},{"type":"Feature","properties":{"daily_trains":4.7,"path_trains":102.78},"geometry":{"type":"LineString","coordinates":[[117.9494,31.5883],[117.9385,31.5971],[117.9313,31.6046],[117.9112,31.6347],[117.9005,31.6482],[117.8845,31.6625],[117.8637,31.678],[117.8508,31.6841],[117.8217,31.6929],[117.8095,31.6981],[117.7015,31.7569],[117.6645,31.7827],[117.599,31.8218],[117.58,31.8322],[117.5496,31.8517],[117.5435,31.8568],[117.5319,31.8706],[117.5284,31.8734],[117.524,31.8755],[117.5197,31.8764],[117.5156,31.8765],[117.5113,31.8758],[117.4677,31.8585]]}},{"type":"Feature","properties":{"daily_trains":6.7,"path_trains":200.86},"geometry":{"type":"LineString","coordinates":[[117.9147,31.6283],[117.9154,31.6284]]}},{"type":"Feature","properties":{"daily_trains":6.7,"path_trains":200.86},"geometry":{"type":"LineString","coordinates":[[117.9162,31.6262],[117.9147,31.6283]]}},{"type":"Feature","properties":{"daily_trains":185.3,"path_trains":181.28},"geometry":{"type":"LineString","coordinates":[[117.1616,32.4888],[117.151,32.5056],[117.1445,32.5134],[117.1328,32.5238],[117.1242,32.5293],[117.1168,32.533],[117.0961,32.5404],[117.0857,32.5429],[117.0733,32.5444],[117.0062,32.5442],[116.9969,32.5448],[116.9794,32.5478],[116.9548,32.5553],[116.9443,32.5577],[116.9349,32.5588],[116.9112,32.56],[116.8986,32.562],[116.8549,32.576],[116.8272,32.5883],[116.8169,32.5914],[116.7872,32.5972],[116.7572,32.5999],[116.7476,32.6022],[116.7389,32.6065],[116.7216,32.6194],[116.7152,32.6227],[116.7081,32.625],[116.698,32.6264],[116.6682,32.6263],[116.6538,32.6281],[116.6396,32.6316],[116.5893,32.6469],[116.5805,32.6488],[116.5716,32.6499],[116.56,32.6499],[116.5477,32.6482],[116.5393,32.646],[116.5169,32.638],[116.5058,32.6358],[116.4982,32.6351],[116.4831,32.6355],[116.4065,32.6412],[116.397,32.6431],[116.3773,32.6487],[116.3549,32.652],[116.3317,32.6565],[116.3047,32.6641],[116.296,32.6655],[116.2668,32.6685],[116.1581,32.692],[116.114,32.6965],[116.084,32.7024],[116.0515,32.7111],[115.9606,32.7288],[115.9223,32.74],[115.8507,32.7544],[115.8223,32.7607],[115.792,32.7725],[115.7723,32.7822],[115.7653,32.7863],[115.7577,32.792],[115.7531,32.7962],[115.7443,32.8075],[115.741,32.8138],[115.7381,32.8218],[115.7366,32.8283],[115.7361,32.8353],[115.7373,32.8475],[115.7452,32.8783]]}},{"type":"Feature","properties":{"daily_trains":88.0,"path_trains":74.5},"geometry":{"type":"LineString","coordinates":[[115.7229,33.1615],[115.7283,33.2463],[115.7302,33.2538],[115.7485,33.3103],[115.7654,33.3479],[115.7724,33.3615],[115.7821,33.3763],[115.7992,33.3954],[115.8024,33.3993],[115.8076,33.4079],[115.8117,33.418],[115.8133,33.4269],[115.8136,33.4326],[115.813,33.4405],[115.8082,33.4608],[115.807,33.4688],[115.807,33.5065],[115.8035,33.567],[115.8035,33.5838],[115.802,33.6087],[115.8018,33.6315],[115.7955,33.717],[115.7954,33.7423],[115.7907,33.8181],[115.7948,33.864],[115.7965,33.871],[115.8033,33.8898],[115.8047,33.897],[115.8051,33.9045],[115.8035,33.9163],[115.7906,33.9687],[115.7877,33.9972],[115.7832,34.0193],[115.7723,34.0943],[115.7667,34.1189],[115.758,34.1746],[115.7412,34.2544],[115.7388,34.2749],[115.7297,34.3063],[115.7258,34.3404],[115.7213,34.3636],[115.7193,34.3701],[115.7046,34.401],[115.7032,34.4071],[115.7023,34.4217],[115.7011,34.4248],[115.699,34.4282],[115.695,34.4318],[115.6902,34.4344],[115.6739,34.4381],[115.6568,34.4448]]}},{"type":"Feature","properties":{"daily_trains":88.0,"path_trains":88.0},"geometry":{"type":"LineString","coordinates":[[115.7452,32.8783],[115.7627,32.9458],[115.764,32.9547],[115.7639,32.9614],[115.7625,32.9703],[115.7604,32.9769],[115.7384,33.0245],[115.7351,33.0356],[115.7208,33.1186],[115.7229,33.1615]]}},{"type":"Feature","properties":{"daily_trains":35.9,"path_trains":57.86},"geometry":{"type":"LineString","coordinates":[[118.8046,28.9736],[118.8097,28.9849],[118.8136,28.9911],[118.819,28.9978],[118.8255,29.004],[118.8317,29.009],[118.8433,29.0158],[118.8523,29.0197],[118.8645,29.0231],[118.9332,29.033],[118.9527,29.0369],[118.9626,29.0401],[118.9965,29.0544],[119.0334,29.0729],[119.0705,29.0947],[119.0834,29.1048]]}},{"type":"Feature","properties":{"daily_trains":35.9,"path_trains":57.86},"geometry":{"type":"LineString","coordinates":[[119.1678,29.2044],[119.1602,29.1894],[119.1537,29.1803],[119.146,29.1721],[119.1145,29.1424],[119.0894,29.1112],[119.0834,29.1048]]}},{"type":"Feature","properties":{"daily_trains":35.9,"path_trains":57.86},"geometry":{"type":"LineString","coordinates":[[119.1678,29.2044],[119.1931,29.2555],[119.214,29.3118],[119.2189,29.3204],[119.2344,29.3435],[119.2384,29.3515],[119.2403,29.3566],[119.2476,29.3867],[119.2512,29.3961],[119.2798,29.4476],[119.2855,29.4557],[119.2907,29.4613],[119.3066,29.4749],[119.3166,29.481],[119.3379,29.4911],[119.3474,29.498],[119.3532,29.5056],[119.3567,29.5126],[119.3581,29.5175],[119.3615,29.5363],[119.3646,29.543],[119.3682,29.5475],[119.3895,29.568],[119.3949,29.5718]]}},{"type":"Feature","properties":{"daily_trains":35.9,"path_trains":57.86},"geometry":{"type":"LineString","coordinates":[[118.8046,28.9735],[118.7822,28.9162]]}},{"type":"Feature","properties":{"daily_trains":35.0,"path_trains":176.72},"geometry":{"type":"LineString","coordinates":[[119.395,29.5714],[119.3949,29.5718]]}},{"type":"Feature","properties":{"daily_trains":35.9,"path_trains":176.72},"geometry":{"type":"LineString","coordinates":[[119.395,29.5714],[119.395,29.5714]]}},{"type":"Feature","properties":{"daily_trains":35.9,"path_trains":57.86},"geometry":{"type":"LineString","coordinates":[[118.8046,28.9736],[118.8046,28.9735]]}},{"type":"Feature","properties":{"daily_trains":83.9,"path_trains":69.86},"geometry":{"type":"LineString","coordinates":[[119.9615,29.3053],[119.9601,29.2981],[119.9605,29.291],[119.964,29.2784],[119.9686,29.2706],[119.9733,29.2659],[119.9984,29.245],[120.0087,29.239],[120.0204,29.2345],[120.0287,29.2325],[120.0364,29.2315],[120.0598,29.2306],[120.0818,29.2276],[120.1341,29.2247],[120.1983,29.2246],[120.2193,29.224],[120.2279,29.2231],[120.2932,29.2118],[120.3091,29.2084],[120.3339,29.1983],[120.3514,29.1882],[120.3635,29.1794],[120.375,29.1678],[120.3818,29.1592],[120.3891,29.1467],[120.3918,29.1394],[120.3937,29.1284],[120.3946,29.1131],[120.3955,29.0637],[120.3976,29.0519],[120.4024,29.0406],[120.4307,28.9897],[120.4343,28.9841],[120.4406,28.9764],[120.4611,28.9535],[120.4658,28.9493],[120.4712,28.946],[120.4827,28.9417],[120.5326,28.9275],[120.5973,28.9035],[120.6108,28.8958],[120.6162,28.8907],[120.6204,28.8848],[120.6245,28.8755],[120.6518,28.7852],[120.6691,28.748],[120.6747,28.7378],[120.6788,28.7268],[120.6801,28.7214],[120.6913,28.6491],[120.6985,28.614],[120.7301,28.5388],[120.7563,28.4681],[120.7641,28.4233],[120.7699,28.4028],[120.7711,28.3964],[120.772,28.3883],[120.7725,28.3522],[120.7736,28.3421],[120.7843,28.3087],[120.7933,28.2719],[120.7936,28.2622],[120.7913,28.2415],[120.7841,28.2128],[120.7769,28.1802],[120.7709,28.1575],[120.7324,28.0774],[120.7285,28.0742],[120.7232,28.0724],[120.7082,28.0724]]}},{"type":"Feature","properties":{"daily_trains":85.0,"path_trains":85.0},"geometry":{"type":"LineString","coordinates":[[120.0484,29.396],[120.0503,29.3998],[120.0514,29.4041],[120.0511,29.4116],[120.0477,29.4275],[120.045,29.4337],[120.0411,29.4403],[120.0358,29.4466],[120.0309,29.451],[120.0241,29.4557],[120.005,29.4667],[119.9977,29.4721],[119.9915,29.4778],[119.9854,29.4846],[119.9538,29.5245],[119.939,29.5409],[119.9296,29.5559],[119.8863,29.6176],[119.864,29.6585],[119.7763,29.784],[119.7711,29.7938],[119.7675,29.8038],[119.766,29.8112],[119.7629,29.8393]]}},{"type":"Feature","properties":{"daily_trains":69.9,"path_trains":217.71},"geometry":{"type":"LineString","coordinates":[[120.6946,28.0721],[120.7084,28.0722]]}},{"type":"Feature","properties":{"daily_trains":341.0,"path_trains":318.0},"geometry":{"type":"LineString","coordinates":[[120.0424,29.387],[120.0229,29.3662],[119.9871,29.3347],[119.9614,29.3052]]}},{"type":"Feature","properties":{"daily_trains":85.0,"path_trains":327.0},"geometry":{"type":"LineString","coordinates":[[120.0414,29.3876],[120.0484,29.396]]}},{"type":"Feature","properties":{"daily_trains":83.9,"path_trains":318.0},"geometry":{"type":"LineString","coordinates":[[119.9613,29.3052],[119.9615,29.3053]]}},{"type":"Feature","properties":{"daily_trains":83.9,"path_trains":318.0},"geometry":{"type":"LineString","coordinates":[[119.9613,29.3052],[119.9614,29.3052]]}},{"type":"Feature","properties":{"daily_trains":69.9,"path_trains":217.71},"geometry":{"type":"LineString","coordinates":[[120.7084,28.0722],[120.7082,28.0724]]}},{"type":"Feature","properties":{"daily_trains":31.9,"path_trains":196.43},"geometry":{"type":"LineString","coordinates":[[118.6782,28.799],[118.6868,28.8071],[118.703,28.8255],[118.719,28.8451],[118.7389,28.8622],[118.7622,28.8845],[118.7696,28.8932],[118.7743,28.8999],[118.7789,28.9085],[118.7821,28.9162]]}},{"type":"Feature","properties":{"daily_trains":4.0,"path_trains":196.43},"geometry":{"type":"LineString","coordinates":[[118.6783,28.7989],[118.6692,28.7927],[118.6427,28.7785]]}},{"type":"Feature","properties":{"daily_trains":197.4,"path_trains":187.43},"geometry":{"type":"LineString","coordinates":[[117.0252,28.3059],[117.0673,28.3223],[117.1509,28.343],[117.1674,28.3477],[117.1758,28.351],[117.1865,28.3565],[117.2063,28.37],[117.2218,28.3768],[117.2323,28.3792],[117.2871,28.3863],[117.3355,28.3973],[117.3512,28.4022],[117.3643,28.4053],[117.4007,28.4114],[117.427,28.4131],[117.4715,28.4182],[117.4818,28.4185],[117.4987,28.4159],[117.5672,28.3915],[117.5757,28.3891],[117.5867,28.3872],[117.5957,28.3866],[117.6125,28.3872],[117.6395,28.393],[117.6686,28.3983],[117.6915,28.4041],[117.742,28.4141],[117.7547,28.4177],[117.7602,28.4199],[117.769,28.4241],[117.7802,28.4314],[117.8012,28.4498],[117.8115,28.457],[117.826,28.4657],[117.8498,28.4835],[117.864,28.4911],[117.8777,28.4953],[117.8953,28.4973],[117.9128,28.4975],[117.9442,28.4918],[117.9548,28.491],[117.9611,28.491],[117.9804,28.4931],[118.0207,28.4959],[118.0302,28.4958],[118.0568,28.4934],[118.0664,28.4936],[118.0788,28.4955],[118.099,28.5031],[118.1066,28.5082],[118.1216,28.5205],[118.1269,28.5253],[118.1469,28.5473],[118.1672,28.565],[118.1859,28.5892],[118.1957,28.5984],[118.2044,28.6045],[118.2095,28.6073],[118.2346,28.6173],[118.2427,28.6215],[118.2664,28.6389],[118.2709,28.6415],[118.3061,28.6588],[118.3239,28.6652],[118.3401,28.6679],[118.3749,28.6696],[118.4062,28.6747],[118.4178,28.6779],[118.4583,28.6938],[118.4968,28.7039],[118.5272,28.71],[118.5432,28.7159],[118.5529,28.7211],[118.5594,28.7256],[118.5865,28.7498],[118.5912,28.7529],[118.6052,28.7601],[118.624,28.7681],[118.668,28.7915],[118.6775,28.7978],[118.6844,28.8039],[118.6931,28.8136],[118.7071,28.8297],[118.7181,28.8436],[118.7358,28.8589],[118.7592,28.8806],[118.7644,28.8844],[118.7751,28.8908],[118.7852,28.895],[118.795,28.8976],[118.8068,28.8996]]}},{"type":"Feature","properties":{"daily_trains":31.9,"path_trains":53.86},"geometry":{"type":"LineString","coordinates":[[118.7821,28.9162],[118.7822,28.9162]]}},{"type":"Feature","properties":{"daily_trains":4.0,"path_trains":196.43},"geometry":{"type":"LineString","coordinates":[[118.6433,28.7783],[118.6427,28.7785]]}},{"type":"Feature","properties":{"daily_trains":4.0,"path_trains":196.43},"geometry":{"type":"LineString","coordinates":[[118.6783,28.7989],[118.6782,28.799]]}},{"type":"Feature","properties":{"daily_trains":2.0,"path_trains":349.43},"geometry":{"type":"LineString","coordinates":[[120.018,30.8377],[120.0176,30.8378]]}},{"type":"Feature","properties":{"daily_trains":180.7,"path_trains":164.71},"geometry":{"type":"LineString","coordinates":[[120.2007,27.3665],[120.2043,27.3756],[120.2093,27.3831],[120.2729,27.4506],[120.2838,27.4612],[120.2925,27.4665],[120.3358,27.4878],[120.3685,27.5022],[120.3759,27.5075],[120.3851,27.5172],[120.3915,27.5222],[120.4328,27.5461],[120.441,27.5498],[120.4603,27.5554],[120.4692,27.5593],[120.4747,27.563],[120.4789,27.5667],[120.4888,27.5787],[120.4927,27.5824],[120.4984,27.5864],[120.5112,27.5936],[120.5195,27.5995],[120.5278,27.6063],[120.5325,27.6121],[120.536,27.6183],[120.5442,27.6382],[120.5473,27.651],[120.5476,27.6576],[120.5465,27.6638],[120.5395,27.6804],[120.5377,27.6869],[120.537,27.6959],[120.5388,27.7059],[120.543,27.715],[120.5848,27.7835],[120.5874,27.7896],[120.5889,27.7957],[120.5895,27.8065],[120.5893,27.8181],[120.5914,27.8414],[120.5909,27.8487],[120.5887,27.8565],[120.5751,27.8862],[120.5679,27.91],[120.5691,27.9215],[120.5793,27.9627]]}},{"type":"Feature","properties":{"daily_trains":274.4,"path_trains":272.43},"geometry":{"type":"LineString","coordinates":[[120.5828,27.9768],[120.5793,27.9627]]}},{"type":"Feature","properties":{"daily_trains":48.6,"path_trains":26.0},"geometry":{"type":"LineString","coordinates":[[117.2299,29.3404],[117.2674,29.3499],[117.2723,29.3505],[117.28,29.3501],[117.2873,29.3489],[117.3421,29.3362],[117.3742,29.3262],[117.4301,29.3152],[117.4389,29.3142],[117.447,29.315],[117.4645,29.3192],[117.4894,29.3292],[117.5023,29.3353],[117.5096,29.3371],[117.516,29.3374],[117.5525,29.3332],[117.5692,29.3277],[117.6063,29.3187],[117.6168,29.3167],[117.6483,29.3151],[117.677,29.3145],[117.6876,29.3135],[117.7574,29.3133],[117.7611,29.3128],[117.7718,29.3091],[117.7969,29.3051],[117.8367,29.3026],[117.849,29.3008],[117.8576,29.2974],[117.87,29.2908],[117.8753,29.2853],[117.8791,29.2779],[117.8799,29.273],[117.8798,29.2686],[117.8752,29.2561],[117.8701,29.2159],[117.8704,29.2068],[117.8729,29.1982],[117.8902,29.1674],[117.8998,29.1546],[117.9111,29.1373],[117.9151,29.1328],[117.9186,29.1299],[117.9265,29.1257],[117.9345,29.1235],[117.9948,29.1119],[118.0435,29.1045],[118.0864,29.0947],[118.1598,29.0668],[118.1901,29.0587],[118.2295,29.0398],[118.2459,29.0333],[118.2778,29.0264],[118.3091,29.0209],[118.3209,29.0175],[118.3369,29.01],[118.3688,28.9845],[118.3834,28.9774],[118.3911,28.9758],[118.4203,28.9722],[118.427,28.9708],[118.4874,28.9482],[118.5092,28.936],[118.5235,28.9315],[118.5386,28.9251],[118.5458,28.9251],[118.6421,28.9346],[118.6459,28.9343],[118.6643,28.9295],[118.6702,28.9291],[118.6908,28.9306],[118.7007,28.9335],[118.7092,28.9339],[118.7303,28.9301],[118.7452,28.9307],[118.7549,28.929],[118.7644,28.9283],[118.7699,28.9264],[118.7875,28.9161],[118.7932,28.9138],[118.7981,28.9126],[118.8202,28.9108],[118.8463,28.9111],[118.8489,28.9121],[118.8561,28.9171],[118.8702,28.9233]]}},{"type":"Feature","properties":{"daily_trains":28.0,"path_trains":53.86},"geometry":{"type":"LineString","coordinates":[[118.7814,28.9145],[118.781,28.9141],[118.7791,28.9154],[118.7772,28.9215],[118.7731,28.9246]]}},{"type":"Feature","properties":{"daily_trains":107.0,"path_trains":106.0},"geometry":{"type":"LineString","coordinates":[[118.7996,32.0862],[118.8042,32.0846],[118.8082,32.0853],[118.8222,32.0912],[118.8349,32.0998],[118.8423,32.1031],[118.8488,32.1046],[118.8685,32.1067],[118.8797,32.1099],[118.8862,32.1129],[118.9201,32.1325],[118.9296,32.1364],[118.9397,32.1383],[118.964,32.14],[118.9842,32.144],[119.0117,32.1511],[119.0251,32.1523],[119.068,32.1511],[119.076,32.1515],[119.0858,32.1535],[119.1166,32.162],[119.1316,32.1639],[119.1968,32.163],[119.2226,32.1616],[119.244,32.1627]]}},{"type":"Feature","properties":{"daily_trains":128.4,"path_trains":128.43},"geometry":{"type":"LineString","coordinates":[[119.1596,34.4762],[119.1596,34.4762]]}},{"type":"Feature","properties":{"daily_trains":82.4,"path_trains":82.43},"geometry":{"type":"LineString","coordinates":[[119.2207,34.4353],[119.2532,34.4235],[119.2761,34.4166],[119.2819,34.4143],[119.2866,34.4112],[119.2906,34.4077],[119.2943,34.4025],[119.2963,34.398],[119.3025,34.3578],[119.3042,34.2553],[119.3151,34.2114],[119.3157,34.2069],[119.3147,34.17],[119.3134,34.1626],[119.311,34.157],[119.3083,34.153],[119.2968,34.1399],[119.293,34.1342],[119.2837,34.1158],[119.2682,34.0904],[119.2654,34.0833],[119.264,34.0731],[119.2666,34.0522],[119.2654,33.9983],[119.2556,33.9296],[119.2528,33.9224],[119.2428,33.9075],[119.2224,33.867],[119.2194,33.8567],[119.2187,33.8517],[119.2178,33.826],[119.2167,33.8206],[119.2132,33.8105],[119.2091,33.8016],[119.1828,33.7666],[119.1751,33.7502],[119.1706,33.7433],[119.1662,33.7384],[119.1362,33.7121],[119.1307,33.7049],[119.1283,33.6992],[119.1261,33.6838],[119.1266,33.6788],[119.1277,33.6749],[119.1303,33.67],[119.139,33.6589],[119.1511,33.6403],[119.1592,33.6193],[119.1725,33.5939]]}},{"type":"Feature","properties":{"daily_trains":176.0,"path_trains":176.0},"geometry":{"type":"LineString","coordinates":[[119.5219,32.4123],[119.5207,32.4242],[119.5221,32.4318],[119.5258,32.4386],[119.5362,32.4506],[119.5383,32.4544],[119.5403,32.4601],[119.5448,32.5244],[119.5521,32.551],[119.5518,32.5861],[119.554,32.6049],[119.5525,32.6523],[119.5492,32.6716],[119.5479,32.6762],[119.544,32.6858],[119.5366,32.7017],[119.5162,32.7341],[119.4957,32.7893],[119.4888,32.8305],[119.4855,32.8933],[119.4846,32.897],[119.4774,32.9146],[119.4723,32.9338],[119.4637,32.9543],[119.4527,32.991],[119.4461,33.0441],[119.4298,33.1055],[119.4268,33.113],[119.3966,33.173],[119.3786,33.2331],[119.3748,33.2432],[119.3709,33.2494],[119.3676,33.2535],[119.3481,33.2729],[119.334,33.292],[119.3182,33.3073],[119.3104,33.3159],[119.3046,33.3239],[119.2746,33.3733],[119.2436,33.4437],[119.2295,33.4736],[119.2213,33.4862],[119.215,33.5036],[119.2041,33.5226],[119.1964,33.5427],[119.1713,33.5972],[119.1585,33.6214],[119.1519,33.6391],[119.1401,33.6579],[119.132,33.6687]]}},{"type":"Feature","properties":{"daily_trains":282.7,"path_trains":419.22},"geometry":{"type":"LineString","coordinates":[[119.4716,32.1773],[119.4678,32.1814],[119.4633,32.1851],[119.4429,32.199],[119.4395,32.2004],[119.4359,32.2008],[119.4238,32.1988],[119.4102,32.1947],[119.3984,32.1936],[119.3935,32.1926],[119.372,32.1844],[119.3506,32.1797],[119.3356,32.1728],[119.3288,32.1703],[119.3016,32.1644],[119.2839,32.1622],[119.244,32.1627]]}},{"type":"Feature","properties":{"daily_trains":128.4,"path_trains":128.43},"geometry":{"type":"LineString","coordinates":[[119.2207,34.4353],[119.2112,34.4389],[119.204,34.4427],[119.1596,34.4762]]}},{"type":"Feature","properties":{"daily_trains":128.4,"path_trains":107.28},"geometry":{"type":"LineString","coordinates":[[119.1013,34.8742],[119.0905,34.8582],[119.0867,34.8453],[119.0855,34.8398],[119.0851,34.8327],[119.0862,34.8185],[119.0877,34.8125],[119.0912,34.8062],[119.0946,34.8021],[119.1095,34.7896],[119.1126,34.786],[119.123,34.7696],[119.1264,34.7626],[119.1304,34.7449],[119.1398,34.7184],[119.1493,34.7004],[119.1634,34.6761],[119.1668,34.6726],[119.1826,34.661],[119.1864,34.6566],[119.1886,34.6509],[119.1903,34.635],[119.1897,34.6325],[119.1884,34.6304],[119.1788,34.6218],[119.133,34.5975],[119.1296,34.5965],[119.1038,34.5931],[119.0961,34.5902],[119.0919,34.5869],[119.089,34.583],[119.0875,34.5786],[119.0873,34.5737],[119.0883,34.57],[119.103,34.5361],[119.1068,34.5297],[119.1448,34.4879],[119.1596,34.4762]]}},{"type":"Feature","properties":{"daily_trains":109.5,"path_trains":319.86},"geometry":{"type":"LineString","coordinates":[[119.5215,32.1485],[119.5026,32.1471],[119.4988,32.1477],[119.4955,32.1492],[119.4925,32.1517],[119.4698,32.1807],[119.4671,32.1834],[119.4572,32.1906],[119.4427,32.1996],[119.4363,32.2005],[119.4313,32.2]]}},{"type":"Feature","properties":{"daily_trains":79.7,"path_trains":282.72},"geometry":{"type":"LineString","coordinates":[[119.4944,32.15],[119.4721,32.1778]]}},{"type":"Feature","properties":{"daily_trains":79.7,"path_trains":357.0},"geometry":{"type":"LineString","coordinates":[[119.4944,32.15],[119.4943,32.15]]}},{"type":"Feature","properties":{"daily_trains":79.7,"path_trains":282.72},"geometry":{"type":"LineString","coordinates":[[119.4721,32.1778],[119.4716,32.1773]]}},{"type":"Feature","properties":{"daily_trains":438.1,"path_trains":449.71},"geometry":{"type":"LineString","coordinates":[[119.2339,32.1619],[119.2183,32.1592],[119.2014,32.1535],[119.1887,32.1468],[119.1649,32.1311],[119.1499,32.1242],[119.0757,32.1007],[118.9995,32.0849],[118.9884,32.0809],[118.9694,32.072]]}},{"type":"Feature","properties":{"daily_trains":79.3,"path_trains":79.29},"geometry":{"type":"LineString","coordinates":[[119.2213,33.4862],[119.2271,33.4789],[119.2342,33.4737],[119.2448,33.4697],[119.2546,33.4687],[119.2654,33.4703],[119.2929,33.4802],[119.3046,33.4833],[119.3685,33.4867],[119.3783,33.488],[119.472,33.5129],[119.4856,33.5174],[119.5586,33.5609],[119.5715,33.5667],[119.5798,33.5691],[119.5897,33.5708],[119.6301,33.573]]}},{"type":"Feature","properties":{"daily_trains":18.3,"path_trains":227.0},"geometry":{"type":"LineString","coordinates":[[119.2737,33.4731],[119.2661,33.4704],[119.2603,33.4691],[119.2429,33.4683],[119.2397,33.4671],[119.2376,33.4652],[119.2363,33.4623],[119.2364,33.4596],[119.2426,33.4476],[119.2467,33.4372]]}},{"type":"Feature","properties":{"daily_trains":79.3,"path_trains":79.29},"geometry":{"type":"LineString","coordinates":[[119.6301,33.573],[119.6667,33.5745],[119.6769,33.5732],[119.687,33.5702],[119.6977,33.5647],[119.7447,33.5296],[119.7634,33.5182],[119.7704,33.5149],[119.8007,33.5041],[119.8179,33.4953],[119.824,33.4928],[119.8644,33.4859],[119.9572,33.4619],[120.0177,33.4523],[120.0528,33.4449],[120.1033,33.4386],[120.1108,33.4365],[120.1237,33.4312]]}},{"type":"Feature","properties":{"daily_trains":449.7,"path_trains":449.71},"geometry":{"type":"LineString","coordinates":[[118.8284,31.988],[118.8406,31.9935],[118.8854,32.011],[118.899,32.018],[118.9084,32.0243],[118.9159,32.0303],[118.9382,32.0533],[118.9441,32.058],[118.9549,32.0649],[118.9694,32.072]]}},{"type":"Feature","properties":{"daily_trains":176.7,"path_trains":744.86},"geometry":{"type":"LineString","coordinates":[[118.8284,31.988],[118.8179,31.9834],[118.7996,31.9737],[118.785,31.9674]]}},{"type":"Feature","properties":{"daily_trains":125.3,"path_trains":103.0},"geometry":{"type":"LineString","coordinates":[[120.1237,33.4312],[120.1373,33.4247],[120.143,33.4197],[120.1497,33.4121],[120.1566,33.4035],[120.1666,33.3895],[120.1953,33.3559],[120.2109,33.3301],[120.229,33.3073],[120.345,33.176],[120.3529,33.165],[120.3579,33.1539],[120.3597,33.1478],[120.3616,33.1358],[120.3616,33.1283],[120.3607,33.1207],[120.3347,32.96],[120.3334,32.9511],[120.3304,32.9165],[120.3311,32.9029],[120.3335,32.893],[120.3375,32.8828]]}},{"type":"Feature","properties":{"daily_trains":165.1,"path_trains":555.72},"geometry":{"type":"LineString","coordinates":[[119.2339,32.1621],[119.244,32.1627]]}},{"type":"Feature","properties":{"daily_trains":438.1,"path_trains":449.71},"geometry":{"type":"LineString","coordinates":[[118.9694,32.072],[118.9694,32.072]]}},{"type":"Feature","properties":{"daily_trains":165.1,"path_trains":555.72},"geometry":{"type":"LineString","coordinates":[[119.2339,32.1621],[119.2339,32.1619]]}},{"type":"Feature","properties":{"daily_trains":165.1,"path_trains":744.86},"geometry":{"type":"LineString","coordinates":[[118.8052,31.9767],[118.8052,31.9767]]}},{"type":"Feature","properties":{"daily_trains":293.4,"path_trains":561.29},"geometry":{"type":"LineString","coordinates":[[121.1468,31.3184],[121.1377,31.3211],[121.0939,31.3375],[121.0841,31.34],[121.0769,31.3411],[121.0671,31.3416],[121.0564,31.3408],[121.0334,31.3357],[121.0218,31.334],[121.0112,31.3339],[121.0001,31.3352],[120.9849,31.3394],[120.9419,31.3573]]}},{"type":"Feature","properties":{"daily_trains":273.0,"path_trains":744.86},"geometry":{"type":"LineString","coordinates":[[118.8284,31.988],[118.7868,31.9688]]}},{"type":"Feature","properties":{"daily_trains":294.4,"path_trains":275.0},"geometry":{"type":"LineString","coordinates":[[120.9419,31.3573],[120.8897,31.3787],[120.8807,31.3813],[120.8718,31.3829],[120.8608,31.3835],[120.8505,31.3828],[120.8275,31.3798],[120.7999,31.3737],[120.787,31.3728],[120.7565,31.3753],[120.7225,31.3824],[120.7113,31.3862],[120.7018,31.3904],[120.5715,31.4596],[120.5632,31.4644],[120.5545,31.4708],[120.5474,31.4774],[120.5412,31.4847],[120.5355,31.4932],[120.4967,31.5597],[120.4886,31.5708],[120.4791,31.5801],[120.4356,31.615],[120.4296,31.6212],[120.3998,31.6565],[120.3745,31.6779],[120.3685,31.6822],[120.3538,31.6902],[120.328,31.7007],[120.3195,31.7029],[120.2779,31.7106],[120.2689,31.713],[120.2603,31.7162],[120.2344,31.7277],[120.2256,31.7331],[120.2172,31.7397],[120.1674,31.7856],[120.1575,31.7927],[120.1481,31.7974],[120.1371,31.8012],[120.1286,31.803],[120.0967,31.8071],[120.0543,31.8181],[119.9043,31.8732],[119.8921,31.8786],[119.6891,31.9986],[119.6803,32.0055],[119.6394,32.04],[119.6081,32.0628],[119.5491,32.1125],[119.5399,32.119],[119.5303,32.1243],[119.5193,32.1288],[119.5093,32.1318],[119.4504,32.1437],[119.3798,32.1677],[119.3696,32.1706],[119.3618,32.172],[119.3509,32.1727],[119.3393,32.1719],[119.2998,32.1637],[119.287,32.1622],[119.2436,32.1624],[119.2339,32.1619]]}},{"type":"Feature","properties":{"daily_trains":88.7,"path_trains":268.43},"geometry":{"type":"LineString","coordinates":[[117.305,31.8918],[117.2948,31.8976],[117.2904,31.9032],[117.2889,31.9093],[117.2869,31.9141],[117.2822,31.9357],[117.2802,31.9531],[117.2777,31.9576],[117.2649,31.972],[117.2623,31.9769],[117.2607,31.989],[117.2552,32.0051],[117.2525,32.0321]]}},{"type":"Feature","properties":{"daily_trains":83.7,"path_trains":277.43},"geometry":{"type":"LineString","coordinates":[[117.2867,31.9167],[117.2867,31.9169]]}},{"type":"Feature","properties":{"daily_trains":97.0,"path_trains":95.0},"geometry":{"type":"LineString","coordinates":[[118.8052,31.9762],[118.8125,31.9796],[118.8219,31.9821],[118.8362,31.9831],[118.8437,31.9856],[118.8471,31.9855],[118.8497,31.9844],[118.8607,31.9742],[118.8692,31.9639],[118.8808,31.9517],[118.9032,31.9305],[118.9215,31.9093],[118.9255,31.906],[118.9304,31.9032],[118.9407,31.9],[118.9481,31.8996],[118.9539,31.9003],[118.9916,31.9107],[119.0449,31.9224],[119.0559,31.9238],[119.0874,31.9239],[119.1116,31.9257],[119.1208,31.9256],[119.1953,31.9206],[119.2053,31.9192],[119.2155,31.9166],[119.2256,31.9128],[119.2369,31.9068],[119.2636,31.8887],[119.2836,31.8733],[119.3113,31.8561],[119.3201,31.8497],[119.326,31.8442],[119.3456,31.8228],[119.3719,31.7975],[119.3767,31.7912],[119.3968,31.7599],[119.4115,31.7407],[119.4221,31.7314],[119.4331,31.7247],[119.4414,31.7213],[119.4492,31.7189],[119.4865,31.7119],[119.5617,31.6908],[119.5911,31.6875],[119.6146,31.6818],[119.6226,31.6804],[119.6581,31.6786],[119.6761,31.6763],[119.6949,31.675],[119.7163,31.6718],[119.7556,31.6717],[119.778,31.6697],[119.8062,31.6692],[119.8351,31.667],[119.8683,31.6623],[119.8934,31.6626],[119.9009,31.6622],[119.9189,31.6589],[119.9259,31.6585],[119.9586,31.6625],[119.9666,31.6646],[119.9847,31.6712],[120.0111,31.6753],[120.0218,31.6783],[120.0354,31.684],[120.0465,31.6909],[120.0539,31.6981],[120.0668,31.7145],[120.0726,31.7199],[120.0785,31.7243],[120.0876,31.7294],[120.1126,31.7398],[120.1512,31.7613],[120.1583,31.7659],[120.1683,31.775],[120.1871,31.7974],[120.1951,31.8041],[120.2064,31.8102],[120.2302,31.8182],[120.2397,31.8239],[120.249,31.8323],[120.2594,31.8467],[120.2639,31.852],[120.292,31.8784],[120.3009,31.8852],[120.3095,31.89],[120.3169,31.8931],[120.3432,31.901],[120.3531,31.9032],[120.374,31.9057],[120.3816,31.906],[120.4401,31.9011],[120.454,31.9012],[120.4631,31.9025],[120.4717,31.9047],[120.5006,31.9154],[120.5113,31.9176],[120.5207,31.9186],[120.5397,31.9178],[120.5671,31.9127],[120.5837,31.9082],[120.6194,31.8947],[120.6303,31.8888],[120.6443,31.8786],[120.6498,31.8737],[120.655,31.8679],[120.6625,31.8562],[120.6667,31.8448],[120.6692,31.8288]]}},{"type":"Feature","properties":{"daily_trains":184.7,"path_trains":203.29},"geometry":{"type":"LineString","coordinates":[[121.1456,31.315],[121.1253,31.3216],[121.1188,31.3248],[121.1121,31.3266],[121.1094,31.328],[121.1072,31.3315],[121.1065,31.337],[121.104,31.3454],[121.1039,31.3491],[121.1047,31.3523],[121.1066,31.3555],[121.1382,31.3934],[121.1417,31.3985],[121.1553,31.4227],[121.1559,31.4267],[121.1554,31.4362],[121.1562,31.4394],[121.1578,31.4424],[121.1612,31.446],[121.1647,31.448],[121.1901,31.4578],[121.1945,31.4601],[121.1998,31.4644],[121.2046,31.4718],[121.208,31.4811],[121.209,31.4861],[121.2089,31.4909],[121.207,31.4971],[121.2037,31.5024],[121.1677,31.5385],[121.1581,31.5536],[121.1354,31.5829],[121.1188,31.5989],[121.1071,31.6139],[121.1005,31.6193],[121.0933,31.6234],[121.0859,31.6262],[121.0765,31.628],[121.0697,31.6283],[120.9652,31.6244],[120.9544,31.6258],[120.9218,31.6336],[120.9122,31.6373],[120.8494,31.6726],[120.8337,31.684],[120.8255,31.6885],[120.8143,31.6918],[120.795,31.6941],[120.7634,31.7028],[120.7556,31.7058],[120.7473,31.7106],[120.7336,31.7218],[120.7107,31.7437],[120.6905,31.7599],[120.6841,31.7669],[120.679,31.7754],[120.6756,31.7852],[120.6699,31.8261]]}},{"type":"Feature","properties":{"daily_trains":61.4,"path_trains":203.29},"geometry":{"type":"LineString","coordinates":[[120.6698,31.824],[120.6743,31.7852],[120.677,31.7768],[120.6817,31.7686],[120.69,31.7595],[120.7095,31.745],[120.7331,31.7225],[120.7449,31.7128],[120.7515,31.7084],[120.7626,31.7035],[120.7897,31.6958],[120.8,31.6936],[120.8189,31.6914],[120.8288,31.6881],[120.8375,31.6831],[120.8489,31.6738],[120.8567,31.6687],[120.911,31.6383],[120.9194,31.6347],[120.9259,31.6329],[120.9525,31.6265],[120.965,31.6248],[121.07,31.6286],[121.0817,31.6275],[121.0911,31.6247],[121.0987,31.6209],[121.1052,31.6161],[121.1099,31.6111],[121.1194,31.5986],[121.1337,31.5852],[121.1574,31.5548],[121.1674,31.5392],[121.1831,31.524]]}},{"type":"Feature","properties":{"daily_trains":61.4,"path_trains":223.58},"geometry":{"type":"LineString","coordinates":[[120.6698,31.8238],[120.6698,31.824]]}},{"type":"Feature","properties":{"daily_trains":61.4,"path_trains":223.58},"geometry":{"type":"LineString","coordinates":[[120.6699,31.8261],[120.6694,31.8261]]}},{"type":"Feature","properties":{"daily_trains":61.4,"path_trains":223.58},"geometry":{"type":"LineString","coordinates":[[120.6694,31.8261],[120.6698,31.8238]]}},{"type":"Feature","properties":{"daily_trains":55.4,"path_trains":203.29},"geometry":{"type":"LineString","coordinates":[[121.1869,31.5194],[121.1876,31.5194]]}},{"type":"Feature","properties":{"daily_trains":84.3,"path_trains":744.86},"geometry":{"type":"LineString","coordinates":[[118.8033,31.9757],[118.8035,31.9752]]}},{"type":"Feature","properties":{"daily_trains":61.4,"path_trains":205.29},"geometry":{"type":"LineString","coordinates":[[120.7697,31.701],[120.7702,31.7012]]}},{"type":"Feature","properties":{"daily_trains":84.3,"path_trains":744.86},"geometry":{"type":"LineString","coordinates":[[118.8035,31.9752],[118.8052,31.9762]]}},{"type":"Feature","properties":{"daily_trains":95.0,"path_trains":295.14},"geometry":{"type":"LineString","coordinates":[[118.8906,31.942],[118.891,31.9422]]}},{"type":"Feature","properties":{"daily_trains":77.7,"path_trains":223.58},"geometry":{"type":"LineString","coordinates":[[120.6695,31.8291],[120.6692,31.8288]]}},{"type":"Feature","properties":{"daily_trains":55.4,"path_trains":203.29},"geometry":{"type":"LineString","coordinates":[[121.1876,31.5194],[121.1831,31.5239]]}},{"type":"Feature","properties":{"daily_trains":84.3,"path_trains":744.86},"geometry":{"type":"LineString","coordinates":[[118.8052,31.9762],[118.8052,31.9762]]}},{"type":"Feature","properties":{"daily_trains":55.4,"path_trains":203.29},"geometry":{"type":"LineString","coordinates":[[121.1831,31.5239],[121.1831,31.524]]}},{"type":"Feature","properties":{"daily_trains":150.7,"path_trains":150.36},"geometry":{"type":"LineString","coordinates":[[118.388,31.3389],[118.3876,31.3469],[118.3857,31.352],[118.3844,31.3538],[118.3778,31.3591],[118.3768,31.3614],[118.3769,31.3629],[118.3934,31.3943],[118.4113,31.4258],[118.4154,31.4315],[118.4237,31.44],[118.4765,31.4858],[118.4824,31.4927],[118.4941,31.5095],[118.5119,31.5269],[118.5161,31.533],[118.5197,31.5413],[118.5219,31.5536],[118.5214,31.5766],[118.5203,31.5884],[118.5173,31.6035],[118.5177,31.6144],[118.5199,31.6228],[118.5314,31.6492],[118.5375,31.674],[118.5382,31.6793],[118.538,31.6846],[118.5351,31.7072],[118.5336,31.7124],[118.5274,31.7249],[118.5255,31.7337],[118.5256,31.7394],[118.527,31.7488],[118.5314,31.7586],[118.5393,31.7698],[118.5482,31.7851],[118.5522,31.7901],[118.5579,31.7955],[118.5786,31.8108],[118.583,31.8149],[118.601,31.8389],[118.6065,31.8445],[118.6148,31.8499],[118.6324,31.8574],[118.6362,31.8596],[118.6763,31.8915],[118.7211,31.9238],[118.7392,31.9358],[118.7542,31.9494],[118.76,31.9539],[118.7727,31.9618],[118.7816,31.9652]]}},{"type":"Feature","properties":{"daily_trains":54.0,"path_trains":54.0},"geometry":{"type":"LineString","coordinates":[[118.8172,30.915],[118.8288,30.9073],[118.8462,30.8981],[118.8626,30.8855],[118.8708,30.8776],[118.8823,30.8637],[118.9201,30.8104],[118.9255,30.8012],[118.928,30.7946],[118.9298,30.7868],[118.9353,30.7418],[118.9353,30.7318],[118.9324,30.7033],[118.9329,30.6943],[118.9354,30.6839]]}},{"type":"Feature","properties":{"daily_trains":54.0,"path_trains":54.0},"geometry":{"type":"LineString","coordinates":[[118.5816,30.0862],[118.5903,30.0939],[118.5942,30.0984],[118.6024,30.1143],[118.6064,30.1198],[118.6316,30.1364],[118.6571,30.1553],[118.6646,30.1623],[118.6744,30.1771],[118.6957,30.206],[118.7208,30.2368],[118.7381,30.2547],[118.7526,30.2745],[118.7576,30.2828],[118.777,30.3227],[118.8087,30.3666],[118.8224,30.3867],[118.8278,30.3932],[118.8451,30.4109],[118.8604,30.4251],[118.8652,30.4308],[118.8703,30.4385],[118.8741,30.4469],[118.8817,30.4715],[118.8917,30.4953],[118.9036,30.5358],[118.9175,30.5651],[118.9404,30.6311],[118.9424,30.6423],[118.9423,30.655],[118.9407,30.6648],[118.9354,30.6839]]}},{"type":"Feature","properties":{"daily_trains":54.0,"path_trains":200.28},"geometry":{"type":"LineString","coordinates":[[118.7635,30.9543],[118.7941,30.9284],[118.8172,30.9149]]}},{"type":"Feature","properties":{"daily_trains":148.0,"path_trains":274.28},"geometry":{"type":"LineString","coordinates":[[118.387,31.3401],[118.387,31.339],[118.388,31.3389]]}},{"type":"Feature","properties":{"daily_trains":54.0,"path_trains":54.0},"geometry":{"type":"LineString","coordinates":[[118.9354,30.6839],[118.9354,30.6839]]}},{"type":"Feature","properties":{"daily_trains":150.7,"path_trains":676.28},"geometry":{"type":"LineString","coordinates":[[118.7816,31.9652],[118.7813,31.9657]]}},{"type":"Feature","properties":{"daily_trains":54.0,"path_trains":215.43},"geometry":{"type":"LineString","coordinates":[[118.5816,30.0862],[118.5816,30.0862]]}},{"type":"Feature","properties":{"daily_trains":108.3,"path_trains":789.29},"geometry":{"type":"LineString","coordinates":[[118.7868,31.9688],[118.7868,31.9688]]}},{"type":"Feature","properties":{"daily_trains":108.3,"path_trains":789.29},"geometry":{"type":"LineString","coordinates":[[118.7891,31.9693],[118.7887,31.9696],[118.7868,31.9688]]}},{"type":"Feature","properties":{"daily_trains":108.3,"path_trains":676.28},"geometry":{"type":"LineString","coordinates":[[118.785,31.9674],[118.7891,31.9693]]}},{"type":"Feature","properties":{"daily_trains":82.0,"path_trains":82.0},"geometry":{"type":"LineString","coordinates":[[103.4376,30.169],[103.4636,30.1715],[103.4693,30.1734],[103.475,30.1766],[103.5052,30.2058],[103.5136,30.2201],[103.5164,30.2282],[103.5204,30.2922],[103.5201,30.2992],[103.5186,30.3045],[103.5101,30.3235],[103.4861,30.3886],[103.4817,30.4275],[103.4827,30.4369],[103.4937,30.4711],[103.4996,30.4988],[103.504,30.5384],[103.5059,30.5432],[103.5092,30.5482],[103.5138,30.5527],[103.5189,30.5561],[103.5509,30.571],[103.5593,30.5756],[103.5955,30.6024],[103.6004,30.6052],[103.6065,30.6074],[103.6151,30.6089],[103.665,30.6125],[103.7192,30.6121],[103.73,30.6131],[103.7391,30.6152],[103.8119,30.6374]]}},{"type":"Feature","properties":{"daily_trains":78.0,"path_trains":78.0},"geometry":{"type":"LineString","coordinates":[[103.4376,30.169],[103.4137,30.1666],[103.3923,30.1631],[103.3841,30.1604],[103.3564,30.1443],[103.349,30.1414],[103.3371,30.1383],[103.3284,30.1351],[103.302,30.1191],[103.2875,30.1131],[103.283,30.1106],[103.2707,30.1002],[103.2644,30.0964],[103.2586,30.0942],[103.2447,30.0909],[103.2381,30.0883],[103.2343,30.086],[103.2126,30.0691],[103.2032,30.0645],[103.1593,30.0504],[103.1344,30.044],[103.0952,30.0415],[103.0741,30.0419],[103.0674,30.0401],[103.0599,30.0356]]}},{"type":"Feature","properties":{"daily_trains":82.0,"path_trains":82.0},"geometry":{"type":"LineString","coordinates":[[103.8119,30.6374],[103.8203,30.6396],[103.8278,30.6403],[103.8346,30.6397],[103.8483,30.6368],[103.8542,30.6363],[103.9399,30.6382],[103.9449,30.6391],[103.9505,30.6411],[103.9668,30.6523],[103.977,30.6578],[103.9807,30.6583],[103.9834,30.657],[104.0107,30.6287],[104.0408,30.6126],[104.0422,30.6107],[104.0452,30.6018]]}},{"type":"Feature","properties":{"daily_trains":82.0,"path_trains":82.0},"geometry":{"type":"LineString","coordinates":[[103.8119,30.6374],[103.8119,30.6374]]}},{"type":"Feature","properties":{"daily_trains":55.9,"path_trains":209.43},"geometry":{"type":"LineString","coordinates":[[104.0447,30.6018],[104.0459,30.605],[104.0475,30.6069],[104.0493,30.6086],[104.0514,30.6095],[104.0729,30.6089]]}},{"type":"Feature","properties":{"daily_trains":54.9,"path_trains":209.43},"geometry":{"type":"LineString","coordinates":[[104.0569,30.6094],[104.0581,30.6091]]}},{"type":"Feature","properties":{"daily_trains":55.9,"path_trains":209.43},"geometry":{"type":"LineString","coordinates":[[104.0447,30.6018],[104.0452,30.6018]]}},{"type":"Feature","properties":{"daily_trains":54.9,"path_trains":215.28},"geometry":{"type":"LineString","coordinates":[[104.0581,30.6091],[104.0578,30.6092]]}},{"type":"Feature","properties":{"daily_trains":173.7,"path_trains":423.29},"geometry":{"type":"LineString","coordinates":[[104.0813,30.6088],[104.1046,30.6064],[104.1212,30.6082],[104.1258,30.6108],[104.132,30.6198]]}},{"type":"Feature","properties":{"daily_trains":414.7,"path_trains":551.0},"geometry":{"type":"LineString","coordinates":[[104.1448,30.6438],[104.1379,30.6278],[104.132,30.6198]]}},{"type":"Feature","properties":{"daily_trains":173.7,"path_trains":149.0},"geometry":{"type":"LineString","coordinates":[[103.8167,30.0645],[103.8297,30.0883],[103.8338,30.0994],[103.8407,30.132],[103.8412,30.1525],[103.8418,30.1565],[103.8434,30.1621],[103.8475,30.1714],[103.8568,30.1973],[103.8653,30.2348],[103.8659,30.2421],[103.8663,30.309],[103.865,30.3152],[103.8565,30.3418],[103.8494,30.3678],[103.8466,30.3805],[103.8463,30.3911],[103.8476,30.3985],[103.8573,30.432],[103.8591,30.4466],[103.8603,30.4519],[103.8626,30.4575],[103.8733,30.4776],[103.8824,30.5002],[103.8846,30.5075],[103.8867,30.5201],[103.8887,30.5259],[103.8939,30.5332],[103.9016,30.5391],[103.9413,30.5543],[103.9465,30.5575],[103.9494,30.5606],[103.9607,30.5839],[103.9641,30.5877],[103.9696,30.5907],[103.9732,30.5913],[103.9779,30.5913],[103.9917,30.5881],[104.0146,30.5875],[104.019,30.5878],[104.0244,30.5901],[104.0407,30.6033],[104.0466,30.6072],[104.0492,30.6082],[104.055,30.6092],[104.0813,30.6087]]}},{"type":"Feature","properties":{"daily_trains":90.4,"path_trains":74.85},"geometry":{"type":"LineString","coordinates":[[108.3893,30.0347],[108.2977,30.025],[108.1513,29.9898],[108.1436,29.9887],[108.1272,29.9888],[108.121,29.9879],[108.1145,29.9858],[108.1073,29.9816],[108.102,29.9771],[108.0803,29.9523],[108.069,29.9342],[108.0606,29.9264],[108.0512,29.9206],[108.0314,29.914],[107.9125,29.8495],[107.9057,29.8449],[107.8968,29.8364],[107.8805,29.8115],[107.8741,29.8052],[107.8684,29.802],[107.8552,29.7986],[107.8473,29.7983],[107.841,29.7989],[107.8307,29.8022],[107.8242,29.805],[107.8174,29.8087],[107.7836,29.8304],[107.7567,29.8401],[107.7436,29.8482],[107.7366,29.8511],[107.7239,29.853],[107.7101,29.8532],[107.7015,29.8519],[107.6534,29.8387],[107.5776,29.8153],[107.4673,29.7637],[107.4567,29.7602],[107.4456,29.7591],[107.4347,29.7602],[107.4262,29.7629],[107.4053,29.7724],[107.3976,29.7743],[107.3903,29.775],[107.3832,29.7747],[107.3765,29.7735],[107.3554,29.7657],[107.3465,29.7635],[107.3372,29.7631],[107.3088,29.7651],[107.2947,29.7676],[107.2395,29.783],[107.2319,29.7855],[107.2241,29.7892],[107.1822,29.81],[107.1513,29.8304],[107.1442,29.8367],[107.1186,29.8674],[107.1133,29.8723],[107.1087,29.8754],[107.101,29.8791],[107.092,29.8816],[107.0641,29.884]]}},{"type":"Feature","properties":{"daily_trains":82.0,"path_trains":81.0},"geometry":{"type":"LineString","coordinates":[[106.437,29.6664],[106.4329,29.6721],[106.4312,29.6765],[106.4304,29.6813],[106.4306,29.6861],[106.4321,29.6912],[106.4378,29.7032],[106.4455,29.7263],[106.4524,29.7685],[106.4516,29.8066],[106.4527,29.8115],[106.4584,29.8262],[106.4596,29.8333],[106.4592,29.8386],[106.4574,29.8455],[106.4542,29.852],[106.4502,29.8572],[106.4456,29.8614],[106.4388,29.8656],[106.4336,29.8679],[106.4124,29.8746],[106.4027,29.8799],[106.3897,29.8917],[106.3817,29.9005],[106.3701,29.9182],[106.3646,29.9234],[106.3597,29.927],[106.3443,29.9351],[106.3271,29.9423],[106.3101,29.9472],[106.2979,29.9499],[106.2891,29.9529],[106.2828,29.9564],[106.2541,29.9749],[106.2387,29.9812],[106.2323,29.9846],[106.2183,29.9945],[106.2058,30.0016],[106.1988,30.0066],[106.1857,30.0186],[106.1725,30.0341],[106.1672,30.0419],[106.1616,30.0468],[106.1556,30.0496],[106.141,30.0536],[106.1375,30.0558],[106.1296,30.0624],[106.1132,30.0705],[106.1028,30.0771],[106.0983,30.0788],[106.091,30.0802],[106.0862,30.0818],[106.072,30.0892],[106.0664,30.0934],[106.0574,30.1045]]}},{"type":"Feature","properties":{"daily_trains":63.3,"path_trains":63.28},"geometry":{"type":"LineString","coordinates":[[104.1454,30.6462],[104.1537,30.6683],[104.1559,30.6762],[104.158,30.6792],[104.1603,30.681],[104.1655,30.6828],[104.1915,30.6847],[104.2008,30.6871],[104.2059,30.6896],[104.2103,30.693],[104.2283,30.7125],[104.2345,30.7172],[104.2424,30.7203],[104.2776,30.728]]}},{"type":"Feature","properties":{"daily_trains":75.0,"path_trains":63.28},"geometry":{"type":"LineString","coordinates":[[104.2776,30.728],[104.3653,30.7544],[104.3973,30.7601],[104.406,30.7606],[104.4169,30.76],[104.5068,30.7508],[104.5247,30.7485],[104.5545,30.7419],[104.5878,30.7301],[104.5941,30.7283],[104.5999,30.7272],[104.6194,30.7253],[104.6298,30.7228],[104.6465,30.7172],[104.6626,30.7086],[104.673,30.7044],[104.6864,30.7004],[104.699,30.6994],[104.7172,30.7007],[104.7355,30.7005],[104.7456,30.6993],[104.7655,30.695],[104.7769,30.694],[104.8174,30.698],[104.8274,30.6979],[104.8372,30.6964],[104.8888,30.6847],[104.9131,30.6823],[104.9247,30.6803],[104.9543,30.6732],[104.9656,30.6691],[104.9734,30.665],[104.9967,30.6509],[105.0262,30.6378],[105.0396,30.6306],[105.0797,30.6063],[105.086,30.6035],[105.0927,30.6015],[105.1207,30.5954],[105.1279,30.5943],[105.1515,30.5947],[105.164,30.5935],[105.1709,30.5921],[105.2007,30.5819],[105.2612,30.5717],[105.2983,30.5682],[105.3374,30.5718],[105.3687,30.5708],[105.3777,30.5698],[105.4266,30.5595],[105.4332,30.557],[105.4559,30.5459],[105.5004,30.5287],[105.5101,30.5263],[105.5241,30.5243],[105.5316,30.522],[105.5372,30.5193],[105.544,30.5148],[105.5509,30.508],[105.5694,30.4786],[105.5803,30.4672],[105.585,30.4571],[105.5872,30.454],[105.5903,30.4508],[105.6006,30.4431],[105.6091,30.4307],[105.6161,30.4239],[105.6291,30.4167],[105.6393,30.4097],[105.6679,30.3933],[105.6785,30.383],[105.6916,30.3754],[105.6984,30.3688],[105.7026,30.3657],[105.7084,30.363],[105.7186,30.3601],[105.7308,30.3579],[105.7371,30.3558],[105.7424,30.3526],[105.7575,30.3407],[105.7715,30.3354],[105.7782,30.3308],[105.7819,30.3266],[105.7891,30.3141],[105.7933,30.3091],[105.7971,30.3059],[105.8109,30.2968],[105.8217,30.2865],[105.8302,30.2735],[105.8485,30.2533],[105.8574,30.2369],[105.8625,30.2302],[105.8686,30.2259],[105.8881,30.2155],[105.9071,30.2082],[105.925,30.1996],[105.9396,30.1949],[105.957,30.1907],[105.9768,30.1833],[105.9833,30.1795],[105.9933,30.1709],[105.9979,30.165],[106.0027,30.1601],[106.0191,30.1482],[106.0345,30.1338],[106.0366,30.1307],[106.0418,30.1205],[106.0438,30.118],[106.0701,30.0923],[106.079,30.0867],[106.0982,30.0797],[106.1131,30.0708],[106.1263,30.0647],[106.1345,30.0621],[106.1482,30.0594],[106.1557,30.0562],[106.1614,30.0519],[106.1722,30.0349],[106.1838,30.0208]]}},{"type":"Feature","properties":{"daily_trains":185.4,"path_trains":180.42},"geometry":{"type":"LineString","coordinates":[[106.437,29.6664],[106.442,29.6622],[106.454,29.6559],[106.4765,29.6476],[106.4996,29.6322],[106.516,29.6246],[106.5306,29.6146],[106.5335,29.6138],[106.5496,29.613],[106.5582,29.6118],[106.5611,29.6128],[106.5665,29.6189],[106.5729,29.6225],[106.5781,29.6289],[106.5816,29.6315],[106.6009,29.6381],[106.6285,29.6447],[106.6364,29.6457],[106.6424,29.6456],[106.6655,29.6423],[106.6749,29.6422],[106.7262,29.6517],[106.7534,29.6535],[106.7716,29.6517],[106.78,29.6523],[106.7873,29.6539],[106.8122,29.6614],[106.8275,29.667],[106.8578,29.6756],[106.8723,29.6817],[106.8796,29.6861],[106.8881,29.6938],[106.8944,29.7018],[106.9102,29.726],[106.9155,29.7354],[106.9226,29.7549],[106.9365,29.7829],[106.9435,29.8032],[106.9457,29.8079],[106.9574,29.823],[106.9729,29.8493],[106.9804,29.8586],[106.9887,29.8658],[106.9991,29.872],[107.0068,29.8752],[107.0293,29.8825],[107.0364,29.8843],[107.0434,29.8852],[107.0641,29.884]]}},{"type":"Feature","properties":{"daily_trains":72.0,"path_trains":74.0},"geometry":{"type":"LineString","coordinates":[[106.0574,30.1045],[106.0574,30.1045]]}},{"type":"Feature","properties":{"daily_trains":63.3,"path_trains":297.42},"geometry":{"type":"LineString","coordinates":[[104.1448,30.6438],[104.1456,30.6461]]}},{"type":"Feature","properties":{"daily_trains":98.2,"path_trains":746.0},"geometry":{"type":"LineString","coordinates":[[121.1456,31.315],[121.1655,31.309],[121.2534,31.2925],[121.2563,31.2923],[121.2594,31.293]]}},{"type":"Feature","properties":{"daily_trains":251.3,"path_trains":251.28},"geometry":{"type":"LineString","coordinates":[[121.266,31.2915],[121.3382,31.2764],[121.4355,31.2579],[121.4441,31.2549]]}},{"type":"Feature","properties":{"daily_trains":42.7,"path_trains":755.14},"geometry":{"type":"LineString","coordinates":[[121.2661,31.2915],[121.259,31.2929]]}},{"type":"Feature","properties":{"daily_trains":42.7,"path_trains":755.14},"geometry":{"type":"LineString","coordinates":[[121.259,31.2929],[121.2594,31.293]]}},{"type":"Feature","properties":{"daily_trains":90.0,"path_trains":95.0},"geometry":{"type":"LineString","coordinates":[[118.3818,31.2576],[118.3587,31.2359],[118.3402,31.2102],[118.3332,31.203],[118.32,31.1942],[118.3011,31.1834],[118.2907,31.1768],[118.2478,31.1526],[118.2439,31.1496],[118.2307,31.1368],[118.2165,31.1262],[118.2004,31.1165],[118.1958,31.1128],[118.1845,31.1014],[118.174,31.094],[118.1342,31.0536],[118.1247,31.0463],[118.1143,31.0412],[118.0871,31.0306],[118.082,31.0278],[118.0572,31.0101],[118.0435,31.0029],[118.0358,31.0002],[118.0213,30.9965],[117.9151,30.9726],[117.9075,30.9704],[117.8891,30.9634],[117.8796,30.9583],[117.8703,30.9501],[117.8641,30.9409],[117.8607,30.9322]]}},{"type":"Feature","properties":{"daily_trains":76.0,"path_trains":274.28},"geometry":{"type":"LineString","coordinates":[[118.3818,31.2576],[118.3889,31.2652],[118.3908,31.2698],[118.3915,31.2738],[118.3914,31.2769],[118.3835,31.3124],[118.3846,31.3191],[118.3831,31.3282],[118.3868,31.3344]]}},{"type":"Feature","properties":{"daily_trains":89.0,"path_trains":278.28},"geometry":{"type":"LineString","coordinates":[[118.3687,31.2455],[118.3687,31.2455]]}},{"type":"Feature","properties":{"daily_trains":100.0,"path_trains":100.0},"geometry":{"type":"LineString","coordinates":[[117.8606,30.9322],[117.8607,30.9322]]}},{"type":"Feature","properties":{"daily_trains":94.9,"path_trains":496.57},"geometry":{"type":"LineString","coordinates":[[120.0171,30.7968],[120.0181,30.8089],[120.0172,30.825],[120.0176,30.8552]]}},{"type":"Feature","properties":{"daily_trains":78.4,"path_trains":78.43},"geometry":{"type":"LineString","coordinates":[[117.963,29.8924],[117.8266,29.8646],[117.8017,29.8586],[117.7698,29.8533],[117.7456,29.8477],[117.7282,29.8453],[117.7198,29.8435],[117.7082,29.8399],[117.6818,29.829],[117.6672,29.8213],[117.6575,29.8141],[117.6486,29.8054],[117.64,29.7942],[117.6237,29.7718],[117.5971,29.731],[117.5875,29.7181],[117.5358,29.6383],[117.4868,29.5517],[117.4809,29.5438],[117.4459,29.5028],[117.4374,29.4947],[117.4193,29.4799],[117.4097,29.4743],[117.3788,29.4587],[117.3674,29.4522],[117.3598,29.4465],[117.3392,29.426],[117.3137,29.404],[117.3081,29.3983],[117.3003,29.387],[117.2916,29.3656],[117.2881,29.3613],[117.2825,29.3572],[117.2763,29.3543],[117.2638,29.3509],[117.2535,29.3467],[117.2177,29.3371],[117.2134,29.3367],[117.2039,29.3381],[117.1937,29.3359],[117.1874,29.3322],[117.1779,29.322],[117.1708,29.3169],[117.1655,29.3149],[117.1497,29.3111],[117.1298,29.3038],[117.1219,29.2998],[117.1111,29.292],[117.1027,29.283],[117.0958,29.2712],[117.0871,29.2484],[117.0814,29.2245],[117.0731,29.204],[117.0624,29.1866],[117.0539,29.1769],[117.027,29.1508],[117.0196,29.1448],[117.0126,29.1402],[116.9687,29.116],[116.9243,29.0982],[116.9092,29.0891],[116.9003,29.0809],[116.8634,29.0404],[116.8551,29.0336],[116.8146,29.0031],[116.8058,28.9944],[116.7864,28.9726],[116.7807,28.9651],[116.7762,28.9575],[116.7731,28.9509],[116.7661,28.9306],[116.7531,28.909],[116.7497,28.9021],[116.7456,28.8907],[116.7369,28.8588],[116.7312,28.8449],[116.7134,28.816],[116.7077,28.8078],[116.699,28.7983],[116.6878,28.7899],[116.6729,28.7818],[116.6641,28.7786],[116.6539,28.7759],[116.6208,28.7677],[116.553,28.7561],[116.5282,28.7504],[116.5152,28.7467],[116.5058,28.743],[116.451,28.7173],[116.4408,28.7121],[116.4185,28.6986],[116.3948,28.689],[116.3829,28.6849],[116.3692,28.6826],[116.3088,28.6774],[116.2598,28.6691],[116.2208,28.666],[116.1351,28.6515],[116.0921,28.6488],[116.0665,28.6463]]}},{"type":"Feature","properties":{"daily_trains":58.6,"path_trains":215.43},"geometry":{"type":"LineString","coordinates":[[118.5715,30.0785],[118.5473,30.06],[118.4755,30.0215],[118.4684,30.0169],[118.4626,30.012],[118.455,30.0037],[118.4492,29.9944],[118.4383,29.9664],[118.4346,29.9575],[118.4329,29.9549],[118.4272,29.9474],[118.4156,29.9344],[118.4021,29.9219]]}},{"type":"Feature","properties":{"daily_trains":61.6,"path_trains":215.43},"geometry":{"type":"LineString","coordinates":[[118.5716,30.0784],[118.5711,30.0788]]}},{"type":"Feature","properties":{"daily_trains":3.0,"path_trains":215.43},"geometry":{"type":"LineString","coordinates":[[118.4413,29.9752],[118.4416,29.9752]]}},{"type":"Feature","properties":{"daily_trains":149.6,"path_trains":149.57},"geometry":{"type":"LineString","coordinates":[[120.6695,31.8291],[120.6681,31.8408],[120.6684,31.8483],[120.6698,31.8556],[120.6729,31.8637],[120.6803,31.8771],[120.698,31.9036],[120.7008,31.9069],[120.712,31.9176],[120.7163,31.923],[120.7204,31.9306],[120.7229,31.9385],[120.7236,31.9452],[120.7231,31.9517],[120.7113,32.0199],[120.7112,32.0267],[120.7129,32.0337],[120.7238,32.0648],[120.7261,32.0695],[120.7297,32.0741],[120.7335,32.0775],[120.7467,32.0854],[120.7521,32.0901],[120.7551,32.0939],[120.7669,32.1136],[120.7703,32.1208],[120.7738,32.1318],[120.7743,32.1365],[120.7739,32.1399],[120.7726,32.1433],[120.7624,32.1619],[120.7594,32.1655],[120.749,32.1746],[120.7443,32.1798],[120.6822,32.2671],[120.6438,32.3156],[120.6149,32.3617],[120.5991,32.394],[120.5937,32.4029],[120.5847,32.4132],[120.5637,32.432],[120.5553,32.4427],[120.5405,32.4685],[120.5275,32.4952],[120.5248,32.5031],[120.5222,32.5141],[120.5191,32.5219],[120.5051,32.545]]}},{"type":"Feature","properties":{"daily_trains":43.7,"path_trains":43.71},"geometry":{"type":"LineString","coordinates":[[120.8478,32.0712],[120.843,32.0717],[120.8382,32.0741],[120.8167,32.0967],[120.797,32.1126],[120.7878,32.1233],[120.7794,32.1303],[120.7771,32.1337],[120.7738,32.1412]]}},{"type":"Feature","properties":{"daily_trains":20.0,"path_trains":145.86},"geometry":{"type":"LineString","coordinates":[[120.7646,32.1093],[120.7705,32.1197]]}},{"type":"Feature","properties":{"daily_trains":20.0,"path_trains":169.57},"geometry":{"type":"LineString","coordinates":[[120.7983,32.111],[120.7946,32.1143],[120.7853,32.124],[120.7852,32.1247],[120.7815,32.1272],[120.7781,32.1274],[120.775,32.1261],[120.7707,32.1197]]}},{"type":"Feature","properties":{"daily_trains":20.0,"path_trains":169.57},"geometry":{"type":"LineString","coordinates":[[120.7707,32.1197],[120.7705,32.1197]]}},{"type":"Feature","properties":{"daily_trains":20.0,"path_trains":43.71},"geometry":{"type":"LineString","coordinates":[[120.7983,32.111],[120.7984,32.1113]]}},{"type":"Feature","properties":{"daily_trains":36.9,"path_trains":755.14},"geometry":{"type":"LineString","coordinates":[[121.2561,31.2924],[121.2559,31.2923]]}},{"type":"Feature","properties":{"daily_trains":165.0,"path_trains":755.14},"geometry":{"type":"LineString","coordinates":[[121.261,31.2895],[121.261,31.2898]]}},{"type":"Feature","properties":{"daily_trains":201.9,"path_trains":755.14},"geometry":{"type":"LineString","coordinates":[[121.2508,31.2947],[121.261,31.2895]]}},{"type":"Feature","properties":{"daily_trains":20.0,"path_trains":145.86},"geometry":{"type":"LineString","coordinates":[[120.7646,32.1093],[120.7659,32.1119]]}},{"type":"Feature","properties":{"daily_trains":99.4,"path_trains":97.43},"geometry":{"type":"LineString","coordinates":[[117.323,34.2262],[117.335,34.2136],[117.3399,34.2069],[117.3424,34.1997],[117.3447,34.1848],[117.3469,34.1778],[117.3555,34.1639],[117.363,34.1571],[117.4132,34.1243],[117.4208,34.1206],[117.4723,34.1001],[117.4833,34.0924],[117.4959,34.0795],[117.521,34.0596],[117.5353,34.0502],[117.5415,34.0469],[117.5695,34.0352],[117.5778,34.0329],[117.5883,34.0323],[117.595,34.0332],[117.6077,34.0362],[117.6178,34.0376],[117.6848,34.0409],[117.6983,34.0396],[117.7331,34.0311],[117.7421,34.0283],[117.7892,34.0081],[117.8791,33.9749],[117.913,33.9593],[117.948,33.9503],[117.9544,33.9495],[117.9766,33.9495],[117.9847,33.9485],[117.9949,33.9455],[118.1107,33.89],[118.1191,33.8868],[118.1275,33.8852],[118.148,33.8835],[118.1887,33.8775],[118.2614,33.8753]]}},{"type":"Feature","properties":{"daily_trains":46.7,"path_trains":37.14},"geometry":{"type":"LineString","coordinates":[[119.3606,32.3962],[119.371,32.4079],[119.3802,32.4231],[119.3827,32.4258],[119.3876,32.4288],[119.4005,32.4329],[119.4141,32.4414],[119.4292,32.4461],[119.4333,32.4459],[119.4409,32.4434],[119.4453,32.4431],[119.4746,32.4502],[119.4917,32.4513],[119.5156,32.455],[119.5327,32.456],[119.5354,32.4571],[119.5397,32.4604],[119.5408,32.4625],[119.5411,32.4652]]}},{"type":"Feature","properties":{"daily_trains":108.0,"path_trains":108.0},"geometry":{"type":"LineString","coordinates":[[118.2705,33.8751],[118.2973,33.8739],[118.3053,33.8721],[118.3125,33.8693],[118.3172,33.8668],[118.3244,33.8615],[118.356,33.831],[118.3646,33.8254],[118.3714,33.8225],[118.3763,33.8208],[118.4409,33.8067],[118.4473,33.8049],[118.509,33.7824],[118.519,33.7793],[118.5688,33.7696],[118.5773,33.7693],[118.5981,33.7706],[118.6215,33.7709],[118.6416,33.7709],[118.6471,33.7703],[118.6576,33.7684],[118.7049,33.7576]]}},{"type":"Feature","properties":{"daily_trains":108.3,"path_trains":108.29},"geometry":{"type":"LineString","coordinates":[[118.7049,33.7576],[118.7694,33.7432],[118.8156,33.7388],[118.8446,33.7329],[118.9004,33.7245],[118.9324,33.7221],[118.971,33.7157],[118.9825,33.7128],[119.0131,33.6994],[119.0245,33.6964],[119.0322,33.6955],[119.0827,33.6957],[119.0935,33.6944],[119.1064,33.6902],[119.1118,33.6872],[119.1185,33.6824],[119.1235,33.6774]]}},{"type":"Feature","properties":{"daily_trains":46.7,"path_trains":19.14},"geometry":{"type":"LineString","coordinates":[[118.7848,32.0928],[118.7704,32.0975],[118.7614,32.1041],[118.7017,32.1342],[118.6968,32.1389],[118.6859,32.1535],[118.6769,32.161],[118.6736,32.1624],[118.6703,32.163],[118.6492,32.1629],[118.6464,32.1645],[118.6456,32.1672],[118.6462,32.171],[118.6478,32.1735],[118.6503,32.1752],[118.6578,32.1784],[118.6639,32.1851],[118.6898,32.1986],[118.6982,32.2117],[118.7039,32.2187],[118.7092,32.2241],[118.7183,32.2313],[118.7372,32.2486],[118.7407,32.2549],[118.7435,32.2676],[118.749,32.2793],[118.769,32.3077],[118.7711,32.3117],[118.7727,32.3178],[118.7729,32.3303],[118.7755,32.3375],[118.7865,32.3521],[118.8009,32.364],[118.8067,32.3676],[118.8112,32.3694],[118.8186,32.3711],[118.8262,32.3713],[118.8325,32.3704],[118.8882,32.3541],[118.9486,32.343],[118.9773,32.3306],[118.9924,32.3272],[119.0198,32.3187],[119.0252,32.3176],[119.0321,32.3172],[119.078,32.3194],[119.0963,32.3173],[119.1143,32.3181],[119.158,32.3159],[119.1634,32.3166],[119.2282,32.3309],[119.2369,32.3337],[119.2442,32.3374],[119.2556,32.345],[119.277,32.3578],[119.3043,32.3709],[119.3301,32.3885],[119.3334,32.3897],[119.3558,32.3941],[119.3606,32.3963]]}},{"type":"Feature","properties":{"daily_trains":136.4,"path_trains":469.14},"geometry":{"type":"LineString","coordinates":[[117.3016,34.2628],[117.3051,34.2559],[117.3075,34.2479],[117.3113,34.2406],[117.3146,34.2354],[117.3207,34.2288]]}},{"type":"Feature","properties":{"daily_trains":108.3,"path_trains":190.72},"geometry":{"type":"LineString","coordinates":[[119.1236,33.6774],[119.1318,33.6683]]}},{"type":"Feature","properties":{"daily_trains":108.0,"path_trains":108.0},"geometry":{"type":"LineString","coordinates":[[118.2705,33.8751],[118.2705,33.8751]]}},{"type":"Feature","properties":{"daily_trains":99.4,"path_trains":99.43},"geometry":{"type":"LineString","coordinates":[[118.2614,33.8753],[118.2705,33.8751]]}},{"type":"Feature","properties":{"daily_trains":28.0,"path_trains":211.72},"geometry":{"type":"LineString","coordinates":[[119.541,32.4681],[119.5417,32.4789]]}},{"type":"Feature","properties":{"daily_trains":28.0,"path_trains":176.0},"geometry":{"type":"LineString","coordinates":[[119.5418,32.4789],[119.5417,32.4789]]}},{"type":"Feature","properties":{"daily_trains":52.6,"path_trains":52.14},"geometry":{"type":"LineString","coordinates":[[119.5412,32.4716],[119.5414,32.4659],[119.5422,32.464],[119.544,32.462],[119.5478,32.4605],[119.5625,32.4618],[119.5932,32.4598],[119.604,32.4614],[119.6107,32.4635],[119.6348,32.4752],[119.6544,32.4892],[119.6587,32.4912],[119.6715,32.4956],[119.6914,32.5069],[119.6974,32.5089],[119.7548,32.5226],[119.7964,32.5243],[119.8343,32.5286],[119.891,32.5329],[119.9085,32.5333],[119.9277,32.5358],[119.9422,32.5355],[119.9614,32.5315],[119.9916,32.5319],[120.0107,32.5309],[120.0263,32.5319],[120.0459,32.5356],[120.0751,32.5381],[120.1291,32.5361],[120.1465,32.5385],[120.1606,32.5431],[120.1732,32.5453],[120.1784,32.5456],[120.191,32.5448],[120.2145,32.5455],[120.2217,32.5472],[120.2285,32.5501],[120.2452,32.5607],[120.2534,32.5669],[120.2612,32.5703],[120.2876,32.5769],[120.315,32.581],[120.3371,32.586],[120.3566,32.5886],[120.3734,32.5926],[120.381,32.5937],[120.3876,32.5937],[120.4364,32.5895],[120.4431,32.5878],[120.4483,32.5856],[120.4669,32.5763],[120.479,32.5763],[120.4825,32.5758],[120.4864,32.5728],[120.4905,32.5651],[120.4952,32.56],[120.4983,32.5542]]}},{"type":"Feature","properties":{"daily_trains":136.4,"path_trains":473.14},"geometry":{"type":"LineString","coordinates":[[117.3014,34.2627],[117.3016,34.2628]]}},{"type":"Feature","properties":{"daily_trains":108.3,"path_trains":190.72},"geometry":{"type":"LineString","coordinates":[[119.132,33.6687],[119.1318,33.6683]]}},{"type":"Feature","properties":{"daily_trains":46.7,"path_trains":37.14},"geometry":{"type":"LineString","coordinates":[[119.3606,32.3962],[119.3606,32.3963]]}},{"type":"Feature","properties":{"daily_trains":29.0,"path_trains":211.72},"geometry":{"type":"LineString","coordinates":[[119.5412,32.4716],[119.5413,32.4716]]}},{"type":"Feature","properties":{"daily_trains":97.4,"path_trains":466.14},"geometry":{"type":"LineString","coordinates":[[117.323,34.2262],[117.3207,34.2288]]}},{"type":"Feature","properties":{"daily_trains":46.0,"path_trains":149.57},"geometry":{"type":"LineString","coordinates":[[120.4985,32.5546],[120.5044,32.5441]]}},{"type":"Feature","properties":{"daily_trains":1.0,"path_trains":211.72},"geometry":{"type":"LineString","coordinates":[[119.541,32.4681],[119.5411,32.4681]]}},{"type":"Feature","properties":{"daily_trains":23.7,"path_trains":149.57},"geometry":{"type":"LineString","coordinates":[[120.768,32.1519],[120.7738,32.1412]]}},{"type":"Feature","properties":{"daily_trains":23.7,"path_trains":149.57},"geometry":{"type":"LineString","coordinates":[[120.7738,32.1412],[120.7738,32.1412]]}},{"type":"Feature","properties":{"daily_trains":46.0,"path_trains":149.57},"geometry":{"type":"LineString","coordinates":[[120.4984,32.5546],[120.4985,32.5546]]}},{"type":"Feature","properties":{"daily_trains":46.0,"path_trains":149.57},"geometry":{"type":"LineString","coordinates":[[120.4983,32.5542],[120.4982,32.555]]}},{"type":"Feature","properties":{"daily_trains":46.0,"path_trains":149.57},"geometry":{"type":"LineString","coordinates":[[120.5044,32.5441],[120.5044,32.5442],[120.5044,32.5453],[120.5045,32.5459],[120.5046,32.5462],[120.5045,32.5463],[120.5045,32.5442],[120.5044,32.5442]]}},{"type":"Feature","properties":{"daily_trains":19.7,"path_trains":51.71},"geometry":{"type":"LineString","coordinates":[[119.5641,32.4619],[119.5665,32.4616]]}},{"type":"Feature","properties":{"daily_trains":19.7,"path_trains":51.71},"geometry":{"type":"LineString","coordinates":[[119.5641,32.4617],[119.5641,32.4619]]}},{"type":"Feature","properties":{"daily_trains":10.0,"path_trains":698.14},"geometry":{"type":"LineString","coordinates":[[121.3159,31.1905],[121.3154,31.1988],[121.3162,31.2024]]}},{"type":"Feature","properties":{"daily_trains":7.6,"path_trains":368.86},"geometry":{"type":"LineString","coordinates":[[121.3376,31.1392],[121.3375,31.1392]]}},{"type":"Feature","properties":{"daily_trains":10.0,"path_trains":631.28},"geometry":{"type":"LineString","coordinates":[[121.3163,31.2024],[121.3165,31.2032]]}},{"type":"Feature","properties":{"daily_trains":10.0,"path_trains":698.14},"geometry":{"type":"LineString","coordinates":[[121.3159,31.1905],[121.3158,31.1905]]}},{"type":"Feature","properties":{"daily_trains":10.0,"path_trains":631.28},"geometry":{"type":"LineString","coordinates":[[121.3162,31.2024],[121.3163,31.2024]]}},{"type":"Feature","properties":{"daily_trains":97.0,"path_trains":97.0},"geometry":{"type":"LineString","coordinates":[[120.5051,32.545],[120.4902,32.5728],[120.485,32.5875],[120.4832,32.601],[120.4838,32.6392],[120.4818,32.6482],[120.4802,32.6524],[120.4778,32.6573],[120.4658,32.6761],[120.4602,32.6907],[120.4555,32.6999],[120.4216,32.7445],[120.3708,32.8247],[120.3534,32.848],[120.349,32.8562],[120.3375,32.8828]]}},{"type":"Feature","properties":{"daily_trains":50.1,"path_trains":50.14},"geometry":{"type":"LineString","coordinates":[[119.25,34.4246],[119.2733,34.4194],[119.2911,34.4093],[119.3097,34.4028],[119.3304,34.3926],[119.3651,34.3787],[119.3889,34.3662],[119.4006,34.3629],[119.4564,34.3526],[119.5409,34.3197],[119.5467,34.316],[119.5647,34.301],[119.6017,34.2571],[119.6225,34.2376],[119.6301,34.2318],[119.6437,34.224],[119.7071,34.173],[119.7671,34.1185],[119.8243,34.0793],[119.8738,34.0487],[119.88,34.0434],[119.893,34.0303],[119.8987,34.0223],[119.9011,34.016],[119.902,34.0064],[119.9005,33.9946],[119.9005,33.9872],[119.9025,33.9794],[119.9091,33.963],[119.9112,33.9539],[119.9144,33.9149],[119.9143,33.8576],[119.9151,33.8508],[119.9178,33.8416],[119.9402,33.7876],[119.9443,33.7799],[119.9933,33.7244],[119.9991,33.7174],[120.0018,33.7126],[120.0457,33.6054],[120.0679,33.5436],[120.0762,33.5143],[120.0771,33.5083],[120.0768,33.4986],[120.0741,33.4843],[120.0747,33.4788],[120.0762,33.4744],[120.0806,33.4679],[120.1096,33.4384],[120.1139,33.4355],[120.1237,33.4312]]}},{"type":"Feature","properties":{"daily_trains":46.0,"path_trains":128.43},"geometry":{"type":"LineString","coordinates":[[119.25,34.4246],[119.2207,34.4353]]}},{"type":"Feature","properties":{"daily_trains":293.3,"path_trains":561.79},"geometry":{"type":"LineString","coordinates":[[121.2281,31.2999],[121.1881,31.3075],[121.1442,31.3189],[121.0939,31.3374],[121.0801,31.3405],[121.0701,31.3413],[121.0587,31.3409],[121.0497,31.3394],[121.0325,31.3353],[121.0216,31.3338],[121.0105,31.3337],[120.9962,31.3358],[120.9838,31.3397],[120.8943,31.3767],[120.8815,31.381],[120.8708,31.3825],[120.8476,31.3813],[120.8392,31.3799],[120.8195,31.3729],[120.7837,31.3628],[120.7597,31.3569],[120.7422,31.3505],[120.6909,31.3393],[120.6815,31.3384],[120.6411,31.3381],[120.6074,31.3323],[120.5871,31.3276],[120.5823,31.3272],[120.5761,31.3277],[120.5698,31.3292],[120.5641,31.3325],[120.5139,31.3797]]}},{"type":"Feature","properties":{"daily_trains":165.1,"path_trains":750.57},"geometry":{"type":"LineString","coordinates":[[121.266,31.2915],[121.2447,31.2957],[121.2281,31.2999]]}},{"type":"Feature","properties":{"daily_trains":293.3,"path_trains":746.0},"geometry":{"type":"LineString","coordinates":[[121.1582,31.3154],[121.1582,31.3152]]}},{"type":"Feature","properties":{"daily_trains":70.1,"path_trains":70.14},"geometry":{"type":"LineString","coordinates":[[113.844,22.9942],[113.8561,22.9828],[113.8631,22.9717],[113.8659,22.9687],[113.8726,22.9663],[113.8828,22.9652],[113.8867,22.9642],[113.9014,22.9555],[113.9404,22.9563],[113.953,22.9604],[113.9621,22.9605],[113.9811,22.9618],[113.9826,22.9622],[113.9994,22.9766],[114.0035,22.9778],[114.0067,22.9774],[114.0213,22.9728],[114.0301,22.9673],[114.0456,22.9612],[114.0509,22.9603],[114.0735,22.959],[114.0884,22.9564],[114.0946,22.9576],[114.1057,22.9642],[114.1129,22.9674],[114.1184,22.969],[114.1421,22.9701],[114.1601,22.9685],[114.1838,22.9686],[114.1904,22.9694],[114.1952,22.9714],[114.2041,22.9775],[114.2086,22.9795],[114.2368,22.9835],[114.2436,22.9854],[114.2498,22.9896],[114.2593,23.0006],[114.2627,23.0027],[114.2669,23.0041],[114.272,23.0044],[114.2767,23.0034],[114.2866,22.9974],[114.2926,22.9955],[114.2983,22.9955],[114.3085,22.9981],[114.3129,23.0004],[114.3181,23.0048],[114.3323,23.0201],[114.3354,23.0217],[114.3517,23.0268],[114.3549,23.0284],[114.3691,23.0386],[114.3883,23.056],[114.3903,23.0593],[114.3905,23.0614],[114.3874,23.0753],[114.391,23.0831],[114.3945,23.0869],[114.3969,23.0912],[114.399,23.098],[114.399,23.1016],[114.4019,23.105],[114.4156,23.1153],[114.4128,23.1274],[114.4141,23.1454],[114.413,23.1578],[114.4096,23.1715],[114.4076,23.1737],[114.3997,23.1784],[114.3888,23.1819],[114.3849,23.1875],[114.3816,23.1878],[114.3776,23.1847]]}},{"type":"Feature","properties":{"daily_trains":70.1,"path_trains":70.14},"geometry":{"type":"LineString","coordinates":[[113.844,22.9942],[113.8328,23.0045],[113.8292,23.0067],[113.8243,23.0077],[113.7972,23.0013],[113.767,22.9891],[113.7624,22.9883],[113.7573,22.9883],[113.752,22.99],[113.7333,23.0019],[113.7305,23.003],[113.726,23.0033],[113.721,23.0024],[113.7131,22.998],[113.7058,22.9956],[113.6948,22.9878],[113.6902,22.9856],[113.6837,22.9844],[113.6733,22.9848],[113.6687,22.9856],[113.6588,22.9893],[113.6566,22.9908],[113.6461,23.0012],[113.6368,23.0062],[113.6213,23.0116],[113.6078,23.0187],[113.6027,23.0198],[113.5636,23.0237],[113.5467,23.0271],[113.5407,23.0266],[113.5263,23.0207],[113.5097,23.0115],[113.5022,23.0084],[113.4883,23.0055]]}},{"type":"Feature","properties":{"daily_trains":70.0,"path_trains":70.0},"geometry":{"type":"LineString","coordinates":[[113.0529,23.0851],[113.0552,23.0823],[113.0569,23.0752],[113.0575,23.0691],[113.0633,23.0562],[113.0635,23.0475],[113.0644,23.0415],[113.0636,23.0162],[113.0621,23.0085],[113.0667,22.9895],[113.0706,22.9824],[113.0737,22.9793],[113.0777,22.9767],[113.0898,22.9724],[113.1009,22.9664],[113.1067,22.9652],[113.1271,22.965],[113.1369,22.9599],[113.1427,22.9583],[113.1611,22.9556],[113.1825,22.9548],[113.1887,22.9557],[113.1932,22.9577],[113.2035,22.9657],[113.208,22.9679],[113.2194,22.9703],[113.2359,22.9725],[113.2426,22.9749],[113.2775,22.997],[113.2861,22.9997],[113.3038,22.9994],[113.3189,22.9958],[113.335,22.9876],[113.3518,22.9762],[113.3683,22.9776],[113.3785,22.9748],[113.4024,22.9727],[113.4084,22.9735],[113.426,22.9788],[113.442,22.9859],[113.4585,22.9907],[113.4634,22.9936],[113.4702,22.9996],[113.4738,23.002],[113.4778,23.0035],[113.4883,23.0056]]}},{"type":"Feature","properties":{"daily_trains":69.1,"path_trains":70.14},"geometry":{"type":"LineString","coordinates":[[113.844,22.9942],[113.844,22.9942]]}},{"type":"Feature","properties":{"daily_trains":65.1,"path_trains":254.86},"geometry":{"type":"LineString","coordinates":[[114.3776,23.1847],[114.3781,23.1859]]}},{"type":"Feature","properties":{"daily_trains":254.9,"path_trains":239.72},"geometry":{"type":"LineString","coordinates":[[114.3806,23.1882],[114.3788,23.1867]]}},{"type":"Feature","properties":{"daily_trains":13.0,"path_trains":9.5},"geometry":{"type":"LineString","coordinates":[[113.0529,23.0851],[113.0507,23.0859],[113.0486,23.086],[113.0346,23.0833],[113.0292,23.0829],[113.0141,23.0792],[113.0113,23.0794],[113.0088,23.0804],[113.0022,23.0878],[112.9986,23.0968],[112.9965,23.1],[112.994,23.1023],[112.9873,23.1066],[112.9842,23.1102],[112.9761,23.133],[112.972,23.149],[112.968,23.1546],[112.9594,23.1616],[112.9363,23.1759],[112.9239,23.1828],[112.9077,23.1899],[112.904,23.1909],[112.8992,23.1909],[112.8954,23.1898],[112.886,23.1847],[112.8762,23.1842],[112.8628,23.1805],[112.8591,23.1806],[112.8552,23.1816],[112.8523,23.1834],[112.8493,23.1861],[112.845,23.1918],[112.8433,23.1953],[112.8396,23.2074],[112.8391,23.2111],[112.8418,23.2282],[112.8417,23.232],[112.8398,23.237],[112.8358,23.2412],[112.8251,23.2455],[112.8159,23.2526],[112.808,23.256],[112.8029,23.2573],[112.7905,23.258],[112.7857,23.2594],[112.7692,23.2695],[112.765,23.2714],[112.7586,23.2728],[112.7335,23.2735],[112.729,23.2733],[112.7112,23.2699],[112.7065,23.2682],[112.7016,23.2651],[112.6859,23.2493],[112.6625,23.2285],[112.649,23.2069],[112.6457,23.2032],[112.6429,23.2011],[112.636,23.1983],[112.6096,23.193],[112.596,23.1874],[112.5877,23.1822],[112.5825,23.1773],[112.5784,23.1723],[112.5718,23.1608],[112.5684,23.1512],[112.5654,23.1472],[112.5411,23.1283],[112.5122,23.1149],[112.5014,23.1106],[112.4742,23.0912],[112.4633,23.0872],[112.4523,23.0853]]}},{"type":"Feature","properties":{"daily_trains":417.9,"path_trains":341.07},"geometry":{"type":"LineString","coordinates":[[112.6638,23.2141],[112.6633,23.2148],[112.6646,23.2136],[112.6763,23.2077],[112.6865,23.2041],[112.7547,23.1938],[112.7621,23.1916],[112.7758,23.1863],[112.7833,23.1819],[112.7897,23.1765],[112.7942,23.1707],[112.8003,23.1598],[112.8039,23.1546],[112.8155,23.1414],[112.8233,23.1352],[112.8286,23.1324],[112.8458,23.1254],[112.9012,23.0994],[112.9072,23.0976],[112.92,23.0972],[112.9249,23.0963],[112.9302,23.0937],[112.9385,23.0874],[112.9483,23.0841],[112.9553,23.084],[112.9694,23.0883],[112.9756,23.0886],[112.9794,23.0876],[112.9854,23.0845],[113.0006,23.0785],[113.0077,23.0776],[113.0512,23.0862],[113.0547,23.0878],[113.0705,23.0978],[113.0758,23.0997],[113.0802,23.0997],[113.1006,23.0966],[113.1046,23.0951],[113.1136,23.0893],[113.1204,23.088],[113.1251,23.0887],[113.1472,23.096],[113.1617,23.0988],[113.1726,23.1029],[113.1882,23.1029],[113.1915,23.1022],[113.1953,23.1],[113.1981,23.096],[113.2043,23.0695],[113.2126,23.0538],[113.2186,23.0364],[113.22,23.0338],[113.2227,23.0308],[113.2285,23.027],[113.2382,23.0238],[113.2427,23.0209],[113.2597,22.9983]]}},{"type":"Feature","properties":{"daily_trains":14.0,"path_trains":384.57},"geometry":{"type":"LineString","coordinates":[[113.0354,23.0832],[113.0353,23.0834]]}},{"type":"Feature","properties":{"daily_trains":13.0,"path_trains":384.57},"geometry":{"type":"LineString","coordinates":[[113.0529,23.0851],[113.0529,23.0851]]}},{"type":"Feature","properties":{"daily_trains":5.0,"path_trains":338.57},"geometry":{"type":"LineString","coordinates":[[112.6561,23.2188],[112.6633,23.2148]]}},{"type":"Feature","properties":{"daily_trains":8.0,"path_trains":1018.72},"geometry":{"type":"LineString","coordinates":[[113.2664,22.9904],[113.2667,22.9904]]}},{"type":"Feature","properties":{"daily_trains":39.1,"path_trains":1018.72},"geometry":{"type":"LineString","coordinates":[[113.2597,22.9983],[113.2664,22.9904],[113.2685,22.9862]]}},{"type":"Feature","properties":{"daily_trains":5.0,"path_trains":338.57},"geometry":{"type":"LineString","coordinates":[[112.6561,23.2188],[112.6561,23.2186]]}},{"type":"Feature","properties":{"daily_trains":5.0,"path_trains":1018.72},"geometry":{"type":"LineString","coordinates":[[113.2677,22.9879],[113.2665,22.9905]]}},{"type":"Feature","properties":{"daily_trains":5.0,"path_trains":338.57},"geometry":{"type":"LineString","coordinates":[[112.6526,23.2128],[112.6536,23.2144]]}},{"type":"Feature","properties":{"daily_trains":50.0,"path_trains":50.0},"geometry":{"type":"LineString","coordinates":[[113.6188,23.0088],[113.6159,23.0038],[113.6145,22.9987],[113.6117,22.9746],[113.6105,22.9689],[113.5968,22.9323],[113.5978,22.9277],[113.6036,22.9207],[113.6051,22.9177],[113.6072,22.9005],[113.6084,22.8989],[113.6103,22.8979],[113.6164,22.8978],[113.6328,22.9016],[113.6362,22.9018],[113.6484,22.9],[113.6531,22.898],[113.6543,22.8946],[113.6558,22.8813],[113.6584,22.8726],[113.6656,22.8627],[113.6755,22.8548],[113.6783,22.8487],[113.6864,22.8398],[113.6875,22.833],[113.6898,22.8282],[113.6921,22.8065],[113.6929,22.8047],[113.6945,22.8031],[113.6994,22.8012],[113.713,22.7914],[113.7169,22.7897],[113.7754,22.7789],[113.7908,22.7774],[113.7936,22.7762],[113.7956,22.7741],[113.7967,22.7713],[113.7965,22.7682],[113.791,22.7604],[113.7899,22.7572],[113.783,22.6743],[113.7847,22.668],[113.7954,22.6488],[113.7977,22.6391],[113.8053,22.6254]]}},{"type":"Feature","properties":{"daily_trains":49.0,"path_trains":49.0},"geometry":{"type":"LineString","coordinates":[[113.6188,23.0089],[113.6282,23.0244],[113.6289,23.0268],[113.6287,23.0292],[113.6239,23.0368],[113.6153,23.0572],[113.6152,23.0615],[113.6179,23.0665],[113.6184,23.069],[113.6149,23.0846],[113.6133,23.0885],[113.6095,23.0937],[113.6001,23.1093],[113.5981,23.1368],[113.5964,23.1394],[113.593,23.1398]]}},{"type":"Feature","properties":{"daily_trains":154.7,"path_trains":401.86},"geometry":{"type":"LineString","coordinates":[[113.5921,23.1394],[113.593,23.1398]]}},{"type":"Feature","properties":{"daily_trains":49.0,"path_trains":119.14},"geometry":{"type":"LineString","coordinates":[[113.6188,23.0089],[113.6188,23.0088]]}},{"type":"Feature","properties":{"daily_trains":62.0,"path_trains":62.0},"geometry":{"type":"LineString","coordinates":[[113.2006,23.3694],[113.1913,23.3997],[113.1885,23.4054],[113.1799,23.4136],[113.173,23.4226],[113.1645,23.4321],[113.1586,23.443],[113.1566,23.4455],[113.1234,23.4726],[113.1205,23.4762],[113.114,23.4874],[113.1122,23.4932],[113.1133,23.5013],[113.1294,23.5254],[113.1337,23.5344],[113.1339,23.5396],[113.1308,23.5452],[113.1199,23.5571],[113.1074,23.5748],[113.0966,23.5833],[113.0869,23.5893],[113.0821,23.5943],[113.0797,23.5997],[113.0777,23.6147],[113.0766,23.6188],[113.0713,23.6276],[113.0653,23.6355],[113.0635,23.6391],[113.0605,23.6578]]}},{"type":"Feature","properties":{"daily_trains":84.6,"path_trains":371.0},"geometry":{"type":"LineString","coordinates":[[113.1964,23.3836],[113.202,23.3654],[113.2029,23.3556],[113.2022,23.3521],[113.1968,23.3439],[113.1954,23.3397],[113.1952,23.3366],[113.198,23.3215],[113.2005,23.3174],[113.208,23.3139],[113.2103,23.3114],[113.213,23.3036],[113.2175,23.2832],[113.2224,23.2747]]}},{"type":"Feature","properties":{"daily_trains":197.6,"path_trains":258.28},"geometry":{"type":"LineString","coordinates":[[113.2224,23.2747],[113.2257,23.2668],[113.2263,23.2402],[113.2271,23.2363],[113.2292,23.2315],[113.2369,23.2236],[113.2419,23.2155],[113.2419,23.1892]]}},{"type":"Feature","properties":{"daily_trains":49.0,"path_trains":49.0},"geometry":{"type":"LineString","coordinates":[[113.0875,23.7447],[113.0919,23.7451],[113.1077,23.7443],[113.1233,23.7399],[113.1272,23.738],[113.1323,23.7337],[113.1356,23.7286],[113.1372,23.7223],[113.1365,23.7161],[113.126,23.6906],[113.124,23.6827],[113.1206,23.679],[113.1155,23.6771],[113.101,23.6769],[113.0939,23.6759],[113.0633,23.6657],[113.0615,23.6646],[113.0604,23.663],[113.0605,23.6578]]}},{"type":"Feature","properties":{"daily_trains":49.0,"path_trains":62.0},"geometry":{"type":"LineString","coordinates":[[113.0605,23.6578],[113.0605,23.6578]]}},{"type":"Feature","properties":{"daily_trains":376.0,"path_trains":290.0},"geometry":{"type":"LineString","coordinates":[[113.2157,23.2857],[113.2137,23.2937],[113.2069,23.3109],[113.2047,23.3206],[113.2039,23.3307],[113.2049,23.3503],[113.2037,23.361],[113.1907,23.4035],[113.1872,23.4208],[113.1794,23.4508],[113.1769,23.4669],[113.1752,23.4741],[113.1699,23.488],[113.1459,23.5335],[113.1402,23.5513],[113.1333,23.603],[113.1304,23.6137],[113.1225,23.6351],[113.1208,23.6418],[113.1197,23.6499],[113.1195,23.6599],[113.1206,23.6694],[113.1222,23.6764],[113.1264,23.6884]]}},{"type":"Feature","properties":{"daily_trains":41.0,"path_trains":374.0},"geometry":{"type":"LineString","coordinates":[[113.196,23.3863],[113.1964,23.385],[113.1959,23.3847],[113.1959,23.3849],[113.1964,23.385]]}},{"type":"Feature","properties":{"daily_trains":41.0,"path_trains":374.0},"geometry":{"type":"LineString","coordinates":[[113.1968,23.3837],[113.1964,23.3836]]}},{"type":"Feature","properties":{"daily_trains":1.0,"path_trains":1.0},"geometry":{"type":"LineString","coordinates":[[113.3539,23.3512],[113.3477,23.352],[113.3451,23.3532],[113.3379,23.3615],[113.3352,23.3634],[113.328,23.3658],[113.3208,23.3659],[113.3077,23.369],[113.3032,23.3718],[113.2993,23.3752],[113.2978,23.378],[113.2969,23.3824],[113.2999,23.3903],[113.2999,23.3954],[113.3055,23.4165],[113.3055,23.4194],[113.304,23.4212],[113.3022,23.422],[113.2844,23.4261],[113.2389,23.4303],[113.2354,23.4299],[113.2281,23.4276],[113.2201,23.4274],[113.2085,23.4306],[113.2003,23.4313],[113.1966,23.4309],[113.1834,23.4268],[113.1779,23.4222],[113.1771,23.42],[113.1772,23.4179],[113.1784,23.4158],[113.1872,23.4071],[113.1899,23.4034],[113.1959,23.3847]]}},{"type":"Feature","properties":{"daily_trains":35.3,"path_trains":28.43},"geometry":{"type":"LineString","coordinates":[[115.8569,28.7604],[115.8585,28.756],[115.8618,28.7313],[115.8632,28.7288],[115.8703,28.7256],[115.8959,28.7261],[115.899,28.7255],[115.9018,28.7231],[115.9158,28.7063],[115.9139,28.6554],[115.911,28.6467],[115.9088,28.6365],[115.9152,28.6121],[115.9279,28.5889],[115.941,28.5606],[115.9445,28.5211]]}},{"type":"Feature","properties":{"daily_trains":78.4,"path_trains":78.43},"geometry":{"type":"LineString","coordinates":[[118.0062,28.4879],[117.9976,28.5157],[117.9898,28.5346],[117.9806,28.5639],[117.9782,28.573],[117.9754,28.5892],[117.9713,28.6013],[117.9675,28.6084],[117.9241,28.6733],[117.889,28.7436],[117.8768,28.7622],[117.864,28.7877],[117.8612,28.7944],[117.8598,28.7999],[117.8605,28.8613],[117.857,28.9201],[117.8565,28.9519],[117.8541,28.9756],[117.8537,29.055],[117.8578,29.098],[117.858,29.1548],[117.8618,29.1742],[117.8651,29.1972],[117.871,29.2278],[117.8742,29.2537]]}},{"type":"Feature","properties":{"daily_trains":23.4,"path_trains":210.86},"geometry":{"type":"LineString","coordinates":[[115.9622,28.4679],[115.9541,28.4704],[115.9502,28.4736],[115.9487,28.4768],[115.9474,28.4896]]}},{"type":"Feature","properties":{"daily_trains":81.0,"path_trains":51.72},"geometry":{"type":"LineString","coordinates":[[115.9482,28.4797],[115.9442,28.5266],[115.945,28.529],[115.9489,28.5347],[115.9681,28.5594],[115.9931,28.5756],[116.0094,28.5919],[116.0122,28.597],[116.0203,28.6321],[116.0222,28.6359],[116.0247,28.6388],[116.0304,28.6426],[116.036,28.6442],[116.0665,28.6462]]}},{"type":"Feature","properties":{"daily_trains":78.4,"path_trains":78.43},"geometry":{"type":"LineString","coordinates":[[116.0665,28.6463],[116.0665,28.6462]]}},{"type":"Feature","properties":{"daily_trains":188.4,"path_trains":187.43},"geometry":{"type":"LineString","coordinates":[[115.8452,28.5362],[115.8478,28.5301],[115.8509,28.5257],[115.8584,28.5192],[115.8939,28.5014],[115.9267,28.4805],[115.9335,28.4769],[115.9423,28.4735],[116.0014,28.4568],[116.0093,28.4536],[116.0398,28.438],[116.0468,28.4327],[116.0809,28.4022],[116.0989,28.3798],[116.1068,28.3719],[116.1191,28.3628],[116.13,28.357],[116.1432,28.3522],[116.164,28.348],[116.1701,28.3472],[116.1957,28.3462],[116.2709,28.3334],[116.28,28.3313],[116.3857,28.3039],[116.396,28.3004],[116.4139,28.2929],[116.4225,28.2901],[116.4691,28.2801],[116.4806,28.276],[116.5034,28.2662],[116.517,28.2624],[116.5267,28.2612],[116.5343,28.2612],[116.5758,28.2656],[116.6378,28.2636],[116.6457,28.2639],[116.6741,28.2689],[116.7025,28.2714],[116.7285,28.2776],[116.7416,28.2791],[116.7764,28.2771],[116.8049,28.2771],[116.8368,28.2742],[116.9245,28.2767],[116.9406,28.2792],[116.99,28.2923],[117.0252,28.306]]}},{"type":"Feature","properties":{"daily_trains":41.3,"path_trains":47.29},"geometry":{"type":"LineString","coordinates":[[115.9454,28.5106],[115.9444,28.5211]]}},{"type":"Feature","properties":{"daily_trains":48.6,"path_trains":112.72},"geometry":{"type":"LineString","coordinates":[[117.2299,29.3404],[117.23,29.3405]]}},{"type":"Feature","properties":{"daily_trains":35.3,"path_trains":47.29},"geometry":{"type":"LineString","coordinates":[[115.9445,28.5211],[115.9444,28.5211]]}},{"type":"Feature","properties":{"daily_trains":40.9,"path_trains":47.29},"geometry":{"type":"LineString","coordinates":[[115.9454,28.5106],[115.9455,28.5107]]}},{"type":"Feature","properties":{"daily_trains":50.6,"path_trains":97.43},"geometry":{"type":"LineString","coordinates":[[117.8725,29.2354],[117.8719,29.2355]]}},{"type":"Feature","properties":{"daily_trains":188.4,"path_trains":187.43},"geometry":{"type":"LineString","coordinates":[[117.0252,28.3059],[117.0252,28.306]]}},{"type":"Feature","properties":{"daily_trains":129.7,"path_trains":129.72},"geometry":{"type":"LineString","coordinates":[[119.5152,26.0963],[119.5086,26.0892],[119.4975,26.0799],[119.4804,26.0688],[119.4734,26.0651],[119.4325,26.0471],[119.4233,26.0436],[119.4104,26.04],[119.3959,26.0378],[119.3908,26.0362],[119.3865,26.0335]]}},{"type":"Feature","properties":{"daily_trains":129.7,"path_trains":129.72},"geometry":{"type":"LineString","coordinates":[[119.6136,26.3615],[119.6094,26.3703],[119.5844,26.4057],[119.5787,26.4165],[119.5769,26.4225],[119.5734,26.4413],[119.5713,26.4651],[119.5707,26.4754],[119.572,26.4839],[119.5956,26.5393],[119.5984,26.5485],[119.5991,26.5528],[119.599,26.5591],[119.5967,26.5712]]}},{"type":"Feature","properties":{"daily_trains":194.3,"path_trains":125.43},"geometry":{"type":"LineString","coordinates":[[119.3814,26.025],[119.3823,26.0301],[119.3803,26.0363],[119.3691,26.0494],[119.3676,26.0523],[119.3585,26.0984],[119.3569,26.1009],[119.3516,26.105],[119.3341,26.1088],[119.3097,26.1191],[119.287,26.1261],[119.2693,26.1243],[119.2562,26.1269],[119.251,26.1286],[119.2313,26.1404],[119.2171,26.1519],[119.184,26.1768],[119.1558,26.1907],[119.1394,26.1975],[119.1264,26.202],[119.104,26.209],[119.0817,26.2147],[119.0643,26.2208],[119.054,26.2235],[118.9931,26.2312],[118.9724,26.2333],[118.955,26.236],[118.928,26.2438],[118.9124,26.2498],[118.9102,26.2511],[118.898,26.2611],[118.8904,26.269],[118.8634,26.3024],[118.8467,26.3253],[118.84,26.3327],[118.8367,26.3357],[118.7598,26.392],[118.7447,26.4096],[118.7174,26.4376],[118.7055,26.4491],[118.6987,26.4546],[118.6916,26.4591],[118.6806,26.4631],[118.6728,26.4643],[118.6452,26.4663],[118.6248,26.4703],[118.5939,26.4794],[118.5682,26.4882],[118.5146,26.5091],[118.3748,26.5464],[118.3478,26.5555],[118.3035,26.572],[118.2915,26.5785],[118.2822,26.5844],[118.2487,26.6088],[118.2411,26.6162],[118.2388,26.6194],[118.2312,26.6324],[118.2261,26.6468],[118.2232,26.6848],[118.2202,26.7076],[118.2206,26.7228],[118.2261,26.76],[118.2294,26.7779],[118.2347,26.8346],[118.2418,26.8634],[118.2595,26.9217],[118.279,27.0119],[118.2801,27.0199],[118.2801,27.0263],[118.2771,27.0422],[118.2645,27.0815],[118.259,27.0937],[118.209,27.1648],[118.1717,27.2287],[118.1673,27.2421],[118.1642,27.2629],[118.1606,27.2794],[118.1433,27.3264],[118.137,27.3492],[118.1283,27.3755],[118.1235,27.3863],[118.1031,27.4203],[118.0961,27.4339],[118.0923,27.4461],[118.0903,27.4622],[118.0878,27.497],[118.0949,27.5606],[118.0942,27.5765],[118.0929,27.5857],[118.07,27.6725],[118.0551,27.7177],[118.0495,27.7369],[118.0386,27.7892],[118.0312,27.821],[118.028,27.8386],[118.0268,27.8503],[118.0269,27.8917],[118.0333,28.0271],[118.0357,28.0624],[118.0373,28.1113],[118.0379,28.1199],[118.0454,28.1622],[118.0461,28.1691],[118.0449,28.1882],[118.041,28.2142]]}},{"type":"Feature","properties":{"daily_trains":129.7,"path_trains":129.72},"geometry":{"type":"LineString","coordinates":[[119.5153,26.0963],[119.5213,26.1062],[119.5312,26.1288],[119.5368,26.138],[119.5426,26.1442],[119.553,26.1531],[119.5583,26.1601],[119.561,26.1652],[119.5633,26.1728],[119.5642,26.1802],[119.5615,26.2192],[119.562,26.2261],[119.5636,26.2341],[119.5663,26.2419],[119.5697,26.2486],[119.6086,26.3058],[119.6144,26.3182],[119.6162,26.3249],[119.6171,26.3331],[119.6153,26.3537],[119.6137,26.3615]]}},{"type":"Feature","properties":{"daily_trains":129.7,"path_trains":129.72},"geometry":{"type":"LineString","coordinates":[[119.577,26.6978],[119.5771,26.688],[119.5824,26.6557],[119.5827,26.6249],[119.5836,26.6161],[119.5968,26.5712]]}},{"type":"Feature","properties":{"daily_trains":40.9,"path_trains":322.01},"geometry":{"type":"LineString","coordinates":[[119.3711,26.0472],[119.3801,26.0371],[119.3832,26.0348],[119.3865,26.0335]]}},{"type":"Feature","properties":{"daily_trains":129.7,"path_trains":129.72},"geometry":{"type":"LineString","coordinates":[[119.5153,26.0963],[119.5152,26.0963]]}},{"type":"Feature","properties":{"daily_trains":238.3,"path_trains":236.29},"geometry":{"type":"LineString","coordinates":[[119.1393,25.4755],[119.1447,25.4824],[119.1495,25.4872],[119.1559,25.4922],[119.1617,25.4959],[119.1724,25.5008],[119.1973,25.5085],[119.2106,25.5154],[119.2217,25.5244],[119.2263,25.5296],[119.2315,25.537],[119.2652,25.5979],[119.2909,25.6373],[119.2973,25.6518],[119.2997,25.6619],[119.3006,25.6725],[119.3001,25.7406],[119.3016,25.7564],[119.3043,25.7748],[119.3052,25.7791],[119.3076,25.7854],[119.3117,25.793],[119.3194,25.803],[119.388,25.8737],[119.3957,25.8843],[119.4009,25.8944]]}},{"type":"Feature","properties":{"daily_trains":282.4,"path_trains":215.43},"geometry":{"type":"LineString","coordinates":[[119.1364,25.4705],[119.124,25.4489],[119.108,25.4324],[119.0946,25.4094],[119.0905,25.4045],[119.0788,25.393],[119.0749,25.388],[119.0504,25.3388],[119.0455,25.3317],[119.0386,25.3248],[119.0302,25.3193],[119.0188,25.315],[119.0105,25.3137],[118.9888,25.3132],[118.9729,25.3094],[118.963,25.3051],[118.9485,25.2963],[118.9308,25.2888],[118.8918,25.2776],[118.8846,25.2733],[118.8785,25.2683],[118.8518,25.2358],[118.8482,25.2304],[118.8453,25.2248],[118.8417,25.2153],[118.8368,25.1964],[118.8344,25.1898],[118.8067,25.1348],[118.804,25.1305],[118.7805,25.1006],[118.7715,25.094],[118.754,25.0843],[118.7452,25.0799],[118.728,25.0739],[118.7178,25.0676],[118.6929,25.0474],[118.688,25.0415],[118.6811,25.0287],[118.6769,25.0229],[118.6649,25.0119],[118.6564,25.0064],[118.6259,24.9955],[118.5994,24.9826],[118.5941,24.9806],[118.5859,24.9788],[118.5378,24.9739],[118.5266,24.97],[118.5198,24.9659],[118.5153,24.962],[118.5097,24.9552],[118.4936,24.9297],[118.4899,24.9214],[118.488,24.9127],[118.4868,24.8895],[118.4829,24.8754],[118.4774,24.8603],[118.4726,24.8273],[118.4709,24.8223],[118.4684,24.8173],[118.4393,24.7789],[118.4166,24.7595],[118.4044,24.7432],[118.391,24.7311],[118.3747,24.7109],[118.3706,24.7067],[118.3652,24.7025],[118.3556,24.6977],[118.3498,24.696],[118.3325,24.6928],[118.3169,24.6864],[118.3052,24.6831],[118.2975,24.6827],[118.2902,24.6834],[118.2479,24.6935],[118.2417,24.6944],[118.2339,24.6946],[118.2274,24.6939],[118.2151,24.6908],[118.208,24.6898],[118.2,24.69],[118.1884,24.6913],[118.1778,24.6904],[118.1649,24.6875],[118.1451,24.6799],[118.1233,24.6734],[118.1175,24.6706],[118.1108,24.6663],[118.0879,24.648],[118.0797,24.6436],[118.0476,24.629],[118.0315,24.6189],[118.0264,24.6151],[118.0159,24.6039],[118.0058,24.5959],[117.9952,24.5857],[117.991,24.5827],[117.9415,24.5565],[117.9283,24.5469],[117.9182,24.5414],[117.9028,24.5354],[117.8753,24.5299],[117.8328,24.5169],[117.8281,24.5147],[117.8212,24.5105],[117.8068,24.4985],[117.7962,24.492],[117.7665,24.4782],[117.7594,24.4764],[117.7472,24.4747],[117.736,24.4709],[117.6898,24.4492],[117.6835,24.4456],[117.6778,24.4412]]}},{"type":"Feature","properties":{"daily_trains":294.4,"path_trains":308.0},"geometry":{"type":"LineString","coordinates":[[119.3823,25.9974],[119.391,25.9746],[119.3926,25.9684],[119.3932,25.9526],[119.3918,25.9385],[119.3928,25.9202],[119.3939,25.9141],[119.3975,25.9023],[119.4009,25.8944]]}},{"type":"Feature","properties":{"daily_trains":88.9,"path_trains":322.01},"geometry":{"type":"LineString","coordinates":[[119.3865,26.0335],[119.3838,26.0304],[119.3814,26.025]]}},{"type":"Feature","properties":{"daily_trains":254.9,"path_trains":293.72},"geometry":{"type":"LineString","coordinates":[[119.3823,25.9974],[119.3782,26.0081],[119.3776,26.0121],[119.3781,26.0161],[119.3814,26.025]]}},{"type":"Feature","properties":{"daily_trains":218.0,"path_trains":293.43},"geometry":{"type":"LineString","coordinates":[[119.1364,25.4705],[119.1364,25.4705]]}},{"type":"Feature","properties":{"daily_trains":254.9,"path_trains":293.72},"geometry":{"type":"LineString","coordinates":[[119.3823,25.9974],[119.3823,25.9974]]}},{"type":"Feature","properties":{"daily_trains":218.0,"path_trains":293.43},"geometry":{"type":"LineString","coordinates":[[119.1398,25.4757],[119.1364,25.4705]]}},{"type":"Feature","properties":{"daily_trains":218.0,"path_trains":293.43},"geometry":{"type":"LineString","coordinates":[[119.1398,25.4757],[119.1393,25.4755]]}},{"type":"Feature","properties":{"daily_trains":189.4,"path_trains":188.29},"geometry":{"type":"LineString","coordinates":[[113.0603,28.138],[113.0607,28.148],[113.0583,28.1632],[113.0588,28.1659],[113.0599,28.168],[113.0624,28.1702],[113.0651,28.1713],[113.0848,28.1751],[113.0908,28.1756],[113.113,28.172],[113.1242,28.1685],[113.165,28.1439],[113.1741,28.1374],[113.1829,28.1291],[113.2512,28.0551],[113.2571,28.0466],[113.272,28.0203],[113.3048,27.9695],[113.3676,27.8864],[113.3767,27.8733],[113.3986,27.8473],[113.4093,27.8381],[113.5092,27.7593],[113.5189,27.7502],[113.5289,27.742],[113.5922,27.7081],[113.5986,27.7034],[113.6196,27.6847],[113.6286,27.6789],[113.635,27.6758],[113.6439,27.6727],[113.6532,27.6706],[113.6617,27.6698],[113.6708,27.6698],[113.6827,27.6715],[113.721,27.6807],[113.7307,27.6821],[113.7433,27.6829],[113.785,27.6826],[113.8677,27.6899],[113.8776,27.6895],[113.8855,27.6884],[113.929,27.6772],[113.9381,27.6762],[113.9525,27.6765],[114.0355,27.6841],[114.045,27.6836],[114.0695,27.6801],[114.0796,27.6801],[114.0893,27.6814],[114.1172,27.6893],[114.1654,27.7042],[114.1733,27.7072],[114.2096,27.7226],[114.2229,27.7291],[114.2451,27.7405],[114.2787,27.7602],[114.292,27.7658],[114.3036,27.7685],[114.3233,27.7704],[114.3345,27.7722],[114.3447,27.7748],[114.3726,27.7856],[114.381,27.7876],[114.3888,27.7885],[114.4135,27.7887],[114.4483,27.7934],[114.4557,27.7938],[114.4653,27.7933],[114.5236,27.7866],[114.5363,27.787],[114.5445,27.7886],[114.5571,27.7926],[114.5629,27.7953],[114.5718,27.8008],[114.6073,27.8345],[114.6196,27.8424],[114.6302,27.8469],[114.6434,27.8502],[114.6869,27.8549],[114.739,27.8637],[114.7692,27.8656],[114.7791,27.867],[114.7905,27.87],[114.8042,27.8749],[114.8482,27.8915],[114.8641,27.8992],[114.9252,27.9362],[114.9296,27.9394],[114.9688,27.9732],[114.9784,27.9835],[114.9916,28.0016],[114.9941,28.006],[114.9991,28.0174],[115.0058,28.0393],[115.0097,28.0489],[115.025,28.0755],[115.0447,28.1023],[115.0912,28.1563],[115.146,28.2465],[115.1498,28.2511],[115.1558,28.2569],[115.1846,28.2782],[115.194,28.2867],[115.2019,28.2967],[115.2127,28.316],[115.2183,28.3243],[115.2234,28.3301],[115.2416,28.3466],[115.2465,28.3517],[115.2535,28.361],[115.2756,28.3953],[115.2844,28.4054],[115.2923,28.4122],[115.318,28.429],[115.3542,28.4569],[115.3951,28.485],[115.5429,28.5695],[115.6582,28.6457],[115.6683,28.6513],[115.6794,28.6553],[115.6914,28.6577],[115.7052,28.6582],[115.7164,28.6569],[115.7263,28.6542],[115.7361,28.6503],[115.7566,28.6387],[115.7799,28.6283]]}},{"type":"Feature","properties":{"daily_trains":85.7,"path_trains":85.72},"geometry":{"type":"LineString","coordinates":[[117.6778,24.4411],[117.6777,24.4407],[117.6746,24.4406],[117.6705,24.4414],[117.6408,24.4523],[117.6216,24.4605],[117.6026,24.4726],[117.5979,24.475],[117.5585,24.4896],[117.5499,24.4955],[117.5315,24.5137],[117.525,24.5187],[117.5187,24.522],[117.4758,24.5397],[117.4701,24.5429],[117.4641,24.5477],[117.4581,24.5549],[117.449,24.5728],[117.4332,24.598],[117.4248,24.6188],[117.4204,24.6265],[117.4107,24.6382],[117.3893,24.6537],[117.3766,24.6647],[117.3674,24.6785],[117.3519,24.7054],[117.3437,24.7216],[117.3246,24.7515],[117.3163,24.7705],[117.3131,24.7807],[117.3022,24.8031],[117.2925,24.8274],[117.2897,24.8312],[117.2815,24.8386],[117.2592,24.8531],[117.2534,24.8592],[117.2389,24.8825],[117.2349,24.888],[117.2215,24.8983],[117.2026,24.9144],[117.0928,24.9675],[117.0775,24.976],[117.0718,24.9812],[117.0627,24.9992],[117.051,25.0295],[117.0494,25.0355],[117.0482,25.0435],[117.0486,25.0558],[117.0459,25.0665],[117.0454,25.0707],[117.0461,25.0765],[117.0514,25.0939],[117.0508,25.0973],[117.0489,25.0999],[117.0405,25.1041],[117.032,25.111],[117.0281,25.1121],[117.0231,25.1117],[117.0195,25.1097],[117.0176,25.1073],[117.0147,25.1006],[117.0109,25.0987],[116.991,25.1007],[116.9735,25.1041]]}},{"type":"Feature","properties":{"daily_trains":50.4,"path_trains":37.86},"geometry":{"type":"LineString","coordinates":[[115.8232,25.8186],[115.8402,25.8203],[115.8464,25.8224],[115.8667,25.833],[115.8907,25.8384],[115.8983,25.8425],[115.9132,25.8544],[115.9177,25.8571],[115.9247,25.8595],[115.9381,25.862],[115.9541,25.8667],[115.9644,25.8676],[115.978,25.8657],[115.9827,25.8645],[115.9997,25.8579],[116.0148,25.8535],[116.0187,25.8527],[116.0249,25.8529],[116.0303,25.854],[116.0365,25.8567],[116.0632,25.8735],[116.0698,25.8768],[116.084,25.8806],[116.1012,25.8816],[116.1191,25.88],[116.1361,25.8756],[116.1718,25.8719],[116.1796,25.87],[116.1859,25.8676],[116.211,25.8533],[116.2307,25.8454],[116.2613,25.8308],[116.3009,25.8094],[116.3195,25.7964],[116.3348,25.7875],[116.3399,25.7831],[116.3601,25.7599],[116.3669,25.7489],[116.3814,25.7217],[116.3868,25.7137],[116.4005,25.7008],[116.4089,25.6897],[116.4145,25.6837],[116.434,25.6693],[116.4534,25.6558],[116.4589,25.6526],[116.4824,25.6435],[116.5037,25.632],[116.5508,25.5994],[116.557,25.5958],[116.5678,25.5923],[116.618,25.5811],[116.6279,25.578],[116.6348,25.5746],[116.6396,25.5715],[116.6534,25.5598],[116.6647,25.5467],[116.6807,25.5144],[116.6858,25.5005],[116.6978,25.4771],[116.722,25.4386],[116.7361,25.3914],[116.7428,25.3728],[116.756,25.3431],[116.7615,25.3282],[116.7634,25.3104],[116.7654,25.2788],[116.7687,25.2569],[116.7701,25.2092],[116.7695,25.1979],[116.7652,25.178],[116.765,25.1723],[116.7661,25.1671],[116.7684,25.1623],[116.7717,25.1575],[116.7814,25.1506],[116.7913,25.1454],[116.8079,25.1398],[116.8502,25.13],[116.8756,25.1252],[116.8916,25.1202],[116.9028,25.1188],[116.9243,25.1188],[116.931,25.1179],[116.9385,25.1152],[116.9515,25.1082],[116.9735,25.1042]]}},{"type":"Feature","properties":{"daily_trains":77.4,"path_trains":57.14},"geometry":{"type":"LineString","coordinates":[[119.1364,25.4705],[119.1432,25.4797],[119.1475,25.4836],[119.1533,25.4875],[119.1918,25.5032],[119.2115,25.5155],[119.221,25.5188],[119.2384,25.5218],[119.2486,25.5266],[119.2539,25.53],[119.2608,25.537],[119.2721,25.5546],[119.3157,25.6011],[119.3304,25.6137],[119.3397,25.6228],[119.3552,25.6354],[119.3607,25.6409],[119.3659,25.649],[119.3718,25.6647],[119.384,25.6876]]}},{"type":"Feature","properties":{"daily_trains":56.1,"path_trains":56.14},"geometry":{"type":"LineString","coordinates":[[119.384,25.6876],[119.3902,25.6998],[119.4014,25.7262],[119.4029,25.731],[119.4039,25.7378],[119.405,25.7696],[119.4121,25.7938],[119.4163,25.8052],[119.4169,25.8139],[119.4168,25.8566],[119.4067,25.8823],[119.4009,25.8944]]}},{"type":"Feature","properties":{"daily_trains":50.4,"path_trains":72.43},"geometry":{"type":"LineString","coordinates":[[116.9735,25.1042],[116.9735,25.1041]]}},{"type":"Feature","properties":{"daily_trains":56.1,"path_trains":56.14},"geometry":{"type":"LineString","coordinates":[[119.384,25.6876],[119.384,25.6876]]}},{"type":"Feature","properties":{"daily_trains":27.9,"path_trains":26.29},"geometry":{"type":"LineString","coordinates":[[117.0005,25.0996],[116.9905,25.1007],[116.9806,25.1026],[116.9694,25.1025],[116.9659,25.1043],[116.9645,25.1063],[116.9639,25.1086],[116.9648,25.1125],[116.9761,25.1257],[116.9799,25.1311],[116.9821,25.1374],[116.9854,25.1582],[116.9874,25.1654],[116.9905,25.171],[116.997,25.1766],[117.001,25.1786],[117.0086,25.1808],[117.055,25.1856],[117.0695,25.1881],[117.0748,25.19],[117.0844,25.196],[117.0992,25.2076],[117.1231,25.2241],[117.1305,25.2285],[117.146,25.2407],[117.159,25.2529],[117.1676,25.258],[117.2156,25.2747],[117.2666,25.3018],[117.3077,25.3087],[117.3457,25.3197],[117.3665,25.3322],[117.3742,25.3387],[117.3791,25.3458],[117.3821,25.3537],[117.383,25.3592],[117.3842,25.3813],[117.3716,25.4473],[117.3644,25.5086],[117.3686,25.5497],[117.3742,25.5765],[117.3741,25.584],[117.3709,25.6098],[117.3665,25.6352],[117.3664,25.6431],[117.369,25.6538],[117.3744,25.6643],[117.3813,25.6817],[117.3959,25.7258],[117.4019,25.7503],[117.4048,25.7696],[117.405,25.7896],[117.3932,25.8403],[117.3934,25.8466],[117.3959,25.8698],[117.396,25.8863],[117.3955,25.8903],[117.3846,25.9202],[117.3836,25.9259],[117.3838,25.9315],[117.3883,25.9561],[117.3898,25.9608],[117.3935,25.9669],[117.4346,26.0043],[117.4472,26.0221],[117.4587,26.0502],[117.4711,26.0865],[117.4876,26.1235],[117.5217,26.1585],[117.5397,26.1918],[117.548,26.2002],[117.5758,26.2243]]}},{"type":"Feature","properties":{"daily_trains":86.9,"path_trains":60.71},"geometry":{"type":"LineString","coordinates":[[115.7948,28.6232],[115.8393,28.6032],[115.8444,28.5991],[115.8478,28.5951],[115.8518,28.5876],[115.8536,28.5799],[115.8533,28.574],[115.8462,28.5455],[115.8446,28.5349],[115.8443,28.5244],[115.8458,28.5125],[115.8495,28.4989],[115.8891,28.3806],[115.8911,28.3759],[115.8953,28.3693],[115.8998,28.3643],[115.9046,28.3605],[115.9597,28.3236],[115.9892,28.3024],[116.0491,28.2525],[116.0552,28.2489],[116.0602,28.2468],[116.0785,28.2423],[116.0848,28.24],[116.0936,28.2349],[116.1,28.2291],[116.1299,28.1852],[116.1731,28.1397],[116.1769,28.1341],[116.1902,28.1106],[116.1949,28.1043],[116.2035,28.0965],[116.2433,28.0676],[116.2474,28.0641],[116.2518,28.059],[116.2563,28.052],[116.2625,28.0377],[116.2665,28.031],[116.2708,28.0258],[116.3009,27.9957],[116.3055,27.9887],[116.3124,27.975],[116.3259,27.9593],[116.337,27.9403],[116.3533,27.9096],[116.3575,27.9036],[116.4081,27.8522],[116.4568,27.8085],[116.4736,27.7927],[116.4994,27.7662],[116.5045,27.7595],[116.5343,27.7111],[116.5381,27.7067],[116.5732,27.672],[116.5886,27.6544],[116.5968,27.6439],[116.6016,27.634],[116.61,27.6085],[116.6117,27.6015],[116.6124,27.5939],[116.61,27.5452],[116.6084,27.53],[116.6083,27.5191],[116.6073,27.511],[116.6037,27.5014],[116.5874,27.4734],[116.5845,27.4646],[116.584,27.4583],[116.5842,27.4539],[116.5857,27.4469],[116.5939,27.4301],[116.5963,27.4204],[116.5965,27.4135],[116.5936,27.3679],[116.5984,27.2678],[116.6001,27.261],[116.6047,27.2517],[116.6216,27.2281],[116.6362,27.2109],[116.6502,27.1887],[116.6547,27.1833],[116.6759,27.163],[116.6949,27.1412],[116.715,27.1117],[116.7447,27.083],[116.7483,27.0779],[116.7534,27.0672],[116.758,27.0594],[116.7757,27.0345],[116.7901,27.0171],[116.8243,26.9703],[116.843,26.9383],[116.8472,26.9332],[116.853,26.9282],[116.8871,26.904],[116.8961,26.9002],[116.9017,26.8993],[116.9089,26.8991],[116.9161,26.8996],[116.9637,26.9065],[116.9987,26.9154],[117.0146,26.918],[117.0643,26.9321],[117.11,26.9403],[117.1206,26.9398],[117.1364,26.9356],[117.1694,26.9219],[117.1972,26.9034],[117.2286,26.8865],[117.2434,26.8767],[117.3596,26.8141],[117.3966,26.7967],[117.4049,26.7908],[117.4145,26.7817],[117.4196,26.7761],[117.4297,26.7595],[117.4523,26.7298],[117.4636,26.7164],[117.4666,26.7112],[117.4795,26.6837],[117.4867,26.6742],[117.4955,26.6648],[117.5437,26.6217],[117.6068,26.5712],[117.6581,26.5269],[117.6746,26.509],[117.6763,26.5067],[117.6802,26.4985],[117.6856,26.4775],[117.689,26.468],[117.7005,26.4429],[117.7296,26.4153],[117.764,26.3896],[117.7749,26.3841],[117.8271,26.3728],[117.8645,26.3704],[117.9018,26.3641],[117.9107,26.3618],[117.9209,26.3572],[117.9296,26.351],[117.9522,26.3297],[118.0359,26.2446],[118.0767,26.2172]]}},{"type":"Feature","properties":{"daily_trains":52.4,"path_trains":52.43},"geometry":{"type":"LineString","coordinates":[[119.1172,26.057],[119.0557,25.9369],[119.0228,25.883],[119.0112,25.8587],[119.0046,25.8511],[118.9971,25.8455],[118.9887,25.8412],[118.9795,25.8383],[118.966,25.8368],[118.9583,25.8374],[118.9528,25.8385],[118.9414,25.8437],[118.9114,25.8612],[118.9003,25.8651],[118.8883,25.8654],[118.876,25.8647],[118.8535,25.8611],[118.8469,25.8611],[118.6796,25.8684],[118.6729,25.8707],[118.6564,25.8792],[118.619,25.9002],[118.6085,25.9027],[118.6007,25.9035],[118.5776,25.9036],[118.463,25.8949],[118.454,25.8944],[118.4491,25.8948],[118.4432,25.8963],[118.4353,25.8994],[118.4304,25.9023],[118.3448,25.9725],[118.3349,25.9803],[118.3175,25.9917],[118.3084,25.9964],[118.2819,26.0081],[118.2429,26.0296],[118.2373,26.0347],[118.2256,26.0473],[118.1573,26.1453],[118.1272,26.1813],[118.1223,26.1862],[118.1178,26.1896],[118.0767,26.2172]]}},{"type":"Feature","properties":{"daily_trains":31.0,"path_trains":31.0},"geometry":{"type":"LineString","coordinates":[[118.2729,26.5912],[118.2487,26.6076],[118.2445,26.6081],[118.2289,26.6071],[118.2232,26.6056],[118.1897,26.5919],[118.1264,26.5733],[118.0923,26.567],[118.0874,26.5649],[118.0115,26.5066],[117.9769,26.4738],[117.9121,26.4178],[117.8761,26.3876],[117.8662,26.381],[117.857,26.3769],[117.8501,26.3751],[117.8254,26.3742],[117.813,26.3762],[117.7837,26.3823],[117.7747,26.3822],[117.7676,26.3796],[117.7283,26.3543],[117.6984,26.3416],[117.658,26.3319],[117.6537,26.3297],[117.6408,26.3175],[117.6175,26.2856],[117.5954,26.2435],[117.5758,26.2243]]}},{"type":"Feature","properties":{"daily_trains":23.9,"path_trains":23.86},"geometry":{"type":"LineString","coordinates":[[119.3154,26.1163],[119.3017,26.1219],[119.2851,26.1262],[119.2577,26.1227],[119.2309,26.1205],[119.1967,26.1201],[119.1789,26.1229],[119.1695,26.1214],[119.1621,26.1179],[119.1521,26.1109],[119.1453,26.1051],[119.1386,26.0958],[119.1232,26.069],[119.1172,26.057]]}},{"type":"Feature","properties":{"daily_trains":39.9,"path_trains":83.86},"geometry":{"type":"LineString","coordinates":[[117.7882,26.3809],[117.7884,26.3813]]}},{"type":"Feature","properties":{"daily_trains":27.9,"path_trains":27.86},"geometry":{"type":"LineString","coordinates":[[117.5758,26.2243],[117.5758,26.2243]]}},{"type":"Feature","properties":{"daily_trains":23.9,"path_trains":272.44},"geometry":{"type":"LineString","coordinates":[[119.3154,26.1164],[119.3154,26.1163]]}},{"type":"Feature","properties":{"daily_trains":26.3,"path_trains":92.72},"geometry":{"type":"LineString","coordinates":[[117.0005,25.0996],[117.0005,25.0996]]}},{"type":"Feature","properties":{"daily_trains":52.4,"path_trains":52.43},"geometry":{"type":"LineString","coordinates":[[118.0767,26.2172],[118.0767,26.2172]]}},{"type":"Feature","properties":{"daily_trains":23.9,"path_trains":23.86},"geometry":{"type":"LineString","coordinates":[[119.1172,26.057],[119.1172,26.057]]}},{"type":"Feature","properties":{"daily_trains":115.9,"path_trains":115.86},"geometry":{"type":"LineString","coordinates":[[118.017,24.583],[118.0208,24.5811],[118.0293,24.5748],[118.0318,24.5737],[118.0451,24.5735],[118.0539,24.5725],[118.0578,24.5714],[118.1003,24.5533],[118.1053,24.5491],[118.1075,24.5454],[118.1105,24.5366],[118.1123,24.5332],[118.1183,24.5291],[118.1216,24.5255],[118.1253,24.5191],[118.1307,24.5147],[118.132,24.5119],[118.1324,24.5016],[118.1311,24.492],[118.129,24.4891],[118.1216,24.4824],[118.1169,24.4754]]}},{"type":"Feature","properties":{"daily_trains":115.9,"path_trains":299.14},"geometry":{"type":"LineString","coordinates":[[118.017,24.583],[118.0089,24.5872],[118.0068,24.5892],[118.0056,24.5924],[118.0062,24.5961]]}},{"type":"Feature","properties":{"daily_trains":115.9,"path_trains":299.14},"geometry":{"type":"LineString","coordinates":[[118.0062,24.5961],[118.0058,24.5959]]}},{"type":"Feature","properties":{"daily_trains":118.0,"path_trains":116.0},"geometry":{"type":"LineString","coordinates":[[118.5748,24.7324],[118.5631,24.718],[118.5588,24.7105],[118.5525,24.6953],[118.5486,24.6878],[118.5433,24.6798],[118.5364,24.672],[118.5268,24.6638],[118.5159,24.6571],[118.5033,24.6518],[118.4906,24.6485],[118.4678,24.6449],[118.4539,24.645],[118.4444,24.6465],[118.4029,24.6569],[118.363,24.66],[118.3527,24.6629],[118.3259,24.6736],[118.3013,24.6825]]}},{"type":"Feature","properties":{"daily_trains":118.0,"path_trains":115.72},"geometry":{"type":"LineString","coordinates":[[119.054,25.3495],[119.0553,25.3511],[119.0326,25.3124],[119.0235,25.3018],[119.0151,25.2945],[119.0065,25.2888],[118.9981,25.2844],[118.9178,25.2498],[118.9058,25.2418],[118.8958,25.2315],[118.886,25.2154],[118.8807,25.2037],[118.8776,25.1936],[118.8709,25.1621],[118.8672,25.1511],[118.861,25.1395],[118.8486,25.1222],[118.8424,25.1088],[118.8402,25.1001],[118.8392,25.0903],[118.842,25.0576],[118.8416,25.0447],[118.8401,25.037],[118.838,25.0301],[118.8314,25.0167],[118.8183,25.0001],[118.7917,24.9749],[118.7848,24.9662],[118.7778,24.9538],[118.761,24.9101],[118.755,24.8984],[118.7483,24.8893],[118.7304,24.8696],[118.7154,24.8448],[118.6862,24.8101],[118.6793,24.8033],[118.6724,24.7981],[118.6505,24.7855],[118.6404,24.7805],[118.6191,24.7726],[118.6067,24.7656],[118.596,24.7566],[118.5748,24.7324]]}},{"type":"Feature","properties":{"daily_trains":84.4,"path_trains":318.29},"geometry":{"type":"LineString","coordinates":[[118.3009,24.6827],[118.3013,24.6825]]}},{"type":"Feature","properties":{"daily_trains":125.7,"path_trains":125.71},"geometry":{"type":"LineString","coordinates":[[119.577,26.6978],[119.5784,26.7059],[119.5885,26.7339],[119.59,26.7399],[119.5901,26.7692],[119.592,26.7757],[119.5953,26.7825],[119.5992,26.7878],[119.6063,26.7943],[119.6139,26.7987],[119.6301,26.8056],[119.636,26.8098],[119.6458,26.8186],[119.6538,26.8236],[119.6621,26.8274],[119.6698,26.8296],[119.692,26.8314],[119.7002,26.8329],[119.7413,26.8463],[119.7953,26.8608],[119.8419,26.8764],[119.9944,26.9154],[120.0027,26.9164],[120.0086,26.9163],[120.0467,26.91],[120.0553,26.9106],[120.0662,26.914],[120.0758,26.9187],[120.101,26.9353],[120.1089,26.9414],[120.1131,26.9454],[120.1229,26.9584],[120.1286,26.9648],[120.1583,26.9925],[120.2026,27.0379],[120.2083,27.0459],[120.2212,27.0706],[120.2244,27.0778],[120.2274,27.0897],[120.228,27.0973],[120.2272,27.1091],[120.2239,27.1198],[120.2163,27.1368],[120.185,27.1894],[120.1819,27.1968],[120.1802,27.2045],[120.1805,27.2152],[120.1846,27.2304],[120.1854,27.2378],[120.185,27.2461],[120.1817,27.2627],[120.1818,27.2705],[120.1868,27.2999],[120.1906,27.3132],[120.2006,27.3665]]}},{"type":"Feature","properties":{"daily_trains":177.6,"path_trains":155.72},"geometry":{"type":"LineString","coordinates":[[114.3866,23.1936],[114.3978,23.2026],[114.4198,23.217],[114.4261,23.2224],[114.4313,23.228],[114.4376,23.2359],[114.4662,23.2771],[114.4766,23.2892],[114.4831,23.2986],[114.4891,23.3122],[114.4916,23.3233],[114.4954,23.349],[114.4984,23.359],[114.5024,23.3685],[114.5187,23.4002],[114.5343,23.4465],[114.5372,23.4535],[114.5426,23.4628],[114.551,23.4734],[114.5718,23.4961],[114.6126,23.5351],[114.621,23.5425],[114.6273,23.5468],[114.6657,23.5704],[114.6741,23.5783],[114.683,23.5885],[114.6919,23.6012],[114.7104,23.6499],[114.7148,23.6595],[114.7408,23.6971],[114.7457,23.7028],[114.7773,23.7364],[114.7949,23.7524],[114.8025,23.7579],[114.8386,23.7812],[114.8719,23.8016],[114.908,23.8198],[114.9169,23.826],[114.9276,23.8351],[115.0119,23.8931],[115.0252,23.9014],[115.0443,23.9104],[115.0771,23.9276],[115.0987,23.9442],[115.1069,23.9539],[115.1134,23.9658],[115.117,23.9781],[115.1206,24.0007],[115.123,24.0083],[115.1272,24.0177],[115.1357,24.0301],[115.1605,24.0587],[115.1914,24.1042],[115.1986,24.1173],[115.2013,24.125],[115.2031,24.1328],[115.2056,24.1509],[115.2055,24.1588],[115.2045,24.167],[115.2018,24.1756],[115.1986,24.1827],[115.1952,24.1882],[115.1906,24.1939],[115.181,24.202],[115.1713,24.209],[115.1155,24.2394],[115.088,24.257],[115.0667,24.266],[115.0449,24.2806],[115.0392,24.2855],[115.0312,24.2947],[115.0077,24.3311],[114.9857,24.358],[114.9647,24.3888],[114.9616,24.3937],[114.956,24.4062],[114.9542,24.4127],[114.951,24.4484],[114.9581,24.4908],[114.9605,24.5004],[114.9631,24.5075],[114.9697,24.5204],[115.017,24.5898],[115.0234,24.6007],[115.0297,24.6142],[115.0474,24.6715],[115.0488,24.685],[115.0476,24.6983],[115.0451,24.7104],[115.0417,24.7204],[115.0384,24.7272],[115.0336,24.7347],[115.016,24.758],[115.0087,24.7661],[115.0005,24.7731],[114.9941,24.7775],[114.9525,24.8014],[114.9463,24.8061],[114.9381,24.8136],[114.9335,24.8189],[114.9024,24.8601],[114.8762,24.8969],[114.8573,24.9142],[114.8451,24.9264],[114.8351,24.9376],[114.8317,24.944],[114.828,24.9567],[114.8268,24.97],[114.8275,24.9777],[114.8342,25.0188],[114.8449,25.0781],[114.8478,25.1044],[114.8551,25.1378],[114.8595,25.1618],[114.858,25.2268],[114.8583,25.2367],[114.8606,25.2481],[114.8636,25.256],[114.8777,25.2818],[114.8815,25.2919],[114.892,25.3345],[114.8977,25.371],[114.8978,25.3774],[114.8968,25.3885],[114.8935,25.402],[114.8758,25.4461],[114.8732,25.4566],[114.8693,25.5318],[114.8625,25.5818],[114.8626,25.5902],[114.8643,25.6058],[114.8645,25.6299],[114.8617,25.6504],[114.8573,25.6671],[114.8499,25.6876],[114.8449,25.6973],[114.8353,25.7099],[114.8149,25.73],[114.8086,25.738],[114.8041,25.7457],[114.8001,25.7553],[114.7985,25.7608],[114.7969,25.7692],[114.7963,25.7769],[114.7975,25.7905],[114.8018,25.8054],[114.8284,25.8578],[114.8331,25.8656],[114.8384,25.8722],[114.8455,25.8787],[114.8534,25.8842],[114.861,25.8882],[114.8677,25.8908],[114.876,25.8931],[114.8857,25.8945],[114.8959,25.8947],[114.9254,25.8923],[114.9501,25.8924],[114.9599,25.8932],[114.9703,25.8954],[114.9767,25.8975],[114.985,25.9013],[115.0037,25.914],[115.0153,25.9201],[115.0233,25.923],[115.0606,25.9339],[115.0744,25.9397],[115.1019,25.9546],[115.1128,25.9626],[115.1211,25.9704],[115.1287,25.9791],[115.1378,25.991],[115.1708,26.0419],[115.174,26.048],[115.1861,26.0877],[115.1959,26.1081],[115.2123,26.1466],[115.2205,26.1687],[115.2502,26.2288],[115.2573,26.2463],[115.2607,26.2561],[115.2718,26.2828],[115.2739,26.2896],[115.275,26.3005],[115.2741,26.327],[115.2733,26.3335],[115.2717,26.3396],[115.2677,26.3489],[115.2643,26.3538],[115.2555,26.3629],[115.2486,26.368],[115.2368,26.3736],[115.1328,26.4066],[115.1181,26.4102],[115.0694,26.4197],[115.0493,26.4255],[115.0304,26.4319],[114.9022,26.4817],[114.8706,26.4929],[114.8589,26.5],[114.8544,26.5042],[114.8478,26.5123],[114.8322,26.542],[114.83,26.5484],[114.8286,26.5558],[114.8284,26.5625],[114.8291,26.5688],[114.833,26.5804],[114.8373,26.5876],[114.857,26.6141],[114.8622,26.6223],[114.8808,26.6638],[114.9154,26.7231],[114.9244,26.7429],[114.9349,26.7618],[114.9392,26.7724],[114.9411,26.7814],[114.9423,26.8067],[114.9449,26.8258],[114.9444,26.8535],[114.942,26.8678],[114.9394,26.876],[114.9306,26.8969],[114.9269,26.9033],[114.917,26.9174],[114.9133,26.9246],[114.8885,26.9824],[114.8854,26.9936],[114.8844,27.0053],[114.8834,27.0636],[114.8847,27.0741],[114.888,27.0849],[114.895,27.0985],[114.9001,27.1064],[114.9163,27.1248],[114.9657,27.1904],[114.9733,27.1993],[115.0016,27.2223],[115.0605,27.2594],[115.0703,27.2666],[115.0767,27.2725],[115.1031,27.3002],[115.1105,27.3062],[115.1244,27.316],[115.1309,27.3217],[115.1368,27.3283],[115.152,27.3491],[115.158,27.3551],[115.1641,27.3601]]}},{"type":"Feature","properties":{"daily_trains":159.7,"path_trains":68.0},"geometry":{"type":"LineString","coordinates":[[115.9853,28.4198],[115.9838,28.4306],[115.9819,28.4345],[115.977,28.4391],[115.9623,28.4564],[115.9533,28.463],[115.9502,28.4665]]}},{"type":"Feature","properties":{"daily_trains":159.7,"path_trains":159.72},"geometry":{"type":"LineString","coordinates":[[115.9849,28.4232],[115.9867,28.4068],[115.9863,28.398],[115.9848,28.3899],[115.9761,28.362],[115.9693,28.3489],[115.9359,28.295],[115.9275,28.2852],[115.9196,28.2788],[115.9112,28.2739],[115.8956,28.2665],[115.8857,28.261],[115.8777,28.2545],[115.8718,28.2486],[115.8369,28.203],[115.815,28.1798],[115.7944,28.1528],[115.7618,28.1008],[115.7556,28.0924],[115.7466,28.0841],[115.7276,28.0721],[115.6872,28.0406],[115.6813,28.0349],[115.6493,27.9994],[115.6414,27.992],[115.6302,27.9843],[115.5899,27.9637],[115.5784,27.957],[115.5283,27.9158],[115.5232,27.9109]]}},{"type":"Feature","properties":{"daily_trains":159.7,"path_trains":159.72},"geometry":{"type":"LineString","coordinates":[[115.5232,27.9109],[115.4936,27.8807],[115.4865,27.8708],[115.4815,27.8597],[115.4781,27.8476],[115.4741,27.8372],[115.4505,27.7933],[115.4299,27.7631],[115.4157,27.7329],[115.4036,27.7137],[115.3999,27.7057],[115.3934,27.686],[115.3884,27.6765],[115.3801,27.6662],[115.3625,27.6514],[115.3554,27.6442],[115.3501,27.6372],[115.3388,27.6192],[115.3268,27.5922],[115.3237,27.5827],[115.3218,27.5716],[115.3212,27.5519],[115.3189,27.5407],[115.3078,27.5149],[115.3027,27.5054],[115.2974,27.4985],[115.2909,27.492],[115.2708,27.4778],[115.2628,27.4701],[115.2457,27.4517],[115.2251,27.4221],[115.2213,27.4175],[115.1994,27.3966],[115.1879,27.3813],[115.1821,27.3747],[115.1641,27.36]]}},{"type":"Feature","properties":{"daily_trains":159.7,"path_trains":210.86},"geometry":{"type":"LineString","coordinates":[[115.9482,28.4797],[115.9491,28.4697],[115.9502,28.4665]]}},{"type":"Feature","properties":{"daily_trains":159.7,"path_trains":159.72},"geometry":{"type":"LineString","coordinates":[[115.1641,27.3601],[115.1641,27.36]]}},{"type":"Feature","properties":{"daily_trains":115.1,"path_trains":68.0},"geometry":{"type":"LineString","coordinates":[[115.9848,28.4232],[115.9849,28.4232]]}},{"type":"Feature","properties":{"daily_trains":60.4,"path_trains":46.43},"geometry":{"type":"LineString","coordinates":[[114.647,30.4926],[114.6797,30.4929],[114.7059,30.4921],[114.7144,30.4934],[114.7199,30.4956],[114.725,30.4989],[114.7482,30.5228],[114.7539,30.5272],[114.7583,30.5297],[114.7698,30.533],[114.8048,30.5364],[114.8144,30.5367],[114.8503,30.5334],[114.8569,30.5317],[114.8623,30.5295],[114.8681,30.5258],[114.8721,30.5221],[114.8882,30.5013],[114.8924,30.4969],[114.898,30.4929],[114.9049,30.4897],[114.9112,30.4881],[114.9172,30.4875],[114.9491,30.489],[114.9568,30.4911],[114.9652,30.4955],[114.9936,30.5188],[115.0041,30.529],[115.0184,30.5471],[115.0227,30.551],[115.027,30.5533],[115.0323,30.5545],[115.038,30.5545],[115.0434,30.5532],[115.0749,30.5354],[115.1324,30.509],[115.1551,30.4963],[115.1635,30.4897],[115.2162,30.436],[115.2253,30.4259],[115.2606,30.3834],[115.2664,30.3772],[115.2772,30.3677],[115.2858,30.3551],[115.3089,30.3053],[115.3304,30.2698],[115.3458,30.2511],[115.3788,30.2206],[115.386,30.2152],[115.4484,30.175],[115.4793,30.1514],[115.5331,30.0949],[115.5625,30.059],[115.5803,30.0408],[115.5912,30.0325],[115.6062,30.0243],[115.6175,30.02],[115.6985,30.002],[115.7046,30.0007],[115.7138,30.0],[115.7246,30.0],[115.7355,30.0014],[115.7631,30.0082],[115.8002,30.0164],[115.818,30.0197],[115.8278,30.0203]]}},{"type":"Feature","properties":{"daily_trains":165.8,"path_trains":104.0},"geometry":{"type":"LineString","coordinates":[[114.4245,30.5922],[114.4274,30.5878],[114.4297,30.5778],[114.4331,30.5693],[114.4398,30.5633],[114.4478,30.5539],[114.4584,30.5354],[114.4603,30.5335],[114.4632,30.5319],[114.4671,30.5312],[114.4731,30.5319],[114.5031,30.5311],[114.5245,30.5286],[114.5576,30.5229],[114.5725,30.5186],[114.6135,30.4985],[114.6258,30.4944],[114.6381,30.4926],[114.6796,30.4928],[114.7092,30.4915],[114.7175,30.49],[114.7254,30.4878],[114.7392,30.4817],[114.7455,30.4777],[114.7516,30.4727],[114.7575,30.4668],[114.762,30.4609],[114.8061,30.3838],[114.8103,30.3789],[114.8149,30.3748],[114.82,30.3713],[114.8265,30.368],[114.8371,30.3646],[114.8481,30.3632],[114.8854,30.3633],[114.9067,30.3624],[114.9481,30.3637],[114.9572,30.3633],[114.9671,30.3616],[114.9749,30.3592],[114.9829,30.3555],[114.9915,30.3499],[114.9979,30.344],[115.0035,30.3371],[115.0082,30.3283],[115.0105,30.321],[115.0125,30.3055],[115.0177,30.2502],[115.0167,30.2403],[115.0134,30.2309],[115.0107,30.2261],[114.9922,30.2],[114.9892,30.1937],[114.9876,30.1882],[114.9867,30.1808],[114.9868,30.1503],[114.9887,30.1413],[114.9931,30.1312]]}},{"type":"Feature","properties":{"daily_trains":52.6,"path_trains":164.43},"geometry":{"type":"LineString","coordinates":[[114.6962,30.4923],[114.6962,30.4924]]}},{"type":"Feature","properties":{"daily_trains":142.6,"path_trains":380.42},"geometry":{"type":"LineString","coordinates":[[114.4246,30.5922],[114.4245,30.5922]]}},{"type":"Feature","properties":{"daily_trains":413.9,"path_trains":317.14},"geometry":{"type":"LineString","coordinates":[[114.4246,30.5922],[114.4051,30.6481],[114.3922,30.6721],[114.3793,30.6894]]}},{"type":"Feature","properties":{"daily_trains":45.6,"path_trains":46.43},"geometry":{"type":"LineString","coordinates":[[115.052,30.5485],[115.0561,30.5462]]}},{"type":"Feature","properties":{"daily_trains":24.9,"path_trains":13.0},"geometry":{"type":"LineString","coordinates":[[114.3285,30.468],[114.3345,30.4634],[114.3385,30.4624],[114.3554,30.4646],[114.3837,30.4707],[114.4158,30.4721],[114.4196,30.4729],[114.4219,30.4744],[114.4233,30.4766],[114.4255,30.4912],[114.4268,30.4955],[114.4282,30.4976],[114.451,30.5084],[114.4566,30.5116],[114.4592,30.5153],[114.4607,30.5198],[114.4616,30.5258],[114.4648,30.5292],[114.471,30.5314],[114.4818,30.5314]]}},{"type":"Feature","properties":{"daily_trains":33.8,"path_trains":12.0},"geometry":{"type":"LineString","coordinates":[[114.3285,30.468],[114.3259,30.4687],[114.3198,30.4691],[114.3116,30.468],[114.3082,30.4681],[114.302,30.471],[114.3004,30.4727],[114.2996,30.4747],[114.2984,30.4903],[114.2986,30.4963],[114.2974,30.503],[114.2982,30.5098],[114.3013,30.5166],[114.3175,30.5377],[114.3178,30.5404],[114.3165,30.5426],[114.3145,30.5437],[114.3017,30.5471],[114.2891,30.5488],[114.2742,30.5565],[114.2577,30.5539],[114.2547,30.5541],[114.2327,30.5619],[114.2274,30.5672],[114.2268,30.5692],[114.2266,30.5784],[114.2201,30.6031],[114.2201,30.605],[114.2216,30.6085],[114.223,30.6099],[114.2409,30.6189]]}},{"type":"Feature","properties":{"daily_trains":278.9,"path_trains":224.57},"geometry":{"type":"LineString","coordinates":[[114.0545,30.618],[114.0882,30.6063],[114.0966,30.6047],[114.1072,30.6041],[114.1163,30.6049],[114.154,30.6114],[114.1576,30.6128],[114.1675,30.6185],[114.1731,30.6201],[114.2054,30.6202],[114.2231,30.6155],[114.2255,30.616],[114.2304,30.6186],[114.2381,30.618],[114.2493,30.622]]}},{"type":"Feature","properties":{"daily_trains":22.0,"path_trains":166.43},"geometry":{"type":"LineString","coordinates":[[114.4777,30.5315],[114.4719,30.5318]]}},{"type":"Feature","properties":{"daily_trains":93.0,"path_trains":93.0},"geometry":{"type":"LineString","coordinates":[[115.3259,29.7716],[115.3043,29.7757],[115.2708,29.784],[115.2598,29.7887],[115.2427,29.7986],[115.2268,29.8114],[115.2127,29.8188],[115.2063,29.8232],[115.2026,29.8269],[115.199,29.8317],[115.188,29.8518],[115.1831,29.8562],[115.1605,29.8693],[115.1543,29.8707],[115.1355,29.8723],[115.1268,29.8743],[115.1107,29.8812],[115.1028,29.8876],[115.0984,29.8934],[115.0869,29.9121],[115.0836,29.9213],[115.0808,29.936],[115.079,29.9413],[115.0614,29.9767],[115.022,30.0334],[115.0164,30.0437],[115.0126,30.0553],[115.0056,30.1023],[115.0029,30.1102],[114.9931,30.1312]]}},{"type":"Feature","properties":{"daily_trains":78.4,"path_trains":54.0},"geometry":{"type":"LineString","coordinates":[[104.7393,28.7971],[104.7529,28.8154],[104.7646,28.8332],[104.7741,28.8436],[104.7824,28.8503],[104.7909,28.8555],[104.8022,28.8607],[104.8122,28.8636],[104.9169,28.8814],[104.9309,28.882],[105.0069,28.8824],[105.081,28.8902],[105.1948,28.8915],[105.2133,28.8939],[105.2908,28.9061],[105.3382,28.9097],[105.3807,28.9166],[105.39,28.9188],[105.4421,28.9393],[105.4676,28.9481],[105.4744,28.9513],[105.4842,28.957],[105.6102,29.045],[105.7594,29.1359],[105.8165,29.1792],[105.8327,29.1927],[105.9048,29.2566],[105.9114,29.2617],[105.9185,29.2662],[105.9311,29.272],[105.9453,29.2759],[105.9842,29.2827],[106.0257,29.2869],[106.0415,29.29],[106.167,29.3358],[106.1804,29.3398],[106.194,29.342],[106.2686,29.3488],[106.2776,29.3504],[106.2869,29.3535],[106.2948,29.3577],[106.3016,29.3628],[106.3154,29.3782],[106.3242,29.385],[106.3321,29.3886],[106.3742,29.4023],[106.3996,29.4158],[106.4058,29.4208],[106.4148,29.4312],[106.4193,29.4415],[106.4227,29.4554],[106.4261,29.4649],[106.4268,29.4745],[106.4285,29.48],[106.431,29.4939]]}},{"type":"Feature","properties":{"daily_trains":78.4,"path_trains":82.43},"geometry":{"type":"LineString","coordinates":[[104.6248,28.7237],[104.6413,28.7435],[104.6447,28.7463],[104.6502,28.7494],[104.6771,28.7597],[104.6823,28.7605],[104.6951,28.7603],[104.7016,28.7609],[104.7073,28.7625],[104.7137,28.7656],[104.7182,28.7689],[104.7215,28.7727],[104.7394,28.797]]}},{"type":"Feature","properties":{"daily_trains":191.9,"path_trains":168.36},"geometry":{"type":"LineString","coordinates":[[104.7365,29.9967],[104.7571,29.9507],[104.8344,29.8365],[104.8454,29.8219],[104.8533,29.8142],[104.9058,29.7695],[104.9301,29.7431],[104.9829,29.6901],[104.991,29.6831],[105.0474,29.6416],[105.0657,29.6253],[105.1017,29.5968],[105.1386,29.5618],[105.1485,29.5538],[105.1938,29.5228],[105.2239,29.5059],[105.2549,29.4839],[105.2627,29.4791],[105.274,29.4737],[105.3148,29.4593],[105.3271,29.4567],[105.3387,29.4557],[105.4786,29.4514],[105.5068,29.4515],[105.5749,29.4476],[105.5859,29.4461],[105.6113,29.4403],[105.6631,29.4316],[105.7206,29.428],[105.7611,29.4188],[105.8285,29.3986],[105.836,29.3955],[105.8427,29.3919],[105.8568,29.3818],[105.8646,29.377],[105.8763,29.372],[105.892,29.3685],[105.8993,29.3678],[105.9095,29.3682],[105.9185,29.3694],[105.978,29.3816],[106.0658,29.4153],[106.1421,29.4541],[106.2372,29.5171],[106.2473,29.5224],[106.2536,29.5249],[106.2843,29.5344],[106.368,29.5482],[106.383,29.5519],[106.3943,29.5566],[106.3986,29.5562],[106.4223,29.5481],[106.4255,29.5462],[106.4293,29.5422],[106.4307,29.5388],[106.432,29.5328],[106.4301,29.5244],[106.4318,29.5063],[106.4284,29.48],[106.4276,29.4674],[106.4262,29.4601],[106.4267,29.4539],[106.4263,29.4475],[106.4283,29.437],[106.4273,29.4176],[106.4292,29.4037],[106.4293,29.3978],[106.4243,29.3725],[106.4238,29.3667],[106.4246,29.3612],[106.4318,29.3347],[106.4444,29.2661],[106.4465,29.2608],[106.45,29.2545],[106.5,29.1851],[106.5209,29.1626],[106.5285,29.1568],[106.539,29.1511]]}},{"type":"Feature","properties":{"daily_trains":58.0,"path_trains":193.86},"geometry":{"type":"LineString","coordinates":[[106.4303,29.4932],[106.4306,29.494]]}},{"type":"Feature","properties":{"daily_trains":78.4,"path_trains":82.43},"geometry":{"type":"LineString","coordinates":[[104.7393,28.7971],[104.7394,28.797]]}},{"type":"Feature","properties":{"daily_trains":94.9,"path_trains":126.28},"geometry":{"type":"LineString","coordinates":[[106.4309,29.515],[106.4299,29.526],[106.4306,29.6012],[106.4313,29.6078],[106.4329,29.6144],[106.4335,29.6261],[106.4312,29.6373],[106.4332,29.6466],[106.4334,29.6536],[106.4363,29.6604],[106.4365,29.6672]]}},{"type":"Feature","properties":{"daily_trains":83.9,"path_trains":154.85},"geometry":{"type":"LineString","coordinates":[[106.437,29.6664],[106.437,29.6664]]}},{"type":"Feature","properties":{"daily_trains":83.9,"path_trains":154.85},"geometry":{"type":"LineString","coordinates":[[106.4364,29.6664],[106.437,29.6664]]}},{"type":"Feature","properties":{"daily_trains":83.9,"path_trains":154.85},"geometry":{"type":"LineString","coordinates":[[106.4365,29.6672],[106.4364,29.6664]]}},{"type":"Feature","properties":{"daily_trains":56.6,"path_trains":55.57},"geometry":{"type":"LineString","coordinates":[[104.8763,29.363],[104.8831,29.3407],[104.8859,29.334],[104.8922,29.3241],[104.9001,29.3158],[104.9285,29.2933],[104.986,29.2449],[105.0159,29.2262],[105.0722,29.1873],[105.0804,29.1829],[105.0918,29.1794],[105.1637,29.1649],[105.2041,29.1605],[105.2475,29.1531],[105.2582,29.1529],[105.2658,29.1546],[105.2706,29.1564],[105.2883,29.1657],[105.2951,29.1678],[105.3018,29.1687],[105.3085,29.1685],[105.3379,29.1648],[105.3458,29.1621],[105.3519,29.1582],[105.3571,29.1527],[105.3595,29.1486],[105.3696,29.1197],[105.3808,29.1],[105.3828,29.0947],[105.3837,29.0903],[105.3774,28.9516],[105.3784,28.9434],[105.3832,28.928],[105.3844,28.9249],[105.387,28.9224],[105.39,28.9211],[105.3934,28.9208],[105.3976,28.9219],[105.4257,28.9328]]}},{"type":"Feature","properties":{"daily_trains":97.0,"path_trains":97.29},"geometry":{"type":"LineString","coordinates":[[104.7473,28.8079],[104.7548,28.8183],[104.7799,28.8593],[104.8082,28.8982],[104.8165,28.9086],[104.8275,28.9195],[104.8577,28.9458],[104.8681,28.9558],[104.9099,29.0035],[104.9152,29.011],[104.919,29.019],[104.9224,29.0304],[104.9231,29.036],[104.9246,29.1545],[104.9302,29.2106],[104.9279,29.2343],[104.925,29.2463],[104.9216,29.2552],[104.8905,29.3181],[104.8695,29.3859],[104.8616,29.4176],[104.8581,29.4265],[104.8529,29.4357],[104.8462,29.4449],[104.8416,29.45],[104.8297,29.4605],[104.7681,29.4996],[104.761,29.5048],[104.7537,29.5115],[104.7483,29.5179],[104.7437,29.5251],[104.7396,29.5332],[104.7312,29.5618],[104.7289,29.5719],[104.7281,29.5805],[104.7279,29.6022],[104.725,29.6172],[104.7218,29.627],[104.6915,29.708],[104.6756,29.7529],[104.6688,29.7766],[104.6662,29.7828],[104.6624,29.7896],[104.6463,29.8093],[104.6392,29.8204],[104.6341,29.8337],[104.6292,29.8598],[104.6247,29.8732],[104.6185,29.8837],[104.5997,29.9103],[104.594,29.9235],[104.592,29.9317],[104.5886,29.9577],[104.5873,29.9918],[104.5853,30.0053],[104.5827,30.015],[104.5669,30.0578],[104.5547,30.0975],[104.5511,30.1126],[104.5382,30.1776],[104.5279,30.2051],[104.5247,30.2114],[104.5186,30.2204],[104.4837,30.2614],[104.4277,30.3364],[104.4215,30.3429],[104.4153,30.3483],[104.4084,30.353],[104.4006,30.3572],[104.3861,30.3627],[104.3756,30.3649],[104.3671,30.3659],[104.3098,30.368],[104.2437,30.3672],[104.2211,30.3697],[104.2086,30.3725],[104.1968,30.3763],[104.1696,30.3871],[104.1332,30.4001],[104.1298,30.4023],[104.1279,30.4062],[104.128,30.4182],[104.1244,30.4312],[104.1206,30.449],[104.1183,30.4723],[104.1194,30.4835],[104.1242,30.4991],[104.1272,30.5196],[104.1307,30.5357],[104.131,30.5562],[104.1338,30.5713],[104.1319,30.5768],[104.126,30.5861],[104.1129,30.5985],[104.112,30.601],[104.1127,30.6041],[104.1142,30.6059],[104.1223,30.6087],[104.1245,30.6101],[104.1321,30.6205],[104.1353,30.6259]]}},{"type":"Feature","properties":{"daily_trains":275.7,"path_trains":423.29},"geometry":{"type":"LineString","coordinates":[[104.132,30.6198],[104.1249,30.6097],[104.1223,30.6082],[104.1155,30.6065],[104.1127,30.6036],[104.1123,30.6012],[104.1132,30.5989],[104.1209,30.5917]]}},{"type":"Feature","properties":{"daily_trains":82.9,"path_trains":278.14},"geometry":{"type":"LineString","coordinates":[[104.1309,30.5795],[104.1263,30.5863],[104.1209,30.5917]]}},{"type":"Feature","properties":{"daily_trains":54.1,"path_trains":93.43},"geometry":{"type":"LineString","coordinates":[[105.4246,28.9324],[105.4116,28.9275]]}},{"type":"Feature","properties":{"daily_trains":82.9,"path_trains":280.14},"geometry":{"type":"LineString","coordinates":[[104.1312,30.578],[104.1303,30.5795]]}},{"type":"Feature","properties":{"daily_trains":56.6,"path_trains":54.0},"geometry":{"type":"LineString","coordinates":[[105.4257,28.9327],[105.4257,28.9328]]}},{"type":"Feature","properties":{"daily_trains":54.1,"path_trains":105.43},"geometry":{"type":"LineString","coordinates":[[104.8844,29.3373],[104.8843,29.3375]]}},{"type":"Feature","properties":{"daily_trains":82.9,"path_trains":278.14},"geometry":{"type":"LineString","coordinates":[[104.1309,30.5795],[104.1303,30.5795]]}},{"type":"Feature","properties":{"daily_trains":92.9,"path_trains":76.0},"geometry":{"type":"LineString","coordinates":[[112.2812,32.009],[112.2371,31.9746],[112.2294,31.9671],[112.2019,31.9299],[112.1991,31.9247],[112.1899,31.9031],[112.184,31.8936],[112.1757,31.885],[112.1455,31.8591],[112.1398,31.8549],[112.1296,31.8492],[112.12,31.8456],[112.0027,31.8118],[111.9442,31.8032],[111.9316,31.8018],[111.9195,31.8019],[111.8835,31.8039],[111.8422,31.8032],[111.832,31.8039],[111.8222,31.8057],[111.7971,31.8137],[111.7883,31.8157],[111.7777,31.817],[111.7672,31.8169],[111.7552,31.8153],[111.7441,31.8121],[111.6984,31.791],[111.6895,31.788],[111.6795,31.7858],[111.6431,31.7834],[111.6177,31.7834],[111.5927,31.7793],[111.5815,31.7786],[111.5019,31.785],[111.4874,31.7848],[111.4776,31.7833],[111.4457,31.7756],[111.3667,31.7665],[111.3115,31.75],[111.2964,31.7472],[111.2849,31.7468],[111.2575,31.7484],[111.2113,31.7438],[111.1875,31.7428],[111.0791,31.7477],[110.9871,31.746],[110.979,31.7453],[110.9699,31.7436],[110.9621,31.7413],[110.9538,31.7379],[110.9438,31.7323],[110.933,31.723],[110.926,31.7144],[110.9202,31.7036],[110.9178,31.6964],[110.9166,31.6903],[110.9136,31.6547],[110.9116,31.6395],[110.9044,31.6064],[110.8973,31.5888],[110.8481,31.4886],[110.8435,31.474],[110.8337,31.4295],[110.8305,31.4211],[110.8253,31.4123],[110.8204,31.4063],[110.7664,31.347],[110.7556,31.3361],[110.7341,31.3181],[110.7243,31.3108],[110.7158,31.3062],[110.6948,31.2971],[110.6826,31.2893],[110.6744,31.2815],[110.6604,31.2643],[110.59,31.1954],[110.5841,31.1907],[110.5769,31.1862],[110.5698,31.1828],[110.5614,31.1798],[110.5524,31.1777],[110.5422,31.1765],[110.4442,31.174],[110.364,31.1608],[110.3426,31.1549],[110.3286,31.153],[110.2849,31.1527],[110.1793,31.1647],[110.1709,31.1651],[110.1614,31.1645],[110.152,31.1628],[110.1422,31.1598],[110.0434,31.1195],[110.0256,31.1151],[110.0077,31.1134],[109.9923,31.1141],[109.978,31.1165],[109.8035,31.1605],[109.7857,31.1627],[109.7674,31.1623],[109.7528,31.1599],[109.739,31.156],[109.6394,31.1137],[109.5791,31.0954],[109.5684,31.0915],[109.5592,31.0872],[109.5506,31.0822],[109.5096,31.0541],[109.5007,31.0496],[109.4927,31.0466],[109.4843,31.0445],[109.4758,31.0433],[109.4207,31.0408],[109.4105,31.0396],[109.3486,31.0231],[109.1927,30.9913],[109.1729,30.9899],[109.1338,30.9918],[109.1211,30.9914],[109.1069,30.9895],[109.0798,30.9835],[109.0481,30.9801],[109.0374,30.9797],[109.0275,30.9801],[109.0164,30.9815],[108.9688,30.9918],[108.9578,30.9929],[108.9463,30.993],[108.9298,30.9912],[108.865,30.9784],[108.85,30.9773],[108.8404,30.9781],[108.7987,30.9841],[108.7882,30.9873],[108.7663,30.9966],[108.7515,31.0001],[108.7423,31.0008],[108.7266,31.0006],[108.7061,31.0002],[108.6963,30.9992],[108.6845,30.9964],[108.5792,30.9611],[108.503,30.9332],[108.4941,30.929],[108.4849,30.9235],[108.4442,30.8939],[108.4343,30.8883],[108.4218,30.8829],[108.4092,30.8787],[108.3274,30.8557],[108.2554,30.8312],[108.2314,30.8207],[108.2172,30.8131],[108.1977,30.7997],[108.176,30.7878],[108.1516,30.7695],[108.1236,30.7525],[108.1082,30.7459],[108.0923,30.7422],[108.0761,30.7412],[107.9598,30.7496],[107.947,30.7498],[107.9363,30.749],[107.9248,30.7471],[107.9154,30.7445],[107.9045,30.7405],[107.8598,30.7199],[107.8453,30.7115],[107.8283,30.699],[107.823,30.6939],[107.8184,30.6872],[107.8122,30.6738],[107.8085,30.6689],[107.8044,30.6652],[107.7994,30.6619],[107.7853,30.6551],[107.7381,30.6282],[107.7068,30.6061],[107.6982,30.5979],[107.6755,30.5694],[107.665,30.5588],[107.6563,30.5523],[107.6259,30.5333],[107.6144,30.5254],[107.5775,30.497],[107.559,30.4808],[107.5375,30.4662],[107.4914,30.4306],[107.4825,30.4218],[107.4154,30.3442],[107.4044,30.3329],[107.3168,30.2661],[107.3055,30.2558],[107.2978,30.2458],[107.2106,30.1137],[107.2052,30.1038],[107.2018,30.0957],[107.1931,30.0612],[107.1917,30.0532],[107.1912,30.0459],[107.1928,30.0322],[107.2007,30.0009],[107.2015,29.9929],[107.2013,29.9842],[107.1981,29.954],[107.197,29.9484],[107.1928,29.939],[107.1864,29.931],[107.1785,29.9248],[107.1533,29.9108],[107.1318,29.896],[107.1165,29.8887],[107.1094,29.886],[107.0996,29.8837],[107.0899,29.8829],[107.0486,29.8857],[107.0323,29.885],[107.0217,29.8829],[107.0116,29.8798],[107.0017,29.8753],[106.9928,29.8699],[106.9841,29.8629],[106.9761,29.8542],[106.9605,29.8292],[106.9463,29.8108],[106.9417,29.8015],[106.9337,29.778],[106.9199,29.7518],[106.9093,29.7276],[106.8949,29.7034],[106.8907,29.698],[106.887,29.6944],[106.8816,29.6905],[106.8581,29.678],[106.8426,29.672],[106.8283,29.6678],[106.812,29.6617],[106.7963,29.6569]]}},{"type":"Feature","properties":{"daily_trains":94.9,"path_trains":180.42},"geometry":{"type":"LineString","coordinates":[[107.0602,29.8848],[107.0606,29.8844]]}},{"type":"Feature","properties":{"daily_trains":7.0,"path_trains":7.0},"geometry":{"type":"LineString","coordinates":[[114.3875,30.4654],[114.387,30.4627],[114.3841,30.4601],[114.3832,30.4584],[114.3771,30.4397],[114.3753,30.436],[114.3733,30.4281],[114.3689,30.422],[114.3671,30.4125],[114.3605,30.4061],[114.3561,30.4008],[114.3429,30.38],[114.3404,30.3738],[114.3386,30.3404],[114.337,30.3266],[114.3394,30.3011],[114.34,30.2499],[114.3388,30.2423],[114.3287,30.1957],[114.3279,30.1863],[114.3285,30.179],[114.3305,30.1712],[114.3438,30.1378],[114.3461,30.1305],[114.3489,30.1143],[114.3535,30.0975],[114.356,30.0643],[114.37,30.0071],[114.3707,29.9998],[114.3705,29.9938],[114.3658,29.9691],[114.3651,29.9594],[114.3658,29.9516],[114.3714,29.9226],[114.3711,29.9102],[114.3691,29.9018],[114.3663,29.8954],[114.3626,29.8894],[114.3569,29.8825],[114.3525,29.8785],[114.3367,29.8669],[114.3127,29.8507],[114.3058,29.8446]]}},{"type":"Feature","properties":{"daily_trains":7.0,"path_trains":16.0},"geometry":{"type":"LineString","coordinates":[[114.3771,30.4692],[114.3837,30.471],[114.3854,30.4708],[114.3874,30.469],[114.3875,30.4654]]}},{"type":"Feature","properties":{"daily_trains":99.9,"path_trains":317.14},"geometry":{"type":"LineString","coordinates":[[114.4225,30.5982],[114.4063,30.6453],[114.3942,30.6689],[114.375,30.6946],[114.3725,30.6966],[114.3701,30.6974],[114.3585,30.6974],[114.3553,30.6963],[114.3529,30.6942],[114.3402,30.6584],[114.3321,30.6452],[114.3304,30.6434],[114.3175,30.638],[114.3032,30.6345],[114.2995,30.633],[114.2631,30.625]]}},{"type":"Feature","properties":{"daily_trains":415.3,"path_trains":269.14},"geometry":{"type":"LineString","coordinates":[[114.2493,30.6219],[114.2803,30.6295],[114.2904,30.6326],[114.3042,30.6351],[114.3166,30.6381]]}},{"type":"Feature","properties":{"daily_trains":99.4,"path_trains":317.14},"geometry":{"type":"LineString","coordinates":[[114.3793,30.6894],[114.3792,30.6894]]}},{"type":"Feature","properties":{"daily_trains":99.4,"path_trains":182.86},"geometry":{"type":"LineString","coordinates":[[114.3415,30.6626],[114.3416,30.6622]]}},{"type":"Feature","properties":{"daily_trains":80.6,"path_trains":45.86},"geometry":{"type":"LineString","coordinates":[[114.0545,30.618],[114.0227,30.6296],[114.0091,30.6376],[114.0049,30.6408],[114.0015,30.6442],[113.9749,30.678],[113.9583,30.7112],[113.9528,30.7153],[113.9469,30.7171],[113.9405,30.7167],[113.9036,30.7074],[113.8895,30.7057],[113.8764,30.7055],[113.6192,30.7276],[113.5412,30.7292],[113.5283,30.7284],[113.4518,30.7194],[113.3305,30.6964],[113.3188,30.6948],[113.2365,30.6945],[113.2204,30.6966],[113.1824,30.7049],[113.1717,30.7085],[113.0998,30.737],[113.0845,30.745],[112.93,30.8585],[112.9224,30.8629],[112.8865,30.881],[112.8516,30.9018],[112.8272,30.9141],[112.7857,30.9403],[112.7667,30.9556],[112.7225,30.9865],[112.6777,31.0272],[112.6678,31.034],[112.6548,31.0405],[112.6412,31.0449],[112.6085,31.052],[112.594,31.0544],[112.5664,31.0575],[112.536,31.0641],[112.5264,31.0648],[112.4915,31.0648],[112.4806,31.0659],[112.4528,31.0723],[112.3968,31.0816],[112.3664,31.09],[112.354,31.0924],[112.3434,31.0932],[112.2466,31.0955],[112.2346,31.0951],[112.2239,31.0938],[112.1976,31.0877],[112.1659,31.0758],[112.1565,31.0717],[112.1489,31.0673],[112.139,31.06],[112.1287,31.0483],[112.1174,31.0297],[112.0921,30.9629],[112.0861,30.9502],[112.079,30.9406],[112.0713,30.9328],[112.0627,30.9263],[112.0539,30.9213],[112.0458,30.9177],[112.0383,30.9153],[111.8917,30.8757],[111.8506,30.8674],[111.8216,30.8634],[111.7794,30.8547],[111.7257,30.8364],[111.6665,30.8236],[111.6453,30.8177],[111.6336,30.8131],[111.5887,30.7909],[111.5531,30.7763],[111.5299,30.7644],[111.5172,30.7582],[111.5091,30.7551],[111.4917,30.7509],[111.438,30.744],[111.4247,30.7403],[111.4067,30.7314],[111.4016,30.7274],[111.3914,30.7152],[111.3727,30.6872],[111.3593,30.675],[111.352,30.6694],[111.3514,30.6679],[111.352,30.6659],[111.3557,30.6636]]}},{"type":"Feature","properties":{"daily_trains":150.3,"path_trains":140.28},"geometry":{"type":"LineString","coordinates":[[103.8167,30.0645],[103.8047,30.0425],[103.7947,30.0266],[103.7915,30.0195],[103.7894,30.0129],[103.7864,29.9955],[103.7727,29.9348],[103.7707,29.9233],[103.7691,29.9077],[103.7709,29.8713],[103.7621,29.8247],[103.7593,29.817],[103.7354,29.7619],[103.7331,29.7529],[103.7303,29.7078],[103.7338,29.6708],[103.7323,29.6575],[103.7282,29.6451],[103.6941,29.5696]]}},{"type":"Feature","properties":{"daily_trains":105.4,"path_trains":93.43},"geometry":{"type":"LineString","coordinates":[[104.6117,28.7214],[104.5676,28.7452],[104.5607,28.7504],[104.5388,28.7698],[104.5299,28.7769],[104.4928,28.7998],[104.4817,28.8048],[104.4447,28.819],[104.3822,28.8386],[104.3722,28.8436],[104.3424,28.8631],[104.3352,28.8689],[104.3298,28.8745],[104.3252,28.8805],[104.3215,28.8869],[104.3188,28.893],[104.3163,28.9022],[104.3024,28.9686],[104.2974,28.9808],[104.2881,28.9947],[104.2812,29.0019],[104.2675,29.0144],[104.2532,29.0258],[104.24,29.041],[104.2332,29.0478],[104.1843,29.0868],[104.1759,29.0946],[104.1696,29.1028],[104.16,29.1218],[104.1519,29.1352],[104.1459,29.1427],[104.1234,29.1678],[104.1001,29.1995],[104.0917,29.208],[104.0523,29.2432],[104.0454,29.2511],[104.0376,29.2625],[104.0291,29.2729],[103.9979,29.3028],[103.953,29.3568],[103.9365,29.3792],[103.9321,29.3841],[103.9284,29.3878],[103.9143,29.3988],[103.9062,29.4033],[103.8968,29.407],[103.8192,29.4268],[103.8114,29.428],[103.7936,29.4291],[103.7764,29.4323],[103.7666,29.4358],[103.7593,29.4405],[103.7536,29.4461],[103.7494,29.4525],[103.7448,29.4633],[103.7406,29.4785],[103.7369,29.4855],[103.7306,29.4928],[103.7115,29.5088],[103.7058,29.5156],[103.7004,29.5244],[103.6972,29.5318],[103.6913,29.5519],[103.6916,29.5617],[103.6941,29.5695]]}},{"type":"Feature","properties":{"daily_trains":151.3,"path_trains":115.86},"geometry":{"type":"LineString","coordinates":[[104.6306,28.7113],[104.6779,28.6861],[104.6954,28.6789],[104.7483,28.667],[104.7985,28.6606],[104.8093,28.6584],[104.823,28.654],[104.8622,28.6382],[104.8705,28.6342],[104.9405,28.5922],[104.9644,28.5748],[104.9737,28.569],[104.9877,28.5629],[105.024,28.5506],[105.0316,28.5471],[105.0416,28.5412],[105.0996,28.4973],[105.1339,28.4756],[105.1843,28.4376],[105.1928,28.4327],[105.2179,28.4209],[105.2248,28.4165],[105.2327,28.4095],[105.2381,28.4037],[105.2424,28.3967],[105.2462,28.3885],[105.2485,28.381],[105.2497,28.3741],[105.2498,28.3622],[105.2408,28.3222],[105.2387,28.315],[105.2321,28.2991],[105.222,28.2821],[105.219,28.276],[105.215,28.2653],[105.2136,28.258],[105.2129,28.25],[105.213,28.239],[105.217,28.1818],[105.2191,28.1706],[105.2194,28.1639],[105.2185,28.1539],[105.215,28.1423],[105.2099,28.1326],[105.2037,28.125],[105.1982,28.1201],[105.139,28.0745],[105.1164,28.0527],[105.111,28.0465],[105.0998,28.0315],[105.0951,28.0216],[105.0931,28.0153],[105.0921,28.0088],[105.092,28.0008],[105.0934,27.9899],[105.0937,27.9823],[105.0931,27.9753],[105.0914,27.9686],[105.0871,27.959],[105.081,27.9488],[105.0543,27.9119],[105.0498,27.9024],[105.0483,27.8965],[105.0475,27.888],[105.048,27.8788],[105.0617,27.7811],[105.0617,27.7743],[105.0588,27.7395],[105.0599,27.723],[105.0623,27.7104],[105.0689,27.6891],[105.0742,27.6787],[105.0834,27.6668],[105.1052,27.6408],[105.109,27.6357],[105.1158,27.6231],[105.1195,27.611],[105.1237,27.5845],[105.1263,27.5394],[105.1277,27.5297],[105.1324,27.5134],[105.1404,27.4918],[105.1454,27.4832],[105.1515,27.4759],[105.1688,27.4619],[105.1918,27.4483],[105.1999,27.4419],[105.2388,27.403],[105.2642,27.3804],[105.2695,27.3749],[105.2756,27.3672],[105.2885,27.3452],[105.2958,27.3361],[105.3463,27.2885],[105.3551,27.2821],[105.3641,27.2772],[105.3729,27.2736],[105.3868,27.27],[105.4601,27.2593],[105.4698,27.2573],[105.4841,27.2524],[105.5387,27.2289],[105.606,27.2062],[105.6157,27.204],[105.6777,27.1937],[105.6862,27.1912],[105.6977,27.1868],[105.7069,27.1817],[105.7163,27.1749],[105.7354,27.157],[105.7544,27.1418],[105.7672,27.1327],[105.7806,27.125],[105.789,27.1215],[105.7972,27.1193],[105.8323,27.1142],[105.84,27.1126],[105.8494,27.1092],[105.8629,27.1025],[105.8987,27.0777],[105.9308,27.0493],[105.9374,27.0442],[105.9939,27.0104],[106.0633,26.9792],[106.0931,26.9613],[106.1411,26.941],[106.1534,26.9373],[106.1888,26.93],[106.2197,26.9249],[106.2335,26.9202],[106.2479,26.9133],[106.2649,26.9026],[106.3123,26.868],[106.3642,26.8187],[106.3883,26.7899],[106.3971,26.7815],[106.4192,26.7672],[106.4422,26.7538],[106.4838,26.7375],[106.5162,26.7239],[106.5307,26.7195],[106.57,26.7137],[106.6113,26.7104],[106.6317,26.7111],[106.6365,26.7108],[106.6687,26.7044],[106.6727,26.7027],[106.6762,26.7001],[106.6955,26.6805]]}},{"type":"Feature","properties":{"daily_trains":81.4,"path_trains":132.86},"geometry":{"type":"LineString","coordinates":[[104.6117,28.7214],[104.6306,28.7113]]}},{"type":"Feature","properties":{"daily_trains":187.1,"path_trains":170.35},"geometry":{"type":"LineString","coordinates":[[104.707,31.4617],[104.7115,31.4616],[104.7217,31.4636],[104.7267,31.4666],[104.7288,31.4699],[104.73,31.4827],[104.729,31.4874],[104.7173,31.5105],[104.7149,31.5176],[104.7146,31.5241],[104.7167,31.5545],[104.7166,31.5595],[104.7126,31.5783],[104.7078,31.5947],[104.7058,31.625],[104.704,31.6353],[104.6986,31.6543],[104.6985,31.6618],[104.7007,31.687],[104.7035,31.6941],[104.7085,31.7008],[104.716,31.7066],[104.7302,31.715],[104.735,31.7193],[104.738,31.7229],[104.7416,31.7294],[104.7459,31.7463],[104.7496,31.755],[104.7832,31.8066],[104.792,31.817],[104.7978,31.8213],[104.8182,31.8339],[104.8783,31.8694],[104.9129,31.8833],[104.9523,31.8946],[104.9644,31.899],[105.0106,31.9232],[105.0189,31.9285],[105.0313,31.9394],[105.0562,31.971],[105.0621,31.9772],[105.1217,32.0277],[105.1443,32.0425],[105.1801,32.0731],[105.2749,32.152],[105.4484,32.2692],[105.4649,32.2777],[105.5027,32.2926],[105.5144,32.2957],[105.5457,32.3014],[105.5592,32.3064],[105.5657,32.3097],[105.5733,32.3147],[105.6012,32.3394],[105.6118,32.3463],[105.6261,32.3522],[105.671,32.3631],[105.6856,32.3686],[105.6922,32.3723],[105.7179,32.3896],[105.7252,32.3962],[105.7358,32.4077],[105.7412,32.4127],[105.7469,32.4167],[105.7596,32.4234],[105.7879,32.4326],[105.7999,32.4388],[105.8312,32.4645],[105.8356,32.4687],[105.8398,32.4741],[105.8432,32.4798],[105.8457,32.4861],[105.8538,32.5187],[105.8592,32.5301],[105.8651,32.5377],[105.8752,32.5471],[105.9124,32.5717],[105.9238,32.5804],[105.9311,32.5871],[105.9434,32.6014],[105.9741,32.6451],[105.9814,32.653],[105.9893,32.6603],[106.0025,32.6703],[106.0105,32.6751],[106.058,32.6993],[106.0818,32.7158],[106.1025,32.732],[106.1244,32.7447],[106.1946,32.7786],[106.2964,32.829],[106.3222,32.8398],[106.3491,32.8538],[106.3589,32.858],[106.4117,32.8759],[106.5387,32.9206],[106.5521,32.9269],[106.6012,32.9552],[106.6137,32.9613],[106.6331,32.9668],[106.6902,32.9772],[106.7068,32.9817],[106.7201,32.9875],[106.7835,33.0197],[106.9305,33.0693],[106.9406,33.0732],[106.9684,33.0857],[106.9771,33.0886],[106.9868,33.0908],[106.9973,33.0921],[107.0447,33.0929],[107.0765,33.0955],[107.084,33.0967],[107.0922,33.099],[107.1018,33.103],[107.1079,33.1066],[107.192,33.162],[107.203,33.1676],[107.2151,33.1722],[107.2305,33.1757],[107.4342,33.2063],[107.4455,33.2091],[107.4924,33.2239],[107.5394,33.2332],[107.5552,33.2372],[107.5657,33.2409],[107.5766,33.2463],[107.5844,33.2508],[107.5968,33.2596],[107.6262,33.2871],[107.6361,33.2941],[107.7208,33.3442],[107.7642,33.3675],[107.8611,33.4255],[107.9754,33.499],[108.1136,33.5888],[108.1294,33.5981],[108.1464,33.6052],[108.1559,33.6098],[108.2665,33.6775],[108.2808,33.6872],[108.2948,33.699],[108.338,33.746],[108.3498,33.7569],[108.4426,33.8291],[108.457,33.8374],[108.4724,33.8436],[108.4878,33.8508],[108.4942,33.8551],[108.5001,33.8603],[108.508,33.8699],[108.514,33.8806],[108.5167,33.8877],[108.5354,33.9474],[108.5392,33.956],[108.5449,33.9649],[108.5528,33.9735],[108.5594,33.9793],[108.5679,33.985],[108.5747,33.9887],[108.5901,33.9945],[108.6112,33.9988],[108.6254,34.0032],[108.6396,34.0105],[108.6459,34.0147],[108.653,34.0207],[108.6635,34.0333],[108.6677,34.0406],[108.6709,34.0487],[108.6733,34.0586],[108.6764,34.0861]]}},{"type":"Feature","properties":{"daily_trains":240.1,"path_trains":206.42},"geometry":{"type":"LineString","coordinates":[[104.1448,30.6438],[104.149,30.6538],[104.1516,30.6639],[104.1539,30.67],[104.1546,30.6747],[104.1539,30.688],[104.1477,30.7007],[104.1463,30.7057],[104.146,30.7204],[104.1473,30.7274],[104.153,30.7398],[104.1629,30.7569],[104.1693,30.7657],[104.1768,30.7799],[104.1985,30.8109],[104.2022,30.8176],[104.2045,30.8256],[104.2068,30.848],[104.2078,30.853],[104.2101,30.8594],[104.2173,30.8732],[104.2193,30.8782],[104.2273,30.9134],[104.2519,30.9627],[104.2607,30.9936],[104.2649,31.0009],[104.2912,31.0356],[104.3084,31.0629],[104.3315,31.0865],[104.3776,31.1441],[104.3825,31.1536],[104.3904,31.1823],[104.3929,31.1881],[104.3959,31.1928],[104.4253,31.225],[104.4331,31.2323],[104.4537,31.2463],[104.46,31.2494],[104.4749,31.2551],[104.4832,31.26],[104.488,31.264],[104.4958,31.2732],[104.5013,31.2786],[104.5177,31.2901],[104.5216,31.2936],[104.5399,31.316],[104.5492,31.3341],[104.5538,31.3405],[104.5828,31.3685],[104.6066,31.3984],[104.6292,31.4228],[104.6355,31.4271],[104.6564,31.4392],[104.6833,31.4589],[104.6884,31.461],[104.6927,31.4619],[104.707,31.4617]]}},{"type":"Feature","properties":{"daily_trains":38.1,"path_trains":84.86},"geometry":{"type":"LineString","coordinates":[[103.5717,29.5777],[103.5838,29.5731],[103.5928,29.571],[103.665,29.5617],[103.6718,29.5617],[103.6817,29.5639],[103.69,29.5685],[103.6936,29.572],[103.6966,29.576],[103.7024,29.5886]]}},{"type":"Feature","properties":{"daily_trains":38.1,"path_trains":38.14},"geometry":{"type":"LineString","coordinates":[[103.5717,29.5777],[103.56,29.582],[103.5496,29.5843],[103.5148,29.5867],[103.5064,29.5868],[103.4923,29.5854],[103.4806,29.5867],[103.4761,29.5856],[103.4707,29.5824]]}},{"type":"Feature","properties":{"daily_trains":38.1,"path_trains":131.57},"geometry":{"type":"LineString","coordinates":[[103.7024,29.5886],[103.7026,29.5884]]}},{"type":"Feature","properties":{"daily_trains":26.0,"path_trains":26.0},"geometry":{"type":"LineString","coordinates":[[104.2205,30.9399],[104.1883,30.9515],[104.1833,30.9539],[104.1778,30.9579],[104.1722,30.9641],[104.1642,30.979],[104.1513,30.9956],[104.1473,31.003],[104.1325,31.0385],[104.1244,31.066],[104.116,31.0839],[104.1136,31.0942],[104.1134,31.1007],[104.1143,31.108]]}},{"type":"Feature","properties":{"daily_trains":26.0,"path_trains":24.0},"geometry":{"type":"LineString","coordinates":[[104.1144,31.108],[104.1175,31.124],[104.1223,31.142],[104.1269,31.1524],[104.1291,31.1622],[104.1317,31.1675],[104.135,31.1716],[104.1419,31.1775],[104.1455,31.1816],[104.1507,31.1897],[104.1614,31.2093],[104.1715,31.2214],[104.1782,31.2326],[104.1825,31.2381],[104.1862,31.2417],[104.2239,31.2722],[104.2325,31.2805],[104.2374,31.2889],[104.2448,31.3095],[104.246,31.3145],[104.2465,31.3201],[104.246,31.3261],[104.2363,31.3731],[104.2374,31.4078],[104.24,31.4226],[104.24,31.4289],[104.239,31.4338],[104.2351,31.4454],[104.2336,31.4646],[104.231,31.4779],[104.2263,31.4908],[104.2252,31.4965],[104.2255,31.5025],[104.2287,31.5169],[104.2292,31.522],[104.2283,31.5282],[104.2233,31.5428],[104.2224,31.548],[104.2246,31.5707],[104.2244,31.5756],[104.2233,31.5806],[104.2211,31.5853],[104.2078,31.6047],[104.2061,31.6091],[104.2052,31.6136],[104.2046,31.648],[104.2101,31.6801],[104.2101,31.6853],[104.2089,31.6906],[104.2064,31.6959],[104.2027,31.7008],[104.1976,31.7052],[104.1918,31.7084],[104.0923,31.7429],[104.0837,31.745],[104.0727,31.7455],[104.0618,31.7437],[104.007,31.7219],[103.9969,31.7192],[103.9857,31.718],[103.9757,31.7184],[103.9629,31.7205],[103.94,31.7289],[103.9026,31.7404],[103.8932,31.7442],[103.8849,31.7488],[103.7234,31.8555],[103.719,31.8592],[103.7161,31.8629],[103.7094,31.8748],[103.7067,31.8829],[103.6865,31.9651],[103.6855,31.9731],[103.686,31.9813],[103.6884,31.9906],[103.7709,32.2063],[103.7734,32.217],[103.7731,32.2288],[103.771,32.2371],[103.7671,32.2453],[103.7263,32.3083],[103.7227,32.3161],[103.7216,32.321],[103.7206,32.3318],[103.7236,32.3474],[103.7238,32.354],[103.7222,32.3618],[103.7162,32.3748],[103.7144,32.3819],[103.7144,32.3901],[103.7171,32.4015],[103.7177,32.4072],[103.7171,32.414],[103.7147,32.4209],[103.6483,32.5489],[103.6414,32.5578],[103.6186,32.5797],[103.6064,32.5945],[103.5973,32.6104],[103.5953,32.616]]}},{"type":"Feature","properties":{"daily_trains":26.0,"path_trains":232.43},"geometry":{"type":"LineString","coordinates":[[104.2245,30.9014],[104.2264,30.9113],[104.2312,30.9227],[104.2317,30.9269],[104.2307,30.9307],[104.2286,30.9339],[104.2204,30.9397]]}},{"type":"Feature","properties":{"daily_trains":26.0,"path_trains":26.0},"geometry":{"type":"LineString","coordinates":[[104.2204,30.9397],[104.2205,30.9399]]}},{"type":"Feature","properties":{"daily_trains":26.0,"path_trains":26.0},"geometry":{"type":"LineString","coordinates":[[104.1143,31.108],[104.1144,31.108]]}},{"type":"Feature","properties":{"daily_trains":9.0,"path_trains":6.36},"geometry":{"type":"LineString","coordinates":[[103.5953,32.616],[103.5949,32.6226],[103.5968,32.6293],[103.5999,32.6344],[103.61,32.6459],[103.6122,32.6505],[103.6134,32.6553],[103.6129,32.6627],[103.6069,32.6796],[103.6059,32.6858],[103.6092,32.7045],[103.6111,32.7093],[103.6159,32.718],[103.6175,32.7244],[103.6173,32.7297],[103.6139,32.7447],[103.6145,32.7588],[103.6133,32.7673],[103.6099,32.7764],[103.6045,32.7844],[103.5702,32.8181],[103.5668,32.8222],[103.5632,32.8292],[103.56,32.8414],[103.5585,32.8504],[103.5563,32.8559],[103.5513,32.8621],[103.5366,32.8742],[103.5327,32.8796],[103.5277,32.8885]]}},{"type":"Feature","properties":{"daily_trains":94.1,"path_trains":66.0},"geometry":{"type":"LineString","coordinates":[[106.7273,26.5194],[106.7271,26.5019],[106.7291,26.4907],[106.7288,26.4872],[106.7297,26.4858],[106.7388,26.4843],[106.7499,26.4882],[106.7519,26.4882],[106.7534,26.487],[106.7545,26.4838],[106.7659,26.4734],[106.7778,26.4715],[106.7887,26.4662],[106.7936,26.466],[106.7987,26.4687],[106.8012,26.4692],[106.8095,26.4691],[106.8164,26.466],[106.8265,26.4686],[106.8368,26.4689],[106.8401,26.4682],[106.856,26.4616],[106.8667,26.46],[106.8867,26.4594],[106.8923,26.4617],[106.9018,26.4615],[106.9089,26.4635],[106.9146,26.4626],[106.9206,26.4641],[106.9276,26.4676]]}},{"type":"Feature","properties":{"daily_trains":95.1,"path_trains":38.0},"geometry":{"type":"LineString","coordinates":[[106.9328,26.4691],[106.9382,26.4712],[106.9438,26.4718],[106.9868,26.472],[107.0005,26.4707],[107.0304,26.4652],[107.0371,26.4635],[107.0435,26.461],[107.12,26.4252],[107.1304,26.4173],[107.1358,26.4118],[107.1467,26.393],[107.1521,26.3853],[107.1706,26.3691],[107.1756,26.364],[107.1936,26.3431],[107.2063,26.3268],[107.2123,26.3204],[107.2246,26.3115],[107.2522,26.2957],[107.2718,26.2825],[107.2784,26.2764],[107.2997,26.2525],[107.3043,26.2483],[107.3185,26.2387],[107.365,26.2024],[107.3732,26.197],[107.3767,26.1955],[107.3855,26.1937],[107.4253,26.1901],[107.4475,26.1909],[107.4766,26.1887],[107.4837,26.1887],[107.5123,26.192],[107.5198,26.1922],[107.5314,26.1913],[107.5489,26.1879],[107.5601,26.1838],[107.569,26.1783],[107.6008,26.1532],[107.6112,26.1425],[107.6175,26.133],[107.6221,26.1232],[107.6238,26.1154],[107.6235,26.1069],[107.6154,26.0493],[107.5954,25.9621],[107.5903,25.9449],[107.5711,25.8478],[107.5693,25.8317],[107.5713,25.8131],[107.5751,25.804],[107.5869,25.7844],[107.6023,25.7652],[107.6202,25.7345],[107.6283,25.7259],[107.6486,25.7101],[107.6571,25.702],[107.6818,25.6699],[107.6889,25.6593],[107.6943,25.6465],[107.697,25.6354],[107.6991,25.6001],[107.7034,25.5771],[107.7119,25.5529],[107.7211,25.5308],[107.7313,25.5096],[107.755,25.4643],[107.8078,25.3904],[107.8147,25.3775],[107.8163,25.3702],[107.82,25.3276],[107.8265,25.1901],[107.8285,25.18],[107.8385,25.1505],[107.8543,25.1158],[107.8588,25.1071],[107.8749,25.0844],[107.8867,25.0713],[107.9674,24.998],[107.9775,24.9899],[107.9853,24.9846],[108.1282,24.903],[108.1383,24.8958],[108.1487,24.8865],[108.156,24.8773],[108.1734,24.8451],[108.1776,24.8357],[108.1819,24.8209],[108.1826,24.8081],[108.1759,24.7325],[108.1698,24.6939],[108.1361,24.582],[108.1304,24.5579],[108.116,24.515],[108.1097,24.502],[108.0945,24.4781],[108.0891,24.4687],[108.0842,24.4559],[108.0692,24.4029],[108.0589,24.3259],[108.0569,24.3145],[108.0536,24.303],[108.0397,24.2686],[108.0376,24.2611],[108.0347,24.2391],[108.0342,24.2305],[108.0329,24.1292],[108.0336,24.1166],[108.037,24.1038],[108.0442,24.0871],[108.049,24.0773],[108.0631,24.0529],[108.081,24.0118],[108.0872,24.0021],[108.124,23.9522],[108.1383,23.9261],[108.1417,23.9173],[108.1433,23.9108],[108.1445,23.9007],[108.1457,23.8368],[108.1535,23.7841],[108.1557,23.7757],[108.1583,23.7688],[108.1783,23.7247],[108.183,23.7104],[108.1844,23.7028],[108.1848,23.6919],[108.1827,23.6664],[108.1857,23.6356],[108.1835,23.5749],[108.1826,23.567],[108.1791,23.55],[108.178,23.5403],[108.1761,23.5205],[108.1763,23.5083],[108.1839,23.4553],[108.1861,23.4465],[108.1942,23.4224],[108.1965,23.4135],[108.2056,23.3477],[108.2132,23.3181],[108.2228,23.2656],[108.2345,23.1401],[108.2359,23.1316],[108.2407,23.111],[108.2445,23.0651],[108.2467,23.0527],[108.2545,23.0319],[108.2615,23.0061],[108.2678,22.9926],[108.2759,22.9812],[108.2974,22.9585],[108.3156,22.9331],[108.3243,22.924],[108.3477,22.9057],[108.3749,22.8792],[108.3843,22.8663],[108.3933,22.8603],[108.3943,22.8568],[108.3917,22.8487],[108.392,22.8468],[108.3932,22.8453],[108.3971,22.8439],[108.4192,22.8445]]}},{"type":"Feature","properties":{"daily_trains":231.2,"path_trains":243.57},"geometry":{"type":"LineString","coordinates":[[106.6723,26.5857],[106.6763,26.5936],[106.6766,26.596],[106.6758,26.598],[106.6719,26.602],[106.6704,26.6049]]}},{"type":"Feature","properties":{"daily_trains":115.6,"path_trains":84.43},"geometry":{"type":"LineString","coordinates":[[106.6723,26.5857],[106.67,26.5813],[106.6644,26.574],[106.664,26.5711],[106.6654,26.5684],[106.6682,26.567],[106.6752,26.5667],[106.6825,26.5641],[106.6898,26.5637],[106.6929,26.5625]]}},{"type":"Feature","properties":{"daily_trains":94.1,"path_trains":72.71},"geometry":{"type":"LineString","coordinates":[[106.7273,26.5191],[106.7276,26.5251],[106.7256,26.529],[106.7252,26.5354],[106.7227,26.5372],[106.7182,26.5359],[106.716,26.5368],[106.7119,26.5419],[106.7115,26.5492]]}},{"type":"Feature","properties":{"daily_trains":115.6,"path_trains":243.57},"geometry":{"type":"LineString","coordinates":[[106.6723,26.5857],[106.6723,26.5857]]}},{"type":"Feature","properties":{"daily_trains":164.7,"path_trains":140.65},"geometry":{"type":"LineString","coordinates":[[106.803,26.6454],[106.8063,26.637],[106.8061,26.6281],[106.8031,26.6212],[106.7965,26.6132],[106.7932,26.608],[106.791,26.6024],[106.7898,26.5964],[106.7904,26.5884],[106.7918,26.5828],[106.7956,26.5733],[106.7969,26.564],[106.7946,26.5385],[106.7936,26.5337],[106.7893,26.521],[106.7886,26.5128],[106.7904,26.5042],[106.795,26.4962],[106.8062,26.4856],[106.8145,26.4794],[106.8271,26.4734],[106.8373,26.4706],[106.865,26.465],[106.8794,26.4637],[106.9067,26.4652],[106.9316,26.4706],[106.9443,26.4721],[106.9926,26.4723],[107.0183,26.4733],[107.0286,26.4716],[107.0352,26.4696],[107.1189,26.429],[107.1271,26.4239],[107.1326,26.4192],[107.1381,26.4126],[107.144,26.4029],[107.1651,26.3751],[107.1772,26.3649],[107.2008,26.3398],[107.2102,26.333],[107.2249,26.3264],[107.2403,26.3217],[107.2708,26.3154],[107.2786,26.3145],[107.2925,26.314],[107.3488,26.3145],[107.3602,26.3135],[107.3661,26.3122],[107.3859,26.3056],[107.4119,26.2883],[107.4365,26.2744],[107.4484,26.2653],[107.4589,26.2544],[107.4869,26.2157],[107.4984,26.2063],[107.5038,26.2027],[107.5143,26.1981],[107.5544,26.1866],[107.5594,26.1846],[107.5695,26.1787],[107.601,26.1544],[107.6117,26.1489],[107.6207,26.1463],[107.6393,26.1434],[107.6534,26.1391],[107.7857,26.0864],[107.8004,26.0834],[107.831,26.0788],[107.853,26.0778],[107.8673,26.0761],[107.9264,26.0711],[108.0267,26.0535],[108.2322,26.0123],[108.2423,26.0112],[108.2549,26.0111],[108.2801,26.0128],[108.3245,26.0072],[108.3325,26.0054],[108.3808,25.9907],[108.4181,25.9858],[108.441,25.9809],[108.4538,25.9808],[108.4891,25.9832],[108.5613,25.9931],[108.5697,25.9932],[108.7043,25.9757],[108.7113,25.9739],[108.7338,25.9651],[108.7582,25.9585],[108.8659,25.9474],[108.8736,25.9456],[108.8882,25.9399],[108.8946,25.9385],[109.0238,25.921],[109.0985,25.9137],[109.1255,25.9117],[109.1357,25.9095],[109.144,25.9059],[109.2296,25.8503],[109.2651,25.8339],[109.3361,25.7973],[109.357,25.7893],[109.3623,25.7878],[109.392,25.7869],[109.4063,25.7846],[109.4164,25.7812],[109.4378,25.7713],[109.4909,25.7609],[109.5202,25.7526],[109.5417,25.745],[109.5886,25.7186],[109.622,25.6945],[109.6638,25.6675],[109.6939,25.6519],[109.7094,25.6414],[109.766,25.5943],[109.772,25.5876],[109.7921,25.5576],[109.7957,25.5385],[109.7967,25.5236],[109.7979,25.517],[109.8015,25.5083],[109.804,25.5041],[109.8106,25.4969],[109.8211,25.4901],[109.8291,25.484],[109.8367,25.4808],[109.8472,25.4781],[109.8584,25.4729],[109.9522,25.4072],[109.9734,25.3995],[109.9926,25.3954],[110.0083,25.3928],[110.0514,25.3899],[110.0601,25.3884],[110.0723,25.3837],[110.0971,25.3695],[110.1311,25.3565],[110.1649,25.3461],[110.1876,25.3432],[110.2128,25.3446],[110.2334,25.3489],[110.295,25.3682],[110.3068,25.3704],[110.3332,25.3708],[110.3652,25.374],[110.3753,25.3744],[110.3843,25.3732],[110.3969,25.3692],[110.4078,25.3646],[110.4199,25.3572],[110.4367,25.3414],[110.4719,25.2997],[110.4747,25.2952],[110.4867,25.2708],[110.4964,25.2565],[110.5005,25.2478],[110.5041,25.2333],[110.5052,25.2233],[110.5043,25.215],[110.5019,25.2041],[110.5013,25.1968],[110.5018,25.1891],[110.5052,25.1732],[110.5055,25.1663],[110.5048,25.1599],[110.5002,25.1383],[110.4985,25.1161],[110.4991,25.1058],[110.5022,25.0933],[110.5058,25.0841],[110.5113,25.0758],[110.5184,25.0686],[110.5256,25.0635],[110.5361,25.0538],[110.5438,25.0403],[110.5486,25.0281],[110.5503,25.0212],[110.5505,25.013],[110.5494,25.0048],[110.5492,24.997],[110.5497,24.9914],[110.552,24.9831],[110.5558,24.9751],[110.5662,24.9603],[110.5797,24.9428],[110.5851,24.937],[110.6112,24.9154],[110.6283,24.9085],[110.7106,24.894],[110.7255,24.8894],[110.7484,24.8799],[110.7688,24.8751],[110.7785,24.8718],[110.791,24.869],[110.7992,24.8663],[110.8168,24.8589],[110.8401,24.8463],[110.8551,24.8399],[110.8823,24.8246],[110.9002,24.8173],[110.9099,24.8117],[110.9695,24.7732],[110.9785,24.769],[110.991,24.7644],[111.0184,24.7494],[111.1384,24.7126],[111.1451,24.7087],[111.1536,24.7015],[111.1607,24.6916],[111.1647,24.6824],[111.1743,24.6438],[111.1768,24.629],[111.1793,24.6213],[111.1826,24.615],[111.1869,24.6089],[111.1906,24.6049],[111.1967,24.5999],[111.2114,24.5926],[111.2162,24.5917],[111.2513,24.5898],[111.2599,24.588],[111.2684,24.5849],[111.3046,24.5646],[111.3434,24.5487],[111.4167,24.5123],[111.4385,24.5043],[111.464,24.492],[111.4773,24.4877],[111.5005,24.4815],[111.5117,24.4767],[111.5219,24.4694],[111.5537,24.4401],[111.566,24.4325],[111.5751,24.4299],[111.5933,24.4291],[111.6038,24.4278],[111.6133,24.4247],[111.6202,24.4213],[111.6258,24.4174],[111.632,24.4117],[111.653,24.3841],[111.6592,24.377],[111.6846,24.3575],[111.6922,24.3497],[111.7108,24.3194],[111.7221,24.306],[111.7615,24.2436],[111.8083,24.191],[111.8151,24.1797],[111.8329,24.1415],[111.8375,24.1345],[111.8488,24.1241],[111.9071,24.0911],[111.9475,24.0621],[111.9787,24.0347],[112.0012,24.0188],[112.0176,24.0022],[112.0358,23.9817],[112.0411,23.977],[112.0767,23.9538],[112.0904,23.9412],[112.1007,23.9336],[112.1308,23.9158],[112.1376,23.9102],[112.1604,23.8887]]}},{"type":"Feature","properties":{"daily_trains":111.6,"path_trains":73.71},"geometry":{"type":"LineString","coordinates":[[106.7115,26.5492],[106.7101,26.5524],[106.7053,26.557],[106.6967,26.5602],[106.6928,26.5624]]}},{"type":"Feature","properties":{"daily_trains":80.7,"path_trains":164.57},"geometry":{"type":"LineString","coordinates":[[107.5878,26.1644],[107.5874,26.1638]]}},{"type":"Feature","properties":{"daily_trains":94.1,"path_trains":164.57},"geometry":{"type":"LineString","coordinates":[[106.9277,26.4675],[106.9276,26.4676]]}},{"type":"Feature","properties":{"daily_trains":322.6,"path_trains":348.57},"geometry":{"type":"LineString","coordinates":[[106.6701,26.6047],[106.6713,26.6085],[106.6743,26.6266],[106.6765,26.6318]]}},{"type":"Feature","properties":{"daily_trains":84.9,"path_trains":164.57},"geometry":{"type":"LineString","coordinates":[[106.9711,26.472],[106.971,26.4723]]}},{"type":"Feature","properties":{"daily_trains":94.1,"path_trains":164.57},"geometry":{"type":"LineString","coordinates":[[106.9328,26.4691],[106.9316,26.4691],[106.9277,26.4675]]}},{"type":"Feature","properties":{"daily_trains":94.1,"path_trains":66.0},"geometry":{"type":"LineString","coordinates":[[106.7273,26.5191],[106.7273,26.5194]]}},{"type":"Feature","properties":{"daily_trains":188.9,"path_trains":163.72},"geometry":{"type":"LineString","coordinates":[[105.8452,26.187],[105.859,26.1948],[105.8869,26.2084],[105.8961,26.2121],[105.9137,26.2166],[105.954,26.221],[105.9669,26.2238],[105.9821,26.2294],[106.0187,26.2484],[106.0299,26.2559],[106.0393,26.2647],[106.0441,26.2708],[106.0671,26.3067],[106.0758,26.3165],[106.0833,26.3228],[106.0918,26.3286],[106.1016,26.3337],[106.134,26.3461],[106.1429,26.3502],[106.1566,26.359],[106.174,26.3719],[106.1822,26.3765],[106.1917,26.3807],[106.2063,26.3851],[106.2244,26.3874],[106.274,26.3875],[106.3165,26.3852],[106.3635,26.3881],[106.3753,26.3898],[106.3879,26.3931],[106.4006,26.398],[106.415,26.4051],[106.4419,26.4195],[106.4532,26.4283],[106.4613,26.4367],[106.4699,26.4488],[106.4905,26.488],[106.4951,26.4958],[106.5242,26.5374],[106.5295,26.5434],[106.5363,26.5494],[106.543,26.5539],[106.5692,26.5689],[106.5842,26.5804],[106.5908,26.5831],[106.5957,26.5838],[106.6005,26.5834],[106.6147,26.5789],[106.636,26.5752],[106.6427,26.5755],[106.649,26.5774],[106.6565,26.5812],[106.6603,26.5849],[106.6627,26.5894],[106.6653,26.5978],[106.6704,26.6049]]}},{"type":"Feature","properties":{"daily_trains":88.4,"path_trains":164.57},"geometry":{"type":"LineString","coordinates":[[106.9547,26.4719],[106.9549,26.4722]]}},{"type":"Feature","properties":{"daily_trains":10.7,"path_trains":8.71},"geometry":{"type":"LineString","coordinates":[[106.5386,26.4482],[106.5455,26.4466],[106.5533,26.4464],[106.5574,26.4457],[106.5664,26.4468],[106.5724,26.4456],[106.5747,26.4458],[106.5795,26.4484],[106.5872,26.4499],[106.5953,26.4555],[106.6008,26.4576],[106.6026,26.4589],[106.605,26.4627],[106.6068,26.464],[106.6251,26.464],[106.6413,26.4679],[106.6431,26.4698],[106.6448,26.4783],[106.6462,26.4798],[106.6482,26.4805],[106.6517,26.4796],[106.6543,26.4752],[106.6548,26.4724],[106.6536,26.4678],[106.6546,26.4657],[106.6572,26.4644],[106.6602,26.4653],[106.6614,26.4667],[106.6616,26.4682],[106.6596,26.4727],[106.6599,26.4774],[106.6618,26.4801],[106.6663,26.4821],[106.6678,26.4836],[106.6711,26.502],[106.6713,26.5114],[106.6703,26.5164],[106.6696,26.5328],[106.6792,26.5419],[106.6835,26.5546],[106.6832,26.5568],[106.6811,26.5602],[106.6815,26.5624],[106.6828,26.5634],[106.6847,26.5636],[106.6898,26.5634],[106.6928,26.5624]]}},{"type":"Feature","properties":{"daily_trains":27.4,"path_trains":20.43},"geometry":{"type":"LineString","coordinates":[[106.475,26.4584],[106.474,26.4585],[106.4724,26.4559],[106.4685,26.4529],[106.4674,26.4501],[106.4717,26.4314],[106.4739,26.4281],[106.4769,26.4262],[106.4805,26.4254],[106.4842,26.4259],[106.5084,26.4353],[106.5288,26.4451],[106.5357,26.4471],[106.5418,26.447],[106.5447,26.4463],[106.5489,26.444],[106.5521,26.4408],[106.5558,26.435],[106.5583,26.4323],[106.5806,26.4177],[106.5847,26.4156],[106.599,26.4104],[106.6169,26.3994],[106.6345,26.395],[106.6401,26.3947],[106.6602,26.3998],[106.6902,26.402],[106.6955,26.4029],[106.7187,26.4114],[106.7468,26.43],[106.7503,26.4331],[106.759,26.4438],[106.7683,26.4594],[106.775,26.4692],[106.7791,26.4769],[106.7822,26.4804],[106.7873,26.4833],[106.7927,26.4843],[106.8034,26.4844],[106.8066,26.4836],[106.8101,26.4817]]}},{"type":"Feature","properties":{"daily_trains":10.7,"path_trains":25.43},"geometry":{"type":"LineString","coordinates":[[106.5386,26.4481],[106.5386,26.4482]]}},{"type":"Feature","properties":{"daily_trains":2.0,"path_trains":136.0},"geometry":{"type":"LineString","coordinates":[[106.8145,26.4794],[106.8062,26.4856]]}},{"type":"Feature","properties":{"daily_trains":4.0,"path_trains":84.43},"geometry":{"type":"LineString","coordinates":[[106.6905,26.5633],[106.6906,26.5634]]}},{"type":"Feature","properties":{"daily_trains":10.7,"path_trains":25.43},"geometry":{"type":"LineString","coordinates":[[106.5354,26.4486],[106.5386,26.4481],[106.5351,26.4482]]}},{"type":"Feature","properties":{"daily_trains":16.4,"path_trains":22.43},"geometry":{"type":"LineString","coordinates":[[106.5165,26.4398],[106.5335,26.448],[106.5356,26.4482],[106.5418,26.447]]}},{"type":"Feature","properties":{"daily_trains":2.0,"path_trains":165.29},"geometry":{"type":"LineString","coordinates":[[106.8145,26.4794],[106.8145,26.4794]]}},{"type":"Feature","properties":{"daily_trains":2.0,"path_trains":164.57},"geometry":{"type":"LineString","coordinates":[[106.9524,26.4719],[106.9522,26.4721]]}},{"type":"Feature","properties":{"daily_trains":98.4,"path_trains":419.14},"geometry":{"type":"LineString","coordinates":[[106.6954,26.6806],[106.6957,26.6784],[106.6952,26.6761],[106.6836,26.6538],[106.6827,26.649]]}},{"type":"Feature","properties":{"daily_trains":21.4,"path_trains":186.14},"geometry":{"type":"LineString","coordinates":[[106.4737,26.4573],[106.4738,26.4577]]}},{"type":"Feature","properties":{"daily_trains":98.4,"path_trains":234.0},"geometry":{"type":"LineString","coordinates":[[106.6954,26.6806],[106.7007,26.6766],[106.7048,26.6748],[106.748,26.6658]]}},{"type":"Feature","properties":{"daily_trains":188.4,"path_trains":140.86},"geometry":{"type":"LineString","coordinates":[[106.6765,26.6318],[106.6813,26.6405],[106.6837,26.6526],[106.7087,26.7009],[106.7174,26.7299],[106.7331,26.7558],[106.7368,26.7638],[106.7391,26.7747],[106.7391,26.7925],[106.7404,26.8062],[106.7407,26.8254],[106.7417,26.8341],[106.7437,26.8415],[106.7591,26.8854],[106.7604,26.8905],[106.7605,26.8984],[106.7591,26.9043],[106.7531,26.918],[106.7422,26.9508],[106.7274,26.9823],[106.725,26.9907],[106.7244,27.0031],[106.7269,27.013],[106.73,27.0193],[106.7427,27.0366],[106.7471,27.044],[106.7493,27.0497],[106.7504,27.0555],[106.7495,27.0646],[106.7405,27.0925],[106.7313,27.1124],[106.729,27.1199],[106.7273,27.1319],[106.7277,27.1403],[106.7288,27.1468],[106.7326,27.1574],[106.738,27.1668],[106.7533,27.185],[106.7699,27.2],[106.7759,27.2067],[106.7835,27.2177],[106.7883,27.2278],[106.7915,27.2375],[106.8026,27.2817],[106.8045,27.3027],[106.8102,27.3438],[106.8103,27.3509],[106.8073,27.3694],[106.8069,27.3776],[106.8095,27.4018],[106.8114,27.4092],[106.8173,27.4218],[106.8465,27.4634],[106.851,27.4715],[106.8611,27.4971],[106.8646,27.5179],[106.8672,27.5269],[106.8783,27.549],[106.8905,27.5774],[106.8938,27.5831],[106.9042,27.5981],[106.9132,27.6161],[106.9347,27.6458],[106.9478,27.6735],[106.9534,27.686],[106.9558,27.6952],[106.9566,27.7032],[106.9565,27.7287],[106.9551,27.7392],[106.9469,27.7699],[106.9408,27.8153],[106.9368,27.868],[106.9354,27.8798],[106.9242,27.9401],[106.9206,27.9558],[106.9099,27.9804],[106.9018,28.008],[106.8966,28.0193],[106.8905,28.0275],[106.8842,28.0341],[106.8657,28.0477],[106.8566,28.0571],[106.8373,28.0915],[106.8345,28.1],[106.8334,28.1109],[106.832,28.1418],[106.8322,28.1486],[106.836,28.1715],[106.849,28.2117],[106.8504,28.2203],[106.8506,28.2292],[106.8497,28.2365],[106.8378,28.2909],[106.8328,28.3107],[106.8327,28.3248],[106.829,28.3413],[106.8295,28.3466],[106.8323,28.3556],[106.8331,28.3612],[106.8332,28.366],[106.8324,28.3723],[106.8069,28.4433],[106.8046,28.4516],[106.8028,28.4609],[106.8019,28.4731],[106.8014,28.582],[106.7997,28.6031],[106.7981,28.6118],[106.7955,28.6201],[106.7919,28.6277],[106.787,28.6354],[106.7817,28.6421],[106.7757,28.648],[106.7264,28.6913],[106.7178,28.7005],[106.7126,28.7079],[106.7084,28.7155],[106.7054,28.7233],[106.7032,28.7317],[106.7022,28.7404],[106.7022,28.75],[106.7038,28.7746],[106.7053,28.7842],[106.7099,28.7974],[106.7195,28.8151],[106.7234,28.8236],[106.7266,28.8332],[106.7286,28.8427],[106.7295,28.8522],[106.7294,28.8613],[106.7282,28.8707],[106.726,28.8802],[106.7219,28.8913],[106.7161,28.9024],[106.6902,28.9377],[106.6836,28.9482],[106.6802,28.9564],[106.6733,28.9911],[106.6703,29.0018],[106.6681,29.0073],[106.6467,29.0535],[106.6262,29.0805],[106.6144,29.1023],[106.6046,29.1143],[106.5962,29.1217],[106.5878,29.1279],[106.5768,29.1341],[106.539,29.151]]}},{"type":"Feature","properties":{"daily_trains":21.4,"path_trains":186.14},"geometry":{"type":"LineString","coordinates":[[106.4752,26.4588],[106.4751,26.4589]]}},{"type":"Feature","properties":{"daily_trains":21.4,"path_trains":186.14},"geometry":{"type":"LineString","coordinates":[[106.4751,26.4589],[106.4743,26.4572],[106.4737,26.4573]]}},{"type":"Feature","properties":{"daily_trains":8.7,"path_trains":108.29},"geometry":{"type":"LineString","coordinates":[[106.7891,26.4934],[106.7874,26.4892],[106.7788,26.4752]]}},{"type":"Feature","properties":{"daily_trains":8.7,"path_trains":90.5},"geometry":{"type":"LineString","coordinates":[[106.7891,26.4934],[106.779,26.5056],[106.7693,26.5186],[106.7632,26.5243],[106.7571,26.5279],[106.7472,26.5321],[106.7349,26.5336],[106.7276,26.5358],[106.714,26.546],[106.7119,26.549]]}},{"type":"Feature","properties":{"daily_trains":9.7,"path_trains":9.71},"geometry":{"type":"LineString","coordinates":[[106.6844,26.4016],[106.6862,26.4016]]}},{"type":"Feature","properties":{"daily_trains":9.7,"path_trains":9.71},"geometry":{"type":"LineString","coordinates":[[106.6862,26.4018],[106.6862,26.4016]]}},{"type":"Feature","properties":{"daily_trains":191.9,"path_trains":234.0},"geometry":{"type":"LineString","coordinates":[[106.803,26.6454],[106.8003,26.6498],[106.7977,26.6526],[106.7941,26.6551],[106.7892,26.6572],[106.7205,26.6718],[106.7119,26.672],[106.7035,26.6695],[106.6989,26.6666],[106.697,26.6647],[106.6922,26.6585],[106.6822,26.6431],[106.6765,26.6318]]}},{"type":"Feature","properties":{"daily_trains":112.1,"path_trains":234.0},"geometry":{"type":"LineString","coordinates":[[106.803,26.6454],[106.803,26.6454]]}},{"type":"Feature","properties":{"daily_trains":32.1,"path_trains":31.57},"geometry":{"type":"LineString","coordinates":[[105.8454,26.1869],[105.8419,26.1845],[105.8342,26.1767],[105.8308,26.1744],[105.8239,26.1721],[105.8171,26.1722],[105.7863,26.1806],[105.7702,26.1832],[105.739,26.1913],[105.7056,26.2031],[105.6647,26.2146],[105.6428,26.2177],[105.6073,26.2173],[105.5814,26.22],[105.571,26.2192],[105.5508,26.2145],[105.542,26.2112],[105.5291,26.2009],[105.5205,26.192],[105.5059,26.183],[105.5002,26.1816],[105.4934,26.1812],[105.4875,26.1818],[105.4814,26.1833],[105.4716,26.1883],[105.4629,26.1967],[105.4576,26.2032],[105.4516,26.2148],[105.4479,26.2196],[105.4406,26.2259],[105.419,26.2417],[105.4146,26.2442],[105.4089,26.2462],[105.3831,26.2521],[105.3491,26.254],[105.34,26.2567],[105.336,26.26],[105.3185,26.2878],[105.3132,26.2936],[105.3086,26.2967],[105.2823,26.3096],[105.258,26.3274],[105.2438,26.3349],[105.2365,26.3396],[105.2301,26.3468],[105.2181,26.3711],[105.2091,26.3841],[105.1942,26.4012],[105.1842,26.4177],[105.1815,26.4206],[105.1543,26.4422],[105.149,26.4482],[105.1456,26.4548],[105.1409,26.4694],[105.1369,26.4792],[105.1308,26.4884],[105.1249,26.4938],[105.119,26.4972],[105.0763,26.5139],[105.0461,26.5196],[105.0134,26.5289],[104.9976,26.5371],[104.9836,26.5472],[104.9778,26.5508],[104.9683,26.5555],[104.954,26.5606],[104.9353,26.5718],[104.9313,26.5728],[104.9262,26.5729],[104.9133,26.5699],[104.8961,26.5729],[104.8845,26.5779],[104.8777,26.5827],[104.8732,26.5844],[104.8675,26.588],[104.8577,26.5917]]}},{"type":"Feature","properties":{"daily_trains":23.7,"path_trains":132.86},"geometry":{"type":"LineString","coordinates":[[104.6193,28.7168],[104.6163,28.7174],[104.6116,28.7212]]}},{"type":"Feature","properties":{"daily_trains":23.7,"path_trains":132.86},"geometry":{"type":"LineString","coordinates":[[104.6248,28.7238],[104.6191,28.7169]]}},{"type":"Feature","properties":{"daily_trains":23.7,"path_trains":132.86},"geometry":{"type":"LineString","coordinates":[[104.6193,28.7168],[104.6191,28.7169]]}},{"type":"Feature","properties":{"daily_trains":23.7,"path_trains":132.86},"geometry":{"type":"LineString","coordinates":[[104.6118,28.7215],[104.6116,28.7212]]}},{"type":"Feature","properties":{"daily_trains":41.4,"path_trains":132.86},"geometry":{"type":"LineString","coordinates":[[104.625,28.7237],[104.6246,28.7239],[104.625,28.7236],[104.6236,28.7211],[104.6239,28.7186],[104.6267,28.7141],[104.6306,28.7113]]}},{"type":"Feature","properties":{"daily_trains":7.0,"path_trains":132.86},"geometry":{"type":"LineString","coordinates":[[104.6246,28.7239],[104.6208,28.7201],[104.6185,28.7191],[104.6166,28.7193],[104.6118,28.7215]]}},{"type":"Feature","properties":{"daily_trains":2.4,"path_trains":87.57},"geometry":{"type":"LineString","coordinates":[[105.4095,28.9267],[105.4095,28.9266]]}},{"type":"Feature","properties":{"daily_trains":16.9,"path_trains":14.86},"geometry":{"type":"LineString","coordinates":[[104.8766,29.3628],[104.8714,29.3821],[104.8717,29.3894],[104.8745,29.397],[104.9188,29.45],[104.9629,29.5222],[104.9686,29.5305],[104.9733,29.5349],[104.9786,29.5382],[105.0295,29.5603],[105.0396,29.5624],[105.0828,29.565],[105.0903,29.5661],[105.1,29.5696],[105.1136,29.5775],[105.1167,29.5807],[105.1176,29.5833],[105.1176,29.5878],[105.1159,29.5908],[105.1126,29.5936],[105.0931,29.6045],[105.0925,29.604]]}},{"type":"Feature","properties":{"daily_trains":2.4,"path_trains":87.57},"geometry":{"type":"LineString","coordinates":[[105.4113,28.9274],[105.4095,28.9266]]}},{"type":"Feature","properties":{"daily_trains":2.4,"path_trains":112.86},"geometry":{"type":"LineString","coordinates":[[104.8763,29.363],[104.8766,29.3628]]}},{"type":"Feature","properties":{"daily_trains":18.7,"path_trains":40.21},"geometry":{"type":"LineString","coordinates":[[105.55,30.509],[105.5494,30.5132],[105.5514,30.528],[105.5558,30.5395],[105.5547,30.543],[105.5512,30.5456],[105.5449,30.546],[105.5176,30.5443],[105.4949,30.5396],[105.488,30.5387],[105.4783,30.5391],[105.4673,30.5416]]}},{"type":"Feature","properties":{"daily_trains":5.7,"path_trains":5.71},"geometry":{"type":"LineString","coordinates":[[104.0592,30.7086],[104.0621,30.721],[104.0666,30.7313],[104.0654,30.7342],[104.058,30.7399],[104.0549,30.7412],[104.0472,30.7424],[104.0048,30.7349],[103.9981,30.7342],[103.994,30.7355],[103.9837,30.7424],[103.9762,30.7539],[103.9664,30.763],[103.9528,30.7708],[103.9468,30.7716],[103.9444,30.7725],[103.9315,30.7815],[103.9253,30.792],[103.9207,30.804],[103.9181,30.8068],[103.8952,30.8142],[103.8924,30.8155],[103.8831,30.822],[103.8588,30.8442],[103.8235,30.8651],[103.8008,30.8847],[103.7938,30.889],[103.7803,30.8952],[103.774,30.8971],[103.7668,30.8975],[103.7535,30.8958],[103.7486,30.8958],[103.7416,30.8973],[103.7359,30.8999],[103.7207,30.9121],[103.7079,30.9286],[103.6931,30.9415],[103.6822,30.9496],[103.6699,30.9568],[103.6596,30.9643],[103.6536,30.9657],[103.647,30.9647],[103.6286,30.9551],[103.625,30.9521],[103.623,30.9488],[103.6193,30.9359],[103.6132,30.9213],[103.6073,30.9016]]}},{"type":"Feature","properties":{"daily_trains":3.7,"path_trains":3.71},"geometry":{"type":"LineString","coordinates":[[104.1016,30.6994],[104.0931,30.6991],[104.091,30.6996],[104.0772,30.6998],[104.0687,30.6993],[104.0609,30.7002],[104.0586,30.7013],[104.0577,30.7028],[104.0577,30.7044],[104.0592,30.7086]]}},{"type":"Feature","properties":{"daily_trains":3.7,"path_trains":3.71},"geometry":{"type":"LineString","coordinates":[[104.1016,30.6994],[104.1185,30.6996],[104.1367,30.7025],[104.1428,30.7023],[104.1456,30.7012],[104.1476,30.6995],[104.1532,30.6899]]}},{"type":"Feature","properties":{"daily_trains":1.7,"path_trains":1.71},"geometry":{"type":"LineString","coordinates":[[103.6255,30.99],[103.6362,30.9856],[103.6429,30.9816],[103.652,30.9698],[103.6521,30.9682],[103.6513,30.9667],[103.6484,30.965]]}},{"type":"Feature","properties":{"daily_trains":1.7,"path_trains":5.71},"geometry":{"type":"LineString","coordinates":[[103.6484,30.9651],[103.6484,30.965]]}},{"type":"Feature","properties":{"daily_trains":46.6,"path_trains":46.57},"geometry":{"type":"LineString","coordinates":[[106.6646,29.4814],[106.6561,29.4664],[106.6551,29.4625],[106.6556,29.4588],[106.6569,29.4559],[106.662,29.4505],[106.7277,29.4127],[106.7742,29.3808],[106.8172,29.3564],[106.8642,29.3221],[106.87,29.317],[106.9006,29.2864],[106.9306,29.2651],[106.9578,29.251],[107.045,29.1981],[107.0541,29.1939],[107.0634,29.1906],[107.0729,29.1886],[107.0828,29.1877],[107.1329,29.1866],[107.1449,29.1871],[107.2153,29.1996],[107.2246,29.2023],[107.2321,29.2058],[107.2391,29.2102],[107.247,29.2162],[107.2534,29.2223],[107.2582,29.2282],[107.2639,29.2373],[107.2916,29.2898],[107.2996,29.3015],[107.3053,29.3074],[107.314,29.3144],[107.3218,29.3195],[107.3568,29.3384],[107.3703,29.3445],[107.3826,29.3477],[107.4023,29.3497],[107.5106,29.3522],[107.6304,29.3694],[107.641,29.3704],[107.6496,29.37],[107.6674,29.3663],[107.676,29.3628],[107.6829,29.3592],[107.6914,29.3529],[107.7311,29.3171],[107.7403,29.311],[107.7495,29.3067],[107.7637,29.3023],[107.7731,29.3006],[107.834,29.2984],[107.844,29.2985],[107.8532,29.2998],[107.8631,29.3022],[107.928,29.3218],[107.9515,29.3281],[107.9639,29.3341],[107.9888,29.351],[107.9966,29.3556],[108.0084,29.3603],[108.0199,29.3628],[108.0305,29.3629],[108.0389,29.3614],[108.1037,29.3419],[108.158,29.3299],[108.1668,29.3286],[108.1782,29.3282],[108.188,29.3288],[108.1984,29.3306],[108.2093,29.3339],[108.2198,29.338],[108.2376,29.3465],[108.248,29.353],[108.2553,29.3592],[108.2622,29.3662],[108.2982,29.4091]]}},{"type":"Feature","properties":{"daily_trains":46.6,"path_trains":37.86},"geometry":{"type":"LineString","coordinates":[[108.2983,29.4091],[108.3108,29.4212],[108.347,29.4493],[108.3588,29.4564],[108.3689,29.4604],[108.3861,29.4638],[108.4223,29.464],[108.4923,29.47],[108.5286,29.4709],[108.557,29.4727],[108.6109,29.468],[108.7043,29.4696],[108.7168,29.4691],[108.7292,29.4667],[108.778,29.4506],[108.8017,29.4364],[108.8056,29.4352],[108.8094,29.4355],[108.814,29.4374],[108.8166,29.44],[108.8199,29.4458],[108.8213,29.4536],[108.8215,29.4619],[108.8175,29.4707],[108.8164,29.4761],[108.8172,29.4997],[108.8334,29.5277],[108.8377,29.5338],[108.8445,29.5407],[108.8504,29.5453],[108.8743,29.5556],[108.9069,29.5859],[108.9178,29.5918],[108.93,29.5966],[108.9357,29.5984],[108.9434,29.5998],[108.9548,29.5998],[108.964,29.5979],[108.9711,29.5952],[108.9906,29.5839],[108.995,29.5819],[109.0046,29.5797],[109.0151,29.5794],[109.0256,29.5812],[109.0357,29.5852],[109.0665,29.6058],[109.0733,29.6094],[109.0833,29.6119],[109.0911,29.6131],[109.1012,29.6125],[109.1092,29.6103],[109.1209,29.6054],[109.1359,29.6004],[109.1527,29.5933],[109.1828,29.5783],[109.1963,29.5739],[109.2183,29.5619],[109.2323,29.5572],[109.2547,29.5556],[109.2642,29.5533],[109.2792,29.5454],[109.3005,29.5315],[109.3116,29.5264],[109.3293,29.5215],[109.3657,29.5207]]}},{"type":"Feature","properties":{"daily_trains":46.6,"path_trains":46.57},"geometry":{"type":"LineString","coordinates":[[108.2982,29.4091],[108.2983,29.4091]]}},{"type":"Feature","properties":{"daily_trains":85.7,"path_trains":85.71},"geometry":{"type":"LineString","coordinates":[[121.3338,37.4982],[121.3344,37.4837],[121.3404,37.4346],[121.3408,37.4269],[121.3352,37.3869],[121.3276,37.3661],[121.3231,37.3569],[121.3201,37.3527],[121.3111,37.3434],[121.3012,37.3366],[121.2835,37.3278],[121.2778,37.3238],[121.2738,37.32],[121.2688,37.3138],[121.2597,37.2984],[121.2519,37.2903],[121.2449,37.2855],[121.2262,37.2752],[121.2206,37.2714],[121.2133,37.2644],[121.2026,37.2509],[121.1957,37.245],[121.1769,37.235],[121.1593,37.2237],[121.0906,37.1757],[121.0196,37.1094],[120.9794,37.0804],[120.9695,37.0749],[120.9218,37.0536],[120.9119,37.0463],[120.898,37.0323],[120.8863,37.0244],[120.8758,37.0199],[120.8469,37.0105],[120.8343,37.0046],[120.8289,37.0009],[120.8231,36.996],[120.8101,36.9813],[120.8042,36.9759],[120.7976,36.9712],[120.7856,36.9643],[120.7575,36.9512],[120.7313,36.9427],[120.7234,36.9392],[120.6722,36.9058],[120.6616,36.9001],[120.6524,36.8968],[120.5887,36.8775],[120.58,36.8741],[120.5729,36.8703],[120.5658,36.8652],[120.5533,36.8527]]}},{"type":"Feature","properties":{"daily_trains":101.3,"path_trains":99.28},"geometry":{"type":"LineString","coordinates":[[121.3338,37.4982],[121.3326,37.5327],[121.3332,37.5371],[121.3348,37.5406],[121.3419,37.549],[121.3475,37.5569],[121.3505,37.5588],[121.3532,37.5592],[121.356,37.5586],[121.3705,37.5512]]}},{"type":"Feature","properties":{"daily_trains":140.9,"path_trains":236.86},"geometry":{"type":"LineString","coordinates":[[120.3451,36.3626],[120.3355,36.359],[120.3299,36.3542],[120.3269,36.3479],[120.3265,36.3448],[120.3269,36.3408],[120.3285,36.3369],[120.3314,36.3332],[120.3485,36.3184],[120.3513,36.3153],[120.3616,36.296]]}},{"type":"Feature","properties":{"daily_trains":179.7,"path_trains":140.86},"geometry":{"type":"LineString","coordinates":[[120.3451,36.3626],[120.3662,36.3684],[120.373,36.3713],[120.3774,36.3742],[120.3819,36.3784],[120.3849,36.3827],[120.3869,36.3877],[120.3878,36.3925],[120.3909,36.4404],[120.3903,36.467],[120.3966,36.5223],[120.399,36.5317],[120.4486,36.6728],[120.45,36.6815],[120.4562,36.7477],[120.4573,36.7537],[120.4592,36.7592],[120.4634,36.767],[120.4688,36.7738],[120.4752,36.7795],[120.5039,36.8002],[120.5533,36.8527]]}},{"type":"Feature","properties":{"daily_trains":287.3,"path_trains":258.57},"geometry":{"type":"LineString","coordinates":[[120.3682,36.1763],[120.3677,36.1817],[120.3636,36.1969],[120.3635,36.1992],[120.3653,36.2033],[120.3742,36.2124],[120.3757,36.2148],[120.3777,36.2352],[120.3703,36.2626],[120.3651,36.2875],[120.3622,36.2939]]}},{"type":"Feature","properties":{"daily_trains":95.9,"path_trains":236.86},"geometry":{"type":"LineString","coordinates":[[120.3623,36.2939],[120.362,36.2945]]}},{"type":"Feature","properties":{"daily_trains":95.9,"path_trains":236.86},"geometry":{"type":"LineString","coordinates":[[120.3623,36.2945],[120.362,36.2945]]}},{"type":"Feature","properties":{"daily_trains":95.9,"path_trains":236.86},"geometry":{"type":"LineString","coordinates":[[120.3616,36.296],[120.3616,36.296]]}},{"type":"Feature","properties":{"daily_trains":95.9,"path_trains":236.86},"geometry":{"type":"LineString","coordinates":[[120.3623,36.2939],[120.3622,36.2939]]}},{"type":"Feature","properties":{"daily_trains":95.9,"path_trains":236.86},"geometry":{"type":"LineString","coordinates":[[120.3616,36.296],[120.3623,36.2945]]}},{"type":"Feature","properties":{"daily_trains":94.0,"path_trains":87.5},"geometry":{"type":"LineString","coordinates":[[122.1283,37.4568],[122.132,37.4481],[122.1406,37.4155],[122.1442,37.4069],[122.1461,37.4038],[122.1523,37.3984],[122.1861,37.3764],[122.1923,37.3707],[122.1967,37.3647],[122.2003,37.3578],[122.202,37.3526],[122.2102,37.3092],[122.2135,37.2981],[122.2187,37.2897],[122.2331,37.2736],[122.2604,37.2299],[122.2671,37.2205],[122.2702,37.2179],[122.278,37.2134],[122.3,37.2038],[122.3494,37.1713],[122.3608,37.1669],[122.3918,37.1584],[122.3949,37.1571],[122.3977,37.1541],[122.4059,37.1337],[122.4064,37.1316],[122.4061,37.1292],[122.397,37.1177],[122.3933,37.1148],[122.3894,37.1126],[122.3853,37.1112],[122.3594,37.1053],[122.3418,37.1019],[122.2768,37.0969],[122.1617,37.0986],[122.149,37.0977],[122.1371,37.0957],[122.1277,37.0932],[122.0731,37.0755],[121.9958,37.0562],[121.9798,37.0492],[121.9614,37.0376]]}},{"type":"Feature","properties":{"daily_trains":94.0,"path_trains":94.0},"geometry":{"type":"LineString","coordinates":[[120.5533,36.8527],[120.5631,36.8569],[120.5679,36.858],[120.5746,36.8576],[120.5799,36.8554],[120.5838,36.8519],[120.6501,36.7744],[120.6554,36.7692],[120.6622,36.7635],[120.6762,36.755],[120.7225,36.7354],[120.786,36.6978],[120.8007,36.6905],[120.8289,36.6819],[120.8568,36.6705],[120.8644,36.6685],[120.8751,36.667],[120.8913,36.6669],[120.9146,36.6679],[120.9601,36.6653],[120.97,36.6658],[120.995,36.6684],[121.0294,36.67],[121.0721,36.678],[121.0887,36.6816],[121.0991,36.6846],[121.1254,36.6965],[121.2104,36.7326],[121.221,36.7376],[121.2303,36.7434],[121.2391,36.7507],[121.3025,36.8141],[121.3126,36.8218],[121.3261,36.8286],[121.3393,36.8323],[121.4352,36.8427],[121.498,36.8557],[121.5116,36.8604],[121.5349,36.8702],[121.5758,36.8847],[121.581,36.887],[121.6103,36.9031],[121.6197,36.9068],[121.6318,36.9101],[121.6426,36.912],[121.6547,36.9128],[121.6865,36.9132],[121.7103,36.912],[121.7177,36.9122],[121.7278,36.9133],[121.7395,36.9162],[121.7534,36.9222],[121.7649,36.9301],[121.7734,36.9384],[121.7947,36.9658],[121.8042,36.9744],[121.8146,36.9811],[121.8381,36.9927],[121.8458,36.9959],[121.9343,37.0234],[121.9478,37.0293],[121.9614,37.0376]]}},{"type":"Feature","properties":{"daily_trains":146.0,"path_trains":144.0},"geometry":{"type":"LineString","coordinates":[[120.3083,36.0695],[120.3135,36.0744],[120.3165,36.0814],[120.3228,36.0858],[120.3377,36.0909],[120.3466,36.099],[120.3469,36.1007],[120.3462,36.1023],[120.3401,36.1072],[120.3351,36.1123],[120.3324,36.114],[120.3314,36.1155],[120.3314,36.1172],[120.3339,36.1202],[120.3352,36.1231],[120.338,36.1258],[120.3408,36.1302],[120.3469,36.1371],[120.3557,36.1441],[120.3657,36.1467],[120.3689,36.1493],[120.3702,36.1561],[120.3682,36.1763]]}},{"type":"Feature","properties":{"daily_trains":35.6,"path_trains":35.57},"geometry":{"type":"LineString","coordinates":[[121.2057,37.4858],[121.1927,37.4906],[121.171,37.4944],[121.1656,37.4964],[121.1606,37.4992],[121.1556,37.5032],[121.1162,37.5433],[121.1104,37.5512],[121.0974,37.5729],[121.0822,37.5959],[121.0794,37.6024],[121.0774,37.6093],[121.0753,37.6268],[121.074,37.6321],[121.0699,37.6398],[121.0634,37.6463],[121.0326,37.6671],[120.9629,37.7037],[120.8985,37.7504],[120.8886,37.7565],[120.8761,37.7618],[120.8622,37.7653],[120.8489,37.7667],[120.8351,37.7662],[120.8248,37.7646],[120.8161,37.7624],[120.7695,37.747],[120.7391,37.7415],[120.7153,37.7349],[120.688,37.729],[120.679,37.7259],[120.6715,37.7223],[120.6645,37.718],[120.6584,37.713],[120.653,37.7072],[120.6489,37.7013],[120.6459,37.6956],[120.6437,37.6894],[120.6408,37.6731],[120.6385,37.6658],[120.6342,37.6579],[120.6278,37.6503],[120.6218,37.6452],[120.614,37.6403],[120.5698,37.6194],[120.5582,37.6161],[120.5463,37.6148],[120.5377,37.6152],[120.4924,37.6197],[120.4682,37.6189],[120.4527,37.6169],[120.4431,37.6144],[120.4323,37.6105],[120.3676,37.5822],[120.3553,37.5754],[120.3456,37.5676],[120.3374,37.5581],[120.3243,37.5348],[120.3041,37.5079],[120.3001,37.5],[120.2936,37.4842],[120.2887,37.4754],[120.2658,37.4468],[120.2595,37.4378],[120.2558,37.4308],[120.2529,37.4226],[120.2497,37.4038],[120.2481,37.3975]]}},{"type":"Feature","properties":{"daily_trains":33.6,"path_trains":33.57},"geometry":{"type":"LineString","coordinates":[[121.2057,37.4858],[121.2266,37.4773],[121.2335,37.4755],[121.2391,37.4754],[121.2514,37.4766],[121.2787,37.4766],[121.2879,37.4786],[121.3096,37.4882],[121.3145,37.4891],[121.3274,37.4902],[121.3316,37.4888],[121.3345,37.4857],[121.3361,37.4704]]}},{"type":"Feature","properties":{"daily_trains":32.6,"path_trains":109.28},"geometry":{"type":"LineString","coordinates":[[121.3223,37.49],[121.3285,37.4908],[121.3314,37.4921],[121.3334,37.4946],[121.3337,37.4982]]}},{"type":"Feature","properties":{"daily_trains":7.0,"path_trains":109.28},"geometry":{"type":"LineString","coordinates":[[121.3334,37.4946],[121.3339,37.4945]]}},{"type":"Feature","properties":{"daily_trains":24.0,"path_trains":24.0},"geometry":{"type":"LineString","coordinates":[[121.6542,37.424],[121.6716,37.4252],[121.699,37.4306],[121.7341,37.4311],[121.7939,37.4384],[121.8409,37.4387],[121.8522,37.4394],[121.8661,37.442],[121.9132,37.4552],[121.9239,37.456],[121.9425,37.4549],[121.9521,37.456],[121.961,37.4586],[121.9689,37.4626],[122.0095,37.491],[122.0178,37.494],[122.0253,37.4952],[122.0635,37.4944],[122.0709,37.4933],[122.0867,37.4883],[122.0988,37.4817],[122.1159,37.4706],[122.1233,37.4637],[122.1283,37.4568]]}},{"type":"Feature","properties":{"daily_trains":8.0,"path_trains":188.71},"geometry":{"type":"LineString","coordinates":[[120.4813,36.7839],[120.4908,36.7912],[120.4913,36.7928],[120.4911,36.7952],[120.4899,36.7972],[120.4878,36.7982],[120.4781,36.7985]]}},{"type":"Feature","properties":{"daily_trains":77.4,"path_trains":51.36},"geometry":{"type":"LineString","coordinates":[[119.462,36.7941],[119.5359,36.7832],[119.5905,36.7811],[119.6852,36.7917],[119.7171,36.7993],[119.732,36.8016],[119.7432,36.802],[119.8235,36.8009],[119.8513,36.7981],[119.8633,36.798],[119.8796,36.8002],[119.9177,36.8093],[119.9279,36.8107],[119.9398,36.8111],[119.9508,36.8103],[119.9976,36.8045],[120.0095,36.8025],[120.0248,36.7977],[120.0455,36.7878],[120.0539,36.7844],[120.0631,36.7818],[120.0738,36.78],[120.0886,36.7795],[120.1221,36.7824],[120.1854,36.7811],[120.2048,36.7816],[120.218,36.7829],[120.2458,36.7884],[120.2767,36.7895],[120.38,36.7999],[120.4364,36.8022],[120.4453,36.8017],[120.4692,36.7987],[120.4841,36.7985],[120.4921,36.7991],[120.5018,36.8021],[120.5093,36.8066],[120.5298,36.8281],[120.5345,36.8338],[120.5438,36.8427]]}},{"type":"Feature","properties":{"daily_trains":7.0,"path_trains":140.86},"geometry":{"type":"LineString","coordinates":[[120.4813,36.7839],[120.4814,36.7838]]}},{"type":"Feature","properties":{"daily_trains":43.7,"path_trains":182.71},"geometry":{"type":"LineString","coordinates":[[120.5207,36.8178],[120.5202,36.8179]]}},{"type":"Feature","properties":{"daily_trains":30.1,"path_trains":30.14},"geometry":{"type":"LineString","coordinates":[[103.9726,30.6555],[103.9788,30.6591],[103.9804,30.662],[103.9769,30.6932],[103.9762,30.6959]]}},{"type":"Feature","properties":{"daily_trains":369.9,"path_trains":479.85},"geometry":{"type":"LineString","coordinates":[[114.0293,22.6067],[114.0451,22.5918],[114.0495,22.5901],[114.0547,22.5902],[114.0576,22.5913],[114.06,22.5931],[114.0896,22.6279],[114.0956,22.6327],[114.1044,22.6356],[114.1117,22.637],[114.1346,22.6353]]}},{"type":"Feature","properties":{"daily_trains":695.4,"path_trains":393.71},"geometry":{"type":"LineString","coordinates":[[113.6728,22.8638],[113.7072,22.868],[113.7196,22.8678],[113.7289,22.8663],[113.8127,22.8396],[113.8384,22.8362],[113.8505,22.8337],[113.8625,22.8301],[113.9092,22.815],[113.9171,22.8113],[113.9248,22.8064],[113.9329,22.7992],[113.9395,22.7913],[113.9449,22.782],[113.9484,22.7724],[113.95,22.7644],[113.9505,22.7575],[113.949,22.7123],[113.9512,22.7003],[113.9554,22.6896],[113.9588,22.6836],[113.9666,22.6727],[113.9869,22.6476],[113.9918,22.6425],[114.0061,22.6301],[114.0292,22.6066]]}},{"type":"Feature","properties":{"daily_trains":276.3,"path_trains":271.28},"geometry":{"type":"LineString","coordinates":[[116.6476,23.565],[116.6183,23.5555],[116.566,23.5362],[116.5565,23.5312],[116.5489,23.5249],[116.5453,23.5207],[116.5423,23.516],[116.5272,23.4617],[116.5214,23.4472],[116.5126,23.4293],[116.5101,23.4253],[116.5065,23.421],[116.4977,23.414],[116.4861,23.4089],[116.4495,23.3966],[116.4288,23.3887],[116.3766,23.3648],[116.3445,23.3456],[116.3365,23.3427],[116.28,23.3265],[116.2688,23.3221],[116.2178,23.2914],[116.2102,23.2847],[116.17,23.243],[116.1437,23.209],[116.1354,23.1944],[116.1145,23.1536],[116.1082,23.1437],[116.1028,23.1374],[116.0943,23.1302],[116.0862,23.1253],[116.0665,23.1153],[116.0304,23.099],[116.0233,23.0935],[116.0134,23.0836],[115.9818,23.0583]]}},{"type":"Feature","properties":{"daily_trains":276.4,"path_trains":262.92},"geometry":{"type":"LineString","coordinates":[[114.1346,22.6353],[114.1431,22.6367],[114.1511,22.6399],[114.1657,22.6487],[114.1835,22.6617],[114.1921,22.6662],[114.2031,22.6689],[114.2224,22.6699],[114.2346,22.6737],[114.2444,22.6799],[114.2644,22.695],[114.2724,22.6995],[114.2795,22.702],[114.3129,22.7083],[114.34,22.7146],[114.3484,22.7184],[114.3678,22.7323],[114.3855,22.743],[114.4039,22.7523],[114.4145,22.7553],[114.4474,22.7621],[114.4542,22.7643],[114.464,22.7699],[114.5019,22.7966],[114.5092,22.8009],[114.5246,22.8086],[114.5902,22.8366],[114.6121,22.8428],[114.6181,22.8436],[114.6465,22.8451],[114.6527,22.8466],[114.6701,22.8528],[114.6809,22.8547],[114.6979,22.8551],[114.7592,22.8485],[114.8114,22.8468],[114.8494,22.8372],[114.919,22.8311],[114.9392,22.8281],[115.0124,22.8102],[115.0491,22.8062],[115.0567,22.8061],[115.0765,22.8079],[115.0924,22.8084],[115.1029,22.8097],[115.1338,22.8206],[115.1656,22.8333],[115.1725,22.8347],[115.2014,22.8377],[115.2391,22.843],[115.244,22.8432],[115.2533,22.8424],[115.2665,22.8385],[115.2742,22.8344],[115.3048,22.8155],[115.3158,22.8119],[115.3272,22.8099],[115.3341,22.8099],[115.3716,22.8148],[115.3856,22.8155],[115.3981,22.8156],[115.4382,22.8129],[115.4522,22.8144],[115.4775,22.8226],[115.4884,22.8275],[115.5061,22.8417],[115.5131,22.8455],[115.5455,22.8547],[115.5533,22.8578],[115.5754,22.8697],[115.6632,22.9118],[115.6999,22.9372],[115.7067,22.9412],[115.7452,22.9572],[115.7623,22.9676],[115.8121,22.9868],[115.8505,23.0091],[115.8922,23.0265],[115.9623,23.0469],[115.9722,23.0517],[115.9817,23.0584]]}},{"type":"Feature","properties":{"daily_trains":691.6,"path_trains":393.71},"geometry":{"type":"LineString","coordinates":[[113.6633,22.8627],[113.6439,22.8608],[113.6225,22.8619],[113.6027,22.8618],[113.514,22.8713],[113.5069,22.8716],[113.4941,22.8703],[113.4262,22.8585],[113.4133,22.8577],[113.4033,22.8586],[113.3614,22.8645],[113.3492,22.8675],[113.3395,22.8716],[113.3304,22.8773],[113.3218,22.8848],[113.315,22.8932],[113.3105,22.9007],[113.2919,22.9437],[113.279,22.963],[113.2763,22.9738],[113.275,22.9771],[113.2596,22.9984]]}},{"type":"Feature","properties":{"daily_trains":261.6,"path_trains":842.28},"geometry":{"type":"LineString","coordinates":[[114.0208,22.6157],[114.0261,22.611],[114.0293,22.6067]]}},{"type":"Feature","properties":{"daily_trains":261.6,"path_trains":835.14},"geometry":{"type":"LineString","coordinates":[[114.0203,22.6155],[114.0208,22.6157]]}},{"type":"Feature","properties":{"daily_trains":261.6,"path_trains":835.14},"geometry":{"type":"LineString","coordinates":[[114.0192,22.6167],[114.0203,22.6155]]}},{"type":"Feature","properties":{"daily_trains":276.3,"path_trains":274.28},"geometry":{"type":"LineString","coordinates":[[115.9817,23.0584],[115.9818,23.0583]]}},{"type":"Feature","properties":{"daily_trains":27.1,"path_trains":443.71},"geometry":{"type":"LineString","coordinates":[[113.6728,22.8638],[113.6633,22.8627]]}},{"type":"Feature","properties":{"daily_trains":261.6,"path_trains":667.43},"geometry":{"type":"LineString","coordinates":[[114.0192,22.6167],[114.0193,22.6167]]}},{"type":"Feature","properties":{"daily_trains":169.6,"path_trains":443.71},"geometry":{"type":"LineString","coordinates":[[113.6728,22.8638],[113.6633,22.8626]]}},{"type":"Feature","properties":{"daily_trains":166.6,"path_trains":443.71},"geometry":{"type":"LineString","coordinates":[[113.6633,22.8627],[113.6633,22.8626]]}},{"type":"Feature","properties":{"daily_trains":92.0,"path_trains":260.14},"geometry":{"type":"LineString","coordinates":[[116.6476,23.565],[116.6387,23.5614],[116.6367,23.5589],[116.6361,23.5551],[116.6371,23.5524],[116.6447,23.5392],[116.6515,23.5298]]}},{"type":"Feature","properties":{"daily_trains":111.0,"path_trains":111.0},"geometry":{"type":"LineString","coordinates":[[116.7524,23.3811],[116.7518,23.384],[116.7419,23.3971],[116.7248,23.4155],[116.7213,23.4201],[116.7024,23.4556],[116.6994,23.4643],[116.6869,23.4864],[116.6698,23.5046],[116.6515,23.5298]]}},{"type":"Feature","properties":{"daily_trains":337.7,"path_trains":621.57},"geometry":{"type":"LineString","coordinates":[[113.2596,22.9984],[113.2597,22.9983]]}},{"type":"Feature","properties":{"daily_trains":583.7,"path_trains":284.85},"geometry":{"type":"LineString","coordinates":[[113.0596,28.1434],[113.0612,28.1243],[113.0607,28.1129],[113.0482,28.0548],[113.0465,28.0451],[113.042,27.9529],[113.0431,27.9403],[113.0494,27.9043],[113.0507,27.875],[113.0587,27.8329],[113.0657,27.7518],[113.0654,27.7411],[113.0642,27.733],[113.0557,27.6935],[113.0507,27.6799],[113.0465,27.6721],[112.9853,27.5877],[112.9677,27.5568],[112.9618,27.549],[112.9264,27.5109],[112.9204,27.504],[112.9149,27.4963],[112.9071,27.4796],[112.8872,27.4323],[112.8807,27.4191],[112.8666,27.3948],[112.8571,27.3744],[112.8517,27.361],[112.8384,27.337],[112.8241,27.3089],[112.7305,27.1771],[112.7247,27.1677],[112.7189,27.1545],[112.715,27.1391],[112.7139,27.1304],[112.7138,27.1199],[112.7192,27.0788],[112.7208,27.058],[112.7272,27.0207],[112.7279,27.0114],[112.7274,27.0036],[112.7257,26.9937],[112.7082,26.9405],[112.7054,26.9256],[112.706,26.8604],[112.7046,26.8492],[112.6992,26.828],[112.6978,26.8168],[112.7009,26.7226],[112.7017,26.7133],[112.7055,26.6978],[112.7493,26.5706],[112.7778,26.4564],[112.7792,26.4474],[112.7849,26.3972],[112.7863,26.3892],[112.8202,26.2602],[112.8298,26.2352],[112.8498,26.17],[112.8571,26.137],[112.8593,26.0888],[112.8603,26.0798],[112.8619,26.0729],[112.8657,26.0626],[112.8734,26.047],[112.8797,26.0279],[112.8853,26.0167],[112.9009,25.9898],[112.9062,25.9795],[112.9157,25.9509],[112.9197,25.9361],[112.9233,25.9122],[112.9292,25.8865],[112.9613,25.7777],[112.9637,25.7653],[112.9641,25.7582],[112.9633,25.7045],[112.9639,25.6976],[112.9668,25.6847],[112.9807,25.6526],[113.0399,25.4906],[113.045,25.4796],[113.0562,25.4659],[113.0631,25.4597],[113.0712,25.4536],[113.1107,25.4292],[113.1671,25.3878],[113.2576,25.3107],[113.2968,25.2694],[113.3538,25.1998],[113.3583,25.1931],[113.3629,25.1845],[113.3793,25.148],[113.3954,25.1044],[113.4357,25.0101],[113.4706,24.9093],[113.4774,24.8969],[113.4827,24.8896],[113.5153,24.8537],[113.5219,24.8445],[113.5257,24.8376],[113.5286,24.8301],[113.5318,24.8172],[113.5322,24.8121],[113.531,24.7972],[113.5291,24.7898],[113.5265,24.7826],[113.5219,24.7738],[113.4983,24.7391],[113.4907,24.7267],[113.4855,24.7144],[113.4819,24.699],[113.4812,24.6855],[113.4821,24.6592],[113.4833,24.6497],[113.485,24.6425],[113.488,24.6336],[113.4988,24.6091],[113.5023,24.5992],[113.5045,24.5884],[113.5059,24.5687],[113.5053,24.5595],[113.5033,24.5484],[113.5004,24.5396],[113.4898,24.5137],[113.4857,24.4972],[113.4848,24.4895],[113.4842,24.441],[113.4821,24.4322],[113.4773,24.4212],[113.4708,24.4111],[113.3978,24.317],[113.3928,24.3099],[113.389,24.3029],[113.3833,24.2882],[113.3751,24.2506],[113.3595,24.2123],[113.3398,24.1473],[113.3358,24.1365],[113.3131,24.091],[113.3052,24.0726],[113.2882,24.0463],[113.2756,24.0238],[113.2649,24.008],[113.2596,23.9986],[113.2542,23.985],[113.2341,23.9181],[113.2123,23.8603],[113.2042,23.8444],[113.1851,23.8159],[113.172,23.785],[113.1605,23.7645],[113.1494,23.7382],[113.1369,23.7155],[113.1315,23.7018]]}},{"type":"Feature","properties":{"daily_trains":248.4,"path_trains":492.28},"geometry":{"type":"LineString","coordinates":[[113.2157,23.2857],[113.2161,23.2763],[113.2149,23.2681],[113.1993,23.2251],[113.195,23.1979],[113.1943,23.1888],[113.1928,23.1254],[113.1932,23.1166],[113.2,23.0905],[113.2046,23.0696],[113.2118,23.0559],[113.2179,23.0391],[113.22,23.0351],[113.2225,23.0321],[113.2264,23.0287],[113.2385,23.023],[113.2432,23.0197],[113.2467,23.0159],[113.2601,22.9978]]}},{"type":"Feature","properties":{"daily_trains":288.4,"path_trains":339.0},"geometry":{"type":"LineString","coordinates":[[113.1315,23.7018],[113.1264,23.6884]]}},{"type":"Feature","properties":{"daily_trains":267.7,"path_trains":339.0},"geometry":{"type":"LineString","coordinates":[[113.1264,23.6884],[113.1264,23.6884]]}},{"type":"Feature","properties":{"daily_trains":168.6,"path_trains":166.57},"geometry":{"type":"LineString","coordinates":[[116.8919,23.6972],[116.8837,23.6926],[116.8719,23.6838],[116.8638,23.6759],[116.8085,23.6295],[116.7977,23.622],[116.7884,23.6177],[116.7645,23.6083],[116.7168,23.5852],[116.7061,23.5819],[116.6797,23.5755],[116.6476,23.565]]}},{"type":"Feature","properties":{"daily_trains":168.6,"path_trains":163.43},"geometry":{"type":"LineString","coordinates":[[116.8919,23.6972],[116.9155,23.7079],[116.9742,23.7377],[117.0163,23.7516],[117.0632,23.761],[117.0676,23.7625],[117.0756,23.7658],[117.1063,23.7822],[117.1156,23.7861],[117.1255,23.7885],[117.1395,23.79],[117.1457,23.7913],[117.1641,23.7978],[117.208,23.8094],[117.2183,23.8106],[117.2552,23.8105],[117.269,23.8124],[117.2773,23.8149],[117.2857,23.8186],[117.2954,23.8247],[117.3018,23.8301],[117.307,23.8358],[117.3296,23.8651],[117.3421,23.877],[117.3674,23.9049],[117.371,23.9094],[117.3846,23.9309],[117.3893,23.937],[117.3975,23.9445],[117.4168,23.9572],[117.4346,23.9735],[117.4996,24.0498],[117.5071,24.0565],[117.5349,24.0756],[117.5447,24.0832],[117.5496,24.0884],[117.5723,24.118],[117.5761,24.1258],[117.5783,24.1342],[117.5811,24.1805],[117.5837,24.197],[117.5853,24.2122],[117.5878,24.2226],[117.6086,24.268],[117.6118,24.2792],[117.614,24.2844],[117.6171,24.2898],[117.6257,24.3007],[117.6345,24.3131],[117.6441,24.3312],[117.6466,24.3373],[117.6481,24.3431],[117.6487,24.3494],[117.6471,24.3735],[117.6486,24.3982],[117.6516,24.4093],[117.6552,24.4166],[117.66,24.4234],[117.6778,24.4412]]}},{"type":"Feature","properties":{"daily_trains":180.9,"path_trains":170.14},"geometry":{"type":"LineString","coordinates":[[114.2072,23.1422],[114.1859,23.1483],[114.1734,23.1536],[114.161,23.1608],[114.1312,23.1818],[114.1234,23.1858],[114.1149,23.189],[114.101,23.1923],[114.0158,23.2023],[114.0029,23.2018],[113.9685,23.1985],[113.9603,23.1968],[113.9431,23.1919],[113.9349,23.1903],[113.9064,23.1893],[113.8983,23.1898],[113.8889,23.1915],[113.8807,23.1941],[113.8619,23.202],[113.8479,23.2054],[113.8382,23.206],[113.7696,23.2076],[113.7629,23.2061],[113.7568,23.2033],[113.74,23.1889],[113.7346,23.1854],[113.6839,23.1669]]}},{"type":"Feature","properties":{"daily_trains":177.6,"path_trains":239.72},"geometry":{"type":"LineString","coordinates":[[114.3866,23.1936],[114.3806,23.1882]]}},{"type":"Feature","properties":{"daily_trains":45.1,"path_trains":43.64},"geometry":{"type":"LineString","coordinates":[[116.195,23.7733],[116.1954,23.7689],[116.1971,23.7613],[116.2022,23.752],[116.21,23.7442],[116.251,23.7086],[116.2571,23.7026],[116.2621,23.6941],[116.2659,23.6791],[116.2701,23.6711],[116.2763,23.6647],[116.2876,23.6568],[116.2939,23.6506],[116.3038,23.6316],[116.3078,23.6267],[116.3136,23.6217],[116.3422,23.6055],[116.3482,23.6034],[116.3611,23.6006],[116.3697,23.5991],[116.3789,23.5987],[116.3892,23.5999],[116.3989,23.602],[116.4073,23.6026],[116.4169,23.6013],[116.4244,23.5986],[116.4329,23.593],[116.4526,23.5747],[116.463,23.5608],[116.4727,23.5504],[116.4803,23.5403],[116.4844,23.5374],[116.4885,23.5359],[116.4914,23.5354],[116.4969,23.5357],[116.5031,23.5383],[116.5067,23.5411],[116.5213,23.5576],[116.5244,23.5596]]}},{"type":"Feature","properties":{"daily_trains":60.1,"path_trains":60.14},"geometry":{"type":"LineString","coordinates":[[115.186,24.096],[115.194,24.1056],[115.1981,24.1084],[115.2013,24.1095],[115.2096,24.1102],[115.2237,24.1131],[115.2289,24.1154],[115.2398,24.1229],[115.2439,24.1242],[115.2496,24.1247],[115.2561,24.1241],[115.2696,24.1205],[115.2859,24.1192],[115.319,24.1151],[115.3672,24.1062],[115.4616,24.0922],[115.4758,24.0882],[115.4962,24.0798],[115.5124,24.0755],[115.5423,24.0709],[115.5721,24.0651],[115.605,24.0597],[115.6248,24.0596],[115.6525,24.061],[115.6891,24.0696],[115.7276,24.073],[115.7386,24.0761],[115.7498,24.0812],[115.8095,24.1184],[115.8305,24.1331],[115.8568,24.1473],[115.8737,24.1577],[115.8933,24.1718],[115.9138,24.1908],[115.9214,24.1967],[115.9648,24.224],[115.9997,24.2475],[116.0054,24.2505],[116.0156,24.2543],[116.0205,24.255],[116.0274,24.2547]]}},{"type":"Feature","properties":{"daily_trains":60.1,"path_trains":45.14},"geometry":{"type":"LineString","coordinates":[[116.0274,24.2547],[116.0618,24.2524],[116.0672,24.2516],[116.0713,24.2501],[116.0772,24.2461],[116.081,24.2415],[116.0833,24.2361],[116.0838,24.2293],[116.0774,24.2054],[116.0746,24.1993],[116.0709,24.1939],[116.0669,24.1897],[116.0405,24.1675],[116.0368,24.1628],[116.0256,24.1454],[116.0107,24.1299],[116.0066,24.1242],[116.0025,24.1141],[116.0013,24.1039],[116.002,24.0975],[116.0056,24.0826],[116.0426,24.0141],[116.105,23.9344],[116.18,23.8175],[116.1928,23.7906],[116.1946,23.7824],[116.195,23.7733]]}},{"type":"Feature","properties":{"daily_trains":43.1,"path_trains":242.71},"geometry":{"type":"LineString","coordinates":[[116.5761,23.5399],[116.5807,23.5411],[116.6176,23.5549],[116.6266,23.5577],[116.6297,23.5578],[116.6322,23.5571],[116.6351,23.5549],[116.6449,23.5386],[116.6515,23.5298]]}},{"type":"Feature","properties":{"daily_trains":352.9,"path_trains":352.86},"geometry":{"type":"LineString","coordinates":[[113.5921,23.1394],[113.5906,23.1379],[113.5898,23.1343],[113.5886,23.1327],[113.5811,23.1277],[113.5773,23.1263],[113.5665,23.125],[113.5561,23.1264],[113.5497,23.1265],[113.4936,23.1158],[113.4877,23.1152],[113.4593,23.1177],[113.3753,23.1388],[113.3543,23.1466],[113.344,23.1468],[113.3378,23.1477],[113.3273,23.1509]]}},{"type":"Feature","properties":{"daily_trains":42.1,"path_trains":260.42},"geometry":{"type":"LineString","coordinates":[[116.5763,23.5399],[116.5646,23.5347],[116.5615,23.5346],[116.559,23.5353],[116.5531,23.5382],[116.5513,23.5398],[116.5476,23.5496],[116.5414,23.5558],[116.5381,23.5575],[116.5292,23.5598],[116.5244,23.5595]]}},{"type":"Feature","properties":{"daily_trains":186.7,"path_trains":152.57},"geometry":{"type":"LineString","coordinates":[[113.3273,23.1509],[113.3127,23.1554],[113.3078,23.1561],[113.3003,23.1557],[113.2982,23.1549],[113.2933,23.1499],[113.2856,23.1445],[113.2826,23.1442],[113.2778,23.1454],[113.2701,23.1427],[113.2652,23.1447],[113.26,23.1487],[113.2561,23.1505]]}},{"type":"Feature","properties":{"daily_trains":189.7,"path_trains":153.43},"geometry":{"type":"LineString","coordinates":[[114.3788,23.1867],[114.3502,23.1615],[114.3445,23.1553],[114.3265,23.1326],[114.3206,23.1268],[114.296,23.1064],[114.289,23.0989],[114.2832,23.0911],[114.2785,23.0826],[114.2748,23.0735],[114.2486,22.9883],[114.2431,22.9772],[114.2361,22.9675],[114.2299,22.9611],[114.2198,22.9531],[114.2089,22.9471],[114.1891,22.9395],[114.1837,22.9363],[114.1421,22.903],[114.1333,22.8954],[114.1136,22.8756],[114.1052,22.8688],[114.0946,22.8624],[114.0704,22.8512]]}},{"type":"Feature","properties":{"daily_trains":351.0,"path_trains":351.0},"geometry":{"type":"LineString","coordinates":[[113.6843,23.1672],[113.65,23.1549],[113.6344,23.1476],[113.6161,23.1409],[113.6081,23.1389]]}},{"type":"Feature","properties":{"daily_trains":170.1,"path_trains":132.71},"geometry":{"type":"LineString","coordinates":[[114.2072,23.1422],[114.2445,23.1318],[114.2666,23.1284],[114.2741,23.1267],[114.2795,23.1246],[114.2907,23.1185],[114.2963,23.1138],[114.3002,23.1097],[114.3174,23.0849],[114.3237,23.0777],[114.3291,23.0735],[114.3637,23.0518],[114.3699,23.0456],[114.3791,23.0321],[114.3864,23.0236],[114.3966,23.015],[114.4042,23.0101],[114.4095,23.0075],[114.4239,23.0029],[114.4347,23.001],[114.5072,22.9958],[114.521,22.9932],[114.6106,22.967],[114.6185,22.9637],[114.6533,22.9448],[114.6666,22.9396],[114.6753,22.9378],[114.6862,22.9365],[114.7562,22.9343],[114.7674,22.933],[114.7777,22.9306],[114.8477,22.9101],[114.9062,22.8937],[114.9849,22.8887],[114.9956,22.8874],[115.0043,22.8854],[115.0424,22.8734],[115.0501,22.872],[115.0659,22.8715],[115.1607,22.8786],[115.1691,22.8785],[115.1778,22.8776],[115.1911,22.8746],[115.2009,22.871],[115.2498,22.8475],[115.2614,22.8429],[115.2704,22.8409],[115.3044,22.8386],[115.3129,22.8373],[115.3751,22.8181],[115.3881,22.8163],[115.4048,22.816],[115.4389,22.8137],[115.4496,22.8146],[115.4597,22.8171]]}},{"type":"Feature","properties":{"daily_trains":65.0,"path_trains":170.14},"geometry":{"type":"LineString","coordinates":[[114.2597,23.1294],[114.2696,23.1286],[114.2956,23.1279],[114.3036,23.1286],[114.3185,23.1321],[114.3236,23.1338],[114.3297,23.1377],[114.3344,23.1426]]}},{"type":"Feature","properties":{"daily_trains":60.1,"path_trains":60.14},"geometry":{"type":"LineString","coordinates":[[116.0274,24.2547],[116.0274,24.2547]]}},{"type":"Feature","properties":{"daily_trains":65.0,"path_trains":189.71},"geometry":{"type":"LineString","coordinates":[[114.3346,23.1424],[114.3344,23.1426]]}},{"type":"Feature","properties":{"daily_trains":52.1,"path_trains":173.57},"geometry":{"type":"LineString","coordinates":[[115.1859,24.096],[115.186,24.096]]}},{"type":"Feature","properties":{"daily_trains":183.9,"path_trains":180.86},"geometry":{"type":"LineString","coordinates":[[114.0165,22.9683],[114.0279,22.9496],[114.0439,22.9326],[114.0453,22.9295],[114.0498,22.9151],[114.0514,22.9124],[114.0547,22.9093],[114.0699,22.8996],[114.0725,22.8971],[114.0745,22.8937],[114.0761,22.8863],[114.0764,22.8781],[114.0789,22.869],[114.0782,22.8571],[114.0768,22.8544],[114.0712,22.8517]]}},{"type":"Feature","properties":{"daily_trains":180.9,"path_trains":180.86},"geometry":{"type":"LineString","coordinates":[[113.8609,23.0866],[113.8921,23.0678],[113.8964,23.0665],[113.9048,23.0653],[113.9087,23.0637],[113.9483,23.0328],[113.9517,23.0315],[113.9594,23.0306],[113.9637,23.0286],[113.9826,23.011],[113.9957,22.9916],[114.0096,22.9791],[114.0127,22.9748],[114.016,22.9736]]}},{"type":"Feature","properties":{"daily_trains":180.9,"path_trains":180.86},"geometry":{"type":"LineString","coordinates":[[113.6839,23.1669],[113.7218,23.1804],[113.7276,23.1816],[113.7326,23.1817],[113.7805,23.1725],[113.8159,23.161],[113.829,23.1531],[113.832,23.1499],[113.8341,23.1465],[113.8396,23.1285],[113.8384,23.1147],[113.8388,23.1114],[113.8438,23.1002],[113.8483,23.0961]]}},{"type":"Feature","properties":{"daily_trains":288.7,"path_trains":281.71},"geometry":{"type":"LineString","coordinates":[[113.9502,22.7388],[113.9516,22.7648],[113.9548,22.7785],[113.9583,22.7869],[113.9615,22.7925],[113.9672,22.8002],[113.9719,22.8052],[113.9807,22.8127],[113.9908,22.8188],[113.9994,22.8223],[114.0197,22.8289],[114.0703,22.8512]]}},{"type":"Feature","properties":{"daily_trains":180.9,"path_trains":250.0},"geometry":{"type":"LineString","coordinates":[[114.0165,22.9683],[114.0151,22.9713],[114.016,22.9736]]}},{"type":"Feature","properties":{"daily_trains":77.7,"path_trains":336.28},"geometry":{"type":"LineString","coordinates":[[114.0712,22.8517],[114.0703,22.8512]]}},{"type":"Feature","properties":{"daily_trains":281.1,"path_trains":667.43},"geometry":{"type":"LineString","coordinates":[[113.9498,22.739],[113.9502,22.7388]]}},{"type":"Feature","properties":{"daily_trains":180.9,"path_trains":250.0},"geometry":{"type":"LineString","coordinates":[[114.0165,22.9683],[114.0165,22.9683]]}},{"type":"Feature","properties":{"daily_trains":92.3,"path_trains":180.86},"geometry":{"type":"LineString","coordinates":[[113.8483,23.0961],[113.8609,23.0866]]}},{"type":"Feature","properties":{"daily_trains":92.1,"path_trains":92.14},"geometry":{"type":"LineString","coordinates":[[111.6726,21.7977],[111.6969,21.7958],[111.7292,21.7957],[111.7445,21.7942],[111.7504,21.7944],[111.7866,21.8018],[111.8115,21.8051],[111.8179,21.8045],[111.8297,21.8015],[111.8352,21.8008],[111.8866,21.7997],[111.9223,21.7956],[111.9333,21.7956],[111.9478,21.7973],[111.953,21.7986],[111.9709,21.8072],[112.0171,21.8238],[112.0228,21.8252],[112.0377,21.8267],[112.0432,21.8281],[112.0707,21.8422],[112.0823,21.8488],[112.0955,21.8581],[112.1116,21.8722],[112.1205,21.8829],[112.1235,21.8894],[112.1311,21.913],[112.1385,21.9281],[112.1438,21.9449],[112.1566,21.9707],[112.16,21.984],[112.1636,21.9919],[112.1662,21.9956],[112.1715,22.0008],[112.1854,22.0099],[112.1988,22.0208],[112.2026,22.0248],[112.2226,22.0607],[112.2328,22.074],[112.2496,22.1017],[112.2778,22.14],[112.2846,22.1458],[112.2922,22.1495],[112.317,22.1584],[112.3271,22.1611],[112.3394,22.1632],[112.3664,22.1728],[112.3731,22.1761],[112.4022,22.195],[112.4102,22.1985],[112.4175,22.1998],[112.4559,22.2018],[112.464,22.2037],[112.472,22.2068],[112.4792,22.2109],[112.4856,22.2157],[112.4994,22.2296],[112.508,22.2356],[112.5431,22.2507],[112.5643,22.2564],[112.5729,22.2602],[112.5811,22.2668],[112.5902,22.2785],[112.5973,22.2862],[112.6181,22.3037],[112.639,22.3163],[112.6485,22.3199],[112.6581,22.3214],[112.6853,22.3219],[112.694,22.3213],[112.7032,22.3184],[112.7291,22.3044],[112.7354,22.3024],[112.7418,22.3015],[112.7685,22.3032],[112.7808,22.302],[112.7908,22.3018],[112.8359,22.3035],[112.8427,22.3046],[112.8499,22.3075],[112.8566,22.313],[112.8631,22.3212],[112.8661,22.3263],[112.8715,22.3387],[112.8759,22.3454],[112.9187,22.3932],[112.9271,22.4033],[112.9396,22.4153],[112.9614,22.44],[112.9671,22.4454],[112.9873,22.4576],[113.006,22.4715],[113.0093,22.4734],[113.013,22.4741],[113.0266,22.4728],[113.0537,22.4727],[113.061,22.4742],[113.0637,22.476],[113.0648,22.4787],[113.0666,22.5093],[113.0654,22.5285],[113.0657,22.532],[113.0676,22.5402],[113.069,22.5435],[113.0761,22.5523],[113.0842,22.5585],[113.0883,22.5606],[113.124,22.5739],[113.1375,22.577],[113.1775,22.5939],[113.194,22.5986],[113.2248,22.6098],[113.2305,22.6141],[113.2445,22.6291],[113.2524,22.636],[113.2584,22.6438],[113.2662,22.6525]]}},{"type":"Feature","properties":{"daily_trains":79.9,"path_trains":184.0},"geometry":{"type":"LineString","coordinates":[[111.6726,21.7977],[111.6153,21.8003],[111.6009,21.7995],[111.5862,21.7972],[111.5777,21.7933],[111.5725,21.7897],[111.5529,21.7675],[111.5463,21.7621],[111.5402,21.7584],[111.5322,21.7546],[111.4973,21.7432],[111.4646,21.7298]]}},{"type":"Feature","properties":{"daily_trains":286.0,"path_trains":282.0},"geometry":{"type":"LineString","coordinates":[[113.2662,22.6525],[113.2795,22.6669],[113.2971,22.688],[113.3002,22.6926],[113.3019,22.6982],[113.3028,22.7113],[113.305,22.7261],[113.3044,22.7424],[113.3055,22.7495],[113.3089,22.76],[113.3111,22.764],[113.3163,22.7704],[113.3256,22.7786],[113.3287,22.7827],[113.3308,22.7884],[113.3313,22.7946],[113.3296,22.8102],[113.3273,22.8153],[113.3242,22.8193],[113.3211,22.8217],[113.3074,22.829],[113.3037,22.832],[113.3001,22.8369],[113.295,22.8506],[113.2928,22.8546],[113.2878,22.8599],[113.2793,22.8658],[113.2753,22.8698],[113.2703,22.8799],[113.2671,22.8882],[113.2666,22.8928],[113.2675,22.9042],[113.2659,22.9098],[113.2619,22.9153],[113.2499,22.9245]]}},{"type":"Feature","properties":{"daily_trains":286.0,"path_trains":282.0},"geometry":{"type":"LineString","coordinates":[[113.2709,22.9829],[113.2737,22.9784],[113.2751,22.9735],[113.2744,22.9676],[113.2725,22.9632],[113.2683,22.959],[113.2491,22.9476],[113.2461,22.9445],[113.244,22.9408],[113.2433,22.936],[113.2442,22.9317],[113.2459,22.9285],[113.25,22.9246]]}},{"type":"Feature","properties":{"daily_trains":82.9,"path_trains":82.86},"geometry":{"type":"LineString","coordinates":[[111.3657,21.6872],[111.3379,21.6719],[111.3284,21.6695],[111.3185,21.6695],[111.2772,21.6795],[111.2563,21.6861],[111.1758,21.7087],[111.1677,21.7096],[111.1562,21.7094],[111.1259,21.7041],[111.1197,21.7036],[111.0887,21.7071],[111.0765,21.7072],[111.0632,21.7049],[111.0486,21.6997],[111.0399,21.6957],[111.0252,21.6863],[110.9811,21.6522],[110.9748,21.6462],[110.9711,21.6443],[110.9677,21.6437],[110.9539,21.6435],[110.9479,21.6415],[110.9451,21.6413],[110.9125,21.6478],[110.8967,21.6542]]}},{"type":"Feature","properties":{"daily_trains":184.0,"path_trains":184.0},"geometry":{"type":"LineString","coordinates":[[111.4646,21.7298],[111.4394,21.7156],[111.3994,21.699],[111.3742,21.6912],[111.3657,21.6872]]}},{"type":"Feature","properties":{"daily_trains":18.0,"path_trains":371.0},"geometry":{"type":"LineString","coordinates":[[113.2006,23.3694],[113.2008,23.3695]]}},{"type":"Feature","properties":{"daily_trains":55.6,"path_trains":52.86},"geometry":{"type":"LineString","coordinates":[[110.2833,21.252],[110.2839,21.2635],[110.2863,21.2752],[110.2868,21.2824],[110.2861,21.2881],[110.2816,21.3077],[110.2812,21.3138],[110.2819,21.3211],[110.2848,21.3305],[110.2887,21.3392],[110.2946,21.3467],[110.3006,21.3518],[110.337,21.3727],[110.3585,21.382],[110.372,21.3924],[110.3768,21.395],[110.3862,21.3984],[110.4004,21.4015],[110.407,21.4045],[110.4128,21.4083],[110.4262,21.4201],[110.4317,21.4236],[110.4384,21.4264],[110.4588,21.4323],[110.4717,21.437],[110.4826,21.4401],[110.4911,21.4414],[110.5202,21.443],[110.5389,21.4475],[110.5746,21.4526],[110.6241,21.4693],[110.6318,21.4713],[110.6509,21.4752],[110.6851,21.4841],[110.6917,21.4849],[110.7041,21.4849],[110.7179,21.4873],[110.7384,21.4935],[110.747,21.4973],[110.7549,21.5032],[110.7756,21.5229],[110.782,21.5299],[110.7867,21.5383],[110.7919,21.5539],[110.8031,21.5733],[110.8074,21.579],[110.8205,21.5904],[110.8239,21.5941],[110.8491,21.634],[110.8537,21.6395],[110.8598,21.6447],[110.8694,21.6499],[110.8845,21.6546],[110.8898,21.6551],[110.8967,21.6542]]}},{"type":"Feature","properties":{"daily_trains":55.6,"path_trains":156.71},"geometry":{"type":"LineString","coordinates":[[110.7615,21.5095],[110.7619,21.5093]]}},{"type":"Feature","properties":{"daily_trains":55.6,"path_trains":156.71},"geometry":{"type":"LineString","coordinates":[[110.7619,21.5093],[110.7618,21.5093]]}},{"type":"Feature","properties":{"daily_trains":75.6,"path_trains":75.57},"geometry":{"type":"LineString","coordinates":[[114.0788,22.8645],[114.0786,22.8599],[114.0792,22.8564],[114.0948,22.8154],[114.0953,22.8044],[114.0977,22.7951],[114.1071,22.7485],[114.1083,22.7315],[114.1076,22.7279],[114.1049,22.7211],[114.105,22.7165],[114.1066,22.713],[114.1138,22.704],[114.1275,22.683],[114.1318,22.6604],[114.1331,22.6501],[114.1355,22.6402]]}},{"type":"Feature","properties":{"daily_trains":262.5,"path_trains":186.86},"geometry":{"type":"LineString","coordinates":[[114.1346,22.6353],[114.1288,22.6328],[114.1242,22.6294],[114.1168,22.6273],[114.1149,22.6257],[114.1136,22.6232],[114.1134,22.6199],[114.1152,22.6141],[114.1148,22.6052],[114.1139,22.6024],[114.1093,22.5934],[114.1088,22.5912],[114.1092,22.5887],[114.1116,22.5838],[114.1123,22.5792],[114.1092,22.5541],[114.1111,22.5408]]}},{"type":"Feature","properties":{"daily_trains":242.7,"path_trains":297.14},"geometry":{"type":"LineString","coordinates":[[113.2448,23.1556],[113.2425,23.1555],[113.2409,23.1546],[113.24,23.153],[113.2399,23.1511]]}},{"type":"Feature","properties":{"daily_trains":197.6,"path_trains":295.14},"geometry":{"type":"LineString","coordinates":[[113.2398,23.1511],[113.2392,23.1548],[113.2371,23.159],[113.2386,23.1647],[113.2416,23.1829]]}},{"type":"Feature","properties":{"daily_trains":197.6,"path_trains":197.57},"geometry":{"type":"LineString","coordinates":[[113.2418,23.1892],[113.2416,23.1829]]}},{"type":"Feature","properties":{"daily_trains":44.9,"path_trains":339.57},"geometry":{"type":"LineString","coordinates":[[113.2561,23.1505],[113.2457,23.1553]]}},{"type":"Feature","properties":{"daily_trains":110.4,"path_trains":297.14},"geometry":{"type":"LineString","coordinates":[[113.2457,23.1553],[113.2448,23.1556]]}},{"type":"Feature","properties":{"daily_trains":197.6,"path_trains":297.14},"geometry":{"type":"LineString","coordinates":[[113.2398,23.1511],[113.2399,23.1511]]}},{"type":"Feature","properties":{"daily_trains":46.6,"path_trains":547.14},"geometry":{"type":"LineString","coordinates":[[113.0376,23.0833],[113.0526,23.0867],[113.0702,23.0976],[113.0759,23.0996],[113.0799,23.0997],[113.1007,23.0966],[113.1045,23.0951],[113.1135,23.0893],[113.1204,23.0879],[113.1251,23.0887],[113.1475,23.096],[113.1616,23.0987],[113.1726,23.1028],[113.1879,23.1028],[113.1921,23.102],[113.1955,23.0998],[113.1981,23.0958],[113.2044,23.0691],[113.2122,23.0546],[113.2199,23.0338],[113.2227,23.0307],[113.2277,23.0273],[113.2386,23.0223],[113.244,23.0186],[113.2532,23.0067],[113.265,22.9891],[113.2685,22.9862]]}},{"type":"Feature","properties":{"daily_trains":183.1,"path_trains":104.14},"geometry":{"type":"LineString","coordinates":[[113.2399,23.1511],[113.2407,23.1444],[113.2383,23.1403],[113.2269,23.129],[113.2239,23.1281],[113.2158,23.128],[113.212,23.1261],[113.202,23.1118],[113.1992,23.1054],[113.1961,23.1027],[113.1924,23.1019],[113.1726,23.1025],[113.1623,23.0985],[113.1457,23.0953],[113.1219,23.0873],[113.1185,23.0855],[113.1154,23.0823],[113.1081,23.0691],[113.1073,23.0641],[113.1086,23.0531],[113.1074,23.0506],[113.1049,23.0489],[113.1015,23.0487],[113.0726,23.0548],[113.0511,23.0562],[113.0456,23.0561],[113.0386,23.0541],[113.025,23.0474],[113.0197,23.0454],[113.0128,23.0439],[112.9918,23.041],[112.969,23.0343],[112.9303,23.0196],[112.9059,23.0078],[112.8953,23.0013],[112.8792,22.9863],[112.872,22.9811],[112.845,22.9657],[112.8366,22.9623],[112.8293,22.9602],[112.8201,22.9587],[112.8104,22.9584],[112.7643,22.9638],[112.7585,22.9641],[112.7493,22.9634],[112.7096,22.9564],[112.6748,22.9474],[112.6304,22.9382],[112.615,22.9326],[112.6059,22.9276],[112.5956,22.9198],[112.5874,22.9111],[112.5811,22.9022],[112.5748,22.8887],[112.5639,22.8488],[112.5599,22.8386],[112.5511,22.8204],[112.5468,22.8131],[112.5399,22.8047],[112.5325,22.798],[112.5233,22.7921],[112.5141,22.7879],[112.471,22.7752],[112.4424,22.7638],[112.4286,22.7576],[112.4053,22.7455],[112.3841,22.7364],[112.367,22.7262],[112.3092,22.6955],[112.2685,22.666],[112.2452,22.6526],[112.2201,22.6347],[112.2137,22.6294],[112.206,22.6212],[112.1998,22.6127],[112.1422,22.5138],[112.1333,22.4974],[112.1154,22.4748],[112.1043,22.4563],[112.0687,22.409],[112.0226,22.3598],[112.0063,22.3401],[111.9954,22.3251],[111.983,22.3045],[111.9314,22.2404],[111.9226,22.2284],[111.9172,22.2196],[111.9128,22.2109],[111.9094,22.2021],[111.8968,22.1631],[111.8942,22.1535],[111.8925,22.1412],[111.892,22.1158],[111.8886,22.0886],[111.8786,22.0535],[111.872,22.0337],[111.8651,22.0002],[111.8622,21.98],[111.86,21.9699],[111.8574,21.9624],[111.8542,21.9554],[111.8259,21.9075],[111.8174,21.8954],[111.8032,21.8808],[111.7935,21.8737],[111.7727,21.8628],[111.7661,21.8585],[111.7174,21.8179],[111.7087,21.8128],[111.6943,21.8065],[111.684,21.8029],[111.673,21.8005],[111.6554,21.7991],[111.618,21.8012],[111.6067,21.8014],[111.5933,21.7996],[111.5814,21.796],[111.5701,21.7906],[111.5456,21.7733],[111.5133,21.7545],[111.4678,21.7319],[111.4423,21.7175],[111.3827,21.6963],[111.3689,21.6895],[111.3457,21.6764],[111.3386,21.673],[111.2908,21.6571],[111.2715,21.652],[111.189,21.6381],[111.1599,21.637],[111.1211,21.6341],[111.1099,21.6327],[111.0461,21.6174],[111.0234,21.6111],[110.9406,21.5937],[110.9135,21.5856],[110.8806,21.5732],[110.8706,21.5709],[110.8421,21.5663],[110.8265,21.5622],[110.8175,21.5582],[110.8095,21.5536],[110.7928,21.5401],[110.7873,21.5348]]}},{"type":"Feature","properties":{"daily_trains":33.6,"path_trains":327.14},"geometry":{"type":"LineString","coordinates":[[114.0712,22.8517],[114.0599,22.8465]]}},{"type":"Feature","properties":{"daily_trains":74.6,"path_trains":339.57},"geometry":{"type":"LineString","coordinates":[[113.2457,23.1553],[113.2561,23.1505]]}},{"type":"Feature","properties":{"daily_trains":46.3,"path_trains":750.43},"geometry":{"type":"LineString","coordinates":[[113.1989,23.0931],[113.1989,23.0931]]}},{"type":"Feature","properties":{"daily_trains":81.3,"path_trains":750.43},"geometry":{"type":"LineString","coordinates":[[113.1904,23.102],[113.1906,23.1023]]}},{"type":"Feature","properties":{"daily_trains":7.0,"path_trains":667.43},"geometry":{"type":"LineString","coordinates":[[113.9507,22.7496],[113.9507,22.7496]]}},{"type":"Feature","properties":{"daily_trains":7.0,"path_trains":667.43},"geometry":{"type":"LineString","coordinates":[[113.9502,22.7496],[113.9507,22.7496]]}},{"type":"Feature","properties":{"daily_trains":108.3,"path_trains":596.85},"geometry":{"type":"LineString","coordinates":[[114.0293,22.6067],[114.0292,22.6066]]}},{"type":"Feature","properties":{"daily_trains":53.6,"path_trains":53.57},"geometry":{"type":"LineString","coordinates":[[109.1502,19.5946],[109.141,19.5883],[109.0326,19.5237],[108.9774,19.4887],[108.9274,19.454],[108.8496,19.389],[108.8437,19.3818],[108.8376,19.3712],[108.8338,19.3666],[108.8286,19.3621],[108.8181,19.3553],[108.8109,19.3481],[108.7934,19.324],[108.787,19.3123],[108.7763,19.2839],[108.7631,19.2337],[108.7579,19.2211],[108.7526,19.2121],[108.7369,19.1908],[108.7254,19.1646],[108.7096,19.1413],[108.694,19.111],[108.6906,19.1014],[108.6847,19.0761],[108.6796,19.0608],[108.6787,19.0523],[108.6793,19.0443],[108.6956,18.9633],[108.6955,18.9435],[108.6993,18.9048],[108.7165,18.8393],[108.7179,18.832],[108.7178,18.822],[108.713,18.796],[108.7124,18.7898],[108.7122,18.7667],[108.7149,18.7463],[108.7131,18.7079],[108.7148,18.6975],[108.7215,18.6768],[108.7554,18.6112],[108.7721,18.5648],[108.779,18.5543],[108.7833,18.5497],[108.7907,18.5441],[108.7996,18.5396],[108.854,18.522],[108.8634,18.5177],[108.8712,18.5121],[108.9208,18.469]]}},{"type":"Feature","properties":{"daily_trains":93.9,"path_trains":93.85},"geometry":{"type":"LineString","coordinates":[[110.1566,20.0233],[110.156,20.0099],[110.1569,20.0014],[110.1585,19.9984],[110.1644,19.9912],[110.1694,19.9882],[110.1753,19.988],[110.1847,19.9916],[110.1922,19.9933],[110.1989,19.9939],[110.2232,19.994],[110.236,19.9971],[110.2439,19.9982],[110.2717,19.9983],[110.2899,19.9978],[110.3021,19.9967],[110.3251,19.9973],[110.33,19.9991],[110.3319,19.999],[110.3345,19.9977],[110.3367,19.9943],[110.3388,19.9778],[110.3398,19.9756],[110.3416,19.9737],[110.3919,19.9503],[110.3984,19.9484],[110.4044,19.9475],[110.4433,19.9445],[110.4948,19.9447],[110.5025,19.9441],[110.5111,19.9423],[110.5177,19.9399],[110.5239,19.9369],[110.531,19.9321],[110.5473,19.9194],[110.5566,19.9098],[110.6418,19.7978],[110.6657,19.7615],[110.691,19.7273],[110.6977,19.7146],[110.7024,19.7004],[110.7116,19.6605],[110.714,19.6419],[110.7165,19.6329],[110.7215,19.623],[110.7405,19.5968],[110.7459,19.5861],[110.7479,19.5785],[110.7487,19.5712],[110.7483,19.5641],[110.7467,19.557],[110.7417,19.5457],[110.7287,19.5265],[110.7197,19.5163],[110.6737,19.4742],[110.6671,19.4671],[110.5987,19.3788],[110.5552,19.3151],[110.5494,19.3086],[110.5013,19.2605],[110.4962,19.2544],[110.48,19.2286],[110.4711,19.2164],[110.4665,19.2083],[110.4633,19.1977],[110.4625,19.189],[110.4635,19.1801],[110.4658,19.1718],[110.5157,19.0756],[110.5198,19.0661],[110.5219,19.0552],[110.5218,19.044],[110.5192,19.033],[110.5149,19.0241],[110.4792,18.9692],[110.4681,18.9547],[110.4606,18.9414],[110.4528,18.9233],[110.449,18.9157],[110.42,18.8694],[110.4017,18.8435],[110.3877,18.8258],[110.3665,18.7958],[110.3427,18.771],[110.319,18.7501],[110.3136,18.7432],[110.2997,18.7214],[110.294,18.7146],[110.2514,18.6784],[110.2467,18.6725],[110.2334,18.6513],[110.2302,18.6475],[110.2239,18.6418],[110.2167,18.6368],[110.1855,18.6194],[110.1788,18.6144],[110.1744,18.6101],[110.1537,18.5826],[110.1499,18.5783],[110.1447,18.5739],[110.1336,18.5675],[110.1122,18.5599],[110.0937,18.5571],[110.0126,18.5337],[109.9443,18.5196],[109.9377,18.5178],[109.8262,18.4723],[109.8026,18.4589],[109.7946,18.4532],[109.789,18.4477],[109.7752,18.4309],[109.7693,18.4259],[109.7529,18.4152],[109.7022,18.3668],[109.6954,18.362],[109.656,18.3381],[109.6341,18.3187],[109.6273,18.3136],[109.623,18.3112],[109.6157,18.3086],[109.5987,18.3048],[109.5865,18.2978],[109.5791,18.2943],[109.5713,18.2923],[109.5647,18.2916],[109.5578,18.292],[109.5508,18.2935],[109.5347,18.3009],[109.5248,18.303],[109.5166,18.3024],[109.5035,18.2987],[109.4676,18.299],[109.4636,18.3004],[109.4378,18.314],[109.432,18.3155],[109.426,18.3152],[109.4148,18.3117],[109.3945,18.3093],[109.3878,18.3094],[109.3803,18.3115],[109.3453,18.3282],[109.3251,18.3352],[109.3086,18.3442],[109.3005,18.3473],[109.2368,18.3663],[109.2171,18.371],[109.1966,18.3777],[109.1846,18.38],[109.1746,18.3803]]}},{"type":"Feature","properties":{"daily_trains":53.6,"path_trains":53.57},"geometry":{"type":"LineString","coordinates":[[109.1502,19.5946],[109.2141,19.6417],[109.3001,19.6852],[109.3087,19.6906],[109.4047,19.7594],[109.4145,19.7657],[109.4301,19.773],[109.492,19.7939]]}},{"type":"Feature","properties":{"daily_trains":53.6,"path_trains":53.57},"geometry":{"type":"LineString","coordinates":[[110.1566,20.0233],[110.1553,19.9911],[110.1561,19.9792],[110.1555,19.973],[110.1532,19.9661],[110.1479,19.9562],[110.1441,19.9504],[110.1397,19.9458],[110.1318,19.9406],[110.1005,19.9286],[110.0798,19.9184],[110.0708,19.9156],[110.0565,19.9126],[110.0479,19.9095],[110.0192,19.8939],[110.0114,19.8905],[110.0015,19.8883],[109.8938,19.8758],[109.8774,19.8755],[109.8538,19.8774],[109.8448,19.877],[109.8277,19.8745],[109.7945,19.8741],[109.7345,19.8666],[109.6773,19.8604],[109.6707,19.8589],[109.6595,19.8552],[109.6285,19.8401],[109.492,19.794]]}},{"type":"Feature","properties":{"daily_trains":45.6,"path_trains":54.57},"geometry":{"type":"LineString","coordinates":[[110.1631,19.9927],[110.1612,19.9945],[110.1591,19.995],[110.1571,19.9942],[110.1557,19.9926]]}},{"type":"Feature","properties":{"daily_trains":55.6,"path_trains":53.57},"geometry":{"type":"LineString","coordinates":[[109.1746,18.3804],[109.1077,18.3752],[109.0663,18.3777],[109.0561,18.3799],[109.0128,18.3949],[108.9735,18.4067],[108.9671,18.4092],[108.9605,18.4128],[108.9542,18.4175],[108.9485,18.4231],[108.9413,18.4335],[108.9282,18.4596],[108.9208,18.469]]}},{"type":"Feature","properties":{"daily_trains":53.6,"path_trains":53.57},"geometry":{"type":"LineString","coordinates":[[108.9208,18.469],[108.9208,18.469]]}},{"type":"Feature","properties":{"daily_trains":53.6,"path_trains":53.57},"geometry":{"type":"LineString","coordinates":[[109.1502,19.5946],[109.1502,19.5946]]}},{"type":"Feature","properties":{"daily_trains":159.4,"path_trains":336.28},"geometry":{"type":"LineString","coordinates":[[114.0703,22.8512],[114.0704,22.8512]]}},{"type":"Feature","properties":{"daily_trains":34.7,"path_trains":256.0},"geometry":{"type":"LineString","coordinates":[[114.3002,23.11],[114.3001,23.1096]]}},{"type":"Feature","properties":{"daily_trains":34.7,"path_trains":256.0},"geometry":{"type":"LineString","coordinates":[[114.3002,23.1097],[114.3001,23.1096]]}},{"type":"Feature","properties":{"daily_trains":121.1,"path_trains":667.43},"geometry":{"type":"LineString","coordinates":[[113.9502,22.7388],[113.9495,22.7182],[113.9511,22.7052],[113.9533,22.6981],[113.9559,22.6922],[113.9657,22.6725],[113.9709,22.6644]]}},{"type":"Feature","properties":{"daily_trains":121.1,"path_trains":667.43},"geometry":{"type":"LineString","coordinates":[[113.9941,22.6405],[113.9844,22.6481],[113.9709,22.6644]]}},{"type":"Feature","properties":{"daily_trains":1.0,"path_trains":101.85},"geometry":{"type":"LineString","coordinates":[[110.3383,19.9811],[110.3384,19.9811]]}},{"type":"Feature","properties":{"daily_trains":178.7,"path_trains":174.71},"geometry":{"type":"LineString","coordinates":[[113.2662,22.6525],[113.2558,22.6408],[113.2537,22.6366],[113.2528,22.6331],[113.2528,22.6276],[113.2542,22.6226],[113.2567,22.6184],[113.2613,22.6141],[113.266,22.6117],[113.29,22.6038],[113.3124,22.6007],[113.3201,22.5979],[113.327,22.5926],[113.3358,22.5797],[113.3499,22.5653],[113.354,22.562],[113.3585,22.5599],[113.3629,22.5589],[113.3684,22.5588],[113.3838,22.5624],[113.3973,22.5645],[113.4051,22.5639],[113.4121,22.5614],[113.419,22.5566],[113.4458,22.5277],[113.4533,22.5219],[113.4598,22.5191],[113.4675,22.517],[113.4896,22.5153],[113.5054,22.5126],[113.5106,22.5108],[113.5141,22.5087],[113.5192,22.5032],[113.533,22.4817],[113.5364,22.4739],[113.5373,22.4591],[113.5387,22.4495],[113.5437,22.4336],[113.5493,22.3808],[113.5495,22.3743],[113.5483,22.3698],[113.5413,22.3555],[113.5374,22.3345],[113.5351,22.3262],[113.5328,22.323],[113.524,22.3159],[113.5156,22.3059],[113.5078,22.2868],[113.505,22.2777],[113.5058,22.2755],[113.5117,22.2701],[113.5136,22.2671],[113.5168,22.2413],[113.5261,22.2322],[113.5357,22.2194]]}},{"type":"Feature","properties":{"daily_trains":96.9,"path_trains":86.57},"geometry":{"type":"LineString","coordinates":[[112.8159,28.2662],[112.7993,28.2723],[112.797,28.2741],[112.7949,28.2748],[112.7777,28.2788],[112.7667,28.2807],[112.7387,28.283],[112.7099,28.2838],[112.671,28.2882],[112.6484,28.2923],[112.6324,28.294],[112.564,28.2935],[112.5521,28.2945],[112.5092,28.3052],[112.498,28.3099],[112.4858,28.3176],[112.4791,28.3232],[112.4733,28.3293],[112.4676,28.3372],[112.4629,28.3454],[112.457,28.3571],[112.4544,28.3646],[112.4508,28.3884],[112.4472,28.4003],[112.4425,28.409],[112.4253,28.433],[112.4026,28.4813],[112.3977,28.4891],[112.3912,28.4963],[112.3855,28.5012],[112.3773,28.5067],[112.3681,28.5113],[112.3577,28.5148],[112.3445,28.5168],[112.2873,28.5195],[112.2761,28.5208],[112.2669,28.5231],[112.2563,28.5274],[112.2483,28.5319],[112.2433,28.5356],[112.2357,28.5422],[112.209,28.572],[112.1713,28.6044],[112.155,28.6231],[112.1504,28.6273],[112.1087,28.6584],[112.0971,28.6681],[112.0709,28.6926],[112.059,28.7029],[112.0226,28.7324],[112.017,28.7378],[112.0124,28.743],[112.009,28.7481],[112.0017,28.7602],[111.999,28.7659],[111.9966,28.7726],[111.9909,28.7966],[111.9874,28.8061],[111.98,28.8178],[111.9735,28.8248],[111.9682,28.8293],[111.9598,28.8348],[111.9206,28.8536],[111.912,28.8591],[111.9008,28.8681],[111.858,28.9079],[111.8349,28.9369],[111.7991,28.9713],[111.7916,28.9775],[111.7823,28.9832],[111.7737,28.987],[111.7422,28.9952],[111.736,28.9984],[111.7319,29.002],[111.7277,29.0079],[111.7254,29.0143],[111.7255,29.0358],[111.7237,29.0437],[111.711,29.0662],[111.7075,29.0698],[111.7037,29.0717],[111.6574,29.0827],[111.6297,29.0858],[111.6214,29.0858],[111.6109,29.0835],[111.5664,29.0657],[111.5391,29.0586],[111.5286,29.0541],[111.5018,29.0363],[111.4954,29.0305],[111.4759,29.0105],[111.4716,29.0047],[111.4679,28.9981],[111.4458,28.9466],[111.4367,28.929],[111.433,28.9241],[111.4264,28.9182],[111.4219,28.9152],[111.4127,28.9111],[111.4019,28.9089],[111.3737,28.9058],[111.3682,28.9058],[111.3403,28.908],[111.3094,28.9127],[111.2807,28.9184],[111.2597,28.9209],[111.2166,28.9334],[111.1802,28.9404],[111.1665,28.9418],[111.1601,28.9433],[111.1435,28.9517],[111.095,28.9719],[111.034,29.0025],[111.028,29.0063],[111.0125,29.0183],[111.0053,29.0256],[110.9761,29.0508],[110.9656,29.0576],[110.8541,29.1055],[110.844,29.1093],[110.8045,29.1308],[110.763,29.1507],[110.6972,29.175],[110.6907,29.1783],[110.6822,29.1851],[110.674,29.1889],[110.6577,29.1903],[110.6526,29.1897],[110.6475,29.1882],[110.6385,29.1834],[110.6087,29.16],[110.6055,29.1582],[110.5973,29.155],[110.5739,29.1491],[110.5472,29.1451],[110.517,29.142],[110.5046,29.1419],[110.4922,29.1428],[110.4831,29.1449],[110.4774,29.1478],[110.4702,29.1534],[110.4336,29.2009],[110.4199,29.2163],[110.4136,29.2216],[110.4034,29.2286],[110.3844,29.2386],[110.3766,29.2436],[110.3543,29.2627],[110.347,29.2698],[110.3401,29.2786],[110.3209,29.3099],[110.3142,29.3178],[110.3065,29.3244],[110.2843,29.3395],[110.2753,29.3438],[110.2669,29.3457],[110.2493,29.3475],[110.2412,29.3497],[110.2305,29.3546],[110.2229,29.3566],[110.2064,29.3587],[110.1926,29.3613],[110.1847,29.364],[110.1669,29.3731],[110.1586,29.3755],[110.1538,29.3759],[110.1346,29.3737],[110.1239,29.372],[110.1177,29.3703],[110.111,29.3677],[110.061,29.3424],[110.0511,29.3394],[110.0415,29.3383],[110.034,29.3385],[110.026,29.3399],[110.0107,29.3457],[110.0015,29.3482],[109.9298,29.3597],[109.8887,29.3604],[109.8734,29.3594],[109.8466,29.3556],[109.8363,29.3549],[109.775,29.3544],[109.7317,29.3521],[109.6775,29.3541],[109.6601,29.3557],[109.6434,29.3564],[109.6265,29.3582],[109.6067,29.3565],[109.5975,29.3572],[109.5827,29.362],[109.5642,29.3697],[109.5441,29.384],[109.5363,29.3905],[109.5022,29.4262],[109.4933,29.4428],[109.4855,29.4534],[109.4783,29.4655],[109.4485,29.5065],[109.4453,29.5102],[109.439,29.5155],[109.4284,29.5211],[109.4217,29.5231],[109.4147,29.5242],[109.4049,29.5242],[109.3657,29.5207]]}},{"type":"Feature","properties":{"daily_trains":92.6,"path_trains":92.57},"geometry":{"type":"LineString","coordinates":[[113.0098,28.2039],[113.0102,28.2097],[113.0085,28.2145],[112.9958,28.2249],[112.994,28.2256],[112.9665,28.2273],[112.9577,28.2328],[112.9532,28.2339],[112.9356,28.2344],[112.9194,28.2335],[112.8918,28.2341],[112.8896,28.235],[112.875,28.2458],[112.8684,28.2492],[112.8493,28.2541],[112.824,28.2633]]}},{"type":"Feature","properties":{"daily_trains":92.6,"path_trains":92.57},"geometry":{"type":"LineString","coordinates":[[112.8159,28.2662],[112.8159,28.2662]]}},{"type":"Feature","properties":{"daily_trains":92.6,"path_trains":92.57},"geometry":{"type":"LineString","coordinates":[[112.8159,28.2662],[112.824,28.2633]]}},{"type":"Feature","properties":{"daily_trains":66.1,"path_trains":63.14},"geometry":{"type":"LineString","coordinates":[[110.1627,27.34],[110.1405,27.3582],[110.1312,27.367],[110.1162,27.3831],[110.036,27.5105],[110.0288,27.5184],[110.0227,27.521],[110.0148,27.5211],[110.0082,27.5187],[109.9974,27.5171],[109.9734,27.5105],[109.9702,27.5081],[109.9675,27.5008],[109.9662,27.4991],[109.9594,27.4948],[109.9564,27.494],[109.9382,27.4975],[109.9297,27.5004],[109.9204,27.5059],[109.9128,27.5133],[109.9089,27.519],[109.9065,27.5246],[109.9049,27.5306],[109.9044,27.5373],[109.9051,27.5439],[109.9146,27.5893],[109.9152,27.5977],[109.9145,27.6068],[109.9116,27.6169],[109.9023,27.6373],[109.8848,27.6874],[109.8808,27.6956],[109.876,27.7026],[109.8522,27.7299],[109.8435,27.7411],[109.8191,27.7828],[109.808,27.8049],[109.8036,27.8115],[109.7968,27.8198],[109.7895,27.8267],[109.7599,27.8511],[109.737,27.8762],[109.7115,27.9016],[109.7009,27.9091],[109.6753,27.9226],[109.6656,27.9286],[109.623,27.9635],[109.6165,27.9695],[109.612,27.9746],[109.6079,27.9807],[109.6047,27.9874],[109.6015,28.0011],[109.5979,28.0456],[109.5986,28.0577],[109.6023,28.0708],[109.617,28.1067],[109.6244,28.1193],[109.635,28.1351],[109.6441,28.1441],[109.6724,28.1657],[109.6902,28.1826],[109.8107,28.3143],[109.8154,28.3204],[109.8282,28.3396],[109.8505,28.3673],[109.8725,28.3912],[109.8761,28.397],[109.8777,28.4004],[109.9059,28.4916],[109.9063,28.4999],[109.8996,28.5602],[109.9013,28.5748],[109.9051,28.5868],[109.9079,28.5921],[109.941,28.6368],[109.9449,28.6434],[109.9476,28.6495],[109.9501,28.6585],[109.9511,28.6687],[109.9505,28.6773],[109.9467,28.698],[109.9467,28.7064],[109.9477,28.7136],[109.9497,28.7207],[109.9527,28.728],[109.9651,28.7511],[109.9701,28.7586],[110.0082,28.8029],[110.0143,28.8088],[110.0215,28.8141],[110.0325,28.82],[110.1515,28.8702],[110.1592,28.8749],[110.1845,28.8935],[110.2023,28.9088],[110.2122,28.9209],[110.2299,28.9485],[110.2371,28.9567],[110.2539,28.9724],[110.2937,29.0218],[110.359,29.0779],[110.3654,29.0843],[110.3724,29.0931],[110.394,29.1313],[110.3966,29.1373],[110.4029,29.1555],[110.4047,29.1635],[110.4054,29.1715],[110.4037,29.1935],[110.4056,29.1993],[110.4097,29.2042],[110.4157,29.2071],[110.4222,29.2081],[110.4289,29.2069],[110.4343,29.2039],[110.4371,29.2011],[110.4493,29.1817],[110.4619,29.1649]]}},{"type":"Feature","properties":{"daily_trains":63.1,"path_trains":134.57},"geometry":{"type":"LineString","coordinates":[[110.4619,29.1649],[110.4603,29.1659]]}},{"type":"Feature","properties":{"daily_trains":63.1,"path_trains":134.57},"geometry":{"type":"LineString","coordinates":[[110.461,29.1649],[110.4603,29.1659]]}},{"type":"Feature","properties":{"daily_trains":104.3,"path_trains":104.28},"geometry":{"type":"LineString","coordinates":[[106.3656,38.2889],[106.3717,38.2978],[106.3726,38.3004],[106.3736,38.3088],[106.3748,38.3118],[106.3855,38.3271],[106.3863,38.3302],[106.3857,38.3327],[106.3837,38.3352],[106.3638,38.3525],[106.3445,38.3678],[106.3351,38.3744],[106.2833,38.4015],[106.2739,38.4039],[106.2576,38.4049],[106.2246,38.4083]]}},{"type":"Feature","properties":{"daily_trains":63.0,"path_trains":38.0},"geometry":{"type":"LineString","coordinates":[[106.0534,37.5968],[106.0391,37.5887],[106.0043,37.5608],[105.9917,37.5527],[105.9822,37.5482],[105.9204,37.5253],[105.8695,37.5015],[105.8603,37.4967],[105.8458,37.4877],[105.7976,37.4554],[105.7886,37.4511],[105.7764,37.448],[105.7695,37.4474],[105.7618,37.4476],[105.7268,37.4517],[105.6763,37.4466],[105.6484,37.4486],[105.6416,37.4486],[105.6193,37.445],[105.611,37.4444],[105.5073,37.4428],[105.4779,37.4462],[105.4497,37.4452],[105.3803,37.4522],[105.3079,37.4616],[105.2999,37.4635],[105.2685,37.4747],[105.2558,37.4764],[105.2199,37.4732],[105.1348,37.4698],[105.1269,37.4685],[105.1168,37.4658],[105.1068,37.4618],[105.0995,37.4578],[105.089,37.4501],[105.0827,37.4437],[105.039,37.39],[104.9805,37.2781],[104.9621,37.2362],[104.9577,37.2292],[104.9329,37.1968],[104.9274,37.1887],[104.886,37.1146],[104.8804,37.1023],[104.853,37.0149],[104.8491,37.0056],[104.8446,36.998],[104.8101,36.9564],[104.7788,36.9197],[104.7701,36.9125],[104.7107,36.8708],[104.7016,36.8604],[104.6957,36.8507],[104.6946,36.8476],[104.6939,36.8407],[104.6942,36.8374],[104.6963,36.8299],[104.732,36.7461],[104.7336,36.7412],[104.7346,36.7356],[104.7344,36.7271],[104.7276,36.6769],[104.7239,36.6671],[104.7167,36.6571],[104.7092,36.6508],[104.6861,36.6349],[104.635,36.5848],[104.6218,36.574],[104.5744,36.5458],[104.4825,36.4822],[104.4693,36.4754],[104.4543,36.4704],[104.3784,36.4581],[104.2991,36.4578],[104.2891,36.4587],[104.2811,36.4606],[104.2596,36.47],[104.249,36.4731],[104.2127,36.4786],[104.2012,36.4793],[104.1486,36.4755],[104.082,36.4588],[104.0746,36.4576],[104.0638,36.4573],[103.9831,36.4589],[103.8198,36.4791],[103.8067,36.4793],[103.7981,36.4779],[103.7433,36.4632],[103.7317,36.4578],[103.6866,36.4327],[103.6778,36.4286],[103.6672,36.4252],[103.6271,36.4167],[103.6063,36.4079],[103.6025,36.4055],[103.5996,36.4027],[103.5972,36.3993],[103.5956,36.3952],[103.5859,36.3367],[103.5861,36.3308],[103.5959,36.2791],[103.5967,36.2718],[103.5962,36.2639],[103.5899,36.241],[103.5892,36.2359],[103.5894,36.2202],[103.5923,36.205],[103.5901,36.1882],[103.5857,36.172],[103.5854,36.1657],[103.5862,36.1587],[103.5921,36.1385],[103.5953,36.1337],[103.5962,36.13],[103.5951,36.1271],[103.5875,36.1192],[103.5866,36.1155],[103.5875,36.1133],[103.59,36.1109],[103.6075,36.1018],[103.6455,36.0901],[103.6497,36.0883],[103.6666,36.0842],[103.6719,36.0809]]}},{"type":"Feature","properties":{"daily_trains":50.6,"path_trains":50.57},"geometry":{"type":"LineString","coordinates":[[106.246,37.9646],[106.2452,37.9279],[106.2423,37.9199],[106.2365,37.9125],[106.2321,37.9089],[106.226,37.9055],[106.165,37.8791],[106.1377,37.8616],[106.1332,37.8572],[106.1292,37.8512],[106.127,37.8444],[106.1263,37.8301],[106.1256,37.826],[106.1165,37.8004],[106.1132,37.7708],[106.1115,37.7627],[106.1077,37.7516],[106.1059,37.7325],[106.1012,37.7101],[106.1013,37.7017],[106.1056,37.6828],[106.1059,37.6793],[106.1048,37.6443],[106.1035,37.6365],[106.1017,37.6315],[106.0989,37.6267],[106.0949,37.6216],[106.0902,37.6173],[106.0836,37.6128],[106.0534,37.5968]]}},{"type":"Feature","properties":{"daily_trains":104.3,"path_trains":104.28},"geometry":{"type":"LineString","coordinates":[[106.1674,38.485],[106.1652,38.4771],[106.1475,38.4516],[106.1458,38.4482],[106.1454,38.4423],[106.1481,38.4367],[106.1535,38.4305],[106.1585,38.4276],[106.1784,38.4227],[106.2052,38.4178],[106.2094,38.416],[106.2193,38.4101],[106.2246,38.4083]]}},{"type":"Feature","properties":{"daily_trains":110.3,"path_trains":104.28},"geometry":{"type":"LineString","coordinates":[[106.3656,38.2888],[106.3591,38.2785],[106.3564,38.2724],[106.3545,38.2654],[106.3535,38.2587],[106.3535,38.2524],[106.3562,38.2333],[106.356,38.2218],[106.3547,38.2149],[106.3448,38.1795],[106.3416,38.1719],[106.3346,38.1602],[106.3289,38.1531],[106.3024,38.1243],[106.2957,38.1152],[106.2879,38.1005],[106.2563,38.036],[106.2532,38.0282],[106.2476,38.0068],[106.2468,37.9982],[106.2463,37.9646]]}},{"type":"Feature","properties":{"daily_trains":50.6,"path_trains":50.57},"geometry":{"type":"LineString","coordinates":[[106.0534,37.5968],[106.0534,37.5968]]}},{"type":"Feature","properties":{"daily_trains":50.6,"path_trains":110.28},"geometry":{"type":"LineString","coordinates":[[106.246,37.9646],[106.2463,37.9646]]}},{"type":"Feature","properties":{"daily_trains":104.3,"path_trains":104.28},"geometry":{"type":"LineString","coordinates":[[106.3656,38.2888],[106.3656,38.2889]]}},{"type":"Feature","properties":{"daily_trains":104.3,"path_trains":104.28},"geometry":{"type":"LineString","coordinates":[[106.2246,38.4083],[106.2246,38.4083]]}},{"type":"Feature","properties":{"daily_trains":44.0,"path_trains":44.0},"geometry":{"type":"LineString","coordinates":[[106.1674,38.485],[106.1722,38.5022],[106.1784,38.5169],[106.1806,38.5353],[106.1904,38.5725],[106.2013,38.5979],[106.2092,38.62],[106.236,38.6814],[106.2492,38.7047],[106.2657,38.7249],[106.2782,38.7431],[106.2923,38.7616],[106.2969,38.7705],[106.3121,38.8095],[106.3155,38.8211],[106.3168,38.8314],[106.3145,38.8756],[106.3158,38.8912],[106.3183,38.9001],[106.3223,38.9089],[106.3288,38.9192],[106.3369,38.9283],[106.3496,38.9387],[106.4223,38.986],[106.4283,38.9909],[106.4445,39.0075],[106.4554,39.0153],[106.4659,39.0205],[106.5599,39.0601],[106.5656,39.063],[106.571,39.0672],[106.5958,39.0932],[106.6518,39.1447],[106.6632,39.1567],[106.6672,39.1597],[106.6837,39.1694],[106.689,39.1741],[106.6926,39.1782],[106.6962,39.184],[106.6989,39.1916],[106.7076,39.2401],[106.7105,39.2487],[106.7141,39.2547],[106.7357,39.2787],[106.7487,39.2961]]}},{"type":"Feature","properties":{"daily_trains":176.7,"path_trains":128.93},"geometry":{"type":"LineString","coordinates":[[109.1579,23.2391],[109.1435,23.2416],[109.1364,23.244],[109.1316,23.2475],[109.1291,23.2509],[109.1279,23.254],[109.1273,23.2591],[109.1301,23.2755],[109.1333,23.3154],[109.1398,23.3394],[109.1416,23.3497],[109.1411,23.3635],[109.1414,23.3712],[109.1475,23.3947],[109.1488,23.4021],[109.1492,23.4317],[109.1502,23.4393],[109.1604,23.4777],[109.1645,23.4993],[109.1704,23.516],[109.1754,23.5405],[109.1897,23.5911],[109.1936,23.6454],[109.1953,23.6573],[109.1979,23.665],[109.2045,23.6752],[109.2105,23.6814],[109.2266,23.6942],[109.2331,23.702],[109.2404,23.7151],[109.2438,23.7265],[109.2442,23.738],[109.238,23.7698],[109.2379,23.7763],[109.2386,23.7817],[109.2418,23.7926],[109.2506,23.8081],[109.2543,23.8174],[109.2559,23.8279],[109.2553,23.848],[109.2561,23.8579],[109.258,23.865],[109.2706,23.8984],[109.273,23.9098],[109.2732,23.9159],[109.2721,23.925],[109.2641,23.9561],[109.2629,23.9643],[109.2634,23.9757],[109.2686,24.0017],[109.2696,24.0122],[109.2693,24.0268],[109.2656,24.0522],[109.2679,24.0745],[109.2665,24.1016],[109.2676,24.1116],[109.2703,24.1201],[109.2742,24.1274],[109.2933,24.1511],[109.3003,24.1616],[109.3047,24.1704],[109.314,24.1946],[109.3168,24.2002],[109.3214,24.2061],[109.3377,24.2221],[109.3401,24.2252],[109.3432,24.2336],[109.3486,24.2552],[109.3543,24.2651],[109.3639,24.2779],[109.3666,24.2828],[109.3696,24.2862],[109.3724,24.2917],[109.3775,24.2957],[109.3787,24.2988],[109.3792,24.3047],[109.3855,24.313],[109.3912,24.3234],[109.3905,24.3278],[109.3862,24.3359],[109.3838,24.3399],[109.3806,24.3428],[109.3452,24.3602],[109.3425,24.3606],[109.3331,24.3584],[109.33,24.3598],[109.3281,24.3637],[109.3275,24.3768],[109.3278,24.3809],[109.3294,24.3848],[109.3333,24.3891],[109.3549,24.4036],[109.3592,24.4072],[109.3626,24.4115],[109.3726,24.4293],[109.4002,24.4581],[109.4149,24.4799],[109.4183,24.4838],[109.4256,24.4896],[109.4355,24.4956],[109.4408,24.4995],[109.4455,24.5044],[109.4519,24.5128],[109.4557,24.5164],[109.492,24.5438],[109.4972,24.547],[109.5039,24.5498],[109.5407,24.5618],[109.5733,24.5799],[109.5837,24.588],[109.6241,24.6264],[109.6714,24.6569],[109.6765,24.6609],[109.6815,24.6658],[109.6871,24.6739],[109.7013,24.7029],[109.7248,24.7419],[109.7483,24.7657],[109.7522,24.7718],[109.7545,24.7763],[109.7783,24.8363],[109.7845,24.8458],[109.8137,24.8685],[109.8378,24.8832],[109.8488,24.8883],[109.9233,24.915],[109.9319,24.9195],[109.9532,24.9358],[109.9635,24.9479],[109.9754,24.9594],[109.9793,24.965],[109.9821,24.9712],[109.9869,24.9879],[110.0039,25.0212],[110.0087,25.0289],[110.013,25.0337],[110.0175,25.0375],[110.0322,25.0461],[110.0395,25.0519],[110.0919,25.1152],[110.1689,25.1887],[110.1758,25.1994],[110.1965,25.2364],[110.2019,25.2434],[110.2072,25.248],[110.2115,25.2508],[110.2206,25.2553],[110.2282,25.2575],[110.235,25.2582],[110.2412,25.2578],[110.256,25.2536],[110.2618,25.2526],[110.2694,25.2527],[110.2757,25.2538],[110.2772,25.2546]]}},{"type":"Feature","properties":{"daily_trains":118.4,"path_trains":101.43},"geometry":{"type":"LineString","coordinates":[[110.2958,25.3278],[110.2923,25.306],[110.2909,25.3038],[110.2826,25.2962],[110.2805,25.2935],[110.279,25.2895],[110.2785,25.2828],[110.2759,25.2784],[110.2784,25.2575],[110.2772,25.2546]]}},{"type":"Feature","properties":{"daily_trains":250.1,"path_trains":250.14},"geometry":{"type":"LineString","coordinates":[[108.4224,22.8445],[108.4371,22.8441],[108.4458,22.8452],[108.4668,22.8523],[108.491,22.8573],[108.5115,22.8645],[108.5319,22.8691],[108.5415,22.8724],[108.5746,22.8876],[108.5862,22.8941],[108.6038,22.9071],[108.6265,22.9215],[108.6501,22.9404],[108.6622,22.949],[108.6892,22.962],[108.7194,22.9785],[108.7935,23.0105],[108.8152,23.018],[108.847,23.037],[108.8657,23.0454],[108.8818,23.0539],[108.8996,23.061],[108.9377,23.0789],[108.9458,23.0847],[108.9507,23.0895],[108.9678,23.1097],[108.9738,23.1159],[108.9817,23.1222],[109.0103,23.1423],[109.0511,23.1775],[109.0582,23.1849],[109.0749,23.2062],[109.0988,23.2298],[109.1088,23.2363],[109.1203,23.2406],[109.1315,23.2422],[109.1435,23.2416]]}},{"type":"Feature","properties":{"daily_trains":108.1,"path_trains":134.57},"geometry":{"type":"LineString","coordinates":[[110.2977,25.3398],[110.2958,25.3278]]}},{"type":"Feature","properties":{"daily_trains":12.0,"path_trains":219.72},"geometry":{"type":"LineString","coordinates":[[110.2961,25.3493],[110.2931,25.3591],[110.2906,25.3626],[110.2859,25.3643],[110.2774,25.3627]]}},{"type":"Feature","properties":{"daily_trains":312.1,"path_trains":298.14},"geometry":{"type":"LineString","coordinates":[[108.4182,22.8446],[108.4224,22.8445]]}},{"type":"Feature","properties":{"daily_trains":76.1,"path_trains":220.72},"geometry":{"type":"LineString","coordinates":[[110.3165,25.3707],[110.3094,25.3704],[110.2995,25.3687],[110.2965,25.3673],[110.2948,25.3654],[110.2938,25.363],[110.2937,25.3607],[110.2975,25.3435],[110.2974,25.3398]]}},{"type":"Feature","properties":{"daily_trains":64.1,"path_trains":46.0},"geometry":{"type":"LineString","coordinates":[[110.2974,25.3398],[110.3039,25.3716],[110.3061,25.3795],[110.3095,25.3978],[110.3248,25.4288],[110.3318,25.4373],[110.3446,25.4471],[110.3747,25.4643],[110.3897,25.4776],[110.414,25.4978],[110.4188,25.5025],[110.4222,25.507],[110.4253,25.5128],[110.433,25.534],[110.4401,25.5464],[110.4455,25.5589],[110.4655,25.594],[110.4704,25.6001],[110.475,25.6045],[110.4842,25.6108],[110.4946,25.6152],[110.5397,25.6262],[110.5584,25.6291],[110.5831,25.6378],[110.6139,25.6527],[110.6364,25.6681],[110.6401,25.6699],[110.6831,25.6829],[110.6897,25.6855],[110.6954,25.6885],[110.704,25.6961],[110.7172,25.7149],[110.7338,25.7326],[110.7373,25.7372],[110.7404,25.7428],[110.7651,25.7987],[110.7944,25.841],[110.8339,25.8886],[110.864,25.9146],[110.8719,25.9197],[110.8829,25.9243],[110.8935,25.9265],[110.9547,25.933],[110.9612,25.9349],[110.988,25.9452],[110.9941,25.9464],[111.0119,25.9482],[111.0195,25.9499],[111.0472,25.961],[111.0667,25.9723],[111.0846,25.9903],[111.0938,25.9967],[111.1089,26.0097],[111.1228,26.0196],[111.1697,26.0573],[111.1744,26.0632],[111.188,26.0844],[111.199,26.0982],[111.204,26.1081],[111.2062,26.1254],[111.2077,26.1655],[111.2086,26.1723],[111.2114,26.1801],[111.2254,26.206],[111.2284,26.2169],[111.237,26.2712],[111.2372,26.2787],[111.2346,26.2964],[111.235,26.3027],[111.2367,26.3092],[111.2394,26.3151],[111.2418,26.3188],[111.2647,26.3514],[111.2693,26.3568],[111.2789,26.3662],[111.2897,26.3732],[111.2998,26.377],[111.3064,26.3785],[111.322,26.3803],[111.3531,26.3815],[111.4123,26.3766],[111.4241,26.3774],[111.4374,26.3813],[111.4659,26.3958],[111.4758,26.3994],[111.4844,26.4006],[111.5435,26.4023],[111.5492,26.4037],[111.5538,26.4057],[111.5609,26.4113]]}},{"type":"Feature","properties":{"daily_trains":12.0,"path_trains":107.14},"geometry":{"type":"LineString","coordinates":[[110.2962,25.3493],[110.2961,25.3493]]}},{"type":"Feature","properties":{"daily_trains":118.4,"path_trains":118.43},"geometry":{"type":"LineString","coordinates":[[110.2772,25.2546],[110.2772,25.2546]]}},{"type":"Feature","properties":{"daily_trains":84.0,"path_trains":83.0},"geometry":{"type":"LineString","coordinates":[[109.1317,21.4567],[109.1595,21.4651],[109.1658,21.4681],[109.1705,21.4715],[109.1797,21.4793],[109.1832,21.4833],[109.1998,21.5077],[109.2035,21.5145],[109.206,21.5222],[109.2082,21.5384],[109.2084,21.5768],[109.205,21.5975],[109.2019,21.6049],[109.1978,21.611],[109.1941,21.6149],[109.1697,21.6366],[109.1537,21.6493],[109.0966,21.7008],[109.0867,21.7072],[109.068,21.7151],[109.0616,21.7186],[109.0545,21.7235],[109.0391,21.7361],[109.0193,21.7533],[108.9977,21.7739],[108.9715,21.8039],[108.9616,21.8124],[108.881,21.8587],[108.763,21.9199],[108.7034,21.9482],[108.6978,21.9513],[108.6908,21.9564],[108.685,21.9616],[108.6749,21.9729],[108.6515,21.9955],[108.6483,21.9997],[108.6458,22.0042],[108.6437,22.0107],[108.6432,22.0167],[108.6469,22.052]]}},{"type":"Feature","properties":{"daily_trains":108.0,"path_trains":107.0},"geometry":{"type":"LineString","coordinates":[[108.4396,22.8413],[108.4411,22.8384],[108.441,22.8347],[108.4333,22.8208],[108.4315,22.8143],[108.4322,22.8027],[108.432,22.7807],[108.4333,22.767],[108.4326,22.7424],[108.4318,22.7353],[108.4195,22.695],[108.413,22.6782],[108.4062,22.6516],[108.4056,22.6283],[108.4022,22.5965],[108.4061,22.5478],[108.4075,22.5388],[108.4109,22.5295],[108.4414,22.4656],[108.4495,22.4509],[108.5072,22.3235],[108.5144,22.3129],[108.5303,22.2977],[108.5404,22.286],[108.5443,22.2806],[108.5493,22.2705],[108.5606,22.2398],[108.5683,22.2261],[108.5882,22.1934],[108.5928,22.1876],[108.6081,22.1715],[108.6147,22.1636],[108.6202,22.1548],[108.6259,22.1439],[108.6359,22.129],[108.6407,22.1204],[108.647,22.1063],[108.6509,22.0898],[108.6508,22.0811],[108.6489,22.0702],[108.6469,22.052]]}},{"type":"Feature","properties":{"daily_trains":108.0,"path_trains":331.14},"geometry":{"type":"LineString","coordinates":[[108.4224,22.8445],[108.4351,22.8438],[108.4375,22.8429],[108.4396,22.8413]]}},{"type":"Feature","properties":{"daily_trains":72.1,"path_trains":70.14},"geometry":{"type":"LineString","coordinates":[[106.6459,23.9014],[106.6747,23.8769],[106.6844,23.8711],[106.7028,23.8644],[106.7298,23.8501],[106.7974,23.8255],[106.8058,23.8236],[106.8273,23.822],[106.836,23.8201],[106.8435,23.8172],[106.8582,23.8104],[106.8706,23.8055],[106.8783,23.8014],[106.8852,23.7961],[106.8977,23.7836],[106.9051,23.7784],[106.915,23.7738],[106.948,23.7662],[106.9533,23.7655],[107.0044,23.7639],[107.014,23.7623],[107.029,23.7566],[107.0534,23.7442],[107.0787,23.7341],[107.0888,23.7282],[107.0932,23.7248],[107.1114,23.7068],[107.1268,23.6956],[107.1676,23.661],[107.176,23.6555],[107.1973,23.6439],[107.2012,23.6409],[107.2175,23.6238],[107.2428,23.6032],[107.2573,23.5896],[107.271,23.5799],[107.2763,23.5748],[107.294,23.5539],[107.2986,23.5497],[107.3166,23.5361],[107.322,23.531],[107.3269,23.5248],[107.3442,23.4987],[107.3679,23.4735],[107.3765,23.4675],[107.3903,23.4596],[107.4353,23.4252],[107.4529,23.4089],[107.4671,23.3994],[107.4734,23.3944],[107.4847,23.3814],[107.4954,23.3708],[107.5252,23.3478],[107.5403,23.3394],[107.5497,23.332],[107.5701,23.3065],[107.5774,23.2988],[107.6091,23.2699],[107.6222,23.2572],[107.6268,23.2513],[107.6307,23.2442],[107.6328,23.2384],[107.6372,23.2142],[107.6422,23.2023],[107.6562,23.1824],[107.675,23.1611],[107.6882,23.1489],[107.7546,23.0978],[107.7868,23.0633],[107.8027,23.0378],[107.8082,23.0301],[107.8197,23.0178],[107.8871,22.9553],[107.9111,22.9303],[107.9176,22.9253],[107.9526,22.9038],[107.9646,22.8953]]}},{"type":"Feature","properties":{"daily_trains":106.3,"path_trains":91.28},"geometry":{"type":"LineString","coordinates":[[108.3617,22.8406],[108.356,22.8391],[108.344,22.8313],[108.3413,22.8303],[108.3351,22.8309],[108.3284,22.8367],[108.325,22.8371],[108.3043,22.8264]]}},{"type":"Feature","properties":{"daily_trains":72.1,"path_trains":70.14},"geometry":{"type":"LineString","coordinates":[[108.3043,22.8264],[108.2952,22.8211],[108.2878,22.7973],[108.2856,22.7948],[108.2683,22.7896],[108.2555,22.7892],[108.2499,22.788],[108.2413,22.7843],[108.2273,22.7757],[108.1942,22.7667],[108.1747,22.7586],[108.1676,22.7575],[108.1599,22.7584],[108.1461,22.7621],[108.1383,22.7654],[108.107,22.7873],[108.068,22.8072],[108.0546,22.8146],[108.0506,22.8174],[108.0417,22.8257],[108.0255,22.8466],[108.0019,22.8684],[107.9646,22.8953]]}},{"type":"Feature","properties":{"daily_trains":106.3,"path_trains":129.14},"geometry":{"type":"LineString","coordinates":[[108.4182,22.8446],[108.3881,22.8448],[108.385,22.8437],[108.3803,22.8401],[108.3772,22.8392],[108.3617,22.8406]]}},{"type":"Feature","properties":{"daily_trains":16.0,"path_trains":16.0},"geometry":{"type":"LineString","coordinates":[[108.3043,22.8264],[108.2961,22.8222],[108.295,22.8211],[108.288,22.7982],[108.2868,22.796],[108.2833,22.7941],[108.2778,22.7929],[108.2707,22.7923],[108.2678,22.7913],[108.2633,22.7882],[108.2605,22.7839],[108.2597,22.7801],[108.2594,22.7559],[108.258,22.7467],[108.2525,22.7251],[108.2411,22.6981],[108.2374,22.6639],[108.2342,22.6543],[108.2292,22.6448],[108.224,22.6378],[108.2183,22.632],[108.1993,22.6167],[108.1661,22.5876],[108.16,22.5834],[108.1436,22.5741],[108.1369,22.5716],[108.1312,22.5703],[108.0639,22.5611],[107.9916,22.5611],[107.9782,22.5629],[107.9368,22.5743],[107.9291,22.5759],[107.889,22.5798],[107.8736,22.5807],[107.8614,22.5789],[107.816,22.5645],[107.8073,22.5632],[107.787,22.5619],[107.7761,22.5599],[107.7689,22.5576],[107.7449,22.5475],[107.69,22.5322],[107.6749,22.5259],[107.613,22.4837],[107.5687,22.4616],[107.5467,22.4458],[107.4701,22.3993],[107.4269,22.3652],[107.4203,22.3611],[107.4111,22.3585],[107.3655,22.3559],[107.3586,22.3544],[107.3424,22.349],[107.3353,22.3477],[107.3124,22.3482],[107.2939,22.3472],[107.2863,22.346],[107.2772,22.3422],[107.229,22.3147],[107.2232,22.3123],[107.2175,22.3107],[107.2113,22.3101],[107.1862,22.3103],[107.1727,22.3118],[107.1221,22.3303],[107.0796,22.3447],[107.07,22.3464],[107.0608,22.3457],[107.0045,22.3327],[106.9718,22.332],[106.9376,22.3368],[106.9284,22.3358],[106.903,22.3303],[106.8958,22.3271],[106.8587,22.3046],[106.8497,22.2964],[106.8429,22.2862],[106.8399,22.2786],[106.834,22.2563],[106.8307,22.2491],[106.8221,22.2342],[106.8199,22.2285],[106.8184,22.2181],[106.8205,22.1928],[106.8195,22.1842],[106.8173,22.1774],[106.8052,22.1492],[106.8034,22.1421],[106.8018,22.1318],[106.8,22.1258],[106.7925,22.1109]]}},{"type":"Feature","properties":{"daily_trains":24.0,"path_trains":24.0},"geometry":{"type":"LineString","coordinates":[[108.3967,21.7839],[108.4039,21.7952],[108.4328,21.8323],[108.4427,21.8482],[108.4495,21.855],[108.4672,21.8661],[108.4758,21.8738],[108.4794,21.8784],[108.5044,21.9174],[108.5098,21.9227],[108.5249,21.934],[108.542,21.9542],[108.5476,21.9585],[108.5547,21.9622],[108.5651,21.9663],[108.5812,21.9709],[108.6004,21.9784],[108.6209,21.9904],[108.6248,21.9935],[108.628,21.9995],[108.6293,22.0127],[108.6305,22.0167],[108.6332,22.0207],[108.6416,22.0282],[108.6438,22.0322],[108.6469,22.052]]}},{"type":"Feature","properties":{"daily_trains":24.0,"path_trains":24.0},"geometry":{"type":"LineString","coordinates":[[108.3966,21.7839],[108.3932,21.778],[108.389,21.7728],[108.3742,21.7605],[108.371,21.7571],[108.3677,21.7518],[108.3659,21.7461],[108.3654,21.7391],[108.3666,21.733],[108.3804,21.703]]}},{"type":"Feature","properties":{"daily_trains":24.0,"path_trains":24.0},"geometry":{"type":"LineString","coordinates":[[108.3967,21.7839],[108.3966,21.7839]]}},{"type":"Feature","properties":{"daily_trains":239.0,"path_trains":229.0},"geometry":{"type":"LineString","coordinates":[[113.0471,28.0475],[113.0389,28.0388],[112.9947,28.0055],[112.9722,27.9868],[112.9643,27.981],[112.9544,27.9758],[112.8972,27.9535],[112.8853,27.9507],[112.874,27.9492],[112.7194,27.9379],[112.5782,27.9063],[112.5652,27.9016],[112.5066,27.8753],[112.4978,27.8704],[112.4782,27.8574],[112.4316,27.833],[112.2921,27.7797],[112.284,27.7776],[112.1876,27.7661],[112.1798,27.7645],[112.171,27.7618],[112.1418,27.7505],[112.1306,27.7447],[112.0614,27.696],[111.9814,27.65]]}},{"type":"Feature","properties":{"daily_trains":187.3,"path_trains":497.42},"geometry":{"type":"LineString","coordinates":[[113.0471,28.0475],[113.0518,28.0557],[113.0547,28.0657],[113.0567,28.0902],[113.0626,28.1198],[113.0625,28.125],[113.0608,28.1369]]}},{"type":"Feature","properties":{"daily_trains":187.3,"path_trains":497.42},"geometry":{"type":"LineString","coordinates":[[113.0605,28.1368],[113.0601,28.1377]]}},{"type":"Feature","properties":{"daily_trains":187.3,"path_trains":497.42},"geometry":{"type":"LineString","coordinates":[[113.0605,28.1368],[113.0608,28.1369]]}},{"type":"Feature","properties":{"daily_trains":172.9,"path_trains":171.86},"geometry":{"type":"LineString","coordinates":[[109.9959,27.5167],[110.0138,27.5214],[110.027,27.5231],[110.0433,27.5232],[110.1089,27.5208],[110.1531,27.5244],[110.1859,27.5306],[110.1938,27.5326],[110.2721,27.564],[110.2772,27.5658],[110.298,27.5701],[110.3332,27.5755],[110.4403,27.5888],[110.5271,27.5962],[110.5844,27.6072],[110.606,27.6124],[110.632,27.6171],[110.6861,27.6171],[110.7578,27.6111],[110.789,27.6073],[110.8304,27.598],[110.8811,27.5903],[110.8947,27.5899],[110.907,27.5909],[110.9806,27.6076],[111.0171,27.6185],[111.0476,27.6266],[111.1382,27.6529],[111.1728,27.6637],[111.182,27.6658],[111.1907,27.6669],[111.207,27.6667],[111.2167,27.665],[111.2229,27.6633],[111.2357,27.6585],[111.2765,27.6378],[111.2837,27.6349],[111.2943,27.6318],[111.3057,27.6298],[111.3148,27.6291],[111.3515,27.6298],[111.3726,27.6258],[111.3888,27.6187],[111.4,27.6111],[111.4118,27.6011],[111.4384,27.5858],[111.4472,27.583],[111.4611,27.5809],[111.5244,27.576],[111.5343,27.5757],[111.5708,27.5771],[111.6152,27.5802],[111.6366,27.5833],[111.677,27.5916],[111.7026,27.5949],[111.7359,27.6038],[111.7483,27.6056],[111.7551,27.606]]}},{"type":"Feature","properties":{"daily_trains":172.9,"path_trains":171.86},"geometry":{"type":"LineString","coordinates":[[111.7551,27.606],[111.8216,27.6046],[111.8371,27.6064],[111.882,27.614],[111.8945,27.6169],[111.9533,27.6372],[111.9673,27.6425],[111.9814,27.65]]}},{"type":"Feature","properties":{"daily_trains":78.6,"path_trains":49.14},"geometry":{"type":"LineString","coordinates":[[111.9814,27.65],[111.9817,27.6497],[111.9739,27.6442],[111.9714,27.6406],[111.9689,27.6333],[111.9692,27.6282],[111.973,27.6165],[111.9785,27.6049],[111.9849,27.5953],[111.9957,27.586],[111.9995,27.5814],[112.0018,27.5774],[112.0126,27.5466],[112.0131,27.5412],[112.012,27.5333],[112.0095,27.5272],[112.0055,27.5215],[111.9996,27.5163],[111.9857,27.5075],[111.977,27.4978],[111.967,27.4832],[111.9602,27.4714],[111.9471,27.4453],[111.9264,27.4085],[111.9118,27.3864],[111.9035,27.3654],[111.8945,27.3527],[111.8901,27.3486],[111.8659,27.33],[111.8592,27.3234],[111.8385,27.3071],[111.8331,27.3034],[111.8259,27.2998],[111.7695,27.2816],[111.7614,27.2801],[111.7247,27.2768],[111.7171,27.275],[111.7101,27.2717],[111.6865,27.2561],[111.6666,27.2466],[111.6549,27.2401],[111.6498,27.238],[111.6428,27.2365],[111.6345,27.2364],[111.6291,27.2372],[111.6135,27.2415],[111.6076,27.242],[111.6011,27.2415],[111.5941,27.2397],[111.5686,27.2287],[111.5198,27.2135],[111.5106,27.2117],[111.5003,27.2117],[111.4791,27.2166],[111.4686,27.2178],[111.4637,27.2173]]}},{"type":"Feature","properties":{"daily_trains":51.6,"path_trains":51.57},"geometry":{"type":"LineString","coordinates":[[110.1627,27.34],[110.1672,27.3362],[110.1819,27.3264],[110.2346,27.2885],[110.4069,27.2048],[110.4232,27.1908],[110.4277,27.1886],[110.4415,27.1844],[110.4506,27.18],[110.5244,27.1314],[110.572,27.1117],[110.5818,27.1055],[110.5887,27.1023],[110.5965,27.1006],[110.6341,27.097],[110.6476,27.0971],[110.6558,27.0985],[110.6645,27.1012],[110.6718,27.1046],[110.6944,27.1171],[110.7108,27.1228],[110.7307,27.132],[110.7478,27.1374],[110.7618,27.1402],[110.7792,27.1471],[110.7874,27.149],[110.7951,27.1494],[110.8271,27.1461],[110.8596,27.1469],[110.8882,27.1468],[110.9024,27.1491],[110.9093,27.1494],[110.9306,27.1475],[110.9383,27.1482],[110.9529,27.151],[110.9577,27.1513],[111.0007,27.1495],[111.0487,27.1508],[111.0596,27.153],[111.1223,27.1704],[111.1609,27.1871],[111.1902,27.2035],[111.1977,27.2061],[111.2131,27.2096],[111.2474,27.2144],[111.258,27.2153],[111.3546,27.2082],[111.3612,27.2072],[111.3679,27.2053],[111.3884,27.1956],[111.3944,27.1942],[111.4006,27.1941],[111.417,27.1963],[111.4224,27.1981],[111.4263,27.201],[111.4325,27.2094],[111.4374,27.2124],[111.4639,27.2171]]}},{"type":"Feature","properties":{"daily_trains":51.7,"path_trains":508.42},"geometry":{"type":"LineString","coordinates":[[113.0469,28.0475],[113.0471,28.0475]]}},{"type":"Feature","properties":{"daily_trains":51.6,"path_trains":76.57},"geometry":{"type":"LineString","coordinates":[[111.4637,27.2173],[111.4639,27.2171]]}},{"type":"Feature","properties":{"daily_trains":95.6,"path_trains":220.14},"geometry":{"type":"LineString","coordinates":[[109.9959,27.5167],[109.996,27.5167]]}},{"type":"Feature","properties":{"daily_trains":271.1,"path_trains":241.56},"geometry":{"type":"LineString","coordinates":[[113.0596,28.1434],[113.0575,28.1697],[113.0576,28.1832],[113.0629,28.2201],[113.0645,28.2367],[113.0663,28.2716],[113.071,28.2916],[113.0728,28.3026],[113.074,28.419],[113.075,28.4337],[113.0769,28.4424],[113.081,28.4534],[113.1387,28.5823],[113.1425,28.5935],[113.1452,28.609],[113.144,28.7164],[113.1429,28.7242],[113.1316,28.7774],[113.1302,28.79],[113.1306,28.7985],[113.14,28.8925],[113.142,28.9168],[113.1395,29.134],[113.1409,29.161],[113.139,29.1875],[113.1387,29.2124],[113.1401,29.2238],[113.1418,29.2304],[113.1603,29.2863],[113.1715,29.3194],[113.1753,29.3278],[113.179,29.3338],[113.2147,29.3857],[113.2224,29.3957],[113.2321,29.4054],[113.2377,29.41],[113.2533,29.42],[113.266,29.4259],[113.341,29.4543],[113.4121,29.4889],[113.4254,29.4935],[113.5072,29.5135],[113.5278,29.5178],[113.6169,29.5266],[113.6329,29.5308],[113.6552,29.54],[113.6631,29.544],[113.6718,29.5496],[113.7034,29.5741],[113.7099,29.58],[113.7144,29.5849],[113.7424,29.6215],[113.7565,29.6422],[113.7702,29.6584],[113.7774,29.6652],[113.7972,29.6809],[113.8156,29.6985],[113.822,29.7032],[113.8299,29.7081],[113.8755,29.7321],[113.9216,29.751],[113.9918,29.7921],[114.0041,29.7981],[114.0119,29.8009],[114.2142,29.8605],[114.2202,29.8628],[114.2313,29.8678],[114.2699,29.8902],[114.3194,29.9129],[114.3296,29.9184],[114.3359,29.9228],[114.3453,29.931],[114.3515,29.938],[114.3557,29.9439],[114.364,29.958],[114.3681,29.9662],[114.3701,29.9722],[114.3718,29.9789],[114.3733,29.9887],[114.3728,30.0049],[114.3633,30.0964],[114.3629,30.1361],[114.3617,30.1471],[114.3582,30.1673],[114.3569,30.1999]]}},{"type":"Feature","properties":{"daily_trains":48.9,"path_trains":47.86},"geometry":{"type":"LineString","coordinates":[[109.1216,34.4222],[109.1283,34.4823],[109.1292,34.5238],[109.1298,34.5296],[109.1315,34.5373],[109.135,34.546],[109.1536,34.5857],[109.1563,34.5957],[109.1585,34.6157],[109.1622,34.6267],[109.1765,34.6562],[109.1888,34.6756],[109.1973,34.6943],[109.2204,34.7306],[109.2241,34.7381],[109.2269,34.7472],[109.2279,34.7551],[109.2276,34.764],[109.2256,34.7734],[109.2229,34.7805],[109.2198,34.7863],[109.2158,34.7921],[109.2096,34.7989],[109.1968,34.8087],[109.19,34.8124],[109.1816,34.8159],[109.1731,34.8184],[109.1638,34.8201],[109.1079,34.8249],[109.0734,34.8306],[109.0303,34.8436],[109.02,34.8476],[109.0117,34.8521],[109.0014,34.8599],[108.9821,34.8786],[108.9767,34.8855],[108.9554,34.9169],[108.9512,34.9246],[108.9479,34.9331],[108.9459,34.9431],[108.9457,34.9509],[108.9468,34.9616],[108.9486,34.9684],[108.9522,34.9768],[108.9574,34.9856],[108.9652,34.995],[109.0066,35.0378],[109.0258,35.0654],[109.0528,35.1018],[109.0595,35.1124],[109.0647,35.1227],[109.0761,35.1507],[109.0811,35.1668],[109.0829,35.1758],[109.0929,35.348],[109.0953,35.3619],[109.0999,35.3747],[109.1054,35.3838],[109.1197,35.3999],[109.1429,35.423],[109.149,35.4309],[109.1533,35.4385],[109.1557,35.4445],[109.1577,35.4525],[109.1587,35.4597]]}},{"type":"Feature","properties":{"daily_trains":46.9,"path_trains":46.86},"geometry":{"type":"LineString","coordinates":[[109.1587,35.4597],[109.161,35.4728],[109.1633,35.4804],[109.1884,35.5466],[109.2228,35.6061],[109.2282,35.6138],[109.2336,35.6201],[109.2394,35.6253],[109.2479,35.6316],[109.2569,35.6367],[109.264,35.6399],[109.3554,35.6692],[109.3755,35.6743],[109.3837,35.6778],[109.4109,35.6917],[109.419,35.6971],[109.4244,35.7021],[109.4289,35.7074],[109.4327,35.7137],[109.4347,35.7189],[109.4362,35.726],[109.4386,35.7445],[109.4453,35.7762],[109.4455,35.7829],[109.4446,35.7918],[109.4428,35.799],[109.4401,35.8054],[109.4134,35.8535],[109.4091,35.8652],[109.4079,35.8713],[109.4075,35.877],[109.4084,35.8862],[109.4099,35.8932],[109.4325,35.969],[109.4341,35.9802],[109.4337,35.9897],[109.4301,36.0022],[109.4135,36.0312],[109.3975,36.0721],[109.3939,36.0789],[109.3866,36.0884],[109.3555,36.1187],[109.3497,36.1254],[109.3462,36.1307],[109.3393,36.1432],[109.3354,36.1527],[109.3329,36.1636],[109.333,36.174],[109.3384,36.1961],[109.3427,36.2211],[109.3452,36.2373],[109.3459,36.2512],[109.3443,36.2645],[109.3343,36.2991],[109.3332,36.3072],[109.3333,36.3136],[109.3344,36.3256],[109.338,36.3381],[109.3431,36.348],[109.354,36.3643],[109.4486,36.4823],[109.4568,36.4953],[109.466,36.5141],[109.4671,36.523],[109.4664,36.5325],[109.4668,36.5365],[109.4733,36.5512]]}},{"type":"Feature","properties":{"daily_trains":48.9,"path_trains":356.0},"geometry":{"type":"LineString","coordinates":[[108.9438,34.3795],[108.9587,34.384],[108.9803,34.3893],[109.1101,34.4104],[109.1148,34.4121],[109.1179,34.4145],[109.1205,34.4183],[109.1215,34.4223]]}},{"type":"Feature","properties":{"daily_trains":143.9,"path_trains":356.0},"geometry":{"type":"LineString","coordinates":[[108.9438,34.3795],[108.9439,34.3794]]}},{"type":"Feature","properties":{"daily_trains":48.9,"path_trains":48.86},"geometry":{"type":"LineString","coordinates":[[109.1215,34.4223],[109.1216,34.4222]]}},{"type":"Feature","properties":{"daily_trains":356.0,"path_trains":356.0},"geometry":{"type":"LineString","coordinates":[[108.9439,34.3794],[108.9405,34.3785]]}},{"type":"Feature","properties":{"daily_trains":177.1,"path_trains":175.14},"geometry":{"type":"LineString","coordinates":[[108.913,34.3718],[108.8645,34.3594],[108.8398,34.354],[108.827,34.3488],[108.8104,34.3395],[108.8029,34.3339],[108.796,34.3272],[108.791,34.3209],[108.7818,34.3056],[108.7771,34.2994],[108.737,34.2571],[108.7288,34.2494],[108.7023,34.2278],[108.693,34.2183],[108.6862,34.2088],[108.6826,34.2015],[108.6796,34.1928],[108.6779,34.1843],[108.6753,34.1304],[108.6778,34.104],[108.6763,34.0862]]}},{"type":"Feature","properties":{"daily_trains":286.9,"path_trains":384.86},"geometry":{"type":"LineString","coordinates":[[108.913,34.3716],[108.9342,34.3769]]}},{"type":"Feature","properties":{"daily_trains":286.9,"path_trains":549.86},"geometry":{"type":"LineString","coordinates":[[108.9405,34.3785],[108.9342,34.3769]]}},{"type":"Feature","properties":{"daily_trains":104.1,"path_trains":184.0},"geometry":{"type":"LineString","coordinates":[[111.4646,21.7298],[111.4642,21.73]]}},{"type":"Feature","properties":{"daily_trains":0.3,"path_trains":480.72},"geometry":{"type":"LineString","coordinates":[[113.1504,23.0964],[113.1503,23.0966]]}},{"type":"Feature","properties":{"daily_trains":2.1,"path_trains":2.14},"geometry":{"type":"LineString","coordinates":[[106.6275,26.7111],[106.6211,26.7099],[106.6133,26.7067],[106.6069,26.7022],[106.602,26.6966],[106.587,26.6668],[106.5852,26.6596],[106.5845,26.6521]]}},{"type":"Feature","properties":{"daily_trains":2.1,"path_trains":2.14},"geometry":{"type":"LineString","coordinates":[[106.5683,26.5684],[106.568,26.5687],[106.5733,26.5733],[106.5769,26.5781],[106.5792,26.5826],[106.5822,26.5928],[106.5824,26.6315],[106.5844,26.6522]]}},{"type":"Feature","properties":{"daily_trains":2.1,"path_trains":142.86},"geometry":{"type":"LineString","coordinates":[[106.6271,26.7113],[106.6318,26.7115],[106.6317,26.7111]]}},{"type":"Feature","properties":{"daily_trains":2.1,"path_trains":142.86},"geometry":{"type":"LineString","coordinates":[[106.6271,26.7113],[106.6275,26.7111]]}},{"type":"Feature","properties":{"daily_trains":2.1,"path_trains":177.72},"geometry":{"type":"LineString","coordinates":[[106.5673,26.5678],[106.5673,26.5678]]}},{"type":"Feature","properties":{"daily_trains":99.6,"path_trains":81.57},"geometry":{"type":"LineString","coordinates":[[112.0716,31.9654],[112.0977,31.973],[112.1343,31.9776],[112.1412,31.9779],[112.1476,31.9777],[112.1553,31.9765],[112.1861,31.9674],[112.1936,31.9657],[112.2061,31.9651],[112.2142,31.9661],[112.2203,31.9676],[112.2288,31.9708],[112.2373,31.976],[112.3196,32.0394],[112.3265,32.0432],[112.3351,32.0467],[112.3485,32.0494],[112.3589,32.0497],[112.4297,32.0478],[112.4416,32.0466],[112.4696,32.0419],[112.5432,32.0359],[112.5843,32.0362],[112.5945,32.0368],[112.6088,32.0387],[112.6373,32.0435],[112.7099,32.0635],[112.7233,32.068],[112.7321,32.0702],[112.7433,32.0713],[112.7745,32.0712],[112.7871,32.0692],[112.797,32.0659],[112.8472,32.0413],[112.8711,32.0274],[112.8781,32.0229],[112.8864,32.0164],[112.9255,31.9775],[112.9526,31.9543],[112.9598,31.9471],[112.9747,31.9287],[112.9831,31.9209],[113.0209,31.8954],[113.0563,31.865],[113.0634,31.8597],[113.0744,31.8533],[113.1094,31.8376],[113.1197,31.8316],[113.1262,31.8269],[113.1492,31.8077],[113.1695,31.793],[113.1846,31.7809],[113.2244,31.7552],[113.2483,31.7358],[113.2939,31.7098],[113.3192,31.6924],[113.3304,31.682],[113.3733,31.6363],[113.3774,31.6315],[113.3914,31.6117],[113.4062,31.5869],[113.4295,31.5579],[113.4419,31.5363],[113.4592,31.5133],[113.4752,31.4951],[113.5771,31.3653],[113.5981,31.3337],[113.6313,31.2895],[113.6365,31.2807],[113.6459,31.2581],[113.6507,31.2458],[113.6637,31.2051],[113.6683,31.1953],[113.731,31.1002],[113.737,31.0935],[113.766,31.0649],[113.7962,31.0287],[113.7993,31.0265],[113.8038,31.0246],[113.8277,31.0199],[113.8607,31.0083],[113.9106,30.9866],[113.9218,30.9793],[113.9304,30.9703],[113.9361,30.9604],[113.9386,30.9525],[113.9451,30.922],[113.9464,30.9183],[113.9491,30.914],[113.9926,30.8579],[113.9966,30.8536],[114.008,30.8451],[114.032,30.833],[114.0457,30.8281],[114.0519,30.8269],[114.0616,30.826],[114.1976,30.8254],[114.2238,30.8231],[114.229,30.8213],[114.2343,30.8174],[114.2371,30.8136],[114.2388,30.8087],[114.2386,30.8032],[114.237,30.7989],[114.2338,30.7947],[114.1995,30.7609],[114.197,30.7563],[114.1967,30.7518],[114.1979,30.7476],[114.2209,30.7009],[114.228,30.6933],[114.2501,30.676],[114.2537,30.6714],[114.2621,30.6569],[114.265,30.6465],[114.27,30.6369],[114.2705,30.6337],[114.2696,30.629],[114.2682,30.6272],[114.2587,30.6241]]}},{"type":"Feature","properties":{"daily_trains":96.3,"path_trains":95.57},"geometry":{"type":"LineString","coordinates":[[113.7865,31.0397],[113.7885,31.0373]]}},{"type":"Feature","properties":{"daily_trains":98.3,"path_trains":269.14},"geometry":{"type":"LineString","coordinates":[[114.2587,30.6241],[114.2588,30.624]]}},{"type":"Feature","properties":{"daily_trains":96.3,"path_trains":95.57},"geometry":{"type":"LineString","coordinates":[[113.7885,31.0373],[113.7885,31.0373]]}},{"type":"Feature","properties":{"daily_trains":33.1,"path_trains":31.14},"geometry":{"type":"LineString","coordinates":[[110.8221,32.7039],[110.8289,32.6907],[110.8328,32.6854],[110.8462,32.6712],[110.8587,32.6613],[110.8816,32.6459],[110.8885,32.6405],[110.9178,32.6108],[110.9533,32.5818],[110.9619,32.5736],[110.9741,32.5587],[110.9779,32.5553],[110.9892,32.5478],[111.0268,32.5325],[111.0359,32.5269],[111.0445,32.5186],[111.0551,32.5034],[111.0607,32.4965],[111.0667,32.4914],[111.0758,32.4866],[111.0925,32.4812],[111.1047,32.4782],[111.1197,32.4756],[111.134,32.474],[111.2003,32.462],[111.2124,32.4613],[111.3103,32.4627],[111.349,32.4624],[111.366,32.4616],[111.3809,32.46],[111.4289,32.4527],[111.443,32.4489],[111.4533,32.444],[111.4596,32.4399],[111.5224,32.39],[111.5734,32.3374],[111.5799,32.3317],[111.5873,32.3264],[111.5943,32.3224],[111.6433,32.2991],[111.6508,32.2941],[111.6604,32.2856],[111.6671,32.2776],[111.671,32.2718],[111.6762,32.2604],[111.6781,32.2541],[111.6797,32.2437],[111.6815,32.2128],[111.6868,32.1971],[111.6905,32.1907],[111.7421,32.1164],[111.7478,32.1086],[111.7576,32.0987],[111.85,32.0234],[111.8611,32.0156],[111.8771,32.0073],[111.9372,31.9801],[111.953,31.9747],[111.965,31.9724],[112.0399,31.9629],[112.0555,31.9628],[112.0716,31.9654]]}},{"type":"Feature","properties":{"daily_trains":33.1,"path_trains":31.14},"geometry":{"type":"LineString","coordinates":[[112.0716,31.9654],[112.0716,31.9654]]}},{"type":"Feature","properties":{"daily_trains":40.7,"path_trains":40.72},"geometry":{"type":"LineString","coordinates":[[112.2807,32.0086],[112.2347,31.9722],[112.2252,31.96],[112.2214,31.9529],[112.2201,31.9489],[112.2194,31.9435],[112.2203,31.9349],[112.2229,31.9274],[112.2317,31.9099],[112.235,31.9016],[112.2375,31.8927],[112.2384,31.8857],[112.2384,31.8755],[112.2346,31.834],[112.2343,31.8108],[112.2326,31.8002],[112.2298,31.7916],[112.2263,31.7844],[112.2055,31.7529],[112.2005,31.7438],[112.1866,31.7037],[112.1747,31.6817],[112.1716,31.6746],[112.1572,31.6288],[112.1523,31.619],[112.1351,31.5887],[112.1314,31.5802],[112.1294,31.5724],[112.1287,31.5607],[112.1289,31.5187],[112.1307,31.4994],[112.1318,31.4723],[112.1304,31.4461],[112.1305,31.4379],[112.138,31.3921],[112.1519,31.3494],[112.1541,31.3398],[112.1549,31.3297],[112.1542,31.3059],[112.1615,31.2471],[112.162,31.238],[112.1606,31.2265],[112.1579,31.2171],[112.1498,31.2002],[112.1433,31.1834],[112.1283,31.1496],[112.1252,31.1395],[112.1238,31.1306],[112.1237,31.1214],[112.1292,31.0933],[112.1301,31.0813],[112.1283,31.0679],[112.1232,31.0519]]}},{"type":"Feature","properties":{"daily_trains":40.7,"path_trains":78.57},"geometry":{"type":"LineString","coordinates":[[112.1102,31.0121],[112.115,31.0254],[112.119,31.04],[112.1231,31.0519]]}},{"type":"Feature","properties":{"daily_trains":40.7,"path_trains":170.42},"geometry":{"type":"LineString","coordinates":[[112.2931,32.0186],[112.2812,32.009]]}},{"type":"Feature","properties":{"daily_trains":40.7,"path_trains":78.57},"geometry":{"type":"LineString","coordinates":[[112.1105,31.0121],[112.1102,31.0121]]}},{"type":"Feature","properties":{"daily_trains":29.0,"path_trains":29.0},"geometry":{"type":"LineString","coordinates":[[115.1258,25.9641],[115.1301,25.9678],[115.1406,25.9852],[115.1451,25.9882],[115.1495,25.989],[115.1822,25.9863],[115.2298,25.9857],[115.326,25.9772],[115.3523,25.9759],[115.3766,25.9765],[115.3989,25.9796],[115.4289,25.9791],[115.4546,25.9802],[115.4674,25.9798],[115.485,25.9803],[115.4983,25.9794],[115.5318,25.9721],[115.5584,25.9621],[115.5839,25.9502],[115.6037,25.9435],[115.6304,25.931],[115.6474,25.9264],[115.6537,25.924],[115.6674,25.9169],[115.6818,25.9074],[115.694,25.896],[115.713,25.8711],[115.725,25.8613],[115.7377,25.8523],[115.766,25.8344],[115.8069,25.8198],[115.8141,25.8183],[115.8232,25.8185]]}},{"type":"Feature","properties":{"daily_trains":10.0,"path_trains":172.14},"geometry":{"type":"LineString","coordinates":[[115.1455,26.0028],[115.1439,25.9984],[115.1439,25.9929],[115.1458,25.9904],[115.1495,25.9892]]}},{"type":"Feature","properties":{"daily_trains":10.0,"path_trains":172.14},"geometry":{"type":"LineString","coordinates":[[115.1495,25.9891],[115.1513,25.989]]}},{"type":"Feature","properties":{"daily_trains":10.0,"path_trains":172.14},"geometry":{"type":"LineString","coordinates":[[115.1495,25.9892],[115.1495,25.9891]]}},{"type":"Feature","properties":{"daily_trains":10.0,"path_trains":172.14},"geometry":{"type":"LineString","coordinates":[[115.1513,25.989],[115.1513,25.989]]}},{"type":"Feature","properties":{"daily_trains":29.0,"path_trains":29.0},"geometry":{"type":"LineString","coordinates":[[115.8232,25.8185],[115.8232,25.8186]]}},{"type":"Feature","properties":{"daily_trains":38.9,"path_trains":233.15},"geometry":{"type":"LineString","coordinates":[[119.3218,26.114],[119.337,26.1083],[119.3499,26.1058],[119.365,26.1017],[119.3703,26.0988],[119.3733,26.0952],[119.3753,26.0895],[119.3816,26.0298],[119.3811,26.0254],[119.3773,26.015],[119.3774,26.0091],[119.3788,26.0039],[119.3824,25.9969],[119.3881,25.9822]]}},{"type":"Feature","properties":{"daily_trains":38.9,"path_trains":323.58},"geometry":{"type":"LineString","coordinates":[[119.3882,25.9822],[119.3881,25.9822]]}},{"type":"Feature","properties":{"daily_trains":37.9,"path_trains":318.29},"geometry":{"type":"LineString","coordinates":[[118.3013,24.6825],[118.2896,24.6857],[118.2724,24.6883],[118.2491,24.6936],[118.2393,24.6949],[118.2239,24.6954],[118.2021,24.6946],[118.1776,24.6912],[118.1681,24.6889],[118.1469,24.681],[118.1284,24.6759],[118.1218,24.6734],[118.1118,24.6675],[118.0934,24.6535],[118.0879,24.6485],[118.078,24.6429]]}},{"type":"Feature","properties":{"daily_trains":114.1,"path_trains":114.14},"geometry":{"type":"LineString","coordinates":[[118.0062,28.4879],[118.0152,28.4626],[118.0164,28.4576],[118.0172,28.4488],[118.0172,28.4278],[118.0165,28.4203],[118.0145,28.4112],[118.006,28.3895],[118.0036,28.3794],[118.0029,28.369],[118.0042,28.349],[118.0068,28.3379],[118.0106,28.3283],[118.0359,28.2755],[118.0389,28.267],[118.0408,28.2548],[118.0411,28.2142]]}},{"type":"Feature","properties":{"daily_trains":259.7,"path_trains":316.43},"geometry":{"type":"LineString","coordinates":[[115.7805,28.6281],[115.7929,28.6227],[115.8091,28.6168],[115.8358,28.6049],[115.8432,28.5999],[115.8485,28.5938],[115.8521,28.5862],[115.8532,28.5813],[115.8534,28.5763],[115.8521,28.5692],[115.8461,28.5553],[115.8444,28.5494],[115.844,28.5425],[115.8452,28.5362]]}},{"type":"Feature","properties":{"daily_trains":259.7,"path_trains":304.57},"geometry":{"type":"LineString","coordinates":[[115.7804,28.6281],[115.7805,28.6281]]}},{"type":"Feature","properties":{"daily_trains":16.4,"path_trains":16.43},"geometry":{"type":"LineString","coordinates":[[114.9592,25.8293],[114.9588,25.8329],[114.96,25.836],[114.9673,25.844],[114.9727,25.8479],[114.9767,25.8554],[114.9824,25.8638],[114.9891,25.8664],[115.01,25.8762],[115.0183,25.8811],[115.0276,25.8884],[115.0392,25.9059],[115.0497,25.9151],[115.0597,25.9189],[115.0639,25.9229],[115.0674,25.9282],[115.072,25.9324],[115.0877,25.9399],[115.096,25.9422],[115.1005,25.947],[115.1091,25.9514],[115.1257,25.9642]]}},{"type":"Feature","properties":{"daily_trains":16.4,"path_trains":162.14},"geometry":{"type":"LineString","coordinates":[[115.1258,25.9641],[115.1257,25.9642]]}},{"type":"Feature","properties":{"daily_trains":29.0,"path_trains":29.0},"geometry":{"type":"LineString","coordinates":[[103.6342,36.4183],[103.6275,36.4185],[103.6208,36.4212],[103.6164,36.4251],[103.6139,36.4307],[103.6142,36.4375],[103.6163,36.4461],[103.6167,36.4511],[103.612,36.5328],[103.6123,36.5352],[103.6139,36.5368],[103.6164,36.5374],[103.6264,36.5374],[103.6298,36.5364],[103.632,36.5349],[103.6336,36.5326],[103.6345,36.5249]]}},{"type":"Feature","properties":{"daily_trains":29.0,"path_trains":29.0},"geometry":{"type":"LineString","coordinates":[[103.6136,36.506],[103.6121,36.5242],[103.6028,36.5479],[103.6004,36.5524],[103.5974,36.556],[103.5896,36.5619],[103.5845,36.5641],[103.5629,36.5708],[103.5524,36.5751],[103.484,36.6092],[103.4312,36.6299],[103.407,36.6417],[103.3602,36.656],[103.3369,36.6654],[103.3152,36.6717],[103.3054,36.6753],[103.2714,36.6916],[103.2647,36.6959],[103.2568,36.7027],[103.2506,36.7102],[103.2351,36.7353],[103.2269,36.7539],[103.2236,36.7597],[103.2186,36.7666],[103.2094,36.7773],[103.2057,36.7829],[103.2017,36.7909],[103.1935,36.8117],[103.1746,36.8422],[103.1677,36.8543],[103.161,36.8721],[103.1474,36.904],[103.1459,36.9125],[103.1448,36.9333],[103.1435,36.9395],[103.1409,36.9468],[103.1218,36.9832],[103.1034,37.0137],[103.0961,37.0229],[103.0863,37.0317],[103.0789,37.0369],[103.0396,37.0599],[103.003,37.0902],[102.9981,37.0953],[102.9933,37.1014],[102.9811,37.1219],[102.967,37.1381],[102.9631,37.1435],[102.96,37.1498],[102.9081,37.2831],[102.9063,37.2895],[102.9025,37.328],[102.9027,37.3395],[102.9103,37.3707],[102.9211,37.406],[102.9217,37.4152],[102.9125,37.4727],[102.9021,37.5273],[102.9023,37.5391],[102.9061,37.562],[102.9062,37.5686],[102.9052,37.5762],[102.903,37.5841],[102.872,37.6753],[102.8679,37.6846],[102.8617,37.6938],[102.8394,37.7157],[102.8199,37.7378],[102.7385,37.8593],[102.7319,37.8676],[102.7034,37.8996],[102.6983,37.9062],[102.694,37.9139],[102.6914,37.922],[102.6903,37.9298],[102.69,37.9455]]}},{"type":"Feature","properties":{"daily_trains":63.0,"path_trains":128.43},"geometry":{"type":"LineString","coordinates":[[103.7004,36.0705],[103.6998,36.0703],[103.6974,36.0718],[103.6944,36.0751],[103.6888,36.0779],[103.6811,36.0796],[103.6742,36.0801],[103.6719,36.0809]]}},{"type":"Feature","properties":{"daily_trains":141.3,"path_trains":138.29},"geometry":{"type":"LineString","coordinates":[[103.7004,36.0705],[103.7278,36.0696],[103.7631,36.0653],[103.7744,36.0628],[103.7782,36.06],[103.7806,36.0561],[103.781,36.0522],[103.7802,36.0405],[103.7849,36.0244],[103.7898,36.0172],[103.797,36.0119],[103.8066,36.0086],[103.8322,36.0058],[103.8425,36.0035],[103.8501,36.001],[103.9981,35.934],[104.0146,35.9283],[104.0525,35.92],[104.0691,35.9137],[104.0796,35.908],[104.1485,35.8669],[104.1952,35.8323],[104.2201,35.818],[104.2767,35.7799],[104.286,35.7746],[104.4528,35.6896],[104.482,35.6758],[104.5393,35.6532],[104.5506,35.647],[104.5594,35.6403]]}},{"type":"Feature","properties":{"daily_trains":29.0,"path_trains":65.0},"geometry":{"type":"LineString","coordinates":[[103.6342,36.4183],[103.6341,36.4183]]}},{"type":"Feature","properties":{"daily_trains":130.6,"path_trains":130.57},"geometry":{"type":"LineString","coordinates":[[111.7664,40.851],[111.7849,40.8551],[111.8037,40.8615],[111.8131,40.864],[111.8394,40.8678],[111.9088,40.8794],[111.9171,40.8793],[111.9355,40.8765],[111.9748,40.8762],[112.0039,40.8737],[112.0617,40.8743],[112.0688,40.8752],[112.0781,40.8774],[112.0889,40.8811],[112.0955,40.8845],[112.127,40.9032],[112.1491,40.9133],[112.1736,40.9221],[112.1939,40.931],[112.2147,40.9411],[112.229,40.9519],[112.2387,40.9572],[112.267,40.9683],[112.284,40.9775],[112.2933,40.9815],[112.3032,40.984],[112.3134,40.9853],[112.3223,40.9853],[112.3331,40.9839],[112.359,40.976],[112.3942,40.9682],[112.4137,40.9604],[112.43,40.9558],[112.4444,40.9503],[112.4553,40.9432],[112.4752,40.9267],[112.4849,40.9215],[112.5093,40.9136],[112.5163,40.9123],[112.5323,40.9106],[112.5425,40.9112],[112.5555,40.9134],[112.5706,40.9151],[112.5983,40.9209],[112.6462,40.9281],[112.6703,40.9341],[112.7005,40.9383],[112.71,40.9403],[112.7186,40.9428],[112.7275,40.9463],[112.7715,40.97],[112.7822,40.9738],[112.7951,40.9761],[112.8524,40.9784],[112.8643,40.9778],[112.8857,40.975],[112.8969,40.975],[112.9126,40.9775],[112.9356,40.9846],[112.9458,40.9867],[112.9877,40.9885],[113.0015,40.987],[113.0202,40.9819],[113.0313,40.9773],[113.0427,40.9708],[113.0559,40.9644],[113.0659,40.9612],[113.0753,40.9594],[113.0835,40.9586],[113.093,40.9586],[113.1583,40.9639]]}},{"type":"Feature","properties":{"daily_trains":199.0,"path_trains":186.99},"geometry":{"type":"LineString","coordinates":[[114.8624,40.7531],[114.8956,40.7458],[114.9009,40.7441],[114.9078,40.7408],[114.9229,40.7305],[114.9741,40.6799],[114.9827,40.6628],[114.988,40.6547],[115.0003,40.6439],[115.0083,40.6389],[115.0159,40.6356],[115.0247,40.6331],[115.0739,40.6284],[115.1232,40.6187],[115.1318,40.6164],[115.1532,40.6085],[115.166,40.6022],[115.1729,40.5975],[115.2798,40.5144],[115.3054,40.4952],[115.3356,40.4625],[115.3601,40.4409],[115.3736,40.4323],[115.3901,40.4253],[115.4013,40.4222],[115.4897,40.4034],[115.5013,40.3995],[115.5862,40.3655],[115.6337,40.3539],[115.6585,40.3506],[115.6691,40.3483],[115.679,40.3448],[115.7062,40.3319],[115.7177,40.3285],[115.7285,40.3268],[115.7398,40.3264],[115.7493,40.3272],[115.7611,40.3296],[115.7704,40.3328],[115.7774,40.336],[115.8359,40.368],[115.8717,40.3849],[115.8865,40.391],[115.8941,40.3931],[115.9024,40.3945],[115.9133,40.3953],[115.9217,40.3951],[115.9316,40.3937],[115.9434,40.3905],[115.9516,40.3871],[115.9981,40.3645],[116.025,40.3484],[116.0441,40.3358],[116.0588,40.3236],[116.0789,40.3036],[116.1266,40.2589],[116.165,40.2103],[116.1709,40.2042],[116.1936,40.1833],[116.207,40.1743],[116.2247,40.1585],[116.2421,40.1463],[116.2457,40.143],[116.2648,40.1151],[116.2766,40.0958],[116.2801,40.0893],[116.2818,40.0836],[116.2837,40.0795],[116.2889,40.0728],[116.294,40.0636],[116.2972,40.0593],[116.3023,40.0485],[116.3088,40.0409],[116.313,40.0349],[116.3199,40.0179],[116.3308,40.0072],[116.3321,39.9875],[116.3343,39.9747],[116.3387,39.9677],[116.3402,39.9603],[116.3443,39.9524]]}},{"type":"Feature","properties":{"daily_trains":156.4,"path_trains":156.43},"geometry":{"type":"LineString","coordinates":[[114.3763,40.6858],[114.4359,40.6819],[114.4505,40.6789],[114.4732,40.6725],[114.4891,40.6694],[114.5354,40.6684],[114.5525,40.6696],[114.5912,40.6754],[114.6003,40.6779],[114.6178,40.6846],[114.629,40.6873],[114.6546,40.6908],[114.6961,40.6925],[114.7037,40.6936],[114.7151,40.6965],[114.7287,40.7024],[114.7412,40.7113],[114.746,40.7161],[114.7632,40.7377],[114.7696,40.7435],[114.7799,40.7492],[114.7946,40.7538],[114.8133,40.7579],[114.8283,40.7588],[114.8398,40.7578],[114.8624,40.753]]}},{"type":"Feature","properties":{"daily_trains":84.3,"path_trains":84.28},"geometry":{"type":"LineString","coordinates":[[113.1583,40.9639],[113.1833,40.9657],[113.211,40.9645],[113.2204,40.9652],[113.2397,40.9687],[113.2507,40.9698],[113.2771,40.9692],[113.2872,40.968],[113.3528,40.952],[113.3699,40.9492],[113.3883,40.9487],[113.415,40.9517],[113.4328,40.9522],[113.6254,40.9436],[113.6374,40.942],[113.6582,40.9362],[113.6694,40.934],[113.7364,40.9261],[113.7487,40.9241],[113.8095,40.9048],[113.8648,40.8763],[113.888,40.8617],[113.8986,40.8568],[113.9502,40.8394],[113.9618,40.8367],[114.0024,40.8292],[114.0124,40.8261],[114.0193,40.823],[114.1038,40.7723],[114.12,40.7592],[114.1338,40.7417],[114.1457,40.7298],[114.1607,40.7125],[114.167,40.7079],[114.1831,40.6978],[114.1984,40.6833],[114.2093,40.676],[114.2177,40.672],[114.2306,40.668],[114.244,40.666],[114.2842,40.6665],[114.3023,40.6698],[114.3343,40.6819],[114.3446,40.6848],[114.3585,40.6865],[114.3763,40.6858]]}},{"type":"Feature","properties":{"daily_trains":50.0,"path_trains":50.0},"geometry":{"type":"LineString","coordinates":[[106.7486,39.2961],[106.7598,39.3114],[106.7655,39.3231],[106.768,39.3326],[106.7699,39.3481],[106.7725,39.3608],[106.7714,39.3807],[106.7695,39.3862],[106.7644,39.3962],[106.7629,39.4026],[106.7647,39.4235],[106.7599,39.4536],[106.7597,39.4607],[106.7605,39.4666],[106.7641,39.4773],[106.8065,39.5585],[106.8086,39.5661],[106.8076,39.5718],[106.7968,39.6014],[106.7952,39.6119],[106.798,39.6471],[106.8017,39.6821],[106.8015,39.689],[106.7997,39.6954],[106.7835,39.7354],[106.7811,39.7435],[106.7797,39.756],[106.7813,39.7893],[106.7807,39.7977],[106.7723,39.8276],[106.7699,39.844],[106.7601,39.8837],[106.7576,39.9853],[106.7589,39.9974],[106.7629,40.0084],[106.7694,40.0186],[106.8425,40.1031],[106.8479,40.1081],[106.9143,40.1605],[106.9193,40.1639],[106.927,40.1677],[106.9347,40.1705],[106.942,40.1723],[106.9557,40.1739],[106.9823,40.1744],[106.9902,40.1756],[106.9989,40.1781],[107.0074,40.1822],[107.0147,40.1871],[107.0208,40.1935],[107.0246,40.1993],[107.0277,40.2072],[107.0286,40.2145],[107.0275,40.2226],[107.0247,40.2299],[107.0208,40.2356],[107.0154,40.2413],[106.9783,40.2736],[106.9698,40.2826],[106.9641,40.2909],[106.9599,40.2997],[106.9572,40.309],[106.9561,40.3194],[106.9589,40.3528],[106.9602,40.3591],[106.9627,40.3666],[107.0258,40.4911]]}},{"type":"Feature","properties":{"daily_trains":87.0,"path_trains":64.0},"geometry":{"type":"LineString","coordinates":[[107.0258,40.4911],[107.0328,40.5015],[107.0649,40.5415],[107.0698,40.547],[107.0773,40.5536],[107.2369,40.6573],[107.3875,40.7259],[107.6301,40.8353],[107.6759,40.8593],[107.7434,40.8893],[107.7587,40.8941],[107.7702,40.8963],[107.7783,40.8971],[107.7918,40.8973],[107.8218,40.8948],[107.8355,40.8947],[108.0962,40.9135],[108.1371,40.9182],[108.1566,40.9177],[108.1661,40.9164],[108.1761,40.9141],[108.2015,40.9058],[108.3434,40.866],[108.3593,40.86],[108.4666,40.825],[108.4803,40.818],[108.5001,40.8036],[108.6846,40.6868],[108.7537,40.6623],[108.7809,40.6543],[108.8027,40.6453],[108.8266,40.6369],[108.8379,40.6334],[108.848,40.6311],[108.9163,40.624],[108.9269,40.6235],[109.1234,40.6262],[109.1555,40.6245],[109.1774,40.6257],[109.3238,40.6265],[109.3555,40.6248],[109.381,40.6253],[109.678,40.6192],[109.6858,40.6181],[109.6926,40.6161],[109.7255,40.6009],[109.7315,40.599],[109.7389,40.5976],[109.747,40.5974],[109.7538,40.5981],[109.7814,40.6055],[109.7927,40.6064],[109.8619,40.6022],[109.8794,40.599],[109.8936,40.5977],[109.9066,40.5934],[109.9123,40.5922],[109.9399,40.5901],[109.9966,40.5757],[110.0143,40.5699],[110.0699,40.5541],[110.0816,40.5513],[110.0899,40.5501],[110.1246,40.5513],[110.1412,40.5533],[110.2267,40.5566],[110.2384,40.5547],[110.27,40.5446],[110.2777,40.5434],[110.284,40.5433],[110.292,40.5442],[110.3062,40.548],[110.3138,40.5492],[110.3742,40.5498],[110.3826,40.5512],[110.4003,40.5557],[110.4112,40.5572],[110.7141,40.5735],[110.7236,40.5755],[110.7326,40.5789],[110.8242,40.6243],[110.8357,40.6274],[110.8872,40.6352],[110.8989,40.6386],[110.9082,40.6435],[110.923,40.6556],[110.9394,40.6658],[110.9779,40.6816],[110.9886,40.6848],[110.9984,40.6861],[111.062,40.6906],[111.1068,40.7017],[111.2608,40.7226],[111.2737,40.7225],[111.3226,40.7165],[111.4014,40.7211]]}},{"type":"Feature","properties":{"daily_trains":89.0,"path_trains":87.0},"geometry":{"type":"LineString","coordinates":[[111.4014,40.7211],[111.4366,40.7235],[111.4443,40.7252],[111.4503,40.7275],[111.4574,40.7316],[111.4962,40.7625],[111.501,40.7646],[111.5537,40.7801],[111.5585,40.7835],[111.5828,40.8077],[111.6023,40.8168],[111.6335,40.8293],[111.6427,40.831],[111.6705,40.8299],[111.7664,40.851]]}},{"type":"Feature","properties":{"daily_trains":87.0,"path_trains":87.0},"geometry":{"type":"LineString","coordinates":[[111.4014,40.7211],[111.4014,40.7211]]}},{"type":"Feature","properties":{"daily_trains":78.1,"path_trains":78.14},"geometry":{"type":"LineString","coordinates":[[114.3763,40.6858],[114.3639,40.6867],[114.357,40.6866],[114.3348,40.6818],[114.3245,40.6774],[114.2914,40.6596],[114.2843,40.6552],[114.1747,40.5517],[114.167,40.5453],[114.1569,40.5382],[114.1456,40.5319],[114.1377,40.5264],[114.122,40.5115],[114.114,40.5021],[114.1057,40.491],[114.0988,40.481],[114.096,40.4751],[114.0914,40.4684],[114.0883,40.4648],[114.0837,40.4609],[114.0745,40.4559],[114.0525,40.4486],[114.0117,40.4284],[113.9719,40.4168],[113.9658,40.4143],[113.9554,40.4082],[113.8993,40.37],[113.8942,40.3672],[113.8592,40.3515],[113.8517,40.3488],[113.8309,40.3435],[113.8228,40.3402],[113.8157,40.3355],[113.8125,40.3326],[113.7911,40.3088],[113.7678,40.2886],[113.734,40.2689],[113.6248,40.1933],[113.6181,40.1877],[113.6134,40.1809],[113.6117,40.1774],[113.602,40.1436],[113.601,40.1411],[113.5964,40.1344],[113.5885,40.127],[113.5631,40.11],[113.5533,40.1006],[113.5484,40.0937],[113.527,40.0564],[113.5227,40.0501],[113.5152,40.0423],[113.5113,40.0394],[113.5011,40.0347],[113.4951,40.0327],[113.4845,40.0307],[113.4744,40.0305],[113.4622,40.0322],[113.4388,40.0403],[113.4282,40.0426],[113.4176,40.0433],[113.3823,40.0434]]}},{"type":"Feature","properties":{"daily_trains":184.6,"path_trains":112.0},"geometry":{"type":"LineString","coordinates":[[112.611,37.7866],[112.5942,37.8007],[112.5876,37.808],[112.5855,37.8127],[112.5811,37.8335],[112.5814,37.8399],[112.5806,37.8473],[112.5822,37.8536],[112.5813,37.8617],[112.5797,37.895],[112.5759,37.9023],[112.5673,37.9059],[112.5605,37.9124],[112.5599,37.9436],[112.5587,37.9538],[112.5593,37.9578],[112.561,37.9616],[112.5667,37.9679],[112.5769,37.9765],[112.5997,37.9911],[112.6036,37.9947],[112.6059,37.9978],[112.6084,38.0032],[112.61,38.016],[112.6116,38.0212],[112.6144,38.0255],[112.6268,38.0411],[112.631,38.0485],[112.658,38.1133],[112.6607,38.1218],[112.6614,38.1266],[112.6613,38.1374],[112.6588,38.1494],[112.6456,38.1793],[112.6428,38.1874],[112.6414,38.1965],[112.6415,38.2064],[112.6519,38.2617],[112.6622,38.3013],[112.6708,38.3472],[112.6844,38.3869],[112.6864,38.4021],[112.6866,38.412],[112.6856,38.4602],[112.6839,38.4716],[112.6808,38.4801],[112.6636,38.5131],[112.6557,38.5331],[112.6486,38.5583],[112.6472,38.5674],[112.6469,38.5764],[112.6476,38.5843],[112.6559,38.6198],[112.6573,38.6292],[112.6593,38.7072],[112.6613,38.7158],[112.6791,38.7749],[112.6941,38.8099],[112.717,38.8454],[112.7214,38.8533],[112.7253,38.8645],[112.7566,38.9693],[112.7811,39.0291],[112.8014,39.0669],[112.8039,39.0749],[112.8048,39.0825],[112.8041,39.0877],[112.8023,39.0927],[112.7999,39.0967],[112.7963,39.1007],[112.7161,39.1716],[112.7098,39.1765],[112.7021,39.1805],[112.6873,39.1859],[112.6176,39.2068],[112.6072,39.2114],[112.601,39.2157],[112.5948,39.2221],[112.5877,39.2313],[112.5825,39.2397],[112.5803,39.2451],[112.5781,39.2544],[112.5776,39.262],[112.5784,39.2698],[112.5806,39.2782],[112.6038,39.3272],[112.6134,39.34],[112.6259,39.3524],[112.6307,39.3557],[112.6568,39.3701],[112.6985,39.3861],[112.7193,39.3963],[112.7295,39.4025],[112.7397,39.411],[112.7574,39.4314],[112.7763,39.4484],[112.7917,39.4654],[112.7994,39.472],[112.8081,39.478],[112.8556,39.5055],[112.8879,39.5204],[112.8975,39.5259],[112.9809,39.5937],[112.9878,39.5999],[113.0149,39.6326],[113.041,39.6573],[113.0483,39.6657],[113.054,39.6751],[113.0637,39.6964],[113.0712,39.7067],[113.089,39.726],[113.1113,39.743],[113.1209,39.7523],[113.1702,39.8065],[113.1921,39.8368],[113.2084,39.8572],[113.2114,39.8629],[113.2133,39.8685],[113.2146,39.8792],[113.2136,39.8875],[113.2087,39.9047],[113.2073,39.9361],[113.2079,39.9402],[113.2099,39.9451],[113.2153,39.9524],[113.2214,39.9571],[113.227,39.9598],[113.2534,39.9668],[113.2618,39.9705],[113.2707,39.9762],[113.2755,39.9804],[113.2799,39.9855],[113.2902,40.0042],[113.2934,40.0089],[113.3155,40.0346],[113.3216,40.0392],[113.3293,40.0423],[113.3352,40.0432],[113.3823,40.0434]]}},{"type":"Feature","properties":{"daily_trains":164.7,"path_trains":140.72},"geometry":{"type":"LineString","coordinates":[[110.9791,35.1017],[110.9929,35.1185],[111.0008,35.1266],[111.0596,35.1768],[111.0663,35.1843],[111.0885,35.2154],[111.0948,35.2251],[111.1187,35.2758],[111.1241,35.2829],[111.1304,35.2897],[111.1566,35.3121],[111.1612,35.3176],[111.168,35.3279],[111.1755,35.3412],[111.1837,35.3538],[111.2022,35.3734],[111.2142,35.3883],[111.2517,35.4554],[111.2604,35.4676],[111.2664,35.4778],[111.2757,35.4903],[111.282,35.5044],[111.2843,35.5116],[111.2863,35.5245],[111.2859,35.5356],[111.2815,35.5565],[111.2807,35.5738],[111.2853,35.6765],[111.2986,35.7495],[111.3035,35.773],[111.3223,35.8142],[111.3411,35.8686],[111.345,35.8757],[111.3727,35.9168],[111.3887,35.9512],[111.3933,35.9597],[111.396,35.9666],[111.4,35.9821],[111.4078,36.0063],[111.4115,36.0152],[111.4193,36.027],[111.4305,36.0393],[111.4343,36.0445],[111.4456,36.0621],[111.4484,36.0676],[111.4723,36.1465],[111.4773,36.1571],[111.4826,36.1645],[111.4862,36.1684],[111.5219,36.1991],[111.593,36.2732],[111.6031,36.2818],[111.6485,36.3102],[111.666,36.3206],[111.6723,36.3235],[111.6851,36.3276],[111.7157,36.3333],[111.7304,36.3394],[111.7397,36.3456],[111.7463,36.3517],[111.7501,36.3563],[111.7558,36.3663],[111.758,36.3729],[111.7618,36.3904],[111.7639,36.3963],[111.7674,36.403],[111.7761,36.4143],[111.7818,36.4239],[111.8025,36.4816],[111.8057,36.493],[111.811,36.5282],[111.8136,36.5368],[111.8192,36.5474],[111.8422,36.5797],[111.8452,36.5854],[111.8482,36.5932],[111.8496,36.6014],[111.851,36.6238],[111.8541,36.6514],[111.8559,36.6611],[111.8742,36.7354],[111.8741,36.7445],[111.8684,36.7999],[111.8682,36.8069],[111.8687,36.8104],[111.8753,36.8269],[111.9215,36.8971],[111.9256,36.9061],[111.9352,36.9372],[111.9362,36.9456],[111.9374,36.9887],[111.9384,36.998],[111.9403,37.0058],[111.9459,37.0186],[111.953,37.0283],[111.961,37.0363],[112.0358,37.0942],[112.0555,37.1086],[112.1223,37.145],[112.185,37.1723],[112.193,37.1767],[112.1994,37.1812],[112.2092,37.1904],[112.2395,37.2261],[112.2445,37.2312],[112.2508,37.2366],[112.2705,37.2504],[112.3113,37.2839],[112.3782,37.349],[112.4547,37.4129],[112.5362,37.4722],[112.545,37.4793],[112.5509,37.4854],[112.5562,37.4923],[112.572,37.5169],[112.5764,37.5257],[112.5792,37.5348],[112.5807,37.548],[112.5803,37.6247],[112.582,37.6359],[112.586,37.6462],[112.59,37.6527],[112.5942,37.6581],[112.6045,37.6678],[112.6131,37.6735],[112.6632,37.7013],[112.6674,37.7052],[112.6696,37.7099],[112.6717,37.7278],[112.6739,37.7383],[112.6731,37.7429],[112.6711,37.7464],[112.6523,37.7619],[112.642,37.7663],[112.6342,37.7713],[112.6274,37.7747],[112.6171,37.7817]]}},{"type":"Feature","properties":{"daily_trains":225.0,"path_trains":225.0},"geometry":{"type":"LineString","coordinates":[[112.6171,37.7817],[112.611,37.7866]]}},{"type":"Feature","properties":{"daily_trains":96.6,"path_trains":96.43},"geometry":{"type":"LineString","coordinates":[[108.9438,34.3795],[108.9486,34.3814],[108.9831,34.3893],[109.0873,34.4059],[109.1046,34.4064],[109.1363,34.4027],[109.1464,34.4022],[109.1644,34.4035],[109.1793,34.4067],[109.1917,34.4112],[109.213,34.4211],[109.2371,34.429],[109.2686,34.4413],[109.2753,34.4445],[109.2857,34.4512],[109.3091,34.4684],[109.3456,34.5002],[109.3558,34.5069],[109.3698,34.5136],[109.3856,34.5185],[109.5281,34.5485],[109.543,34.5534],[109.5588,34.5621],[109.6056,34.5966],[109.6283,34.6156],[109.6554,34.6335],[109.7135,34.6762],[109.7317,34.6887],[109.7391,34.6951],[109.7551,34.7135],[109.7633,34.721],[109.8341,34.7765],[109.8503,34.7884],[109.9402,34.8489],[109.9823,34.873],[110.0407,34.9146],[110.0559,34.9231],[110.0905,34.9364],[110.1046,34.9433],[110.113,34.9491],[110.1317,34.9646],[110.1393,34.9698],[110.1773,34.9948],[110.2443,35.0374],[110.2511,35.0412],[110.2596,35.044],[110.2719,35.0465],[110.2781,35.0471],[110.2929,35.0469],[110.3056,35.0449],[110.3669,35.0325],[110.3836,35.03],[110.5478,35.0242],[110.6691,35.0295],[110.7798,35.039],[110.8146,35.0389],[110.827,35.0395],[110.8687,35.0452],[110.8998,35.0473],[110.9117,35.0496],[110.9249,35.0543],[110.9344,35.0593],[110.9537,35.0732],[110.9632,35.0825],[110.9791,35.1017]]}},{"type":"Feature","properties":{"daily_trains":154.3,"path_trains":138.29},"geometry":{"type":"LineString","coordinates":[[108.913,34.3716],[108.8404,34.3531],[108.8267,34.3504],[108.7576,34.3422],[108.7473,34.3429],[108.7278,34.3477],[108.7203,34.3479],[108.7141,34.3472],[108.6465,34.3279],[108.6278,34.3231],[108.5943,34.3127],[108.5834,34.3105],[108.5637,34.3083],[108.5551,34.3064],[108.5416,34.3014],[108.5295,34.2944],[108.521,34.2874],[108.5089,34.274],[108.5035,34.2689],[108.4964,34.2635],[108.4877,34.2586],[108.4788,34.2548],[108.4433,34.2436],[108.4355,34.2417],[108.425,34.2401],[108.4113,34.2397],[108.2266,34.2413],[108.1367,34.2468],[108.07,34.2548],[108.0046,34.2585],[107.9926,34.2588],[107.9479,34.2562],[107.9331,34.2564],[107.9147,34.2591],[107.888,34.2658],[107.8713,34.2675],[107.8548,34.2665],[107.7848,34.2549],[107.7682,34.2545],[107.7562,34.2559],[107.6771,34.2682],[107.6249,34.2723],[107.5537,34.2857],[107.5242,34.2923],[107.4754,34.2963],[107.4653,34.2978],[107.4527,34.3014],[107.4441,34.3053],[107.4178,34.3213],[107.4102,34.3249],[107.397,34.3291],[107.386,34.3311],[107.3465,34.3317],[107.3201,34.3357],[107.3059,34.3363],[107.2754,34.3341],[107.1918,34.3354],[107.1582,34.3317],[107.1497,34.3314],[107.1323,34.3334],[107.1002,34.3414],[107.0822,34.3438],[106.9435,34.3457],[106.9099,34.3465],[106.8594,34.3489],[106.8002,34.3527],[106.7324,34.3597],[106.6981,34.3639],[106.6856,34.367],[106.6682,34.3736],[106.6116,34.4034],[106.6053,34.4075],[106.586,34.4236],[106.5746,34.4305],[106.5654,34.434],[106.5417,34.4415],[106.5209,34.4469],[106.5097,34.4486],[106.4936,34.4498],[106.4325,34.4488],[106.395,34.4496],[106.38,34.4509],[106.3595,34.454],[106.3378,34.4591],[106.1897,34.4983],[106.1517,34.5099],[106.1133,34.5247],[106.086,34.5338],[106.0504,34.542],[106.0294,34.5482],[106.0123,34.5515],[105.994,34.5519],[105.9099,34.5417],[105.896,34.5412],[105.8781,34.5435],[105.8373,34.5543],[105.8179,34.5604],[105.803,34.5672],[105.787,34.5795],[105.777,34.5935],[105.7631,34.6173],[105.7557,34.6266],[105.7347,34.6447],[105.6923,34.6847],[105.6841,34.6936],[105.6777,34.7032],[105.6743,34.7104],[105.6711,34.7212],[105.6626,34.7895],[105.6609,34.7959],[105.6555,34.8108],[105.6533,34.8218],[105.6531,34.8326],[105.6568,34.8666],[105.6561,34.8801],[105.6553,34.8849],[105.6518,34.8965],[105.647,34.9065],[105.6418,34.9139],[105.6329,34.9225],[105.6192,34.9327],[105.6099,34.9378],[105.5861,34.9482],[105.576,34.9534],[105.5663,34.9597],[105.5603,34.9647],[105.5229,35.0028],[105.5069,35.0253],[105.4993,35.0337],[105.3963,35.1155],[105.3915,35.1199],[105.3863,35.1262],[105.3709,35.1493],[105.364,35.1573],[105.3592,35.1618],[105.3509,35.168],[105.3369,35.1755],[105.2936,35.1913],[105.2788,35.1943],[105.2356,35.1973],[105.218,35.2006],[105.2039,35.205],[105.1471,35.2257],[105.1273,35.2338],[105.1194,35.2381],[105.1102,35.2451],[105.0962,35.2598],[105.0881,35.2673],[105.0492,35.2944],[105.0295,35.3108],[105.0144,35.3214],[104.8214,35.4304],[104.8043,35.4396],[104.7953,35.4434],[104.766,35.4509],[104.7424,35.4595],[104.7172,35.4667],[104.7069,35.4708],[104.6976,35.4756],[104.6804,35.4873],[104.6353,35.5142],[104.6258,35.5214],[104.6126,35.5344],[104.6072,35.5421],[104.6027,35.5506],[104.5998,35.5592],[104.5947,35.5804],[104.5909,35.5906],[104.5858,35.601],[104.5761,35.6192],[104.5724,35.625],[104.5661,35.6333],[104.5594,35.6402]]}},{"type":"Feature","properties":{"daily_trains":138.3,"path_trains":138.29},"geometry":{"type":"LineString","coordinates":[[104.5594,35.6403],[104.5594,35.6402]]}},{"type":"Feature","properties":{"daily_trains":42.6,"path_trains":154.29},"geometry":{"type":"LineString","coordinates":[[108.6685,34.3339],[108.6433,34.3267],[108.6341,34.3255],[108.6179,34.32]]}},{"type":"Feature","properties":{"daily_trains":42.6,"path_trains":384.86},"geometry":{"type":"LineString","coordinates":[[108.9129,34.3721],[108.913,34.3718]]}},{"type":"Feature","properties":{"daily_trains":22.0,"path_trains":549.86},"geometry":{"type":"LineString","coordinates":[[108.9405,34.3785],[108.9399,34.3787]]}},{"type":"Feature","properties":{"daily_trains":114.3,"path_trains":384.86},"geometry":{"type":"LineString","coordinates":[[108.9129,34.3721],[108.9259,34.3765]]}},{"type":"Feature","properties":{"daily_trains":22.0,"path_trains":551.86},"geometry":{"type":"LineString","coordinates":[[108.9399,34.3787],[108.9378,34.3788],[108.9284,34.3766]]}},{"type":"Feature","properties":{"daily_trains":22.0,"path_trains":384.86},"geometry":{"type":"LineString","coordinates":[[108.9259,34.3765],[108.9261,34.3764]]}},{"type":"Feature","properties":{"daily_trains":42.6,"path_trains":154.29},"geometry":{"type":"LineString","coordinates":[[108.6685,34.3339],[108.6682,34.3342]]}},{"type":"Feature","properties":{"daily_trains":22.0,"path_trains":546.86},"geometry":{"type":"LineString","coordinates":[[108.9283,34.3769],[108.9257,34.3762]]}},{"type":"Feature","properties":{"daily_trains":22.0,"path_trains":546.86},"geometry":{"type":"LineString","coordinates":[[108.9284,34.3766],[108.9283,34.3769]]}},{"type":"Feature","properties":{"daily_trains":22.0,"path_trains":384.86},"geometry":{"type":"LineString","coordinates":[[108.9261,34.3764],[108.9257,34.3762]]}},{"type":"Feature","properties":{"daily_trains":40.0,"path_trains":40.0},"geometry":{"type":"LineString","coordinates":[[106.7486,39.2961],[106.7487,39.2961]]}},{"type":"Feature","properties":{"daily_trains":79.4,"path_trains":77.43},"geometry":{"type":"LineString","coordinates":[[102.4042,36.4661],[102.4153,36.4645],[102.4257,36.4619],[102.4578,36.4486],[102.5011,36.4331],[102.5073,36.4299],[102.5133,36.4238],[102.5183,36.421],[102.5268,36.4197],[102.5427,36.4205],[102.5522,36.4179],[102.6877,36.3573],[102.7003,36.3523],[102.7281,36.3369],[102.7474,36.3294],[102.7687,36.3234],[102.8069,36.3174],[102.8694,36.3002],[102.8934,36.2951],[102.9025,36.2924],[102.9196,36.2845],[102.9549,36.2638],[102.9644,36.2594],[102.9965,36.2492],[103.0117,36.2451],[103.0367,36.2349],[103.0744,36.217],[103.0843,36.213],[103.1131,36.2032],[103.1361,36.1976],[103.1547,36.1907],[103.1606,36.188],[103.1829,36.1744],[103.2271,36.1516],[103.234,36.1489],[103.3625,36.1106],[103.4969,36.0953],[103.5505,36.0876],[103.5873,36.0831],[103.5988,36.0806],[103.6197,36.073],[103.636,36.0695],[103.6441,36.0688],[103.6756,36.0691],[103.7004,36.0705]]}},{"type":"Feature","properties":{"daily_trains":79.4,"path_trains":79.43},"geometry":{"type":"LineString","coordinates":[[101.8188,36.6158],[101.8349,36.6005],[101.8471,36.5924],[101.8642,36.5855],[101.8781,36.5811],[101.8846,36.5784],[101.8957,36.5725],[101.91,36.5618],[101.92,36.5561],[101.9417,36.5456],[101.9745,36.5267],[101.9895,36.5204],[102.0066,36.5152],[102.0232,36.5113],[102.0338,36.5103],[102.0883,36.5095],[102.0968,36.5089],[102.1079,36.5072],[102.1286,36.5022],[102.1549,36.494],[102.1832,36.4817],[102.1924,36.4785],[102.2072,36.4749],[102.2137,36.474],[102.2289,36.4735],[102.2749,36.4751],[102.3128,36.4708],[102.3369,36.4714],[102.3465,36.4708]]}},{"type":"Feature","properties":{"daily_trains":79.4,"path_trains":79.43},"geometry":{"type":"LineString","coordinates":[[102.4042,36.4661],[102.361,36.4692],[102.3465,36.4709]]}},{"type":"Feature","properties":{"daily_trains":87.6,"path_trains":87.57},"geometry":{"type":"LineString","coordinates":[[112.5636,37.965],[112.575,37.9748],[112.5849,37.9811],[112.5921,37.9844],[112.6178,37.9936],[112.6264,37.9957],[112.637,37.9972],[112.6705,37.9967],[112.6852,37.9985],[112.6991,38.0028],[112.7185,38.0121],[112.7263,38.0151],[112.7842,38.0339],[112.8008,38.0378],[112.8165,38.0392],[112.8316,38.0385],[112.8445,38.0362],[112.8659,38.0306],[112.8812,38.0292],[112.893,38.0305],[112.9145,38.0347],[112.9541,38.0447],[112.9625,38.0463],[112.9741,38.0474],[112.9977,38.048],[113.0083,38.0468],[113.0184,38.0443],[113.0275,38.0408],[113.0476,38.0307],[113.0564,38.0279],[113.0661,38.026],[113.0759,38.0253],[113.1314,38.0246],[113.1527,38.025],[113.1665,38.0272],[113.221,38.0402],[113.2623,38.0506],[113.2705,38.0536],[113.2828,38.0615],[113.3253,38.0999],[113.3367,38.1065],[113.3445,38.1094],[113.3504,38.1108],[113.3777,38.1137],[113.4545,38.1153],[113.786,38.147],[113.9171,38.1524],[114.0078,38.1516],[114.0433,38.1519],[114.0558,38.1507],[114.0711,38.1476],[114.0836,38.1422],[114.1273,38.1126],[114.167,38.0799],[114.1734,38.0755],[114.1809,38.0718],[114.1885,38.0692],[114.2212,38.0627],[114.2459,38.0536],[114.2543,38.0499],[114.2624,38.0452],[114.2711,38.039],[114.318,38.0032],[114.3239,37.9993],[114.3301,37.9963],[114.3391,37.9933],[114.3759,37.9855],[114.4048,37.9814],[114.4267,37.9722],[114.4502,37.9634],[114.4545,37.9624],[114.4619,37.9633],[114.4675,37.9669],[114.4698,37.9712],[114.4712,37.9816]]}},{"type":"Feature","properties":{"daily_trains":385.7,"path_trains":307.14},"geometry":{"type":"LineString","coordinates":[[115.7586,39.0498],[115.7156,39.0019],[115.6933,38.9825],[115.6856,38.9747],[115.6277,38.9063],[115.5439,38.7912],[115.5072,38.7541],[115.4957,38.7444],[115.4788,38.7339],[115.4215,38.708],[115.3055,38.6469],[115.1764,38.5779],[115.0537,38.497],[114.9924,38.45],[114.9853,38.4451],[114.9688,38.4361],[114.8804,38.3954],[114.8658,38.3874],[114.8529,38.3778],[114.8429,38.3683],[114.769,38.2839],[114.7594,38.2753],[114.7464,38.2666],[114.736,38.2612],[114.7247,38.2568],[114.6815,38.2451],[114.6617,38.2408],[114.6263,38.2362],[114.6088,38.2315],[114.5995,38.2279],[114.5904,38.2232],[114.5478,38.1944],[114.5362,38.1838],[114.5278,38.1732],[114.5138,38.149],[114.5097,38.1403],[114.5071,38.1296],[114.5064,38.1109],[114.5052,38.1027],[114.503,38.0958],[114.496,38.0803],[114.4931,38.0724],[114.4715,37.9816]]}},{"type":"Feature","properties":{"daily_trains":43.3,"path_trains":43.28},"geometry":{"type":"LineString","coordinates":[[113.3823,40.0434],[113.4045,40.044],[113.4106,40.0461],[113.415,40.0499],[113.4168,40.0537],[113.417,40.0595],[113.4134,40.086],[113.4104,40.0957],[113.3962,40.1177],[113.3514,40.2095],[113.3456,40.2198],[113.3379,40.2289],[113.3276,40.2373],[113.2911,40.2576],[113.2805,40.2648],[113.2737,40.271],[113.2262,40.3224],[113.2194,40.3289],[113.204,40.3405],[113.1547,40.3752],[113.1481,40.3805],[113.1394,40.3892],[113.1338,40.3971],[113.1289,40.4061],[113.1253,40.4165],[113.1235,40.4292],[113.1232,40.4587],[113.1238,40.4671],[113.1257,40.4749],[113.1286,40.4822],[113.1465,40.514],[113.1497,40.5215],[113.1517,40.529],[113.1537,40.5441],[113.1568,40.6179],[113.1568,40.6251],[113.1555,40.633],[113.1446,40.6679],[113.1421,40.6782],[113.1343,40.7463],[113.1344,40.7548],[113.1354,40.7612],[113.1374,40.7682],[113.1664,40.8433],[113.1708,40.8529],[113.1764,40.8609],[113.1823,40.8672],[113.2074,40.8871],[113.2156,40.8955],[113.2197,40.9015],[113.2226,40.9076],[113.2245,40.9137],[113.2255,40.9195],[113.225,40.9307],[113.223,40.9406],[113.2216,40.9446],[113.2171,40.9516],[113.211,40.9583],[113.2072,40.9611],[113.1996,40.9642],[113.188,40.9654],[113.1583,40.9639]]}},{"type":"Feature","properties":{"daily_trains":69.7,"path_trains":65.71},"geometry":{"type":"LineString","coordinates":[[106.2463,37.9646],[106.246,37.9315],[106.247,37.9234],[106.2503,37.9065],[106.2525,37.8979],[106.2552,37.8913],[106.2582,37.8858],[106.264,37.878],[106.3101,37.8293],[106.3293,37.8065],[106.3545,37.7813],[106.3732,37.766],[106.4014,37.7395],[106.4443,37.7048],[106.5218,37.6517],[106.5314,37.6443],[106.5383,37.637],[106.5515,37.6196],[106.5933,37.582],[106.5978,37.577],[106.656,37.5051],[106.6836,37.4613],[106.688,37.453],[106.7003,37.4217],[106.7072,37.3909],[106.7104,37.3808],[106.7344,37.3364],[106.7379,37.3262],[106.7518,37.2736],[106.7661,37.2388],[106.7685,37.2273],[106.7707,37.2076],[106.7752,37.1941],[106.7792,37.1864],[106.8147,37.1279],[106.8224,37.1167],[106.8276,37.111],[106.8349,37.1043],[106.8895,37.0634],[106.9008,37.0573],[106.9373,37.0441],[106.9641,37.0317],[106.9938,37.0141],[107.0035,37.0063],[107.0096,36.9999],[107.0208,36.9846],[107.0263,36.9742],[107.0292,36.9645],[107.0326,36.9439],[107.0346,36.9375],[107.0381,36.9301],[107.0453,36.92],[107.0761,36.8859],[107.0828,36.8776],[107.0894,36.8662],[107.0962,36.849],[107.1026,36.8375],[107.1086,36.8298],[107.1185,36.8201],[107.1496,36.7986],[107.1584,36.7915],[107.1663,36.7833],[107.1727,36.7747],[107.1811,36.7604],[107.185,36.7497],[107.1865,36.7399],[107.1865,36.7195],[107.1873,36.7141],[107.1897,36.7062],[107.1933,36.6986],[107.2153,36.6623],[107.2211,36.6557],[107.2452,36.6336],[107.2669,36.6118],[107.2757,36.6054],[107.2929,36.5949],[107.2966,36.5912],[107.3248,36.5562],[107.3334,36.5485],[107.3558,36.5318],[107.4062,36.4795],[107.4156,36.4675],[107.4266,36.4515],[107.4304,36.4448],[107.4714,36.3484],[107.5016,36.2986],[107.5096,36.2881],[107.5197,36.2786],[107.5317,36.2695],[107.5397,36.2643],[107.5486,36.2597],[107.5631,36.2544],[107.5737,36.252],[107.5976,36.2481],[107.6071,36.2452],[107.6186,36.24],[107.6612,36.2167],[107.6682,36.2113],[107.6754,36.2041],[107.6972,36.1732],[107.7164,36.1508],[107.7233,36.1435],[107.7285,36.139],[107.7486,36.1257],[107.7562,36.1197],[107.7657,36.11],[107.7722,36.101],[107.793,36.0594],[107.7949,36.054],[107.7954,36.0498],[107.7949,36.0402],[107.7918,36.0258],[107.7909,36.004],[107.7835,35.982],[107.7696,35.9654],[107.7512,35.9454],[107.7441,35.9366],[107.7293,35.9232],[107.6974,35.902],[107.6462,35.8785],[107.6406,35.8754],[107.6367,35.8727],[107.6293,35.8644],[107.6263,35.86],[107.6193,35.8406],[107.6172,35.833],[107.6168,35.8264],[107.6184,35.8062],[107.6183,35.7985],[107.6165,35.7899],[107.6121,35.7739],[107.6111,35.7661],[107.6127,35.7297],[107.6142,35.7207],[107.6164,35.7133],[107.6292,35.6765],[107.641,35.6528],[107.6502,35.6387],[107.6606,35.621],[107.6734,35.6043],[107.692,35.5671],[107.6981,35.559],[107.7048,35.5523],[107.7142,35.5455],[107.7214,35.5415],[107.7311,35.5377],[107.7598,35.5307],[107.7683,35.528],[107.7763,35.5245],[107.7961,35.5137],[107.8158,35.507],[107.8496,35.4967],[107.8667,35.4952],[107.8974,35.4945],[107.9132,35.4922],[107.9334,35.4864],[107.9787,35.4717],[108.0213,35.4568],[108.0297,35.4529],[108.0423,35.4455],[108.0522,35.4379],[108.0969,35.3907],[108.1196,35.3575],[108.1427,35.3219],[108.145,35.3174],[108.1618,35.2743],[108.1652,35.2625],[108.1674,35.2449],[108.1681,35.2065],[108.1674,35.1916],[108.1655,35.1809],[108.1617,35.1701],[108.1463,35.146],[108.1206,35.0794],[108.1178,35.0694],[108.1173,35.0648],[108.12,35.041]]}},{"type":"Feature","properties":{"daily_trains":71.7,"path_trains":71.71},"geometry":{"type":"LineString","coordinates":[[108.9129,34.3721],[108.8641,34.3595],[108.8379,34.354],[108.8324,34.3533],[108.8255,34.354],[108.8208,34.3556],[108.8163,34.3585],[108.7994,34.3769],[108.7809,34.3884],[108.7742,34.3902],[108.7684,34.3904],[108.7637,34.3895],[108.75,34.3846],[108.7417,34.3838],[108.7352,34.3851],[108.7219,34.3907],[108.7092,34.3938],[108.7042,34.3964],[108.6532,34.4324],[108.6451,34.4364],[108.6364,34.4394],[108.5896,34.4522],[108.5779,34.4546],[108.5649,34.4561],[108.5468,34.4563],[108.4769,34.4502],[108.4629,34.4509],[108.4336,34.4548],[108.3614,34.473],[108.3531,34.4756],[108.3416,34.4804],[108.316,34.494],[108.3008,34.4996],[108.256,34.5111],[108.23,34.515],[108.2176,34.5178],[108.2034,34.5231],[108.1919,34.5283],[108.1857,34.5319],[108.1786,34.5371],[108.1708,34.545],[108.1658,34.5524],[108.1555,34.5712],[108.1469,34.5889],[108.1443,34.5962],[108.1432,34.6015],[108.1414,34.6227],[108.1393,34.6326],[108.1364,34.6401],[108.1286,34.6541],[108.1231,34.6657],[108.1058,34.7179],[108.1033,34.7262],[108.1018,34.7339],[108.1012,34.7459],[108.1022,34.7553],[108.108,34.7883],[108.1294,34.8981],[108.124,34.9388],[108.1246,34.9716],[108.1232,35.0141],[108.1201,35.041]]}},{"type":"Feature","properties":{"daily_trains":113.6,"path_trains":379.28},"geometry":{"type":"LineString","coordinates":[[116.8509,36.848],[116.8413,36.8552],[116.8343,36.8616],[116.8061,36.8943],[116.8019,36.9],[116.7781,36.9372],[116.7358,36.9876],[116.6949,37.0498],[116.6684,37.0852],[116.6498,37.1138],[116.6161,37.1577],[116.5941,37.1948],[116.5897,37.2007],[116.5715,37.2222]]}},{"type":"Feature","properties":{"daily_trains":70.6,"path_trains":70.57},"geometry":{"type":"LineString","coordinates":[[114.6304,38.0484],[114.6827,38.0381],[114.7477,38.0292],[114.7606,38.0264],[114.7698,38.0232],[114.7796,38.0183],[114.8062,37.9992],[114.8148,37.9946],[114.8235,37.9914],[114.874,37.9788],[115.2239,37.876],[115.3025,37.8455],[115.4946,37.7818],[115.5043,37.7796],[115.5143,37.7783],[115.5572,37.7777],[115.6222,37.772],[115.7005,37.7733],[115.7362,37.7757],[115.7482,37.7751],[115.7627,37.7728],[115.7756,37.7693],[115.8671,37.7377],[115.9102,37.7167],[115.9206,37.7125],[115.9335,37.7087],[116.0169,37.6894],[116.0259,37.6869],[116.039,37.6818],[116.0779,37.6625],[116.1413,37.6423]]}},{"type":"Feature","properties":{"daily_trains":70.6,"path_trains":70.57},"geometry":{"type":"LineString","coordinates":[[116.4557,37.415],[116.4564,37.4153],[116.4542,37.431],[116.4541,37.4389],[116.4552,37.4446],[116.461,37.4653],[116.4621,37.4771],[116.461,37.4878],[116.4588,37.4959],[116.4566,37.5012],[116.4497,37.5129],[116.44,37.5237],[116.3858,37.5656],[116.3719,37.5736],[116.3595,37.5787],[116.2793,37.6055],[116.1908,37.6271],[116.1413,37.6422]]}},{"type":"Feature","properties":{"daily_trains":70.6,"path_trains":70.57},"geometry":{"type":"LineString","coordinates":[[114.6304,38.0484],[114.5573,38.0635],[114.5295,38.066],[114.517,38.0666],[114.4959,38.0689],[114.4933,38.0678],[114.4916,38.0655],[114.4807,38.0197]]}},{"type":"Feature","properties":{"daily_trains":86.7,"path_trains":379.28},"geometry":{"type":"LineString","coordinates":[[116.5715,37.2222],[116.5654,37.2301],[116.5401,37.2657],[116.5225,37.2845],[116.5174,37.2907],[116.5017,37.3142],[116.4851,37.3364],[116.4812,37.3427],[116.4657,37.3685],[116.4633,37.3741],[116.4609,37.3837],[116.4569,37.4114]]}},{"type":"Feature","properties":{"daily_trains":70.6,"path_trains":70.57},"geometry":{"type":"LineString","coordinates":[[114.6304,38.0484],[114.6304,38.0484]]}},{"type":"Feature","properties":{"daily_trains":430.4,"path_trains":401.28},"geometry":{"type":"LineString","coordinates":[[116.886,36.6616],[116.8859,36.6616]]}},{"type":"Feature","properties":{"daily_trains":85.7,"path_trains":381.28},"geometry":{"type":"LineString","coordinates":[[116.4569,37.4114],[116.4561,37.4134]]}},{"type":"Feature","properties":{"daily_trains":85.7,"path_trains":381.28},"geometry":{"type":"LineString","coordinates":[[116.4557,37.4153],[116.4559,37.4134]]}},{"type":"Feature","properties":{"daily_trains":70.6,"path_trains":381.28},"geometry":{"type":"LineString","coordinates":[[116.4557,37.4153],[116.4557,37.415]]}},{"type":"Feature","properties":{"daily_trains":147.0,"path_trains":141.0},"geometry":{"type":"LineString","coordinates":[[120.0394,36.3985],[120.0214,36.4012],[120.0096,36.4018],[119.9716,36.3995],[119.9495,36.4004],[119.9264,36.3991],[119.879,36.3993],[119.8395,36.3956],[119.7877,36.3955],[119.7484,36.3916],[119.7426,36.3918],[119.736,36.3931],[119.7305,36.3953],[119.7251,36.3987],[119.721,36.4026],[119.7148,36.412],[119.7113,36.4158],[119.7079,36.4186],[119.6805,36.4361],[119.6658,36.4495],[119.6608,36.4528],[119.6457,36.4595],[119.6394,36.4637],[119.5966,36.5068],[119.5906,36.5117],[119.5848,36.5149],[119.5735,36.5183],[119.5556,36.5194],[119.5318,36.523],[119.4979,36.5341],[119.4811,36.5385],[119.4725,36.5401],[119.4642,36.5408],[119.456,36.5406],[119.4333,36.5378],[119.4202,36.5388],[119.3804,36.552],[119.3692,36.5578],[119.3619,36.564],[119.3566,36.571],[119.3519,36.5806],[119.3485,36.5857],[119.3343,36.6024],[119.3269,36.6076],[119.2966,36.6249],[119.2636,36.6394],[119.234,36.6536],[119.227,36.6562],[119.2186,36.658],[119.1999,36.6597],[119.1246,36.6773],[119.1172,36.6806],[119.0886,36.6982],[119.073,36.7051],[119.0666,36.7071],[119.0374,36.7114],[119.023,36.7121],[118.9272,36.702],[118.9187,36.7016],[118.9085,36.7026],[118.8938,36.7062],[118.8803,36.7084],[118.8627,36.7088],[118.808,36.7133],[118.7895,36.7136],[118.6892,36.731],[118.6341,36.7391],[118.5956,36.7425],[118.588,36.7437],[118.5794,36.746],[118.5712,36.7492],[118.5544,36.7578],[118.5424,36.7628],[118.5351,36.7654],[118.524,36.7682],[118.509,36.7707],[118.4228,36.7788],[118.413,36.7792],[118.3961,36.7788],[118.3895,36.7794],[118.3807,36.7829],[118.3718,36.7898],[118.3663,36.7926],[118.3591,36.7942],[118.3442,36.7956],[118.3296,36.8022],[118.3232,36.8037],[118.3046,36.8044],[118.2789,36.8034],[118.2511,36.7982],[118.2108,36.7976],[118.1961,36.7948],[118.1687,36.7911],[118.1194,36.7789],[118.1109,36.7778],[118.0913,36.7795],[118.0765,36.7799],[118.0378,36.7926],[118.0298,36.7942],[117.9992,36.7944],[117.9703,36.7966],[117.9519,36.7964],[117.9459,36.7957],[117.9308,36.7916],[117.9253,36.7885],[117.9208,36.7847],[117.9162,36.778],[117.9062,36.7527],[117.9029,36.748],[117.8985,36.7439],[117.894,36.7411],[117.8873,36.7386],[117.8674,36.7362],[117.8615,36.7345],[117.8562,36.7318],[117.8494,36.726],[117.8357,36.7074],[117.8293,36.7021],[117.823,36.699],[117.816,36.6973],[117.81,36.6969],[117.7979,36.6974],[117.7902,36.6964],[117.7858,36.695],[117.7754,36.6904],[117.7669,36.6885],[117.7594,36.6885],[117.7417,36.6912],[117.7342,36.6916],[117.7266,36.6909],[117.7061,36.6863],[117.6979,36.6858],[117.6927,36.6862],[117.6697,36.6903],[117.6554,36.695],[117.6391,36.6989],[117.6142,36.708],[117.6054,36.7094],[117.5934,36.7087],[117.5718,36.7023],[117.5658,36.7013],[117.5437,36.7015],[117.5373,36.7027],[117.5302,36.7052],[117.5152,36.7143],[117.5093,36.7168],[117.4784,36.7259],[117.4711,36.7271],[117.4619,36.727],[117.4511,36.7254],[117.4358,36.724],[117.419,36.7246],[117.3929,36.724],[117.3782,36.7243],[117.3666,36.7222]]}},{"type":"Feature","properties":{"daily_trains":188.0,"path_trains":186.0},"geometry":{"type":"LineString","coordinates":[[120.3622,36.2939],[120.3531,36.3118],[120.35,36.3164],[120.3255,36.3373],[120.3213,36.3398],[120.3167,36.3415],[120.2997,36.3435],[120.2918,36.3463],[120.2473,36.3814],[120.242,36.3849],[120.2374,36.3869],[120.2158,36.3924],[120.2081,36.3935],[120.201,36.3932],[120.172,36.3893],[120.1617,36.3888],[120.1082,36.395],[120.0963,36.395],[120.0747,36.3935],[120.0619,36.3947]]}},{"type":"Feature","properties":{"daily_trains":148.0,"path_trains":118.0},"geometry":{"type":"LineString","coordinates":[[117.0317,36.6833],[117.0612,36.6931],[117.0828,36.7026],[117.0994,36.7074],[117.1073,36.7085],[117.1239,36.707],[117.1505,36.7109],[117.1582,36.713],[117.169,36.7189],[117.1768,36.7209],[117.1837,36.7209],[117.1964,36.7184],[117.2132,36.7196],[117.2305,36.7171],[117.236,36.717],[117.2423,36.7183],[117.2573,36.725],[117.2699,36.7283],[117.2979,36.7332],[117.3186,36.7347],[117.325,36.7342],[117.3317,36.7321],[117.3426,36.7252],[117.3495,36.7225],[117.3577,36.7213],[117.3666,36.7223]]}},{"type":"Feature","properties":{"daily_trains":199.7,"path_trains":169.71},"geometry":{"type":"LineString","coordinates":[[117.16,36.7483],[117.1319,36.7493],[117.1259,36.7501],[117.1204,36.7517],[117.115,36.7544],[117.1105,36.7575],[117.0994,36.7692],[117.0927,36.7739],[117.0857,36.7769],[117.0652,36.7825],[117.0579,36.783],[117.0502,36.7824],[117.0235,36.7747],[117.0129,36.7726],[116.9982,36.772],[116.9844,36.7739],[116.9764,36.7762],[116.9682,36.7797],[116.9403,36.7977],[116.9062,36.8144]]}},{"type":"Feature","properties":{"daily_trains":23.0,"path_trains":184.57},"geometry":{"type":"LineString","coordinates":[[117.2766,36.75],[117.2711,36.7552],[117.2655,36.7579],[117.2609,36.7587],[117.2464,36.7593],[117.2365,36.7585],[117.2287,36.7572],[117.2076,36.7509],[117.195,36.7483],[117.1823,36.7474],[117.168,36.7476],[117.1679,36.7481]]}},{"type":"Feature","properties":{"daily_trains":86.6,"path_trains":464.42},"geometry":{"type":"LineString","coordinates":[[116.9062,36.8144],[116.879,36.8282],[116.8509,36.848]]}},{"type":"Feature","properties":{"daily_trains":23.0,"path_trains":141.0},"geometry":{"type":"LineString","coordinates":[[117.2766,36.75],[117.2847,36.742],[117.2952,36.7354],[117.3012,36.7339],[117.3136,36.7344]]}},{"type":"Feature","properties":{"daily_trains":322.0,"path_trains":231.0},"geometry":{"type":"LineString","coordinates":[[120.0619,36.3947],[120.0394,36.3985]]}},{"type":"Feature","properties":{"daily_trains":199.7,"path_trains":157.43},"geometry":{"type":"LineString","coordinates":[[117.16,36.7483],[117.1826,36.7477],[117.1926,36.7484],[117.2058,36.7509],[117.2308,36.7581],[117.244,36.7596],[117.2569,36.7594],[117.291,36.7566],[117.3074,36.7581],[117.3681,36.771],[117.3852,36.7773],[117.4058,36.7896],[117.4182,36.7953],[117.4353,36.8006],[117.4504,36.8029],[117.4628,36.8034],[117.5345,36.7997],[117.5899,36.8037],[117.6067,36.8022],[117.6803,36.7906],[117.6964,36.7911],[117.7566,36.7975],[117.7655,36.799],[117.774,36.8011],[117.7855,36.8053],[117.7985,36.8122],[117.8095,36.8203],[117.8317,36.8443],[117.841,36.8519],[117.855,36.8597],[117.874,36.8669],[117.9377,36.8878],[117.9473,36.8898],[117.9639,36.8916],[118.0666,36.8983],[118.0731,36.8994],[118.0821,36.9016],[118.096,36.9066],[118.1028,36.91],[118.1229,36.923],[118.1384,36.93],[118.1451,36.9323],[118.161,36.9355],[118.1744,36.9365],[118.1822,36.9362],[118.2405,36.9323],[118.2578,36.9303],[118.2709,36.9269],[118.3051,36.9138],[118.3394,36.9045]]}},{"type":"Feature","properties":{"daily_trains":143.0,"path_trains":141.0},"geometry":{"type":"LineString","coordinates":[[117.3666,36.7223],[117.3666,36.7222]]}},{"type":"Feature","properties":{"daily_trains":45.0,"path_trains":281.86},"geometry":{"type":"LineString","coordinates":[[120.3103,36.3425],[120.3161,36.3438],[120.3233,36.3469],[120.3265,36.3495],[120.3293,36.3537]]}},{"type":"Feature","properties":{"daily_trains":45.0,"path_trains":140.86},"geometry":{"type":"LineString","coordinates":[[120.3293,36.3534],[120.3317,36.3561],[120.3354,36.3591],[120.345,36.3626]]}},{"type":"Feature","properties":{"daily_trains":45.0,"path_trains":140.86},"geometry":{"type":"LineString","coordinates":[[120.3293,36.3537],[120.3293,36.3534]]}},{"type":"Feature","properties":{"daily_trains":161.4,"path_trains":159.43},"geometry":{"type":"LineString","coordinates":[[119.1819,36.7954],[119.1568,36.7956],[119.1479,36.7963],[119.1229,36.8015],[119.1117,36.8032],[119.1033,36.8037],[119.0553,36.8017],[118.8573,36.8035],[118.8155,36.8073],[118.7798,36.8044],[118.7676,36.8041],[118.7361,36.8076],[118.6571,36.8125],[118.6433,36.8147],[118.4908,36.8502],[118.4805,36.8532],[118.4146,36.8757],[118.3737,36.8949],[118.3394,36.9045]]}},{"type":"Feature","properties":{"daily_trains":161.4,"path_trains":159.43},"geometry":{"type":"LineString","coordinates":[[118.3394,36.9045],[118.3394,36.9045]]}},{"type":"Feature","properties":{"daily_trains":77.4,"path_trains":77.43},"geometry":{"type":"LineString","coordinates":[[119.1819,36.7954],[119.2228,36.7955],[119.2438,36.791],[119.2564,36.7902],[119.3166,36.7982],[119.3474,36.7993],[119.3763,36.8025],[119.3912,36.803],[119.4077,36.8021],[119.462,36.7941]]}},{"type":"Feature","properties":{"daily_trains":77.4,"path_trains":77.43},"geometry":{"type":"LineString","coordinates":[[119.462,36.7941],[119.462,36.7941]]}},{"type":"Feature","properties":{"daily_trains":142.6,"path_trains":142.57},"geometry":{"type":"LineString","coordinates":[[119.4338,35.4279],[119.4343,35.4368],[119.4356,35.4403],[119.4388,35.4455],[119.4561,35.4658],[119.4609,35.4695],[119.4693,35.4745],[119.4751,35.4797],[119.4849,35.4928],[119.4903,35.5039],[119.4919,35.5098],[119.4938,35.5276],[119.4953,35.5318],[119.4988,35.5377],[119.5059,35.5445],[119.5206,35.553],[119.5276,35.559],[119.5317,35.5642],[119.5546,35.5982],[119.5729,35.6169],[119.6029,35.6361],[119.6117,35.6407],[119.6211,35.6433],[119.6644,35.6493],[119.674,35.6527],[119.6959,35.6658],[119.721,35.6867],[119.7357,35.6968],[119.7465,35.708],[119.8135,35.7573],[119.8181,35.7621],[119.8377,35.7859],[119.8406,35.7921],[119.8464,35.8131],[119.8483,35.8169],[119.8515,35.8211],[119.8595,35.8278],[119.9001,35.8475],[119.908,35.8529],[119.9135,35.8588],[119.9335,35.8874],[119.9644,35.9172],[119.967,35.921],[119.9696,35.9269],[119.9711,35.9414],[119.9727,35.9467],[119.9746,35.9508],[119.983,35.9617],[119.9851,35.966],[119.9937,35.9973],[120.0042,36.0172],[120.0081,36.0223],[120.0135,36.0274],[120.0335,36.0414],[120.0394,36.0463],[120.053,36.0617],[120.0662,36.0721],[120.0698,36.0768],[120.0716,36.0809],[120.0725,36.0882],[120.0722,36.0915],[120.0641,36.1111],[120.0631,36.1154],[120.0622,36.1362],[120.059,36.1554],[120.0591,36.193],[120.0596,36.1977],[120.0659,36.2145],[120.0703,36.221],[120.0779,36.2264],[120.0857,36.2291],[120.1448,36.2381],[120.1593,36.2421],[120.2008,36.2464],[120.22,36.244],[120.2409,36.2358],[120.2544,36.2334],[120.2633,36.2337],[120.2901,36.2379],[120.3478,36.2409],[120.3506,36.2398],[120.3534,36.2372],[120.3544,36.2341],[120.3549,36.2294],[120.3569,36.226],[120.3642,36.222]]}},{"type":"Feature","properties":{"daily_trains":46.0,"path_trains":45.0},"geometry":{"type":"LineString","coordinates":[[120.1778,36.2442],[120.1622,36.2423],[120.155,36.2424],[120.1469,36.2453],[120.1407,36.2503],[120.1355,36.2574],[120.1319,36.2635],[120.1154,36.3019],[120.1117,36.3162],[120.1099,36.321],[120.1073,36.3264],[120.0995,36.3379],[120.095,36.3461],[120.0804,36.383],[120.0773,36.3872],[120.0725,36.3912],[120.0672,36.3936],[120.0619,36.3949]]}},{"type":"Feature","properties":{"daily_trains":46.0,"path_trains":231.0},"geometry":{"type":"LineString","coordinates":[[120.0619,36.3947],[120.0619,36.3949]]}},{"type":"Feature","properties":{"daily_trains":87.0,"path_trains":315.86},"geometry":{"type":"LineString","coordinates":[[120.3727,36.2105],[120.3735,36.2136],[120.3722,36.2172],[120.3701,36.2191],[120.3642,36.222]]}},{"type":"Feature","properties":{"daily_trains":87.0,"path_trains":315.86},"geometry":{"type":"LineString","coordinates":[[120.3726,36.2107],[120.3727,36.2105]]}},{"type":"Feature","properties":{"daily_trains":88.0,"path_trains":86.0},"geometry":{"type":"LineString","coordinates":[[120.0394,36.3985],[120.025,36.401],[120.0179,36.4041],[119.976,36.4369],[119.9662,36.4429],[119.9564,36.4474],[119.7652,36.5208],[119.6613,36.5489],[119.651,36.553],[119.6252,36.5655],[119.565,36.588],[119.5181,36.6141],[119.4736,36.6328],[119.4645,36.6374],[119.4562,36.6426],[119.4097,36.6753],[119.4024,36.6796],[119.3745,36.6928],[119.3508,36.702],[119.339,36.7083],[119.3307,36.7143],[119.3249,36.7196],[119.2879,36.7619],[119.2801,36.7699],[119.2735,36.7754],[119.2594,36.7841],[119.2436,36.7905],[119.2257,36.7945],[119.2109,36.7957],[119.1819,36.7954]]}},{"type":"Feature","properties":{"daily_trains":99.3,"path_trains":99.28},"geometry":{"type":"LineString","coordinates":[[119.1013,34.8742],[119.1151,34.8936],[119.1218,34.9104],[119.1251,34.9271],[119.1316,34.9384],[119.1377,34.9519],[119.1518,34.9737],[119.1582,34.9877],[119.1854,35.0203],[119.2126,35.0698],[119.2225,35.0815],[119.2425,35.0972],[119.2513,35.1089],[119.259,35.1167],[119.2619,35.1217],[119.2635,35.1276],[119.2642,35.1395],[119.2682,35.1604],[119.271,35.1689],[119.2716,35.1731],[119.2705,35.1867],[119.2642,35.2052],[119.263,35.212],[119.2631,35.2159],[119.2641,35.2207],[119.2671,35.2319],[119.269,35.2364],[119.2753,35.2449],[119.3085,35.2763],[119.3336,35.3082],[119.3653,35.3362],[119.3688,35.3418],[119.3725,35.3521],[119.3767,35.3582],[119.3817,35.3625],[119.3934,35.3686],[119.399,35.3729],[119.4164,35.3953]]}},{"type":"Feature","properties":{"daily_trains":173.3,"path_trains":169.28},"geometry":{"type":"LineString","coordinates":[[119.4351,35.4084],[119.4327,35.4104],[119.4316,35.4131],[119.4318,35.4165],[119.4335,35.422],[119.4337,35.4279]]}},{"type":"Feature","properties":{"daily_trains":33.0,"path_trains":151.57},"geometry":{"type":"LineString","coordinates":[[120.139,36.2375],[120.1429,36.2399],[120.1442,36.2437],[120.1433,36.2464],[120.1378,36.2541]]}},{"type":"Feature","properties":{"daily_trains":169.3,"path_trains":169.28},"geometry":{"type":"LineString","coordinates":[[119.4163,35.3955],[119.4183,35.3986],[119.4195,35.4042],[119.4218,35.407],[119.4265,35.4088],[119.4351,35.4084]]}},{"type":"Feature","properties":{"daily_trains":99.3,"path_trains":165.28},"geometry":{"type":"LineString","coordinates":[[119.4164,35.3953],[119.4163,35.3955]]}},{"type":"Feature","properties":{"daily_trains":33.0,"path_trains":151.57},"geometry":{"type":"LineString","coordinates":[[120.1392,36.2373],[120.139,36.2375]]}},{"type":"Feature","properties":{"daily_trains":282.7,"path_trains":274.07},"geometry":{"type":"LineString","coordinates":[[119.519,32.1144],[119.5455,32.0856],[119.553,32.0793],[119.5691,32.0678],[119.5727,32.0642],[119.5759,32.0597],[119.579,32.052],[119.5901,31.9934],[119.5927,31.9882],[119.5974,31.9835],[119.725,31.9183],[119.789,31.8787],[119.8041,31.8701],[119.8352,31.85],[119.8435,31.8454],[119.8937,31.8223],[119.9561,31.8001],[119.9602,31.7969],[119.9708,31.784],[119.9781,31.7769],[120.0767,31.7157],[120.0955,31.7049],[120.1079,31.6968],[120.1233,31.6883],[120.1318,31.6849],[120.1391,31.6831],[120.1466,31.6824],[120.1636,31.6824],[120.1701,31.6813],[120.1773,31.6793],[120.1899,31.6746],[120.2192,31.661],[120.2264,31.657],[120.2363,31.6491],[120.2526,31.6306],[120.258,31.626],[120.2725,31.6155],[120.2909,31.5969],[120.3053,31.5878],[120.3134,31.5814],[120.3212,31.5703],[120.3472,31.5366],[120.4087,31.4795],[120.5139,31.3797]]}},{"type":"Feature","properties":{"daily_trains":229.3,"path_trains":164.57},"geometry":{"type":"LineString","coordinates":[[119.522,32.4123],[119.5247,32.3897],[119.5244,32.3851],[119.5216,32.3712],[119.5218,32.3665],[119.523,32.3617],[119.5271,32.3545],[119.5544,32.3206],[119.5601,32.3149],[119.5953,32.2854],[119.6337,32.2451],[119.6404,32.2392],[119.6449,32.2365],[119.6508,32.2341],[119.6924,32.2222],[119.6999,32.2186],[119.706,32.2141],[119.7123,32.2069],[119.7289,32.1791],[119.7318,32.1724],[119.7328,32.165],[119.7322,32.1593],[119.7303,32.1536],[119.7267,32.1476],[119.723,32.1437],[119.718,32.1398],[119.7116,32.1365],[119.7051,32.1345],[119.6995,32.1336],[119.6904,32.1337],[119.6459,32.137],[119.6405,32.1381],[119.615,32.1465],[119.6065,32.1479],[119.5723,32.1483],[119.5458,32.1508],[119.5069,32.1466],[119.5038,32.1449],[119.5014,32.142],[119.5004,32.1391],[119.5008,32.136],[119.5025,32.1329],[119.519,32.1144]]}},{"type":"Feature","properties":{"daily_trains":228.1,"path_trains":356.0},"geometry":{"type":"LineString","coordinates":[[109.2388,34.4292],[109.1872,34.4091],[109.176,34.4056],[109.1678,34.4038],[109.1569,34.4024],[109.1437,34.4021],[109.1057,34.4061],[109.0875,34.4057],[108.9831,34.3891],[108.9439,34.3794]]}},{"type":"Feature","properties":{"daily_trains":148.0,"path_trains":146.0},"geometry":{"type":"LineString","coordinates":[[117.0015,36.6772],[117.0318,36.6833]]}},{"type":"Feature","properties":{"daily_trains":234.7,"path_trains":230.78},"geometry":{"type":"LineString","coordinates":[[109.2388,34.4292],[109.2741,34.4431],[109.2839,34.4481],[109.2912,34.4527],[109.3012,34.4607],[109.3458,34.5],[109.3584,34.5081],[109.3671,34.5122],[109.3755,34.5154],[109.3836,34.5177],[109.5345,34.5492],[109.5524,34.5502],[109.5706,34.5488],[109.7061,34.5242],[109.7141,34.5233],[109.7297,34.5231],[109.8003,34.5281],[109.8665,34.5373],[109.8964,34.5369],[109.9126,34.5381],[109.9245,34.5407],[109.948,34.5477],[109.9883,34.5539],[109.9987,34.5562],[110.0086,34.5594],[110.0451,34.575],[110.0618,34.5803],[110.0713,34.582],[110.1076,34.5848],[110.1194,34.5864],[110.1479,34.5937],[110.1555,34.595],[110.2134,34.6034],[110.2237,34.6034],[110.2401,34.6013],[110.2788,34.5919],[110.3329,34.5764],[110.3503,34.5733],[110.3751,34.572],[110.4021,34.5722],[110.4375,34.5688],[110.4479,34.5685],[110.4668,34.5702],[110.4988,34.5751],[110.5094,34.5755],[110.5438,34.5746],[110.5888,34.578],[110.6107,34.5772],[110.6385,34.574],[110.65,34.5734],[110.6588,34.5738],[110.7732,34.5915],[110.782,34.5933],[110.7994,34.5984],[110.8604,34.6196],[110.8716,34.6246],[110.9279,34.6551],[110.9629,34.6765],[110.9707,34.6823],[111.0012,34.7089],[111.006,34.7125],[111.016,34.7186],[111.0286,34.7243],[111.041,34.7282],[111.1208,34.7447],[111.175,34.7516],[111.1878,34.7513],[111.209,34.7468],[111.2219,34.7412],[111.2478,34.7255],[111.2604,34.7195],[111.2841,34.7116],[111.2946,34.7093],[111.3175,34.7069],[111.3292,34.7066],[111.4455,34.7099],[111.4604,34.7095],[111.5167,34.702],[111.541,34.701],[111.5538,34.6993],[111.61,34.6861],[111.6255,34.6843],[111.641,34.6843],[111.729,34.69],[111.7455,34.6893],[111.826,34.6772],[111.8878,34.6654],[111.9023,34.6645],[111.9671,34.6664],[111.9871,34.6647],[112.0018,34.6611],[112.0662,34.6414],[112.0933,34.6297]]}},{"type":"Feature","properties":{"daily_trains":136.0,"path_trains":134.0},"geometry":{"type":"LineString","coordinates":[[116.9244,36.6059],[116.9291,36.6103],[116.9318,36.614],[116.9327,36.6172],[116.9347,36.6373],[116.9444,36.6533],[116.9619,36.6647],[116.9773,36.6688]]}},{"type":"Feature","properties":{"daily_trains":148.0,"path_trains":146.0},"geometry":{"type":"LineString","coordinates":[[116.9934,36.6728],[116.9986,36.6764],[117.0015,36.6772]]}},{"type":"Feature","properties":{"daily_trains":51.0,"path_trains":155.0},"geometry":{"type":"LineString","coordinates":[[116.9934,36.6728],[116.9773,36.6688]]}},{"type":"Feature","properties":{"daily_trains":90.0,"path_trains":134.0},"geometry":{"type":"LineString","coordinates":[[116.9243,36.606],[116.9244,36.6059]]}},{"type":"Feature","properties":{"daily_trains":53.0,"path_trains":438.28},"geometry":{"type":"LineString","coordinates":[[116.8981,36.6049],[116.8927,36.6058],[116.8883,36.6079],[116.8854,36.6111],[116.8843,36.6145]]}},{"type":"Feature","properties":{"daily_trains":127.0,"path_trains":134.0},"geometry":{"type":"LineString","coordinates":[[116.8981,36.6049],[116.9146,36.603],[116.9199,36.6039],[116.9243,36.606]]}},{"type":"Feature","properties":{"daily_trains":148.0,"path_trains":146.0},"geometry":{"type":"LineString","coordinates":[[117.0317,36.6833],[117.0318,36.6833]]}},{"type":"Feature","properties":{"daily_trains":66.0,"path_trains":146.0},"geometry":{"type":"LineString","coordinates":[[117.0015,36.6772],[117.0076,36.6784]]}},{"type":"Feature","properties":{"daily_trains":14.0,"path_trains":6.0},"geometry":{"type":"LineString","coordinates":[[105.7963,32.4365],[105.7938,32.436],[105.7866,32.4361],[105.7818,32.4343],[105.7697,32.4269],[105.7599,32.4179],[105.7552,32.4111],[105.7498,32.398],[105.7481,32.3921],[105.7477,32.3843],[105.7487,32.3789],[105.751,32.3726],[105.7718,32.324],[105.7786,32.3107],[105.7829,32.2897],[105.7966,32.245],[105.7982,32.2353],[105.8038,32.1689],[105.8063,32.1583],[105.8213,32.1144],[105.8306,32.0921],[105.8335,32.0828],[105.8349,32.0723],[105.8354,32.0356],[105.836,32.0277],[105.8445,31.9745],[105.8469,31.9653],[105.8539,31.9506],[105.8575,31.9397],[105.8671,31.889],[105.8716,31.8783],[105.8879,31.8517],[105.8974,31.8277],[105.9108,31.8039],[105.9132,31.7973],[105.9141,31.7886],[105.9109,31.7526],[105.9105,31.7363],[105.9097,31.73],[105.9048,31.7126],[105.9042,31.7001],[105.905,31.6869],[105.9082,31.6748],[105.9099,31.661],[105.9124,31.6503],[105.9127,31.6334],[105.9144,31.6223],[105.9171,31.6142],[105.9201,31.6075],[105.9356,31.5821],[105.9648,31.5447],[105.9695,31.5352],[105.9711,31.527],[105.9702,31.5074],[105.9751,31.4604],[105.9765,31.4532],[105.9853,31.4284],[105.9903,31.4187],[105.9996,31.4062],[106.0026,31.4012],[106.0053,31.3946],[106.0071,31.3864],[106.0115,31.3537],[106.0113,31.3475],[106.0095,31.3351],[106.0105,31.3099],[106.0176,31.2734],[106.0202,31.2667],[106.0279,31.2512],[106.0399,31.2168],[106.0439,31.2029],[106.0593,31.1698],[106.061,31.1649],[106.0624,31.1593],[106.0629,31.1536],[106.063,31.1359],[106.0655,31.1261],[106.0698,31.1175],[106.0778,31.1073],[106.0824,31.1003],[106.0917,31.0825],[106.0967,31.067],[106.1012,31.0491],[106.1252,30.9847],[106.1309,30.9653],[106.1314,30.9587],[106.1308,30.9517],[106.1278,30.9417],[106.0935,30.8849],[106.0859,30.8767],[106.0502,30.8465],[106.0425,30.8373],[106.0378,30.8289],[106.0201,30.7904],[106.0114,30.7671],[106.0092,30.759],[106.0077,30.7462],[106.0078,30.7064],[106.0084,30.6954],[106.0111,30.6845],[106.0378,30.6298],[106.0431,30.6103],[106.0475,30.5975],[106.0488,30.5904],[106.051,30.5608],[106.0558,30.5337],[106.066,30.4971],[106.0672,30.4783],[106.0703,30.466],[106.0733,30.4502],[106.0741,30.4378],[106.0753,30.4312],[106.077,30.4257],[106.0805,30.4189],[106.0905,30.4062],[106.0948,30.3992],[106.0969,30.3949],[106.0987,30.3889],[106.1032,30.3589],[106.1059,30.3448],[106.1064,30.3353],[106.1057,30.3213],[106.1075,30.3099],[106.1112,30.3011],[106.1207,30.2865],[106.1433,30.2584],[106.1472,30.2529],[106.1505,30.246],[106.1525,30.2395],[106.1577,30.2161],[106.1587,30.1937],[106.1659,30.1644],[106.1685,30.1399],[106.1684,30.1325],[106.1672,30.1256],[106.164,30.1156],[106.1614,30.1046],[106.1567,30.0908],[106.1548,30.0802],[106.1548,30.0734],[106.1559,30.0671],[106.1614,30.0519]]}},{"type":"Feature","properties":{"daily_trains":77.7,"path_trains":419.14},"geometry":{"type":"LineString","coordinates":[[106.7134,26.6735],[106.7064,26.6758],[106.7023,26.6807],[106.701,26.685],[106.7029,26.6898]]}},{"type":"Feature","properties":{"daily_trains":77.7,"path_trains":234.0},"geometry":{"type":"LineString","coordinates":[[106.7134,26.6735],[106.7476,26.6662]]}},{"type":"Feature","properties":{"daily_trains":4.1,"path_trains":129.14},"geometry":{"type":"LineString","coordinates":[[108.3935,22.8449],[108.392,22.8468]]}},{"type":"Feature","properties":{"daily_trains":4.1,"path_trains":129.14},"geometry":{"type":"LineString","coordinates":[[108.3935,22.8449],[108.3897,22.8449]]}},{"type":"Feature","properties":{"daily_trains":4.1,"path_trains":129.14},"geometry":{"type":"LineString","coordinates":[[108.3897,22.8449],[108.3897,22.8449]]}},{"type":"Feature","properties":{"daily_trains":8.0,"path_trains":8.0},"geometry":{"type":"LineString","coordinates":[[106.6579,31.7697],[106.6699,31.7768],[106.7295,31.8057],[106.7398,31.8088],[106.7575,31.8118],[106.7906,31.8199],[106.8371,31.8433],[106.8416,31.8443],[106.8462,31.8445],[106.8738,31.842]]}},{"type":"Feature","properties":{"daily_trains":157.6,"path_trains":157.58},"geometry":{"type":"LineString","coordinates":[[112.1604,23.8887],[112.1835,23.8689],[112.206,23.8523],[112.2245,23.8396],[112.2363,23.8327],[112.248,23.8237],[112.2582,23.8174],[112.2713,23.8069],[112.3011,23.7903],[112.3077,23.7852],[112.3143,23.778],[112.3205,23.7669],[112.3288,23.7447],[112.333,23.7352],[112.3453,23.7134],[112.3488,23.7038],[112.3511,23.6945],[112.3761,23.6531],[112.4055,23.6281],[112.4113,23.6211],[112.4155,23.6139],[112.4187,23.604],[112.4233,23.5707],[112.4253,23.5628],[112.4327,23.5449],[112.4362,23.5265],[112.4417,23.5107],[112.4445,23.4976],[112.4518,23.4739],[112.4552,23.4673],[112.4595,23.4614],[112.4758,23.4424],[112.4861,23.4284],[112.5027,23.4111],[112.5126,23.3975],[112.5177,23.3916],[112.5272,23.3834],[112.5499,23.3683],[112.5579,23.3601],[112.5868,23.3126],[112.616,23.2497],[112.623,23.2393],[112.6279,23.2344],[112.6333,23.2305],[112.6648,23.2141]]}},{"type":"Feature","properties":{"daily_trains":8.0,"path_trains":8.0},"geometry":{"type":"LineString","coordinates":[[106.6452,31.7618],[106.6364,31.756],[106.6293,31.7494],[106.6239,31.7421],[106.6204,31.7345],[106.619,31.7283],[106.6149,31.6892],[106.6136,31.6663],[106.614,31.6567],[106.6156,31.6481],[106.6191,31.6383],[106.627,31.6208],[106.6394,31.5759],[106.6418,31.5515],[106.647,31.5331],[106.6474,31.5271],[106.6465,31.5194],[106.6447,31.513],[106.6407,31.5048],[106.6337,31.4968],[106.6244,31.4895],[106.6025,31.476],[106.5815,31.4685],[106.5766,31.4654],[106.5715,31.4608],[106.5532,31.4356],[106.5362,31.416],[106.5327,31.4112],[106.5285,31.4024],[106.5244,31.3871],[106.5216,31.3792],[106.51,31.3567],[106.504,31.348],[106.4955,31.3402],[106.4855,31.3343],[106.4559,31.3229],[106.4238,31.3151],[106.403,31.3038],[106.395,31.3005],[106.3848,31.2978],[106.3513,31.292],[106.3404,31.2886],[106.3345,31.2859],[106.3297,31.2828],[106.32,31.2743],[106.3017,31.2513],[106.2655,31.2107],[106.2589,31.2011],[106.2503,31.1852],[106.2427,31.1639],[106.2361,31.1209],[106.2335,31.1126],[106.2129,31.0761],[106.2003,31.0574],[106.1795,31.0333],[106.1762,31.0286],[106.1653,31.0057],[106.1567,30.9854],[106.144,30.9581],[106.1398,30.9527],[106.1285,30.9426]]}},{"type":"Feature","properties":{"daily_trains":8.0,"path_trains":8.0},"geometry":{"type":"LineString","coordinates":[[106.6452,31.7618],[106.6579,31.7697]]}},{"type":"Feature","properties":{"daily_trains":11.0,"path_trains":82.43},"geometry":{"type":"LineString","coordinates":[[106.4313,29.6078],[106.4327,29.6253],[106.43,29.6418],[106.4293,29.6736],[106.4305,29.6784],[106.4353,29.6884],[106.4367,29.6986],[106.438,29.7032]]}},{"type":"Feature","properties":{"daily_trains":157.6,"path_trains":157.58},"geometry":{"type":"LineString","coordinates":[[112.1604,23.8887],[112.1604,23.8887]]}},{"type":"Feature","properties":{"daily_trains":157.6,"path_trains":338.57},"geometry":{"type":"LineString","coordinates":[[112.6648,23.2141],[112.6646,23.2136]]}},{"type":"Feature","properties":{"daily_trains":8.0,"path_trains":14.0},"geometry":{"type":"LineString","coordinates":[[106.1283,30.9429],[106.1285,30.9426]]}},{"type":"Feature","properties":{"daily_trains":11.0,"path_trains":81.0},"geometry":{"type":"LineString","coordinates":[[106.4378,29.7032],[106.438,29.7032]]}},{"type":"Feature","properties":{"daily_trains":192.9,"path_trains":184.86},"geometry":{"type":"LineString","coordinates":[[104.3706,30.4248],[104.3289,30.439],[104.2207,30.4838],[104.2125,30.4877],[104.2039,30.4929],[104.1939,30.5007],[104.1616,30.533],[104.1546,30.5419],[104.1279,30.5843],[104.1209,30.5917]]}},{"type":"Feature","properties":{"daily_trains":192.9,"path_trains":184.86},"geometry":{"type":"LineString","coordinates":[[104.3706,30.4248],[104.4091,30.4118],[104.4741,30.3862],[104.482,30.3826],[104.4917,30.3769],[104.5001,30.3704],[104.5289,30.3426],[104.5336,30.337],[104.5395,30.328],[104.5678,30.2706],[104.5896,30.2364],[104.5987,30.2256],[104.6534,30.1679],[104.6604,30.1587],[104.694,30.1089],[104.6975,30.1023],[104.7006,30.0943],[104.7295,30.0131],[104.7365,29.9967]]}},{"type":"Feature","properties":{"daily_trains":1.0,"path_trains":164.57},"geometry":{"type":"LineString","coordinates":[[106.9956,26.4724],[106.939,26.4709]]}},{"type":"Feature","properties":{"daily_trains":1.0,"path_trains":164.57},"geometry":{"type":"LineString","coordinates":[[106.9393,26.4714],[106.939,26.4709]]}},{"type":"Feature","properties":{"daily_trains":76.6,"path_trains":72.57},"geometry":{"type":"LineString","coordinates":[[115.8278,30.0203],[115.861,30.0218],[115.8915,30.0259],[115.9153,30.0257],[115.9255,30.0276],[115.9316,30.0304],[115.9375,30.0347],[115.948,30.0462],[115.9981,30.0898],[116.0177,30.1018],[116.0317,30.1066],[116.0482,30.1093],[116.0605,30.1095],[116.0898,30.1065],[116.0985,30.1068],[116.1075,30.1079],[116.1156,30.1097],[116.1251,30.1128],[116.14,30.1203],[116.1503,30.1281],[116.1606,30.1392],[116.1922,30.1837],[116.2202,30.2193],[116.2663,30.3039],[116.2735,30.3143],[116.3581,30.4108],[116.373,30.4273],[116.3807,30.434],[116.4143,30.4563],[116.5102,30.5266],[116.5767,30.5631],[116.5872,30.5675],[116.6441,30.5872],[116.6499,30.5897],[116.7108,30.6248],[116.7259,30.632],[116.8203,30.6649],[116.8723,30.6779]]}},{"type":"Feature","properties":{"daily_trains":85.1,"path_trains":174.28},"geometry":{"type":"LineString","coordinates":[[116.9062,36.8144],[116.8958,36.8188],[116.889,36.8192],[116.8854,36.8183],[116.8815,36.8162],[116.8792,36.814],[116.8767,36.81]]}},{"type":"Feature","properties":{"daily_trains":85.1,"path_trains":379.85},"geometry":{"type":"LineString","coordinates":[[116.8788,36.7553],[116.8792,36.7553]]}},{"type":"Feature","properties":{"daily_trains":85.1,"path_trains":379.85},"geometry":{"type":"LineString","coordinates":[[116.8792,36.7553],[116.8736,36.7999],[116.8742,36.8052],[116.8766,36.81]]}},{"type":"Feature","properties":{"daily_trains":32.6,"path_trains":315.86},"geometry":{"type":"LineString","coordinates":[[120.3642,36.222],[120.3709,36.2191],[120.3738,36.219],[120.3757,36.22],[120.3767,36.2214],[120.3771,36.2255]]}},{"type":"Feature","properties":{"daily_trains":32.6,"path_trains":315.86},"geometry":{"type":"LineString","coordinates":[[120.377,36.2255],[120.3771,36.2255]]}},{"type":"Feature","properties":{"daily_trains":28.0,"path_trains":28.0},"geometry":{"type":"LineString","coordinates":[[117.1319,36.7492],[117.1172,36.7517],[117.1089,36.749],[117.1061,36.7473],[117.0964,36.7343],[117.0952,36.7317],[117.095,36.7291],[117.0971,36.7176],[117.0958,36.7082],[117.0934,36.7061],[117.0836,36.7033],[117.082,36.7023]]}},{"type":"Feature","properties":{"daily_trains":28.0,"path_trains":197.71},"geometry":{"type":"LineString","coordinates":[[117.1319,36.7493],[117.1319,36.7492]]}},{"type":"Feature","properties":{"daily_trains":11.6,"path_trains":449.71},"geometry":{"type":"LineString","coordinates":[[118.9694,32.072],[118.9884,32.081],[119.0008,32.0853],[119.0744,32.1005],[119.149,32.124],[119.1575,32.1274],[119.1657,32.1316],[119.1947,32.1503],[119.204,32.1547],[119.2129,32.1578],[119.2258,32.1608],[119.2372,32.1622],[119.2828,32.1621],[119.2919,32.1627]]}},{"type":"Feature","properties":{"daily_trains":159.3,"path_trains":137.71},"geometry":{"type":"LineString","coordinates":[[115.8774,29.5938],[115.8785,29.58],[115.8778,29.5735],[115.8756,29.5661],[115.8718,29.5583],[115.831,29.49],[115.7937,29.3898],[115.7922,29.3846],[115.7888,29.3594],[115.7846,29.3444],[115.7825,29.34],[115.7795,29.3355],[115.7703,29.3264],[115.7661,29.3207],[115.7559,29.3005],[115.7536,29.2922],[115.7546,29.2771],[115.7574,29.2667],[115.7743,29.2366],[115.778,29.2274],[115.7984,29.1434],[115.8059,29.1184],[115.8068,29.1091],[115.808,29.048],[115.8138,29.0087],[115.8147,28.9827],[115.8162,28.9746],[115.8232,28.9502],[115.826,28.9431],[115.8422,28.9114],[115.8746,28.8553],[115.8768,28.8495],[115.8776,28.8442],[115.8768,28.8364],[115.8748,28.8306],[115.8588,28.8027],[115.8509,28.7919],[115.8445,28.7856],[115.8271,28.7713],[115.8104,28.7539],[115.7978,28.7431],[115.7846,28.7306],[115.7706,28.7194],[115.7442,28.6901],[115.7411,28.6863],[115.7382,28.681],[115.7361,28.6735],[115.7362,28.6661],[115.7386,28.658],[115.7431,28.6509],[115.7505,28.6445],[115.7616,28.6379],[115.7881,28.6261]]}},{"type":"Feature","properties":{"daily_trains":49.7,"path_trains":137.71},"geometry":{"type":"LineString","coordinates":[[115.8743,29.606],[115.8752,29.6062]]}},{"type":"Feature","properties":{"daily_trains":88.4,"path_trains":137.71},"geometry":{"type":"LineString","coordinates":[[115.8774,29.5938],[115.8763,29.6026],[115.8752,29.6062]]}},{"type":"Feature","properties":{"daily_trains":9.6,"path_trains":195.72},"geometry":{"type":"LineString","coordinates":[[119.4963,32.452],[119.5195,32.4559],[119.5321,32.4567],[119.5358,32.4576],[119.5386,32.4596],[119.5401,32.4618],[119.5411,32.4721]]}},{"type":"Feature","properties":{"daily_trains":99.0,"path_trains":39.14},"geometry":{"type":"LineString","coordinates":[[115.8743,29.606],[115.8719,29.6233],[115.8644,29.65],[115.8594,29.6631],[115.8502,29.681],[115.8472,29.6888],[115.8463,29.6924],[115.8455,29.7005],[115.8463,29.7107],[115.8497,29.7215],[115.8664,29.7557],[115.8705,29.7687],[115.8881,29.9046],[115.9038,29.9656],[115.9073,29.9742],[115.9348,30.0296],[115.9389,30.0356],[115.9441,30.0417],[115.9609,30.0571]]}},{"type":"Feature","properties":{"daily_trains":27.1,"path_trains":120.14},"geometry":{"type":"LineString","coordinates":[[116.9248,30.7037],[116.9103,30.6926],[116.8951,30.6845]]}},{"type":"Feature","properties":{"daily_trains":7.0,"path_trains":515.43},"geometry":{"type":"LineString","coordinates":[[117.2926,31.8011],[117.2847,31.8001]]}},{"type":"Feature","properties":{"daily_trains":9.6,"path_trains":744.86},"geometry":{"type":"LineString","coordinates":[[118.8016,31.9749],[118.7981,31.9731]]}},{"type":"Feature","properties":{"daily_trains":128.1,"path_trains":376.86},"geometry":{"type":"LineString","coordinates":[[115.7881,28.6261],[115.7948,28.6232]]}},{"type":"Feature","properties":{"daily_trains":10.6,"path_trains":282.72},"geometry":{"type":"LineString","coordinates":[[119.4316,32.2001],[119.4313,32.2]]}},{"type":"Feature","properties":{"daily_trains":10.6,"path_trains":555.72},"geometry":{"type":"LineString","coordinates":[[119.2918,32.1628],[119.2919,32.1627]]}},{"type":"Feature","properties":{"daily_trains":10.6,"path_trains":282.72},"geometry":{"type":"LineString","coordinates":[[119.4247,32.1989],[119.4316,32.2001]]}},{"type":"Feature","properties":{"daily_trains":76.6,"path_trains":76.57},"geometry":{"type":"LineString","coordinates":[[116.851,30.6727],[116.8511,30.6728]]}},{"type":"Feature","properties":{"daily_trains":7.0,"path_trains":515.43},"geometry":{"type":"LineString","coordinates":[[117.2776,31.7993],[117.2847,31.8],[117.2771,31.7992]]}},{"type":"Feature","properties":{"daily_trains":10.6,"path_trains":282.72},"geometry":{"type":"LineString","coordinates":[[119.4247,32.199],[119.4247,32.1989]]}},{"type":"Feature","properties":{"daily_trains":2.0,"path_trains":139.29},"geometry":{"type":"LineString","coordinates":[[118.4518,32.0503],[118.4566,32.0512],[118.4599,32.053],[118.4744,32.0691],[118.4771,32.0735],[118.4809,32.084],[118.4834,32.0876],[118.4864,32.0904],[118.5365,32.1221],[118.5391,32.1247],[118.5477,32.136]]}},{"type":"Feature","properties":{"daily_trains":2.0,"path_trains":2.0},"geometry":{"type":"LineString","coordinates":[[118.5476,32.136],[118.5508,32.1387],[118.5545,32.1397],[118.5653,32.1374],[118.5697,32.1376],[118.6252,32.1571],[118.628,32.1575],[118.6354,32.1564],[118.6388,32.1568],[118.6418,32.1582],[118.6437,32.1603],[118.6456,32.1691]]}},{"type":"Feature","properties":{"daily_trains":2.0,"path_trains":19.14},"geometry":{"type":"LineString","coordinates":[[118.6457,32.1687],[118.6456,32.1691]]}},{"type":"Feature","properties":{"daily_trains":2.0,"path_trains":2.0},"geometry":{"type":"LineString","coordinates":[[118.5477,32.136],[118.5476,32.136]]}},{"type":"Feature","properties":{"daily_trains":2.0,"path_trains":253.0},"geometry":{"type":"LineString","coordinates":[[118.4523,32.0501],[118.4523,32.0501]]}},{"type":"Feature","properties":{"daily_trains":181.7,"path_trains":166.43},"geometry":{"type":"LineString","coordinates":[[112.4857,30.373],[112.519,30.3738],[112.6638,30.3676],[112.6763,30.3688],[112.7378,30.3805],[112.809,30.3864],[112.8172,30.3868],[112.878,30.3852],[112.8877,30.3856],[112.9582,30.395],[112.9689,30.3971],[112.9815,30.4016],[113.0247,30.4221],[113.0349,30.4255],[113.0438,30.4274],[113.0592,30.4288],[113.1426,30.4276],[113.1553,30.4281],[113.1676,30.4299],[113.2199,30.4413],[113.2323,30.4427],[113.268,30.4439],[113.2787,30.4435],[113.3532,30.4357],[113.397,30.4274],[113.4091,30.4263],[113.4195,30.4267],[113.4984,30.437],[113.5493,30.4399],[113.5562,30.4413],[113.5656,30.4446],[113.6395,30.4795],[113.6772,30.4929],[113.8349,30.5548],[113.9334,30.599],[113.9717,30.6131],[114.0017,30.6297],[114.012,30.6319],[114.0217,30.6311],[114.0278,30.6292],[114.0439,30.622],[114.0545,30.618]]}},{"type":"Feature","properties":{"daily_trains":155.0,"path_trains":152.0},"geometry":{"type":"LineString","coordinates":[[111.3725,30.6593],[111.3855,30.6553],[111.421,30.6411],[111.4263,30.6384],[111.4356,30.6316],[111.4404,30.6264],[111.4518,30.6108],[111.4577,30.6052],[111.4631,30.6014],[111.4688,30.5982],[111.4759,30.5952],[111.4965,30.5903],[111.5055,30.5873],[111.544,30.57],[111.5932,30.5415],[111.6012,30.5354],[111.6261,30.5126],[111.6345,30.507],[111.6452,30.5019],[111.6588,30.498],[111.8345,30.4683],[111.874,30.4555],[111.9304,30.4299],[111.9405,30.426],[111.9575,30.4221],[111.9857,30.4192]]}},{"type":"Feature","properties":{"daily_trains":145.0,"path_trains":145.0},"geometry":{"type":"LineString","coordinates":[[114.9254,31.1704],[114.8958,31.1537],[114.8745,31.1431],[114.8583,31.1324],[114.8424,31.1237],[114.8215,31.1091],[114.8105,31.1031],[114.7221,31.0559],[114.6744,31.0341],[114.6486,31.021],[114.6155,30.9981],[114.607,30.9934],[114.581,30.9849],[114.5046,30.9494],[114.4585,30.9365],[114.4208,30.9195],[114.4099,30.9166],[114.4025,30.9155],[114.3515,30.9111],[114.3412,30.9084],[114.3305,30.9036]]}},{"type":"Feature","properties":{"daily_trains":173.4,"path_trains":166.43},"geometry":{"type":"LineString","coordinates":[[111.9857,30.4191],[112.0245,30.4091],[112.1202,30.3881],[112.1504,30.3785],[112.1706,30.3747],[112.3347,30.369],[112.4857,30.373]]}},{"type":"Feature","properties":{"daily_trains":229.1,"path_trains":531.86},"geometry":{"type":"LineString","coordinates":[[120.1957,30.3144],[120.1959,30.3144]]}},{"type":"Feature","properties":{"daily_trains":197.4,"path_trains":272.57},"geometry":{"type":"LineString","coordinates":[[114.3166,30.6381],[114.3259,30.6416],[114.3322,30.6467],[114.3395,30.6584],[114.3443,30.6706],[114.3455,30.6775],[114.3452,30.6846],[114.3382,30.7068],[114.3376,30.7146],[114.3397,30.7238],[114.349,30.7396],[114.3503,30.7436],[114.3512,30.7494],[114.3507,30.7562],[114.3484,30.7627],[114.3209,30.8158]]}},{"type":"Feature","properties":{"daily_trains":98.0,"path_trains":362.28},"geometry":{"type":"LineString","coordinates":[[114.3305,30.9037],[114.32,30.8958],[114.3155,30.8909],[114.3117,30.8856],[114.3048,30.8712],[114.3031,30.8644],[114.3028,30.8579],[114.3047,30.8484],[114.3096,30.8377],[114.3378,30.7838],[114.3484,30.769],[114.352,30.7614],[114.3531,30.7541],[114.3518,30.7448],[114.3493,30.7391],[114.3421,30.7281]]}},{"type":"Feature","properties":{"daily_trains":155.0,"path_trains":152.0},"geometry":{"type":"LineString","coordinates":[[111.9857,30.4192],[111.9857,30.4191]]}},{"type":"Feature","properties":{"daily_trains":169.4,"path_trains":166.43},"geometry":{"type":"LineString","coordinates":[[112.4857,30.373],[112.4857,30.373]]}},{"type":"Feature","properties":{"daily_trains":144.1,"path_trains":145.0},"geometry":{"type":"LineString","coordinates":[[114.9254,31.1705],[114.9254,31.1704]]}},{"type":"Feature","properties":{"daily_trains":86.1,"path_trains":78.14},"geometry":{"type":"LineString","coordinates":[[109.7096,30.568],[109.7383,30.5705],[109.7441,30.5702],[109.7522,30.5677],[109.7666,30.5597],[109.7721,30.5576],[109.7774,30.557],[109.7877,30.5573],[109.8047,30.5561],[109.8119,30.557],[109.8211,30.56],[109.8281,30.561],[109.8411,30.5593],[109.8564,30.5586],[109.87,30.5621],[109.8882,30.5699],[109.8928,30.5712],[109.933,30.5751],[109.9385,30.5771],[109.9551,30.5858],[109.9663,30.5898],[109.9754,30.5944],[109.9929,30.5995],[110.0079,30.6063],[110.0171,30.6118],[110.0272,30.6164],[110.0541,30.6348],[110.0718,30.6483],[110.075,30.6518],[110.0836,30.6654],[110.0868,30.6689],[110.0974,30.6762],[110.1045,30.6781],[110.1866,30.672],[110.3307,30.6531],[110.3375,30.6539],[110.342,30.6556],[110.345,30.6574],[110.3528,30.6645],[110.3635,30.6706],[110.3693,30.6725],[110.3738,30.6724],[110.3784,30.6709],[110.3827,30.668],[110.4011,30.6494],[110.4061,30.6451],[110.4466,30.6176],[110.4663,30.6104],[110.4789,30.6086],[110.4913,30.6095],[110.5118,30.6097],[110.5381,30.6153],[110.5763,30.6247],[110.5869,30.6247],[110.6048,30.6225],[110.6324,30.6255],[110.6507,30.6245],[110.6559,30.6254],[110.6698,30.6309],[110.6763,30.6318],[110.7479,30.6261],[110.7546,30.6237],[110.7716,30.614],[110.7788,30.612],[110.7864,30.6109],[110.798,30.611],[110.8054,30.6125],[110.8107,30.6147],[110.8204,30.6209],[110.8275,30.6229],[110.8403,30.6229],[110.8573,30.6218],[110.8758,30.6227],[110.8832,30.6205],[110.9055,30.6077],[110.9109,30.6064],[110.9158,30.6065],[110.9226,30.6083],[110.9347,30.6145],[110.9383,30.6176],[110.9407,30.6216],[110.9421,30.6277],[110.9416,30.6331],[110.9403,30.6373],[110.9346,30.6488],[110.9338,30.6523],[110.9342,30.6568],[110.9366,30.6607],[110.9409,30.6644],[110.9451,30.6667],[111.0008,30.69],[111.0052,30.6913],[111.0089,30.6916],[111.0248,30.6892],[111.0428,30.689],[111.0697,30.6922],[111.0887,30.6893],[111.0981,30.6891],[111.1043,30.6907],[111.1179,30.6992],[111.1248,30.7018],[111.1321,30.7025],[111.1439,30.701],[111.1501,30.7012],[111.1548,30.7023],[111.1728,30.7084],[111.1793,30.7094],[111.1877,30.7087],[111.1925,30.7071],[111.1974,30.7044],[111.2008,30.7015],[111.2314,30.6696],[111.24,30.664],[111.2556,30.6563],[111.293,30.645],[111.3009,30.6441],[111.3098,30.6457],[111.316,30.6487],[111.3335,30.6615],[111.3436,30.6645],[111.3518,30.6646],[111.3725,30.6593]]}},{"type":"Feature","properties":{"daily_trains":78.1,"path_trains":65.14},"geometry":{"type":"LineString","coordinates":[[108.943,30.2807],[108.956,30.2806],[108.9865,30.277],[109.0155,30.2759],[109.0822,30.274],[109.1034,30.2753],[109.1105,30.2749],[109.1411,30.2655],[109.2177,30.2327],[109.2262,30.2305],[109.3082,30.2214],[109.3333,30.2174],[109.3397,30.2173],[109.3452,30.2184],[109.3512,30.2212],[109.3564,30.2248],[109.3686,30.2366],[109.3741,30.2407],[109.379,30.243],[109.396,30.2482],[109.4017,30.2518],[109.4055,30.2572],[109.4142,30.2821],[109.4158,30.2855],[109.4189,30.2892],[109.4247,30.2937],[109.4296,30.2987],[109.4342,30.3075],[109.4431,30.3198],[109.4494,30.3266],[109.454,30.3337],[109.4598,30.339],[109.4978,30.364],[109.5014,30.3679],[109.5237,30.3977],[109.5294,30.4018],[109.5417,30.4067],[109.5929,30.4339],[109.5972,30.4371],[109.5998,30.4401],[109.6017,30.4441],[109.6043,30.4626],[109.6058,30.4663],[109.6088,30.4704],[109.613,30.4743],[109.6379,30.49],[109.6431,30.4945],[109.6466,30.4992],[109.6698,30.5392],[109.6732,30.5434],[109.6909,30.5582],[109.702,30.565],[109.7096,30.568]]}},{"type":"Feature","properties":{"daily_trains":59.9,"path_trains":56.14},"geometry":{"type":"LineString","coordinates":[[108.3893,30.0347],[108.3979,30.0362],[108.4113,30.0405],[108.4207,30.0446],[108.4303,30.0498],[108.4744,30.0808],[108.4824,30.0889],[108.5067,30.1102],[108.5117,30.1164],[108.515,30.1232],[108.5252,30.1645],[108.5278,30.1712],[108.5309,30.1761],[108.5345,30.1802],[108.5392,30.184],[108.5455,30.1877],[108.555,30.1909],[108.6053,30.2007],[108.6106,30.2023],[108.6173,30.2057],[108.6623,30.2342],[108.667,30.2364],[108.6732,30.2382],[108.6862,30.2391],[108.71,30.2352],[108.7175,30.235],[108.7229,30.2357],[108.7285,30.2372],[108.7336,30.2395],[108.7515,30.2527],[108.7565,30.2555],[108.7614,30.2573],[108.772,30.2591],[108.7879,30.2583],[108.7967,30.2591],[108.8212,30.2646],[108.8427,30.2723],[108.8662,30.2796],[108.8822,30.2803],[108.8933,30.28],[108.9431,30.2808]]}},{"type":"Feature","properties":{"daily_trains":128.1,"path_trains":746.0},"geometry":{"type":"LineString","coordinates":[[121.2281,31.2999],[121.2508,31.2945]]}},{"type":"Feature","properties":{"daily_trains":56.1,"path_trains":65.14},"geometry":{"type":"LineString","coordinates":[[108.943,30.2807],[108.9431,30.2808]]}},{"type":"Feature","properties":{"daily_trains":128.1,"path_trains":750.57},"geometry":{"type":"LineString","coordinates":[[121.2508,31.2945],[121.2508,31.2947]]}},{"type":"Feature","properties":{"daily_trains":192.4,"path_trains":630.0},"geometry":{"type":"LineString","coordinates":[[119.519,32.1144],[119.5011,32.1343],[119.4984,32.1383],[119.4917,32.1514],[119.4716,32.1773]]}},{"type":"Feature","properties":{"daily_trains":267.9,"path_trains":562.29},"geometry":{"type":"LineString","coordinates":[[120.9419,31.3573],[120.9417,31.3568]]}},{"type":"Feature","properties":{"daily_trains":75.9,"path_trains":75.86},"geometry":{"type":"LineString","coordinates":[[115.3259,29.7717],[115.3503,29.767],[115.4244,29.7477],[115.4339,29.7471],[115.4489,29.7488],[115.4566,29.7486],[115.47,29.7468],[115.4805,29.7439],[115.4925,29.7382],[115.5031,29.7305],[115.5136,29.7239],[115.5458,29.7126],[115.5567,29.7075],[115.5979,29.6773],[115.6063,29.6722],[115.6569,29.6501],[115.6663,29.6468],[115.6759,29.6446],[115.6867,29.6433],[115.8291,29.6357],[115.8604,29.6268],[115.8699,29.6228],[115.8728,29.6192]]}},{"type":"Feature","properties":{"daily_trains":75.9,"path_trains":75.86},"geometry":{"type":"LineString","coordinates":[[115.3259,29.7716],[115.3259,29.7717]]}},{"type":"Feature","properties":{"daily_trains":59.9,"path_trains":153.71},"geometry":{"type":"LineString","coordinates":[[115.8728,29.6192],[115.8726,29.6192]]}},{"type":"Feature","properties":{"daily_trains":28.6,"path_trains":28.57},"geometry":{"type":"LineString","coordinates":[[119.0659,25.3705],[119.0716,25.3832],[119.0728,25.3977],[119.0765,25.4092],[119.0777,25.4162],[119.0777,25.4642],[119.0769,25.4718],[119.0687,25.5068],[119.0644,25.5179],[119.0621,25.5218],[119.0265,25.5677]]}},{"type":"Feature","properties":{"daily_trains":28.6,"path_trains":28.57},"geometry":{"type":"LineString","coordinates":[[119.0265,25.5678],[119.0213,25.5745],[119.017,25.5813],[119.0126,25.591],[118.9999,25.6423],[118.9575,25.8309],[118.9552,25.8363],[118.9529,25.8387]]}},{"type":"Feature","properties":{"daily_trains":28.6,"path_trains":52.43},"geometry":{"type":"LineString","coordinates":[[118.9529,25.8387],[118.9528,25.8385]]}},{"type":"Feature","properties":{"daily_trains":21.6,"path_trains":137.71},"geometry":{"type":"LineString","coordinates":[[115.8569,28.7604],[115.8502,28.7749],[115.8484,28.7807],[115.8489,28.788],[115.8499,28.7914]]}},{"type":"Feature","properties":{"daily_trains":10.0,"path_trains":47.29},"geometry":{"type":"LineString","coordinates":[[115.9446,28.5208],[115.9444,28.5208]]}},{"type":"Feature","properties":{"daily_trains":105.7,"path_trains":105.71},"geometry":{"type":"LineString","coordinates":[[120.2006,27.3665],[120.2007,27.3665]]}},{"type":"Feature","properties":{"daily_trains":68.0,"path_trains":67.0},"geometry":{"type":"LineString","coordinates":[[120.5267,30.1039],[120.5525,30.0999],[120.5697,30.0957],[120.603,30.0916],[120.6123,30.0898],[120.6235,30.0864],[120.6485,30.0755],[120.659,30.0717],[120.6874,30.0641],[120.7085,30.0574],[120.7295,30.0538],[120.7396,30.051],[120.7523,30.0448],[120.7625,30.0367],[120.7678,30.0307],[120.7754,30.0203],[120.7824,30.0087],[120.7857,30.0009],[120.7878,29.9938],[120.795,29.9643],[120.7965,29.9545],[120.7958,29.9243],[120.7929,29.9105],[120.7919,29.9008],[120.7925,29.8894],[120.7958,29.8786],[120.8049,29.8616],[120.8089,29.8517],[120.8106,29.8439],[120.8106,29.8329],[120.8075,29.7918],[120.8026,29.7443],[120.7971,29.7241],[120.7879,29.7026],[120.7828,29.6878],[120.7771,29.6539],[120.7695,29.6263],[120.7687,29.6205],[120.769,29.61],[120.7751,29.5858],[120.7793,29.5764],[120.7841,29.5695],[120.8006,29.5522],[120.8071,29.5437],[120.823,29.5142],[120.8621,29.3557],[120.8636,29.3467],[120.8668,29.309],[120.8686,29.3004],[120.8707,29.2952],[120.9055,29.2363],[120.9113,29.2255],[120.9393,29.179],[120.9491,29.1674],[120.999,29.1173],[121.0053,29.1124],[121.0143,29.1069],[121.0399,29.094],[121.079,29.073],[121.1293,29.0428],[121.199,29.0059],[121.2165,28.9934],[121.2354,28.9733],[121.2481,28.9561],[121.2518,28.948],[121.2535,28.9422],[121.2548,28.9343],[121.2552,28.9196],[121.254,28.9092],[121.2521,28.9022],[121.25,28.8965],[121.2371,28.8689],[121.2351,28.8627],[121.2336,28.8551],[121.2332,28.8414],[121.2348,28.8315],[121.2401,28.8167],[121.2482,28.8045],[121.2553,28.7968],[121.2699,28.7866],[121.282,28.7798],[121.2896,28.7767],[121.3205,28.7696],[121.3417,28.7589],[121.352,28.7527],[121.3591,28.7458],[121.3667,28.7355],[121.3709,28.726],[121.3729,28.717],[121.3727,28.6785],[121.3652,28.6424],[121.3628,28.6341],[121.3588,28.6252],[121.3466,28.6092],[121.3431,28.6032],[121.3353,28.5811],[121.3337,28.5744],[121.3331,28.5678],[121.3343,28.5468],[121.3334,28.5366],[121.3245,28.5053],[121.3188,28.4764]]}},{"type":"Feature","properties":{"daily_trains":58.0,"path_trains":176.85},"geometry":{"type":"LineString","coordinates":[[121.3188,28.4764],[121.3192,28.4764]]}},{"type":"Feature","properties":{"daily_trains":66.0,"path_trains":183.85},"geometry":{"type":"LineString","coordinates":[[121.2421,28.881],[121.2426,28.8808]]}},{"type":"Feature","properties":{"daily_trains":58.0,"path_trains":149.85},"geometry":{"type":"LineString","coordinates":[[121.319,28.4751],[121.3192,28.4764]]}},{"type":"Feature","properties":{"daily_trains":58.0,"path_trains":149.85},"geometry":{"type":"LineString","coordinates":[[121.319,28.4751],[121.319,28.4751]]}},{"type":"Feature","properties":{"daily_trains":34.0,"path_trains":30.0},"geometry":{"type":"LineString","coordinates":[[101.82,36.6146],[101.7913,36.6423],[101.7839,36.6514],[101.7759,36.6654],[101.7701,36.6802],[101.7684,36.6916],[101.7701,36.7134],[101.7683,36.7328],[101.7683,36.7387],[101.7691,36.7453],[101.7736,36.7653],[101.7747,36.7824],[101.7745,36.7928],[101.7721,36.8171],[101.7675,36.8324],[101.7637,36.8524],[101.76,36.8628],[101.7414,36.8935],[101.7351,36.901],[101.7192,36.9151],[101.7074,36.9279],[101.6995,36.9409],[101.6934,36.9484],[101.6837,36.9575],[101.6566,36.9776],[101.6515,36.9822],[101.6441,36.9905],[101.6387,36.9987],[101.6315,37.0129],[101.6235,37.0375],[101.6205,37.0509],[101.6182,37.0689],[101.6068,37.1231],[101.5997,37.146],[101.5901,37.1697],[101.5884,37.1752],[101.5864,37.1857],[101.5861,37.1956],[101.5885,37.2168],[101.5937,37.2384],[101.5986,37.253],[101.6062,37.2723],[101.6089,37.2876],[101.6093,37.3018],[101.6067,37.3145],[101.6043,37.3213],[101.5657,37.39],[101.5619,37.3964],[101.556,37.4044],[101.5506,37.4102],[101.5428,37.4162],[101.5115,37.4363],[101.5063,37.4403],[101.4979,37.4485],[101.4905,37.4584],[101.4554,37.5172],[101.45,37.5275],[101.4476,37.5339],[101.4325,37.6031],[101.4294,37.6117],[101.4245,37.6203],[101.418,37.6282],[101.3985,37.6469],[101.3662,37.6692],[101.3523,37.6816],[101.3429,37.6941],[101.3223,37.7273],[101.3192,37.7343],[101.3167,37.7428],[101.3071,37.8031],[101.3044,37.8122],[101.2819,37.8743],[101.2767,37.8848],[101.2647,37.9043],[101.26,37.9134],[101.2462,37.9498],[101.2411,37.9882],[101.2404,38.0173],[101.2388,38.0296],[101.235,38.0435],[101.2277,38.0579],[101.1192,38.2275],[101.1143,38.2342],[101.1087,38.2404],[101.1004,38.2478],[101.094,38.2525],[101.0334,38.2874],[101.0194,38.2977],[100.945,38.3739],[100.9404,38.3796],[100.9013,38.4372],[100.895,38.4447],[100.8881,38.4512],[100.8759,38.4597],[100.8618,38.4663],[100.8185,38.4794],[100.8018,38.4863],[100.7883,38.495],[100.781,38.5014],[100.773,38.5105],[100.767,38.5208],[100.7422,38.595],[100.7349,38.609],[100.5995,38.7887],[100.5794,38.8199],[100.5684,38.8323],[100.5597,38.8394],[100.5489,38.8462],[100.4786,38.8875],[100.4023,38.9376],[100.2943,39.0013],[100.0809,39.1647],[100.064,39.1731],[100.0503,39.1774],[100.0342,39.1802],[100.0099,39.1814],[100.0004,39.1826],[99.9873,39.1856],[99.9717,39.1913],[99.9518,39.2018],[99.8866,39.2321],[99.8736,39.2407],[99.8326,39.2711],[99.8223,39.2774],[99.8132,39.2817],[99.7975,39.2868],[99.7453,39.2991],[99.7257,39.302],[99.5856,39.3054],[99.5467,39.302],[99.521,39.3017],[99.4613,39.307],[99.3993,39.3203],[99.3868,39.3214],[99.355,39.322],[99.3347,39.3242],[99.2731,39.3382],[99.2387,39.3439],[99.1792,39.3586],[99.0751,39.3778],[99.058,39.3825],[99.0466,39.3872],[99.0368,39.3925],[99.0042,39.4144],[98.9862,39.4305],[98.9459,39.4686],[98.9357,39.4771],[98.838,39.5394],[98.828,39.5446],[98.7403,39.5805],[98.7311,39.585],[98.7142,39.5962],[98.6434,39.6482],[98.6353,39.6534],[98.5831,39.683],[98.573,39.6873],[98.5426,39.6974]]}},{"type":"Feature","properties":{"daily_trains":27.0,"path_trains":17.0},"geometry":{"type":"LineString","coordinates":[[98.5426,39.6974],[98.5103,39.708],[98.5025,39.71],[98.488,39.7122],[98.4778,39.7126],[98.4653,39.712],[98.4548,39.7106],[98.4061,39.6979],[98.3935,39.6956],[98.3823,39.6948],[98.373,39.6948],[98.3641,39.6956],[98.35,39.6982],[98.3378,39.702],[98.3291,39.7058],[98.2632,39.7394],[98.2562,39.7423],[98.0473,39.8199],[98.0212,39.8275],[97.9575,39.8379],[97.9446,39.8407],[97.8536,39.8682],[97.8438,39.8719],[97.8265,39.8802],[97.8158,39.8845]]}},{"type":"Feature","properties":{"daily_trains":27.0,"path_trains":27.0},"geometry":{"type":"LineString","coordinates":[[98.5426,39.6974],[98.5426,39.6974]]}},{"type":"Feature","properties":{"daily_trains":34.0,"path_trains":79.43},"geometry":{"type":"LineString","coordinates":[[101.82,36.6146],[101.8188,36.6158]]}},{"type":"Feature","properties":{"daily_trains":22.3,"path_trains":16.14},"geometry":{"type":"LineString","coordinates":[[96.5252,40.5815],[96.4406,40.6338],[96.4309,40.6385],[96.3793,40.6604],[96.3691,40.6658],[96.3601,40.6717],[96.2761,40.7396],[96.2566,40.7517],[96.2418,40.7581],[95.978,40.8551],[95.6599,41.0126],[95.5222,41.0701],[95.5116,41.0752],[95.3761,41.1587],[95.222,41.2676],[95.2147,41.2721],[95.2013,41.2786],[95.1852,41.2842],[95.1003,41.3048],[95.0463,41.3232],[95.0323,41.3287],[95.023,41.3333],[94.8485,41.4358],[94.51,41.6327],[94.4743,41.6567],[94.4278,41.6829],[94.4171,41.6901],[94.3461,41.7513],[94.3371,41.7606],[94.3314,41.7685],[94.3281,41.774],[94.3077,41.818],[94.2454,41.9242],[94.1614,42.0485],[94.0516,42.2336],[94.0473,42.2428],[94.0346,42.2795],[94.0292,42.2895],[94.0222,42.2988],[93.7769,42.5884],[93.6599,42.7251],[93.5897,42.7881],[93.5811,42.7947],[93.5564,42.8108],[93.5474,42.8184],[93.5355,42.8301],[93.5265,42.8369],[93.5182,42.8419],[93.4811,42.8614],[93.4422,42.8792],[93.4315,42.8834],[93.405,42.8904],[93.3398,42.9061],[93.2471,42.924],[93.1772,42.9423],[93.11,42.9542],[92.8335,43.0255],[92.8171,43.0277],[92.8041,43.0284],[92.7163,43.0267],[92.6984,43.0281],[92.4289,43.0665],[92.4132,43.0699],[92.3853,43.0781],[92.3648,43.0826],[92.3479,43.0846],[92.1144,43.1228],[92.0991,43.124],[91.8834,43.1234],[91.78,43.1276],[91.7453,43.1282],[91.7035,43.124],[91.5207,43.1029],[91.5074,43.1023],[91.1596,43.1086],[90.9119,43.1124],[90.6913,43.1153],[90.6721,43.1144],[90.651,43.1109],[90.6311,43.1048],[90.5618,43.0711],[90.5121,43.0522],[90.5036,43.0484],[90.4973,43.0452],[90.4859,43.0375],[90.4663,43.0203],[90.4558,43.0134],[90.4462,43.0082],[90.4332,43.0035],[90.3517,42.9831],[90.3365,42.9776],[90.3269,42.9728],[90.2573,42.9336],[90.2429,42.9272],[90.2211,42.9211],[90.1675,42.9148],[90.1548,42.9139],[90.1339,42.9147],[90.1158,42.918],[90.106,42.9207],[90.012,42.9559],[89.9936,42.9619],[89.7841,43.0038],[89.7742,43.0054],[89.7431,43.0087],[89.4255,43.0388],[89.2517,43.0466],[89.2313,43.0457],[89.2141,43.0429],[89.2013,43.0396],[89.1653,43.028],[89.1444,43.0238],[89.1327,43.0228],[89.0885,43.0217],[89.0741,43.0222],[89.0659,43.0231],[89.052,43.0258],[89.0436,43.0281],[89.0319,43.0324],[89.0236,43.0362],[89.0088,43.0452],[88.9879,43.0614],[88.9784,43.0681],[88.9667,43.0743],[88.9573,43.0783],[88.9381,43.0838],[88.87,43.0966],[88.8608,43.099],[88.8479,43.1034]]}},{"type":"Feature","properties":{"daily_trains":22.3,"path_trains":22.29},"geometry":{"type":"LineString","coordinates":[[88.8478,43.1034],[88.8339,43.1097],[88.7317,43.1613],[88.7142,43.1684],[88.6968,43.1733],[88.6597,43.181],[88.643,43.1822],[88.6122,43.1818],[88.6,43.1831],[88.5852,43.1863],[88.5357,43.203],[88.5268,43.2068],[88.5131,43.2148],[88.4927,43.2286],[88.4753,43.2369],[88.4586,43.2421],[88.4169,43.2507],[88.4053,43.2543],[88.3908,43.2604],[88.3863,43.2627],[88.3752,43.2702],[88.3655,43.2786],[88.3157,43.332],[88.3041,43.341],[88.2515,43.3741],[88.2381,43.3807],[88.216,43.3879],[88.1462,43.4067],[88.1296,43.4131],[88.1186,43.4189],[88.1047,43.4281],[87.9655,43.541],[87.9511,43.5502],[87.9316,43.5589],[87.8194,43.6034],[87.7204,43.6284],[87.7052,43.6342],[87.6631,43.6539],[87.6535,43.6598],[87.645,43.666],[87.5879,43.7158],[87.5837,43.7204],[87.5815,43.7239],[87.5801,43.7279],[87.5788,43.7425],[87.5769,43.7518],[87.5787,43.7613],[87.5837,43.7671],[87.5846,43.7703],[87.5779,43.7868],[87.5748,43.7914],[87.5687,43.7962],[87.5652,43.7976],[87.5589,43.7988],[87.5497,43.8016],[87.5476,43.803],[87.5418,43.8091],[87.5403,43.8111],[87.5398,43.8131],[87.5416,43.8295],[87.5399,43.8319],[87.5329,43.8356]]}},{"type":"Feature","properties":{"daily_trains":17.0,"path_trains":17.0},"geometry":{"type":"LineString","coordinates":[[97.8158,39.8845],[97.8054,39.8886],[97.7976,39.8925],[97.7688,39.911],[97.7515,39.9192],[97.5184,39.9961],[97.4424,40.0259],[97.3866,40.045],[97.369,40.0533],[97.2888,40.1008],[97.2802,40.1071],[97.2719,40.1154],[97.2522,40.1373],[97.2367,40.1498],[97.2307,40.1538],[97.1649,40.1925],[97.1573,40.1961],[97.1288,40.2063],[97.1165,40.2125],[97.1092,40.2171],[97.0806,40.2411],[97.0572,40.2589],[97.0203,40.293],[97.0109,40.2997],[97.0013,40.3053],[96.9786,40.3155],[96.9704,40.3201],[96.936,40.3454],[96.9201,40.3546],[96.6395,40.51],[96.5251,40.5815]]}},{"type":"Feature","properties":{"daily_trains":4.0,"path_trains":4.0},"geometry":{"type":"LineString","coordinates":[[94.7906,40.1697],[94.8162,40.1738],[94.8435,40.1764],[94.8531,40.1763],[94.8622,40.1747],[94.9406,40.1535],[94.9509,40.1526],[94.9609,40.1536],[94.9713,40.1569],[94.9808,40.1628],[95.0203,40.207],[95.0269,40.2112],[95.0353,40.215],[95.1385,40.2448],[95.194,40.2518],[95.2604,40.2551],[95.2709,40.257],[95.2816,40.2604],[95.2915,40.2651],[95.2991,40.2701],[95.5835,40.4888],[95.5886,40.4918],[95.6329,40.513],[95.704,40.5523],[95.7276,40.5633],[95.7336,40.5653],[95.7429,40.5674],[95.7534,40.5682],[95.7649,40.5679]]}},{"type":"Feature","properties":{"daily_trains":4.0,"path_trains":4.0},"geometry":{"type":"LineString","coordinates":[[95.7649,40.5679],[95.8078,40.564],[95.8235,40.5633],[95.9921,40.5742],[96.3308,40.6304],[96.339,40.6325],[96.3479,40.6359],[96.3566,40.6405],[96.3624,40.6446]]}},{"type":"Feature","properties":{"daily_trains":4.0,"path_trains":14.0},"geometry":{"type":"LineString","coordinates":[[96.4063,40.6489],[96.3851,40.6568],[96.3792,40.6562],[96.3736,40.6528]]}},{"type":"Feature","properties":{"daily_trains":4.0,"path_trains":14.0},"geometry":{"type":"LineString","coordinates":[[96.3736,40.6528],[96.3624,40.6446]]}},{"type":"Feature","properties":{"daily_trains":4.0,"path_trains":14.0},"geometry":{"type":"LineString","coordinates":[[96.3736,40.6528],[96.3736,40.6528]]}},{"type":"Feature","properties":{"daily_trains":4.0,"path_trains":4.0},"geometry":{"type":"LineString","coordinates":[[96.3624,40.6446],[96.3624,40.6446]]}},{"type":"Feature","properties":{"daily_trains":78.3,"path_trains":78.28},"geometry":{"type":"LineString","coordinates":[[112.6511,37.7592],[112.6692,37.7451],[112.6715,37.7419],[112.6712,37.7318],[112.6686,37.7092],[112.6658,37.7046],[112.6614,37.7011],[112.6183,37.6778],[112.5995,37.6708],[112.5953,37.6687],[112.589,37.6639],[112.5842,37.6575],[112.5817,37.6503],[112.5798,37.6306],[112.58,37.5626],[112.5783,37.5567],[112.5713,37.5423],[112.5704,37.5384],[112.5705,37.5328],[112.5713,37.529],[112.573,37.5249],[112.5821,37.5124],[112.5845,37.5082],[112.5894,37.4928],[112.592,37.4873],[112.596,37.4821],[112.6063,37.4733],[112.6111,37.4679],[112.6362,37.4292],[112.6414,37.424],[112.6624,37.4065],[112.6809,37.3944],[112.687,37.3887],[112.691,37.3835],[112.7327,37.3047],[112.7426,37.2846],[112.7524,37.2711],[112.7555,37.2648],[112.7578,37.2496],[112.7598,37.1742],[112.761,37.1647],[112.7652,37.1539],[112.7706,37.1451],[112.779,37.1345],[112.7831,37.1271],[112.7994,37.0939],[112.8015,37.0876],[112.8027,37.081],[112.8025,37.0708],[112.7982,37.051],[112.7974,37.039],[112.7983,37.0239],[112.8024,37.0038],[112.8028,36.9937],[112.7942,36.9526],[112.7819,36.9101],[112.7807,36.8986],[112.7822,36.8791],[112.7834,36.8732],[112.8035,36.8144],[112.8079,36.8067],[112.8135,36.8006],[112.8207,36.7957],[112.8293,36.7923],[112.8605,36.7831],[112.8666,36.7821],[112.8841,36.7809],[112.8943,36.7784],[112.9968,36.7422],[113.0691,36.7185],[113.0753,36.7152],[113.0804,36.7114],[113.0929,36.7001],[113.0989,36.6924],[113.1014,36.6874],[113.1032,36.6818],[113.1039,36.6763],[113.1036,36.6718],[113.1023,36.6663],[113.0708,36.5712],[113.0691,36.5623],[113.0697,36.5539],[113.072,36.5468],[113.0834,36.5231],[113.087,36.5181],[113.0919,36.5136],[113.1002,36.5085],[113.1104,36.5052],[113.115,36.5044],[113.1405,36.5029],[113.1479,36.5009],[113.1532,36.4982],[113.1578,36.4946],[113.1631,36.4875],[113.1644,36.483],[113.1646,36.4773],[113.1597,36.3871],[113.1581,36.3757],[113.1537,36.3607],[113.1532,36.3531],[113.1545,36.3469],[113.1567,36.3421],[113.1696,36.3242],[113.174,36.3155],[113.1765,36.3066],[113.177,36.2951]]}},{"type":"Feature","properties":{"daily_trains":76.3,"path_trains":73.14},"geometry":{"type":"LineString","coordinates":[[113.0956,36.082],[113.1058,36.1016],[113.1099,36.1076],[113.1155,36.113],[113.1275,36.1209],[113.1319,36.1251],[113.1577,36.1681],[113.159,36.1731],[113.1592,36.1784],[113.1536,36.1985],[113.153,36.2039],[113.1534,36.2093],[113.1549,36.2152],[113.1658,36.2453],[113.1669,36.2508],[113.1679,36.2667],[113.175,36.2856],[113.177,36.2951]]}},{"type":"Feature","properties":{"daily_trains":73.1,"path_trains":73.14},"geometry":{"type":"LineString","coordinates":[[113.0957,36.082],[113.0956,36.082]]}},{"type":"Feature","properties":{"daily_trains":108.6,"path_trains":108.57},"geometry":{"type":"LineString","coordinates":[[113.6572,34.741],[113.6602,34.7364],[113.6657,34.7343],[113.7654,34.7365],[113.7693,34.7372],[113.772,34.7393],[113.7732,34.7421],[113.7731,34.7465]]}},{"type":"Feature","properties":{"daily_trains":60.3,"path_trains":225.0},"geometry":{"type":"LineString","coordinates":[[112.6511,37.7592],[112.6357,37.7697],[112.6256,37.775],[112.617,37.7816]]}},{"type":"Feature","properties":{"daily_trains":47.0,"path_trains":744.14},"geometry":{"type":"LineString","coordinates":[[113.7732,34.7465],[113.7728,34.7524]]}},{"type":"Feature","properties":{"daily_trains":33.0,"path_trains":136.57},"geometry":{"type":"LineString","coordinates":[[113.6507,34.7541],[113.6572,34.741]]}},{"type":"Feature","properties":{"daily_trains":60.3,"path_trains":225.0},"geometry":{"type":"LineString","coordinates":[[112.6511,37.7592],[112.6511,37.7592]]}},{"type":"Feature","properties":{"daily_trains":108.6,"path_trains":781.71},"geometry":{"type":"LineString","coordinates":[[113.7731,34.7465],[113.7732,34.7465]]}},{"type":"Feature","properties":{"daily_trains":60.3,"path_trains":225.0},"geometry":{"type":"LineString","coordinates":[[112.6171,37.7817],[112.617,37.7816]]}},{"type":"Feature","properties":{"daily_trains":34.7,"path_trains":30.71},"geometry":{"type":"LineString","coordinates":[[119.4363,35.4079],[119.4566,35.4111],[119.4884,35.4082],[119.498,35.404],[119.5039,35.4028],[119.5174,35.4041]]}},{"type":"Feature","properties":{"daily_trains":30.7,"path_trains":169.28},"geometry":{"type":"LineString","coordinates":[[119.4363,35.4079],[119.435,35.4086]]}},{"type":"Feature","properties":{"daily_trains":162.9,"path_trains":160.71},"geometry":{"type":"LineString","coordinates":[[109.603,23.1027],[109.6295,23.1043],[109.6414,23.103],[109.6455,23.1031],[109.65,23.1037],[109.6558,23.1058],[109.664,23.1113],[109.6804,23.1295],[109.6879,23.1364],[109.705,23.1493],[109.7121,23.1529],[109.7923,23.1872],[109.8334,23.1997],[109.9083,23.2185],[109.9162,23.2212],[109.9253,23.2261],[110.0013,23.2749],[110.0078,23.2784],[110.0153,23.2817],[110.0515,23.2932],[110.1566,23.3373],[110.1768,23.3449],[110.1879,23.3477],[110.1966,23.3484],[110.2154,23.3484],[110.2242,23.3493],[110.2498,23.3554],[110.2693,23.3583],[110.2812,23.3626],[110.2902,23.3666],[110.2997,23.3731],[110.305,23.3782],[110.3168,23.3939],[110.3227,23.3996],[110.3284,23.4038],[110.3377,23.4084],[110.3537,23.4132],[110.39,23.4185],[110.3957,23.419],[110.4126,23.4186],[110.4597,23.4226],[110.4676,23.4223],[110.492,23.4187],[110.5309,23.4162],[110.5656,23.4115],[110.5957,23.4103],[110.6033,23.4088],[110.6233,23.4021],[110.6321,23.4008],[110.6405,23.4008],[110.6628,23.4027],[110.6864,23.4002],[110.7084,23.3968],[110.7333,23.3979],[110.7402,23.3972],[110.7755,23.388],[110.7821,23.385],[110.8013,23.373],[110.8152,23.3672],[110.8362,23.3616],[110.8693,23.3462],[110.8766,23.3441],[110.9,23.3396],[110.9188,23.3385],[110.9539,23.3331],[110.9661,23.3339],[111.0275,23.3433],[111.0433,23.3449],[111.0517,23.3469],[111.0611,23.3507],[111.0804,23.3619],[111.1006,23.37],[111.1177,23.3785],[111.1394,23.3871],[111.1725,23.3977],[111.1785,23.3987],[111.1883,23.399],[111.231,23.394],[111.2386,23.3926],[111.2471,23.3897],[111.2547,23.3857],[111.279,23.3662],[111.2855,23.3623],[111.3003,23.3557],[111.3077,23.3516],[111.3394,23.3287],[111.3547,23.3226],[111.3759,23.3116],[111.3947,23.2981],[111.4111,23.2818],[111.4276,23.2708],[111.4438,23.2632],[111.451,23.2587],[111.4778,23.236],[111.4832,23.2292],[111.4941,23.2088],[111.4988,23.2022],[111.5173,23.1845],[111.5269,23.1741],[111.531,23.1703],[111.5436,23.1608],[111.5599,23.1448],[111.5723,23.1356],[111.5795,23.1324],[111.5849,23.1302],[111.5917,23.1285],[111.6039,23.1277],[111.6711,23.1363],[111.6872,23.1369],[111.7016,23.1365],[111.723,23.1347],[111.7359,23.1303],[111.7476,23.1249],[111.7597,23.1217],[111.7673,23.1212],[111.8023,23.1223],[111.818,23.1203],[111.8305,23.1201],[111.8367,23.1193],[111.866,23.1098],[111.879,23.1068],[111.8864,23.1044],[111.9021,23.0973],[111.9229,23.0899],[111.9312,23.085],[111.9394,23.0782],[111.9671,23.0634],[111.9769,23.0591],[111.9901,23.0566],[112.0125,23.0564],[112.0263,23.054],[112.0452,23.0468],[112.0671,23.0358],[112.0906,23.0224],[112.0958,23.0207],[112.1102,23.0179],[112.1595,23.0123],[112.1676,23.012],[112.1748,23.0126],[112.248,23.0254],[112.2665,23.0296],[112.2824,23.0354],[112.2885,23.039],[112.3102,23.0609],[112.343,23.0859],[112.3677,23.1086],[112.3734,23.1119],[112.3927,23.1187],[112.4146,23.1257],[112.4366,23.1308],[112.4475,23.1354],[112.5501,23.1999],[112.5603,23.2047],[112.5836,23.2133],[112.5982,23.2223],[112.6072,23.2265],[112.6144,23.2285],[112.6205,23.2291],[112.6271,23.229],[112.6337,23.228],[112.6427,23.2248],[112.6646,23.2136]]}},{"type":"Feature","properties":{"daily_trains":176.7,"path_trains":176.71},"geometry":{"type":"LineString","coordinates":[[109.603,23.1026],[109.5843,23.1009],[109.572,23.0986],[109.5651,23.0986],[109.5233,23.1087],[109.5052,23.1119],[109.4984,23.1137],[109.4733,23.1219],[109.4479,23.1347],[109.3588,23.1672],[109.3211,23.1788],[109.2956,23.1852],[109.275,23.1924],[109.2569,23.1977],[109.25,23.2006],[109.231,23.2102],[109.1901,23.2251],[109.1702,23.2353],[109.1579,23.2391]]}},{"type":"Feature","properties":{"daily_trains":162.9,"path_trains":176.86},"geometry":{"type":"LineString","coordinates":[[109.603,23.1026],[109.603,23.1027]]}},{"type":"Feature","properties":{"daily_trains":176.7,"path_trains":176.71},"geometry":{"type":"LineString","coordinates":[[109.1579,23.2391],[109.1579,23.2391]]}},{"type":"Feature","properties":{"daily_trains":10.7,"path_trains":365.0},"geometry":{"type":"LineString","coordinates":[[120.0688,31.7203],[120.0659,31.7222]]}},{"type":"Feature","properties":{"daily_trains":11.7,"path_trains":365.0},"geometry":{"type":"LineString","coordinates":[[120.0686,31.7201],[120.0713,31.7188]]}},{"type":"Feature","properties":{"daily_trains":10.7,"path_trains":365.0},"geometry":{"type":"LineString","coordinates":[[120.0688,31.7203],[120.0686,31.7201]]}},{"type":"Feature","properties":{"daily_trains":10.7,"path_trains":365.0},"geometry":{"type":"LineString","coordinates":[[120.0661,31.7223],[120.0659,31.7222]]}},{"type":"Feature","properties":{"daily_trains":12.6,"path_trains":12.57},"geometry":{"type":"LineString","coordinates":[[116.7657,25.2041],[116.762,25.2076],[116.7568,25.21],[116.7505,25.2109],[116.7431,25.2103],[116.7246,25.2053],[116.7016,25.197],[116.6804,25.1925],[116.6074,25.1719],[116.5547,25.1454],[116.5127,25.1283],[116.4627,25.1095],[116.4222,25.0884],[116.4087,25.0828],[116.3742,25.0706],[116.3598,25.0644],[116.3337,25.0584],[116.3138,25.0505],[116.2938,25.0449],[116.2821,25.0426],[116.2749,25.0402],[116.2528,25.0293],[116.2447,25.0243],[116.236,25.0165],[116.2204,25.0]]}},{"type":"Feature","properties":{"daily_trains":12.6,"path_trains":50.43},"geometry":{"type":"LineString","coordinates":[[116.7687,25.1934],[116.7693,25.1952],[116.7689,25.1982],[116.7657,25.2041]]}},{"type":"Feature","properties":{"daily_trains":12.6,"path_trains":50.43},"geometry":{"type":"LineString","coordinates":[[116.7657,25.2041],[116.7657,25.2041]]}},{"type":"Feature","properties":{"daily_trains":113.7,"path_trains":105.71},"geometry":{"type":"LineString","coordinates":[[120.5834,27.9804],[120.588,28.001],[120.5882,28.0047],[120.5862,28.0075],[120.5781,28.0153],[120.5698,28.0202],[120.5617,28.0224],[120.5501,28.0241],[120.4949,28.0279],[120.4731,28.0281],[120.4547,28.032],[120.4458,28.0351],[120.4037,28.0556],[120.3437,28.0828],[120.3208,28.0899],[120.3151,28.0925],[120.2868,28.1231],[120.2672,28.151],[120.2462,28.1675],[120.2323,28.1742],[120.222,28.1805],[120.2,28.2084],[120.197,28.2112],[120.1581,28.2345],[120.0832,28.2898],[120.0596,28.3062],[120.0324,28.3214],[120.0136,28.3386],[120.0002,28.3522],[119.9564,28.3717],[119.947,28.3778],[119.9412,28.3838],[119.9363,28.3917],[119.9333,28.3996],[119.9327,28.4046],[119.9331,28.4126],[119.9357,28.4216],[119.9378,28.4261],[119.977,28.4871],[120.0025,28.5216],[120.0185,28.5447],[120.0197,28.5473],[120.0448,28.6375],[120.0485,28.646],[120.0515,28.6611],[120.0486,28.6989],[120.0485,28.7408],[120.0537,28.7822],[120.0601,28.7952],[120.0629,28.8035],[120.0636,28.8118],[120.0622,28.8207],[120.059,28.8285],[120.0553,28.834],[120.0515,28.8381],[120.0407,28.846],[120.0339,28.8487],[120.003,28.8578],[119.9949,28.8594],[119.9815,28.8608],[119.9754,28.8623],[119.9682,28.865],[119.9609,28.8696],[119.9358,28.8902],[119.9305,28.8952],[119.9148,28.9155],[119.9054,28.9298],[119.8995,28.9366],[119.8602,28.9702],[119.8385,28.9931],[119.8323,28.9989],[119.8281,29.0019],[119.7563,29.0405],[119.7495,29.0493],[119.7438,29.059],[119.7405,29.067],[119.7387,29.0765],[119.7371,29.1052],[119.732,29.1265]]}},{"type":"Feature","properties":{"daily_trains":268.0,"path_trains":244.0},"geometry":{"type":"LineString","coordinates":[[120.2898,30.1817],[120.2936,30.1594],[120.2962,30.1541],[120.3043,30.1411],[120.3094,30.1272],[120.31,30.1203],[120.3056,30.0934],[120.3056,30.0767],[120.3036,30.0526],[120.302,30.0349],[120.298,30.0073],[120.2959,29.999],[120.2927,29.9911],[120.2887,29.9835],[120.2765,29.964],[120.2711,29.9501],[120.2692,29.9409],[120.2645,29.9059],[120.2636,29.879],[120.2614,29.8675],[120.2566,29.8563],[120.2449,29.8378],[120.2299,29.8206],[120.2174,29.8092],[120.2128,29.8043],[120.2,29.7868],[120.1948,29.7779],[120.1884,29.762],[120.1761,29.7174],[120.1735,29.7039],[120.171,29.6519],[120.1719,29.6424],[120.1763,29.6201],[120.1768,29.6067],[120.1755,29.5983],[120.1721,29.5885],[120.1687,29.5817],[120.1629,29.5737],[120.1098,29.5185],[120.0928,29.4982],[120.0864,29.4868],[120.0827,29.4759],[120.0809,29.4634],[120.0806,29.4548],[120.0794,29.4445],[120.0724,29.4272],[120.0599,29.4073],[120.056,29.402],[120.0424,29.387]]}},{"type":"Feature","properties":{"daily_trains":257.1,"path_trains":234.14},"geometry":{"type":"LineString","coordinates":[[119.9614,29.3052],[119.9569,29.2992],[119.9537,29.2935],[119.9433,29.2669],[119.9355,29.251],[119.9106,29.2126],[119.9048,29.2054],[119.8978,29.1989],[119.8922,29.1949],[119.8824,29.1895],[119.857,29.1792],[119.8125,29.1637],[119.7884,29.1588],[119.7722,29.1542]]}},{"type":"Feature","properties":{"daily_trains":86.1,"path_trains":234.14},"geometry":{"type":"LineString","coordinates":[[119.7312,29.1304],[119.7317,29.1333],[119.7333,29.1355],[119.7439,29.1429],[119.7611,29.1507],[119.7722,29.1542]]}},{"type":"Feature","properties":{"daily_trains":86.1,"path_trains":261.71},"geometry":{"type":"LineString","coordinates":[[119.7311,29.1304],[119.732,29.1265]]}},{"type":"Feature","properties":{"daily_trains":86.1,"path_trains":261.71},"geometry":{"type":"LineString","coordinates":[[119.7312,29.1304],[119.7311,29.1304]]}},{"type":"Feature","properties":{"daily_trains":102.7,"path_trains":269.43},"geometry":{"type":"LineString","coordinates":[[120.5828,27.9768],[120.5837,27.9805]]}},{"type":"Feature","properties":{"daily_trains":102.7,"path_trains":269.43},"geometry":{"type":"LineString","coordinates":[[120.5837,27.9805],[120.5834,27.9804]]}},{"type":"Feature","properties":{"daily_trains":26.6,"path_trains":385.0},"geometry":{"type":"LineString","coordinates":[[115.4193,22.8145],[115.4316,22.8134]]}},{"type":"Feature","properties":{"daily_trains":26.6,"path_trains":385.0},"geometry":{"type":"LineString","coordinates":[[115.4174,22.8151],[115.4194,22.8149]]}},{"type":"Feature","properties":{"daily_trains":18.4,"path_trains":18.43},"geometry":{"type":"LineString","coordinates":[[112.1567,30.661],[112.1594,30.6332],[112.1588,30.6245],[112.1564,30.6132],[112.1533,30.6048],[112.1492,30.5967],[112.1278,30.5624],[112.1246,30.5545],[112.1225,30.545],[112.1216,30.5324],[112.1218,30.4983],[112.1188,30.4357],[112.1181,30.4036],[112.1187,30.3993],[112.1208,30.3946],[112.1234,30.3912],[112.127,30.3881],[112.1328,30.3852],[112.1545,30.3778]]}},{"type":"Feature","properties":{"daily_trains":18.4,"path_trains":18.43},"geometry":{"type":"LineString","coordinates":[[112.1048,30.9973],[112.0976,30.9779],[112.0838,30.923],[112.082,30.912],[112.0825,30.8992],[112.0845,30.8899],[112.0975,30.842],[112.1133,30.8057],[112.1364,30.7414],[112.1544,30.6766],[112.1566,30.661]]}},{"type":"Feature","properties":{"daily_trains":18.4,"path_trains":170.43},"geometry":{"type":"LineString","coordinates":[[112.1544,30.3776],[112.1545,30.3778]]}},{"type":"Feature","properties":{"daily_trains":18.4,"path_trains":18.43},"geometry":{"type":"LineString","coordinates":[[112.1567,30.661],[112.1566,30.661]]}},{"type":"Feature","properties":{"daily_trains":54.7,"path_trains":36.28},"geometry":{"type":"LineString","coordinates":[[116.0058,29.7099],[116.0166,29.718],[116.0211,29.7236],[116.0249,29.7256],[116.0796,29.7347],[116.0851,29.736],[116.1016,29.7418],[116.1068,29.7424],[116.1115,29.7417],[116.1153,29.7402],[116.1339,29.7272],[116.1386,29.7252],[116.1917,29.7068],[116.2017,29.7047],[116.2162,29.7037],[116.2219,29.7046],[116.2281,29.7068],[116.2428,29.7153],[116.2984,29.7393],[116.3026,29.7403],[116.3084,29.7404],[116.3134,29.7392],[116.3173,29.7373],[116.3225,29.7329],[116.3255,29.7276],[116.3283,29.7074],[116.3299,29.7004],[116.3447,29.6586],[116.3475,29.6417],[116.3478,29.6294],[116.3489,29.6221],[116.366,29.5598],[116.3725,29.543],[116.3754,29.5385],[116.4042,29.5031],[116.4084,29.4952],[116.4217,29.4647],[116.4289,29.4533],[116.4371,29.4432],[116.4433,29.4377],[116.4506,29.433],[116.4741,29.4227],[116.4951,29.4097],[116.5019,29.407],[116.5234,29.4024],[116.5286,29.4021],[116.5426,29.4029],[116.5552,29.4008],[116.5928,29.3897],[116.5993,29.3868],[116.6234,29.3736],[116.659,29.3603],[116.6953,29.3522],[116.7285,29.3419],[116.7399,29.3401],[116.8093,29.3402],[116.8345,29.3378],[116.8696,29.3383],[116.9094,29.3339],[116.9448,29.3336],[116.9682,29.3352],[116.9821,29.3336],[117.0183,29.3323],[117.0383,29.3282],[117.0627,29.3249],[117.0769,29.322],[117.0951,29.3205],[117.1009,29.3188],[117.1142,29.3128],[117.1194,29.3118],[117.1244,29.3116],[117.1384,29.3127],[117.1507,29.3126],[117.1657,29.3153],[117.1698,29.3167],[117.174,29.3194],[117.1843,29.331],[117.1895,29.3351],[117.1922,29.3364],[117.2045,29.3384],[117.2132,29.3359],[117.216,29.3357],[117.2277,29.3398]]}},{"type":"Feature","properties":{"daily_trains":54.7,"path_trains":54.71},"geometry":{"type":"LineString","coordinates":[[116.0058,29.7099],[116.0039,29.7078],[115.9898,29.6979],[115.9787,29.6879],[115.96,29.6779]]}},{"type":"Feature","properties":{"daily_trains":54.7,"path_trains":74.29},"geometry":{"type":"LineString","coordinates":[[115.96,29.6779],[115.9547,29.6751],[115.9489,29.6732],[115.9323,29.6725],[115.928,29.6717],[115.9232,29.6698],[115.9186,29.6666],[115.9052,29.6521],[115.8954,29.6403],[115.8854,29.6323],[115.8817,29.6284],[115.8789,29.6235],[115.8778,29.6199],[115.8759,29.6097],[115.8763,29.6026]]}},{"type":"Feature","properties":{"daily_trains":16.0,"path_trains":153.71},"geometry":{"type":"LineString","coordinates":[[115.8903,29.6362],[115.8796,29.6278],[115.8745,29.6259],[115.866,29.6258],[115.8489,29.6303]]}},{"type":"Feature","properties":{"daily_trains":16.0,"path_trains":54.71},"geometry":{"type":"LineString","coordinates":[[115.8903,29.6362],[115.8903,29.6362]]}},{"type":"Feature","properties":{"daily_trains":36.3,"path_trains":112.72},"geometry":{"type":"LineString","coordinates":[[117.2277,29.3398],[117.2277,29.3398]]}},{"type":"Feature","properties":{"daily_trains":9.0,"path_trains":225.0},"geometry":{"type":"LineString","coordinates":[[112.6288,37.6835],[112.6281,37.6825]]}},{"type":"Feature","properties":{"daily_trains":9.0,"path_trains":225.0},"geometry":{"type":"LineString","coordinates":[[112.6351,37.6858],[112.6281,37.6825]]}},{"type":"Feature","properties":{"daily_trains":43.7,"path_trains":64.86},"geometry":{"type":"LineString","coordinates":[[119.743,29.8081],[119.768,29.8285],[119.7911,29.8426],[119.8095,29.8549],[119.817,29.8585],[119.8266,29.8618],[119.8496,29.866],[119.8593,29.8686],[119.8728,29.8749],[119.8841,29.8835],[119.8904,29.8906],[119.8951,29.8976],[119.9057,29.922],[119.9083,29.9318],[119.9111,29.9576],[119.9129,29.9648],[119.9153,29.9712],[119.921,29.9804],[119.9319,29.9923],[119.9369,29.9965],[119.9435,30.0002],[119.9524,30.0028],[119.9719,30.0047],[120.0114,29.9991],[120.0276,29.9985],[120.0404,29.9993],[120.0506,30.0017],[120.0711,30.0096],[120.083,30.012],[120.1023,30.0191],[120.1174,30.0235],[120.148,30.0284],[120.1622,30.0284],[120.2071,30.0257],[120.2167,30.0258],[120.227,30.0272],[120.2346,30.0291],[120.2811,30.044],[120.2899,30.0487],[120.295,30.0529],[120.2991,30.0577],[120.3022,30.063],[120.3047,30.0701],[120.3061,30.0793],[120.3064,30.0979],[120.3101,30.1213],[120.3097,30.1263],[120.3073,30.1365],[120.305,30.1404],[120.2984,30.1477],[120.295,30.1542],[120.2935,30.1579],[120.2916,30.1679]]}},{"type":"Feature","properties":{"daily_trains":59.4,"path_trains":59.43},"geometry":{"type":"LineString","coordinates":[[117.8741,29.2537],[117.8762,29.2672],[117.8796,29.2776],[117.8842,29.2867],[117.8952,29.3019],[117.9032,29.3101],[117.9262,29.3293],[117.9354,29.3384],[118.0004,29.4166],[118.0329,29.4592],[118.0638,29.494],[118.1052,29.5535],[118.1173,29.5726],[118.1331,29.6001],[118.1652,29.6456],[118.1693,29.6524],[118.2039,29.7261],[118.2183,29.7703],[118.2203,29.7753],[118.2247,29.7833],[118.2318,29.7926],[118.2384,29.7987],[118.2734,29.8222]]}},{"type":"Feature","properties":{"daily_trains":42.9,"path_trains":180.72},"geometry":{"type":"LineString","coordinates":[[119.7305,29.7946],[119.743,29.8081]]}},{"type":"Feature","properties":{"daily_trains":22.0,"path_trains":221.43},"geometry":{"type":"LineString","coordinates":[[118.2611,29.8149],[118.2734,29.8222]]}},{"type":"Feature","properties":{"daily_trains":41.9,"path_trains":540.28},"geometry":{"type":"LineString","coordinates":[[120.2916,30.1679],[120.2915,30.1679]]}},{"type":"Feature","properties":{"daily_trains":41.4,"path_trains":41.43},"geometry":{"type":"LineString","coordinates":[[119.3883,25.9818],[119.3923,25.9752],[119.3932,25.9686],[119.3938,25.9556],[119.3958,25.9483],[119.4007,25.941],[119.4046,25.9376],[119.4087,25.935],[119.4177,25.9319],[119.4536,25.9331],[119.4693,25.9289],[119.4958,25.925],[119.5243,25.9137],[119.5389,25.9064],[119.5451,25.9013],[119.5497,25.8942],[119.5517,25.8872],[119.5552,25.8213],[119.5571,25.8085],[119.5589,25.8035],[119.5611,25.7984],[119.568,25.7871],[119.5881,25.7627],[119.5982,25.743],[119.6042,25.7346],[119.6384,25.679],[119.6438,25.6673],[119.6471,25.6619],[119.6624,25.647],[119.7023,25.6217],[119.7114,25.6175],[119.7299,25.6131],[119.7349,25.6113],[119.742,25.6077],[119.7489,25.6026],[119.7657,25.5883],[119.7702,25.5825],[119.7725,25.5766],[119.777,25.5567]]}},{"type":"Feature","properties":{"daily_trains":75.0,"path_trains":74.5},"geometry":{"type":"LineString","coordinates":[[114.7488,33.6362],[114.7573,33.6254],[114.767,33.6167],[114.7757,33.6109],[114.7948,33.6007],[114.8217,33.5835],[114.8279,33.5789],[114.8336,33.5736],[114.8562,33.5493],[114.8771,33.5228],[114.882,33.5174],[114.9228,33.4832],[114.9285,33.4792],[114.9401,33.4729],[114.9478,33.4698],[114.9572,33.4671],[114.9685,33.465],[114.9942,33.4631],[115.0068,33.4605],[115.0262,33.4547],[115.0547,33.4425],[115.0857,33.4316],[115.1443,33.4038],[115.1755,33.3851],[115.1857,33.3757],[115.2139,33.3443],[115.221,33.3374],[115.2275,33.3324],[115.2511,33.3175],[115.262,33.3086],[115.2783,33.2922],[115.2826,33.287],[115.3087,33.2485],[115.3135,33.2398],[115.3223,33.2156],[115.3255,33.2052],[115.3269,33.1932],[115.3216,33.1268],[115.3212,33.1042],[115.3235,33.0815],[115.3249,33.075],[115.328,33.0661],[115.3338,33.0554],[115.343,33.0443],[115.3507,33.0376],[115.3561,33.0338],[115.3723,33.0246],[115.3999,33.0103],[115.4545,32.9926],[115.4933,32.9838],[115.5072,32.9797],[115.5557,32.9643],[115.5752,32.9561],[115.5852,32.9528],[115.6106,32.9464],[115.6523,32.9384],[115.6838,32.9365],[115.7245,32.93],[115.731,32.9282],[115.7396,32.9234],[115.7429,32.9205],[115.7459,32.9167],[115.7494,32.9084],[115.7499,32.905],[115.7495,32.8993]]}},{"type":"Feature","properties":{"daily_trains":108.0,"path_trains":108.0},"geometry":{"type":"LineString","coordinates":[[113.9267,34.4907],[113.9276,34.4758],[113.9272,34.4635],[113.9163,34.4208],[113.9085,34.3954],[113.9077,34.3775],[113.9054,34.3656],[113.9019,34.3387],[113.8964,34.3118],[113.8948,34.2556],[113.8978,34.2018],[113.8991,34.1933],[113.9023,34.1815],[113.907,34.1709],[113.9115,34.1629],[113.933,34.1343],[113.9403,34.1257],[113.9471,34.1197],[113.964,34.1093],[114.029,34.0799],[114.036,34.0774],[114.0488,34.0745],[114.1511,34.063],[114.163,34.0605],[114.2237,34.0395],[114.2472,34.0299],[114.2584,34.0266],[114.2666,34.025],[114.2862,34.0227],[114.2946,34.0208],[114.3261,34.0096],[114.399,33.9934],[114.4115,33.989],[114.4226,33.9832],[114.4324,33.9762],[114.4946,33.9242],[114.5059,33.9137],[114.5131,33.9056],[114.5248,33.8902],[114.5363,33.8772],[114.5478,33.8654],[114.5633,33.8528],[114.5712,33.8449],[114.5879,33.8261],[114.5957,33.8139],[114.6192,33.7668],[114.6231,33.7606],[114.6284,33.7542],[114.6349,33.748],[114.6532,33.7338],[114.69,33.7093],[114.7005,33.7008],[114.7096,33.6912],[114.7281,33.6671],[114.7363,33.6551]]}},{"type":"Feature","properties":{"daily_trains":75.0,"path_trains":183.28},"geometry":{"type":"LineString","coordinates":[[115.7495,32.8993],[115.7456,32.8811]]}},{"type":"Feature","properties":{"daily_trains":154.6,"path_trains":266.57},"geometry":{"type":"LineString","coordinates":[[113.9264,34.4907],[113.9258,34.4958]]}},{"type":"Feature","properties":{"daily_trains":108.0,"path_trains":108.0},"geometry":{"type":"LineString","coordinates":[[114.7363,33.6551],[114.7362,33.6551]]}},{"type":"Feature","properties":{"daily_trains":74.0,"path_trains":110.0},"geometry":{"type":"LineString","coordinates":[[114.7488,33.6362],[114.7375,33.6533]]}},{"type":"Feature","properties":{"daily_trains":108.0,"path_trains":108.0},"geometry":{"type":"LineString","coordinates":[[114.7375,33.6533],[114.7362,33.6551]]}},{"type":"Feature","properties":{"daily_trains":61.6,"path_trains":781.71},"geometry":{"type":"LineString","coordinates":[[113.7732,34.7465],[113.7733,34.7465]]}},{"type":"Feature","properties":{"daily_trains":25.0,"path_trains":183.28},"geometry":{"type":"LineString","coordinates":[[115.7452,32.8783],[115.7458,32.881]]}},{"type":"Feature","properties":{"daily_trains":3.9,"path_trains":234.0},"geometry":{"type":"LineString","coordinates":[[106.7339,26.669],[106.736,26.6685]]}},{"type":"Feature","properties":{"daily_trains":3.9,"path_trains":234.0},"geometry":{"type":"LineString","coordinates":[[106.7359,26.6683],[106.736,26.6685]]}},{"type":"Feature","properties":{"daily_trains":12.0,"path_trains":384.57},"geometry":{"type":"LineString","coordinates":[[113.0376,23.0833],[113.0377,23.0836]]}},{"type":"Feature","properties":{"daily_trains":12.0,"path_trains":750.43},"geometry":{"type":"LineString","coordinates":[[113.1838,23.1028],[113.1838,23.1029]]}},{"type":"Feature","properties":{"daily_trains":87.7,"path_trains":87.71},"geometry":{"type":"LineString","coordinates":[[101.7716,25.1632],[101.7786,25.1598],[101.7835,25.1584],[101.7891,25.1578],[101.7945,25.1581],[101.8583,25.176],[101.9147,25.1827],[101.9996,25.1831],[102.0065,25.1825],[102.0125,25.1811],[102.0184,25.1789],[102.024,25.1758],[102.0286,25.1724],[102.0333,25.1676],[102.0435,25.1535],[102.054,25.1348],[102.0689,25.1121],[102.085,25.0925],[102.1027,25.0723],[102.1165,25.0604],[102.1246,25.0551],[102.1355,25.0497],[102.2472,25.0045],[102.2562,25.0014],[102.2646,24.9994],[102.279,24.9982],[102.2885,24.9988],[102.3123,25.0021],[102.3516,25.0029],[102.359,25.0019],[102.3877,24.9958],[102.4527,24.9742],[102.4699,24.9663],[102.4993,24.9557],[102.5044,24.9527],[102.5198,24.9413],[102.5269,24.9398],[102.531,24.9402],[102.5428,24.9453],[102.5741,24.9612],[102.5787,24.962],[102.589,24.9617],[102.5926,24.9635],[102.5944,24.9653],[102.597,24.9731],[102.5989,24.976],[102.6134,24.9871],[102.6159,24.9897],[102.6243,25.0088],[102.6301,25.0157],[102.6321,25.0232],[102.6353,25.0278],[102.6384,25.03],[102.6542,25.0361],[102.6588,25.0362],[102.6733,25.0349],[102.6981,25.0191],[102.7032,25.0171],[102.7322,25.0191],[102.7481,25.0255],[102.7504,25.025],[102.7657,25.0177],[102.7947,25.0151],[102.8038,25.0081],[102.8057,25.0073],[102.8198,25.0078],[102.8244,25.0113],[102.8305,25.0114],[102.8321,25.0122],[102.8332,25.0137]]}},{"type":"Feature","properties":{"daily_trains":87.7,"path_trains":137.28},"geometry":{"type":"LineString","coordinates":[[102.8142,24.9964],[102.8157,24.9911],[102.8144,24.9781],[102.8185,24.9524],[102.8203,24.9484],[102.8244,24.9448],[102.84,24.9375],[102.8556,24.9345],[102.858,24.9326],[102.8592,24.9305],[102.8596,24.9266],[102.8567,24.9191],[102.8559,24.9131],[102.8549,24.8933]]}},{"type":"Feature","properties":{"daily_trains":87.7,"path_trains":85.71},"geometry":{"type":"LineString","coordinates":[[101.7408,25.1773],[101.7328,25.1773],[101.7268,25.1759],[101.703,25.1638],[101.6983,25.1601],[101.6753,25.1382],[101.6702,25.1341],[101.6425,25.1182],[101.6256,25.1096],[101.6204,25.1046],[101.6146,25.0961],[101.6034,25.0858],[101.5961,25.0818],[101.5767,25.0757],[101.5675,25.0748],[101.5577,25.0768],[101.5291,25.0949],[101.5242,25.0971],[101.5199,25.0982],[101.5156,25.0987],[101.4796,25.099],[101.4581,25.096],[101.4484,25.0966],[101.4215,25.1062],[101.4063,25.1103],[101.384,25.113],[101.3725,25.1174],[101.3555,25.1299],[101.3376,25.141],[101.3235,25.1538],[101.3182,25.1577],[101.2982,25.1671],[101.2744,25.1828],[101.2344,25.1996],[101.2281,25.2029],[101.2041,25.2215],[101.1901,25.2344],[101.1824,25.2395],[101.1766,25.2419],[101.1542,25.2478],[101.1138,25.2606],[101.1065,25.2639],[101.1017,25.2673],[101.0923,25.2762],[101.0362,25.32],[101.0297,25.3242],[101.024,25.3267],[101.0147,25.3292],[100.9564,25.3388],[100.9298,25.3455],[100.9157,25.3501],[100.9,25.3557],[100.8851,25.3624],[100.8786,25.3644],[100.8162,25.3771],[100.7986,25.38],[100.7592,25.3893],[100.7512,25.3899],[100.745,25.3894],[100.7275,25.3841],[100.7202,25.3831],[100.6808,25.3822],[100.6742,25.383],[100.6667,25.3849],[100.6604,25.3869],[100.6535,25.3907],[100.6485,25.3947],[100.6356,25.4074],[100.6089,25.4248],[100.6035,25.428],[100.5797,25.4382],[100.564,25.4491]]}},{"type":"Feature","properties":{"daily_trains":79.4,"path_trains":55.14},"geometry":{"type":"LineString","coordinates":[[103.403,24.3456],[103.4193,24.3238],[103.4231,24.3167],[103.4293,24.3019],[103.435,24.2929],[103.4531,24.2712],[103.4731,24.2406],[103.5582,24.1308],[103.5677,24.1226],[103.6007,24.1022],[103.6606,24.0592],[103.669,24.0521],[103.6768,24.0432],[103.6831,24.0331],[103.6875,24.0222],[103.7011,23.9608],[103.7033,23.9535],[103.709,23.9415],[103.7167,23.9311],[103.7719,23.8752],[103.7796,23.8693],[103.7916,23.8634],[103.8343,23.8494],[103.8478,23.8463],[103.8622,23.8465],[103.9542,23.859],[103.9976,23.8615],[104.0058,23.8628],[104.0132,23.8651],[104.0224,23.8698],[104.0329,23.878],[104.0882,23.9312],[104.1059,23.9444],[104.1176,23.9515],[104.1337,23.9581],[104.201,23.9782],[104.213,23.9792],[104.2209,23.9785],[104.229,23.9766],[104.2613,23.9625],[104.3031,23.9506],[104.3125,23.9487],[104.322,23.9479],[104.386,23.9504],[104.4156,23.9487],[104.4347,23.9457],[104.4428,23.9457],[104.5517,23.9596],[104.6061,23.9649],[104.6393,23.9706],[104.6476,23.9731],[104.7114,23.9984],[104.7536,24.009],[104.7762,24.0127],[104.7866,24.0167],[104.8111,24.0292],[104.8194,24.0322],[104.8357,24.0354],[104.8649,24.0404],[104.8876,24.0435],[104.9554,24.0491],[104.9953,24.0504],[105.0049,24.0498],[105.0142,24.0477],[105.0687,24.031],[105.0769,24.0274],[105.0849,24.0222],[105.0923,24.0156],[105.0983,24.0078],[105.1187,23.9696],[105.123,23.9628],[105.1294,23.9556],[105.1551,23.9306],[105.1624,23.9247],[105.1791,23.9135],[105.2117,23.895],[105.2546,23.8677],[105.2629,23.8644],[105.3213,23.848],[105.414,23.8323],[105.4557,23.8218],[105.4704,23.8166],[105.4762,23.8134],[105.4939,23.8012],[105.5075,23.7858],[105.5335,23.7488],[105.5637,23.6946],[105.5691,23.6887],[105.5948,23.6667],[105.6081,23.6592],[105.615,23.6568],[105.6286,23.6542],[105.6575,23.6539],[105.6709,23.6548],[105.6842,23.6566],[105.7081,23.6611],[105.7563,23.6722],[105.7956,23.674],[105.8031,23.6749],[105.8889,23.6987],[105.9088,23.7071],[105.9531,23.7306],[106.0122,23.7597],[106.0322,23.7736],[106.0838,23.8182],[106.0908,23.8233],[106.1208,23.8412],[106.1331,23.8465],[106.162,23.8565],[106.2193,23.8727],[106.2381,23.877],[106.3822,23.8942],[106.4024,23.8944],[106.4251,23.8936],[106.4744,23.8899],[106.5118,23.899],[106.5611,23.927],[106.5703,23.9299],[106.5853,23.9314],[106.6016,23.9309],[106.6075,23.9302],[106.6116,23.9294],[106.6171,23.9272],[106.6234,23.9232],[106.6276,23.9198],[106.6459,23.9014]]}},{"type":"Feature","properties":{"daily_trains":79.4,"path_trains":79.43},"geometry":{"type":"LineString","coordinates":[[102.8644,24.867],[102.8685,24.8607],[102.8727,24.8562],[102.88,24.8508],[102.8885,24.8458],[102.9018,24.8401],[102.9394,24.8273],[102.9508,24.8251],[102.9619,24.8245],[102.9705,24.8256],[102.9959,24.8311],[103.0095,24.8315],[103.0665,24.8222],[103.0728,24.8203],[103.0881,24.8144],[103.0942,24.8112],[103.1001,24.8068],[103.1625,24.7467],[103.1695,24.7384],[103.183,24.7143],[103.1877,24.7072],[103.196,24.699],[103.2216,24.6819],[103.229,24.6751],[103.2719,24.618],[103.2783,24.6104],[103.3905,24.5105],[103.3972,24.5025],[103.399,24.4986],[103.4003,24.4938],[103.4008,24.4879],[103.4004,24.4817],[103.3793,24.3985],[103.3782,24.3896],[103.3801,24.38],[103.3844,24.3705],[103.4031,24.3456]]}},{"type":"Feature","properties":{"daily_trains":85.7,"path_trains":85.71},"geometry":{"type":"LineString","coordinates":[[100.564,25.4491],[100.5438,25.4643],[100.5289,25.4795],[100.5227,25.4836],[100.516,25.487],[100.5086,25.4896],[100.462,25.497],[100.4536,25.499],[100.3781,25.5251],[100.371,25.5281],[100.365,25.5321],[100.3566,25.5431],[100.3524,25.5467],[100.3462,25.5494],[100.3359,25.5509],[100.3324,25.5522],[100.3302,25.5538],[100.3258,25.562],[100.3102,25.5817],[100.307,25.587],[100.2877,25.5996],[100.2803,25.6017],[100.2766,25.6017],[100.2561,25.5945]]}},{"type":"Feature","properties":{"daily_trains":176.9,"path_trains":176.86},"geometry":{"type":"LineString","coordinates":[[102.8644,24.867],[102.8569,24.8838],[102.8549,24.8933]]}},{"type":"Feature","properties":{"daily_trains":87.7,"path_trains":87.71},"geometry":{"type":"LineString","coordinates":[[101.7408,25.1773],[101.7443,25.1768],[101.7496,25.1749],[101.7716,25.1632]]}},{"type":"Feature","properties":{"daily_trains":87.7,"path_trains":87.71},"geometry":{"type":"LineString","coordinates":[[102.8142,24.9964],[102.8149,24.997],[102.8162,25.0034],[102.8233,25.0103],[102.8257,25.0114],[102.831,25.0114],[102.8336,25.0141]]}},{"type":"Feature","properties":{"daily_trains":87.7,"path_trains":0.0},"geometry":{"type":"LineString","coordinates":[[102.8336,25.0141],[102.8334,25.0137]]}},{"type":"Feature","properties":{"daily_trains":53.1,"path_trains":53.14},"geometry":{"type":"LineString","coordinates":[[106.6459,23.9014],[106.6459,23.9014]]}},{"type":"Feature","properties":{"daily_trains":79.4,"path_trains":79.43},"geometry":{"type":"LineString","coordinates":[[103.403,24.3456],[103.4031,24.3456]]}},{"type":"Feature","properties":{"daily_trains":58.3,"path_trains":58.28},"geometry":{"type":"LineString","coordinates":[[111.5609,26.4113],[111.5652,26.4177],[111.5672,26.4254],[111.5671,26.4299],[111.5649,26.4393],[111.5646,26.4443],[111.5654,26.4724],[111.5662,26.4804],[111.5675,26.4848],[111.5704,26.49],[111.5764,26.496],[111.5903,26.5035],[111.5961,26.506],[111.6389,26.5162],[111.6569,26.5223],[111.6772,26.5339],[111.6837,26.5357],[111.6966,26.5378],[111.7064,26.5418],[111.7133,26.5472],[111.7219,26.5576],[111.7254,26.5607],[111.759,26.585],[111.7649,26.5886],[111.7758,26.5934],[111.7865,26.5965],[111.8,26.5991],[111.8082,26.602],[111.8528,26.6283],[111.8583,26.6322],[111.8783,26.6493],[112.028,26.7518],[112.0382,26.7573],[112.0467,26.7597],[112.1112,26.7717],[112.1343,26.7732],[112.1434,26.7748],[112.2055,26.7973],[112.2435,26.8063],[112.2643,26.816],[112.2776,26.8203],[112.3034,26.8265],[112.3479,26.8336],[112.3805,26.8457],[112.3882,26.8474],[112.4419,26.8543],[112.5053,26.8589],[112.5131,26.8588],[112.5231,26.857],[112.5661,26.8413],[112.5838,26.8364]]}},{"type":"Feature","properties":{"daily_trains":58.3,"path_trains":195.78},"geometry":{"type":"LineString","coordinates":[[112.5838,26.8364],[112.5975,26.8332],[112.6373,26.828],[112.6653,26.8279],[112.678,26.8288],[112.686,26.8307],[112.6942,26.8339],[112.699,26.8377],[112.702,26.8418],[112.7037,26.8458],[112.7051,26.8534],[112.7059,26.8634],[112.7053,26.9121]]}},{"type":"Feature","properties":{"daily_trains":58.3,"path_trains":58.28},"geometry":{"type":"LineString","coordinates":[[112.5838,26.8364],[112.5838,26.8364]]}},{"type":"Feature","properties":{"daily_trains":58.3,"path_trains":333.42},"geometry":{"type":"LineString","coordinates":[[112.7055,26.8938],[112.7055,26.8939]]}},{"type":"Feature","properties":{"daily_trains":44.0,"path_trains":44.0},"geometry":{"type":"LineString","coordinates":[[111.5609,26.4113],[111.5609,26.4113]]}},{"type":"Feature","properties":{"daily_trains":31.4,"path_trains":31.43},"geometry":{"type":"LineString","coordinates":[[111.7504,27.2788],[111.7749,27.281],[111.7809,27.2809],[111.7903,27.2789],[111.7963,27.2762],[111.8312,27.2539],[111.8375,27.2487],[111.8653,27.2146],[111.8743,27.2059],[111.8831,27.2005],[111.9041,27.1913],[111.9152,27.188],[111.9415,27.1845],[111.9696,27.1792],[111.984,27.1751],[112.0307,27.1678],[112.0406,27.165],[112.0803,27.1461],[112.0987,27.1399],[112.1424,27.1219],[112.1653,27.1106],[112.1837,27.1047],[112.2154,27.098],[112.2244,27.0948],[112.2319,27.0911],[112.2876,27.0584],[112.3107,27.0482],[112.3352,27.035],[112.3732,27.0213],[112.4057,27.0122],[112.4503,26.998],[112.4634,26.9932],[112.4714,26.9886],[112.4777,26.986],[112.4834,26.9849],[112.4896,26.9847],[112.5603,26.9947],[112.6293,26.9948],[112.6592,26.997],[112.6645,26.9964],[112.6717,26.994],[112.7168,26.9767],[112.7242,26.9733]]}},{"type":"Feature","properties":{"daily_trains":31.4,"path_trains":175.86},"geometry":{"type":"LineString","coordinates":[[112.7242,26.9733],[112.7308,26.9688],[112.746,26.9565],[112.7483,26.9519],[112.749,26.9477],[112.7477,26.9457],[112.7451,26.9444],[112.7314,26.9447],[112.7168,26.941],[112.7123,26.9391],[112.7058,26.9345],[112.7035,26.9309],[112.7028,26.927],[112.703,26.9221],[112.7051,26.9128],[112.7054,26.906]]}},{"type":"Feature","properties":{"daily_trains":31.4,"path_trains":78.57},"geometry":{"type":"LineString","coordinates":[[111.7506,27.2792],[111.7504,27.2788]]}},{"type":"Feature","properties":{"daily_trains":148.7,"path_trains":147.71},"geometry":{"type":"LineString","coordinates":[[125.6568,44.5231],[125.6943,44.5838],[125.7244,44.6172],[125.7311,44.627],[125.7347,44.6345],[125.7379,44.6471],[125.7381,44.6698],[125.7392,44.6765],[125.7418,44.6846],[125.7465,44.6932],[125.8024,44.7613],[125.9726,44.9657],[126.054,45.0962],[126.0882,45.1432],[126.0938,45.1517],[126.1127,45.1874],[126.1195,45.1978],[126.1838,45.2862],[126.2478,45.4011],[126.2558,45.4137],[126.3408,45.5192],[126.3559,45.5368],[126.3619,45.5424],[126.3689,45.5476],[126.4172,45.581],[126.4888,45.6191],[126.5,45.6267],[126.5225,45.6474],[126.5469,45.6773],[126.5837,45.7173],[126.587,45.7199],[126.594,45.7234],[126.5971,45.7258],[126.6144,45.7452],[126.617,45.7494],[126.6278,45.7619]]}},{"type":"Feature","properties":{"daily_trains":27.3,"path_trains":218.29},"geometry":{"type":"LineString","coordinates":[[125.27,43.9161],[125.257,43.9171],[125.2532,43.9187],[125.2501,43.9213],[125.2485,43.9239],[125.2479,43.9271],[125.2511,43.9368]]}},{"type":"Feature","properties":{"daily_trains":148.7,"path_trains":148.71},"geometry":{"type":"LineString","coordinates":[[125.6568,44.5231],[125.6569,44.5231]]}},{"type":"Feature","properties":{"daily_trains":94.0,"path_trains":94.0},"geometry":{"type":"LineString","coordinates":[[119.5947,39.9651],[119.6031,39.9652],[119.6077,39.9643],[119.6181,39.958]]}},{"type":"Feature","properties":{"daily_trains":130.6,"path_trains":130.57},"geometry":{"type":"LineString","coordinates":[[117.7524,39.2316],[117.7768,39.2529],[117.7842,39.2581],[117.803,39.2693],[117.8132,39.2774],[117.8492,39.3173],[117.8556,39.3259],[117.8595,39.3329],[117.8625,39.3409],[117.868,39.3602],[117.8729,39.3716],[117.8789,39.3811],[117.8862,39.3895],[117.9237,39.4238],[118.0224,39.5023],[118.0603,39.5363],[118.0839,39.5631],[118.1042,39.5894],[118.1076,39.5952],[118.1105,39.6033],[118.1115,39.6101],[118.1126,39.6439],[118.1089,39.6655],[118.1087,39.6753],[118.1108,39.6861],[118.1205,39.7119],[118.1243,39.7188],[118.1307,39.727],[118.1567,39.7532],[118.1666,39.7612],[118.1788,39.7678],[118.2159,39.7805],[118.2455,39.786],[118.256,39.7889],[118.3137,39.8133],[118.3991,39.8427],[118.414,39.8464],[118.4291,39.8481],[118.5474,39.8521],[118.601,39.8559],[118.7551,39.8488],[118.7673,39.8496],[118.8011,39.8552],[118.8147,39.8566],[118.9711,39.8598],[119.0687,39.8541],[119.2117,39.8326],[119.3327,39.8264],[119.3439,39.8263],[119.3541,39.8271],[119.3673,39.8295],[119.3748,39.8317],[119.3849,39.8357],[119.4322,39.8613],[119.4403,39.8675],[119.4468,39.8744],[119.4506,39.8802],[119.4624,39.9022],[119.4676,39.9089],[119.5114,39.9433],[119.516,39.9463],[119.5196,39.9478],[119.5319,39.9501],[119.5365,39.9516],[119.5574,39.9624],[119.5618,39.9636],[119.5667,39.9641]]}},{"type":"Feature","properties":{"daily_trains":98.0,"path_trains":97.0},"geometry":{"type":"LineString","coordinates":[[119.7213,39.979],[119.7282,39.9824],[119.733,39.9856],[119.7531,39.9955],[119.7712,40.0028],[119.7779,40.0061],[119.7887,40.0102],[119.8172,40.0181],[119.8243,40.0211],[119.8311,40.0263],[119.8344,40.0302],[119.8559,40.0681],[119.8604,40.0746],[119.8665,40.0808],[119.8756,40.0874],[119.9715,40.1335],[119.9808,40.1399],[119.9934,40.1509],[120.0167,40.1675],[120.0353,40.1767],[120.1043,40.214],[120.1112,40.2183],[120.1263,40.2295],[120.131,40.2322],[120.1687,40.252],[120.1863,40.2591],[120.1928,40.2625],[120.2128,40.2764],[120.2472,40.2966],[120.2718,40.3174],[120.2792,40.3226],[120.2922,40.3304],[120.3051,40.3405],[120.3507,40.3638],[120.3857,40.3793],[120.4153,40.3904],[120.4244,40.3954],[120.4483,40.4148],[120.4694,40.4287],[120.4824,40.4399],[120.507,40.4689],[120.5273,40.4912],[120.546,40.5134],[120.5635,40.5293],[120.5825,40.551],[120.5965,40.5616],[120.6007,40.5657],[120.6043,40.5709],[120.6074,40.5783],[120.6132,40.6051],[120.6158,40.6125],[120.6253,40.6256],[120.6416,40.6415],[120.6503,40.6549],[120.6555,40.6615],[120.68,40.6809],[120.7033,40.6938],[120.7235,40.7084],[120.7277,40.7131],[120.7351,40.7236],[120.7397,40.7285],[120.7694,40.7506],[120.7728,40.7537],[120.7842,40.7696],[120.7922,40.7792],[120.8035,40.7903],[120.8129,40.8007],[120.8187,40.8058],[120.8266,40.8114],[120.8619,40.8311],[120.8695,40.8347],[120.8919,40.842],[120.9022,40.8479],[120.917,40.8603],[120.9276,40.8676],[120.9426,40.8798],[120.9498,40.8844],[120.9604,40.8895],[120.9679,40.8946],[121.0064,40.9383],[121.012,40.9434],[121.02,40.9482],[121.0659,40.9718],[121.0801,40.9773],[121.0864,40.9806],[121.0928,40.9857],[121.108,41.0017],[121.1326,41.0255],[121.1357,41.0277],[121.1431,41.0318],[121.148,41.0335],[121.1536,41.0349],[121.1744,41.037],[121.1796,41.0382],[121.1874,41.0414],[121.1935,41.0454],[121.2034,41.0536],[121.2232,41.0763],[121.2302,41.0818],[121.2368,41.0852],[121.2522,41.0916],[121.2733,41.0957],[121.2821,41.0986],[121.3336,41.1221],[121.3407,41.1262],[121.3581,41.1391],[121.3745,41.1543]]}},{"type":"Feature","properties":{"daily_trains":53.4,"path_trains":48.93},"geometry":{"type":"LineString","coordinates":[[118.1148,39.6978],[118.1116,39.6911],[118.108,39.6877],[118.103,39.6851],[118.0945,39.684],[118.0442,39.6936],[118.0046,39.6957],[117.9945,39.6959],[117.9856,39.6954],[117.9532,39.6908],[117.9026,39.6883],[117.8668,39.6904],[117.8288,39.6953],[117.789,39.6971],[117.7792,39.6969],[117.6673,39.6869],[117.638,39.6817],[117.4656,39.6596],[117.4547,39.6589],[117.4281,39.6587],[117.4133,39.6575],[117.3449,39.6452],[117.3344,39.6448],[117.3246,39.6456],[117.3181,39.6468],[117.3069,39.6502],[117.2501,39.6744],[117.2024,39.6879],[117.0975,39.7057],[117.0876,39.7085],[117.0693,39.7153],[117.0583,39.718],[117.045,39.7189],[117.0075,39.7173],[116.9983,39.7175],[116.9862,39.7201],[116.9803,39.7224],[116.9746,39.7255],[116.9699,39.7289],[116.9655,39.7333],[116.9625,39.7373],[116.9595,39.7429],[116.9496,39.7697],[116.9423,39.7949],[116.9413,39.8012],[116.9417,39.8149],[116.9406,39.8213],[116.9381,39.8272],[116.9254,39.8485],[116.9228,39.8553],[116.9184,39.8709],[116.916,39.8749],[116.911,39.8801],[116.8866,39.8964],[116.8811,39.9018],[116.8784,39.906],[116.8766,39.9107],[116.8749,39.9277],[116.8737,39.9316],[116.8697,39.9371],[116.8635,39.9412],[116.8565,39.9432],[116.8498,39.9436],[116.765,39.9346],[116.7188,39.9232],[116.714,39.9207],[116.7054,39.9132]]}},{"type":"Feature","properties":{"daily_trains":28.4,"path_trains":28.43},"geometry":{"type":"LineString","coordinates":[[116.5082,39.9004],[116.5231,39.9009],[116.5287,39.9006],[116.5395,39.9014],[116.5707,39.8986],[116.5802,39.8985],[116.5945,39.8955],[116.6403,39.8964],[116.6666,39.8957],[116.6857,39.8989],[116.6938,39.9047]]}},{"type":"Feature","properties":{"daily_trains":61.6,"path_trains":61.57},"geometry":{"type":"LineString","coordinates":[[122.5731,40.8472],[122.5799,40.8553],[122.5816,40.8586],[122.5818,40.8633],[122.5793,40.8683],[122.5419,40.8969],[122.4994,40.942],[122.4865,40.9527],[122.4493,40.9819],[122.4364,40.989],[122.4179,40.9961],[122.4076,41.0011],[122.3978,41.0074],[122.3783,41.0244],[122.3642,41.0327],[122.2011,41.0984],[122.1154,41.1397],[122.0971,41.1472],[122.0888,41.1517],[122.0776,41.1605],[122.0718,41.1676],[122.0692,41.1721],[122.052,41.2092],[122.0451,41.2207],[122.0375,41.229],[122.0202,41.2449],[121.9442,41.296],[121.8514,41.3468],[121.8444,41.3484],[121.8386,41.3479]]}},{"type":"Feature","properties":{"daily_trains":126.3,"path_trains":126.28},"geometry":{"type":"LineString","coordinates":[[121.8252,41.3421],[121.7633,41.3177],[121.7123,41.3011],[121.6354,41.2661],[121.6072,41.2568],[121.5329,41.2182],[121.5233,41.2151],[121.5052,41.2108],[121.4889,41.2036],[121.4828,41.2015],[121.462,41.1983],[121.4527,41.1953],[121.4362,41.1868],[121.3914,41.1674],[121.3847,41.1634],[121.3767,41.1564]]}},{"type":"Feature","properties":{"daily_trains":42.4,"path_trains":53.0},"geometry":{"type":"LineString","coordinates":[[116.5033,39.9367],[116.5033,39.9141],[116.5049,39.9119],[116.5091,39.9104],[116.5111,39.9088],[116.5115,39.9037],[116.51,39.9015],[116.5065,39.9005],[116.4811,39.9011],[116.4729,39.9007],[116.4639,39.8991],[116.4551,39.9],[116.4468,39.8991],[116.442,39.8999],[116.437,39.8993],[116.4352,39.8979],[116.4345,39.8931],[116.43,39.8884],[116.425,39.8779],[116.4153,39.8706]]}},{"type":"Feature","properties":{"daily_trains":134.9,"path_trains":134.86},"geometry":{"type":"LineString","coordinates":[[121.6232,39.0238],[121.629,39.0293],[121.6327,39.0386],[121.6328,39.0581],[121.6342,39.0618],[121.6369,39.0643],[121.6494,39.0713],[121.6608,39.0819],[121.6772,39.0927],[121.6826,39.0974],[121.6869,39.1033],[121.6891,39.1086],[121.6917,39.1255],[121.6943,39.1323],[121.7069,39.1495],[121.7217,39.1728],[121.7278,39.1802],[121.7358,39.1872],[121.7671,39.2067],[121.777,39.2151],[121.7842,39.2233],[121.7958,39.2386],[121.8008,39.247],[121.804,39.2546],[121.8063,39.2639],[121.8071,39.2733],[121.8038,39.3023],[121.8041,39.31],[121.8049,39.3158],[121.8124,39.3445],[121.8137,39.3535],[121.8139,39.3608],[121.806,39.415],[121.8066,39.436],[121.8059,39.4462],[121.8042,39.4544],[121.7939,39.4911],[121.793,39.4971],[121.7929,39.5085],[121.8006,39.5474],[121.8072,39.5758],[121.8273,39.6259],[121.8312,39.6394],[121.8357,39.6751],[121.8338,39.7017],[121.8335,39.7158],[121.8336,39.7362],[121.8344,39.7429],[121.837,39.7521],[121.8399,39.7597],[121.8612,39.8133],[121.9329,39.9361],[121.9575,39.9897],[121.9826,40.0366],[121.9884,40.0461],[121.9959,40.0557],[122.003,40.0661],[122.0125,40.0837],[122.0156,40.0882],[122.054,40.1309],[122.0591,40.1372],[122.1023,40.2052],[122.109,40.2127],[122.1142,40.217],[122.1227,40.2229],[122.1385,40.2319],[122.148,40.2389],[122.153,40.2437],[122.1658,40.2587],[122.1845,40.2749],[122.2052,40.2972],[122.2123,40.3077],[122.2209,40.3218],[122.2343,40.3488],[122.2831,40.4241],[122.3066,40.4538],[122.3575,40.5004],[122.3779,40.5276],[122.3868,40.5411],[122.4017,40.5719],[122.4171,40.5992],[122.4198,40.6063],[122.428,40.64],[122.4315,40.6487],[122.4373,40.658],[122.4621,40.6864],[122.4703,40.6971],[122.5167,40.7823],[122.5215,40.7897],[122.588,40.8633],[122.6017,40.8738],[122.632,40.8923],[122.6409,40.8995],[122.6476,40.9063]]}},{"type":"Feature","properties":{"daily_trains":94.0,"path_trains":94.0},"geometry":{"type":"LineString","coordinates":[[119.7228,39.9797],[119.7132,39.9751],[119.7026,39.9721],[119.696,39.9684],[119.6848,39.9648],[119.6715,39.9621],[119.6632,39.9593],[119.6214,39.9578],[119.6181,39.9581]]}},{"type":"Feature","properties":{"daily_trains":136.6,"path_trains":136.57},"geometry":{"type":"LineString","coordinates":[[122.6593,40.9184],[122.6477,40.9062]]}},{"type":"Feature","properties":{"daily_trains":63.6,"path_trains":63.57},"geometry":{"type":"LineString","coordinates":[[116.4314,39.9004],[116.4287,39.9007]]}},{"type":"Feature","properties":{"daily_trains":130.6,"path_trains":130.57},"geometry":{"type":"LineString","coordinates":[[119.5947,39.9651],[119.5834,39.9654],[119.5674,39.9644]]}},{"type":"Feature","properties":{"daily_trains":63.6,"path_trains":63.57},"geometry":{"type":"LineString","coordinates":[[116.4314,39.9003],[116.4314,39.9004]]}},{"type":"Feature","properties":{"daily_trains":18.4,"path_trains":130.57},"geometry":{"type":"LineString","coordinates":[[118.113,39.6924],[118.1169,39.7032]]}},{"type":"Feature","properties":{"daily_trains":136.6,"path_trains":136.57},"geometry":{"type":"LineString","coordinates":[[122.6592,40.9184],[122.6593,40.9184]]}},{"type":"Feature","properties":{"daily_trains":63.6,"path_trains":63.57},"geometry":{"type":"LineString","coordinates":[[116.435,39.8975],[116.4348,39.8975],[116.4317,39.9003],[116.4338,39.8994],[116.4348,39.8975]]}},{"type":"Feature","properties":{"daily_trains":94.0,"path_trains":94.0},"geometry":{"type":"LineString","coordinates":[[119.6181,39.958],[119.6181,39.9581]]}},{"type":"Feature","properties":{"daily_trains":26.4,"path_trains":130.57},"geometry":{"type":"LineString","coordinates":[[118.1148,39.6978],[118.1149,39.6977]]}},{"type":"Feature","properties":{"daily_trains":28.4,"path_trains":42.43},"geometry":{"type":"LineString","coordinates":[[116.5073,39.9002],[116.5081,39.9001]]}},{"type":"Feature","properties":{"daily_trains":123.1,"path_trains":126.28},"geometry":{"type":"LineString","coordinates":[[121.3767,41.1564],[121.3745,41.1543]]}},{"type":"Feature","properties":{"daily_trains":30.1,"path_trains":133.86},"geometry":{"type":"LineString","coordinates":[[122.576,40.8506],[122.5761,40.8505]]}},{"type":"Feature","properties":{"daily_trains":49.1,"path_trains":126.28},"geometry":{"type":"LineString","coordinates":[[121.8386,41.3479],[121.8252,41.3421]]}},{"type":"Feature","properties":{"daily_trains":28.4,"path_trains":42.43},"geometry":{"type":"LineString","coordinates":[[116.5081,39.9001],[116.5082,39.9004]]}},{"type":"Feature","properties":{"daily_trains":94.0,"path_trains":94.0},"geometry":{"type":"LineString","coordinates":[[119.7213,39.979],[119.7228,39.9797]]}},{"type":"Feature","properties":{"daily_trains":130.6,"path_trains":130.57},"geometry":{"type":"LineString","coordinates":[[119.5666,39.9642],[119.5674,39.9644]]}},{"type":"Feature","properties":{"daily_trains":28.4,"path_trains":42.43},"geometry":{"type":"LineString","coordinates":[[116.5074,39.9005],[116.5073,39.9002]]}},{"type":"Feature","properties":{"daily_trains":1.0,"path_trains":134.57},"geometry":{"type":"LineString","coordinates":[[122.6503,40.9089],[122.6383,40.8974],[122.6295,40.8906],[122.5935,40.8691],[122.5879,40.8681],[122.582,40.8686],[122.5773,40.8707],[122.5691,40.8764]]}},{"type":"Feature","properties":{"daily_trains":71.0,"path_trains":71.0},"geometry":{"type":"LineString","coordinates":[[121.8252,41.3422],[121.8442,41.3493],[121.8609,41.3524],[121.8724,41.3525],[121.9095,41.3495],[121.9239,41.3491],[122.146,41.3604],[122.1795,41.366],[122.2717,41.3922],[122.319,41.4075],[122.3518,41.4205],[122.4071,41.4376],[122.5382,41.4847],[122.549,41.4894],[122.5722,41.5014],[122.5834,41.5055],[122.5941,41.5078],[122.6029,41.5087],[122.6382,41.5081],[122.6476,41.5093],[122.6576,41.5116],[122.6675,41.5154],[122.6877,41.5264],[122.7168,41.5371],[122.7945,41.5703],[122.8079,41.5772],[122.8355,41.595],[122.8467,41.5996],[122.8661,41.6053],[122.8759,41.6098],[122.9439,41.6492],[123.0362,41.7116],[123.062,41.7271],[123.0971,41.7526],[123.1436,41.7779],[123.1711,41.7967],[123.1785,41.8012],[123.1871,41.8054],[123.239,41.8266],[123.2496,41.8329],[123.2638,41.844],[123.2736,41.8491],[123.2826,41.8518],[123.2947,41.8539],[123.299,41.8541],[123.3045,41.8533],[123.3108,41.8503],[123.3284,41.8357],[123.3524,41.8212],[123.3988,41.8095],[123.4062,41.809],[123.4121,41.8122]]}},{"type":"Feature","properties":{"daily_trains":2.0,"path_trains":2.0},"geometry":{"type":"LineString","coordinates":[[103.9762,30.6959],[103.9769,30.6993],[103.9783,30.7017],[103.9813,30.7057],[103.986,30.7098],[103.9983,30.7265],[104.0056,30.7335],[104.0086,30.7355]]}},{"type":"Feature","properties":{"daily_trains":1.0,"path_trains":84.0},"geometry":{"type":"LineString","coordinates":[[103.9785,30.6788],[103.9804,30.6633],[103.9815,30.66],[103.9831,30.6576],[103.9952,30.6448]]}},{"type":"Feature","properties":{"daily_trains":1.0,"path_trains":405.72},"geometry":{"type":"LineString","coordinates":[[104.1344,30.6234],[104.1338,30.6223]]}},{"type":"Feature","properties":{"daily_trains":6.0,"path_trains":405.72},"geometry":{"type":"LineString","coordinates":[[104.1312,30.6186],[104.1308,30.6187]]}},{"type":"Feature","properties":{"daily_trains":1.0,"path_trains":405.72},"geometry":{"type":"LineString","coordinates":[[104.134,30.6235],[104.1344,30.6234]]}},{"type":"Feature","properties":{"daily_trains":1.0,"path_trains":405.72},"geometry":{"type":"LineString","coordinates":[[104.134,30.6235],[104.1353,30.6259]]}},{"type":"Feature","properties":{"daily_trains":1.0,"path_trains":405.72},"geometry":{"type":"LineString","coordinates":[[104.1338,30.6223],[104.1339,30.6222]]}},{"type":"Feature","properties":{"daily_trains":1.0,"path_trains":30.14},"geometry":{"type":"LineString","coordinates":[[103.9784,30.6788],[103.9785,30.6788]]}},{"type":"Feature","properties":{"daily_trains":1.0,"path_trains":1.0},"geometry":{"type":"LineString","coordinates":[[105.5477,30.5461],[105.5615,30.5472],[105.5729,30.5502],[105.579,30.5529],[105.5846,30.5564],[105.5932,30.564],[105.5989,30.5718],[105.611,30.5999],[105.6188,30.6137],[105.6207,30.6187],[105.6236,30.6303],[105.6287,30.6398],[105.6344,30.6474],[105.6416,30.6554],[105.647,30.6602],[105.6523,30.6635],[105.6642,30.6684],[105.6778,30.6767],[105.685,30.6794],[105.718,30.6843],[105.7349,30.6853],[105.7453,30.6882],[105.7508,30.6909],[105.7703,30.7032],[105.7939,30.7241],[105.8,30.7277],[105.8054,30.7296],[105.818,30.7314],[105.8391,30.7311],[105.8484,30.7305],[105.8617,30.7282],[105.8687,30.7277],[105.8774,30.7288],[105.8852,30.7313],[105.8958,30.7359],[105.9022,30.7397],[105.9133,30.7484],[105.9257,30.7561],[105.9386,30.7678],[105.9458,30.7727],[105.9695,30.7834],[105.9885,30.7969],[105.9937,30.7998],[106.0269,30.8139],[106.0308,30.8165],[106.0333,30.82]]}},{"type":"Feature","properties":{"daily_trains":1.0,"path_trains":14.0},"geometry":{"type":"LineString","coordinates":[[106.0336,30.8199],[106.0333,30.82]]}},{"type":"Feature","properties":{"daily_trains":1.0,"path_trains":18.14},"geometry":{"type":"LineString","coordinates":[[105.5477,30.5462],[105.5477,30.5461]]}},{"type":"Feature","properties":{"daily_trains":1.0,"path_trains":18.14},"geometry":{"type":"LineString","coordinates":[[105.5471,30.546],[105.5471,30.5462]]}},{"type":"Feature","properties":{"daily_trains":79.7,"path_trains":75.72},"geometry":{"type":"LineString","coordinates":[[123.9863,47.3322],[123.9711,47.3025],[123.9616,47.269],[123.9409,47.2213],[123.9352,47.2123],[123.9219,47.1985],[123.9181,47.1938],[123.9142,47.1868],[123.9119,47.1796],[123.9112,47.173],[123.9119,47.1661],[123.9216,47.1288],[123.9244,47.1227],[123.9279,47.1173],[123.9338,47.1109],[123.9388,47.1068],[123.9494,47.1004],[124.0185,47.068],[124.2216,46.9694],[124.2306,46.9655],[124.2558,46.957],[124.5047,46.8386],[124.6754,46.7569],[124.7078,46.7373],[124.8503,46.6701],[124.8776,46.6565],[124.9659,46.6155],[125.0364,46.5814],[125.0724,46.5592],[125.1877,46.4853],[125.5352,46.2545],[125.5458,46.2487],[125.562,46.2422]]}},{"type":"Feature","properties":{"daily_trains":79.7,"path_trains":79.72},"geometry":{"type":"LineString","coordinates":[[125.562,46.2422],[125.5725,46.2386],[125.6115,46.2288],[125.6202,46.2261],[125.9326,46.1016],[125.9438,46.0977],[125.9606,46.0931],[125.9721,46.0886],[125.9826,46.0824],[126.1046,46.0009],[126.1137,45.9959],[126.1244,45.9914],[126.148,45.9823],[126.279,45.9463],[126.3083,45.9367],[126.3926,45.9151],[126.4068,45.9099],[126.4426,45.8912],[126.4694,45.8803],[126.4761,45.8763],[126.4898,45.8668],[126.4963,45.8631],[126.5946,45.8198],[126.5996,45.8167],[126.6034,45.8126],[126.6171,45.7897],[126.6292,45.7658],[126.6289,45.7635],[126.6257,45.7606],[126.6211,45.7548]]}},{"type":"Feature","properties":{"daily_trains":79.7,"path_trains":207.43},"geometry":{"type":"LineString","coordinates":[[126.6214,45.7549],[126.6211,45.7543]]}},{"type":"Feature","properties":{"daily_trains":79.7,"path_trains":79.72},"geometry":{"type":"LineString","coordinates":[[125.562,46.2422],[125.562,46.2422]]}},{"type":"Feature","properties":{"daily_trains":79.7,"path_trains":207.43},"geometry":{"type":"LineString","coordinates":[[126.6214,45.7549],[126.6211,45.7548]]}},{"type":"Feature","properties":{"daily_trains":79.7,"path_trains":207.43},"geometry":{"type":"LineString","coordinates":[[126.6211,45.7543],[126.6212,45.7542]]}},{"type":"Feature","properties":{"daily_trains":32.4,"path_trains":79.72},"geometry":{"type":"LineString","coordinates":[[125.3278,46.3924],[125.3278,46.3924]]}},{"type":"Feature","properties":{"daily_trains":14.6,"path_trains":166.71},"geometry":{"type":"LineString","coordinates":[[104.096,30.6073],[104.096,30.6071]]}},{"type":"Feature","properties":{"daily_trains":6.4,"path_trains":423.29},"geometry":{"type":"LineString","coordinates":[[104.1119,30.6022],[104.1126,30.5988],[104.1178,30.5941]]}},{"type":"Feature","properties":{"daily_trains":6.4,"path_trains":278.14},"geometry":{"type":"LineString","coordinates":[[104.1178,30.5941],[104.1178,30.5941]]}},{"type":"Feature","properties":{"daily_trains":77.3,"path_trains":77.29},"geometry":{"type":"LineString","coordinates":[[128.024,45.1331],[128.0258,45.1214],[128.0294,45.1129],[128.0366,45.1044],[128.0445,45.0984],[128.0535,45.0939],[128.1076,45.0737],[128.154,45.055],[128.1701,45.0478],[128.1826,45.0382],[128.1968,45.0256],[128.2051,45.0203],[128.2435,45.0018],[128.2582,44.9939],[128.2681,44.9875],[128.2863,44.9723],[128.2931,44.9676],[128.3768,44.9213],[128.3945,44.9163],[128.4258,44.9124],[128.4531,44.9106],[128.4899,44.9092],[128.5132,44.9094],[128.6104,44.9076],[128.6902,44.9028],[128.7581,44.908],[128.7772,44.9078],[128.8095,44.9067],[128.8284,44.9032],[128.8397,44.8994],[128.8549,44.8927],[129.0251,44.8118],[129.0419,44.8054],[129.0741,44.7966],[129.1127,44.7844],[129.1286,44.7777],[129.134,44.7737],[129.1422,44.7645],[129.2019,44.7183],[129.2087,44.7125],[129.2462,44.6702]]}},{"type":"Feature","properties":{"daily_trains":77.3,"path_trains":77.29},"geometry":{"type":"LineString","coordinates":[[126.6277,45.7619],[126.6307,45.764],[126.6391,45.7653],[126.6456,45.7684],[126.6495,45.7724],[126.668,45.7885],[126.6935,45.7956],[126.7075,45.8014],[126.7218,45.8058],[126.8319,45.8298],[126.8422,45.8302],[126.8506,45.8292],[126.8599,45.8268],[126.8689,45.8227],[126.8743,45.819],[126.8784,45.8152],[126.8822,45.8101],[126.884,45.8066],[126.8856,45.798],[126.8845,45.7779],[126.8865,45.7678],[126.8918,45.7548],[126.9046,45.7274],[126.9079,45.7217],[126.9129,45.716],[126.9283,45.7033],[126.9344,45.6968],[126.9989,45.603],[127.0079,45.5951],[127.0503,45.5617],[127.0563,45.5552],[127.069,45.5365],[127.0767,45.5283],[127.1093,45.5005],[127.1601,45.4693],[127.2044,45.4371],[127.2413,45.4111],[127.289,45.3715],[127.335,45.3377],[127.3566,45.3245],[127.4255,45.2945],[127.437,45.2905]]}},{"type":"Feature","properties":{"daily_trains":77.3,"path_trains":77.29},"geometry":{"type":"LineString","coordinates":[[128.024,45.1331],[128.0219,45.1492],[128.0193,45.1573],[128.0158,45.1632],[128.0107,45.1689],[128.0059,45.1728],[128.0002,45.1764],[127.9884,45.1814],[127.9657,45.187],[127.9276,45.1998],[127.8923,45.2136],[127.8491,45.2261],[127.7542,45.2459],[127.7438,45.2471],[127.7288,45.2478],[127.7087,45.2481],[127.6952,45.2473],[127.6847,45.245],[127.634,45.2314],[127.6211,45.2299],[127.6063,45.2306],[127.594,45.2335],[127.5273,45.2547],[127.4608,45.2817],[127.437,45.2905]]}},{"type":"Feature","properties":{"daily_trains":77.3,"path_trains":39.0},"geometry":{"type":"LineString","coordinates":[[130.6359,46.7827],[130.7095,46.797],[130.7224,46.7987],[130.825,46.8003],[130.8368,46.7992],[130.8703,46.7936],[130.8799,46.7913],[130.9543,46.7672],[130.9638,46.765],[131.0292,46.7538],[131.039,46.7509],[131.0542,46.7446],[131.0631,46.7392],[131.0699,46.7321],[131.0877,46.6985],[131.0897,46.6925],[131.0897,46.6857],[131.0872,46.679],[131.0823,46.6728],[131.0753,46.6677],[131.0683,46.6644],[131.0482,46.6579],[130.9923,46.6452],[130.9458,46.6266],[130.9384,46.6225],[130.8429,46.5601],[130.8155,46.538],[130.8091,46.5302],[130.8005,46.5125],[130.7857,46.4916],[130.7808,46.4864],[130.7667,46.4746],[130.7606,46.4667],[130.7572,46.4585],[130.7533,46.4337],[130.7512,46.4273],[130.7253,46.3823],[130.7204,46.3748],[130.7097,46.3629],[130.6603,46.3206],[130.6543,46.3131],[130.6325,46.2813],[130.6283,46.2736],[130.6262,46.268],[130.6161,46.2331],[130.6085,46.152],[130.6081,46.1402],[130.6216,46.067],[130.6259,46.0575],[130.6544,46.0167],[130.6596,46.0067],[130.6629,45.9934],[130.6684,45.9486],[130.6701,45.9402],[130.726,45.8162],[130.7304,45.8084],[130.7355,45.8018],[130.7632,45.7733],[130.767,45.7678],[130.7694,45.7624],[130.776,45.7255],[130.7764,45.7159],[130.774,45.7057],[130.7645,45.6841],[130.7597,45.6585],[130.7592,45.6504],[130.7615,45.6422],[130.7741,45.6184],[130.7773,45.6103],[130.7782,45.5938],[130.7796,45.5815],[130.7791,45.5767],[130.7756,45.5635],[130.7761,45.5554],[130.7782,45.55],[130.7814,45.5452],[130.8018,45.5254],[130.806,45.5193],[130.8086,45.5135],[130.8103,45.5061],[130.816,45.4475],[130.8173,45.4418],[130.8192,45.4372],[130.8315,45.4189],[130.8368,45.4129],[130.8433,45.4068],[130.8729,45.3826],[130.8785,45.3764],[130.8817,45.37],[130.8828,45.363],[130.8818,45.356],[130.8786,45.3495],[130.8741,45.3441],[130.868,45.3394],[130.8429,45.3274],[130.783,45.2881],[130.7313,45.2672],[130.717,45.2627],[130.6309,45.247],[130.5771,45.2317],[130.563,45.2294],[130.5502,45.2296],[130.4267,45.2411],[130.4184,45.2412],[130.4103,45.2406],[130.342,45.2254],[130.3118,45.2152],[130.2686,45.2062],[130.2608,45.2034],[130.2534,45.1997],[130.2473,45.1955],[130.2427,45.1912],[130.2388,45.1864],[130.2359,45.1813],[130.2334,45.1731],[130.2307,45.149],[130.2278,45.1416],[130.2239,45.1357],[130.2168,45.1276],[130.2118,45.1231],[130.1795,45.1021],[130.1535,45.0801],[130.1449,45.0698],[130.1297,45.048],[130.1061,45.0238],[130.0853,44.9902],[130.0781,44.9817],[130.0719,44.9767],[130.0579,44.9669],[130.0029,44.9207],[129.9694,44.8852],[129.9158,44.8439],[129.8486,44.7847],[129.8417,44.78],[129.8009,44.759],[129.7802,44.747],[129.772,44.7412],[129.7634,44.7321],[129.7174,44.67],[129.7138,44.6661],[129.7089,44.6619],[129.7008,44.6571],[129.694,44.6544],[129.6761,44.649],[129.6706,44.6464],[129.6657,44.6432],[129.6537,44.6322],[129.6457,44.6198],[129.6256,44.5962],[129.6238,44.595],[129.6038,44.5896],[129.5944,44.5858],[129.5861,44.5845],[129.549,44.5729],[129.5359,44.5697],[129.5264,44.5686],[129.5182,44.5685],[129.5041,44.5701],[129.4958,44.572],[129.4894,44.5743],[129.4402,44.5963],[129.4279,44.6008],[129.4166,44.6027],[129.3852,44.6051],[129.351,44.6124],[129.3196,44.6159],[129.3068,44.6192],[129.2982,44.6231],[129.2921,44.627],[129.2695,44.645],[129.2462,44.6702]]}},{"type":"Feature","properties":{"daily_trains":77.3,"path_trains":77.29},"geometry":{"type":"LineString","coordinates":[[127.437,45.2905],[127.437,45.2905]]}},{"type":"Feature","properties":{"daily_trains":77.3,"path_trains":77.29},"geometry":{"type":"LineString","coordinates":[[129.2462,44.6702],[129.2462,44.6702]]}},{"type":"Feature","properties":{"daily_trains":12.0,"path_trains":12.0},"geometry":{"type":"LineString","coordinates":[[113.5694,30.4463],[113.5549,30.4329],[113.5503,30.4248],[113.5454,30.409],[113.5424,30.403],[113.5056,30.3545],[113.5031,30.3489],[113.502,30.3446],[113.5016,30.3279]]}},{"type":"Feature","properties":{"daily_trains":56.3,"path_trains":56.29},"geometry":{"type":"LineString","coordinates":[[130.6359,46.7827],[130.5927,46.7744],[130.579,46.7733],[130.5643,46.7746],[130.5178,46.7847],[130.5097,46.7858],[130.4993,46.7857],[130.4793,46.7833],[130.4386,46.7829],[130.4351,46.7837],[130.4324,46.7852],[130.4289,46.7894],[130.4232,46.7936],[130.4204,46.7973],[130.4136,46.8019],[130.406,46.8038],[130.4006,46.8066],[130.3967,46.8071],[130.372,46.8012],[130.35,46.7948],[130.3469,46.7928],[130.3298,46.7778],[130.3235,46.7744],[130.3147,46.7716],[130.3034,46.7705],[130.2325,46.772],[130.224,46.7709],[130.2137,46.7672],[130.2067,46.7626],[130.2027,46.7584],[130.1995,46.7525],[130.1979,46.7449],[130.1959,46.7402],[130.1908,46.7338],[130.1857,46.7299],[130.1486,46.7093],[130.1423,46.7064],[130.1354,46.704],[130.0824,46.6906],[130.0699,46.6859],[130.0647,46.6831],[130.0011,46.6415],[129.9813,46.6315],[129.9731,46.626],[129.9564,46.6083],[129.9296,46.5875],[129.9094,46.5661],[129.8923,46.5521],[129.8682,46.5267],[129.8376,46.5049],[129.8227,46.4959],[129.8113,46.4862],[129.7714,46.4449],[129.7557,46.4278],[129.7492,46.4225],[129.7209,46.4035],[129.6884,46.376],[129.6426,46.3238],[129.6245,46.2958],[129.6196,46.2907],[129.6122,46.2852]]}},{"type":"Feature","properties":{"daily_trains":56.3,"path_trains":56.29},"geometry":{"type":"LineString","coordinates":[[126.6277,45.7619],[126.6306,45.7641],[126.639,45.7654],[126.6456,45.7684],[126.6497,45.7727],[126.668,45.7885],[126.6937,45.7958],[126.7119,45.8031],[126.7211,45.8057],[126.8269,45.8291],[126.8388,45.8306],[126.8485,45.8303],[126.8555,45.8293],[126.8878,45.8213],[126.9506,45.8147],[126.9969,45.806],[127.0766,45.793],[127.121,45.7892],[127.1666,45.7903],[127.1854,45.7893],[127.2823,45.7827],[127.293,45.7816],[127.335,45.7752],[127.407,45.7697],[127.4212,45.7694],[127.4329,45.7704],[127.4835,45.7774],[127.5383,45.7774],[127.5479,45.7782],[127.6132,45.7913],[127.6266,45.7928],[127.7259,45.7957],[127.7735,45.7964],[127.8374,45.7954],[127.9501,45.7852],[127.9625,45.7847],[128.0254,45.7889],[128.0483,45.7894],[128.0599,45.7909],[128.0863,45.7967],[128.1093,45.7996],[128.1272,45.8026],[128.1386,45.806],[128.1583,45.8142],[128.174,45.8186],[128.2096,45.8248],[128.2252,45.8264],[128.2359,45.8268],[128.3001,45.8236],[128.3169,45.8235],[128.3574,45.8173],[128.3704,45.8169],[128.4374,45.8229],[128.4688,45.828],[128.5143,45.8275],[128.5241,45.8283],[128.5886,45.8424],[128.7406,45.8647],[128.7752,45.8655],[128.9754,45.8666],[128.994,45.8683],[129.1,45.8931],[129.1083,45.8959],[129.1304,45.9068],[129.1809,45.9362],[129.2401,45.968],[129.2491,45.9735],[129.3296,46.0299],[129.3857,46.0751],[129.3916,46.0802],[129.4421,46.131],[129.4701,46.1577],[129.5176,46.205],[129.581,46.2632],[129.6123,46.2851]]}},{"type":"Feature","properties":{"daily_trains":56.3,"path_trains":56.29},"geometry":{"type":"LineString","coordinates":[[129.6122,46.2852],[129.6123,46.2851]]}},{"type":"Feature","properties":{"daily_trains":12.0,"path_trains":12.0},"geometry":{"type":"LineString","coordinates":[[129.6169,44.5934],[129.6235,44.5932],[129.6335,44.5882],[129.6366,44.5874],[129.6397,44.5877],[129.6508,44.591],[129.6553,44.5917],[129.6675,44.5914],[129.6738,44.59],[129.6846,44.5841],[129.6989,44.5726],[129.7168,44.5592],[129.7288,44.5521],[129.7345,44.5496],[129.7432,44.5471],[129.7548,44.5453],[129.7631,44.5448],[129.7722,44.5456],[129.7803,44.5476],[129.8121,44.5621],[129.8367,44.5687],[129.8842,44.5742],[129.9117,44.5756],[129.9191,44.5768],[129.9287,44.5802],[129.9445,44.5897],[129.9495,44.5919],[129.9875,44.6022],[130.0047,44.6047],[130.0154,44.6044],[130.0404,44.5993],[130.0938,44.5794],[130.1104,44.5746],[130.1193,44.5735],[130.153,44.5716],[130.1893,44.5677],[130.2103,44.5673],[130.2163,44.5678],[130.2223,44.569],[130.2426,44.5771],[130.2755,44.5867],[130.3205,44.5974],[130.3446,44.607]]}},{"type":"Feature","properties":{"daily_trains":12.0,"path_trains":12.0},"geometry":{"type":"LineString","coordinates":[[130.3708,44.6175],[130.3791,44.6206],[130.3875,44.6222],[130.4071,44.622],[130.4178,44.6202],[130.4231,44.6181],[130.4309,44.6139],[130.4591,44.5911],[130.4725,44.5826],[130.4782,44.5797],[130.5698,44.5483],[130.6816,44.5223],[130.6913,44.5179],[130.7212,44.4979],[130.7269,44.4948],[130.7341,44.4925],[130.7509,44.4892],[130.7675,44.484],[130.7745,44.4811],[130.7912,44.47],[130.8574,44.4299],[130.8644,44.4275],[130.8729,44.4261],[130.9036,44.4263]]}},{"type":"Feature","properties":{"daily_trains":12.0,"path_trains":12.0},"geometry":{"type":"LineString","coordinates":[[131.1206,44.4033],[131.1073,44.4036],[131.1012,44.4028],[131.0756,44.3929],[131.0393,44.3833],[131.0261,44.3824],[131.0011,44.3832],[130.993,44.385],[130.9844,44.3887],[130.9613,44.4077],[130.9484,44.4161],[130.9317,44.4241],[130.9211,44.4263]]}},{"type":"Feature","properties":{"daily_trains":12.0,"path_trains":12.0},"geometry":{"type":"LineString","coordinates":[[130.3708,44.6175],[130.3446,44.607]]}},{"type":"Feature","properties":{"daily_trains":12.0,"path_trains":12.0},"geometry":{"type":"LineString","coordinates":[[130.3708,44.6175],[130.3708,44.6175]]}},{"type":"Feature","properties":{"daily_trains":12.0,"path_trains":12.0},"geometry":{"type":"LineString","coordinates":[[130.9033,44.4265],[130.9211,44.4263]]}},{"type":"Feature","properties":{"daily_trains":12.0,"path_trains":12.0},"geometry":{"type":"LineString","coordinates":[[130.9033,44.4265],[130.9036,44.4263]]}},{"type":"Feature","properties":{"daily_trains":7.0,"path_trains":12.0},"geometry":{"type":"LineString","coordinates":[[130.8991,44.4264],[130.9013,44.4264]]}},{"type":"Feature","properties":{"daily_trains":12.0,"path_trains":12.0},"geometry":{"type":"LineString","coordinates":[[130.9211,44.4263],[130.9211,44.4263]]}},{"type":"Feature","properties":{"daily_trains":12.0,"path_trains":12.0},"geometry":{"type":"LineString","coordinates":[[130.3446,44.607],[130.3446,44.607]]}},{"type":"Feature","properties":{"daily_trains":77.7,"path_trains":268.43},"geometry":{"type":"LineString","coordinates":[[117.2542,32.0181],[117.2541,32.018]]}},{"type":"Feature","properties":{"daily_trains":200.1,"path_trains":200.14},"geometry":{"type":"LineString","coordinates":[[123.8083,42.3977],[123.8083,42.3977]]}},{"type":"Feature","properties":{"daily_trains":2.0,"path_trains":233.57},"geometry":{"type":"LineString","coordinates":[[114.2191,30.6058],[114.2173,30.6119],[114.2137,30.616],[114.2071,30.6195],[114.201,30.6199]]}},{"type":"Feature","properties":{"daily_trains":2.0,"path_trains":117.86},"geometry":{"type":"LineString","coordinates":[[114.2199,30.6033],[114.2192,30.6059]]}},{"type":"Feature","properties":{"daily_trains":2.0,"path_trains":233.57},"geometry":{"type":"LineString","coordinates":[[114.2191,30.6058],[114.2192,30.6059]]}},{"type":"Feature","properties":{"daily_trains":2.0,"path_trains":117.86},"geometry":{"type":"LineString","coordinates":[[114.2199,30.6033],[114.2201,30.6031]]}},{"type":"Feature","properties":{"daily_trains":2.0,"path_trains":224.57},"geometry":{"type":"LineString","coordinates":[[114.201,30.6199],[114.201,30.62]]}},{"type":"Feature","properties":{"daily_trains":10.9,"path_trains":394.42},"geometry":{"type":"LineString","coordinates":[[114.4587,30.5142],[114.4623,30.5227],[114.4627,30.5258],[114.4589,30.5355],[114.4558,30.5406]]}},{"type":"Feature","properties":{"daily_trains":10.9,"path_trains":380.42},"geometry":{"type":"LineString","coordinates":[[114.4558,30.5406],[114.4555,30.5404]]}},{"type":"Feature","properties":{"daily_trains":10.9,"path_trains":12.0},"geometry":{"type":"LineString","coordinates":[[114.2975,30.5007],[114.2976,30.501]]}},{"type":"Feature","properties":{"daily_trains":14.0,"path_trains":14.0},"geometry":{"type":"LineString","coordinates":[[108.3805,21.703],[108.3825,21.6968],[108.3825,21.6903],[108.3815,21.6863],[108.3744,21.6681],[108.3722,21.647],[108.3705,21.6431],[108.3672,21.6391],[108.3638,21.6365],[108.3598,21.6347],[108.3522,21.6337],[108.3271,21.6357],[108.2732,21.6373],[108.2482,21.6389],[108.2362,21.6383],[108.2265,21.6355],[108.2003,21.6232],[108.18,21.6168],[108.1553,21.6119],[108.1421,21.6072],[108.137,21.6061],[108.1083,21.6034],[108.0902,21.5998],[108.083,21.597],[108.0619,21.5863],[108.0531,21.5834],[108.0209,21.5801]]}},{"type":"Feature","properties":{"daily_trains":14.0,"path_trains":14.0},"geometry":{"type":"LineString","coordinates":[[108.3804,21.703],[108.3805,21.703]]}},{"type":"Feature","properties":{"daily_trains":2.0,"path_trains":16.0},"geometry":{"type":"LineString","coordinates":[[114.4003,30.4714],[114.39,30.471],[114.3884,30.47],[114.3876,30.4684]]}},{"type":"Feature","properties":{"daily_trains":37.0,"path_trains":438.28},"geometry":{"type":"LineString","coordinates":[[116.8744,36.6041],[116.8969,36.6052],[116.9096,36.6034]]}},{"type":"Feature","properties":{"daily_trains":90.1,"path_trains":84.14},"geometry":{"type":"LineString","coordinates":[[114.5601,35.6211],[114.5784,35.6274],[114.6202,35.6456],[114.6307,35.6495],[114.6389,35.6518],[114.6525,35.6542],[114.71,35.6612],[114.7764,35.6691],[114.9222,35.6756],[114.9349,35.6751],[114.9466,35.6737],[114.9846,35.6657],[114.9925,35.6646],[115.0064,35.6643],[115.0704,35.6724],[115.083,35.675],[115.0914,35.6775],[115.1,35.6811],[115.1135,35.6888],[115.1226,35.6961],[115.1305,35.7045],[115.1363,35.7132],[115.141,35.723],[115.1431,35.73],[115.1444,35.7378],[115.1455,35.7968],[115.1469,35.8073],[115.1496,35.8163],[115.1547,35.8265],[115.1604,35.8346],[115.1686,35.8431],[115.1786,35.8508],[115.2755,35.9154],[115.2853,35.9245],[115.3076,35.9525],[115.3132,35.9579],[115.321,35.964],[115.3274,35.9679],[115.3463,35.9764],[115.3731,35.9902],[115.3839,35.9964],[115.4827,36.0632],[115.5176,36.0908],[115.534,36.1063],[115.5429,36.1132],[115.5507,36.118],[115.5802,36.1331],[115.6323,36.168],[115.719,36.2354],[115.7257,36.2412],[115.7308,36.2467],[115.7349,36.2523],[115.7452,36.2716],[115.7504,36.2791],[115.7674,36.2982],[115.7768,36.3069],[115.786,36.3137],[115.7967,36.3199],[115.8343,36.3369],[115.843,36.3427],[115.8503,36.3492],[115.8561,36.356],[115.8612,36.3642],[115.8682,36.3813],[115.8713,36.3911],[115.8727,36.4018],[115.8771,36.4694],[115.8785,36.4771],[115.881,36.4847],[115.8847,36.4921],[115.8889,36.4985],[115.9004,36.5111],[115.9095,36.5191],[115.9215,36.5259],[115.929,36.5287],[115.9371,36.5309],[115.9761,36.5365],[116.0479,36.5401],[116.0626,36.5404],[116.1194,36.5383],[116.1975,36.5274],[116.2439,36.5276],[116.2557,36.5285],[116.2852,36.533],[116.3177,36.5348],[116.3486,36.5377],[116.3623,36.5378],[116.3861,36.5352],[116.3969,36.535],[116.4235,36.5375],[116.4671,36.5385],[116.5561,36.5475],[116.5689,36.5483],[116.5795,36.5475],[116.5928,36.5447],[116.6257,36.5322],[116.6369,36.5291],[116.6485,36.5278],[116.6625,36.5286],[116.6767,36.5322],[116.6883,36.5378],[116.7585,36.59],[116.7648,36.5939],[116.7709,36.5967],[116.7822,36.6],[116.7921,36.6011],[116.8367,36.5995],[116.8465,36.5997],[116.8727,36.6035],[116.8804,36.6059],[116.8827,36.6083],[116.8838,36.611],[116.8837,36.6165],[116.8857,36.6454],[116.8859,36.6616]]}},{"type":"Feature","properties":{"daily_trains":37.0,"path_trains":438.28},"geometry":{"type":"LineString","coordinates":[[116.8744,36.6041],[116.8745,36.6039]]}},{"type":"Feature","properties":{"daily_trains":8.3,"path_trains":8.29},"geometry":{"type":"LineString","coordinates":[[117.204,36.6938],[117.2055,36.6799],[117.2047,36.6748],[117.1965,36.6513],[117.1944,36.6479],[117.1873,36.6398],[117.1855,36.6359],[117.1849,36.6329],[117.1853,36.6277],[117.188,36.6223],[117.1918,36.6184],[117.1987,36.6145],[117.204,36.613],[117.2296,36.6097],[117.2589,36.6097],[117.2681,36.609],[117.3069,36.6008],[117.3718,36.5937],[117.3877,36.5929],[117.4054,36.5938]]}},{"type":"Feature","properties":{"daily_trains":8.3,"path_trains":8.29},"geometry":{"type":"LineString","coordinates":[[117.2039,36.6938],[117.2021,36.7057],[117.2031,36.7186],[117.2032,36.7311],[117.1984,36.7439],[117.1957,36.7462],[117.1879,36.7495],[117.1789,36.7481],[117.1644,36.7486]]}},{"type":"Feature","properties":{"daily_trains":8.3,"path_trains":8.29},"geometry":{"type":"LineString","coordinates":[[117.4054,36.5938],[117.4237,36.5942],[117.4391,36.5923],[117.4479,36.5903],[117.4855,36.5783],[117.5018,36.571],[117.5152,36.563],[117.5247,36.5559],[117.5317,36.5491],[117.539,36.5395],[117.544,36.5301],[117.559,36.4891],[117.5608,36.4855],[117.5657,36.4784],[117.5733,36.47],[117.5948,36.4508],[117.6271,36.4262],[117.6501,36.4005],[117.6567,36.391],[117.6667,36.37],[117.669,36.364],[117.6729,36.349],[117.6771,36.316],[117.6803,36.3061],[117.6845,36.2982],[117.7112,36.2731],[117.7253,36.262],[117.7358,36.2556],[117.7456,36.2506],[117.7523,36.2481],[117.7835,36.2401],[117.7916,36.2373],[117.802,36.2325],[117.8127,36.2257],[117.8181,36.2213],[117.8263,36.2122],[117.8438,36.1869],[117.8667,36.159],[117.8715,36.1517],[117.877,36.1385],[117.8814,36.1235],[117.8822,36.1138],[117.8821,36.0947],[117.8815,36.0876],[117.8797,36.078]]}},{"type":"Feature","properties":{"daily_trains":8.3,"path_trains":188.71},"geometry":{"type":"LineString","coordinates":[[117.1645,36.7481],[117.1644,36.7486]]}},{"type":"Feature","properties":{"daily_trains":8.3,"path_trains":8.29},"geometry":{"type":"LineString","coordinates":[[117.204,36.6938],[117.2039,36.6938]]}},{"type":"Feature","properties":{"daily_trains":8.3,"path_trains":188.71},"geometry":{"type":"LineString","coordinates":[[117.1645,36.7481],[117.1623,36.7483]]}},{"type":"Feature","properties":{"daily_trains":8.3,"path_trains":8.29},"geometry":{"type":"LineString","coordinates":[[117.4054,36.5938],[117.4054,36.5938]]}},{"type":"Feature","properties":{"daily_trains":80.6,"path_trains":186.71},"geometry":{"type":"LineString","coordinates":[[106.566,29.6184],[106.5738,29.6239],[106.5785,29.6296],[106.5817,29.6317],[106.6078,29.6408],[106.6252,29.6449],[106.6336,29.6461],[106.6405,29.6462],[106.665,29.643],[106.6759,29.643],[106.7213,29.6515],[106.7503,29.6539],[106.7762,29.6525],[106.7858,29.6539],[106.7947,29.6565]]}},{"type":"Feature","properties":{"daily_trains":80.6,"path_trains":180.42},"geometry":{"type":"LineString","coordinates":[[106.7963,29.6569],[106.7963,29.6566]]}},{"type":"Feature","properties":{"daily_trains":80.6,"path_trains":180.42},"geometry":{"type":"LineString","coordinates":[[106.7947,29.6565],[106.7944,29.656]]}},{"type":"Feature","properties":{"daily_trains":6.0,"path_trains":137.71},"geometry":{"type":"LineString","coordinates":[[115.8502,28.7913],[115.8445,28.7857],[115.8271,28.7714]]}},{"type":"Feature","properties":{"daily_trains":4.7,"path_trains":257.71},"geometry":{"type":"LineString","coordinates":[[117.4677,31.8585],[117.4676,31.8585]]}},{"type":"Feature","properties":{"daily_trains":12.0,"path_trains":12.0},"geometry":{"type":"LineString","coordinates":[[115.97,40.4328],[115.9545,40.4279],[115.9364,40.4137],[115.9338,40.4102],[115.9328,40.4075],[115.9325,40.4045],[115.933,40.4012],[115.935,40.3976],[115.9374,40.3951],[115.9426,40.3918],[115.9585,40.3837]]}},{"type":"Feature","properties":{"daily_trains":2.0,"path_trains":2.0},"geometry":{"type":"LineString","coordinates":[[108.7792,34.2965],[108.7849,34.2986],[108.7959,34.3043],[108.8066,34.306],[108.8225,34.3005],[108.892,34.279],[108.9497,34.2793]]}},{"type":"Feature","properties":{"daily_trains":2.0,"path_trains":175.14},"geometry":{"type":"LineString","coordinates":[[108.7614,34.2827],[108.7615,34.2827]]}},{"type":"Feature","properties":{"daily_trains":2.0,"path_trains":175.14},"geometry":{"type":"LineString","coordinates":[[108.7792,34.2965],[108.7724,34.2933],[108.7615,34.2827]]}},{"type":"Feature","properties":{"daily_trains":2.0,"path_trains":175.14},"geometry":{"type":"LineString","coordinates":[[108.7792,34.2965],[108.7792,34.2965]]}},{"type":"Feature","properties":{"daily_trains":1.0,"path_trains":373.85},"geometry":{"type":"LineString","coordinates":[[115.4602,22.8168],[115.4597,22.8171]]}},{"type":"Feature","properties":{"daily_trains":99.4,"path_trains":99.43},"geometry":{"type":"LineString","coordinates":[[115.4597,22.8171],[115.4694,22.821],[115.481,22.8245],[115.5063,22.8283],[115.5212,22.8334],[115.5306,22.8387],[115.5713,22.8668],[115.5814,22.8722],[115.6012,22.8812],[115.6113,22.8843],[115.6705,22.8984],[115.6791,22.8994],[115.7057,22.8997],[115.7238,22.9012],[115.7424,22.9009],[115.751,22.9016],[115.7647,22.9045],[115.7897,22.9131],[115.7982,22.9148],[115.8075,22.9154],[115.8439,22.9154],[115.8525,22.9148],[115.8614,22.9132],[115.9006,22.904],[115.914,22.9025],[116.029,22.9057],[116.0437,22.9078],[116.1074,22.9247],[116.1157,22.9282],[116.1234,22.9328],[116.161,22.9605],[116.1697,22.965],[116.1762,22.9675],[116.2569,22.9925],[116.333,23.0038],[116.3453,23.0071],[116.3562,23.0122],[116.3655,23.0186],[116.3895,23.0399],[116.4371,23.0751],[116.4968,23.1094],[116.505,23.1152],[116.5505,23.1584],[116.5556,23.1644],[116.5764,23.192],[116.5814,23.1972],[116.586,23.2009],[116.5954,23.2064],[116.602,23.2089],[116.6304,23.2155],[116.6477,23.2218]]}},{"type":"Feature","properties":{"daily_trains":9.3,"path_trains":189.0},"geometry":{"type":"LineString","coordinates":[[116.7524,23.3811],[116.7531,23.3686]]}},{"type":"Feature","properties":{"daily_trains":99.4,"path_trains":99.43},"geometry":{"type":"LineString","coordinates":[[116.6304,23.2155],[116.7072,23.2449],[116.7149,23.2491],[116.7261,23.2568],[116.7324,23.2619],[116.7365,23.2662],[116.7438,23.2774],[116.7462,23.2829],[116.7485,23.2916],[116.7531,23.3489],[116.7534,23.3686]]}},{"type":"Feature","properties":{"daily_trains":32.0,"path_trains":99.43},"geometry":{"type":"LineString","coordinates":[[116.6477,23.2219],[116.6477,23.2218]]}},{"type":"Feature","properties":{"daily_trains":246.1,"path_trains":214.71},"geometry":{"type":"LineString","coordinates":[[114.0292,22.6066],[114.0433,22.5923],[114.0474,22.5874],[114.0484,22.5851],[114.0488,22.565],[114.051,22.5514],[114.0516,22.5233],[114.0509,22.5147],[114.0546,22.4988],[114.063,22.4771],[114.0695,22.4643],[114.0756,22.4544],[114.0944,22.4288],[114.1053,22.416],[114.122,22.3986],[114.1267,22.3927],[114.1297,22.3862],[114.1429,22.3382],[114.1458,22.3339],[114.1611,22.3212],[114.1638,22.3163],[114.1644,22.3133],[114.1637,22.3108]]}},{"type":"Feature","properties":{"daily_trains":63.9,"path_trains":62.57},"geometry":{"type":"LineString","coordinates":[[124.3751,40.1266],[124.369,40.1319],[124.3515,40.1507],[124.3421,40.1627],[124.3198,40.1943],[124.314,40.2061],[124.306,40.2356],[124.2999,40.2457],[124.2934,40.2527],[124.2671,40.2773],[124.2281,40.3182],[124.2221,40.326],[124.2173,40.3344],[124.2147,40.3413],[124.2071,40.3803],[124.2056,40.3855],[124.2023,40.3928],[124.1975,40.4001],[124.1668,40.4318],[124.1172,40.4729],[124.1095,40.4808],[124.1053,40.486],[124.101,40.493],[124.0766,40.5407],[124.0631,40.5651],[124.0602,40.569],[124.0514,40.5787],[123.9731,40.6534],[123.9534,40.6743],[123.9458,40.687],[123.9131,40.7531],[123.9117,40.7584],[123.9109,40.7652],[123.9105,40.7936],[123.9069,40.8068],[123.8877,40.8317],[123.8654,40.8556],[123.8583,40.8643],[123.8044,40.9415],[123.7464,41.0026],[123.7298,41.0261],[123.7224,41.0403],[123.7198,41.0476],[123.7193,41.0543],[123.7225,41.0771],[123.7336,41.0988],[123.7377,41.1105],[123.739,41.1198],[123.7396,41.1889],[123.7349,41.2138],[123.734,41.2231],[123.7391,41.2617],[123.7403,41.266],[123.7441,41.2738],[123.7493,41.2813],[123.7548,41.3037],[123.757,41.3073],[123.76,41.3096],[123.7636,41.3111],[123.7858,41.3156],[123.7916,41.3174],[123.7978,41.3211],[123.8029,41.3272],[123.8048,41.3333],[123.8047,41.3392],[123.7956,41.3555],[123.7899,41.3636],[123.7827,41.3705],[123.7059,41.4337],[123.6992,41.4413],[123.6642,41.49],[123.658,41.4967],[123.6502,41.5024],[123.636,41.5104],[123.6256,41.5151],[123.6149,41.5185],[123.5951,41.5228],[123.5863,41.5253],[123.5789,41.5281],[123.5391,41.5469],[123.5299,41.5507],[123.4877,41.563],[123.4515,41.578],[123.4242,41.5884],[123.4154,41.5928],[123.4044,41.5994],[123.3994,41.6052],[123.3976,41.6108],[123.4009,41.6712]]}},{"type":"Feature","properties":{"daily_trains":40.0,"path_trains":13.43},"geometry":{"type":"LineString","coordinates":[[121.5888,39.0116],[121.6119,39.0188],[121.6218,39.0231],[121.6283,39.0287],[121.629,39.0313],[121.628,39.0375],[121.6295,39.0401],[121.6316,39.0415],[121.6862,39.0557],[121.6892,39.0572],[121.6983,39.0659],[121.7251,39.0891],[121.7261,39.0923],[121.7245,39.0993],[121.7247,39.1013],[121.7258,39.1031],[121.7327,39.1099],[121.7334,39.1121],[121.7331,39.1185],[121.7353,39.1223],[121.7475,39.1343],[121.7525,39.1385],[121.8008,39.1715],[121.8152,39.1758],[121.9005,39.1812],[121.9098,39.1826],[121.9183,39.1854],[121.9555,39.2019],[121.9718,39.2082],[121.9879,39.2134],[122.008,39.2171],[122.0831,39.2221],[122.0913,39.224],[122.098,39.227],[122.1121,39.2376],[122.1188,39.2415],[122.1332,39.2474],[122.1403,39.2524],[122.1612,39.2739],[122.178,39.2883],[122.1818,39.2951],[122.1853,39.3063],[122.1873,39.3096],[122.1913,39.3141],[122.2035,39.3242],[122.2177,39.3378],[122.2312,39.3459],[122.2544,39.3612],[122.2902,39.3885],[122.2969,39.3949],[122.3065,39.4108],[122.3088,39.4137],[122.313,39.4176],[122.3179,39.421],[122.4077,39.4684],[122.4315,39.4763],[122.4914,39.5018],[122.5142,39.5086],[122.5375,39.5211],[122.544,39.5237],[122.5561,39.5268],[122.5684,39.5289],[122.5757,39.5308],[122.592,39.5397],[122.6227,39.5598],[122.6292,39.5632],[122.6575,39.572],[122.7217,39.6015],[122.7498,39.6094],[122.7767,39.622],[122.8216,39.638],[122.8277,39.6416],[122.8391,39.6508],[122.875,39.672],[122.881,39.6784],[122.889,39.6953],[122.8945,39.7024],[122.9005,39.7068],[122.9158,39.7158],[122.946,39.7362],[122.9509,39.7386],[122.9687,39.7439],[122.9857,39.7524],[123.0382,39.776],[123.0839,39.7943],[123.1286,39.8183],[123.1352,39.8212],[123.1475,39.8249],[123.2693,39.8531],[123.2868,39.8546],[123.3279,39.8535],[123.3387,39.8544],[123.3505,39.8566],[123.3735,39.863],[123.3947,39.8673],[123.4042,39.87],[123.4541,39.8907],[123.4981,39.9066],[123.5328,39.9233],[123.5435,39.9274],[123.5531,39.9296],[123.5672,39.9316],[123.6309,39.943],[123.6534,39.9492],[123.6746,39.9518],[123.6839,39.9521],[123.6947,39.9503],[123.7024,39.9474],[123.7166,39.9392],[123.7254,39.9356],[123.84,39.9046],[123.8536,39.9024],[123.8798,39.8998],[123.9175,39.8942],[123.9578,39.8922],[124.0207,39.896],[124.1512,39.9127],[124.1622,39.9147],[124.1764,39.9196],[124.1879,39.926],[124.2342,39.9603],[124.2409,39.9663],[124.2453,39.9716],[124.251,39.9817],[124.2624,40.0134],[124.2637,40.0191],[124.2696,40.0594],[124.2735,40.0697],[124.2782,40.0768],[124.2828,40.0819],[124.3007,40.097],[124.3072,40.1037],[124.3238,40.1267],[124.3319,40.1329],[124.3371,40.1357],[124.3427,40.1369],[124.3496,40.1373],[124.3566,40.1367],[124.3625,40.1349],[124.3677,40.1321],[124.3751,40.1266]]}},{"type":"Feature","properties":{"daily_trains":140.4,"path_trains":148.43},"geometry":{"type":"LineString","coordinates":[[121.6102,39.0182],[121.6191,39.0214],[121.6231,39.0239]]}},{"type":"Feature","properties":{"daily_trains":5.6,"path_trains":148.43},"geometry":{"type":"LineString","coordinates":[[121.623,39.024],[121.6231,39.0239]]}},{"type":"Feature","properties":{"daily_trains":40.0,"path_trains":40.0},"geometry":{"type":"LineString","coordinates":[[121.5888,39.0116],[121.5842,39.0095],[121.5759,39.0029],[121.5659,38.9986],[121.5631,38.9954],[121.559,38.9833],[121.5595,38.9769],[121.5619,38.9679],[121.5622,38.9635],[121.5582,38.9502],[121.5577,38.9453],[121.5647,38.9327],[121.5718,38.9271],[121.5786,38.9255],[121.592,38.9251],[121.599,38.9226],[121.6111,38.9216],[121.6199,38.9192]]}},{"type":"Feature","properties":{"daily_trains":6.0,"path_trains":13.57},"geometry":{"type":"LineString","coordinates":[[122.6257,39.5615],[122.5922,39.5397],[122.5822,39.5338],[122.5754,39.5306],[122.5513,39.5257],[122.544,39.5236],[122.5364,39.5205]]}},{"type":"Feature","properties":{"daily_trains":32.3,"path_trains":25.29},"geometry":{"type":"LineString","coordinates":[[120.4109,41.6023],[120.4269,41.6112],[120.4413,41.6209],[120.4511,41.6263],[120.4586,41.6294],[120.4669,41.6313],[120.4769,41.6315],[120.4871,41.6295],[120.4956,41.6256],[120.5017,41.6209],[120.5298,41.5907],[120.5502,41.5747],[120.5594,41.5686],[120.5913,41.549],[120.6487,41.5233],[120.6959,41.496],[120.7042,41.4881],[120.7286,41.46],[120.7374,41.451],[120.7645,41.4307],[120.8922,41.3216],[120.9541,41.2565],[120.9623,41.2489],[120.9711,41.2423],[120.9807,41.2366],[121.0237,41.2149],[121.0853,41.1904],[121.1469,41.1713],[121.1721,41.1607],[121.1845,41.1574],[121.2094,41.1537],[121.2205,41.1511],[121.2713,41.1331],[121.2847,41.129],[121.2949,41.1269],[121.325,41.125],[121.3319,41.1257],[121.34,41.128],[121.3461,41.131],[121.3579,41.1394],[121.3766,41.1564]]}},{"type":"Feature","properties":{"daily_trains":29.1,"path_trains":126.28},"geometry":{"type":"LineString","coordinates":[[121.3745,41.1543],[121.3681,41.1484]]}},{"type":"Feature","properties":{"daily_trains":29.1,"path_trains":126.28},"geometry":{"type":"LineString","coordinates":[[121.3652,41.1459],[121.368,41.1484]]}},{"type":"Feature","properties":{"daily_trains":25.3,"path_trains":158.43},"geometry":{"type":"LineString","coordinates":[[120.4112,41.6021],[120.4109,41.6023]]}},{"type":"Feature","properties":{"daily_trains":4.0,"path_trains":169.28},"geometry":{"type":"LineString","coordinates":[[119.434,35.422],[119.4335,35.4155],[119.4346,35.4131],[119.4367,35.4112],[119.4419,35.4095],[119.4509,35.4106]]}},{"type":"Feature","properties":{"daily_trains":4.0,"path_trains":142.57},"geometry":{"type":"LineString","coordinates":[[119.4338,35.422],[119.4337,35.4279]]}},{"type":"Feature","properties":{"daily_trains":4.0,"path_trains":142.57},"geometry":{"type":"LineString","coordinates":[[119.434,35.422],[119.4338,35.422]]}},{"type":"Feature","properties":{"daily_trains":20.0,"path_trains":20.0},"geometry":{"type":"LineString","coordinates":[[108.4177,22.8446],[108.4363,22.844],[108.4387,22.8428],[108.4429,22.8382],[108.4466,22.8371],[108.4521,22.8369],[108.4686,22.8385],[108.4914,22.836],[108.4972,22.8343],[108.5083,22.8291],[108.5162,22.8271],[108.5543,22.8232],[108.5799,22.8224],[108.5887,22.8215],[108.5989,22.819],[108.6194,22.8109],[108.6291,22.8082],[108.6807,22.8024],[108.6913,22.8023],[108.7283,22.8044],[108.7546,22.808],[108.7749,22.8091],[108.798,22.8123],[108.8143,22.8116],[108.8459,22.8088],[108.8786,22.8107],[108.8936,22.8132],[108.9272,22.8236],[108.941,22.8252],[108.9519,22.8242],[108.9831,22.8194],[109.0165,22.8124],[109.0936,22.8016],[109.1196,22.7967],[109.1285,22.7957],[109.1441,22.7962],[109.1651,22.8002],[109.174,22.8011],[109.2137,22.8004],[109.237,22.8016],[109.2462,22.8013],[109.2564,22.7997],[109.2792,22.7931],[109.3169,22.7765],[109.3911,22.7516],[109.4,22.7497],[109.4098,22.7487],[109.4399,22.7488],[109.4492,22.748],[109.469,22.7447],[109.4999,22.7365],[109.5127,22.7345],[109.5774,22.7349],[109.5888,22.7366],[109.6161,22.7437],[109.6256,22.7447],[109.6359,22.7446],[109.664,22.7407],[109.7082,22.7389],[109.7669,22.7284],[109.7982,22.7256],[109.8186,22.7259],[109.8316,22.7247],[109.9063,22.7094],[109.9171,22.7083],[109.9255,22.7085],[109.9348,22.7097],[109.9731,22.7171],[110.0029,22.7217],[110.0245,22.7268],[110.0336,22.7278],[110.0418,22.7277],[110.1228,22.7216],[110.2147,22.7231],[110.2387,22.7254]]}},{"type":"Feature","properties":{"daily_trains":22.0,"path_trains":298.14},"geometry":{"type":"LineString","coordinates":[[108.4183,22.8446],[108.4182,22.8446]]}},{"type":"Feature","properties":{"daily_trains":14.0,"path_trains":14.0},"geometry":{"type":"LineString","coordinates":[[109.6034,23.1025],[109.6199,23.1027],[109.6441,23.0948],[109.6469,23.0933],[109.6484,23.0903],[109.6488,23.0836],[109.6496,23.0813],[109.6516,23.0795],[109.6587,23.0765],[109.6606,23.0748],[109.6616,23.0723],[109.6609,23.0659],[109.6617,23.0635],[109.6878,23.0299],[109.701,23.016],[109.732,22.9912],[109.7481,22.9743],[109.7569,22.9625],[109.7664,22.955],[109.7809,22.9304],[109.7884,22.9232],[109.7954,22.911],[109.8192,22.8769],[109.8297,22.868],[109.8331,22.8624],[109.8399,22.8566],[109.845,22.8482],[109.8462,22.8439],[109.8473,22.8422],[109.8599,22.832],[109.865,22.825],[109.8772,22.814],[109.8807,22.8126],[109.8877,22.8127],[109.8911,22.8106],[109.8922,22.8074],[109.89,22.7987],[109.8827,22.7908],[109.8784,22.7795],[109.8659,22.762],[109.8656,22.7584],[109.8674,22.7557],[109.8705,22.7545],[109.876,22.7551],[109.8785,22.7545],[109.9312,22.7254],[109.9421,22.7116],[109.9578,22.6998],[109.963,22.6922],[109.9693,22.6792],[109.9725,22.6766],[109.9751,22.6763],[109.9789,22.677],[109.9843,22.6805],[109.9887,22.6822],[110.0059,22.6839],[110.0151,22.6885],[110.0193,22.6898],[110.023,22.6899],[110.0344,22.6887],[110.0414,22.6872],[110.0518,22.6794],[110.1012,22.6504],[110.1046,22.6472],[110.1194,22.6297],[110.1244,22.6228],[110.1361,22.6159],[110.158,22.594],[110.1597,22.5902],[110.16,22.5778],[110.1628,22.5717],[110.1646,22.5695],[110.1685,22.5577],[110.1723,22.5489],[110.1826,22.5411],[110.1879,22.5322],[110.1975,22.5238],[110.2066,22.5094],[110.2149,22.5048],[110.2177,22.498],[110.2249,22.4901],[110.2342,22.4814],[110.2388,22.4745],[110.2389,22.4725],[110.2343,22.4489],[110.2344,22.4452],[110.2454,22.4258],[110.2478,22.4181],[110.2483,22.4132],[110.2585,22.3883],[110.26,22.383],[110.2614,22.3736],[110.2641,22.3649],[110.2637,22.3523],[110.2653,22.3428],[110.2638,22.3341],[110.2625,22.3318],[110.2587,22.3283],[110.2549,22.3196]]}},{"type":"Feature","properties":{"daily_trains":9.0,"path_trains":176.86},"geometry":{"type":"LineString","coordinates":[[109.6021,23.1025],[109.6034,23.1026]]}},{"type":"Feature","properties":{"daily_trains":22.0,"path_trains":22.0},"geometry":{"type":"LineString","coordinates":[[103.3431,23.454],[103.3396,23.4551],[103.3373,23.457],[103.3315,23.4664],[103.3287,23.4723],[103.3273,23.478],[103.3211,23.5211],[103.3127,23.5507],[103.31,23.5692],[103.2803,23.6383],[103.2785,23.6438],[103.2774,23.6516],[103.2779,23.66],[103.2886,23.7053],[103.2893,23.7102],[103.2891,23.716],[103.2827,23.7389],[103.2729,23.7661],[103.2661,23.7953],[103.2654,23.8022],[103.2658,23.8068],[103.2675,23.8126],[103.2758,23.827],[103.2783,23.8338],[103.279,23.84],[103.279,23.8624],[103.2813,23.8707],[103.2838,23.8757],[103.2873,23.8802],[103.2993,23.8901],[103.306,23.8974],[103.3094,23.9034],[103.3168,23.9226],[103.3279,23.9395],[103.3564,24.0227]]}},{"type":"Feature","properties":{"daily_trains":22.0,"path_trains":22.0},"geometry":{"type":"LineString","coordinates":[[103.3563,24.0227],[103.3607,24.0345],[103.3739,24.0607],[103.3829,24.0759],[103.3914,24.0975],[103.3991,24.1277],[103.4015,24.1344],[103.4147,24.1537],[103.4275,24.178],[103.4429,24.1964],[103.4457,24.2014],[103.4475,24.2067],[103.4483,24.2142],[103.4479,24.2192],[103.44,24.2489],[103.4335,24.2871],[103.4309,24.2941],[103.4219,24.3091],[103.4177,24.3257]]}},{"type":"Feature","properties":{"daily_trains":22.0,"path_trains":22.0},"geometry":{"type":"LineString","coordinates":[[103.3564,24.0227],[103.3563,24.0227]]}},{"type":"Feature","properties":{"daily_trains":3.0,"path_trains":3.0},"geometry":{"type":"LineString","coordinates":[[103.8405,36.0359],[103.8263,36.0393],[103.8225,36.0409],[103.82,36.043],[103.8103,36.0555],[103.8082,36.0571],[103.7762,36.0631]]}},{"type":"Feature","properties":{"daily_trains":3.0,"path_trains":141.29},"geometry":{"type":"LineString","coordinates":[[103.775,36.0624],[103.775,36.0624]]}},{"type":"Feature","properties":{"daily_trains":3.0,"path_trains":141.29},"geometry":{"type":"LineString","coordinates":[[103.7762,36.0631],[103.7749,36.0626]]}},{"type":"Feature","properties":{"daily_trains":257.0,"path_trains":248.99},"geometry":{"type":"LineString","coordinates":[[114.4715,37.9816],[114.4706,37.9745],[114.4688,37.9332],[114.4713,37.9126],[114.4716,37.9032],[114.4685,37.8698],[114.4694,37.8601],[114.4733,37.8397],[114.4741,37.8302],[114.4709,37.7921],[114.471,37.7814],[114.472,37.7744],[114.4741,37.7669],[114.482,37.7474],[114.496,37.7077]]}},{"type":"Feature","properties":{"daily_trains":279.1,"path_trains":224.28},"geometry":{"type":"LineString","coordinates":[[113.9574,33.5791],[113.9547,33.5458],[113.9502,33.5173],[113.9513,33.4452],[113.9535,33.4151],[113.9525,33.3935],[113.9493,33.3672],[113.9507,33.3315],[113.9484,33.3113],[113.9481,33.2899],[113.9462,33.2684],[113.9472,33.2497],[113.9463,33.1938],[113.9475,33.1648],[113.9483,33.1565],[113.9499,33.1503],[113.9608,33.1118],[113.9644,33.0884],[113.9716,33.0531],[113.972,32.9698],[113.9737,32.9572],[113.984,32.9179],[113.9878,32.894],[113.9925,32.8367],[113.9924,32.8044],[113.995,32.7871],[113.9992,32.7192],[114.0036,32.6967],[114.0082,32.665],[114.0111,32.6297],[114.0135,32.608],[114.0202,32.5663],[114.0329,32.5296],[114.0484,32.503],[114.0686,32.4746],[114.0971,32.4293],[114.1015,32.42],[114.1201,32.3715],[114.1236,32.3579],[114.1244,32.3488],[114.1242,32.3259],[114.1594,32.122],[114.1611,32.1072],[114.1598,32.0794],[114.1578,32.0675],[114.1528,32.0535],[114.1392,32.0197],[114.1362,32.0073],[114.1356,32.001],[114.1355,31.9834],[114.1361,31.9655],[114.137,31.9595],[114.1403,31.9484],[114.1551,31.903],[114.1603,31.8819],[114.1672,31.8116],[114.1788,31.7484],[114.1804,31.7323],[114.182,31.7249],[114.1928,31.6848],[114.2037,31.6605],[114.2064,31.6527],[114.208,31.645],[114.2127,31.6062],[114.2146,31.5967],[114.2231,31.5624],[114.2339,31.5293],[114.2378,31.5148],[114.2431,31.4989],[114.246,31.4858],[114.248,31.4604],[114.2541,31.421],[114.2551,31.3841],[114.2576,31.3613],[114.2607,31.3066],[114.26,31.2713],[114.2585,31.2455],[114.2586,31.2283],[114.2549,31.1654],[114.2552,31.1496],[114.2566,31.1371],[114.2596,31.1252],[114.2737,31.0878],[114.2762,31.0789],[114.2766,31.0676],[114.275,31.046],[114.2773,30.9922],[114.2788,30.9807],[114.2827,30.9605],[114.2844,30.9433],[114.291,30.9116],[114.2962,30.873],[114.3021,30.8534],[114.306,30.8442],[114.3506,30.7586],[114.3539,30.7482],[114.3561,30.7257],[114.3588,30.7173],[114.3616,30.7128],[114.3793,30.6894]]}},{"type":"Feature","properties":{"daily_trains":257.0,"path_trains":248.99},"geometry":{"type":"LineString","coordinates":[[114.5847,37.0812],[114.5865,37.1106],[114.5839,37.1851],[114.5818,37.1972],[114.5732,37.2215],[114.572,37.2328],[114.5731,37.2437],[114.5801,37.285],[114.5811,37.2945],[114.582,37.3609],[114.5815,37.3705],[114.574,37.4027],[114.5575,37.5083],[114.5402,37.5552],[114.532,37.6024],[114.5301,37.6102],[114.4959,37.7077]]}},{"type":"Feature","properties":{"daily_trains":252.9,"path_trains":286.42},"geometry":{"type":"LineString","coordinates":[[113.7718,34.7667],[113.7654,34.8493],[113.7627,34.8592],[113.7515,34.8839],[113.7493,34.8925],[113.7486,34.9025],[113.7495,34.9295],[113.7506,34.9397],[113.7687,34.9994],[113.7742,35.0109],[113.7855,35.0306],[113.8183,35.0745],[113.9205,35.1834],[113.9282,35.1938],[113.9337,35.2036],[113.9384,35.2165],[113.9398,35.2229],[113.9458,35.2643],[113.9476,35.2713],[113.9513,35.2807],[113.9584,35.2927],[114.0021,35.3543],[114.0333,35.4044],[114.0401,35.4123],[114.0482,35.4194],[114.0577,35.4257],[114.0764,35.4355],[114.0841,35.4404],[114.0931,35.4477],[114.0996,35.4545],[114.1046,35.4613],[114.1086,35.4683],[114.1429,35.54],[114.1509,35.5527],[114.158,35.5607],[114.1658,35.5676],[114.1999,35.5903],[114.2127,35.602],[114.22,35.6116],[114.2421,35.6457],[114.2481,35.6527],[114.2739,35.6781],[114.2981,35.7099]]}},{"type":"Feature","properties":{"daily_trains":251.0,"path_trains":227.99},"geometry":{"type":"LineString","coordinates":[[114.4246,30.5922],[114.4329,30.5689],[114.4353,30.5645],[114.4479,30.546],[114.4512,30.5386],[114.4536,30.5297],[114.4546,30.5158],[114.4533,30.4394],[114.4527,30.4329],[114.4513,30.4259],[114.4416,30.391],[114.4393,30.3844],[114.4357,30.3772],[114.402,30.3274],[114.3632,30.2581],[114.3599,30.2493],[114.3575,30.2404],[114.3567,30.2326],[114.3563,30.2208],[114.3569,30.1999]]}},{"type":"Feature","properties":{"daily_trains":249.6,"path_trains":241.07},"geometry":{"type":"LineString","coordinates":[[116.2073,39.8369],[116.2088,39.8259],[116.2086,39.8222],[116.2067,39.8169],[116.2002,39.8077],[116.1982,39.8031],[116.1976,39.7995],[116.1971,39.7839],[116.1937,39.7601],[116.1934,39.7514],[116.1941,39.7443],[116.1993,39.7164],[116.1999,39.7086],[116.1984,39.6969],[116.1957,39.689],[116.1929,39.6834],[116.1868,39.6747],[116.1631,39.6481],[116.0935,39.5512],[116.0892,39.543],[116.0589,39.4767],[116.0076,39.3936],[115.9841,39.3616],[115.9523,39.302],[115.8987,39.2347],[115.8688,39.2043],[115.8615,39.1959],[115.8486,39.1756],[115.8065,39.1045],[115.8001,39.0962],[115.7586,39.0498]]}},{"type":"Feature","properties":{"daily_trains":202.7,"path_trains":194.71},"geometry":{"type":"LineString","coordinates":[[116.2073,39.8369],[116.2057,39.844],[116.1932,39.8674],[116.1922,39.8702],[116.1917,39.8739],[116.1927,39.8789],[116.1953,39.8833],[116.1988,39.8867],[116.2062,39.8914],[116.2107,39.8933],[116.2187,39.8948],[116.2775,39.8948],[116.2828,39.8945],[116.2872,39.8924],[116.294,39.8907],[116.303,39.8939],[116.3069,39.894]]}},{"type":"Feature","properties":{"daily_trains":255.0,"path_trains":232.85},"geometry":{"type":"LineString","coordinates":[[114.5847,37.0812],[114.5812,37.0323],[114.5797,37.019],[114.5673,36.9724],[114.5553,36.9465],[114.5514,36.9351],[114.5491,36.9233],[114.5478,36.9076],[114.5481,36.8934],[114.5508,36.8703],[114.5523,36.7909],[114.5506,36.7656],[114.5521,36.7483],[114.5521,36.7403],[114.5489,36.7165],[114.5477,36.69],[114.5519,36.6476],[114.5524,36.5971],[114.5517,36.5882],[114.5242,36.4789],[114.4544,36.1072],[114.4429,36.061],[114.4338,36.0116],[114.4285,35.9719],[114.4136,35.9115],[114.4095,35.9005],[114.4049,35.8925],[114.3961,35.8822],[114.3852,35.8738],[114.3603,35.8609],[114.3503,35.8541],[114.3404,35.8443],[114.3333,35.8335],[114.3301,35.8257],[114.3282,35.8187],[114.3135,35.7367],[114.3114,35.7305],[114.3081,35.7239],[114.2982,35.7099]]}},{"type":"Feature","properties":{"daily_trains":227.3,"path_trains":221.28},"geometry":{"type":"LineString","coordinates":[[113.7826,34.6759],[113.7781,34.6544],[113.7777,34.6456],[113.7787,34.6372],[113.7837,34.6135],[113.7848,34.5778],[113.8033,34.4896],[113.8059,34.4603],[113.8057,34.4497],[113.7956,34.3794],[113.7957,34.3692],[113.7975,34.3581],[113.798,34.3498],[113.7976,34.3427],[113.7905,34.3069],[113.7896,34.2973],[113.79,34.2921],[113.7919,34.2828],[113.7972,34.27],[113.8017,34.2604],[113.8151,34.2366],[113.8263,34.2038],[113.8292,34.1917],[113.8328,34.1585],[113.8361,34.1467],[113.8457,34.1299],[113.872,34.089],[113.8753,34.0824],[113.8791,34.0718],[113.8872,34.0254],[113.8879,34.0126],[113.8876,34.0069],[113.8851,33.9944],[113.8736,33.9612],[113.8707,33.9502],[113.8701,33.9425],[113.871,33.9024],[113.8715,33.8873],[113.8724,33.8806],[113.8735,33.8753],[113.8769,33.8653],[113.9052,33.7982],[113.9247,33.7604],[113.9439,33.7144],[113.9594,33.6549],[113.9614,33.6436],[113.9616,33.6336],[113.9574,33.5791]]}},{"type":"Feature","properties":{"daily_trains":225.3,"path_trains":221.28},"geometry":{"type":"LineString","coordinates":[[113.9574,33.5791],[113.9574,33.5791]]}},{"type":"Feature","properties":{"daily_trains":6.6,"path_trains":667.43},"geometry":{"type":"LineString","coordinates":[[113.9701,22.6655],[113.9709,22.6644]]}},{"type":"Feature","properties":{"daily_trains":25.6,"path_trains":371.0},"geometry":{"type":"LineString","coordinates":[[113.2059,23.3147],[113.2063,23.3147]]}},{"type":"Feature","properties":{"daily_trains":1.9,"path_trains":304.86},"geometry":{"type":"LineString","coordinates":[[120.3079,30.1075],[120.3082,30.1089]]}},{"type":"Feature","properties":{"daily_trains":1.9,"path_trains":540.28},"geometry":{"type":"LineString","coordinates":[[120.2935,30.1579],[120.293,30.1586]]}},{"type":"Feature","properties":{"daily_trains":97.9,"path_trains":265.78},"geometry":{"type":"LineString","coordinates":[[113.9279,34.4828],[113.9277,34.5379],[113.9323,34.5897],[113.9312,34.5981],[113.9275,34.6065],[113.9229,34.6124],[113.9175,34.617],[113.9106,34.6211],[113.9026,34.6241],[113.8908,34.626],[113.8344,34.628],[113.8272,34.6296],[113.8216,34.6316],[113.8156,34.6347],[113.8113,34.6378],[113.7906,34.657],[113.7872,34.6611],[113.7854,34.6646],[113.7841,34.6715],[113.7855,34.6867],[113.7853,34.6927],[113.781,34.7098],[113.7793,34.7222],[113.7748,34.7357],[113.7746,34.7574],[113.7728,34.7746],[113.7715,34.7799],[113.7697,34.8069],[113.771,34.8131],[113.7764,34.8215],[113.783,34.8271],[113.7895,34.8298],[113.8083,34.8334],[113.8372,34.8346],[113.8441,34.8361],[113.8476,34.8378],[113.8523,34.8415],[113.8548,34.8449],[113.8564,34.8487],[113.8569,34.8519],[113.8565,34.8556],[113.8463,34.9109],[113.8446,34.9229],[113.8444,34.9279],[113.8471,34.9769],[113.8462,34.9858],[113.8433,35.0011],[113.8429,35.0073],[113.8435,35.0167],[113.8448,35.0234],[113.8478,35.032],[113.8559,35.0504]]}},{"type":"Feature","properties":{"daily_trains":131.7,"path_trains":113.79},"geometry":{"type":"LineString","coordinates":[[105.8305,26.1749],[105.8056,26.1494],[105.7873,26.137],[105.7764,26.1316],[105.7586,26.1242],[105.7353,26.1168],[105.6966,26.1002],[105.6881,26.0958],[105.6693,26.0843],[105.6565,26.0785],[105.647,26.0753],[105.6393,26.0737],[105.6158,26.0718],[105.6027,26.0694],[105.5914,26.0653],[105.579,26.0579],[105.5709,26.0514],[105.5679,26.0482],[105.5584,26.0337],[105.5519,26.022],[105.5337,25.9849],[105.5118,25.9467],[105.5037,25.9377],[105.4961,25.9318],[105.4882,25.9274],[105.477,25.9232],[105.4688,25.9214],[105.4601,25.9207],[105.4516,25.921],[105.4435,25.9222],[105.4315,25.9259],[105.4114,25.9356],[105.4043,25.9384],[105.3302,25.9614],[105.3179,25.9636],[105.3085,25.9643],[105.2973,25.964],[105.2872,25.9626],[105.2782,25.9604],[105.2672,25.9565],[105.218,25.9322],[105.2103,25.9294],[105.1837,25.9224],[105.173,25.919],[105.1541,25.9097],[105.1467,25.9048],[105.141,25.8996],[105.123,25.8752],[105.1189,25.871],[105.1133,25.8671],[105.1017,25.8614],[105.0893,25.8573],[104.9649,25.8264],[104.8952,25.814],[104.888,25.8123],[104.8402,25.7979],[104.8251,25.7953],[104.8166,25.7945],[104.8073,25.7944],[104.7941,25.7959],[104.7665,25.8026],[104.74,25.8068],[104.7105,25.8078],[104.6985,25.8089],[104.6388,25.8178],[104.6284,25.8181],[104.6184,25.8171],[104.6091,25.8149],[104.6003,25.8116],[104.5324,25.7781],[104.4985,25.7644],[104.4783,25.7584],[104.4702,25.7567],[104.459,25.7557],[104.413,25.7597],[104.3979,25.7598],[104.391,25.759],[104.384,25.7575],[104.3732,25.7539],[104.2949,25.7225],[104.284,25.7192],[104.2448,25.7132],[104.2174,25.7064],[104.1984,25.7029],[104.1842,25.702],[104.1523,25.7026],[104.1406,25.7017],[104.1299,25.6999],[104.086,25.6895],[104.0442,25.6758],[104.0331,25.6729],[103.9728,25.6583],[103.9014,25.6437],[103.8622,25.6304],[103.8363,25.625],[103.8178,25.619],[103.8093,25.615],[103.7979,25.6075],[103.7644,25.5789],[103.7453,25.5638],[103.7169,25.5504],[103.7055,25.544],[103.6495,25.5051],[103.6359,25.4969],[103.6242,25.492],[103.6024,25.485],[103.5709,25.4694],[103.5443,25.459],[103.5347,25.4536],[103.4941,25.4249],[103.4872,25.421],[103.4671,25.4117],[103.4371,25.4001],[103.3993,25.3918],[103.3731,25.3823],[103.3592,25.3748],[103.3125,25.3453],[103.2232,25.3022],[103.1877,25.289],[103.1781,25.2841],[103.1702,25.2789],[103.1625,25.2728],[103.1554,25.2658],[103.0575,25.1541],[103.0475,25.146],[102.9949,25.1118],[102.9854,25.1045],[102.9727,25.0919],[102.9347,25.0507],[102.9137,25.0301],[102.9066,25.021],[102.9004,25.0098],[102.8972,25.0019],[102.8916,24.9795],[102.8892,24.9726],[102.8845,24.9636],[102.8748,24.9487]]}},{"type":"Feature","properties":{"daily_trains":139.6,"path_trains":115.43},"geometry":{"type":"LineString","coordinates":[[109.9959,27.5167],[109.9445,27.5029],[109.9312,27.5005],[109.9193,27.4997],[109.8913,27.4998],[109.8799,27.4982],[109.8438,27.4911],[109.8349,27.4899],[109.7634,27.4846],[109.7356,27.4848],[109.7209,27.4832],[109.7044,27.4787],[109.6316,27.4495],[109.622,27.4464],[109.6106,27.4442],[109.5974,27.4432],[109.5621,27.4436],[109.4824,27.4363],[109.4461,27.4376],[109.3928,27.4416],[109.3783,27.4411],[109.3665,27.439],[109.3307,27.4287],[109.2511,27.411],[109.2291,27.4046],[109.1893,27.3965],[109.1572,27.3932],[109.1448,27.3908],[109.1016,27.3777],[109.0901,27.3731],[109.0814,27.3682],[109.0378,27.3377],[109.0017,27.3173],[108.9939,27.3111],[108.9857,27.3028]]}},{"type":"Feature","properties":{"daily_trains":139.6,"path_trains":133.0},"geometry":{"type":"LineString","coordinates":[[108.9856,27.3029],[108.9586,27.2651],[108.9475,27.2469],[108.9399,27.2386],[108.9099,27.2166],[108.8587,27.1687],[108.8113,27.1292],[108.75,27.0655],[108.7358,27.0495],[108.7091,27.0229],[108.6785,26.9979],[108.6362,26.9586],[108.6258,26.9507],[108.6141,26.9442],[108.5354,26.9102],[108.4395,26.8765],[108.3822,26.8449],[108.3737,26.8392],[108.3623,26.8299],[108.3415,26.8144],[108.321,26.8032],[108.3003,26.7931],[108.2387,26.7527],[108.2193,26.7415],[108.2079,26.7363],[108.1746,26.7145],[108.1662,26.707],[108.1603,26.7008],[108.118,26.6476],[108.1072,26.6369],[108.1004,26.6317],[108.0487,26.6002],[108.0389,26.5936],[107.9974,26.5607],[107.9734,26.5471],[107.9385,26.5373],[107.8565,26.5068],[107.8399,26.5031],[107.829,26.5023],[107.8208,26.5024],[107.7393,26.5125],[107.723,26.5164],[107.6432,26.5326],[107.6244,26.539],[107.5473,26.5697],[107.5174,26.5759],[107.4949,26.5791],[107.4698,26.5806],[107.4504,26.5798],[107.4101,26.5704],[107.3917,26.5689],[107.3727,26.5684],[107.3442,26.573],[107.3061,26.5802],[107.2937,26.5835],[107.2773,26.5909],[107.2697,26.5928],[107.2427,26.5961],[107.2187,26.5958],[107.1972,26.5966],[107.1631,26.604],[107.151,26.6059],[107.0859,26.6074],[107.071,26.6093],[107.0015,26.6121],[106.952,26.6182],[106.8921,26.6283],[106.802,26.6549],[106.7479,26.6661]]}},{"type":"Feature","properties":{"daily_trains":131.7,"path_trains":161.14},"geometry":{"type":"LineString","coordinates":[[105.8452,26.187],[105.8374,26.1812],[105.8305,26.1748]]}},{"type":"Feature","properties":{"daily_trains":99.1,"path_trains":186.86},"geometry":{"type":"LineString","coordinates":[[102.8748,24.9487],[102.862,24.9291],[102.8588,24.9227],[102.8569,24.9153],[102.8549,24.8933]]}},{"type":"Feature","properties":{"daily_trains":139.6,"path_trains":137.57},"geometry":{"type":"LineString","coordinates":[[108.9857,27.3028],[108.9856,27.3029]]}},{"type":"Feature","properties":{"daily_trains":43.4,"path_trains":750.57},"geometry":{"type":"LineString","coordinates":[[121.2473,31.2963],[121.2661,31.2915]]}},{"type":"Feature","properties":{"daily_trains":46.9,"path_trains":46.86},"geometry":{"type":"LineString","coordinates":[[116.2875,39.8476],[116.2756,39.8442],[116.2672,39.8446],[116.2373,39.8514],[116.2236,39.8553],[116.2174,39.8553],[116.2121,39.8535],[116.2075,39.8489],[116.2064,39.8449],[116.2073,39.8369]]}},{"type":"Feature","properties":{"daily_trains":260.7,"path_trains":247.71},"geometry":{"type":"LineString","coordinates":[[112.0933,34.6297],[112.1412,34.6132],[112.1523,34.6106],[112.3109,34.5829],[112.3505,34.5725],[112.3634,34.5711],[112.3796,34.5721],[112.3879,34.5737],[112.3971,34.5765],[112.4144,34.5839],[112.4233,34.5871],[112.528,34.6116],[112.5414,34.6134],[112.6016,34.6172],[112.6522,34.623],[112.6621,34.6247],[112.6764,34.6287],[112.7045,34.6409],[112.7221,34.6455],[112.7411,34.6473],[112.8372,34.6471],[112.8489,34.6481],[112.8666,34.6519],[112.8767,34.6554],[112.8862,34.6597],[112.9572,34.6933],[112.9911,34.7087],[113.0036,34.7158],[113.0603,34.7582],[113.0689,34.7634],[113.08,34.7686],[113.094,34.7731],[113.1043,34.7751],[113.1167,34.7758],[113.1535,34.7729],[113.1939,34.7643],[113.2143,34.762],[113.2433,34.7616],[113.2745,34.7587],[113.317,34.7577],[113.3268,34.7565],[113.3567,34.7501],[113.3664,34.7487],[113.4533,34.7418],[113.4679,34.74],[113.4793,34.7374],[113.4907,34.7337],[113.5521,34.7095],[113.5896,34.7006],[113.6006,34.697],[113.6087,34.6937],[113.6398,34.6777],[113.6497,34.6738],[113.6573,34.6718],[113.6674,34.6704],[113.6976,34.6707],[113.707,34.6722],[113.7456,34.6814],[113.7612,34.6874],[113.7652,34.6901],[113.7688,34.6937],[113.7773,34.7086],[113.7787,34.7122],[113.7792,34.7157],[113.7788,34.7209],[113.7747,34.7351],[113.7738,34.7629]]}},{"type":"Feature","properties":{"daily_trains":220.4,"path_trains":218.43},"geometry":{"type":"LineString","coordinates":[[114.8259,34.7687],[114.7863,34.7838],[114.761,34.7978],[114.7541,34.8009],[114.7467,34.8034],[114.7375,34.8053],[114.7307,34.8065],[114.7218,34.807],[114.7113,34.8063],[114.6497,34.7994],[114.6323,34.7994],[114.5692,34.8077],[114.4717,34.8218],[114.4376,34.8289],[114.3967,34.8412],[114.38,34.8439],[114.2939,34.844],[114.1788,34.8351],[114.0623,34.8206],[114.0498,34.8197],[114.0376,34.8205],[114.0255,34.823],[114.0121,34.8278],[113.993,34.8377],[113.9833,34.8414],[113.9707,34.8443],[113.9571,34.8454],[113.8297,34.8372],[113.7938,34.8313],[113.7852,34.8292],[113.7795,34.8262],[113.775,34.8225],[113.7717,34.818],[113.7696,34.8126],[113.7692,34.8071],[113.7711,34.7805],[113.7725,34.7717],[113.7721,34.7686],[113.7724,34.7717],[113.7725,34.7717]]}},{"type":"Feature","properties":{"daily_trains":178.6,"path_trains":120.57},"geometry":{"type":"LineString","coordinates":[[117.2986,34.2759],[117.2947,34.2859],[117.2926,34.2936],[117.2908,34.3089],[117.2882,34.3206],[117.2858,34.326],[117.281,34.3316],[117.2727,34.3367],[117.2266,34.3538],[117.2183,34.3562],[117.2104,34.3573],[117.2021,34.3574],[117.1938,34.3562],[117.184,34.3532],[117.1686,34.3461],[117.1347,34.3234],[117.0987,34.3047],[117.0711,34.2867],[117.0352,34.2673],[117.0286,34.2641],[116.988,34.2478],[116.9712,34.2425],[116.9539,34.2398],[116.8886,34.2346],[116.8107,34.2198],[116.8004,34.2184],[116.578,34.2074],[116.5572,34.2082],[116.5415,34.2111],[116.4974,34.2231],[116.4833,34.2284],[116.4729,34.2342],[116.4618,34.2426],[116.3455,34.3507],[116.2665,34.4106],[116.2608,34.4141],[116.2484,34.42],[116.2343,34.4246],[116.1558,34.4385],[116.1425,34.4394],[115.9813,34.4306],[115.7986,34.4301],[115.7288,34.4265],[115.721,34.4265],[115.7077,34.4279],[115.6979,34.43],[115.6717,34.4382],[115.6479,34.4478]]}},{"type":"Feature","properties":{"daily_trains":179.4,"path_trains":196.93},"geometry":{"type":"LineString","coordinates":[[114.8259,34.7687],[114.8617,34.7557],[115.0256,34.7073],[115.105,34.6892],[115.1824,34.6588]]}},{"type":"Feature","properties":{"daily_trains":179.4,"path_trains":179.43},"geometry":{"type":"LineString","coordinates":[[115.1824,34.6588],[115.2052,34.6491],[115.2568,34.6169],[115.3321,34.5789],[115.4884,34.5131],[115.5213,34.5013],[115.5839,34.475],[115.6037,34.4658],[115.6479,34.4477]]}},{"type":"Feature","properties":{"daily_trains":178.6,"path_trains":185.57},"geometry":{"type":"LineString","coordinates":[[115.6479,34.4477],[115.6479,34.4478]]}},{"type":"Feature","properties":{"daily_trains":4.1,"path_trains":613.57},"geometry":{"type":"LineString","coordinates":[[113.2181,23.0377],[113.2181,23.0377]]}},{"type":"Feature","properties":{"daily_trains":0.9,"path_trains":164.43},"geometry":{"type":"LineString","coordinates":[[114.4818,30.5314],[114.4818,30.5314]]}},{"type":"Feature","properties":{"daily_trains":80.1,"path_trains":147.0},"geometry":{"type":"LineString","coordinates":[[112.2812,32.009],[112.2889,32.0149]]}},{"type":"Feature","properties":{"daily_trains":69.3,"path_trains":223.57},"geometry":{"type":"LineString","coordinates":[[106.4479,29.5569],[106.4406,29.5605],[106.435,29.5611],[106.3953,29.5547],[106.3797,29.5509]]}},{"type":"Feature","properties":{"daily_trains":26.9,"path_trains":174.14},"geometry":{"type":"LineString","coordinates":[[106.3866,29.5527],[106.4161,29.5578],[106.4203,29.5578],[106.4242,29.5569],[106.4274,29.5547],[106.4296,29.5523],[106.4301,29.5501]]}},{"type":"Feature","properties":{"daily_trains":1.4,"path_trains":178.57},"geometry":{"type":"LineString","coordinates":[[105.11,29.5949],[105.1075,29.596],[105.1004,29.5973]]}},{"type":"Feature","properties":{"daily_trains":80.1,"path_trains":170.42},"geometry":{"type":"LineString","coordinates":[[112.2889,32.0149],[112.2889,32.015]]}},{"type":"Feature","properties":{"daily_trains":26.9,"path_trains":83.86},"geometry":{"type":"LineString","coordinates":[[106.4305,29.6012],[106.4306,29.6012]]}},{"type":"Feature","properties":{"daily_trains":0.9,"path_trains":269.14},"geometry":{"type":"LineString","coordinates":[[114.2637,30.6253],[114.2647,30.6255]]}},{"type":"Feature","properties":{"daily_trains":0.9,"path_trains":269.14},"geometry":{"type":"LineString","coordinates":[[114.2645,30.6256],[114.2647,30.6255]]}},{"type":"Feature","properties":{"daily_trains":0.4,"path_trains":112.72},"geometry":{"type":"LineString","coordinates":[[104.8746,29.3692],[104.8752,29.3671]]}},{"type":"Feature","properties":{"daily_trains":1.4,"path_trains":178.57},"geometry":{"type":"LineString","coordinates":[[105.11,29.5949],[105.11,29.5949]]}},{"type":"Feature","properties":{"daily_trains":26.9,"path_trains":83.86},"geometry":{"type":"LineString","coordinates":[[106.4305,29.6012],[106.4301,29.5501]]}},{"type":"Feature","properties":{"daily_trains":103.6,"path_trains":145.14},"geometry":{"type":"LineString","coordinates":[[112.2932,32.0187],[112.296,32.0214],[112.2933,32.0184]]}},{"type":"Feature","properties":{"daily_trains":80.1,"path_trains":145.14},"geometry":{"type":"LineString","coordinates":[[112.2889,32.015],[112.3409,32.0553]]}},{"type":"Feature","properties":{"daily_trains":0.9,"path_trains":362.28},"geometry":{"type":"LineString","coordinates":[[114.3206,30.8164],[114.3196,30.8186]]}},{"type":"Feature","properties":{"daily_trains":1.4,"path_trains":178.57},"geometry":{"type":"LineString","coordinates":[[105.1004,29.5973],[105.1006,29.5977]]}},{"type":"Feature","properties":{"daily_trains":0.4,"path_trains":112.72},"geometry":{"type":"LineString","coordinates":[[104.8749,29.3691],[104.8746,29.3692]]}},{"type":"Feature","properties":{"daily_trains":0.4,"path_trains":269.14},"geometry":{"type":"LineString","coordinates":[[114.2639,30.6256],[114.2638,30.6253]]}},{"type":"Feature","properties":{"daily_trains":0.4,"path_trains":269.14},"geometry":{"type":"LineString","coordinates":[[114.2631,30.6251],[114.2638,30.6253]]}},{"type":"Feature","properties":{"daily_trains":330.7,"path_trains":313.71},"geometry":{"type":"LineString","coordinates":[[117.0582,39.1185],[117.0572,39.0743],[117.0518,39.0349],[117.0491,39.0264],[117.031,38.9874],[117.0282,38.9778],[117.008,38.8928],[117.0059,38.8867],[116.9883,38.8481],[116.9848,38.8382],[116.9829,38.8286],[116.9758,38.764],[116.9709,38.7368],[116.9681,38.7271],[116.9383,38.6501],[116.9229,38.6202],[116.9036,38.5739],[116.9003,38.5679],[116.8789,38.5353],[116.8654,38.5057],[116.8626,38.4983],[116.8506,38.4567],[116.8452,38.4436],[116.8377,38.4317],[116.8121,38.3998],[116.7817,38.3558],[116.7765,38.346],[116.7502,38.2768],[116.7382,38.2536],[116.7344,38.2445],[116.7053,38.1349],[116.7014,38.1241],[116.6822,38.0895],[116.6514,38.0043],[116.5934,37.8915],[116.5623,37.8194],[116.5511,37.7875],[116.5366,37.7562],[116.514,37.699],[116.5016,37.6751],[116.4977,37.666],[116.4875,37.6355],[116.4859,37.625],[116.484,37.6032],[116.4824,37.5957],[116.4666,37.5457],[116.4633,37.5317],[116.452,37.454],[116.452,37.4427],[116.4544,37.4249]]}},{"type":"Feature","properties":{"daily_trains":274.6,"path_trains":259.57},"geometry":{"type":"LineString","coordinates":[[116.9257,39.354],[116.9359,39.3412],[116.9433,39.3338],[116.9773,39.3049],[117.0176,39.2736],[117.0242,39.2664],[117.0299,39.2576],[117.0339,39.2482],[117.0534,39.1616],[117.0579,39.1339],[117.0582,39.1185]]}},{"type":"Feature","properties":{"daily_trains":327.7,"path_trains":381.28},"geometry":{"type":"LineString","coordinates":[[116.4544,37.4249],[116.4544,37.4249]]}},{"type":"Feature","properties":{"daily_trains":67.1,"path_trains":171.29},"geometry":{"type":"LineString","coordinates":[[117.1235,39.1557],[117.1045,39.153],[117.0903,39.1482],[117.0844,39.1453],[117.0667,39.1345],[117.063,39.1314],[117.0592,39.1256],[117.0582,39.1185]]}},{"type":"Feature","properties":{"daily_trains":122.1,"path_trains":122.14},"geometry":{"type":"LineString","coordinates":[[117.7524,39.2316],[117.6555,39.1456],[117.6507,39.14],[117.6459,39.1327],[117.635,39.1083],[117.627,39.0983],[117.5815,39.061],[117.5765,39.0573],[117.5684,39.0526],[117.5588,39.0487],[117.5483,39.0461],[117.5372,39.045],[117.5262,39.0454],[117.4536,39.0565],[117.4371,39.0605],[117.4164,39.0672]]}},{"type":"Feature","properties":{"daily_trains":171.3,"path_trains":171.29},"geometry":{"type":"LineString","coordinates":[[117.0909,39.1546],[117.1104,39.1541],[117.1317,39.1564]]}},{"type":"Feature","properties":{"daily_trains":171.3,"path_trains":171.29},"geometry":{"type":"LineString","coordinates":[[117.1317,39.1564],[117.1317,39.1565]]}},{"type":"Feature","properties":{"daily_trains":122.1,"path_trains":122.14},"geometry":{"type":"LineString","coordinates":[[117.7524,39.2316],[117.7524,39.2316]]}},{"type":"Feature","properties":{"daily_trains":122.1,"path_trains":178.14},"geometry":{"type":"LineString","coordinates":[[117.4165,39.0672],[117.4164,39.0672]]}},{"type":"Feature","properties":{"daily_trains":20.7,"path_trains":339.0},"geometry":{"type":"LineString","coordinates":[[113.1277,23.6916],[113.1264,23.6884]]}},{"type":"Feature","properties":{"daily_trains":173.4,"path_trains":154.42},"geometry":{"type":"LineString","coordinates":[[119.8107,41.2251],[119.7661,41.2153],[119.7533,41.2135],[119.7199,41.2141],[119.6315,41.22],[119.5417,41.2189],[119.4452,41.2138],[119.4376,41.2127],[119.4297,41.2109],[119.4128,41.2047],[119.2726,41.1329],[119.2606,41.1278],[119.2482,41.1239],[119.0852,41.0922],[118.7453,41.0499],[118.7275,41.0451],[118.676,41.0273],[118.502,40.9886],[118.4462,40.9733],[118.2996,40.939],[118.2637,40.9288],[118.2533,40.9252],[118.2312,40.9158],[118.2148,40.911],[118.1803,40.9058],[118.0579,40.8791],[117.9973,40.8735],[117.9841,40.8756],[117.9451,40.8856]]}},{"type":"Feature","properties":{"daily_trains":177.4,"path_trains":173.42},"geometry":{"type":"LineString","coordinates":[[116.69,40.2752],[116.7449,40.2882],[116.76,40.2935],[116.7685,40.2979],[116.7754,40.3025],[116.8037,40.3285],[116.8101,40.3331],[116.8214,40.3399],[116.8297,40.3441],[116.8719,40.3628],[116.8835,40.3662],[116.8911,40.3676],[116.907,40.3689],[116.9228,40.3681],[116.933,40.3664],[116.9783,40.3546],[116.9888,40.3525],[117.004,40.3509],[117.0466,40.3524],[117.064,40.3536],[117.0752,40.3558],[117.1342,40.3713],[117.1505,40.3737],[117.1702,40.3741],[117.2248,40.3696],[117.2752,40.3644],[117.2883,40.3643],[117.3467,40.376],[117.3913,40.3809],[117.4076,40.3842],[117.4473,40.3948],[117.4516,40.3967],[117.4785,40.415],[117.4935,40.426],[117.5006,40.4329],[117.5063,40.4397],[117.5483,40.5027],[117.5863,40.5485],[117.6171,40.5895],[117.6306,40.6099],[117.6638,40.671],[117.7183,40.7562],[117.7398,40.7818],[117.8363,40.8682],[117.8712,40.8861],[117.878,40.8882],[117.8911,40.8906],[117.9095,40.8914],[117.9246,40.8902],[117.9451,40.8856]]}},{"type":"Feature","properties":{"daily_trains":177.4,"path_trains":177.42},"geometry":{"type":"LineString","coordinates":[[116.6901,40.2751],[116.6257,40.2598],[116.5244,40.2306],[116.5144,40.2257],[116.5059,40.2194],[116.4998,40.2125],[116.491,40.1988],[116.4882,40.1927],[116.4869,40.1875],[116.4829,40.1673],[116.4815,40.152],[116.4783,40.1382],[116.4788,40.1234],[116.4802,40.1076],[116.477,40.0895],[116.4779,40.0664],[116.4787,40.062],[116.4805,40.0578],[116.4943,40.0371],[116.5041,40.0],[116.5032,39.9863],[116.5035,39.9499]]}},{"type":"Feature","properties":{"daily_trains":173.4,"path_trains":173.42},"geometry":{"type":"LineString","coordinates":[[117.9451,40.8856],[117.9451,40.8856]]}},{"type":"Feature","properties":{"daily_trains":177.4,"path_trains":177.42},"geometry":{"type":"LineString","coordinates":[[116.69,40.2752],[116.692,40.2756]]}},{"type":"Feature","properties":{"daily_trains":177.4,"path_trains":177.42},"geometry":{"type":"LineString","coordinates":[[116.6901,40.2751],[116.69,40.2752]]}},{"type":"Feature","properties":{"daily_trains":115.9,"path_trains":110.85},"geometry":{"type":"LineString","coordinates":[[112.955,33.2529],[112.9606,33.2604],[112.9643,33.2664],[112.9677,33.2737],[112.9711,33.284],[112.9779,33.321],[112.9808,33.3462],[112.9855,33.3689],[112.9908,33.4128],[112.9913,33.4432],[112.9883,33.4661],[112.9885,33.4784],[112.9902,33.4879],[112.9985,33.5134],[113.0,33.5238],[113.0013,33.5426],[113.0117,33.5834],[113.0148,33.6072],[113.0152,33.6361],[113.022,33.6826],[113.0219,33.6929],[113.018,33.7237],[113.0186,33.7366],[113.0201,33.7431],[113.024,33.7527],[113.0378,33.7797],[113.0447,33.7902],[113.0536,33.7998],[113.063,33.8075],[113.0985,33.8299],[113.1066,33.8357],[113.1134,33.8418],[113.1263,33.855],[113.136,33.8625],[113.1943,33.9022],[113.2042,33.9073],[113.2319,33.9193],[113.2383,33.9229],[113.2476,33.9294],[113.2539,33.9348],[113.2719,33.9533],[113.2925,33.9764],[113.3056,33.9864],[113.3164,33.9924],[113.335,34.0004],[113.3585,34.0135],[113.3834,34.0227],[113.3921,34.0267],[113.399,34.0308],[113.4165,34.0436],[113.428,34.0496],[113.469,34.0631],[113.5005,34.071],[113.5103,34.0741],[113.5218,34.079],[113.5354,34.0874],[113.5477,34.0981],[113.5546,34.1064],[113.559,34.1132],[113.5759,34.1451],[113.5799,34.1557],[113.5844,34.1709],[113.5881,34.1793],[113.591,34.1842],[113.601,34.1965],[113.6106,34.2046],[113.6177,34.2092],[113.633,34.2163],[113.7518,34.2616],[113.8057,34.2779],[113.8551,34.2898],[113.8681,34.2954],[113.8797,34.3031],[113.8878,34.3109],[113.8949,34.3205],[113.8987,34.3281],[113.9009,34.3357],[113.9097,34.3974],[113.9267,34.4549],[113.9279,34.4654],[113.9279,34.4828]]}},{"type":"Feature","properties":{"daily_trains":77.9,"path_trains":70.35},"geometry":{"type":"LineString","coordinates":[[112.6616,32.9568],[112.6289,32.9263],[112.6188,32.9182],[112.6081,32.9118],[112.552,32.885],[112.5325,32.8725],[112.5219,32.8639],[112.4749,32.8166],[112.455,32.798],[112.4489,32.7901],[112.4387,32.7722],[112.4347,32.7664],[112.4277,32.7586],[112.4114,32.7429],[112.3987,32.7246],[112.3897,32.7146],[112.3794,32.7066],[112.3553,32.6923],[112.3502,32.6882],[112.3287,32.6683],[112.292,32.6409],[112.2836,32.6336],[112.2758,32.6247],[112.2696,32.6148],[112.2558,32.5872],[112.2522,32.5782],[112.2494,32.5657],[112.2488,32.5525],[112.2555,32.499],[112.2574,32.4886],[112.2968,32.3764],[112.3248,32.3233],[112.3298,32.311],[112.335,32.2856],[112.3427,32.2636],[112.3461,32.2519],[112.3698,32.1149],[112.3705,32.1055],[112.3699,32.0977],[112.3682,32.0905],[112.3651,32.0825],[112.3607,32.0748],[112.3556,32.0681],[112.3497,32.0622],[112.341,32.0553]]}},{"type":"Feature","properties":{"daily_trains":1.0,"path_trains":112.72},"geometry":{"type":"LineString","coordinates":[[104.8716,29.3806],[104.8713,29.3806]]}},{"type":"Feature","properties":{"daily_trains":110.9,"path_trains":105.85},"geometry":{"type":"LineString","coordinates":[[112.947,33.2443],[112.9036,33.198],[112.897,33.1918],[112.8882,33.1849],[112.8669,33.1726],[112.8625,33.1695],[112.8519,33.1596],[112.8468,33.1528],[112.8317,33.1235],[112.8255,33.1128],[112.7846,33.064],[112.7729,33.0541],[112.7542,33.0419],[112.7477,33.0371],[112.6616,32.9568]]}},{"type":"Feature","properties":{"daily_trains":72.9,"path_trains":145.14},"geometry":{"type":"LineString","coordinates":[[112.3409,32.0553],[112.341,32.0553]]}},{"type":"Feature","properties":{"daily_trains":110.9,"path_trains":105.85},"geometry":{"type":"LineString","coordinates":[[112.947,33.2443],[112.9549,33.2529]]}},{"type":"Feature","properties":{"daily_trains":1.0,"path_trains":112.72},"geometry":{"type":"LineString","coordinates":[[104.872,29.3779],[104.8718,29.3778]]}},{"type":"Feature","properties":{"daily_trains":110.9,"path_trains":105.85},"geometry":{"type":"LineString","coordinates":[[112.947,33.2443],[112.947,33.2443]]}},{"type":"Feature","properties":{"daily_trains":14.0,"path_trains":177.42},"geometry":{"type":"LineString","coordinates":[[116.5033,39.9367],[116.5035,39.9499]]}},{"type":"Feature","properties":{"daily_trains":30.0,"path_trains":318.0},"geometry":{"type":"LineString","coordinates":[[119.0528,25.3436],[119.0553,25.3511]]}},{"type":"Feature","properties":{"daily_trains":30.0,"path_trains":318.0},"geometry":{"type":"LineString","coordinates":[[119.0538,25.3456],[119.0528,25.3436]]}},{"type":"Feature","properties":{"daily_trains":72.0,"path_trains":165.28},"geometry":{"type":"LineString","coordinates":[[119.358,35.3588],[119.3658,35.3614],[119.3874,35.3665],[119.3953,35.3705],[119.4006,35.3752],[119.404,35.3792],[119.4163,35.3955]]}},{"type":"Feature","properties":{"daily_trains":85.1,"path_trains":83.14},"geometry":{"type":"LineString","coordinates":[[117.6712,35.4478],[117.696,35.4436],[117.7181,35.4371],[117.7483,35.4241],[117.7948,35.41],[117.8291,35.3932],[117.8411,35.3855],[117.8446,35.3824],[117.8531,35.3725],[117.8647,35.3555],[117.8745,35.3452],[117.8802,35.3406],[117.8873,35.336],[117.8993,35.3298],[117.9781,35.3062],[117.9871,35.3043],[118.0156,35.3015],[118.0252,35.2997],[118.0362,35.2964],[118.0576,35.2879],[118.0642,35.2859],[118.1417,35.2663],[118.2147,35.2382],[118.2474,35.2196],[118.2587,35.2142],[118.2693,35.2112],[118.2987,35.2069],[118.3224,35.2004],[118.3326,35.1983],[118.346,35.197],[118.4244,35.1967],[118.4652,35.1932],[118.4842,35.1938],[118.4959,35.1959],[118.5419,35.2092],[118.597,35.2336],[118.6106,35.2381],[118.6747,35.2519],[118.7265,35.267],[118.7357,35.2691],[118.7478,35.2708],[118.7874,35.2738]]}},{"type":"Feature","properties":{"daily_trains":85.1,"path_trains":83.14},"geometry":{"type":"LineString","coordinates":[[117.6712,35.4478],[117.6278,35.4545],[117.5942,35.458],[117.5848,35.4597],[117.5036,35.4827],[117.4882,35.4866],[117.4773,35.4877],[117.4672,35.4878],[117.4304,35.483],[117.4208,35.4832],[117.4109,35.4847],[117.4003,35.488],[117.3907,35.4929],[117.3564,35.5183],[117.3492,35.5228],[117.3376,35.5284],[117.3294,35.5312],[117.3163,35.5342],[117.3073,35.5353],[117.2967,35.5356],[117.2488,35.5337],[117.2129,35.5375],[117.2048,35.5375],[117.1929,35.5362],[117.183,35.5331],[117.1702,35.5272],[117.1642,35.5232],[117.15,35.5108],[117.1432,35.5064],[117.1365,35.5034],[117.1234,35.5001]]}},{"type":"Feature","properties":{"daily_trains":72.0,"path_trains":70.0},"geometry":{"type":"LineString","coordinates":[[118.7874,35.2738],[118.8568,35.2786],[118.9224,35.2754],[118.9393,35.2753],[119.0045,35.2759],[119.0447,35.2796],[119.0561,35.2799],[119.0919,35.2789],[119.1095,35.2806],[119.1842,35.2931],[119.22,35.297],[119.2265,35.2982],[119.2379,35.3015],[119.2455,35.3046],[119.2827,35.323],[119.3196,35.3371],[119.3313,35.3433],[119.3481,35.3544],[119.358,35.3588]]}},{"type":"Feature","properties":{"daily_trains":78.4,"path_trains":76.43},"geometry":{"type":"LineString","coordinates":[[117.118,35.499],[117.1087,35.498],[117.105,35.4986],[117.1014,35.5],[117.0964,35.5044],[117.0929,35.5128],[117.0899,35.5164],[117.0867,35.5185],[117.074,35.5242],[117.0708,35.5264],[117.0677,35.5312],[117.0645,35.5508]]}},{"type":"Feature","properties":{"daily_trains":85.1,"path_trains":88.86},"geometry":{"type":"LineString","coordinates":[[117.0038,35.5161],[117.0387,35.5023],[117.0474,35.4997],[117.0588,35.4975],[117.0812,35.4954],[117.0931,35.4952],[117.1055,35.4965],[117.1234,35.5001]]}},{"type":"Feature","properties":{"daily_trains":273.0,"path_trains":501.58},"geometry":{"type":"LineString","coordinates":[[116.3675,39.8587],[116.3695,39.8613],[116.3727,39.8636]]}},{"type":"Feature","properties":{"daily_trains":22.0,"path_trains":501.58},"geometry":{"type":"LineString","coordinates":[[116.3827,39.8661],[116.3769,39.866],[116.3728,39.8635]]}},{"type":"Feature","properties":{"daily_trains":29.6,"path_trains":29.57},"geometry":{"type":"LineString","coordinates":[[119.4647,36.794],[119.4749,36.7927],[119.4833,36.7931],[119.4922,36.7954],[119.4995,36.7994],[119.5049,36.8044],[119.5088,36.8106],[119.5182,36.8402],[119.5228,36.8499],[119.5293,36.8595],[119.5376,36.8681],[119.5478,36.8758],[119.5571,36.8811],[119.6121,36.9052],[119.6221,36.9117],[119.63,36.9182],[119.637,36.9258],[119.6424,36.9337],[119.6733,36.99],[119.6824,37.0015],[119.6923,37.0104],[119.7219,37.0304],[119.7429,37.0461],[119.7492,37.0499],[119.7722,37.0597],[119.8045,37.0716],[119.8183,37.0787],[119.8286,37.0867],[119.844,37.1033],[119.8499,37.1087],[119.8585,37.115],[119.8677,37.1202],[119.8793,37.125],[119.8902,37.1281],[119.9404,37.1365],[119.9516,37.1393],[119.9682,37.146],[119.9855,37.1568],[119.9975,37.1668],[120.0864,37.2555],[120.0929,37.2603],[120.1005,37.2646],[120.1358,37.281],[120.1653,37.3036],[120.1752,37.3141],[120.1831,37.3255],[120.1899,37.3333],[120.2102,37.3505],[120.2238,37.3662],[120.2381,37.3805],[120.2443,37.3892],[120.248,37.3975]]}},{"type":"Feature","properties":{"daily_trains":29.6,"path_trains":77.43},"geometry":{"type":"LineString","coordinates":[[119.4647,36.7937],[119.4647,36.794]]}},{"type":"Feature","properties":{"daily_trains":25.6,"path_trains":109.28},"geometry":{"type":"LineString","coordinates":[[121.3258,37.4904],[121.326,37.4902]]}},{"type":"Feature","properties":{"daily_trains":48.0,"path_trains":351.14},"geometry":{"type":"LineString","coordinates":[[116.887,36.5515],[116.8889,36.559],[116.8898,36.5669],[116.8919,36.5713],[116.91,36.5916],[116.9169,36.6008],[116.9244,36.6059]]}},{"type":"Feature","properties":{"daily_trains":48.0,"path_trains":351.14},"geometry":{"type":"LineString","coordinates":[[116.8871,36.5515],[116.887,36.5515]]}},{"type":"Feature","properties":{"daily_trains":103.9,"path_trains":103.85},"geometry":{"type":"LineString","coordinates":[[110.7873,21.5348],[110.7788,21.5256],[110.7458,21.4933],[110.7269,21.477],[110.7074,21.4574],[110.6962,21.4501],[110.666,21.4371],[110.6298,21.4168],[110.6214,21.4104],[110.5799,21.3719],[110.5723,21.3636],[110.5677,21.3561],[110.5567,21.3264],[110.5508,21.3153],[110.5424,21.3046],[110.5323,21.2959],[110.5241,21.2906],[110.4905,21.2716],[110.4819,21.2678],[110.469,21.2651],[110.4577,21.2646],[110.4421,21.2652],[110.4314,21.2629],[110.4249,21.2595],[110.3892,21.2351],[110.3608,21.2241]]}},{"type":"Feature","properties":{"daily_trains":101.1,"path_trains":156.71},"geometry":{"type":"LineString","coordinates":[[110.7873,21.5348],[110.7873,21.5348]]}},{"type":"Feature","properties":{"daily_trains":177.0,"path_trains":497.42},"geometry":{"type":"LineString","coordinates":[[113.0603,28.138],[113.0601,28.1381]]}},{"type":"Feature","properties":{"daily_trains":64.6,"path_trains":58.57},"geometry":{"type":"LineString","coordinates":[[117.9246,31.6133],[117.9335,31.5985],[117.9375,31.5869],[117.9387,31.5751],[117.9373,31.5562],[117.9379,31.5453],[117.9486,31.4999],[117.9492,31.492],[117.9484,31.4761],[117.9487,31.4676],[117.9675,31.2687],[117.9668,31.2532],[117.951,31.1359],[117.9509,31.1274],[117.9517,31.1201],[117.9549,31.1081],[117.9593,31.0987],[117.9632,31.0924],[117.984,31.0624],[117.9938,31.0441],[117.9992,31.0359],[118.0243,31.007],[118.0483,30.981],[118.0632,30.9703],[118.0854,30.956],[118.1235,30.9267],[118.1307,30.9223],[118.1462,30.9155],[118.1969,30.8964],[118.246,30.8818],[118.2534,30.8786],[118.2641,30.8723],[118.2758,30.8624],[118.2846,30.8516],[118.3134,30.8008],[118.3385,30.7475],[118.3613,30.7073],[118.3708,30.6891],[118.3911,30.6427],[118.3988,30.6304],[118.4166,30.6086],[118.4325,30.5767],[118.4408,30.5582],[118.4554,30.5068],[118.4683,30.476],[118.4708,30.4679],[118.4771,30.4414],[118.481,30.4317],[118.4985,30.3812],[118.5088,30.346],[118.5141,30.321],[118.5313,30.2745],[118.5383,30.2573],[118.5647,30.2225],[118.5879,30.1875],[118.6006,30.1721],[118.603,30.1682],[118.6065,30.1595],[118.6083,30.1473],[118.6078,30.1382],[118.6065,30.1307],[118.6026,30.1174],[118.6,30.1112],[118.5938,30.1003],[118.5849,30.0901],[118.5728,30.0801],[118.5462,30.0597],[118.5291,30.0499]]}},{"type":"Feature","properties":{"daily_trains":55.6,"path_trains":215.43},"geometry":{"type":"LineString","coordinates":[[118.4021,29.9219],[118.402,29.9223]]}},{"type":"Feature","properties":{"daily_trains":97.7,"path_trains":164.0},"geometry":{"type":"LineString","coordinates":[[115.9482,28.4797],[115.9445,28.4763],[115.9402,28.4751],[115.9371,28.4756],[115.9294,28.4791],[115.8937,28.5017],[115.8586,28.5192],[115.854,28.5229],[115.8511,28.5262],[115.8474,28.5318],[115.8457,28.5362]]}},{"type":"Feature","properties":{"daily_trains":8.0,"path_trains":181.57},"geometry":{"type":"LineString","coordinates":[[115.1994,24.1194],[115.2005,24.1146],[115.202,24.1126],[115.2043,24.1111],[115.2085,24.1104],[115.2177,24.1118]]}},{"type":"Feature","properties":{"daily_trains":97.7,"path_trains":316.43},"geometry":{"type":"LineString","coordinates":[[115.8452,28.5362],[115.8451,28.5362]]}},{"type":"Feature","properties":{"daily_trains":38.6,"path_trains":38.57},"geometry":{"type":"LineString","coordinates":[[113.6309,34.7625],[113.6125,34.7657],[113.5768,34.7738],[113.5496,34.7731],[113.5251,34.7705],[113.5196,34.7695],[113.5147,34.7676],[113.5043,34.761],[113.4747,34.7454]]}},{"type":"Feature","properties":{"daily_trains":38.6,"path_trains":260.71},"geometry":{"type":"LineString","coordinates":[[113.4475,34.7423],[113.4589,34.7417],[113.4641,34.742],[113.47,34.7434],[113.4747,34.7454]]}},{"type":"Feature","properties":{"daily_trains":95.1,"path_trains":72.57},"geometry":{"type":"LineString","coordinates":[[115.7586,39.0498],[115.7735,39.0658],[115.7776,39.0682],[115.7827,39.0696],[115.7884,39.0695],[115.8063,39.0661],[115.8177,39.0657],[115.8344,39.0672],[115.895,39.0705],[115.9201,39.0756],[115.9337,39.0766],[115.9464,39.0755],[115.9832,39.0682],[115.9918,39.0675],[116.0003,39.0677],[116.0096,39.069],[116.1335,39.0956],[116.146,39.0971],[116.2194,39.0949],[116.3021,39.0995],[116.3108,39.0994],[116.3215,39.0979],[116.3952,39.0786],[116.4374,39.0755],[116.4501,39.0757],[116.4868,39.0816],[116.499,39.0844],[116.519,39.091],[116.5421,39.1027],[116.5566,39.1068],[116.5676,39.108],[116.639,39.1105],[116.6514,39.1127],[116.6728,39.1193],[116.681,39.1212],[116.7136,39.1237],[116.7236,39.1253],[116.7369,39.1296],[116.7766,39.1473],[116.7876,39.1505],[116.7993,39.1526],[116.8105,39.1535],[116.8213,39.1533],[116.8522,39.1494],[116.8602,39.1489],[116.8689,39.1492],[116.8872,39.1513],[116.8984,39.1514],[116.9084,39.1503],[116.9288,39.1461],[116.9421,39.1453],[116.9532,39.1461],[116.9717,39.1498],[116.9806,39.1509],[116.9919,39.1508],[117.014,39.148],[117.0242,39.1476],[117.0515,39.1499],[117.0836,39.1542],[117.0909,39.1546]]}},{"type":"Feature","properties":{"daily_trains":47.0,"path_trains":366.28},"geometry":{"type":"LineString","coordinates":[[114.2983,30.8642],[114.301,30.8741],[114.3063,30.883],[114.3109,30.8878],[114.322,30.8976],[114.3305,30.9037]]}},{"type":"Feature","properties":{"daily_trains":47.0,"path_trains":366.28},"geometry":{"type":"LineString","coordinates":[[114.2983,30.8642],[114.2986,30.8646]]}},{"type":"Feature","properties":{"daily_trains":71.3,"path_trains":71.29},"geometry":{"type":"LineString","coordinates":[[117.0038,35.516],[116.9751,35.5276],[116.9641,35.5337],[116.9507,35.5425],[116.941,35.5473],[116.9255,35.5521],[116.9096,35.5542],[116.8999,35.554],[116.8888,35.5527],[116.8544,35.5456],[116.8434,35.5409],[116.8243,35.5294],[116.8117,35.5243],[116.7955,35.5205],[116.7839,35.5196],[116.7734,35.5199],[116.7633,35.5212],[116.7233,35.5283],[116.712,35.5293],[116.7016,35.5289],[116.6747,35.5254],[116.6428,35.5269],[116.5807,35.5244],[116.5717,35.5255],[116.5618,35.5278],[116.5387,35.5367],[116.5307,35.5389],[116.5209,35.5404],[116.5129,35.5404],[116.4964,35.5379],[116.484,35.533],[116.4772,35.5289],[116.4495,35.5081],[116.4095,35.4865],[116.4004,35.4822],[116.3898,35.4782],[116.3713,35.4735]]}},{"type":"Feature","properties":{"daily_trains":71.3,"path_trains":71.29},"geometry":{"type":"LineString","coordinates":[[116.0751,35.4469],[116.0976,35.4448],[116.1269,35.4463],[116.1488,35.4487],[116.1878,35.4568],[116.2104,35.4592],[116.2854,35.4581],[116.2979,35.4585],[116.3713,35.4735]]}},{"type":"Feature","properties":{"daily_trains":41.3,"path_trains":106.43},"geometry":{"type":"LineString","coordinates":[[117.0692,35.4965],[117.0793,35.4959],[117.084,35.4966],[117.0896,35.4994],[117.0928,35.5035],[117.0939,35.5085],[117.0932,35.5117],[117.0919,35.5141],[117.088,35.5177],[117.081,35.5209]]}},{"type":"Feature","properties":{"daily_trains":71.3,"path_trains":71.29},"geometry":{"type":"LineString","coordinates":[[116.0751,35.4469],[116.027,35.4533],[116.0167,35.454],[115.9853,35.4538],[115.9563,35.4509],[115.9233,35.4508],[115.909,35.4487],[115.9017,35.4466],[115.8925,35.4434],[115.8634,35.4306],[115.839,35.4183],[115.8293,35.4126],[115.7777,35.375],[115.7699,35.3698],[115.7624,35.3661],[115.7442,35.3587],[115.7339,35.3535],[115.7081,35.3366],[115.6854,35.3195],[115.6772,35.3149],[115.6524,35.3045],[115.6389,35.2964],[115.6313,35.2897],[115.6091,35.2648],[115.6043,35.2582],[115.5993,35.2487],[115.5876,35.2181],[115.5812,35.2074],[115.5705,35.1966],[115.5413,35.171],[115.5313,35.163],[115.523,35.1578],[115.4965,35.1434],[115.4827,35.1377],[115.4699,35.1347],[115.4232,35.1264],[115.4134,35.1238],[115.3474,35.0976],[115.3163,35.0899],[115.2993,35.0834],[115.2896,35.0784],[115.2655,35.0622],[115.2547,35.0565],[115.2382,35.0508],[115.2092,35.0438],[115.1927,35.037],[115.1583,35.0208],[115.1425,35.0119],[115.1334,35.005],[115.1263,34.9979]]}},{"type":"Feature","properties":{"daily_trains":71.3,"path_trains":71.29},"geometry":{"type":"LineString","coordinates":[[117.0038,35.5161],[117.0038,35.516]]}},{"type":"Feature","properties":{"daily_trains":198.6,"path_trains":174.57},"geometry":{"type":"LineString","coordinates":[[118.8068,28.8996],[118.8202,28.9018],[118.8319,28.9056],[118.8575,28.9175],[118.9054,28.9374],[118.9166,28.9434],[118.9378,28.9564],[118.9441,28.9596],[118.9654,28.969],[118.974,28.9718],[118.9877,28.9741],[119.012,28.9742],[119.0214,28.9748],[119.0338,28.9771],[119.0437,28.9801],[119.0495,28.9827],[119.0731,28.9944],[119.0829,28.9976],[119.0906,28.9993],[119.1013,29.0006],[119.2026,29.0081],[119.2142,29.0098],[119.2268,29.0133],[119.2387,29.0183],[119.3648,29.0841],[119.3748,29.0884],[119.3836,29.0914],[119.3965,29.0939],[119.4904,29.1008],[119.5066,29.1011],[119.5371,29.098],[119.5526,29.0986],[119.5611,29.0999],[119.6392,29.1163]]}},{"type":"Feature","properties":{"daily_trains":198.6,"path_trains":204.86},"geometry":{"type":"LineString","coordinates":[[119.7722,29.1542],[119.7387,29.1439],[119.7043,29.1278],[119.6932,29.124],[119.6701,29.1195],[119.6498,29.118],[119.6392,29.1163]]}},{"type":"Feature","properties":{"daily_trains":39.0,"path_trains":39.0},"geometry":{"type":"LineString","coordinates":[[117.3207,34.2288],[117.3356,34.214],[117.3413,34.2115],[117.348,34.2112],[117.3659,34.2176],[117.4174,34.2323],[117.4329,34.2342],[117.4683,34.2338],[117.4772,34.2344],[117.5627,34.2482],[117.5731,34.2507],[117.6653,34.2777],[117.7035,34.283],[117.7328,34.2898],[117.8429,34.3043],[117.8918,34.3097],[117.9155,34.3137],[118.025,34.3276],[118.0525,34.3285],[118.075,34.3306],[118.1158,34.3299],[118.1995,34.3334],[118.2353,34.3309],[118.2678,34.3338],[118.2771,34.3335],[118.3453,34.3275],[118.3571,34.3271],[118.3967,34.3304],[118.408,34.3322],[118.4295,34.3376],[118.5039,34.364],[118.5517,34.3881],[118.5854,34.4009],[118.6109,34.4148],[118.6219,34.4226],[118.6311,34.4316],[118.6656,34.4741],[118.6711,34.4799],[118.6747,34.4832],[118.6853,34.4908],[118.6915,34.4943],[118.7015,34.4985],[118.7566,34.5154],[118.788,34.5242],[118.8024,34.5265],[118.847,34.53],[118.8614,34.533],[118.8725,34.5371],[118.9052,34.5531],[118.9119,34.5558],[118.9617,34.5705],[119.0514,34.5849],[119.0766,34.588],[119.0992,34.5931],[119.1248,34.5968],[119.1354,34.6002],[119.1504,34.6079]]}},{"type":"Feature","properties":{"daily_trains":46.6,"path_trains":266.57},"geometry":{"type":"LineString","coordinates":[[113.9279,34.4833],[113.9275,34.4907]]}},{"type":"Feature","properties":{"daily_trains":46.6,"path_trains":266.57},"geometry":{"type":"LineString","coordinates":[[113.9275,34.4907],[113.9271,34.4907]]}},{"type":"Feature","properties":{"daily_trains":46.6,"path_trains":266.57},"geometry":{"type":"LineString","coordinates":[[113.9264,34.4907],[113.9265,34.4912]]}},{"type":"Feature","properties":{"daily_trains":25.3,"path_trains":373.86},"geometry":{"type":"LineString","coordinates":[[115.7799,28.6284],[115.7847,28.6269]]}},{"type":"Feature","properties":{"daily_trains":25.3,"path_trains":376.86},"geometry":{"type":"LineString","coordinates":[[115.7948,28.623],[115.7847,28.6269]]}},{"type":"Feature","properties":{"daily_trains":25.3,"path_trains":373.86},"geometry":{"type":"LineString","coordinates":[[115.7847,28.6269],[115.7847,28.6269]]}},{"type":"Feature","properties":{"daily_trains":25.3,"path_trains":324.86},"geometry":{"type":"LineString","coordinates":[[115.7948,28.6232],[115.7948,28.623]]}},{"type":"Feature","properties":{"daily_trains":25.3,"path_trains":304.57},"geometry":{"type":"LineString","coordinates":[[115.7799,28.6283],[115.7799,28.6284]]}},{"type":"Feature","properties":{"daily_trains":9.0,"path_trains":130.57},"geometry":{"type":"LineString","coordinates":[[118.113,39.6924],[118.113,39.6924]]}},{"type":"Feature","properties":{"daily_trains":27.6,"path_trains":261.71},"geometry":{"type":"LineString","coordinates":[[119.7164,29.133],[119.7227,29.136],[119.7272,29.1356],[119.7303,29.1328],[119.732,29.1265]]}},{"type":"Feature","properties":{"daily_trains":27.6,"path_trains":244.71},"geometry":{"type":"LineString","coordinates":[[119.7164,29.1331],[119.7178,29.1339]]}},{"type":"Feature","properties":{"daily_trains":90.1,"path_trains":90.14},"geometry":{"type":"LineString","coordinates":[[114.5601,35.6211],[114.5253,35.6113],[114.5164,35.6077],[114.5081,35.6033],[114.4954,35.5943],[114.4287,35.5421],[114.3631,35.4978],[114.3512,35.4916],[114.2288,35.4369],[114.2208,35.4322],[114.1888,35.4098],[114.1787,35.4041],[114.1713,35.4009],[114.1612,35.3976],[114.1104,35.3844],[114.0956,35.3815],[114.0698,35.3778],[114.056,35.3742],[114.0409,35.3676],[114.0057,35.347],[113.9975,35.3415],[113.9909,35.3355],[113.9848,35.3283],[113.957,35.2891],[113.9507,35.2781],[113.9466,35.2661],[113.9399,35.2209],[113.9363,35.2086],[113.9307,35.1967],[113.9221,35.1824],[113.9129,35.1609],[113.9051,35.1487],[113.8871,35.1232],[113.8819,35.1143],[113.8703,35.083],[113.856,35.0504]]}},{"type":"Feature","properties":{"daily_trains":22.6,"path_trains":20.43},"geometry":{"type":"LineString","coordinates":[[104.5724,25.7979],[104.5514,25.7869],[104.55,25.7846],[104.5461,25.7735],[104.5437,25.7611],[104.5441,25.7549],[104.5464,25.7484],[104.5564,25.7278],[104.5574,25.7226],[104.557,25.7182],[104.5206,25.6156],[104.5178,25.6033],[104.5172,25.5966],[104.518,25.5902],[104.5198,25.5833],[104.5224,25.5768],[104.5256,25.5709],[104.532,25.5627],[104.5454,25.5489],[104.558,25.5306],[104.561,25.5253],[104.5634,25.5192],[104.5738,25.4816],[104.5765,25.4751],[104.5829,25.4658],[104.5982,25.4479],[104.6081,25.4386],[104.6829,25.3954],[104.69,25.3899],[104.7274,25.3559],[104.7603,25.3345],[104.7656,25.3299],[104.7798,25.3151],[104.8243,25.2823],[104.8323,25.2728],[104.8418,25.257],[104.8542,25.2411],[104.8636,25.2279],[104.8896,25.1989],[104.8988,25.1798],[104.9032,25.1732],[104.9213,25.1527],[104.9356,25.1402],[104.9378,25.1374],[104.9403,25.1306],[104.941,25.1174],[104.9418,25.1129],[104.956,25.0815]]}},{"type":"Feature","properties":{"daily_trains":8.0,"path_trains":31.0},"geometry":{"type":"LineString","coordinates":[[118.1927,26.5929],[118.2204,26.6049],[118.2269,26.609],[118.2298,26.6134],[118.2329,26.6237],[118.2327,26.6266],[118.2298,26.6354]]}},{"type":"Feature","properties":{"daily_trains":24.0,"path_trains":354.85},"geometry":{"type":"LineString","coordinates":[[114.254,30.6231],[114.2534,30.623]]}},{"type":"Feature","properties":{"daily_trains":18.0,"path_trains":18.0},"geometry":{"type":"LineString","coordinates":[[116.9273,34.2376],[116.912,34.2361],[116.9055,34.233],[116.8759,34.2004],[116.8721,34.1957],[116.8688,34.19],[116.866,34.1821],[116.865,34.1742],[116.8697,34.117],[116.8695,34.1113],[116.8685,34.107],[116.8563,34.0701],[116.8488,34.0563],[116.8357,34.0212],[116.8355,34.017],[116.8381,34.0094],[116.8375,34.0052],[116.8355,34.0025],[116.8183,33.9868],[116.811,33.9787],[116.8037,33.9733]]}},{"type":"Feature","properties":{"daily_trains":18.0,"path_trains":138.57},"geometry":{"type":"LineString","coordinates":[[116.9273,34.2376],[116.9272,34.2378]]}},{"type":"Feature","properties":{"daily_trains":6.1,"path_trains":126.28},"geometry":{"type":"LineString","coordinates":[[121.7975,41.3313],[121.8361,41.3463],[121.8408,41.3475],[121.8455,41.3475],[121.8494,41.3467],[121.867,41.338]]}},{"type":"Feature","properties":{"daily_trains":3.0,"path_trains":537.28},"geometry":{"type":"LineString","coordinates":[[120.2689,30.2228],[120.2599,30.2428],[120.2568,30.2549],[120.2535,30.2601],[120.2493,30.2637],[120.2191,30.281],[120.2155,30.2841]]}},{"type":"Feature","properties":{"daily_trains":1.0,"path_trains":537.28},"geometry":{"type":"LineString","coordinates":[[120.269,30.2228],[120.2754,30.2099],[120.2838,30.2006],[120.2864,30.1966],[120.288,30.1923],[120.2898,30.1817]]}},{"type":"Feature","properties":{"daily_trains":1.0,"path_trains":304.86},"geometry":{"type":"LineString","coordinates":[[120.3076,30.1062],[120.3077,30.1062]]}},{"type":"Feature","properties":{"daily_trains":1.0,"path_trains":196.43},"geometry":{"type":"LineString","coordinates":[[118.7563,28.8779],[118.756,28.8781]]}},{"type":"Feature","properties":{"daily_trains":1.0,"path_trains":537.28},"geometry":{"type":"LineString","coordinates":[[120.2689,30.2228],[120.269,30.2228]]}},{"type":"Feature","properties":{"daily_trains":5.0,"path_trains":268.43},"geometry":{"type":"LineString","coordinates":[[117.1717,32.4726],[117.1671,32.4802]]}},{"type":"Feature","properties":{"daily_trains":5.0,"path_trains":268.43},"geometry":{"type":"LineString","coordinates":[[117.2464,32.069],[117.2461,32.0689]]}},{"type":"Feature","properties":{"daily_trains":17.0,"path_trains":90.14},"geometry":{"type":"LineString","coordinates":[[114.1104,35.3844],[114.1104,35.3844]]}},{"type":"Feature","properties":{"daily_trains":35.0,"path_trains":35.0},"geometry":{"type":"LineString","coordinates":[[115.1263,34.998],[115.1084,34.975],[115.0985,34.9648],[115.048,34.925],[115.0407,34.918],[115.0342,34.9096],[115.0302,34.9028],[115.0189,34.877],[115.0134,34.8674],[114.9895,34.8361],[114.9851,34.8312],[114.9773,34.8243],[114.941,34.7982],[114.9188,34.7784],[114.9092,34.772],[114.8946,34.7655],[114.8836,34.7626],[114.8656,34.7602],[114.8549,34.7596],[114.8504,34.7601],[114.8259,34.7687]]}},{"type":"Feature","properties":{"daily_trains":35.0,"path_trains":35.0},"geometry":{"type":"LineString","coordinates":[[115.1263,34.998],[115.1263,34.9979]]}},{"type":"Feature","properties":{"daily_trains":10.0,"path_trains":270.93},"geometry":{"type":"LineString","coordinates":[[120.1825,30.2522],[120.1838,30.2557],[120.1853,30.2733],[120.1839,30.2777],[120.1799,30.2835],[120.1794,30.2861],[120.1834,30.3061],[120.1827,30.3292],[120.1803,30.3325],[120.1671,30.3395]]}},{"type":"Feature","properties":{"daily_trains":4.0,"path_trains":227.14},"geometry":{"type":"LineString","coordinates":[[120.1671,30.3395],[120.1672,30.3396]]}},{"type":"Feature","properties":{"daily_trains":61.0,"path_trains":185.57},"geometry":{"type":"LineString","coordinates":[[115.6565,34.4443],[115.6568,34.4448]]}},{"type":"Feature","properties":{"daily_trains":2.9,"path_trains":196.43},"geometry":{"type":"LineString","coordinates":[[118.7471,28.8694],[118.7469,28.8695]]}},{"type":"Feature","properties":{"daily_trains":4.0,"path_trains":4.0},"geometry":{"type":"LineString","coordinates":[[117.1947,34.2775],[117.1983,34.2767],[117.2004,34.2745],[117.2048,34.2459],[117.2063,34.2436],[117.2089,34.2424],[117.2152,34.2423],[117.2232,34.2405],[117.2376,34.2395],[117.2598,34.241],[117.2623,34.2405],[117.2669,34.2382],[117.27,34.2381],[117.2723,34.2391],[117.2899,34.2524],[117.3,34.2563],[117.3018,34.259],[117.3015,34.2628]]}},{"type":"Feature","properties":{"daily_trains":4.0,"path_trains":71.29},"geometry":{"type":"LineString","coordinates":[[117.0588,34.2801],[117.0712,34.2871],[117.0751,34.2883],[117.0792,34.2886],[117.1388,34.2817],[117.1958,34.2779]]}},{"type":"Feature","properties":{"daily_trains":4.0,"path_trains":473.14},"geometry":{"type":"LineString","coordinates":[[117.3014,34.2627],[117.3015,34.2628]]}},{"type":"Feature","properties":{"daily_trains":4.0,"path_trains":138.57},"geometry":{"type":"LineString","coordinates":[[117.0588,34.2801],[117.0589,34.2801]]}},{"type":"Feature","properties":{"daily_trains":2.0,"path_trains":4.0},"geometry":{"type":"LineString","coordinates":[[117.1947,34.2775],[117.1948,34.2777]]}},{"type":"Feature","properties":{"daily_trains":1.0,"path_trains":2.14},"geometry":{"type":"LineString","coordinates":[[106.5844,26.6522],[106.5845,26.6521]]}},{"type":"Feature","properties":{"daily_trains":29.1,"path_trains":28.14},"geometry":{"type":"LineString","coordinates":[[109.0701,27.3608],[109.0763,27.3663],[109.082,27.3741],[109.0841,27.3787],[109.0896,27.3957],[109.0984,27.4093],[109.1003,27.4133],[109.1065,27.4387],[109.1099,27.4755],[109.1127,27.4867],[109.1158,27.4929],[109.1254,27.5068],[109.14,27.5321],[109.1427,27.5398],[109.1457,27.5572],[109.1486,27.5647],[109.1671,27.5921],[109.172,27.6014],[109.1849,27.6365],[109.1915,27.6522],[109.2048,27.6732],[109.206,27.6768],[109.2077,27.6873],[109.2088,27.7014],[109.2077,27.7064],[109.1983,27.7334],[109.1983,27.7373]]}},{"type":"Feature","properties":{"daily_trains":29.1,"path_trains":137.57},"geometry":{"type":"LineString","coordinates":[[109.0701,27.3608],[109.0704,27.3607]]}},{"type":"Feature","properties":{"daily_trains":3.0,"path_trains":3.0},"geometry":{"type":"LineString","coordinates":[[106.4446,29.2655],[106.4451,29.2655],[106.4507,29.2555],[106.4555,29.251],[106.4595,29.2494],[106.4631,29.249],[106.4685,29.2492],[106.4732,29.2505],[106.4815,29.2539],[106.4863,29.2575],[106.5014,29.2802],[106.5058,29.2846],[106.5229,29.2923],[106.5275,29.2937],[106.5323,29.2939],[106.5474,29.2922],[106.5547,29.2935],[106.5595,29.2961],[106.562,29.2989],[106.5642,29.3035],[106.5649,29.3094]]}},{"type":"Feature","properties":{"daily_trains":3.0,"path_trains":3.0},"geometry":{"type":"LineString","coordinates":[[106.5649,29.3094],[106.5688,29.3432],[106.5741,29.3546],[106.5768,29.3581],[106.5793,29.3597],[106.5828,29.361],[106.633,29.3685],[106.6389,29.3714],[106.643,29.376],[106.6442,29.3789],[106.6447,29.3831],[106.641,29.4196],[106.6418,29.4297],[106.6441,29.4353],[106.6638,29.4639],[106.665,29.4683],[106.6647,29.4752]]}},{"type":"Feature","properties":{"daily_trains":3.0,"path_trains":46.57},"geometry":{"type":"LineString","coordinates":[[106.6647,29.4752],[106.6593,29.4714],[106.6578,29.4696]]}},{"type":"Feature","properties":{"daily_trains":17.6,"path_trains":194.99},"geometry":{"type":"LineString","coordinates":[[106.6801,29.6426],[106.6744,29.6406],[106.6699,29.6357],[106.6684,29.6327],[106.6661,29.6236],[106.6641,29.6211]]}},{"type":"Feature","properties":{"daily_trains":17.6,"path_trains":17.57},"geometry":{"type":"LineString","coordinates":[[106.6742,29.4935],[106.6783,29.4972],[106.6874,29.4995],[106.6979,29.506],[106.7115,29.5088],[106.7157,29.5112],[106.7304,29.5333],[106.746,29.5544],[106.7649,29.568],[106.7832,29.5924],[106.7974,29.6005],[106.7995,29.6023],[106.8009,29.6059],[106.7995,29.6151],[106.8003,29.6198],[106.7991,29.6221],[106.7964,29.6231],[106.7851,29.6211],[106.774,29.6221],[106.7645,29.6206],[106.7607,29.6208],[106.756,29.6223],[106.7533,29.6214],[106.7486,29.622],[106.7154,29.6158],[106.7101,29.6162],[106.6753,29.6242],[106.6698,29.6239],[106.6644,29.6211]]}},{"type":"Feature","properties":{"daily_trains":17.6,"path_trains":17.57},"geometry":{"type":"LineString","coordinates":[[106.6738,29.4928],[106.6741,29.4936]]}},{"type":"Feature","properties":{"daily_trains":17.6,"path_trains":194.99},"geometry":{"type":"LineString","coordinates":[[106.6801,29.6426],[106.6797,29.6428]]}},{"type":"Feature","properties":{"daily_trains":17.6,"path_trains":17.57},"geometry":{"type":"LineString","coordinates":[[106.6741,29.4936],[106.6742,29.4935]]}},{"type":"Feature","properties":{"daily_trains":14.0,"path_trains":151.57},"geometry":{"type":"LineString","coordinates":[[118.0022,30.9922],[118.0165,30.9957],[118.0243,30.9983],[118.026,31.0003],[118.0266,31.0027],[118.0261,31.0043],[118.023,31.0082]]}},{"type":"Feature","properties":{"daily_trains":14.0,"path_trains":100.0},"geometry":{"type":"LineString","coordinates":[[118.0022,30.9922],[118.0022,30.9922]]}},{"type":"Feature","properties":{"daily_trains":2.0,"path_trains":152.57},"geometry":{"type":"LineString","coordinates":[[118.0283,31.0026],[118.0273,30.9992],[118.025,30.9969],[118.0222,30.9959],[118.0138,30.9947]]}},{"type":"Feature","properties":{"daily_trains":1.0,"path_trains":278.28},"geometry":{"type":"LineString","coordinates":[[118.3645,31.2416],[118.3644,31.2416]]}},{"type":"Feature","properties":{"daily_trains":2.0,"path_trains":100.0},"geometry":{"type":"LineString","coordinates":[[118.0138,30.9947],[118.0141,30.9949]]}},{"type":"Feature","properties":{"daily_trains":2.0,"path_trains":152.57},"geometry":{"type":"LineString","coordinates":[[118.0283,31.0026],[118.0283,31.0026]]}},{"type":"Feature","properties":{"daily_trains":10.0,"path_trains":186.86},"geometry":{"type":"LineString","coordinates":[[102.8466,24.9362],[102.8533,24.9354],[102.8591,24.9337],[102.8632,24.9343],[102.8663,24.9364],[102.8748,24.9487]]}},{"type":"Feature","properties":{"daily_trains":1.0,"path_trains":148.0},"geometry":{"type":"LineString","coordinates":[[118.0616,24.638],[118.0514,24.6332],[118.0415,24.6256],[118.0277,24.6176],[118.0227,24.6137],[118.0084,24.6008],[117.9968,24.5921],[117.991,24.5886],[117.9841,24.5854],[117.9762,24.5826],[117.9439,24.5754],[117.923,24.5699],[117.9074,24.564],[117.8885,24.5582],[117.8809,24.5553],[117.861,24.5458],[117.8519,24.5403],[117.8403,24.5306],[117.8267,24.516]]}},{"type":"Feature","properties":{"daily_trains":1.0,"path_trains":228.57},"geometry":{"type":"LineString","coordinates":[[117.7692,24.4826],[117.7608,24.48]]}},{"type":"Feature","properties":{"daily_trains":1.0,"path_trains":228.57},"geometry":{"type":"LineString","coordinates":[[117.8085,24.4999],[117.7919,24.4903],[117.7692,24.4826]]}},{"type":"Feature","properties":{"daily_trains":1.0,"path_trains":228.57},"geometry":{"type":"LineString","coordinates":[[117.7422,24.4733],[117.742,24.4738]]}},{"type":"Feature","properties":{"daily_trains":1.0,"path_trains":228.57},"geometry":{"type":"LineString","coordinates":[[117.7608,24.48],[117.7608,24.48]]}},{"type":"Feature","properties":{"daily_trains":1.0,"path_trains":228.57},"geometry":{"type":"LineString","coordinates":[[117.7608,24.48],[117.742,24.4738]]}},{"type":"Feature","properties":{"daily_trains":1.0,"path_trains":228.57},"geometry":{"type":"LineString","coordinates":[[117.8267,24.516],[117.8315,24.5163]]}},{"type":"Feature","properties":{"daily_trains":1.0,"path_trains":228.57},"geometry":{"type":"LineString","coordinates":[[117.8085,24.4999],[117.8085,24.4999]]}},{"type":"Feature","properties":{"daily_trains":1.0,"path_trains":228.57},"geometry":{"type":"LineString","coordinates":[[117.7692,24.4826],[117.7692,24.4826]]}},{"type":"Feature","properties":{"daily_trains":2.0,"path_trains":537.28},"geometry":{"type":"LineString","coordinates":[[120.228,30.2759],[120.228,30.2759]]}},{"type":"Feature","properties":{"daily_trains":2.0,"path_trains":298.14},"geometry":{"type":"LineString","coordinates":[[108.4177,22.8446],[108.4177,22.8445]]}},{"type":"Feature","properties":{"daily_trains":19.3,"path_trains":154.42},"geometry":{"type":"LineString","coordinates":[[119.7281,41.2388],[119.7339,41.2363],[119.7373,41.2335],[119.7392,41.2304],[119.7399,41.2258],[119.7392,41.2228],[119.7361,41.2186],[119.7325,41.2164],[119.7269,41.2148],[119.7209,41.2142],[119.7143,41.2145],[119.6315,41.22],[119.5417,41.219],[119.4452,41.2139],[119.4335,41.2119],[119.421,41.208],[119.4128,41.2048],[119.3879,41.1921]]}},{"type":"Feature","properties":{"daily_trains":19.3,"path_trains":37.28},"geometry":{"type":"LineString","coordinates":[[119.7282,41.2389],[119.7281,41.2388]]}},{"type":"Feature","properties":{"daily_trains":9.6,"path_trains":200.56},"geometry":{"type":"LineString","coordinates":[[106.6071,29.6397],[106.6073,29.6392],[106.6134,29.6392],[106.6186,29.6403],[106.6242,29.6434],[106.6275,29.6471],[106.6367,29.6667],[106.6378,29.6708],[106.6378,29.6743],[106.637,29.6774],[106.635,29.6808],[106.6321,29.6836]]}},{"type":"Feature","properties":{"daily_trains":9.6,"path_trains":5.79},"geometry":{"type":"LineString","coordinates":[[106.7227,29.7656],[106.7211,29.7601],[106.7174,29.756],[106.7131,29.7541],[106.7028,29.7528],[106.6986,29.7514],[106.6947,29.7491],[106.6833,29.7397],[106.6785,29.7339],[106.6756,29.7245],[106.6715,29.7208],[106.6594,29.7131],[106.6279,29.698],[106.6254,29.6941],[106.6255,29.6907],[106.6273,29.6877],[106.6321,29.6837]]}},{"type":"Feature","properties":{"daily_trains":2.0,"path_trains":268.43},"geometry":{"type":"LineString","coordinates":[[117.2525,32.0321],[117.2525,32.0321]]}},{"type":"Feature","properties":{"daily_trains":9.1,"path_trains":423.29},"geometry":{"type":"LineString","coordinates":[[104.1172,30.5951],[104.1144,30.5975]]}},{"type":"Feature","properties":{"daily_trains":9.1,"path_trains":423.29},"geometry":{"type":"LineString","coordinates":[[104.1144,30.5974],[104.1144,30.5975]]}},{"type":"Feature","properties":{"daily_trains":4.1,"path_trains":85.71},"geometry":{"type":"LineString","coordinates":[[121.3373,37.401],[121.3407,37.4263]]}},{"type":"Feature","properties":{"daily_trains":4.1,"path_trains":85.71},"geometry":{"type":"LineString","coordinates":[[121.3373,37.401],[121.3373,37.401]]}},{"type":"Feature","properties":{"daily_trains":1.0,"path_trains":85.71},"geometry":{"type":"LineString","coordinates":[[121.336,37.4705],[121.3361,37.4704]]}},{"type":"Feature","properties":{"daily_trains":6.0,"path_trains":6.0},"geometry":{"type":"LineString","coordinates":[[109.0895,34.32],[109.0875,34.3261],[109.0877,34.3282],[109.0888,34.3298],[109.0906,34.331],[109.105,34.3366],[109.1104,34.3396]]}},{"type":"Feature","properties":{"daily_trains":6.0,"path_trains":6.0},"geometry":{"type":"LineString","coordinates":[[109.1445,34.361],[109.1276,34.3482],[109.1104,34.3396]]}},{"type":"Feature","properties":{"daily_trains":6.0,"path_trains":6.0},"geometry":{"type":"LineString","coordinates":[[108.9661,34.2797],[108.9709,34.28],[108.9874,34.2868],[109.0154,34.2955],[109.0303,34.2966],[109.037,34.2986],[109.0508,34.3001],[109.0595,34.3051]]}},{"type":"Feature","properties":{"daily_trains":6.0,"path_trains":164.57},"geometry":{"type":"LineString","coordinates":[[109.228,34.4248],[109.2185,34.4212],[109.2136,34.4182],[109.2106,34.4151],[109.2034,34.4037],[109.2003,34.4004],[109.1811,34.3887],[109.1666,34.3764],[109.156,34.3699],[109.1446,34.361]]}},{"type":"Feature","properties":{"daily_trains":6.0,"path_trains":6.0},"geometry":{"type":"LineString","coordinates":[[109.0595,34.3051],[109.0625,34.3075],[109.0676,34.314],[109.0815,34.3221],[109.0857,34.3226],[109.0877,34.3218],[109.0895,34.32]]}},{"type":"Feature","properties":{"daily_trains":6.0,"path_trains":6.0},"geometry":{"type":"LineString","coordinates":[[109.1445,34.361],[109.1446,34.361]]}},{"type":"Feature","properties":{"daily_trains":6.0,"path_trains":6.0},"geometry":{"type":"LineString","coordinates":[[109.1104,34.3396],[109.1104,34.3396]]}},{"type":"Feature","properties":{"daily_trains":6.0,"path_trains":323.14},"geometry":{"type":"LineString","coordinates":[[109.228,34.4248],[109.2279,34.4249]]}},{"type":"Feature","properties":{"daily_trains":20.0,"path_trains":93.29},"geometry":{"type":"LineString","coordinates":[[118.1113,39.617],[118.1107,39.6213],[118.1109,39.6268],[118.112,39.6393],[118.1076,39.6635],[118.1039,39.6717],[118.0984,39.6778],[118.0924,39.6819],[118.0792,39.6871],[118.0478,39.693],[118.0278,39.6946]]}},{"type":"Feature","properties":{"daily_trains":20.0,"path_trains":122.14},"geometry":{"type":"LineString","coordinates":[[118.1113,39.617],[118.1118,39.617],[118.1119,39.6185]]}},{"type":"Feature","properties":{"daily_trains":20.0,"path_trains":150.14},"geometry":{"type":"LineString","coordinates":[[118.1118,39.6184],[118.1119,39.6185]]}},{"type":"Feature","properties":{"daily_trains":2.0,"path_trains":379.28},"geometry":{"type":"LineString","coordinates":[[116.8027,36.8983],[116.8031,36.8983]]}},{"type":"Feature","properties":{"daily_trains":1.0,"path_trains":182.71},"geometry":{"type":"LineString","coordinates":[[120.4856,36.7869],[120.5039,36.8002],[120.5284,36.8261]]}},{"type":"Feature","properties":{"daily_trains":1.0,"path_trains":274.28},"geometry":{"type":"LineString","coordinates":[[118.3814,31.2572],[118.3803,31.2562]]}},{"type":"Feature","properties":{"daily_trains":6.0,"path_trains":233.14},"geometry":{"type":"LineString","coordinates":[[120.1712,30.3375],[120.1888,30.3286],[120.192,30.3259],[120.1943,30.3225]]}},{"type":"Feature","properties":{"daily_trains":6.0,"path_trains":227.14},"geometry":{"type":"LineString","coordinates":[[120.1712,30.3375],[120.1712,30.3374]]}},{"type":"Feature","properties":{"daily_trains":6.0,"path_trains":531.86},"geometry":{"type":"LineString","coordinates":[[120.1943,30.3225],[120.1943,30.3226]]}},{"type":"Feature","properties":{"daily_trains":1.0,"path_trains":231.0},"geometry":{"type":"LineString","coordinates":[[120.0348,36.3993],[120.039,36.3985]]}},{"type":"Feature","properties":{"daily_trains":5.0,"path_trains":246.42},"geometry":{"type":"LineString","coordinates":[[120.6203,30.088],[120.6204,30.0876],[120.6513,30.0745],[120.6589,30.0718],[120.6862,30.0645],[120.7075,30.0577],[120.7348,30.0526],[120.7433,30.0496],[120.7511,30.0456],[120.758,30.0409],[120.7636,30.0357],[120.7773,30.0176],[120.7845,30.0043],[120.789,29.989]]}},{"type":"Feature","properties":{"daily_trains":5.0,"path_trains":246.42},"geometry":{"type":"LineString","coordinates":[[120.6203,30.088],[120.6203,30.088]]}},{"type":"Feature","properties":{"daily_trains":1.0,"path_trains":555.72},"geometry":{"type":"LineString","coordinates":[[119.2339,32.1621],[119.2339,32.162]]}},{"type":"Feature","properties":{"daily_trains":11.0,"path_trains":352.71},"geometry":{"type":"LineString","coordinates":[[117.0499,39.1772],[117.0536,39.1631],[117.0549,39.1607],[117.0577,39.1576],[117.0623,39.1547],[117.0668,39.1533],[117.0716,39.1529],[117.0783,39.1535]]}},{"type":"Feature","properties":{"daily_trains":8.0,"path_trains":8.0},"geometry":{"type":"LineString","coordinates":[[115.2799,40.5145],[115.2693,40.5235],[115.2666,40.5286],[115.2661,40.5338],[115.2666,40.537],[115.2711,40.5489],[115.2793,40.5626],[115.2819,40.5689],[115.2827,40.5752],[115.2812,40.5906],[115.2816,40.5959],[115.2834,40.6024],[115.2918,40.6213],[115.2982,40.6298],[115.321,40.6529],[115.3257,40.6589],[115.329,40.6661],[115.3333,40.6834],[115.3353,40.6884],[115.3383,40.6932],[115.3459,40.7021],[115.3505,40.7062],[115.3557,40.7096],[115.3713,40.7169],[115.394,40.7295],[115.3986,40.7329],[115.4036,40.7378],[115.4078,40.744],[115.4128,40.7545],[115.463,40.842],[115.4665,40.8536],[115.4689,40.8586],[115.4722,40.8749],[115.4716,40.8806],[115.468,40.888],[115.4645,40.8923],[115.4374,40.9156]]}},{"type":"Feature","properties":{"daily_trains":8.0,"path_trains":8.0},"geometry":{"type":"LineString","coordinates":[[115.4375,40.9156],[115.4325,40.92],[115.4248,40.925],[115.3558,40.9639],[115.3533,40.9671],[115.351,40.9723],[115.3498,40.9821],[115.3489,40.9849],[115.3448,40.9907],[115.3312,41.0035],[115.3259,41.0054],[115.3175,41.0057]]}},{"type":"Feature","properties":{"daily_trains":8.0,"path_trains":185.99},"geometry":{"type":"LineString","coordinates":[[115.2799,40.5145],[115.2798,40.5144]]}},{"type":"Feature","properties":{"daily_trains":8.0,"path_trains":8.0},"geometry":{"type":"LineString","coordinates":[[115.4375,40.9156],[115.4374,40.9156]]}},{"type":"Feature","properties":{"daily_trains":32.0,"path_trains":148.43},"geometry":{"type":"LineString","coordinates":[[121.5935,39.0133],[121.6102,39.0182]]}},{"type":"Feature","properties":{"daily_trains":22.6,"path_trains":22.57},"geometry":{"type":"LineString","coordinates":[[116.6611,39.5771],[116.6447,39.576],[116.6363,39.5735],[116.632,39.5708],[116.6237,39.564],[116.6122,39.5531],[116.6065,39.5503],[116.5991,39.5486],[116.5393,39.5479],[116.5337,39.5483],[116.5232,39.551],[116.5066,39.5597],[116.5004,39.5612],[116.4951,39.5616],[116.4475,39.5552],[116.4214,39.5548],[116.4159,39.5535],[116.4113,39.5508],[116.4081,39.5471],[116.4067,39.5428],[116.4092,39.5235],[116.4116,39.5151],[116.4141,39.5015],[116.4259,39.4753],[116.4267,39.4707],[116.4271,39.4622],[116.4261,39.458],[116.4239,39.4541],[116.4062,39.4373],[116.4036,39.434],[116.4017,39.4293],[116.4011,39.4254],[116.3998,39.3882],[116.3988,39.3474],[116.3997,39.3446],[116.4015,39.3416],[116.4038,39.3393],[116.4074,39.337],[116.4224,39.3299],[116.4284,39.3276],[116.4488,39.3229],[116.4567,39.3189],[116.4688,39.311],[116.4771,39.3077],[116.4888,39.3055],[116.5374,39.3013],[116.5678,39.2999],[116.577,39.2987],[116.6566,39.2744],[116.667,39.2697],[116.6796,39.2603],[116.6821,39.2577],[116.6861,39.2519],[116.6885,39.2451],[116.6938,39.2242],[116.6941,39.2166],[116.6907,39.1815],[116.6912,39.1758],[116.6969,39.1597],[116.697,39.1551],[116.6953,39.1449],[116.6969,39.1392],[116.701,39.1345],[116.7053,39.1321],[116.7249,39.1274],[116.7294,39.1275],[116.7329,39.1283],[116.7485,39.1349]]}},{"type":"Feature","properties":{"daily_trains":22.6,"path_trains":58.57},"geometry":{"type":"LineString","coordinates":[[116.3988,39.3599],[116.3988,39.3599]]}},{"type":"Feature","properties":{"daily_trains":6.0,"path_trains":6.0},"geometry":{"type":"LineString","coordinates":[[117.2652,39.2751],[117.2529,39.2843],[117.2494,39.2888],[117.247,39.2936],[117.2459,39.2992],[117.2462,39.3049],[117.2484,39.3109],[117.252,39.3161],[117.2751,39.3356],[117.2849,39.3416],[117.2949,39.3459],[117.3117,39.3507],[117.3213,39.3542],[117.3539,39.3681],[117.3662,39.3755],[117.3743,39.3831],[117.3797,39.3908],[117.3902,39.4129],[117.3928,39.4237],[117.3929,39.4301],[117.392,39.4374],[117.3853,39.457],[117.3816,39.4797],[117.3799,39.4858],[117.3759,39.4942],[117.3595,39.5207],[117.3552,39.5309],[117.3539,39.5372],[117.3515,39.5577],[117.3372,39.6089],[117.3352,39.6241],[117.3339,39.6288],[117.3295,39.636],[117.3233,39.6415],[117.3013,39.6523]]}},{"type":"Feature","properties":{"daily_trains":6.0,"path_trains":51.43},"geometry":{"type":"LineString","coordinates":[[117.2882,39.6582],[117.3018,39.6523]]}},{"type":"Feature","properties":{"daily_trains":6.0,"path_trains":51.43},"geometry":{"type":"LineString","coordinates":[[117.3013,39.6523],[117.3018,39.6523]]}},{"type":"Feature","properties":{"daily_trains":6.0,"path_trains":51.43},"geometry":{"type":"LineString","coordinates":[[117.2882,39.6582],[117.2882,39.6582]]}},{"type":"Feature","properties":{"daily_trains":0.3,"path_trains":95.14},"geometry":{"type":"LineString","coordinates":[[116.7429,39.1323],[116.7429,39.1324]]}},{"type":"Feature","properties":{"daily_trains":1.0,"path_trains":379.28},"geometry":{"type":"LineString","coordinates":[[116.4576,37.402],[116.4598,37.3902]]}},{"type":"Feature","properties":{"daily_trains":1.0,"path_trains":379.28},"geometry":{"type":"LineString","coordinates":[[116.4598,37.3902],[116.4599,37.3903]]}},{"type":"Feature","properties":{"daily_trains":0.9,"path_trains":176.72},"geometry":{"type":"LineString","coordinates":[[119.3931,29.5714],[119.395,29.5714]]}},{"type":"Feature","properties":{"daily_trains":0.9,"path_trains":176.72},"geometry":{"type":"LineString","coordinates":[[119.3931,29.5714],[119.3933,29.5709]]}},{"type":"Feature","properties":{"daily_trains":40.7,"path_trains":169.42},"geometry":{"type":"LineString","coordinates":[[112.2931,32.0186],[112.2932,32.0187]]}},{"type":"Feature","properties":{"daily_trains":96.6,"path_trains":356.0},"geometry":{"type":"LineString","coordinates":[[108.9438,34.3795],[108.9439,34.3794]]}},{"type":"Feature","properties":{"daily_trains":2.4,"path_trains":93.43},"geometry":{"type":"LineString","coordinates":[[105.4116,28.9275],[105.4113,28.9274]]}},{"type":"Feature","properties":{"daily_trains":77.7,"path_trains":234.0},"geometry":{"type":"LineString","coordinates":[[106.7476,26.6662],[106.7479,26.6661]]}},{"type":"Feature","properties":{"daily_trains":99.3,"path_trains":165.28},"geometry":{"type":"LineString","coordinates":[[119.4164,35.3953],[119.4163,35.3955]]}},{"type":"Feature","properties":{"daily_trains":24.0,"path_trains":352.85},"geometry":{"type":"LineString","coordinates":[[114.253,30.623],[114.2534,30.623]]}},{"type":"Feature","properties":{"daily_trains":14.0,"path_trains":176.71},"geometry":{"type":"LineString","coordinates":[[109.603,23.1026],[109.6021,23.1025],[109.6034,23.1025]]}},{"type":"Feature","properties":{"daily_trains":1.0,"path_trains":231.0},"geometry":{"type":"LineString","coordinates":[[120.0394,36.3985],[120.039,36.3985]]}},{"type":"Feature","properties":{"daily_trains":7.0,"path_trains":515.43},"geometry":{"type":"LineString","coordinates":[[117.2771,31.7992],[117.2776,31.7993]]}},{"type":"Feature","properties":{"daily_trains":84.3,"path_trains":744.86},"geometry":{"type":"LineString","coordinates":[[118.8052,31.9767],[118.8033,31.9757],[118.8035,31.9752],[118.8052,31.9762]]}},{"type":"Feature","properties":{"daily_trains":0.4,"path_trains":269.14},"geometry":{"type":"LineString","coordinates":[[114.2645,30.6256],[114.2639,30.6256]]}},{"type":"Feature","properties":{"daily_trains":46.6,"path_trains":266.57},"geometry":{"type":"LineString","coordinates":[[113.9279,34.4828],[113.9279,34.4833]]}},{"type":"Feature","properties":{"daily_trains":40.7,"path_trains":145.0},"geometry":{"type":"LineString","coordinates":[[112.2807,32.0086],[112.2812,32.009]]}},{"type":"Feature","properties":{"daily_trains":22.0,"path_trains":549.86},"geometry":{"type":"LineString","coordinates":[[108.9405,34.3785],[108.9399,34.3787]]}},{"type":"Feature","properties":{"daily_trains":95.9,"path_trains":236.86},"geometry":{"type":"LineString","coordinates":[[120.3622,36.2939],[120.3623,36.2945]]}},{"type":"Feature","properties":{"daily_trains":0.9,"path_trains":362.28},"geometry":{"type":"LineString","coordinates":[[114.3209,30.8158],[114.3206,30.8164]]}},{"type":"Feature","properties":{"daily_trains":130.6,"path_trains":130.57},"geometry":{"type":"LineString","coordinates":[[119.5667,39.9641],[119.5674,39.9644]]}},{"type":"Feature","properties":{"daily_trains":10.9,"path_trains":380.42},"geometry":{"type":"LineString","coordinates":[[114.4225,30.5982],[114.4231,30.5977]]}},{"type":"Feature","properties":{"daily_trains":108.3,"path_trains":676.28},"geometry":{"type":"LineString","coordinates":[[118.7843,31.9677],[118.7812,31.9658],[118.785,31.9674]]}},{"type":"Feature","properties":{"daily_trains":44.9,"path_trains":297.14},"geometry":{"type":"LineString","coordinates":[[113.2448,23.1556],[113.2457,23.1553]]}},{"type":"Feature","properties":{"daily_trains":49.0,"path_trains":401.86},"geometry":{"type":"LineString","coordinates":[[113.593,23.1398],[113.5921,23.1394]]}},{"type":"Feature","properties":{"daily_trains":183.9,"path_trains":336.28},"geometry":{"type":"LineString","coordinates":[[114.0712,22.8517],[114.0703,22.8512]]}},{"type":"Feature","properties":{"daily_trains":34.7,"path_trains":169.28},"geometry":{"type":"LineString","coordinates":[[119.4351,35.4084],[119.4363,35.4079]]}},{"type":"Feature","properties":{"daily_trains":1.0,"path_trains":374.0},"geometry":{"type":"LineString","coordinates":[[113.1964,23.3836],[113.1959,23.3847]]}},{"type":"Feature","properties":{"daily_trains":187.3,"path_trains":497.42},"geometry":{"type":"LineString","coordinates":[[113.0603,28.138],[113.0608,28.1369]]}},{"type":"Feature","properties":{"daily_trains":3.0,"path_trains":141.29},"geometry":{"type":"LineString","coordinates":[[103.7762,36.0631],[103.775,36.0624]]}},{"type":"Feature","properties":{"daily_trains":80.6,"path_trains":180.42},"geometry":{"type":"LineString","coordinates":[[106.7963,29.6569],[106.7947,29.6565]]}},{"type":"Feature","properties":{"daily_trains":93.4,"path_trains":833.14},"geometry":{"type":"LineString","coordinates":[[113.7742,34.7533],[113.7737,34.7573],[113.7729,34.7524]]}},{"type":"Feature","properties":{"daily_trains":95.9,"path_trains":236.86},"geometry":{"type":"LineString","coordinates":[[120.3616,36.296],[120.362,36.2945]]}},{"type":"Feature","properties":{"daily_trains":9.6,"path_trains":744.86},"geometry":{"type":"LineString","coordinates":[[118.8035,31.9752],[118.8033,31.9757],[118.8016,31.9749]]}},{"type":"Feature","properties":{"daily_trains":93.4,"path_trains":833.14},"geometry":{"type":"LineString","coordinates":[[113.7745,34.7534],[113.7737,34.7573],[113.7729,34.7524]]}},{"type":"Feature","properties":{"daily_trains":261.6,"path_trains":835.14},"geometry":{"type":"LineString","coordinates":[[114.0208,22.6157],[114.0193,22.6167]]}},{"type":"Feature","properties":{"daily_trains":7.0,"path_trains":12.0},"geometry":{"type":"LineString","coordinates":[[130.9033,44.4265],[130.9013,44.4264]]}},{"type":"Feature","properties":{"daily_trains":28.0,"path_trains":53.86},"geometry":{"type":"LineString","coordinates":[[118.7822,28.9162],[118.7814,28.9145]]}},{"type":"Feature","properties":{"daily_trains":22.0,"path_trains":546.86},"geometry":{"type":"LineString","coordinates":[[108.9284,34.3766],[108.9257,34.3762],[108.9261,34.3764]]}},{"type":"Feature","properties":{"daily_trains":20.1,"path_trains":274.28},"geometry":{"type":"LineString","coordinates":[[118.387,31.3421],[118.387,31.3401]]}},{"type":"Feature","properties":{"daily_trains":99.9,"path_trains":644.28},"geometry":{"type":"LineString","coordinates":[[113.7721,34.7686],[113.7715,34.7686],[113.7718,34.7667]]}},{"type":"Feature","properties":{"daily_trains":2.0,"path_trains":164.57},"geometry":{"type":"LineString","coordinates":[[106.9547,26.4719],[106.9524,26.4719]]}},{"type":"Feature","properties":{"daily_trains":48.6,"path_trains":112.72},"geometry":{"type":"LineString","coordinates":[[117.2299,29.3404],[117.2277,29.3398]]}},{"type":"Feature","properties":{"daily_trains":74.0,"path_trains":108.0},"geometry":{"type":"LineString","coordinates":[[114.7363,33.6551],[114.7375,33.6533]]}},{"type":"Feature","properties":{"daily_trains":177.6,"path_trains":239.72},"geometry":{"type":"LineString","coordinates":[[114.3806,23.1882],[114.3788,23.1867]]}},{"type":"Feature","properties":{"daily_trains":85.7,"path_trains":381.28},"geometry":{"type":"LineString","coordinates":[[116.4569,37.4114],[116.4559,37.4134]]}},{"type":"Feature","properties":{"daily_trains":29.6,"path_trains":77.43},"geometry":{"type":"LineString","coordinates":[[119.462,36.7941],[119.4647,36.794]]}},{"type":"Feature","properties":{"daily_trains":63.3,"path_trains":297.42},"geometry":{"type":"LineString","coordinates":[[104.1448,30.6438],[104.1454,30.6462]]}},{"type":"Feature","properties":{"daily_trains":61.4,"path_trains":223.58},"geometry":{"type":"LineString","coordinates":[[120.6694,31.8261],[120.6692,31.8288]]}},{"type":"Feature","properties":{"daily_trains":29.1,"path_trains":126.28},"geometry":{"type":"LineString","coordinates":[[121.3767,41.1564],[121.3745,41.1543]]}},{"type":"Feature","properties":{"daily_trains":250.0,"path_trains":501.58},"geometry":{"type":"LineString","coordinates":[[116.37,39.8605],[116.3675,39.8587]]}},{"type":"Feature","properties":{"daily_trains":1.0,"path_trains":405.72},"geometry":{"type":"LineString","coordinates":[[104.132,30.6198],[104.1338,30.6223]]}},{"type":"Feature","properties":{"daily_trains":143.9,"path_trains":417.43},"geometry":{"type":"LineString","coordinates":[[108.9438,34.3795],[108.9405,34.3785]]}},{"type":"Feature","properties":{"daily_trains":22.0,"path_trains":417.43},"geometry":{"type":"LineString","coordinates":[[108.9438,34.3795],[108.9405,34.3785]]}},{"type":"Feature","properties":{"daily_trains":25.3,"path_trains":373.86},"geometry":{"type":"LineString","coordinates":[[115.7881,28.6261],[115.7828,28.6283],[115.7847,28.6269]]}},{"type":"Feature","properties":{"daily_trains":213.4,"path_trains":321.14},"geometry":{"type":"LineString","coordinates":[[123.4157,41.8131],[123.4122,41.8123]]}},{"type":"Feature","properties":{"daily_trains":99.4,"path_trains":466.14},"geometry":{"type":"LineString","coordinates":[[117.323,34.2262],[117.3207,34.2288]]}},{"type":"Feature","properties":{"daily_trains":46.1,"path_trains":349.43},"geometry":{"type":"LineString","coordinates":[[120.0178,30.8587],[120.0178,30.8554]]}},{"type":"Feature","properties":{"daily_trains":22.0,"path_trains":308.14},"geometry":{"type":"LineString","coordinates":[[108.4224,22.8445],[108.4183,22.8446]]}},{"type":"Feature","properties":{"daily_trains":2.1,"path_trains":142.86},"geometry":{"type":"LineString","coordinates":[[106.6275,26.7111],[106.6317,26.7111]]}},{"type":"Feature","properties":{"daily_trains":106.3,"path_trains":308.14},"geometry":{"type":"LineString","coordinates":[[108.4224,22.8445],[108.4182,22.8446]]}},{"type":"Feature","properties":{"daily_trains":6.4,"path_trains":278.14},"geometry":{"type":"LineString","coordinates":[[104.1209,30.5917],[104.1183,30.5942],[104.1178,30.5941]]}},{"type":"Feature","properties":{"daily_trains":176.7,"path_trains":676.28},"geometry":{"type":"LineString","coordinates":[[118.7813,31.9657],[118.785,31.9674]]}},{"type":"Feature","properties":{"daily_trains":113.7,"path_trains":269.43},"geometry":{"type":"LineString","coordinates":[[120.5828,27.9768],[120.5834,27.9804]]}},{"type":"Feature","properties":{"daily_trains":45.6,"path_trains":835.14},"geometry":{"type":"LineString","coordinates":[[113.7726,34.7631],[113.7718,34.7667]]}},{"type":"Feature","properties":{"daily_trains":30.0,"path_trains":322.0},"geometry":{"type":"LineString","coordinates":[[119.054,25.3495],[119.0553,25.3511],[119.0527,25.3437],[119.0538,25.3456]]}},{"type":"Feature","properties":{"daily_trains":0.4,"path_trains":269.14},"geometry":{"type":"LineString","coordinates":[[114.2588,30.624],[114.2631,30.6251]]}},{"type":"Feature","properties":{"daily_trains":86.1,"path_trains":261.71},"geometry":{"type":"LineString","coordinates":[[119.732,29.1265],[119.7312,29.1304]]}},{"type":"Feature","properties":{"daily_trains":65.3,"path_trains":835.14},"geometry":{"type":"LineString","coordinates":[[113.7717,34.7667],[113.773,34.7628]]}},{"type":"Feature","properties":{"daily_trains":0.4,"path_trains":112.86},"geometry":{"type":"LineString","coordinates":[[104.8763,29.363],[104.8752,29.3671]]}},{"type":"Feature","properties":{"daily_trains":32.0,"path_trains":40.0},"geometry":{"type":"LineString","coordinates":[[121.5888,39.0116],[121.5935,39.0133]]}},{"type":"Feature","properties":{"daily_trains":0.9,"path_trains":269.14},"geometry":{"type":"LineString","coordinates":[[114.2588,30.624],[114.2637,30.6253]]}},{"type":"Feature","properties":{"daily_trains":94.1,"path_trains":164.57},"geometry":{"type":"LineString","coordinates":[[106.9276,26.4676],[106.9328,26.4691]]}},{"type":"Feature","properties":{"daily_trains":61.4,"path_trains":223.58},"geometry":{"type":"LineString","coordinates":[[120.6692,31.8288],[120.6698,31.824]]}},{"type":"Feature","properties":{"daily_trains":61.4,"path_trains":223.58},"geometry":{"type":"LineString","coordinates":[[120.6698,31.824],[120.6695,31.8291]]}},{"type":"Feature","properties":{"daily_trains":45.6,"path_trains":836.14},"geometry":{"type":"LineString","coordinates":[[113.7737,34.7577],[113.7728,34.7628]]}},{"type":"Feature","properties":{"daily_trains":22.0,"path_trains":551.86},"geometry":{"type":"LineString","coordinates":[[108.9342,34.3769],[108.9405,34.3785],[108.9399,34.3787]]}},{"type":"Feature","properties":{"daily_trains":46.6,"path_trains":266.57},"geometry":{"type":"LineString","coordinates":[[113.9258,34.4958],[113.9264,34.4907],[113.9265,34.4912],[113.9275,34.4907]]}},{"type":"Feature","properties":{"daily_trains":180.9,"path_trains":250.0},"geometry":{"type":"LineString","coordinates":[[114.016,22.9736],[114.0151,22.9713],[114.0165,22.9683]]}},{"type":"Feature","properties":{"daily_trains":238.3,"path_trains":293.43},"geometry":{"type":"LineString","coordinates":[[119.1393,25.4755],[119.1364,25.4705]]}},{"type":"Feature","properties":{"daily_trains":55.4,"path_trains":203.29},"geometry":{"type":"LineString","coordinates":[[121.1831,31.524],[121.1827,31.5236],[121.1869,31.5194]]}},{"type":"Feature","properties":{"daily_trains":108.3,"path_trains":676.28},"geometry":{"type":"LineString","coordinates":[[118.7816,31.9652],[118.7812,31.9658],[118.7868,31.9688]]}},{"type":"Feature","properties":{"daily_trains":10.6,"path_trains":282.72},"geometry":{"type":"LineString","coordinates":[[119.4313,32.2],[119.4247,32.199]]}},{"type":"Feature","properties":{"daily_trains":10.6,"path_trains":282.72},"geometry":{"type":"LineString","coordinates":[[119.4247,32.199],[119.4313,32.2]]}},{"type":"Feature","properties":{"daily_trains":61.3,"path_trains":755.14},"geometry":{"type":"LineString","coordinates":[[121.2594,31.293],[121.259,31.2929],[121.266,31.2915]]}},{"type":"Feature","properties":{"daily_trains":4.0,"path_trains":142.57},"geometry":{"type":"LineString","coordinates":[[119.4338,35.4279],[119.434,35.422]]}},{"type":"Feature","properties":{"daily_trains":108.6,"path_trains":720.14},"geometry":{"type":"LineString","coordinates":[[113.7728,34.7524],[113.7731,34.7465]]}},{"type":"Feature","properties":{"daily_trains":23.9,"path_trains":272.44},"geometry":{"type":"LineString","coordinates":[[119.3154,26.1163],[119.3218,26.114]]}},{"type":"Feature","properties":{"daily_trains":110.4,"path_trains":297.14},"geometry":{"type":"LineString","coordinates":[[113.2448,23.1556],[113.2425,23.1555],[113.2409,23.1546],[113.24,23.153],[113.2399,23.1511]]}},{"type":"Feature","properties":{"daily_trains":0.4,"path_trains":112.86},"geometry":{"type":"LineString","coordinates":[[104.8763,29.363],[104.8749,29.3691]]}},{"type":"Feature","properties":{"daily_trains":27.1,"path_trains":70.71},"geometry":{"type":"LineString","coordinates":[[116.9301,30.7083],[116.9248,30.7037]]}},{"type":"Feature","properties":{"daily_trains":74.6,"path_trains":297.14},"geometry":{"type":"LineString","coordinates":[[113.2399,23.1511],[113.2401,23.1532],[113.2413,23.1549],[113.2434,23.1557],[113.2457,23.1553]]}},{"type":"Feature","properties":{"daily_trains":11.0,"path_trains":83.86},"geometry":{"type":"LineString","coordinates":[[106.4313,29.6078],[106.4305,29.6012]]}},{"type":"Feature","properties":{"daily_trains":67.1,"path_trains":171.29},"geometry":{"type":"LineString","coordinates":[[117.1317,39.1565],[117.1235,39.1557]]}},{"type":"Feature","properties":{"daily_trains":60.3,"path_trains":225.0},"geometry":{"type":"LineString","coordinates":[[112.611,37.7866],[112.617,37.7816]]}},{"type":"Feature","properties":{"daily_trains":42.7,"path_trains":755.14},"geometry":{"type":"LineString","coordinates":[[121.259,31.2929],[121.2508,31.2945]]}},{"type":"Feature","properties":{"daily_trains":177.6,"path_trains":239.72},"geometry":{"type":"LineString","coordinates":[[114.3806,23.1882],[114.3866,23.1936]]}},{"type":"Feature","properties":{"daily_trains":1.0,"path_trains":228.57},"geometry":{"type":"LineString","coordinates":[[117.7692,24.4826],[117.7608,24.48]]}},{"type":"Feature","properties":{"daily_trains":99.4,"path_trains":99.43},"geometry":{"type":"LineString","coordinates":[[118.2614,33.8753],[118.2705,33.8751]]}},{"type":"Feature","properties":{"daily_trains":23.7,"path_trains":132.86},"geometry":{"type":"LineString","coordinates":[[104.6117,28.7214],[104.6163,28.7174],[104.6191,28.7169]]}},{"type":"Feature","properties":{"daily_trains":22.9,"path_trains":352.85},"geometry":{"type":"LineString","coordinates":[[114.2409,30.6189],[114.2493,30.6219]]}},{"type":"Feature","properties":{"daily_trains":29.1,"path_trains":126.28},"geometry":{"type":"LineString","coordinates":[[121.3745,41.1543],[121.368,41.1484]]}},{"type":"Feature","properties":{"daily_trains":88.0,"path_trains":185.57},"geometry":{"type":"LineString","coordinates":[[115.6568,34.4448],[115.6565,34.4443],[115.6479,34.4477]]}},{"type":"Feature","properties":{"daily_trains":691.6,"path_trains":443.71},"geometry":{"type":"LineString","coordinates":[[113.6728,22.8638],[113.6633,22.8627]]}},{"type":"Feature","properties":{"daily_trains":8.0,"path_trains":1018.72},"geometry":{"type":"LineString","coordinates":[[113.2667,22.9904],[113.2683,22.9868],[113.2709,22.9829]]}},{"type":"Feature","properties":{"daily_trains":23.7,"path_trains":132.86},"geometry":{"type":"LineString","coordinates":[[104.6248,28.7237],[104.6193,28.7168]]}},{"type":"Feature","properties":{"daily_trains":9.6,"path_trains":789.29},"geometry":{"type":"LineString","coordinates":[[118.7891,31.9693],[118.785,31.9674],[118.7981,31.9731]]}},{"type":"Feature","properties":{"daily_trains":272.1,"path_trains":555.72},"geometry":{"type":"LineString","coordinates":[[119.244,32.1627],[119.2339,32.1619]]}},{"type":"Feature","properties":{"daily_trains":28.0,"path_trains":535.43},"geometry":{"type":"LineString","coordinates":[[121.3609,31.1033],[121.359,31.1064],[121.3573,31.1114]]}},{"type":"Feature","properties":{"daily_trains":56.3,"path_trains":207.43},"geometry":{"type":"LineString","coordinates":[[126.6214,45.7549],[126.6277,45.7619]]}},{"type":"Feature","properties":{"daily_trains":77.3,"path_trains":207.43},"geometry":{"type":"LineString","coordinates":[[126.6214,45.7549],[126.6277,45.7619]]}},{"type":"Feature","properties":{"daily_trains":54.7,"path_trains":137.71},"geometry":{"type":"LineString","coordinates":[[115.8774,29.5938],[115.8763,29.6026]]}},{"type":"Feature","properties":{"daily_trains":80.1,"path_trains":147.0},"geometry":{"type":"LineString","coordinates":[[112.2812,32.009],[112.2889,32.015]]}},{"type":"Feature","properties":{"daily_trains":0.4,"path_trains":112.72},"geometry":{"type":"LineString","coordinates":[[104.8746,29.3692],[104.8718,29.3778]]}},{"type":"Feature","properties":{"daily_trains":5.0,"path_trains":1018.72},"geometry":{"type":"LineString","coordinates":[[113.2665,22.9905],[113.2601,22.9978]]}},{"type":"Feature","properties":{"daily_trains":65.3,"path_trains":518.57},"geometry":{"type":"LineString","coordinates":[[113.7848,34.6823],[113.7837,34.6728]]}},{"type":"Feature","properties":{"daily_trains":40.9,"path_trains":322.01},"geometry":{"type":"LineString","coordinates":[[119.3865,26.0335],[119.3838,26.0304],[119.3814,26.025]]}},{"type":"Feature","properties":{"daily_trains":70.6,"path_trains":381.28},"geometry":{"type":"LineString","coordinates":[[116.4557,37.4153],[116.4544,37.4249]]}},{"type":"Feature","properties":{"daily_trains":110.4,"path_trains":339.57},"geometry":{"type":"LineString","coordinates":[[113.2561,23.1505],[113.2457,23.1553]]}},{"type":"Feature","properties":{"daily_trains":35.3,"path_trains":47.29},"geometry":{"type":"LineString","coordinates":[[115.9445,28.5211],[115.9455,28.5107]]}},{"type":"Feature","properties":{"daily_trains":110.9,"path_trains":105.85},"geometry":{"type":"LineString","coordinates":[[112.955,33.2529],[112.947,33.2443]]}},{"type":"Feature","properties":{"daily_trains":23.7,"path_trains":132.86},"geometry":{"type":"LineString","coordinates":[[104.6306,28.7113],[104.6276,28.7125],[104.6228,28.7131],[104.6204,28.7151],[104.6201,28.718],[104.6193,28.7168]]}},{"type":"Feature","properties":{"daily_trains":32.6,"path_trains":315.86},"geometry":{"type":"LineString","coordinates":[[120.3642,36.222],[120.3709,36.2191],[120.3738,36.219],[120.3757,36.22],[120.3767,36.2214],[120.377,36.2255]]}},{"type":"Feature","properties":{"daily_trains":54.0,"path_trains":215.43},"geometry":{"type":"LineString","coordinates":[[118.5816,30.0862],[118.5715,30.0785]]}},{"type":"Feature","properties":{"daily_trains":261.6,"path_trains":842.28},"geometry":{"type":"LineString","coordinates":[[114.0293,22.6067],[114.0203,22.6155]]}},{"type":"Feature","properties":{"daily_trains":150.6,"path_trains":322.14},"geometry":{"type":"LineString","coordinates":[[123.4,41.8068],[123.4063,41.8103],[123.4121,41.8122]]}},{"type":"Feature","properties":{"daily_trains":198.3,"path_trains":322.14},"geometry":{"type":"LineString","coordinates":[[123.4,41.8068],[123.4063,41.8103],[123.4121,41.8122]]}},{"type":"Feature","properties":{"daily_trains":22.0,"path_trains":384.86},"geometry":{"type":"LineString","coordinates":[[108.9257,34.3762],[108.9129,34.3721]]}},{"type":"Feature","properties":{"daily_trains":22.0,"path_trains":384.86},"geometry":{"type":"LineString","coordinates":[[108.913,34.3718],[108.9257,34.3762]]}},{"type":"Feature","properties":{"daily_trains":10.0,"path_trains":698.14},"geometry":{"type":"LineString","coordinates":[[121.3158,31.1905],[121.3154,31.1988],[121.3163,31.2024]]}},{"type":"Feature","properties":{"daily_trains":22.0,"path_trains":384.86},"geometry":{"type":"LineString","coordinates":[[108.913,34.3716],[108.9259,34.3765]]}},{"type":"Feature","properties":{"daily_trains":31.4,"path_trains":333.42},"geometry":{"type":"LineString","coordinates":[[112.7055,26.8939],[112.7054,26.906]]}},{"type":"Feature","properties":{"daily_trains":64.1,"path_trains":134.57},"geometry":{"type":"LineString","coordinates":[[110.2958,25.3278],[110.2974,25.3398]]}},{"type":"Feature","properties":{"daily_trains":32.0,"path_trains":148.43},"geometry":{"type":"LineString","coordinates":[[121.6232,39.0238],[121.6191,39.0214],[121.6102,39.0182]]}},{"type":"Feature","properties":{"daily_trains":176.7,"path_trains":176.71},"geometry":{"type":"LineString","coordinates":[[109.1435,23.2416],[109.1579,23.2391]]}},{"type":"Feature","properties":{"daily_trains":99.4,"path_trains":189.0},"geometry":{"type":"LineString","coordinates":[[116.7524,23.3811],[116.7525,23.3727],[116.7534,23.3686]]}},{"type":"Feature","properties":{"daily_trains":4.0,"path_trains":4.0},"geometry":{"type":"LineString","coordinates":[[96.3624,40.6446],[96.3736,40.6528]]}},{"type":"Feature","properties":{"daily_trains":136.3,"path_trains":293.28},"geometry":{"type":"LineString","coordinates":[[118.387,31.3429],[118.387,31.3421],[118.387,31.3465],[118.3848,31.352],[118.3819,31.3549]]}},{"type":"Feature","properties":{"daily_trains":61.6,"path_trains":126.28},"geometry":{"type":"LineString","coordinates":[[121.8386,41.3479],[121.8252,41.3421]]}},{"type":"Feature","properties":{"daily_trains":54.9,"path_trains":209.43},"geometry":{"type":"LineString","coordinates":[[104.0452,30.6018],[104.0448,30.6018],[104.0462,30.6049],[104.0487,30.6075],[104.0528,30.6091],[104.0578,30.6092]]}},{"type":"Feature","properties":{"daily_trains":1.0,"path_trains":381.28},"geometry":{"type":"LineString","coordinates":[[116.4557,37.415],[116.4576,37.402]]}},{"type":"Feature","properties":{"daily_trains":75.9,"path_trains":137.71},"geometry":{"type":"LineString","coordinates":[[115.8752,29.6062],[115.8746,29.6061],[115.8728,29.6192]]}},{"type":"Feature","properties":{"daily_trains":97.7,"path_trains":210.86},"geometry":{"type":"LineString","coordinates":[[115.9502,28.4665],[115.9491,28.4697],[115.9482,28.4797]]}},{"type":"Feature","properties":{"daily_trains":43.7,"path_trains":540.28},"geometry":{"type":"LineString","coordinates":[[120.2892,30.1815],[120.2916,30.1679]]}},{"type":"Feature","properties":{"daily_trains":2.0,"path_trains":8.0},"geometry":{"type":"LineString","coordinates":[[108.9497,34.2793],[108.9661,34.2797]]}},{"type":"Feature","properties":{"daily_trains":21.0,"path_trains":268.43},"geometry":{"type":"LineString","coordinates":[[117.2525,32.0321],[117.2542,32.0181]]}},{"type":"Feature","properties":{"daily_trains":376.0,"path_trains":339.0},"geometry":{"type":"LineString","coordinates":[[113.1264,23.6884],[113.1315,23.7018]]}},{"type":"Feature","properties":{"daily_trains":46.7,"path_trains":123.14},"geometry":{"type":"LineString","coordinates":[[118.7996,32.0862],[118.7848,32.0928]]}},{"type":"Feature","properties":{"daily_trains":105.1,"path_trains":136.57},"geometry":{"type":"LineString","coordinates":[[113.6507,34.7541],[113.6572,34.741]]}},{"type":"Feature","properties":{"daily_trains":180.9,"path_trains":180.86},"geometry":{"type":"LineString","coordinates":[[113.8609,23.0866],[113.8483,23.0961]]}},{"type":"Feature","properties":{"daily_trains":2.0,"path_trains":152.57},"geometry":{"type":"LineString","coordinates":[[118.0141,30.9949],[118.0222,30.9959],[118.025,30.9969],[118.0273,30.9992],[118.0283,31.0026]]}},{"type":"Feature","properties":{"daily_trains":136.0,"path_trains":157.0},"geometry":{"type":"LineString","coordinates":[[116.9773,36.6688],[116.9934,36.6728]]}},{"type":"Feature","properties":{"daily_trains":180.7,"path_trains":272.43},"geometry":{"type":"LineString","coordinates":[[120.5828,27.9768],[120.5793,27.9627]]}},{"type":"Feature","properties":{"daily_trains":1.0,"path_trains":278.28},"geometry":{"type":"LineString","coordinates":[[118.3687,31.2455],[118.3803,31.2562]]}},{"type":"Feature","properties":{"daily_trains":82.9,"path_trains":278.14},"geometry":{"type":"LineString","coordinates":[[104.1209,30.5917],[104.1276,30.5846],[104.1309,30.5795],[104.1303,30.5795]]}},{"type":"Feature","properties":{"daily_trains":6.7,"path_trains":200.86},"geometry":{"type":"LineString","coordinates":[[117.9162,31.6262],[117.9246,31.6133]]}},{"type":"Feature","properties":{"daily_trains":12.0,"path_trains":12.0},"geometry":{"type":"LineString","coordinates":[[130.9036,44.4263],[130.9211,44.4263]]}},{"type":"Feature","properties":{"daily_trains":12.0,"path_trains":750.43},"geometry":{"type":"LineString","coordinates":[[113.1989,23.0931],[113.1972,23.0975],[113.1938,23.101],[113.1896,23.1026],[113.1838,23.1028]]}},{"type":"Feature","properties":{"daily_trains":77.7,"path_trains":419.14},"geometry":{"type":"LineString","coordinates":[[106.6955,26.6805],[106.6947,26.6822],[106.6987,26.6787],[106.7032,26.6761],[106.7134,26.6735]]}},{"type":"Feature","properties":{"daily_trains":4.0,"path_trains":156.43},"geometry":{"type":"LineString","coordinates":[[125.3259,43.9094],[125.3331,43.9086],[125.3457,43.9092]]}},{"type":"Feature","properties":{"daily_trains":1.0,"path_trains":30.14},"geometry":{"type":"LineString","coordinates":[[103.9762,30.6959],[103.9785,30.6788]]}},{"type":"Feature","properties":{"daily_trains":98.4,"path_trains":291.57},"geometry":{"type":"LineString","coordinates":[[106.6765,26.6318],[106.6813,26.6405],[106.6827,26.649]]}},{"type":"Feature","properties":{"daily_trains":23.7,"path_trains":423.29},"geometry":{"type":"LineString","coordinates":[[104.096,30.6071],[104.1075,30.6059],[104.1095,30.6052],[104.1114,30.6034],[104.1127,30.5995],[104.1144,30.5975]]}},{"type":"Feature","properties":{"daily_trains":25.0,"path_trains":183.28},"geometry":{"type":"LineString","coordinates":[[115.7495,32.8993],[115.75,32.8991],[115.7496,32.8957],[115.7458,32.881]]}},{"type":"Feature","properties":{"daily_trains":76.6,"path_trains":76.57},"geometry":{"type":"LineString","coordinates":[[116.8723,30.6778],[116.8511,30.6728]]}},{"type":"Feature","properties":{"daily_trains":71.6,"path_trains":130.57},"geometry":{"type":"LineString","coordinates":[[113.6507,34.7541],[113.6488,34.7567],[113.6444,34.7596],[113.6309,34.7625]]}},{"type":"Feature","properties":{"daily_trains":3.0,"path_trains":46.57},"geometry":{"type":"LineString","coordinates":[[106.6647,29.4752],[106.6665,29.4802],[106.6738,29.4928]]}},{"type":"Feature","properties":{"daily_trains":46.0,"path_trains":231.0},"geometry":{"type":"LineString","coordinates":[[120.0394,36.3985],[120.0619,36.3949]]}},{"type":"Feature","properties":{"daily_trains":97.0,"path_trains":551.0},"geometry":{"type":"LineString","coordinates":[[104.1353,30.6259],[104.1448,30.6438]]}},{"type":"Feature","properties":{"daily_trains":21.4,"path_trains":155.85},"geometry":{"type":"LineString","coordinates":[[122.7011,42.0342],[122.7088,42.027]]}},{"type":"Feature","properties":{"daily_trains":25.0,"path_trains":44.0},"geometry":{"type":"LineString","coordinates":[[126.8545,42.0921],[126.8688,42.0903]]}},{"type":"Feature","properties":{"daily_trains":86.3,"path_trains":118.86},"geometry":{"type":"LineString","coordinates":[[119.3,29.6287],[119.3169,29.6081]]}},{"type":"Feature","properties":{"daily_trains":71.0,"path_trains":71.0},"geometry":{"type":"LineString","coordinates":[[117.1487,31.78],[117.1481,31.7717],[117.1499,31.7566]]}},{"type":"Feature","properties":{"daily_trains":27.0,"path_trains":222.14},"geometry":{"type":"LineString","coordinates":[[117.151,31.7838],[117.1481,31.7717],[117.1495,31.7816]]}},{"type":"Feature","properties":{"daily_trains":86.4,"path_trains":88.0},"geometry":{"type":"LineString","coordinates":[[115.7302,33.0625],[115.7242,33.097]]}},{"type":"Feature","properties":{"daily_trains":31.1,"path_trains":164.57},"geometry":{"type":"LineString","coordinates":[[119.7164,32.1999],[119.7202,32.1937]]}},{"type":"Feature","properties":{"daily_trains":39.0,"path_trains":82.43},"geometry":{"type":"LineString","coordinates":[[119.3072,34.2425],[119.3129,34.2206]]}},{"type":"Feature","properties":{"daily_trains":10.1,"path_trains":79.29},"geometry":{"type":"LineString","coordinates":[[119.3474,33.4858],[119.3546,33.4861]]}},{"type":"Feature","properties":{"daily_trains":10.1,"path_trains":79.29},"geometry":{"type":"LineString","coordinates":[[119.6189,33.5725],[119.6227,33.5727]]}},{"type":"Feature","properties":{"daily_trains":8.0,"path_trains":41.43},"geometry":{"type":"LineString","coordinates":[[118.011,28.5156],[118.0196,28.5115],[118.0266,28.505]]}},{"type":"Feature","properties":{"daily_trains":5.4,"path_trains":41.43},"geometry":{"type":"LineString","coordinates":[[118.0268,28.5035],[118.0216,28.5103],[118.0134,28.5149],[118.0033,28.5152]]}},{"type":"Feature","properties":{"daily_trains":183.6,"path_trains":327.0},"geometry":{"type":"LineString","coordinates":[[119.4001,25.9348],[119.4033,25.9094]]}},{"type":"Feature","properties":{"daily_trains":20.9,"path_trains":292.43},"geometry":{"type":"LineString","coordinates":[[119.4032,25.9112],[119.4031,25.903]]}},{"type":"Feature","properties":{"daily_trains":44.6,"path_trains":44.57},"geometry":{"type":"LineString","coordinates":[[115.9828,28.448],[115.984,28.4774],[115.9822,28.4878],[115.9772,28.5047],[115.9762,28.5145],[115.9758,28.5345],[115.9776,28.5454],[115.9807,28.5543],[115.9883,28.5681]]}},{"type":"Feature","properties":{"daily_trains":1.0,"path_trains":2.0},"geometry":{"type":"LineString","coordinates":[[106.7241,26.507],[106.721,26.5203],[106.7114,26.5179],[106.7011,26.5125],[106.6938,26.5065],[106.6844,26.503]]}},{"type":"Feature","properties":{"daily_trains":1.0,"path_trains":66.0},"geometry":{"type":"LineString","coordinates":[[106.7284,26.4755],[106.7363,26.4685],[106.7422,26.4748],[106.7313,26.4709],[106.7276,26.4784]]}},{"type":"Feature","properties":{"daily_trains":1.0,"path_trains":2.0},"geometry":{"type":"LineString","coordinates":[[106.6787,26.5024],[106.6877,26.5038],[106.6986,26.5095],[106.7058,26.5155],[106.7168,26.5203]]}},{"type":"Feature","properties":{"daily_trains":2.0,"path_trains":22.43},"geometry":{"type":"LineString","coordinates":[[106.4995,26.4334],[106.4891,26.4333]]}},{"type":"Feature","properties":{"daily_trains":12.3,"path_trains":165.57},"geometry":{"type":"LineString","coordinates":[[105.338,32.1942],[105.3346,32.1899],[105.332,32.1884]]}},{"type":"Feature","properties":{"daily_trains":12.7,"path_trains":351.0},"geometry":{"type":"LineString","coordinates":[[113.6734,23.163],[113.6697,23.1616]]}},{"type":"Feature","properties":{"daily_trains":62.4,"path_trains":351.0},"geometry":{"type":"LineString","coordinates":[[113.673,23.1628],[113.6685,23.1611]]}},{"type":"Feature","properties":{"daily_trains":1.4,"path_trains":86.57},"geometry":{"type":"LineString","coordinates":[[111.0419,28.9981],[111.0586,28.9898]]}},{"type":"Feature","properties":{"daily_trains":28.0,"path_trains":44.0},"geometry":{"type":"LineString","coordinates":[[106.2403,38.6899],[106.2466,38.7006]]}},{"type":"Feature","properties":{"daily_trains":68.4,"path_trains":283.14},"geometry":{"type":"LineString","coordinates":[[109.1209,23.2533],[109.1135,23.245]]}},{"type":"Feature","properties":{"daily_trains":68.1,"path_trains":70.14},"geometry":{"type":"LineString","coordinates":[[106.7094,23.8608],[106.7176,23.8565]]}},{"type":"Feature","properties":{"daily_trains":62.3,"path_trains":175.14},"geometry":{"type":"LineString","coordinates":[[108.6746,34.0709],[108.6745,34.0694]]}},{"type":"Feature","properties":{"daily_trains":22.0,"path_trains":44.57},"geometry":{"type":"LineString","coordinates":[[115.976,28.5194],[115.9757,28.5327],[115.9769,28.5425],[115.98,28.5526],[115.9845,28.5616]]}},{"type":"Feature","properties":{"daily_trains":24.4,"path_trains":44.57},"geometry":{"type":"LineString","coordinates":[[115.9839,28.4677],[115.984,28.4774],[115.9822,28.4878],[115.977,28.5063],[115.9762,28.5145]]}},{"type":"Feature","properties":{"daily_trains":20.4,"path_trains":20.43},"geometry":{"type":"LineString","coordinates":[[103.6349,36.5171],[103.6354,36.5083],[103.6358,36.4945],[103.6296,36.4875],[103.6199,36.4845],[103.6225,36.4853],[103.6224,36.4853],[103.6325,36.4894],[103.6362,36.4975],[103.6354,36.5083],[103.6344,36.4916],[103.6265,36.4864]]}},{"type":"Feature","properties":{"daily_trains":3.6,"path_trains":29.0},"geometry":{"type":"LineString","coordinates":[[103.6199,36.4845],[103.6188,36.4839]]}},{"type":"Feature","properties":{"daily_trains":33.0,"path_trains":87.0},"geometry":{"type":"LineString","coordinates":[[111.5124,40.7678],[111.5075,40.7664]]}},{"type":"Feature","properties":{"daily_trains":62.0,"path_trains":64.0},"geometry":{"type":"LineString","coordinates":[[109.4283,40.6244],[109.4289,40.6244]]}},{"type":"Feature","properties":{"daily_trains":42.6,"path_trains":390.0},"geometry":{"type":"LineString","coordinates":[[108.8162,34.3491],[108.7996,34.3471]]}},{"type":"Feature","properties":{"daily_trains":19.0,"path_trains":44.0},"geometry":{"type":"LineString","coordinates":[[106.4856,39.0289],[106.5258,39.0457]]}},{"type":"Feature","properties":{"daily_trains":2.0,"path_trains":70.57},"geometry":{"type":"LineString","coordinates":[[115.4819,37.7858],[115.4382,37.8003]]}},{"type":"Feature","properties":{"daily_trains":9.9,"path_trains":166.28},"geometry":{"type":"LineString","coordinates":[[119.3926,35.3612],[119.3884,35.3531],[119.3816,35.3465]]}},{"type":"Feature","properties":{"daily_trains":16.0,"path_trains":82.43},"geometry":{"type":"LineString","coordinates":[[119.3027,34.3514],[119.3032,34.3046]]}},{"type":"Feature","properties":{"daily_trains":61.0,"path_trains":169.28},"geometry":{"type":"LineString","coordinates":[[119.4254,35.4036],[119.4247,35.4029]]}},{"type":"Feature","properties":{"daily_trains":84.9,"path_trains":166.43},"geometry":{"type":"LineString","coordinates":[[113.2019,30.4373],[113.2111,30.4393]]}},{"type":"Feature","properties":{"daily_trains":64.1,"path_trains":178.71},"geometry":{"type":"LineString","coordinates":[[113.8796,30.5748],[113.8721,30.5714]]}},{"type":"Feature","properties":{"daily_trains":29.4,"path_trains":137.71},"geometry":{"type":"LineString","coordinates":[[115.7951,29.1567],[115.7942,29.1603]]}},{"type":"Feature","properties":{"daily_trains":36.1,"path_trains":453.43},"geometry":{"type":"LineString","coordinates":[[120.1072,30.4252],[120.1056,30.4283]]}},{"type":"Feature","properties":{"daily_trains":5.0,"path_trains":154.29},"geometry":{"type":"LineString","coordinates":[[107.7337,34.2594],[107.7068,34.2636]]}},{"type":"Feature","properties":{"daily_trains":5.0,"path_trains":154.29},"geometry":{"type":"LineString","coordinates":[[107.6581,34.2696],[107.6392,34.271]]}},{"type":"Feature","properties":{"daily_trains":3.7,"path_trains":169.28},"geometry":{"type":"LineString","coordinates":[[119.426,35.4038],[119.4255,35.4034]]}},{"type":"Feature","properties":{"daily_trains":6.4,"path_trains":18.43},"geometry":{"type":"LineString","coordinates":[[112.1182,30.4239],[112.1183,30.4166]]}},{"type":"Feature","properties":{"daily_trains":18.4,"path_trains":18.43},"geometry":{"type":"LineString","coordinates":[[112.0868,30.8817],[112.0876,30.8787]]}},{"type":"Feature","properties":{"daily_trains":20.7,"path_trains":41.43},"geometry":{"type":"LineString","coordinates":[[119.5844,25.767],[119.5785,25.774]]}},{"type":"Feature","properties":{"daily_trains":11.3,"path_trains":41.43},"geometry":{"type":"LineString","coordinates":[[119.5829,25.7688],[119.5769,25.7759]]}},{"type":"Feature","properties":{"daily_trains":61.4,"path_trains":99.43},"geometry":{"type":"LineString","coordinates":[[116.0666,22.9138],[116.0738,22.9157]]}},{"type":"Feature","properties":{"daily_trains":61.4,"path_trains":99.43},"geometry":{"type":"LineString","coordinates":[[116.1962,22.974],[116.2316,22.985]]}},{"type":"Feature","properties":{"daily_trains":6.1,"path_trains":12.29},"geometry":{"type":"LineString","coordinates":[[123.9976,39.8946],[124.01,39.8953],[124.0047,39.895]]}},{"type":"Feature","properties":{"daily_trains":208.0,"path_trains":311.14},"geometry":{"type":"LineString","coordinates":[[115.6409,38.9221],[115.6456,38.9278]]}},{"type":"Feature","properties":{"daily_trains":101.9,"path_trains":311.14},"geometry":{"type":"LineString","coordinates":[[115.7313,39.0193],[115.744,39.0336]]}},{"type":"Feature","properties":{"daily_trains":17.0,"path_trains":71.29},"geometry":{"type":"LineString","coordinates":[[116.4624,35.5177],[116.4705,35.5241]]}},{"type":"Feature","properties":{"daily_trains":11.0,"path_trains":41.43},"geometry":{"type":"LineString","coordinates":[[118.0064,28.5161],[118.0158,28.5139],[118.025,28.5078],[118.0158,28.5138],[118.0063,28.5157]]}},{"type":"Feature","properties":{"daily_trains":17.0,"path_trains":452.43},"geometry":{"type":"LineString","coordinates":[[120.0894,30.4622],[120.0858,30.4731]]}},{"type":"Feature","properties":{"daily_trains":10.0,"path_trains":41.43},"geometry":{"type":"LineString","coordinates":[[118.0257,28.5069],[118.0178,28.5126],[118.007,28.5158]]}},{"type":"Feature","properties":{"daily_trains":3.0,"path_trains":41.43},"geometry":{"type":"LineString","coordinates":[[118.0281,28.5035],[118.0217,28.5104],[118.013,28.515],[118.0217,28.5103],[118.0279,28.504]]}},{"type":"Feature","properties":{"daily_trains":3.0,"path_trains":41.43},"geometry":{"type":"LineString","coordinates":[[118.0158,28.5138],[118.0248,28.5084],[118.0286,28.5008]]}},{"type":"Feature","properties":{"daily_trains":1.0,"path_trains":71.29},"geometry":{"type":"LineString","coordinates":[[115.9355,35.4512],[115.9415,35.451]]}},{"type":"Feature","properties":{"daily_trains":3.0,"path_trains":18.43},"geometry":{"type":"LineString","coordinates":[[112.1182,30.4277],[112.1183,30.4176]]}},{"type":"Feature","properties":{"daily_trains":12.0,"path_trains":45.43},"geometry":{"type":"LineString","coordinates":[[118.059,39.6911],[118.0674,39.6895]]}},{"type":"Feature","properties":{"daily_trains":94.0,"path_trains":94.0},"geometry":{"type":"LineString","coordinates":[[119.7213,39.979],[119.7228,39.9797]]}},{"type":"Feature","properties":{"daily_trains":96.0,"path_trains":119.0},"geometry":{"type":"LineString","coordinates":[[117.5245,30.6233],[117.5229,30.6229]]}},{"type":"Feature","properties":{"daily_trains":80.6,"path_trains":180.42},"geometry":{"type":"LineString","coordinates":[[106.7963,29.6569],[106.7947,29.6565]]}},{"type":"Feature","properties":{"daily_trains":20.0,"path_trains":122.14},"geometry":{"type":"LineString","coordinates":[[118.1113,39.617],[118.1118,39.617],[118.1118,39.6184]]}},{"type":"Feature","properties":{"daily_trains":6.0,"path_trains":405.72},"geometry":{"type":"LineString","coordinates":[[104.132,30.6198],[104.1312,30.6186]]}},{"type":"Feature","properties":{"daily_trains":148.0,"path_trains":274.28},"geometry":{"type":"LineString","coordinates":[[118.388,31.3389],[118.3874,31.3389],[118.387,31.3401]]}},{"type":"Feature","properties":{"daily_trains":27.6,"path_trains":261.71},"geometry":{"type":"LineString","coordinates":[[119.7164,29.133],[119.7178,29.1339]]}},{"type":"Feature","properties":{"daily_trains":93.4,"path_trains":833.14},"geometry":{"type":"LineString","coordinates":[[113.7729,34.7524],[113.7737,34.7573],[113.7742,34.7533]]}},{"type":"Feature","properties":{"daily_trains":9.7,"path_trains":9.71},"geometry":{"type":"LineString","coordinates":[[106.6844,26.4016],[106.6862,26.4018]]}},{"type":"Feature","properties":{"daily_trains":10.0,"path_trains":172.14},"geometry":{"type":"LineString","coordinates":[[115.1495,25.9891],[115.1513,25.989]]}},{"type":"Feature","properties":{"daily_trains":0.9,"path_trains":176.72},"geometry":{"type":"LineString","coordinates":[[119.3949,29.5718],[119.3933,29.5709],[119.3931,29.5714]]}},{"type":"Feature","properties":{"daily_trains":261.6,"path_trains":835.14},"geometry":{"type":"LineString","coordinates":[[114.0193,22.6167],[114.0203,22.6155]]}},{"type":"Feature","properties":{"daily_trains":140.9,"path_trains":236.86},"geometry":{"type":"LineString","coordinates":[[120.362,36.2945],[120.3616,36.296]]}},{"type":"Feature","properties":{"daily_trains":85.7,"path_trains":381.28},"geometry":{"type":"LineString","coordinates":[[116.4559,37.4134],[116.4557,37.415]]}},{"type":"Feature","properties":{"daily_trains":34.0,"path_trains":83.43},"geometry":{"type":"LineString","coordinates":[[101.8188,36.6158],[101.82,36.6146]]}},{"type":"Feature","properties":{"daily_trains":9.6,"path_trains":744.86},"geometry":{"type":"LineString","coordinates":[[118.8035,31.9752],[118.8033,31.9757],[118.8016,31.9749]]}},{"type":"Feature","properties":{"daily_trains":84.3,"path_trains":744.86},"geometry":{"type":"LineString","coordinates":[[118.805,31.9766],[118.8033,31.9757]]}},{"type":"Feature","properties":{"daily_trains":2.4,"path_trains":87.57},"geometry":{"type":"LineString","coordinates":[[105.4095,28.9267],[105.4113,28.9274]]}},{"type":"Feature","properties":{"daily_trains":7.0,"path_trains":12.0},"geometry":{"type":"LineString","coordinates":[[130.9013,44.4264],[130.9033,44.4265]]}},{"type":"Feature","properties":{"daily_trains":191.0,"path_trains":207.29},"geometry":{"type":"LineString","coordinates":[[125.186,43.8713],[125.1878,43.8722]]}},{"type":"Feature","properties":{"daily_trains":27.0,"path_trains":222.14},"geometry":{"type":"LineString","coordinates":[[117.1487,31.78],[117.1495,31.7816]]}},{"type":"Feature","properties":{"daily_trains":28.0,"path_trains":53.86},"geometry":{"type":"LineString","coordinates":[[118.7822,28.9162],[118.7814,28.9145]]}},{"type":"Feature","properties":{"daily_trains":7.0,"path_trains":12.0},"geometry":{"type":"LineString","coordinates":[[130.8991,44.4264],[130.9013,44.4264]]}},{"type":"Feature","properties":{"daily_trains":320.3,"path_trains":690.57},"geometry":{"type":"LineString","coordinates":[[113.7718,34.7667],[113.7715,34.7686]]}},{"type":"Feature","properties":{"daily_trains":22.0,"path_trains":546.86},"geometry":{"type":"LineString","coordinates":[[108.9284,34.3766],[108.9257,34.3762],[108.9261,34.3764]]}},{"type":"Feature","properties":{"daily_trains":148.0,"path_trains":274.28},"geometry":{"type":"LineString","coordinates":[[118.387,31.3401],[118.387,31.3421]]}},{"type":"Feature","properties":{"daily_trains":68.4,"path_trains":184.71},"geometry":{"type":"LineString","coordinates":[[117.1711,39.1573],[117.1689,39.1568]]}},{"type":"Feature","properties":{"daily_trains":8.3,"path_trains":241.28},"geometry":{"type":"LineString","coordinates":[[117.16,36.7483],[117.1623,36.7483]]}},{"type":"Feature","properties":{"daily_trains":2.0,"path_trains":164.57},"geometry":{"type":"LineString","coordinates":[[106.9524,26.4719],[106.9547,26.4719]]}},{"type":"Feature","properties":{"daily_trains":48.6,"path_trains":112.72},"geometry":{"type":"LineString","coordinates":[[117.2299,29.3404],[117.2277,29.3398]]}},{"type":"Feature","properties":{"daily_trains":0.4,"path_trains":112.72},"geometry":{"type":"LineString","coordinates":[[104.8752,29.3671],[104.8749,29.3691]]}},{"type":"Feature","properties":{"daily_trains":30.0,"path_trains":322.0},"geometry":{"type":"LineString","coordinates":[[119.0553,25.3511],[119.054,25.3495]]}},{"type":"Feature","properties":{"daily_trains":108.3,"path_trains":789.29},"geometry":{"type":"LineString","coordinates":[[118.7868,31.9688],[118.7887,31.9696],[118.7891,31.9693]]}},{"type":"Feature","properties":{"daily_trains":19.7,"path_trains":51.71},"geometry":{"type":"LineString","coordinates":[[119.5665,32.4616],[119.5641,32.4617]]}},{"type":"Feature","properties":{"daily_trains":290.6,"path_trains":789.29},"geometry":{"type":"LineString","coordinates":[[118.7868,31.9688],[118.7887,31.9696],[118.7891,31.9693],[118.785,31.9674]]}},{"type":"Feature","properties":{"daily_trains":85.7,"path_trains":381.28},"geometry":{"type":"LineString","coordinates":[[116.4561,37.4134],[116.4569,37.4114]]}},{"type":"Feature","properties":{"daily_trains":108.0,"path_trains":108.0},"geometry":{"type":"LineString","coordinates":[[114.7362,33.6551],[114.7375,33.6533]]}},{"type":"Feature","properties":{"daily_trains":254.9,"path_trains":254.86},"geometry":{"type":"LineString","coordinates":[[114.3788,23.1867],[114.3806,23.1882]]}},{"type":"Feature","properties":{"daily_trains":61.4,"path_trains":223.58},"geometry":{"type":"LineString","coordinates":[[120.6698,31.824],[120.6694,31.8261]]}},{"type":"Feature","properties":{"daily_trains":4.0,"path_trains":84.43},"geometry":{"type":"LineString","coordinates":[[106.6929,26.5625],[106.6906,26.5634]]}},{"type":"Feature","properties":{"daily_trains":30.0,"path_trains":318.0},"geometry":{"type":"LineString","coordinates":[[119.0528,25.3436],[119.0538,25.3456]]}},{"type":"Feature","properties":{"daily_trains":11.3,"path_trains":41.43},"geometry":{"type":"LineString","coordinates":[[119.5844,25.767],[119.5829,25.7688]]}},{"type":"Feature","properties":{"daily_trains":29.6,"path_trains":77.43},"geometry":{"type":"LineString","coordinates":[[119.462,36.7941],[119.4647,36.794]]}},{"type":"Feature","properties":{"daily_trains":11.3,"path_trains":41.43},"geometry":{"type":"LineString","coordinates":[[119.5785,25.774],[119.5769,25.7759]]}},{"type":"Feature","properties":{"daily_trains":0.9,"path_trains":362.28},"geometry":{"type":"LineString","coordinates":[[114.3196,30.8186],[114.3206,30.8164]]}},{"type":"Feature","properties":{"daily_trains":6.7,"path_trains":200.86},"geometry":{"type":"LineString","coordinates":[[117.9147,31.6283],[117.9162,31.6262]]}},{"type":"Feature","properties":{"daily_trains":63.3,"path_trains":297.42},"geometry":{"type":"LineString","coordinates":[[104.1456,30.6461],[104.1448,30.6438]]}},{"type":"Feature","properties":{"daily_trains":36.9,"path_trains":755.14},"geometry":{"type":"LineString","coordinates":[[121.259,31.2929],[121.2594,31.293],[121.2561,31.2924]]}},{"type":"Feature","properties":{"daily_trains":5.0,"path_trains":1018.72},"geometry":{"type":"LineString","coordinates":[[113.2667,22.9904],[113.2677,22.9879]]}},{"type":"Feature","properties":{"daily_trains":2.0,"path_trains":233.57},"geometry":{"type":"LineString","coordinates":[[114.2192,30.6059],[114.2199,30.6033]]}},{"type":"Feature","properties":{"daily_trains":5.4,"path_trains":103.43},"geometry":{"type":"LineString","coordinates":[[118.0033,28.5152],[118.0056,28.516],[118.0074,28.5159],[118.0063,28.5157]]}},{"type":"Feature","properties":{"daily_trains":1.0,"path_trains":405.72},"geometry":{"type":"LineString","coordinates":[[104.1344,30.6234],[104.1353,30.6259]]}},{"type":"Feature","properties":{"daily_trains":1.9,"path_trains":304.86},"geometry":{"type":"LineString","coordinates":[[120.3082,30.1089],[120.3077,30.1062]]}},{"type":"Feature","properties":{"daily_trains":10.7,"path_trains":23.43},"geometry":{"type":"LineString","coordinates":[[106.5386,26.4481],[106.5354,26.4486]]}},{"type":"Feature","properties":{"daily_trains":75.0,"path_trains":183.28},"geometry":{"type":"LineString","coordinates":[[115.7452,32.8783],[115.7458,32.881]]}},{"type":"Feature","properties":{"daily_trains":149.6,"path_trains":223.58},"geometry":{"type":"LineString","coordinates":[[120.6692,31.8288],[120.6694,31.8261]]}},{"type":"Feature","properties":{"daily_trains":158.4,"path_trains":153.14},"geometry":{"type":"LineString","coordinates":[[119.8076,41.2245],[119.8107,41.2251]]}},{"type":"Feature","properties":{"daily_trains":123.1,"path_trains":126.28},"geometry":{"type":"LineString","coordinates":[[121.3766,41.1564],[121.3745,41.1543]]}},{"type":"Feature","properties":{"daily_trains":250.0,"path_trains":501.58},"geometry":{"type":"LineString","coordinates":[[116.37,39.8605],[116.3675,39.8587]]}},{"type":"Feature","properties":{"daily_trains":20.0,"path_trains":145.86},"geometry":{"type":"LineString","coordinates":[[120.7646,32.1093],[120.7659,32.1119]]}},{"type":"Feature","properties":{"daily_trains":96.3,"path_trains":95.57},"geometry":{"type":"LineString","coordinates":[[113.7865,31.0397],[113.7885,31.0373]]}},{"type":"Feature","properties":{"daily_trains":1.0,"path_trains":405.72},"geometry":{"type":"LineString","coordinates":[[104.132,30.6198],[104.1338,30.6223]]}},{"type":"Feature","properties":{"daily_trains":356.0,"path_trains":549.86},"geometry":{"type":"LineString","coordinates":[[108.9405,34.3785],[108.9438,34.3795]]}},{"type":"Feature","properties":{"daily_trains":25.3,"path_trains":373.86},"geometry":{"type":"LineString","coordinates":[[115.7881,28.6261],[115.7828,28.6283],[115.7847,28.6269]]}},{"type":"Feature","properties":{"daily_trains":10.7,"path_trains":22.43},"geometry":{"type":"LineString","coordinates":[[106.5386,26.4482],[106.5351,26.4485],[106.5418,26.447]]}},{"type":"Feature","properties":{"daily_trains":25.6,"path_trains":109.28},"geometry":{"type":"LineString","coordinates":[[121.3223,37.49],[121.3258,37.4904]]}},{"type":"Feature","properties":{"daily_trains":62.4,"path_trains":351.0},"geometry":{"type":"LineString","coordinates":[[113.6697,23.1616],[113.663,23.1592],[113.673,23.1628]]}},{"type":"Feature","properties":{"daily_trains":246.4,"path_trains":321.14},"geometry":{"type":"LineString","coordinates":[[123.4157,41.8131],[123.4122,41.8123]]}},{"type":"Feature","properties":{"daily_trains":99.4,"path_trains":466.14},"geometry":{"type":"LineString","coordinates":[[117.323,34.2262],[117.3207,34.2288]]}},{"type":"Feature","properties":{"daily_trains":290.6,"path_trains":676.28},"geometry":{"type":"LineString","coordinates":[[118.7843,31.9677],[118.7813,31.9657]]}},{"type":"Feature","properties":{"daily_trains":3.0,"path_trains":188.43},"geometry":{"type":"LineString","coordinates":[[118.0279,28.504],[118.0286,28.5008]]}},{"type":"Feature","properties":{"daily_trains":251.0,"path_trains":518.57},"geometry":{"type":"LineString","coordinates":[[113.7837,34.6728],[113.7842,34.6766],[113.7826,34.6759]]}},{"type":"Feature","properties":{"daily_trains":201.1,"path_trains":349.43},"geometry":{"type":"LineString","coordinates":[[120.0178,30.8587],[120.0178,30.8554]]}},{"type":"Feature","properties":{"daily_trains":24.0,"path_trains":352.85},"geometry":{"type":"LineString","coordinates":[[114.253,30.623],[114.2493,30.6219]]}},{"type":"Feature","properties":{"daily_trains":4.1,"path_trains":129.14},"geometry":{"type":"LineString","coordinates":[[108.3935,22.8449],[108.3897,22.8449]]}},{"type":"Feature","properties":{"daily_trains":9.6,"path_trains":744.86},"geometry":{"type":"LineString","coordinates":[[118.8052,31.9762],[118.8016,31.9749]]}},{"type":"Feature","properties":{"daily_trains":250.0,"path_trains":501.58},"geometry":{"type":"LineString","coordinates":[[116.3703,39.8609],[116.37,39.8614],[116.3707,39.8621],[116.3728,39.8635]]}},{"type":"Feature","properties":{"daily_trains":159.7,"path_trains":68.0},"geometry":{"type":"LineString","coordinates":[[115.9853,28.4198],[115.9848,28.4232]]}},{"type":"Feature","properties":{"daily_trains":29.1,"path_trains":126.28},"geometry":{"type":"LineString","coordinates":[[121.3652,41.1459],[121.368,41.1484]]}},{"type":"Feature","properties":{"daily_trains":20.7,"path_trains":339.0},"geometry":{"type":"LineString","coordinates":[[113.1277,23.6916],[113.1264,23.6884]]}},{"type":"Feature","properties":{"daily_trains":22.0,"path_trains":164.43},"geometry":{"type":"LineString","coordinates":[[114.4777,30.5315],[114.4818,30.5314]]}},{"type":"Feature","properties":{"daily_trains":28.0,"path_trains":398.86},"geometry":{"type":"LineString","coordinates":[[121.3557,31.1146],[121.3573,31.1114]]}},{"type":"Feature","properties":{"daily_trains":5.4,"path_trains":188.43},"geometry":{"type":"LineString","coordinates":[[118.0268,28.5035],[118.0257,28.5069]]}},{"type":"Feature","properties":{"daily_trains":312.1,"path_trains":308.14},"geometry":{"type":"LineString","coordinates":[[108.4224,22.8445],[108.4183,22.8446]]}},{"type":"Feature","properties":{"daily_trains":98.2,"path_trains":755.14},"geometry":{"type":"LineString","coordinates":[[121.261,31.2898],[121.2559,31.2923],[121.2594,31.293],[121.259,31.2929]]}},{"type":"Feature","properties":{"daily_trains":2.1,"path_trains":142.86},"geometry":{"type":"LineString","coordinates":[[106.6275,26.7111],[106.6317,26.7111]]}},{"type":"Feature","properties":{"daily_trains":9.1,"path_trains":278.14},"geometry":{"type":"LineString","coordinates":[[104.1209,30.5917],[104.1183,30.5942],[104.1178,30.5941]]}},{"type":"Feature","properties":{"daily_trains":7.0,"path_trains":109.28},"geometry":{"type":"LineString","coordinates":[[121.3337,37.4982],[121.3334,37.4946]]}},{"type":"Feature","properties":{"daily_trains":113.7,"path_trains":269.43},"geometry":{"type":"LineString","coordinates":[[120.5834,27.9804],[120.5828,27.9768]]}},{"type":"Feature","properties":{"daily_trains":261.1,"path_trains":835.14},"geometry":{"type":"LineString","coordinates":[[113.7718,34.7667],[113.7726,34.7631]]}},{"type":"Feature","properties":{"daily_trains":85.7,"path_trains":381.28},"geometry":{"type":"LineString","coordinates":[[116.4557,37.415],[116.4569,37.4114]]}},{"type":"Feature","properties":{"daily_trains":3.0,"path_trains":18.43},"geometry":{"type":"LineString","coordinates":[[112.1182,30.4239],[112.1182,30.4277]]}},{"type":"Feature","properties":{"daily_trains":30.0,"path_trains":322.0},"geometry":{"type":"LineString","coordinates":[[119.054,25.3495],[119.0553,25.3511],[119.0527,25.3437],[119.0538,25.3456]]}},{"type":"Feature","properties":{"daily_trains":99.6,"path_trains":269.14},"geometry":{"type":"LineString","coordinates":[[114.2631,30.6251],[114.2588,30.624]]}},{"type":"Feature","properties":{"daily_trains":54.7,"path_trains":137.71},"geometry":{"type":"LineString","coordinates":[[115.8743,29.606],[115.8752,29.6062],[115.8763,29.6026]]}},{"type":"Feature","properties":{"daily_trains":46.6,"path_trains":677.43},"geometry":{"type":"LineString","coordinates":[[113.2685,22.9862],[113.2709,22.9829]]}},{"type":"Feature","properties":{"daily_trains":108.3,"path_trains":676.28},"geometry":{"type":"LineString","coordinates":[[118.785,31.9674],[118.7891,31.9693]]}},{"type":"Feature","properties":{"daily_trains":86.1,"path_trains":261.71},"geometry":{"type":"LineString","coordinates":[[119.7312,29.1304],[119.732,29.1265]]}},{"type":"Feature","properties":{"daily_trains":63.6,"path_trains":63.57},"geometry":{"type":"LineString","coordinates":[[116.4314,39.9003],[116.4337,39.8995],[116.4348,39.8975]]}},{"type":"Feature","properties":{"daily_trains":1.0,"path_trains":231.0},"geometry":{"type":"LineString","coordinates":[[120.0394,36.3985],[120.0348,36.3993]]}},{"type":"Feature","properties":{"daily_trains":6.0,"path_trains":227.14},"geometry":{"type":"LineString","coordinates":[[120.1672,30.3396],[120.1712,30.3375]]}},{"type":"Feature","properties":{"daily_trains":24.0,"path_trains":268.71},"geometry":{"type":"LineString","coordinates":[[114.2587,30.6241],[114.254,30.6231]]}},{"type":"Feature","properties":{"daily_trains":30.1,"path_trains":133.86},"geometry":{"type":"LineString","coordinates":[[122.5731,40.8472],[122.576,40.8506]]}},{"type":"Feature","properties":{"daily_trains":0.4,"path_trains":112.86},"geometry":{"type":"LineString","coordinates":[[104.8763,29.363],[104.8752,29.3671]]}},{"type":"Feature","properties":{"daily_trains":93.4,"path_trains":833.14},"geometry":{"type":"LineString","coordinates":[[113.7745,34.7534],[113.7737,34.7577]]}},{"type":"Feature","properties":{"daily_trains":1.0,"path_trains":405.72},"geometry":{"type":"LineString","coordinates":[[104.1308,30.6187],[104.1338,30.6223]]}},{"type":"Feature","properties":{"daily_trains":32.0,"path_trains":40.0},"geometry":{"type":"LineString","coordinates":[[121.5888,39.0116],[121.5935,39.0133]]}},{"type":"Feature","properties":{"daily_trains":9.1,"path_trains":278.14},"geometry":{"type":"LineString","coordinates":[[104.1178,30.5941],[104.1144,30.5975]]}},{"type":"Feature","properties":{"daily_trains":93.4,"path_trains":836.14},"geometry":{"type":"LineString","coordinates":[[113.773,34.7628],[113.7734,34.7582]]}},{"type":"Feature","properties":{"daily_trains":76.0,"path_trains":274.28},"geometry":{"type":"LineString","coordinates":[[118.388,31.3389],[118.3878,31.3365],[118.3868,31.3344]]}},{"type":"Feature","properties":{"daily_trains":154.6,"path_trains":266.57},"geometry":{"type":"LineString","coordinates":[[113.9265,34.4912],[113.9264,34.4907],[113.9258,34.4958]]}},{"type":"Feature","properties":{"daily_trains":94.1,"path_trains":164.57},"geometry":{"type":"LineString","coordinates":[[106.9277,26.4675],[106.9316,26.4691],[106.9328,26.4691]]}},{"type":"Feature","properties":{"daily_trains":1.0,"path_trains":140.86},"geometry":{"type":"LineString","coordinates":[[120.4814,36.7838],[120.4856,36.7869]]}},{"type":"Feature","properties":{"daily_trains":5.0,"path_trains":338.57},"geometry":{"type":"LineString","coordinates":[[112.6561,23.2186],[112.6536,23.2144]]}},{"type":"Feature","properties":{"daily_trains":36.9,"path_trains":750.57},"geometry":{"type":"LineString","coordinates":[[121.2559,31.2923],[121.2508,31.2945]]}},{"type":"Feature","properties":{"daily_trains":61.4,"path_trains":223.58},"geometry":{"type":"LineString","coordinates":[[120.6698,31.824],[120.6692,31.8288]]}},{"type":"Feature","properties":{"daily_trains":75.6,"path_trains":446.42},"geometry":{"type":"LineString","coordinates":[[114.1355,22.6402],[114.1341,22.6361],[114.1307,22.6337],[114.1346,22.6353]]}},{"type":"Feature","properties":{"daily_trains":1.0,"path_trains":10.71},"geometry":{"type":"LineString","coordinates":[[106.6844,26.503],[106.6787,26.5024]]}},{"type":"Feature","properties":{"daily_trains":22.0,"path_trains":44.57},"geometry":{"type":"LineString","coordinates":[[115.976,28.5194],[115.9762,28.5145]]}},{"type":"Feature","properties":{"daily_trains":9.6,"path_trains":744.86},"geometry":{"type":"LineString","coordinates":[[118.7981,31.9731],[118.8033,31.9757],[118.8035,31.9752]]}},{"type":"Feature","properties":{"daily_trains":80.1,"path_trains":170.42},"geometry":{"type":"LineString","coordinates":[[112.2889,32.0149],[112.2933,32.0184]]}},{"type":"Feature","properties":{"daily_trains":59.4,"path_trains":215.43},"geometry":{"type":"LineString","coordinates":[[118.2776,29.8258],[118.275,29.8241],[118.2734,29.8222]]}},{"type":"Feature","properties":{"daily_trains":286.9,"path_trains":551.86},"geometry":{"type":"LineString","coordinates":[[108.9342,34.3769],[108.9405,34.3785],[108.9399,34.3787]]}},{"type":"Feature","properties":{"daily_trains":180.9,"path_trains":250.0},"geometry":{"type":"LineString","coordinates":[[114.016,22.9736],[114.0151,22.9713],[114.0165,22.9683]]}},{"type":"Feature","properties":{"daily_trains":1.0,"path_trains":278.28},"geometry":{"type":"LineString","coordinates":[[118.3687,31.2455],[118.3645,31.2416]]}},{"type":"Feature","properties":{"daily_trains":93.4,"path_trains":833.14},"geometry":{"type":"LineString","coordinates":[[113.7737,34.7577],[113.7729,34.7524]]}},{"type":"Feature","properties":{"daily_trains":189.4,"path_trains":497.42},"geometry":{"type":"LineString","coordinates":[[113.0596,28.1434],[113.0601,28.1381]]}},{"type":"Feature","properties":{"daily_trains":66.0,"path_trains":146.0},"geometry":{"type":"LineString","coordinates":[[117.0015,36.6772],[117.0076,36.6784]]}},{"type":"Feature","properties":{"daily_trains":261.1,"path_trains":690.57},"geometry":{"type":"LineString","coordinates":[[113.7721,34.7686],[113.7726,34.7631]]}},{"type":"Feature","properties":{"daily_trains":238.3,"path_trains":293.43},"geometry":{"type":"LineString","coordinates":[[119.1364,25.4705],[119.1393,25.4755]]}},{"type":"Feature","properties":{"daily_trains":55.4,"path_trains":203.29},"geometry":{"type":"LineString","coordinates":[[121.1831,31.524],[121.1827,31.5236],[121.1869,31.5194]]}},{"type":"Feature","properties":{"daily_trains":676.3,"path_trains":676.28},"geometry":{"type":"LineString","coordinates":[[118.7813,31.9657],[118.7868,31.9688]]}},{"type":"Feature","properties":{"daily_trains":99.9,"path_trains":380.42},"geometry":{"type":"LineString","coordinates":[[114.4246,30.5922],[114.4242,30.5952],[114.4231,30.5977]]}},{"type":"Feature","properties":{"daily_trains":10.6,"path_trains":282.72},"geometry":{"type":"LineString","coordinates":[[119.4313,32.2],[119.4247,32.199]]}},{"type":"Feature","properties":{"daily_trains":98.2,"path_trains":755.14},"geometry":{"type":"LineString","coordinates":[[121.2661,31.2915],[121.259,31.2929],[121.2594,31.293]]}},{"type":"Feature","properties":{"daily_trains":4.0,"path_trains":142.57},"geometry":{"type":"LineString","coordinates":[[119.4338,35.422],[119.4338,35.4279]]}},{"type":"Feature","properties":{"daily_trains":108.6,"path_trains":720.14},"geometry":{"type":"LineString","coordinates":[[113.7728,34.7524],[113.7731,34.7465]]}},{"type":"Feature","properties":{"daily_trains":23.9,"path_trains":272.44},"geometry":{"type":"LineString","coordinates":[[119.3154,26.1163],[119.3218,26.114]]}},{"type":"Feature","properties":{"daily_trains":3.6,"path_trains":29.0},"geometry":{"type":"LineString","coordinates":[[103.6265,36.4864],[103.6199,36.4845]]}},{"type":"Feature","properties":{"daily_trains":303.7,"path_trains":515.43},"geometry":{"type":"LineString","coordinates":[[117.2847,31.8001],[117.2776,31.7993]]}},{"type":"Feature","properties":{"daily_trains":242.7,"path_trains":297.14},"geometry":{"type":"LineString","coordinates":[[113.2448,23.1556],[113.2425,23.1555],[113.2409,23.1546],[113.24,23.153],[113.2399,23.1511]]}},{"type":"Feature","properties":{"daily_trains":31.4,"path_trains":320.28},"geometry":{"type":"LineString","coordinates":[[112.7053,26.9121],[112.7054,26.906]]}},{"type":"Feature","properties":{"daily_trains":10.1,"path_trains":79.29},"geometry":{"type":"LineString","coordinates":[[119.6301,33.573],[119.6227,33.5727]]}},{"type":"Feature","properties":{"daily_trains":0.4,"path_trains":112.72},"geometry":{"type":"LineString","coordinates":[[104.8749,29.3691],[104.8763,29.363]]}},{"type":"Feature","properties":{"daily_trains":20.9,"path_trains":292.43},"geometry":{"type":"LineString","coordinates":[[119.4033,25.9094],[119.4027,25.9014],[119.4031,25.903]]}},{"type":"Feature","properties":{"daily_trains":46.7,"path_trains":211.72},"geometry":{"type":"LineString","coordinates":[[119.5411,32.4652],[119.5416,32.4652],[119.5412,32.4716]]}},{"type":"Feature","properties":{"daily_trains":27.1,"path_trains":70.71},"geometry":{"type":"LineString","coordinates":[[116.9301,30.7083],[116.9248,30.7037]]}},{"type":"Feature","properties":{"daily_trains":273.0,"path_trains":501.58},"geometry":{"type":"LineString","coordinates":[[116.3675,39.8587],[116.3695,39.8613],[116.3727,39.8636]]}},{"type":"Feature","properties":{"daily_trains":65.3,"path_trains":518.57},"geometry":{"type":"LineString","coordinates":[[113.7848,34.6823],[113.7842,34.6766],[113.7826,34.6759]]}},{"type":"Feature","properties":{"daily_trains":11.0,"path_trains":83.86},"geometry":{"type":"LineString","coordinates":[[106.4313,29.6078],[106.4306,29.6012]]}},{"type":"Feature","properties":{"daily_trains":7.0,"path_trains":515.43},"geometry":{"type":"LineString","coordinates":[[117.2848,31.8006],[117.2926,31.8011]]}},{"type":"Feature","properties":{"daily_trains":5.0,"path_trains":338.57},"geometry":{"type":"LineString","coordinates":[[112.6561,23.2188],[112.6526,23.2128]]}},{"type":"Feature","properties":{"daily_trains":9.6,"path_trains":744.86},"geometry":{"type":"LineString","coordinates":[[118.8052,31.9762],[118.7981,31.9731]]}},{"type":"Feature","properties":{"daily_trains":28.0,"path_trains":202.43},"geometry":{"type":"LineString","coordinates":[[119.5418,32.4789],[119.5411,32.4721]]}},{"type":"Feature","properties":{"daily_trains":67.1,"path_trains":171.29},"geometry":{"type":"LineString","coordinates":[[117.1317,39.1565],[117.1235,39.1557]]}},{"type":"Feature","properties":{"daily_trains":225.0,"path_trains":225.0},"geometry":{"type":"LineString","coordinates":[[112.611,37.7866],[112.617,37.7816]]}},{"type":"Feature","properties":{"daily_trains":98.2,"path_trains":755.14},"geometry":{"type":"LineString","coordinates":[[121.259,31.2929],[121.2508,31.2945]]}},{"type":"Feature","properties":{"daily_trains":2.0,"path_trains":152.57},"geometry":{"type":"LineString","coordinates":[[118.023,31.0082],[118.0283,31.0026]]}},{"type":"Feature","properties":{"daily_trains":22.0,"path_trains":50.14},"geometry":{"type":"LineString","coordinates":[[115.9883,28.5681],[115.9845,28.5616]]}},{"type":"Feature","properties":{"daily_trains":115.9,"path_trains":266.57},"geometry":{"type":"LineString","coordinates":[[113.9275,34.4907],[113.9279,34.4833]]}},{"type":"Feature","properties":{"daily_trains":177.6,"path_trains":239.72},"geometry":{"type":"LineString","coordinates":[[114.3866,23.1936],[114.3806,23.1882]]}},{"type":"Feature","properties":{"daily_trains":92.6,"path_trains":92.57},"geometry":{"type":"LineString","coordinates":[[112.8159,28.2662],[112.824,28.2633]]}},{"type":"Feature","properties":{"daily_trains":108.3,"path_trains":676.28},"geometry":{"type":"LineString","coordinates":[[118.7813,31.9657],[118.7891,31.9693]]}},{"type":"Feature","properties":{"daily_trains":1.0,"path_trains":228.57},"geometry":{"type":"LineString","coordinates":[[117.7692,24.4826],[117.7608,24.48]]}},{"type":"Feature","properties":{"daily_trains":23.7,"path_trains":132.86},"geometry":{"type":"LineString","coordinates":[[104.6116,28.7212],[104.6163,28.7174],[104.6191,28.7169]]}},{"type":"Feature","properties":{"daily_trains":99.4,"path_trains":99.43},"geometry":{"type":"LineString","coordinates":[[118.2614,33.8753],[118.2705,33.8751]]}},{"type":"Feature","properties":{"daily_trains":20.4,"path_trains":20.43},"geometry":{"type":"LineString","coordinates":[[103.6345,36.5249],[103.6349,36.5171]]}},{"type":"Feature","properties":{"daily_trains":33.8,"path_trains":352.85},"geometry":{"type":"LineString","coordinates":[[114.2493,30.6219],[114.2409,30.6189]]}},{"type":"Feature","properties":{"daily_trains":3.0,"path_trains":103.43},"geometry":{"type":"LineString","coordinates":[[118.007,28.5158],[118.0103,28.5158],[118.0158,28.5138]]}},{"type":"Feature","properties":{"daily_trains":4.0,"path_trains":177.0},"geometry":{"type":"LineString","coordinates":[[125.3259,43.9094],[125.3352,43.9095]]}},{"type":"Feature","properties":{"daily_trains":7.0,"path_trains":109.28},"geometry":{"type":"LineString","coordinates":[[121.3339,37.4945],[121.3334,37.4946],[121.3305,37.4915],[121.326,37.4902]]}},{"type":"Feature","properties":{"daily_trains":23.7,"path_trains":423.29},"geometry":{"type":"LineString","coordinates":[[104.1144,30.5975],[104.1209,30.5917]]}},{"type":"Feature","properties":{"daily_trains":29.1,"path_trains":126.28},"geometry":{"type":"LineString","coordinates":[[121.3745,41.1543],[121.3681,41.1484]]}},{"type":"Feature","properties":{"daily_trains":88.0,"path_trains":185.57},"geometry":{"type":"LineString","coordinates":[[115.6479,34.4477],[115.6565,34.4443]]}},{"type":"Feature","properties":{"daily_trains":169.0,"path_trains":515.43},"geometry":{"type":"LineString","coordinates":[[117.2753,31.8001],[117.2848,31.8006]]}},{"type":"Feature","properties":{"daily_trains":3.0,"path_trains":46.57},"geometry":{"type":"LineString","coordinates":[[106.6578,29.4696],[106.6593,29.4714],[106.6647,29.4752]]}},{"type":"Feature","properties":{"daily_trains":148.0,"path_trains":146.0},"geometry":{"type":"LineString","coordinates":[[116.9934,36.6728],[116.9986,36.6764],[117.0015,36.6772]]}},{"type":"Feature","properties":{"daily_trains":691.6,"path_trains":443.71},"geometry":{"type":"LineString","coordinates":[[113.6728,22.8638],[113.6633,22.8627]]}},{"type":"Feature","properties":{"daily_trains":6.0,"path_trains":531.86},"geometry":{"type":"LineString","coordinates":[[120.1957,30.3144],[120.1953,30.3193],[120.1943,30.3225]]}},{"type":"Feature","properties":{"daily_trains":99.6,"path_trains":354.85},"geometry":{"type":"LineString","coordinates":[[114.2493,30.622],[114.2587,30.6241]]}},{"type":"Feature","properties":{"daily_trains":23.7,"path_trains":132.86},"geometry":{"type":"LineString","coordinates":[[104.6248,28.7237],[104.6193,28.7168]]}},{"type":"Feature","properties":{"daily_trains":22.0,"path_trains":166.43},"geometry":{"type":"LineString","coordinates":[[114.4719,30.5318],[114.4818,30.5314]]}},{"type":"Feature","properties":{"daily_trains":24.0,"path_trains":269.14},"geometry":{"type":"LineString","coordinates":[[114.2631,30.6251],[114.2534,30.623]]}},{"type":"Feature","properties":{"daily_trains":286.9,"path_trains":551.86},"geometry":{"type":"LineString","coordinates":[[108.9342,34.3769],[108.9438,34.3795]]}},{"type":"Feature","properties":{"daily_trains":282.7,"path_trains":555.72},"geometry":{"type":"LineString","coordinates":[[119.244,32.1627],[119.2339,32.162]]}},{"type":"Feature","properties":{"daily_trains":28.0,"path_trains":535.43},"geometry":{"type":"LineString","coordinates":[[121.3609,31.1033],[121.359,31.1064],[121.3573,31.1114]]}},{"type":"Feature","properties":{"daily_trains":5.0,"path_trains":338.57},"geometry":{"type":"LineString","coordinates":[[112.6561,23.2188],[112.6648,23.2141]]}},{"type":"Feature","properties":{"daily_trains":79.7,"path_trains":207.43},"geometry":{"type":"LineString","coordinates":[[126.6214,45.7549],[126.6277,45.7619]]}},{"type":"Feature","properties":{"daily_trains":54.7,"path_trains":137.71},"geometry":{"type":"LineString","coordinates":[[115.8763,29.6026],[115.8774,29.5938]]}},{"type":"Feature","properties":{"daily_trains":80.1,"path_trains":147.0},"geometry":{"type":"LineString","coordinates":[[112.2812,32.009],[112.2889,32.015]]}},{"type":"Feature","properties":{"daily_trains":0.4,"path_trains":112.72},"geometry":{"type":"LineString","coordinates":[[104.8746,29.3692],[104.8718,29.3778]]}},{"type":"Feature","properties":{"daily_trains":220.4,"path_trains":835.14},"geometry":{"type":"LineString","coordinates":[[113.7738,34.7629],[113.7725,34.7717]]}},{"type":"Feature","properties":{"daily_trains":61.0,"path_trains":169.28},"geometry":{"type":"LineString","coordinates":[[119.4351,35.4084],[119.4363,35.4079],[119.4291,35.4056],[119.426,35.4038]]}},{"type":"Feature","properties":{"daily_trains":1.0,"path_trains":66.0},"geometry":{"type":"LineString","coordinates":[[106.7273,26.5194],[106.7264,26.5197],[106.7261,26.5209],[106.7245,26.5181],[106.7241,26.5192],[106.7229,26.5201],[106.7189,26.5207],[106.7168,26.5203]]}},{"type":"Feature","properties":{"daily_trains":8.0,"path_trains":1018.72},"geometry":{"type":"LineString","coordinates":[[113.2665,22.9905],[113.2601,22.9978]]}},{"type":"Feature","properties":{"daily_trains":25.3,"path_trains":376.86},"geometry":{"type":"LineString","coordinates":[[115.7847,28.6269],[115.7921,28.6237],[115.7948,28.6232]]}},{"type":"Feature","properties":{"daily_trains":2.0,"path_trains":100.29},"geometry":{"type":"LineString","coordinates":[[106.8062,26.4856],[106.8145,26.4794]]}},{"type":"Feature","properties":{"daily_trains":65.3,"path_trains":518.57},"geometry":{"type":"LineString","coordinates":[[113.7848,34.6823],[113.7837,34.6728]]}},{"type":"Feature","properties":{"daily_trains":6.4,"path_trains":423.29},"geometry":{"type":"LineString","coordinates":[[104.1119,30.6022],[104.1126,30.5988],[104.1178,30.5941]]}},{"type":"Feature","properties":{"daily_trains":12.0,"path_trains":107.14},"geometry":{"type":"LineString","coordinates":[[110.2977,25.3398],[110.2961,25.3493]]}},{"type":"Feature","properties":{"daily_trains":129.7,"path_trains":322.01},"geometry":{"type":"LineString","coordinates":[[119.3865,26.0335],[119.3838,26.0304],[119.3814,26.025]]}},{"type":"Feature","properties":{"daily_trains":10.1,"path_trains":79.29},"geometry":{"type":"LineString","coordinates":[[119.6301,33.573],[119.6189,33.5725]]}},{"type":"Feature","properties":{"daily_trains":177.6,"path_trains":239.72},"geometry":{"type":"LineString","coordinates":[[114.3788,23.1867],[114.3866,23.1936]]}},{"type":"Feature","properties":{"daily_trains":7.0,"path_trains":16.0},"geometry":{"type":"LineString","coordinates":[[114.3875,30.4654],[114.3874,30.469],[114.3854,30.4708],[114.3837,30.471],[114.3771,30.4692]]}},{"type":"Feature","properties":{"daily_trains":85.7,"path_trains":381.28},"geometry":{"type":"LineString","coordinates":[[116.4544,37.4249],[116.4557,37.4153]]}},{"type":"Feature","properties":{"daily_trains":62.4,"path_trains":351.0},"geometry":{"type":"LineString","coordinates":[[113.6839,23.1669],[113.6734,23.163]]}},{"type":"Feature","properties":{"daily_trains":5.0,"path_trains":268.43},"geometry":{"type":"LineString","coordinates":[[117.1616,32.4888],[117.1671,32.4802]]}},{"type":"Feature","properties":{"daily_trains":174.1,"path_trains":535.43},"geometry":{"type":"LineString","coordinates":[[121.3726,31.1035],[121.3697,31.1011],[121.3664,31.1004],[121.3631,31.1012],[121.3609,31.1033]]}},{"type":"Feature","properties":{"daily_trains":83.7,"path_trains":277.43},"geometry":{"type":"LineString","coordinates":[[117.2766,31.9116],[117.2853,31.9136],[117.2866,31.915],[117.2867,31.9167]]}},{"type":"Feature","properties":{"daily_trains":22.0,"path_trains":551.86},"geometry":{"type":"LineString","coordinates":[[108.9399,34.3787],[108.9398,34.3791],[108.9283,34.3769]]}},{"type":"Feature","properties":{"daily_trains":186.7,"path_trains":339.57},"geometry":{"type":"LineString","coordinates":[[113.2561,23.1505],[113.2457,23.1553]]}},{"type":"Feature","properties":{"daily_trains":293.3,"path_trains":746.0},"geometry":{"type":"LineString","coordinates":[[121.1468,31.3184],[121.1582,31.3154]]}},{"type":"Feature","properties":{"daily_trains":201.9,"path_trains":755.14},"geometry":{"type":"LineString","coordinates":[[121.261,31.2895],[121.2508,31.2947]]}},{"type":"Feature","properties":{"daily_trains":3.9,"path_trains":234.0},"geometry":{"type":"LineString","coordinates":[[106.736,26.6685],[106.7476,26.6662]]}},{"type":"Feature","properties":{"daily_trains":2.0,"path_trains":100.0},"geometry":{"type":"LineString","coordinates":[[118.0022,30.9922],[118.0138,30.9947]]}},{"type":"Feature","properties":{"daily_trains":41.3,"path_trains":47.29},"geometry":{"type":"LineString","coordinates":[[115.9454,28.5106],[115.9446,28.5208]]}},{"type":"Feature","properties":{"daily_trains":1.0,"path_trains":164.57},"geometry":{"type":"LineString","coordinates":[[106.9276,26.4676],[106.9393,26.4713],[106.939,26.4709]]}},{"type":"Feature","properties":{"daily_trains":61.0,"path_trains":165.28},"geometry":{"type":"LineString","coordinates":[[119.4163,35.3955],[119.4207,35.4001],[119.4226,35.4009],[119.4247,35.4029]]}},{"type":"Feature","properties":{"daily_trains":85.0,"path_trains":327.0},"geometry":{"type":"LineString","coordinates":[[120.0484,29.396],[120.0414,29.3876]]}},{"type":"Feature","properties":{"daily_trains":261.1,"path_trains":833.14},"geometry":{"type":"LineString","coordinates":[[113.7729,34.7524],[113.7733,34.7557],[113.7728,34.7628]]}},{"type":"Feature","properties":{"daily_trains":1.0,"path_trains":182.71},"geometry":{"type":"LineString","coordinates":[[120.5207,36.8178],[120.5284,36.8261]]}},{"type":"Feature","properties":{"daily_trains":7.0,"path_trains":667.43},"geometry":{"type":"LineString","coordinates":[[113.9498,22.739],[113.9502,22.7496],[113.9507,22.7496]]}},{"type":"Feature","properties":{"daily_trains":28.0,"path_trains":176.0},"geometry":{"type":"LineString","coordinates":[[119.5417,32.4789],[119.5411,32.4681]]}},{"type":"Feature","properties":{"daily_trains":11.0,"path_trains":171.29},"geometry":{"type":"LineString","coordinates":[[117.0909,39.1546],[117.0783,39.1535]]}},{"type":"Feature","properties":{"daily_trains":29.1,"path_trains":126.28},"geometry":{"type":"LineString","coordinates":[[121.3767,41.1564],[121.368,41.1484]]}},{"type":"Feature","properties":{"daily_trains":12.6,"path_trains":50.43},"geometry":{"type":"LineString","coordinates":[[116.7657,25.2041],[116.7689,25.1982],[116.7693,25.1952],[116.7687,25.1934]]}},{"type":"Feature","properties":{"daily_trains":110.9,"path_trains":105.85},"geometry":{"type":"LineString","coordinates":[[112.9549,33.2529],[112.947,33.2443]]}},{"type":"Feature","properties":{"daily_trains":1.0,"path_trains":164.57},"geometry":{"type":"LineString","coordinates":[[106.9522,26.4721],[106.9393,26.4714]]}},{"type":"Feature","properties":{"daily_trains":23.7,"path_trains":132.86},"geometry":{"type":"LineString","coordinates":[[104.6306,28.7113],[104.6276,28.7125],[104.6228,28.7131],[104.6204,28.7151],[104.6201,28.718],[104.6193,28.7168]]}},{"type":"Feature","properties":{"daily_trains":78.4,"path_trains":132.86},"geometry":{"type":"LineString","coordinates":[[104.6118,28.7215],[104.6166,28.7193],[104.6185,28.7191],[104.6208,28.7201],[104.6246,28.7239]]}},{"type":"Feature","properties":{"daily_trains":18.4,"path_trains":130.57},"geometry":{"type":"LineString","coordinates":[[118.1169,39.7032],[118.113,39.6924]]}},{"type":"Feature","properties":{"daily_trains":32.6,"path_trains":315.86},"geometry":{"type":"LineString","coordinates":[[120.3642,36.222],[120.3709,36.2191],[120.3738,36.219],[120.3757,36.22],[120.3767,36.2214],[120.377,36.2255]]}},{"type":"Feature","properties":{"daily_trains":261.6,"path_trains":842.28},"geometry":{"type":"LineString","coordinates":[[114.0208,22.6157],[114.0293,22.6067]]}},{"type":"Feature","properties":{"daily_trains":108.3,"path_trains":190.72},"geometry":{"type":"LineString","coordinates":[[119.1235,33.6774],[119.1318,33.6683]]}},{"type":"Feature","properties":{"daily_trains":20.0,"path_trains":145.86},"geometry":{"type":"LineString","coordinates":[[120.7705,32.1197],[120.7646,32.1093]]}},{"type":"Feature","properties":{"daily_trains":1.0,"path_trains":196.43},"geometry":{"type":"LineString","coordinates":[[118.7563,28.8779],[118.7471,28.8694]]}},{"type":"Feature","properties":{"daily_trains":54.0,"path_trains":215.43},"geometry":{"type":"LineString","coordinates":[[118.5816,30.0862],[118.5715,30.0785]]}},{"type":"Feature","properties":{"daily_trains":213.4,"path_trains":322.14},"geometry":{"type":"LineString","coordinates":[[123.4,41.8068],[123.4063,41.8103],[123.4121,41.8122]]}},{"type":"Feature","properties":{"daily_trains":69.9,"path_trains":217.71},"geometry":{"type":"LineString","coordinates":[[120.6946,28.0721],[120.7082,28.0724]]}},{"type":"Feature","properties":{"daily_trains":0.4,"path_trains":112.72},"geometry":{"type":"LineString","coordinates":[[104.8746,29.3692],[104.8716,29.3806]]}},{"type":"Feature","properties":{"daily_trains":114.3,"path_trains":384.86},"geometry":{"type":"LineString","coordinates":[[108.9129,34.3721],[108.9257,34.3762]]}},{"type":"Feature","properties":{"daily_trains":52.6,"path_trains":149.57},"geometry":{"type":"LineString","coordinates":[[120.5044,32.5441],[120.4984,32.5546]]}},{"type":"Feature","properties":{"daily_trains":10.0,"path_trains":698.14},"geometry":{"type":"LineString","coordinates":[[121.3158,31.1905],[121.3154,31.1988],[121.3163,31.2024]]}},{"type":"Feature","properties":{"daily_trains":1.0,"path_trains":379.28},"geometry":{"type":"LineString","coordinates":[[116.4576,37.402],[116.4599,37.3903]]}},{"type":"Feature","properties":{"daily_trains":114.3,"path_trains":546.86},"geometry":{"type":"LineString","coordinates":[[108.9261,34.3764],[108.9257,34.3762],[108.9378,34.3788],[108.9399,34.3787]]}},{"type":"Feature","properties":{"daily_trains":31.4,"path_trains":333.42},"geometry":{"type":"LineString","coordinates":[[112.7055,26.8939],[112.7054,26.906]]}},{"type":"Feature","properties":{"daily_trains":108.1,"path_trains":134.57},"geometry":{"type":"LineString","coordinates":[[110.2958,25.3278],[110.2974,25.3398]]}},{"type":"Feature","properties":{"daily_trains":3.9,"path_trains":234.0},"geometry":{"type":"LineString","coordinates":[[106.7339,26.669],[106.7479,26.6661]]}},{"type":"Feature","properties":{"daily_trains":140.4,"path_trains":148.43},"geometry":{"type":"LineString","coordinates":[[121.6231,39.0239],[121.6191,39.0214],[121.6102,39.0182]]}},{"type":"Feature","properties":{"daily_trains":176.7,"path_trains":176.71},"geometry":{"type":"LineString","coordinates":[[109.1435,23.2416],[109.1579,23.2391]]}},{"type":"Feature","properties":{"daily_trains":99.4,"path_trains":189.0},"geometry":{"type":"LineString","coordinates":[[116.7524,23.3811],[116.7531,23.3686]]}},{"type":"Feature","properties":{"daily_trains":54.9,"path_trains":209.43},"geometry":{"type":"LineString","coordinates":[[104.0569,30.6094],[104.0526,30.6087],[104.0476,30.6066],[104.0459,30.6044],[104.0448,30.6018],[104.0452,30.6018]]}},{"type":"Feature","properties":{"daily_trains":4.0,"path_trains":4.0},"geometry":{"type":"LineString","coordinates":[[96.3624,40.6446],[96.3736,40.6528]]}},{"type":"Feature","properties":{"daily_trains":23.7,"path_trains":166.71},"geometry":{"type":"LineString","coordinates":[[104.0813,30.6088],[104.096,30.6071]]}},{"type":"Feature","properties":{"daily_trains":4.0,"path_trains":169.28},"geometry":{"type":"LineString","coordinates":[[119.4363,35.4079],[119.4509,35.4106]]}},{"type":"Feature","properties":{"daily_trains":138.3,"path_trains":293.28},"geometry":{"type":"LineString","coordinates":[[118.387,31.3429],[118.387,31.3421],[118.387,31.3465],[118.3848,31.352],[118.3819,31.3549]]}},{"type":"Feature","properties":{"daily_trains":61.6,"path_trains":126.28},"geometry":{"type":"LineString","coordinates":[[121.8252,41.3421],[121.8386,41.3479]]}},{"type":"Feature","properties":{"daily_trains":37.0,"path_trains":134.0},"geometry":{"type":"LineString","coordinates":[[116.9244,36.6059],[116.917,36.6032],[116.9096,36.6034]]}},{"type":"Feature","properties":{"daily_trains":77.4,"path_trains":179.71},"geometry":{"type":"LineString","coordinates":[[120.5533,36.8527],[120.5438,36.8427]]}},{"type":"Feature","properties":{"daily_trains":136.3,"path_trains":286.28},"geometry":{"type":"LineString","coordinates":[[118.3675,31.3589],[118.3755,31.3588],[118.3819,31.3549]]}},{"type":"Feature","properties":{"daily_trains":351.0,"path_trains":404.29},"geometry":{"type":"LineString","coordinates":[[113.593,23.1398],[113.597,23.1395],[113.5982,23.1383],[113.5985,23.1368],[113.6081,23.1389]]}},{"type":"Feature","properties":{"daily_trains":6.0,"path_trains":51.43},"geometry":{"type":"LineString","coordinates":[[117.3018,39.6523],[117.2882,39.6582]]}},{"type":"Feature","properties":{"daily_trains":1.0,"path_trains":381.28},"geometry":{"type":"LineString","coordinates":[[116.4557,37.415],[116.4576,37.402]]}},{"type":"Feature","properties":{"daily_trains":115.9,"path_trains":266.57},"geometry":{"type":"LineString","coordinates":[[113.9258,34.4958],[113.9264,34.4907],[113.9265,34.4912],[113.9275,34.4907],[113.9279,34.4828]]}},{"type":"Feature","properties":{"daily_trains":42.4,"path_trains":177.42},"geometry":{"type":"LineString","coordinates":[[116.5035,39.9499],[116.5033,39.9367]]}},{"type":"Feature","properties":{"daily_trains":261.6,"path_trains":842.28},"geometry":{"type":"LineString","coordinates":[[114.0293,22.6067],[114.0193,22.6167]]}},{"type":"Feature","properties":{"daily_trains":54.1,"path_trains":93.43},"geometry":{"type":"LineString","coordinates":[[105.4116,28.9275],[105.4257,28.9327]]}},{"type":"Feature","properties":{"daily_trains":75.9,"path_trains":153.71},"geometry":{"type":"LineString","coordinates":[[115.8726,29.6192],[115.8741,29.6079],[115.8746,29.6061],[115.8752,29.6062]]}},{"type":"Feature","properties":{"daily_trains":78.4,"path_trains":132.86},"geometry":{"type":"LineString","coordinates":[[104.625,28.7237],[104.6236,28.7211],[104.6239,28.7186],[104.6267,28.7141],[104.6306,28.7113]]}},{"type":"Feature","properties":{"daily_trains":201.9,"path_trains":755.14},"geometry":{"type":"LineString","coordinates":[[121.266,31.2915],[121.2508,31.2945]]}},{"type":"Feature","properties":{"daily_trains":159.7,"path_trains":210.86},"geometry":{"type":"LineString","coordinates":[[115.9502,28.4665],[115.9491,28.4697],[115.9482,28.4797]]}},{"type":"Feature","properties":{"daily_trains":87.0,"path_trains":315.86},"geometry":{"type":"LineString","coordinates":[[120.3642,36.222],[120.3701,36.2191],[120.3722,36.2172],[120.3735,36.2136],[120.3726,36.2107]]}},{"type":"Feature","properties":{"daily_trains":1.0,"path_trains":164.57},"geometry":{"type":"LineString","coordinates":[[106.9547,26.4719],[106.9416,26.4716],[106.939,26.4709]]}},{"type":"Feature","properties":{"daily_trains":8.0,"path_trains":8.0},"geometry":{"type":"LineString","coordinates":[[106.6579,31.7697],[106.6452,31.7618]]}},{"type":"Feature","properties":{"daily_trains":4.0,"path_trains":169.28},"geometry":{"type":"LineString","coordinates":[[119.435,35.4086],[119.4327,35.4104],[119.4316,35.4131],[119.4317,35.4163],[119.4339,35.4248],[119.434,35.422]]}},{"type":"Feature","properties":{"daily_trains":2.0,"path_trains":537.28},"geometry":{"type":"LineString","coordinates":[[120.2155,30.2841],[120.2187,30.2813],[120.228,30.2759]]}},{"type":"Feature","properties":{"daily_trains":43.7,"path_trains":540.28},"geometry":{"type":"LineString","coordinates":[[120.2892,30.1815],[120.2916,30.1679]]}},{"type":"Feature","properties":{"daily_trains":92.9,"path_trains":170.42},"geometry":{"type":"LineString","coordinates":[[112.2931,32.0186],[112.2812,32.009]]}},{"type":"Feature","properties":{"daily_trains":2.0,"path_trains":8.0},"geometry":{"type":"LineString","coordinates":[[108.9661,34.2797],[108.9497,34.2793]]}},{"type":"Feature","properties":{"daily_trains":10.0,"path_trains":172.14},"geometry":{"type":"LineString","coordinates":[[115.1455,26.0028],[115.1439,25.9984],[115.1439,25.9929],[115.1458,25.9904],[115.1495,25.9892]]}},{"type":"Feature","properties":{"daily_trains":88.7,"path_trains":268.43},"geometry":{"type":"LineString","coordinates":[[117.2525,32.0321],[117.2542,32.0181]]}},{"type":"Feature","properties":{"daily_trains":376.0,"path_trains":339.0},"geometry":{"type":"LineString","coordinates":[[113.1264,23.6884],[113.1315,23.7018]]}},{"type":"Feature","properties":{"daily_trains":46.7,"path_trains":123.14},"geometry":{"type":"LineString","coordinates":[[118.7996,32.0862],[118.7848,32.0928]]}},{"type":"Feature","properties":{"daily_trains":105.1,"path_trains":136.57},"geometry":{"type":"LineString","coordinates":[[113.6507,34.7541],[113.6572,34.741]]}},{"type":"Feature","properties":{"daily_trains":136.0,"path_trains":155.0},"geometry":{"type":"LineString","coordinates":[[116.9934,36.6728],[116.9773,36.6688]]}},{"type":"Feature","properties":{"daily_trains":180.9,"path_trains":180.86},"geometry":{"type":"LineString","coordinates":[[113.8609,23.0866],[113.8483,23.0961]]}},{"type":"Feature","properties":{"daily_trains":2.0,"path_trains":152.57},"geometry":{"type":"LineString","coordinates":[[118.0141,30.9949],[118.0222,30.9959],[118.025,30.9969],[118.0273,30.9992],[118.0283,31.0026]]}},{"type":"Feature","properties":{"daily_trains":75.6,"path_trains":336.28},"geometry":{"type":"LineString","coordinates":[[114.0712,22.8517],[114.0762,22.854],[114.0778,22.8555],[114.0788,22.8645]]}},{"type":"Feature","properties":{"daily_trains":381.3,"path_trains":833.14},"geometry":{"type":"LineString","coordinates":[[113.7729,34.7524],[113.7718,34.7667]]}},{"type":"Feature","properties":{"daily_trains":274.4,"path_trains":272.43},"geometry":{"type":"LineString","coordinates":[[120.5793,27.9627],[120.5828,27.9768]]}},{"type":"Feature","properties":{"daily_trains":89.0,"path_trains":278.28},"geometry":{"type":"LineString","coordinates":[[118.3687,31.2455],[118.3803,31.2562]]}},{"type":"Feature","properties":{"daily_trains":82.9,"path_trains":278.14},"geometry":{"type":"LineString","coordinates":[[104.1209,30.5917],[104.1263,30.5863],[104.1309,30.5795],[104.1303,30.5795]]}},{"type":"Feature","properties":{"daily_trains":62.0,"path_trains":373.0},"geometry":{"type":"LineString","coordinates":[[113.2008,23.3695],[113.1964,23.3836]]}},{"type":"Feature","properties":{"daily_trains":213.4,"path_trains":322.14},"geometry":{"type":"LineString","coordinates":[[123.4,41.8068],[123.4069,41.8105],[123.4157,41.8131]]}},{"type":"Feature","properties":{"daily_trains":6.7,"path_trains":200.86},"geometry":{"type":"LineString","coordinates":[[117.9162,31.6262],[117.9246,31.6133]]}},{"type":"Feature","properties":{"daily_trains":27.6,"path_trains":261.71},"geometry":{"type":"LineString","coordinates":[[119.732,29.1265],[119.7303,29.1328],[119.7272,29.1356],[119.7231,29.1361],[119.7164,29.1331]]}},{"type":"Feature","properties":{"daily_trains":22.0,"path_trains":501.58},"geometry":{"type":"LineString","coordinates":[[116.3675,39.8587],[116.3769,39.8649],[116.3827,39.8661]]}},{"type":"Feature","properties":{"daily_trains":12.0,"path_trains":12.0},"geometry":{"type":"LineString","coordinates":[[130.9211,44.4263],[130.9036,44.4263]]}},{"type":"Feature","properties":{"daily_trains":108.0,"path_trains":331.14},"geometry":{"type":"LineString","coordinates":[[108.4396,22.8413],[108.4375,22.8429],[108.4351,22.8438],[108.4224,22.8445]]}},{"type":"Feature","properties":{"daily_trains":32.0,"path_trains":148.43},"geometry":{"type":"LineString","coordinates":[[121.6102,39.0182],[121.5935,39.0133]]}},{"type":"Feature","properties":{"daily_trains":2.4,"path_trains":93.43},"geometry":{"type":"LineString","coordinates":[[105.4257,28.9328],[105.4095,28.9266]]}},{"type":"Feature","properties":{"daily_trains":53.0,"path_trains":438.28},"geometry":{"type":"LineString","coordinates":[[116.8843,36.6145],[116.8854,36.6111],[116.8883,36.6079],[116.8927,36.6058],[116.8981,36.6049]]}},{"type":"Feature","properties":{"daily_trains":1.0,"path_trains":112.72},"geometry":{"type":"LineString","coordinates":[[104.8763,29.363],[104.8718,29.3778]]}},{"type":"Feature","properties":{"daily_trains":114.3,"path_trains":551.86},"geometry":{"type":"LineString","coordinates":[[108.9438,34.3795],[108.9257,34.3762],[108.9261,34.3764]]}},{"type":"Feature","properties":{"daily_trains":62.3,"path_trains":175.14},"geometry":{"type":"LineString","coordinates":[[108.6764,34.0861],[108.6746,34.0709]]}},{"type":"Feature","properties":{"daily_trains":32.6,"path_trains":315.86},"geometry":{"type":"LineString","coordinates":[[120.3727,36.2105],[120.376,36.2155],[120.377,36.2255]]}},{"type":"Feature","properties":{"daily_trains":136.6,"path_trains":136.57},"geometry":{"type":"LineString","coordinates":[[122.6477,40.9062],[122.6592,40.9184]]}},{"type":"Feature","properties":{"daily_trains":18.0,"path_trains":268.43},"geometry":{"type":"LineString","coordinates":[[117.2498,32.0476],[117.2525,32.0321]]}},{"type":"Feature","properties":{"daily_trains":35.0,"path_trains":311.14},"geometry":{"type":"LineString","coordinates":[[116.3273,39.8298],[116.3344,39.8442]]}},{"type":"Feature","properties":{"daily_trains":2.0,"path_trains":22.43},"geometry":{"type":"LineString","coordinates":[[106.5165,26.4398],[106.5097,26.4365],[106.4995,26.4334]]}},{"type":"Feature","properties":{"daily_trains":41.4,"path_trains":347.86},"geometry":{"type":"LineString","coordinates":[[119.3823,25.9974],[119.3882,25.9822]]}},{"type":"Feature","properties":{"daily_trains":115.9,"path_trains":299.14},"geometry":{"type":"LineString","coordinates":[[118.017,24.583],[118.0089,24.5872],[118.0068,24.5892],[118.0056,24.5924],[118.0062,24.5961]]}},{"type":"Feature","properties":{"daily_trains":99.4,"path_trains":99.43},"geometry":{"type":"LineString","coordinates":[[116.6304,23.2155],[116.6477,23.2219]]}},{"type":"Feature","properties":{"daily_trains":33.8,"path_trains":352.85},"geometry":{"type":"LineString","coordinates":[[114.2409,30.6189],[114.2517,30.6225],[114.2588,30.624]]}},{"type":"Feature","properties":{"daily_trains":12.0,"path_trains":750.43},"geometry":{"type":"LineString","coordinates":[[113.1838,23.1028],[113.1896,23.1026],[113.1938,23.101],[113.1972,23.0975],[113.1989,23.0931]]}},{"type":"Feature","properties":{"daily_trains":45.0,"path_trains":140.86},"geometry":{"type":"LineString","coordinates":[[120.3451,36.3626],[120.3409,36.3618],[120.3358,36.3596],[120.3323,36.3571],[120.3293,36.3537]]}},{"type":"Feature","properties":{"daily_trains":320.3,"path_trains":836.14},"geometry":{"type":"LineString","coordinates":[[113.7721,34.7686],[113.7733,34.7565],[113.7728,34.7524]]}},{"type":"Feature","properties":{"daily_trains":77.7,"path_trains":419.14},"geometry":{"type":"LineString","coordinates":[[106.7134,26.6735],[106.7032,26.6761],[106.6987,26.6787],[106.6965,26.6805],[106.6957,26.6811],[106.6947,26.6822],[106.6955,26.6805]]}},{"type":"Feature","properties":{"daily_trains":62.3,"path_trains":175.14},"geometry":{"type":"LineString","coordinates":[[108.6763,34.0862],[108.6745,34.0694]]}},{"type":"Feature","properties":{"daily_trains":4.0,"path_trains":156.43},"geometry":{"type":"LineString","coordinates":[[125.3457,43.9092],[125.3331,43.9086],[125.3259,43.9094]]}},{"type":"Feature","properties":{"daily_trains":20.9,"path_trains":292.43},"geometry":{"type":"LineString","coordinates":[[119.4009,25.8944],[119.4031,25.903],[119.4032,25.9112]]}},{"type":"Feature","properties":{"daily_trains":42.9,"path_trains":180.72},"geometry":{"type":"LineString","coordinates":[[119.743,29.8081],[119.7305,29.7946]]}},{"type":"Feature","properties":{"daily_trains":1.0,"path_trains":30.14},"geometry":{"type":"LineString","coordinates":[[103.9762,30.6959],[103.9785,30.6788]]}},{"type":"Feature","properties":{"daily_trains":1.0,"path_trains":228.57},"geometry":{"type":"LineString","coordinates":[[117.7608,24.48],[117.742,24.4738]]}},{"type":"Feature","properties":{"daily_trains":1.4,"path_trains":178.57},"geometry":{"type":"LineString","coordinates":[[105.0925,29.604],[105.103,29.5992],[105.11,29.5949]]}},{"type":"Feature","properties":{"daily_trains":131.7,"path_trains":161.14},"geometry":{"type":"LineString","coordinates":[[105.8452,26.187],[105.8374,26.1812],[105.8305,26.1748]]}},{"type":"Feature","properties":{"daily_trains":84.3,"path_trains":789.29},"geometry":{"type":"LineString","coordinates":[[118.8035,31.9752],[118.7911,31.9691],[118.785,31.9674]]}},{"type":"Feature","properties":{"daily_trains":2.0,"path_trains":349.43},"geometry":{"type":"LineString","coordinates":[[120.0178,30.8554],[120.0176,30.8378]]}},{"type":"Feature","properties":{"daily_trains":86.3,"path_trains":118.86},"geometry":{"type":"LineString","coordinates":[[119.329,29.5938],[119.3169,29.6081]]}},{"type":"Feature","properties":{"daily_trains":215.4,"path_trains":221.43},"geometry":{"type":"LineString","coordinates":[[118.2776,29.8258],[118.2611,29.8149]]}},{"type":"Feature","properties":{"daily_trains":113.7,"path_trains":272.43},"geometry":{"type":"LineString","coordinates":[[120.5793,27.9627],[120.5834,27.9804]]}},{"type":"Feature","properties":{"daily_trains":98.4,"path_trains":291.57},"geometry":{"type":"LineString","coordinates":[[106.6765,26.6318],[106.6813,26.6405],[106.6827,26.649]]}},{"type":"Feature","properties":{"daily_trains":9.1,"path_trains":278.14},"geometry":{"type":"LineString","coordinates":[[104.1303,30.5795],[104.1283,30.5831],[104.1273,30.5864],[104.1183,30.5942],[104.1178,30.5941]]}},{"type":"Feature","properties":{"daily_trains":1.0,"path_trains":112.72},"geometry":{"type":"LineString","coordinates":[[104.8766,29.3628],[104.8713,29.3806]]}},{"type":"Feature","properties":{"daily_trains":75.0,"path_trains":183.28},"geometry":{"type":"LineString","coordinates":[[115.7495,32.8993],[115.7456,32.8811]]}},{"type":"Feature","properties":{"daily_trains":286.9,"path_trains":384.86},"geometry":{"type":"LineString","coordinates":[[108.913,34.3716],[108.9342,34.3769]]}},{"type":"Feature","properties":{"daily_trains":76.6,"path_trains":76.57},"geometry":{"type":"LineString","coordinates":[[116.8723,30.6779],[116.8511,30.6728]]}},{"type":"Feature","properties":{"daily_trains":71.6,"path_trains":130.57},"geometry":{"type":"LineString","coordinates":[[113.6309,34.7625],[113.6444,34.7596],[113.6488,34.7567],[113.6507,34.7541]]}},{"type":"Feature","properties":{"daily_trains":105.4,"path_trains":132.86},"geometry":{"type":"LineString","coordinates":[[104.6117,28.7214],[104.6306,28.7113]]}},{"type":"Feature","properties":{"daily_trains":231.2,"path_trains":243.57},"geometry":{"type":"LineString","coordinates":[[106.6723,26.5857],[106.6763,26.5936],[106.6766,26.596],[106.6756,26.5984],[106.6722,26.6016],[106.6701,26.6047]]}},{"type":"Feature","properties":{"daily_trains":3.0,"path_trains":46.57},"geometry":{"type":"LineString","coordinates":[[106.6647,29.4752],[106.6665,29.4802],[106.6738,29.4928]]}},{"type":"Feature","properties":{"daily_trains":40.0,"path_trains":148.43},"geometry":{"type":"LineString","coordinates":[[121.5888,39.0116],[121.6102,39.0182]]}},{"type":"Feature","properties":{"daily_trains":322.0,"path_trains":231.0},"geometry":{"type":"LineString","coordinates":[[120.0619,36.3949],[120.0394,36.3985]]}},{"type":"Feature","properties":{"daily_trains":45.0,"path_trains":281.86},"geometry":{"type":"LineString","coordinates":[[120.3103,36.3425],[120.3161,36.3438],[120.3233,36.3469],[120.3265,36.3495],[120.3293,36.3534]]}},{"type":"Feature","properties":{"daily_trains":173.3,"path_trains":169.28},"geometry":{"type":"LineString","coordinates":[[119.4337,35.4279],[119.4335,35.422],[119.4318,35.4165],[119.4316,35.4131],[119.4327,35.4104],[119.4351,35.4084]]}},{"type":"Feature","properties":{"daily_trains":210.9,"path_trains":789.29},"geometry":{"type":"LineString","coordinates":[[118.8052,31.9767],[118.785,31.9674]]}},{"type":"Feature","properties":{"daily_trains":97.0,"path_trains":551.0},"geometry":{"type":"LineString","coordinates":[[104.1353,30.6259],[104.1448,30.6438]]}},{"type":"Feature","properties":{"daily_trains":75.0,"path_trains":110.0},"geometry":{"type":"LineString","coordinates":[[114.7488,33.6362],[114.7375,33.6533]]}},{"type":"Feature","properties":{"daily_trains":24.4,"path_trains":87.0},"geometry":{"type":"LineString","coordinates":[[115.9828,28.448],[115.9839,28.4677]]}},{"type":"Feature","properties":{"daily_trains":4.0,"path_trains":169.28},"geometry":{"type":"LineString","coordinates":[[119.4338,35.422],[119.4333,35.4174],[119.4316,35.4124],[119.4288,35.4076],[119.4254,35.4036]]}},{"type":"Feature","properties":{"daily_trains":201.9,"path_trains":746.0},"geometry":{"type":"LineString","coordinates":[[121.2281,31.2999],[121.2449,31.2969],[121.2508,31.2947]]}},{"type":"Feature","properties":{"daily_trains":108.6,"path_trains":833.14},"geometry":{"type":"LineString","coordinates":[[113.7718,34.7667],[113.7732,34.7465]]}},{"type":"Feature","properties":{"daily_trains":101.9,"path_trains":311.14},"geometry":{"type":"LineString","coordinates":[[115.7586,39.0498],[115.744,39.0336]]}},{"type":"Feature","properties":{"daily_trains":169.3,"path_trains":169.28},"geometry":{"type":"LineString","coordinates":[[119.4351,35.4084],[119.4284,35.4069],[119.4252,35.4055],[119.4163,35.3955]]}},{"type":"Feature","properties":{"daily_trains":2.0,"path_trains":175.14},"geometry":{"type":"LineString","coordinates":[[108.7615,34.2827],[108.7724,34.2933],[108.7792,34.2965]]}},{"type":"Feature","properties":{"daily_trains":27.1,"path_trains":76.57},"geometry":{"type":"LineString","coordinates":[[116.8951,30.6845],[116.8868,30.6816],[116.8723,30.6778]]}},{"type":"Feature","properties":{"daily_trains":111.6,"path_trains":73.71},"geometry":{"type":"LineString","coordinates":[[106.7115,26.5492],[106.7101,26.5524],[106.7053,26.5571],[106.6928,26.5624]]}},{"type":"Feature","properties":{"daily_trains":78.4,"path_trains":235.29},"geometry":{"type":"LineString","coordinates":[[106.4306,29.494],[106.4317,29.4976],[106.4326,29.5074],[106.4309,29.515]]}},{"type":"Feature","properties":{"daily_trains":94.0,"path_trains":94.0},"geometry":{"type":"LineString","coordinates":[[119.5947,39.9651],[119.6031,39.9652],[119.6077,39.9643],[119.6181,39.9581]]}},{"type":"Feature","properties":{"daily_trains":1.0,"path_trains":278.28},"geometry":{"type":"LineString","coordinates":[[118.3644,31.2416],[118.3814,31.2572]]}},{"type":"Feature","properties":{"daily_trains":75.0,"path_trains":183.28},"geometry":{"type":"LineString","coordinates":[[115.7452,32.8783],[115.7496,32.8957],[115.75,32.8991],[115.7495,32.8993]]}},{"type":"Feature","properties":{"daily_trains":75.0,"path_trains":110.0},"geometry":{"type":"LineString","coordinates":[[114.7363,33.6551],[114.7488,33.6362]]}},{"type":"Feature","properties":{"daily_trains":63.3,"path_trains":551.0},"geometry":{"type":"LineString","coordinates":[[104.1454,30.6462],[104.1353,30.6259]]}},{"type":"Feature","properties":{"daily_trains":53.0,"path_trains":276.71},"geometry":{"type":"LineString","coordinates":[[123.4157,41.8131],[123.4275,41.8159],[123.4403,41.8204]]}},{"type":"Feature","properties":{"daily_trains":136.0,"path_trains":155.0},"geometry":{"type":"LineString","coordinates":[[117.0015,36.6772],[116.9982,36.6762],[116.9934,36.6728],[116.9773,36.6688]]}},{"type":"Feature","properties":{"daily_trains":127.0,"path_trains":134.0},"geometry":{"type":"LineString","coordinates":[[116.8981,36.6049],[116.9146,36.603],[116.9199,36.6039],[116.9243,36.606]]}},{"type":"Feature","properties":{"daily_trains":283.1,"path_trains":257.88},"geometry":{"type":"LineString","coordinates":[[127.3346,36.6138],[127.3732,36.5788],[127.3808,36.5691],[127.3864,36.5578],[127.4143,36.4627],[127.4168,36.4524],[127.4174,36.4452],[127.414,36.3863],[127.4147,36.3842],[127.4161,36.3829],[127.4227,36.3792],[127.424,36.3774],[127.4244,36.3754],[127.4222,36.3656],[127.418,36.3581],[127.4176,36.3548],[127.4227,36.3473],[127.4304,36.3402],[127.4363,36.3302],[127.4394,36.3223],[127.4416,36.3203],[127.4499,36.3188],[127.4547,36.3151],[127.4571,36.3142],[127.4678,36.3154],[127.4743,36.314],[127.5127,36.2947],[127.5495,36.2704],[127.5582,36.2661],[127.5718,36.2626],[127.6326,36.252],[127.6716,36.2422],[127.6843,36.2383],[127.697,36.233],[127.7039,36.2293],[127.7405,36.2051],[127.8287,36.1575],[127.875,36.1481],[127.8936,36.1454],[128.0274,36.1388],[128.054,36.138],[128.1349,36.126],[128.1478,36.1229],[128.2987,36.0776],[128.3175,36.0697],[128.355,36.0493],[128.5015,35.9577],[128.5074,35.9511],[128.509,35.948],[128.5098,35.9439],[128.5097,35.9305],[128.5065,35.9015],[128.5069,35.8982],[128.5082,35.8946],[128.5102,35.8914],[128.5129,35.8885],[128.5169,35.8855],[128.5215,35.8836],[128.5269,35.8826],[128.5542,35.8807],[128.5574,35.8812],[128.5663,35.8841],[128.5691,35.8842],[128.5716,35.8835],[128.5775,35.8796],[128.6053,35.8737],[128.6364,35.8815]]}},{"type":"Feature","properties":{"daily_trains":274.4,"path_trains":263.3},"geometry":{"type":"LineString","coordinates":[[127.0694,36.9618],[127.0677,36.9685],[127.0654,36.9746],[127.0621,36.981],[127.0562,36.9896],[127.0456,37.0009],[126.9771,37.0692],[126.9716,37.0762],[126.9664,37.0849],[126.9619,37.0975],[126.9485,37.1668],[126.9453,37.1861],[126.9446,37.2037],[126.9417,37.2172],[126.9362,37.2285],[126.9194,37.2509],[126.9125,37.262],[126.8739,37.3467],[126.8715,37.3531],[126.8693,37.3615],[126.8668,37.3795],[126.8723,37.3933],[126.8977,37.4399],[126.8987,37.4436],[126.8981,37.4464],[126.8802,37.4872],[126.8795,37.4975],[126.8803,37.5004],[126.8841,37.5044],[126.8904,37.5083],[126.9106,37.5166],[126.9174,37.5169],[126.9199,37.5159],[126.923,37.5138],[126.9257,37.5131],[126.9327,37.5144],[126.9379,37.5139],[126.9462,37.5151],[126.957,37.5244],[126.9702,37.5342],[126.9712,37.5382],[126.9712,37.5484]]}},{"type":"Feature","properties":{"daily_trains":144.4,"path_trains":144.44},"geometry":{"type":"LineString","coordinates":[[129.067,35.1725],[129.0654,35.1772],[129.0587,35.1862],[129.0549,35.193],[129.0507,35.2074],[129.0502,35.2118],[129.0511,35.2191],[129.0545,35.2305],[129.0609,35.2466],[129.0658,35.256],[129.0794,35.2736],[129.1145,35.3146],[129.1201,35.3241],[129.1235,35.3335],[129.1252,35.3438],[129.1395,35.5735],[129.1421,35.5847],[129.1541,35.6183],[129.1576,35.6252],[129.1739,35.6505],[129.1782,35.6607],[129.1802,35.6696],[129.1881,35.7291],[129.1885,35.7386],[129.1869,35.7499],[129.1837,35.7591],[129.1778,35.7694],[129.1707,35.7775],[129.1618,35.7849],[129.1341,35.8011]]}},{"type":"Feature","properties":{"daily_trains":179.3,"path_trains":179.3},"geometry":{"type":"LineString","coordinates":[[129.1341,35.8011],[129.0866,35.8282],[129.0628,35.8397],[129.0457,35.8456],[129.0277,35.8503],[129.0032,35.8556],[128.988,35.8574],[128.9709,35.8573],[128.8862,35.8486],[128.8666,35.848],[128.6883,35.8553],[128.685,35.8559],[128.6817,35.8573],[128.6793,35.8592],[128.6754,35.8638],[128.6719,35.8662],[128.6602,35.8712],[128.648,35.8745],[128.6462,35.8757],[128.6419,35.8807],[128.6395,35.8816],[128.6364,35.8815]]}},{"type":"Feature","properties":{"daily_trains":400.1,"path_trains":400.17},"geometry":{"type":"LineString","coordinates":[[127.0694,36.9618],[127.0737,36.9191],[127.0763,36.904],[127.1106,36.7708],[127.1151,36.7599],[127.1206,36.7517],[127.1298,36.7421],[127.1382,36.7359],[127.1436,36.7327],[127.2782,36.6594],[127.2923,36.6511],[127.3044,36.641],[127.3346,36.6138]]}},{"type":"Feature","properties":{"daily_trains":185.6,"path_trains":185.59},"geometry":{"type":"LineString","coordinates":[[129.0453,35.1216],[129.0477,35.1265],[129.0557,35.1337],[129.0573,35.1368],[129.0572,35.1495],[129.053,35.1572],[129.0529,35.16],[129.0552,35.1621],[129.0656,35.1673],[129.0668,35.1694],[129.0669,35.1725]]}},{"type":"Feature","properties":{"daily_trains":76.6,"path_trains":76.58},"geometry":{"type":"LineString","coordinates":[[128.6364,35.8815],[128.6395,35.8816],[128.6419,35.8808],[128.646,35.876],[128.6482,35.8745],[128.6642,35.8707],[128.6684,35.8675],[128.6743,35.8645],[128.6802,35.8571],[128.6824,35.8556],[128.7051,35.8519],[128.7156,35.8452],[128.7174,35.8431],[128.7215,35.8357],[128.7235,35.8283],[128.7329,35.8073],[128.7339,35.8016],[128.7331,35.799],[128.7272,35.7929],[128.7179,35.7876],[128.7166,35.7856],[128.716,35.7809],[128.7185,35.7691],[128.7194,35.7669],[128.7257,35.7591],[128.7336,35.7541],[128.7357,35.7512],[128.7362,35.7483],[128.735,35.7434],[128.7344,35.7351],[128.7215,35.7085],[128.7201,35.707],[128.7152,35.704],[128.7142,35.7022],[128.714,35.7001],[128.7165,35.6885],[128.7217,35.682],[128.7237,35.676],[128.7318,35.6697],[128.7409,35.6672],[128.7438,35.6646],[128.7443,35.6626],[128.7431,35.6458],[128.7435,35.6437],[128.7496,35.6354],[128.7569,35.6316],[128.7606,35.6274],[128.7622,35.6236],[128.7625,35.6153],[128.7665,35.6106],[128.7677,35.6083],[128.7679,35.6025],[128.7616,35.5922],[128.7595,35.5849],[128.7617,35.5646],[128.7593,35.5472],[128.7668,35.5284],[128.7666,35.5199],[128.7674,35.5142],[128.7647,35.4977],[128.7651,35.4906],[128.764,35.4812],[128.7644,35.4798],[128.7661,35.4778],[128.7801,35.47],[128.7843,35.4666],[128.7858,35.4639],[128.7856,35.4588],[128.7862,35.4569],[128.7992,35.4389],[128.8006,35.4319],[128.7977,35.4253],[128.7974,35.4159],[128.7978,35.4131],[128.8031,35.4083],[128.82,35.4015],[128.8321,35.4004],[128.8385,35.3987],[128.8591,35.4005],[128.8618,35.4002],[128.8652,35.3989],[128.869,35.3954],[128.8705,35.393],[128.8732,35.3876],[128.8756,35.3802],[128.8822,35.3739],[128.8852,35.3726],[128.9142,35.3677],[128.9245,35.3595],[128.9289,35.3547],[128.9361,35.3491],[128.9438,35.342],[128.968,35.3344],[128.971,35.3328],[128.9733,35.3305],[128.9748,35.3262],[128.9744,35.3164],[128.9779,35.3117],[128.9998,35.2977],[129.0127,35.2867],[129.0143,35.2839],[129.0179,35.2724],[129.018,35.2705],[129.0102,35.2542],[129.0091,35.2424],[129.0029,35.2112],[129.0017,35.2091],[128.9929,35.2013],[128.9918,35.1993],[128.9883,35.1831],[128.9872,35.1677],[128.9913,35.1572],[128.9962,35.1532],[129.0013,35.1517],[129.0151,35.1526],[129.0294,35.1558],[129.0424,35.1576],[129.0462,35.1567],[129.0567,35.1465],[129.0574,35.1376],[129.0564,35.1345],[129.0479,35.127],[129.0464,35.1239]]}},{"type":"Feature","properties":{"daily_trains":55.9,"path_trains":55.86},"geometry":{"type":"LineString","coordinates":[[126.9014,37.5767],[126.9098,37.5711],[126.919,37.567],[126.9258,37.5652],[126.9317,37.5606],[126.9335,37.5598],[126.9465,37.56],[126.9627,37.5624],[126.9685,37.5619],[126.9702,37.5608],[126.9711,37.5592],[126.9712,37.5484]]}},{"type":"Feature","properties":{"daily_trains":55.9,"path_trains":55.86},"geometry":{"type":"LineString","coordinates":[[126.9015,37.5768],[126.8888,37.5853],[126.8633,37.6069],[126.851,37.6123],[126.8342,37.6121]]}},{"type":"Feature","properties":{"daily_trains":55.9,"path_trains":55.86},"geometry":{"type":"LineString","coordinates":[[126.9015,37.5768],[126.9014,37.5767]]}},{"type":"Feature","properties":{"daily_trains":11.1,"path_trains":11.15},"geometry":{"type":"LineString","coordinates":[[126.8956,37.452],[126.9016,37.4384],[126.904,37.4272],[126.9071,37.4214],[126.9263,37.3975],[126.9328,37.3918],[126.9368,37.3816],[126.9412,37.3767],[126.9484,37.3618],[126.9478,37.3239],[126.9484,37.3163],[126.9493,37.3141],[126.9538,37.3075],[126.961,37.3023],[126.9636,37.3012],[126.9743,37.2999],[126.9771,37.2989],[126.9873,37.2877],[127.0062,37.2553],[127.0106,37.2502],[127.0434,37.1872],[127.0464,37.1839],[127.0598,37.1752],[127.0626,37.1713],[127.0674,37.1506],[127.0607,37.0961],[127.0543,37.0803],[127.0546,37.0723],[127.0523,37.0508],[127.053,37.0481],[127.0546,37.0463],[127.0655,37.0393],[127.0678,37.037],[127.0688,37.0342],[127.0698,37.0248]]}},{"type":"Feature","properties":{"daily_trains":136.9,"path_trains":125.72},"geometry":{"type":"LineString","coordinates":[[127.1084,37.4794],[127.1163,37.467],[127.1184,37.4602],[127.1189,37.4439],[127.1177,37.417],[127.1203,37.3938],[127.1196,37.3909],[127.1181,37.3883],[127.1058,37.3769],[127.1035,37.3719],[127.1041,37.2516],[127.1033,37.2452],[127.0971,37.2242],[127.0959,37.2168],[127.0953,37.1753],[127.096,37.1468],[127.0937,37.1003],[127.0936,37.0854],[127.0914,37.0787],[127.0867,37.069],[127.0781,37.0616],[127.0722,37.0521],[127.07,37.047],[127.0681,37.0356],[127.072,36.9971],[127.0718,36.9912],[127.0697,36.9787],[127.07,36.9618]]}},{"type":"Feature","properties":{"daily_trains":11.1,"path_trains":136.87},"geometry":{"type":"LineString","coordinates":[[127.0706,37.0119],[127.0698,37.0248]]}},{"type":"Feature","properties":{"daily_trains":136.9,"path_trains":400.17},"geometry":{"type":"LineString","coordinates":[[127.07,36.9618],[127.0694,36.9618]]}},{"type":"Feature","properties":{"daily_trains":35.4,"path_trains":29.0},"geometry":{"type":"LineString","coordinates":[[128.8404,35.3987],[128.8377,35.3982],[128.8359,35.3968],[128.8351,35.3925],[128.8339,35.3909],[128.8206,35.3839],[128.8175,35.3805],[128.8125,35.3532],[128.8023,35.3169],[128.8005,35.3152],[128.7981,35.3143],[128.7912,35.3144],[128.7877,35.3138],[128.7812,35.3099],[128.7646,35.2847],[128.7638,35.2811],[128.7655,35.2753],[128.7656,35.273],[128.7591,35.2586],[128.7586,35.2563],[128.761,35.2439],[128.7633,35.2384],[128.7635,35.2363],[128.7597,35.2292],[128.7565,35.227],[128.7519,35.2268],[128.7173,35.2325],[128.7118,35.2342],[128.7046,35.2389],[128.6929,35.2527],[128.6866,35.2572],[128.6588,35.2696],[128.6548,35.2705],[128.6446,35.2714],[128.6259,35.2703],[128.6209,35.2684],[128.613,35.2635],[128.5994,35.2513],[128.5825,35.2417],[128.5687,35.2291],[128.5648,35.2271],[128.5613,35.2266],[128.5574,35.227],[128.552,35.2293],[128.516,35.2517],[128.5108,35.2539],[128.4659,35.2534],[128.4456,35.2495],[128.4161,35.2492],[128.4101,35.2502],[128.3819,35.2588],[128.3744,35.2594],[128.3685,35.2578],[128.3389,35.2474],[128.3351,35.2455],[128.3326,35.2434],[128.3298,35.2388],[128.3246,35.2208],[128.3229,35.2172],[128.3021,35.1864],[128.2963,35.1806],[128.2907,35.1772],[128.2844,35.1751],[128.2771,35.1742],[128.2362,35.1749],[128.1916,35.1646],[128.1654,35.1532],[128.1607,35.1519],[128.1543,35.1514],[128.1315,35.1534],[128.1266,35.1524]]}},{"type":"Feature","properties":{"daily_trains":35.4,"path_trains":76.58},"geometry":{"type":"LineString","coordinates":[[128.8404,35.3987],[128.8403,35.3988]]}},{"type":"Feature","properties":{"daily_trains":34.9,"path_trains":201.87},"geometry":{"type":"LineString","coordinates":[[129.1179,35.8163],[129.1145,35.8144],[129.1093,35.8148],[129.0983,35.8215]]}},{"type":"Feature","properties":{"daily_trains":57.4,"path_trains":6.0},"geometry":{"type":"LineString","coordinates":[[128.8954,37.7581],[128.9053,37.7488],[128.9109,37.7471],[128.9238,37.7415],[128.944,37.7379],[128.9619,37.7371],[128.9646,37.7376],[128.9694,37.74],[128.9718,37.7402],[128.9888,37.7346],[128.9903,37.7334],[128.9954,37.7258],[129.0025,37.72],[129.0159,37.7044],[129.0204,37.7015],[129.0235,37.6985],[129.0352,37.6897],[129.0363,37.6859],[129.0351,37.6836],[129.0333,37.6827],[129.0267,37.6814],[129.0227,37.677],[129.0182,37.6748],[129.0169,37.673],[129.0181,37.6676],[129.0179,37.6642],[129.0199,37.66],[129.0175,37.647],[129.0177,37.6425],[129.0185,37.6399],[129.0275,37.6289],[129.0343,37.6266],[129.0367,37.6251],[129.0402,37.6186],[129.0419,37.6169],[129.0459,37.6158],[129.0579,37.6178],[129.0604,37.6173],[129.0619,37.6162],[129.0645,37.6121],[129.0797,37.5987],[129.0884,37.5927],[129.1036,37.5838],[129.1139,37.5787],[129.1156,37.5773],[129.1164,37.5747],[129.116,37.568],[129.1151,37.5658],[129.114,37.5643],[129.1055,37.5588],[129.1038,37.5553],[129.1071,37.5494],[129.111,37.5384],[129.1148,37.5357],[129.1196,37.5306],[129.1199,37.5235],[129.1248,37.5155],[129.1273,37.5054],[129.1264,37.5021],[129.1148,37.4871],[129.1146,37.4851],[129.1163,37.4802],[129.1191,37.4782],[129.1321,37.4762],[129.1343,37.4768],[129.1469,37.4832],[129.1509,37.4833],[129.1532,37.4822],[129.158,37.4777],[129.1588,37.4735],[129.1598,37.4719],[129.1713,37.4652],[129.1723,37.4633],[129.1711,37.4599],[129.1711,37.4553],[129.1697,37.4505],[129.1731,37.4447],[129.1733,37.4431],[129.1729,37.4411],[129.171,37.4385],[129.1714,37.4332],[129.174,37.4312],[129.1879,37.4271],[129.1911,37.425],[129.1921,37.4229],[129.1922,37.4181],[129.1932,37.4145],[129.2126,37.3912],[129.215,37.386],[129.219,37.3694],[129.2238,37.3595],[129.2287,37.3535],[129.2385,37.3445],[129.2654,37.3227],[129.282,37.3114],[129.2877,37.3069],[129.2916,37.301],[129.2966,37.2865],[129.2988,37.2822],[129.3219,37.2592],[129.3235,37.2569],[129.3247,37.2537],[129.3274,37.233],[129.3227,37.1935],[129.3234,37.1861],[129.3255,37.1788],[129.3311,37.1688],[129.3399,37.1566],[129.3591,37.1176],[129.3655,37.108],[129.372,37.0887],[129.3739,37.0852],[129.3772,37.0819],[129.3964,37.0686],[129.4005,37.0641],[129.4023,37.0603],[129.4057,37.0373],[129.4058,37.0327],[129.4035,37.0272],[129.397,37.0187],[129.3955,37.0155],[129.3909,36.9963],[129.3908,36.9918],[129.392,36.9884],[129.3989,36.975],[129.3999,36.9719],[129.399,36.9432],[129.4046,36.9134],[129.407,36.9037],[129.4118,36.8701],[129.418,36.8543],[129.4506,36.7834],[129.4526,36.7691],[129.4533,36.7392],[129.4516,36.7334],[129.4398,36.7169],[129.4382,36.7139],[129.4373,36.7071],[129.4387,36.6881],[129.4291,36.6626],[129.41,36.6275],[129.4086,36.6104],[129.4004,36.5858],[129.3951,36.5594],[129.395,36.5559],[129.3989,36.5212],[129.3967,36.4876],[129.3968,36.4725],[129.3959,36.4686],[129.3774,36.4228],[129.3769,36.4179],[129.3802,36.4013],[129.3803,36.3975],[129.3787,36.392],[129.3725,36.3816],[129.3713,36.3772],[129.3729,36.3634],[129.3675,36.2489],[129.3687,36.2442],[129.3734,36.2357],[129.3743,36.2296],[129.3732,36.2248],[129.368,36.2159],[129.3664,36.2102],[129.3657,36.1549],[129.368,36.1213],[129.3674,36.1159],[129.3654,36.1105],[129.3323,36.0535],[129.3288,36.0498],[129.3187,36.0458],[129.315,36.0427],[129.3086,36.0313],[129.3026,36.0223],[129.2932,36.0037],[129.292,36.0028],[129.2887,36.0021],[129.2646,36.0023],[129.2372,35.9791],[129.2353,35.9757],[129.223,35.943],[129.2084,35.9141],[129.1769,35.8802],[129.1356,35.8386],[129.1188,35.8183],[129.1176,35.8163],[129.1174,35.8145],[129.1183,35.8116],[129.1206,35.8093],[129.1546,35.79],[129.1686,35.7808],[129.1781,35.7696],[129.1883,35.7517],[129.1919,35.748],[129.1973,35.7445],[129.2146,35.737],[129.2197,35.7362],[129.2335,35.7355],[129.2379,35.7347],[129.2654,35.7239],[129.2724,35.7228],[129.2835,35.723],[129.2905,35.7216],[129.3363,35.7011],[129.345,35.6959],[129.3504,35.6909],[129.3551,35.6833],[129.3715,35.6424],[129.3719,35.6202],[129.3731,35.608]]}},{"type":"Feature","properties":{"daily_trains":34.9,"path_trains":201.87},"geometry":{"type":"LineString","coordinates":[[129.1179,35.8163],[129.1176,35.8163]]}},{"type":"Feature","properties":{"daily_trains":34.9,"path_trains":179.3},"geometry":{"type":"LineString","coordinates":[[129.0983,35.8215],[129.0983,35.8215]]}},{"type":"Feature","properties":{"daily_trains":22.6,"path_trains":94.79},"geometry":{"type":"LineString","coordinates":[[129.1387,35.1701],[129.1274,35.1759],[129.1208,35.1842],[129.1197,35.1913],[129.1183,35.1928],[129.1117,35.194],[129.1066,35.1957],[129.0956,35.1962],[129.0862,35.1982],[129.0845,35.1976],[129.0773,35.1923],[129.0711,35.1862],[129.0675,35.177],[129.067,35.1697],[129.0663,35.1679],[129.064,35.1662],[129.0551,35.1619]]}},{"type":"Feature","properties":{"daily_trains":22.6,"path_trains":22.57},"geometry":{"type":"LineString","coordinates":[[129.1387,35.1701],[129.1425,35.1694],[129.1497,35.1712],[129.1583,35.1793],[129.161,35.1811],[129.165,35.1825],[129.1724,35.1828],[129.1846,35.1796],[129.1895,35.179],[129.1945,35.1797],[129.1984,35.1822],[129.2055,35.1934],[129.2098,35.1977],[129.2109,35.1996],[129.2103,35.2081],[129.2106,35.2143],[129.2117,35.2182],[129.2112,35.2236],[129.2135,35.2281],[129.2145,35.2346],[129.2185,35.2402],[129.2191,35.2484],[129.2204,35.2541],[129.2238,35.2588],[129.2306,35.2628],[129.2323,35.2651],[129.2345,35.2728],[129.2334,35.2781],[129.2339,35.2843],[129.2374,35.296],[129.2374,35.3029],[129.2382,35.3053],[129.2403,35.3078],[129.2536,35.3187],[129.2572,35.3202],[129.2665,35.3222],[129.272,35.324],[129.2812,35.3323],[129.2894,35.3374],[129.2912,35.3392],[129.2937,35.3504],[129.2929,35.3525],[129.2873,35.3597],[129.2848,35.3649],[129.2841,35.3815],[129.2851,35.3912],[129.2849,35.406],[129.2865,35.4117],[129.2785,35.4266],[129.2802,35.437],[129.2826,35.4412],[129.2846,35.4487],[129.2903,35.463],[129.2943,35.4663],[129.2961,35.4689],[129.299,35.4865],[129.3076,35.5024],[129.31,35.5044],[129.3292,35.5109],[129.3354,35.5118],[129.3386,35.5138],[129.3469,35.5255],[129.3611,35.5523],[129.3626,35.5575],[129.3623,35.5665],[129.3634,35.5703],[129.3679,35.5746],[129.3781,35.5785],[129.3817,35.5824],[129.3825,35.5858],[129.382,35.5894],[129.3801,35.593],[129.3741,35.6014],[129.3731,35.608]]}},{"type":"Feature","properties":{"daily_trains":22.6,"path_trains":208.16},"geometry":{"type":"LineString","coordinates":[[129.0552,35.1621],[129.0551,35.1619]]}},{"type":"Feature","properties":{"daily_trains":22.6,"path_trains":167.01},"geometry":{"type":"LineString","coordinates":[[129.1315,35.803],[129.1314,35.803]]}},{"type":"Feature","properties":{"daily_trains":91.1,"path_trains":91.14},"geometry":{"type":"LineString","coordinates":[[126.3894,34.7986],[126.3867,34.8047],[126.3871,34.8074],[126.3949,34.8188],[126.3974,34.821],[126.4011,34.8229],[126.4056,34.8238],[126.4173,34.8239],[126.4213,34.8231],[126.4267,34.8205],[126.4292,34.8203],[126.4494,34.8209],[126.4533,34.8219],[126.4567,34.8236],[126.4602,34.8267],[126.4907,34.8663],[126.4921,34.8688],[126.4962,34.8948],[126.5081,34.9495],[126.5107,34.9544],[126.5256,34.9727],[126.5291,34.9802],[126.5299,34.9851],[126.5297,34.9891],[126.5265,35.0027],[126.5261,35.0068],[126.5278,35.0131],[126.532,35.0185],[126.5495,35.0305],[126.5638,35.0343],[126.5692,35.0347],[126.5752,35.0338],[126.6021,35.0264],[126.6273,35.0185],[126.6508,35.015],[126.6621,35.0108],[126.6783,35.0073],[126.6828,35.0066],[126.7034,35.006],[126.7086,35.0073],[126.7227,35.0182],[126.7256,35.0217],[126.7277,35.0387],[126.7466,35.0743],[126.7491,35.0871],[126.7527,35.0976],[126.7575,35.108],[126.7622,35.1131],[126.7845,35.1286],[126.7965,35.1483],[126.8,35.1607],[126.8005,35.1646],[126.7903,35.186],[126.7877,35.1881],[126.7768,35.1938],[126.765,35.2025],[126.7565,35.213],[126.7389,35.2208],[126.7369,35.223],[126.7361,35.227],[126.7391,35.242],[126.7426,35.2483],[126.7472,35.2591],[126.7522,35.2666],[126.7567,35.2717],[126.7679,35.2806],[126.7762,35.2896],[126.7787,35.2932],[126.7806,35.3076],[126.7783,35.3245],[126.7819,35.3442],[126.7905,35.3674],[126.7963,35.38],[126.8043,35.4016],[126.8061,35.416],[126.8059,35.4268],[126.8134,35.4452],[126.8138,35.4477],[126.8097,35.4567],[126.7958,35.4777],[126.7952,35.4801],[126.7957,35.4829],[126.8099,35.5029],[126.8109,35.5057],[126.8116,35.5133],[126.8222,35.5306],[126.8252,35.5434],[126.8312,35.5563],[126.8328,35.5636],[126.8473,35.5825],[126.854,35.6058],[126.8584,35.613],[126.8633,35.624],[126.8744,35.6347],[126.8874,35.6638],[126.8879,35.6669],[126.887,35.6814],[126.8817,35.6928],[126.8812,35.6958],[126.8888,35.7104],[126.9039,35.7507],[126.904,35.7526],[126.8989,35.784],[126.8991,35.7872],[126.9012,35.7905],[126.9154,35.8027],[126.9365,35.829],[126.9374,35.8317],[126.9376,35.8417],[126.9453,35.8558],[126.947,35.8671],[126.937,35.8945],[126.9387,35.9162],[126.9419,35.9283]]}},{"type":"Feature","properties":{"daily_trains":117.0,"path_trains":117.0},"geometry":{"type":"LineString","coordinates":[[127.3346,36.6138],[127.3399,36.6096],[127.3465,36.6028],[127.3503,36.5972],[127.353,36.5916],[127.356,36.5784],[127.3593,36.5527],[127.3586,36.5429],[127.3476,36.5087],[127.3438,36.5008],[127.3374,36.4923],[127.3283,36.4835],[127.3179,36.4766],[127.2738,36.4524],[127.1174,36.3634],[127.1101,36.357],[127.1054,36.351],[127.1002,36.3406],[127.0835,36.3006],[127.074,36.2732],[127.0559,36.2306],[127.0466,36.2016],[127.0407,36.1773],[127.0238,36.1188],[127.0183,36.1018],[127.0145,36.0946],[126.9699,36.0297],[126.9482,35.9864],[126.9467,35.9807],[126.9459,35.9681],[126.9488,35.9569],[126.9491,35.9498],[126.9484,35.9474]]}},{"type":"Feature","properties":{"daily_trains":73.9,"path_trains":133.43},"geometry":{"type":"LineString","coordinates":[[126.9444,35.9368],[126.9419,35.9285]]}},{"type":"Feature","properties":{"daily_trains":91.1,"path_trains":18.43},"geometry":{"type":"LineString","coordinates":[[127.4232,36.3692],[127.4218,36.3649],[127.4166,36.3554],[127.408,36.3457],[127.4044,36.3382],[127.4009,36.3352],[127.3999,36.3335],[127.4,36.3312],[127.4038,36.3201],[127.4021,36.3129],[127.3957,36.3087],[127.3897,36.3075],[127.3866,36.3077],[127.3809,36.3107],[127.3786,36.3111],[127.3732,36.31],[127.3678,36.3098],[127.3612,36.3071],[127.3568,36.3014],[127.358,36.2948],[127.3577,36.2928],[127.3523,36.2845],[127.3485,36.2816],[127.347,36.2796],[127.3452,36.2734],[127.3463,36.2688],[127.3459,36.2668],[127.3416,36.2614],[127.3379,36.2528],[127.3358,36.2507],[127.3324,36.2496],[127.3255,36.2508],[127.3185,36.2498],[127.3087,36.2521],[127.3044,36.2546],[127.3005,36.2624],[127.298,36.2642],[127.2915,36.2639],[127.2863,36.265],[127.2804,36.2644],[127.277,36.2657],[127.2728,36.2691],[127.2629,36.2743],[127.2558,36.2762],[127.2502,36.2801],[127.2452,36.2824],[127.231,36.2862],[127.2274,36.2862],[127.2236,36.2848],[127.2201,36.2823],[127.2193,36.2796],[127.22,36.2781],[127.2263,36.2733],[127.2269,36.2708],[127.2264,36.2666],[127.2284,36.2615],[127.2282,36.2468],[127.2267,36.2401],[127.2277,36.2327],[127.2262,36.2242],[127.2239,36.2215],[127.2138,36.2163],[127.206,36.2141],[127.1951,36.2095],[127.1915,36.2092],[127.1771,36.2134],[127.1709,36.2204],[127.1683,36.2222],[127.1545,36.2248],[127.1446,36.2288],[127.1407,36.2293],[127.1377,36.2283],[127.127,36.2215],[127.1173,36.2171],[127.1091,36.2114],[127.0974,36.2095],[127.0836,36.2015],[127.0734,36.1905],[127.0693,36.1806],[127.068,36.1747],[127.0606,36.1659],[127.0543,36.1635],[127.0327,36.1619],[127.0283,36.161],[127.024,36.1591],[127.0124,36.1516],[127.011,36.1486],[127.0115,36.1431],[127.0076,36.1337],[127.0049,36.1311],[126.9963,36.127],[126.9942,36.1245],[126.9907,36.113],[126.9905,36.1021],[126.989,36.0997],[126.9868,36.0986],[126.9609,36.0935],[126.9575,36.0913],[126.9565,36.0894],[126.9557,36.0846],[126.958,36.0738],[126.9579,36.0679],[126.9463,36.0464],[126.9467,36.0295],[126.9438,36.0237],[126.9418,36.0105],[126.9443,35.9856],[126.9468,35.9773],[126.946,35.9676],[126.9488,35.9575],[126.9491,35.9498],[126.9434,35.9343],[126.939,35.9169],[126.9381,35.8602],[126.9272,35.7852],[126.9252,35.7765],[126.9137,35.7404],[126.9006,35.6805],[126.8975,35.6705],[126.8941,35.6626],[126.8649,35.6101]]}},{"type":"Feature","properties":{"daily_trains":73.9,"path_trains":135.43},"geometry":{"type":"LineString","coordinates":[[126.9474,35.9446],[126.9486,35.9478]]}},{"type":"Feature","properties":{"daily_trains":116.1,"path_trains":135.43},"geometry":{"type":"LineString","coordinates":[[126.9444,35.9368],[126.9474,35.9446]]}},{"type":"Feature","properties":{"daily_trains":73.9,"path_trains":133.43},"geometry":{"type":"LineString","coordinates":[[126.9418,35.9283],[126.9419,35.9283]]}},{"type":"Feature","properties":{"daily_trains":73.9,"path_trains":133.43},"geometry":{"type":"LineString","coordinates":[[126.9419,35.9285],[126.9419,35.9285]]}},{"type":"Feature","properties":{"daily_trains":17.3,"path_trains":91.14},"geometry":{"type":"LineString","coordinates":[[126.7761,35.2117],[126.7863,35.1891],[126.7993,35.1675],[126.8004,35.1646],[126.7967,35.1491],[126.787,35.1324]]}},{"type":"Feature","properties":{"daily_trains":17.3,"path_trains":91.14},"geometry":{"type":"LineString","coordinates":[[126.7761,35.2117],[126.769,35.2279],[126.7661,35.2392],[126.7619,35.3085],[126.7629,35.3191],[126.7772,35.4162],[126.7847,35.4438],[126.7916,35.4781],[126.7943,35.486],[126.8284,35.5565],[126.8329,35.5636],[126.853,35.5896],[126.8649,35.6101]]}},{"type":"Feature","properties":{"daily_trains":37.4,"path_trains":37.43},"geometry":{"type":"LineString","coordinates":[[127.7507,34.7621],[127.7495,34.7669],[127.7456,34.7704],[127.7346,34.7748],[127.7263,34.7772],[127.7138,34.7787],[127.6873,34.7779],[127.6771,34.7782],[127.6561,34.7803],[127.6499,34.7829],[127.6478,34.785],[127.6441,34.7909],[127.6199,34.8228],[127.6168,34.8287],[127.6097,34.8463],[127.5884,34.8661],[127.5647,34.8845],[127.5428,34.9315],[127.5419,34.9377],[127.5407,34.9398],[127.5375,34.9416],[127.53,34.9426],[127.5112,34.9426],[127.5012,34.9473],[127.4928,34.9522],[127.4918,34.9548],[127.4906,34.9625],[127.4919,34.9916],[127.4892,34.9993],[127.4846,35.0048],[127.4703,35.0136],[127.4584,35.0224],[127.4482,35.0316],[127.4433,35.0375],[127.4414,35.0407],[127.4248,35.0858],[127.4254,35.0905],[127.4292,35.1006],[127.4388,35.1082],[127.4488,35.1206],[127.4598,35.1395],[127.4614,35.1458],[127.4615,35.1493],[127.457,35.1595],[127.4555,35.1611],[127.4434,35.169],[127.434,35.1763],[127.4162,35.1859],[127.4087,35.1876],[127.3928,35.1871],[127.3824,35.1887],[127.3775,35.1913],[127.374,35.1965],[127.3709,35.2074],[127.3702,35.2151],[127.3692,35.2185],[127.3648,35.2254],[127.355,35.2475],[127.353,35.2506],[127.3478,35.2554],[127.3275,35.2658],[127.3235,35.2686],[127.2975,35.289],[127.2885,35.2999],[127.2862,35.3061],[127.2864,35.313],[127.2938,35.3486],[127.299,35.3634],[127.3029,35.3676],[127.3233,35.381],[127.3287,35.3893],[127.3331,35.3933],[127.3384,35.3958],[127.3517,35.3994],[127.3556,35.4018],[127.3573,35.4041],[127.3632,35.4164],[127.3677,35.4278],[127.3681,35.4326],[127.3662,35.4363],[127.3484,35.4548],[127.3431,35.4618],[127.3275,35.502],[127.3232,35.5295],[127.3174,35.5559],[127.3104,35.6039],[127.3077,35.6166],[127.3054,35.6219],[127.2988,35.6283],[127.2856,35.6358],[127.2828,35.6386],[127.2815,35.642],[127.283,35.6531],[127.282,35.6567],[127.2686,35.6705],[127.2662,35.6758],[127.235,35.7228],[127.2235,35.7422],[127.2189,35.7538],[127.2169,35.7631],[127.2151,35.7652],[127.2108,35.7681],[127.2052,35.7756],[127.1964,35.7942],[127.1829,35.8175],[127.1733,35.8358],[127.1649,35.8464]]}},{"type":"Feature","properties":{"daily_trains":42.3,"path_trains":42.29},"geometry":{"type":"LineString","coordinates":[[127.1649,35.8464],[127.1508,35.8661],[127.1463,35.8692],[127.1419,35.87],[127.1008,35.8709],[127.0968,35.8721],[127.0787,35.8795],[127.076,35.8817],[127.0741,35.8845],[127.0726,35.8931],[127.0711,35.8966],[127.0631,35.9077],[127.061,35.9093],[127.0546,35.9093],[126.9967,35.9032],[126.9912,35.9037],[126.9674,35.9138],[126.9456,35.9285],[126.9442,35.9297],[126.9432,35.9316],[126.9444,35.9368]]}},{"type":"Feature","properties":{"daily_trains":70.3,"path_trains":70.29},"geometry":{"type":"LineString","coordinates":[[127.1998,37.5938],[127.1945,37.6041],[127.1888,37.6111],[127.1846,37.6138],[127.179,37.6146],[127.1673,37.6114],[127.1544,37.6058],[127.1391,37.6024],[127.1363,37.6025],[127.1187,37.6073],[127.1135,37.6075],[127.1083,37.6067],[127.1044,37.6054],[127.1002,37.6024],[127.0866,37.5971],[127.0623,37.5918],[127.0538,37.5873],[127.0507,37.5838]]}},{"type":"Feature","properties":{"daily_trains":70.3,"path_trains":70.29},"geometry":{"type":"LineString","coordinates":[[127.1998,37.5938],[127.2034,37.5899],[127.2195,37.5808],[127.2255,37.5787],[127.228,37.5771],[127.2296,37.575],[127.2323,37.5676],[127.2372,37.5573],[127.2415,37.5498],[127.2447,37.5469],[127.252,37.5436],[127.2556,37.5432],[127.2593,37.5437],[127.2939,37.5573],[127.2982,37.5581],[127.3025,37.5578],[127.3361,37.5428],[127.3604,37.5361],[127.3647,37.5343],[127.3688,37.5308],[127.3797,37.5172],[127.3846,37.5146],[127.3903,37.5142],[127.4124,37.5187],[127.4226,37.5187],[127.4289,37.5176],[127.475,37.5059],[127.4804,37.5037],[127.4857,37.5002],[127.4959,37.4877],[127.498,37.4859],[127.5211,37.4815],[127.5245,37.4796],[127.5298,37.474],[127.5351,37.4711],[127.553,37.4677],[127.561,37.4676],[127.5686,37.4695],[127.5836,37.4772],[127.6061,37.4874],[127.6088,37.4877],[127.6118,37.4872],[127.6391,37.4706],[127.6617,37.4553],[127.6714,37.4507],[127.6843,37.4464],[127.7216,37.4388],[127.742,37.4337],[127.7464,37.4318],[127.7497,37.4285],[127.7615,37.4094],[127.7706,37.3971],[127.7902,37.3871],[127.8161,37.3646],[127.8395,37.3485]]}},{"type":"Feature","properties":{"daily_trains":46.0,"path_trains":46.0},"geometry":{"type":"LineString","coordinates":[[126.9563,37.5238],[126.9593,37.5249],[126.9636,37.5223],[126.9718,37.5228],[126.9837,37.5195],[126.9938,37.5198],[126.9994,37.5219],[127.0014,37.5231],[127.0038,37.5262],[127.0115,37.5308],[127.0175,37.5397],[127.0243,37.5443],[127.0332,37.5483],[127.0355,37.5512],[127.0391,37.554],[127.0395,37.5556],[127.0391,37.5579]]}},{"type":"Feature","properties":{"daily_trains":70.3,"path_trains":51.72},"geometry":{"type":"LineString","coordinates":[[127.8395,37.3486],[127.8472,37.3436],[127.8499,37.3425],[127.8702,37.3426],[127.8823,37.3464],[127.8869,37.3491],[127.9002,37.3592],[127.9153,37.3656],[127.9219,37.3696],[127.9239,37.372],[127.9272,37.3788],[127.9347,37.3968],[127.9398,37.4039],[127.9627,37.424],[127.9755,37.4318],[127.9813,37.4376],[127.9846,37.4443],[127.9891,37.4634],[127.9904,37.466],[127.9953,37.472],[128.0371,37.5009],[128.0424,37.5043],[128.0498,37.5079],[128.1129,37.5256],[128.1205,37.5266],[128.1388,37.5255],[128.1538,37.5232],[128.2033,37.508],[128.2073,37.5077],[128.2404,37.513],[128.2441,37.5142],[128.2526,37.5187],[128.3073,37.5512],[128.3154,37.5534],[128.3516,37.5603],[128.3762,37.5601],[128.3983,37.5632],[128.4391,37.5616],[128.4572,37.5622],[128.4634,37.5633],[128.4688,37.5654],[128.4767,37.5706],[128.5237,37.6033],[128.5506,37.6173],[128.5545,37.6207],[128.5898,37.6582],[128.5947,37.6615],[128.6047,37.6661],[128.6149,37.6683],[128.6568,37.6748],[128.7093,37.686],[128.7728,37.707],[128.8113,37.7225],[128.8172,37.724],[128.8278,37.7249],[128.8321,37.7245],[128.8515,37.72],[128.8582,37.7191],[128.9009,37.7203],[128.923,37.7193],[128.9261,37.7206],[128.928,37.7225],[128.9319,37.7319],[128.9323,37.7342],[128.9314,37.7366],[128.9293,37.7387],[128.9206,37.7427]]}},{"type":"Feature","properties":{"daily_trains":46.0,"path_trains":46.0},"geometry":{"type":"LineString","coordinates":[[127.0507,37.5838],[127.038,37.5672],[127.0377,37.5655],[127.0392,37.5579]]}},{"type":"Feature","properties":{"daily_trains":70.3,"path_trains":70.29},"geometry":{"type":"LineString","coordinates":[[127.8395,37.3485],[127.8395,37.3486]]}},{"type":"Feature","properties":{"daily_trains":46.0,"path_trains":46.0},"geometry":{"type":"LineString","coordinates":[[127.0391,37.5579],[127.0392,37.5579]]}},{"type":"Feature","properties":{"daily_trains":12.3,"path_trains":57.72},"geometry":{"type":"LineString","coordinates":[[128.9246,37.7413],[128.9245,37.7409]]}},{"type":"Feature","properties":{"daily_trains":18.6,"path_trains":18.57},"geometry":{"type":"LineString","coordinates":[[129.014,35.962],[129.0094,35.9651],[129.0047,35.9672],[128.9989,35.9686],[128.9929,35.9689],[128.9861,35.9679],[128.9616,35.9606],[128.9572,35.9598],[128.9259,35.9586],[128.923,35.959],[128.9205,35.9605],[128.9112,35.9754],[128.9081,35.9784],[128.9005,35.9836],[128.8949,35.9893],[128.8904,35.997],[128.8868,36.0074],[128.8829,36.0129],[128.8704,36.0241],[128.8513,36.0349],[128.8443,36.0403],[128.7897,36.1058],[128.7724,36.1254],[128.7137,36.2042],[128.6896,36.2478],[128.6811,36.2643],[128.6801,36.2682],[128.68,36.2736],[128.6853,36.2993],[128.6947,36.3291],[128.695,36.3383],[128.6924,36.3578],[128.683,36.3674],[128.6823,36.3689],[128.681,36.3832],[128.6828,36.395],[128.6829,36.4024],[128.6739,36.4283],[128.6665,36.4817],[128.6656,36.4936],[128.6712,36.5138],[128.6724,36.5353],[128.6755,36.557],[128.6744,36.5838],[128.6748,36.589],[128.6763,36.5955],[128.6792,36.6025],[128.6827,36.6084],[128.7074,36.6331],[128.7145,36.6411],[128.7175,36.6481],[128.7181,36.6562],[128.7157,36.6638],[128.7127,36.6683],[128.7098,36.6714],[128.6512,36.7112],[128.6455,36.7165],[128.6345,36.7317],[128.631,36.7409],[128.6297,36.7471],[128.6296,36.7511],[128.6314,36.7586],[128.6405,36.7768],[128.6412,36.7807],[128.6407,36.785],[128.6382,36.7899],[128.6316,36.798],[128.6278,36.8069],[128.6169,36.8267],[128.6164,36.8358],[128.6101,36.844],[128.6047,36.8489],[128.595,36.8537],[128.572,36.86],[128.5413,36.8717],[128.536,36.873],[128.5146,36.8754],[128.4797,36.8826],[128.4716,36.8857],[128.445,36.8985],[128.3718,36.921],[128.3647,36.9247],[128.3588,36.9287],[128.3551,36.9323],[128.3484,36.9424],[128.3466,36.9496],[128.3425,36.9838],[128.3406,36.9889],[128.3332,37.0024],[128.332,37.0073],[128.3325,37.0162],[128.3319,37.0181],[128.3286,37.0223],[128.3153,37.0344],[128.306,37.047],[128.3026,37.0507],[128.2929,37.0599],[128.2667,37.082],[128.2475,37.1056],[128.2376,37.1208],[128.2334,37.1226],[128.2181,37.123],[128.1976,37.1302],[128.1893,37.1288],[128.1673,37.1279],[128.1643,37.1271],[128.1576,37.1239],[128.1546,37.1234],[128.1416,37.128],[128.1261,37.1306],[128.1091,37.1293],[128.101,37.1306],[128.0945,37.1328],[128.0314,37.1751],[128.0059,37.1938],[127.9979,37.2006],[127.994,37.2051],[127.9878,37.2173],[127.9559,37.2997],[127.9533,37.3045],[127.9494,37.3087],[127.9389,37.3141],[127.9331,37.3161],[127.9069,37.3164],[127.9015,37.3173],[127.8552,37.3384],[127.8462,37.3442]]}},{"type":"Feature","properties":{"daily_trains":16.6,"path_trains":16.57},"geometry":{"type":"LineString","coordinates":[[129.122,35.8222],[129.1298,35.832],[129.1302,35.8338],[129.1296,35.8353],[129.1202,35.844],[129.1009,35.8643],[129.0724,35.8776],[129.0649,35.8824],[129.0612,35.8859],[129.0456,35.9063],[129.034,35.9225],[129.0203,35.9528],[129.0178,35.9575],[129.0139,35.962]]}},{"type":"Feature","properties":{"daily_trains":16.6,"path_trains":201.87},"geometry":{"type":"LineString","coordinates":[[129.122,35.8222],[129.122,35.8222]]}},{"type":"Feature","properties":{"daily_trains":8.0,"path_trains":8.0},"geometry":{"type":"LineString","coordinates":[[127.1201,37.3947],[127.1327,37.3952],[127.1722,37.4039],[127.1966,37.4056],[127.2012,37.4075],[127.2102,37.4128],[127.214,37.4135],[127.2247,37.4109],[127.2727,37.3907],[127.2821,37.3849],[127.2849,37.3816],[127.2912,37.3772],[127.3265,37.3618],[127.338,37.3531],[127.3513,37.3491],[127.3696,37.345],[127.3995,37.3259],[127.4019,37.3234],[127.4043,37.3181],[127.4133,37.2957],[127.4135,37.2925],[127.4118,37.2792],[127.4122,37.2755],[127.4144,37.2722],[127.421,37.2668],[127.4289,37.2643],[127.4546,37.2639],[127.4656,37.2616],[127.4736,37.258],[127.4767,37.2573],[127.4822,37.2581],[127.502,37.2644],[127.5055,37.2641],[127.509,37.2621],[127.5112,37.2603],[127.5125,37.2579],[127.5117,37.2421],[127.5122,37.2384],[127.522,37.215],[127.5298,37.2039],[127.5506,37.1796],[127.5536,37.1768],[127.5577,37.1744],[127.5724,37.1688],[127.6005,37.1514],[127.6057,37.1469],[127.6119,37.1383],[127.6164,37.1342],[127.621,37.1319],[127.648,37.1225],[127.67,37.105],[127.6758,37.1028],[127.6799,37.1021],[127.7736,37.0981],[127.7817,37.0951],[127.8106,37.0786],[127.8246,37.073],[127.8353,37.0709],[127.8747,37.0669],[127.8794,37.0657],[127.8846,37.0631],[127.9103,37.0425],[127.9123,37.0401],[127.9132,37.0377],[127.9121,37.0231],[127.916,37.0013],[127.9164,36.9915],[127.9154,36.9888],[127.9031,36.9665],[127.9027,36.9631],[127.9039,36.9599],[127.9069,36.9571],[127.9192,36.9492],[127.9291,36.9448],[127.9334,36.9412],[127.9389,36.9291],[127.9425,36.9137],[127.9458,36.909],[127.9533,36.9046],[127.9825,36.8942],[127.9873,36.8912],[127.9909,36.8874],[127.9952,36.8773],[128.0044,36.8458],[128.0087,36.8175],[128.0161,36.7906],[128.0267,36.7722],[128.0314,36.7671],[128.0401,36.7598],[128.0571,36.7532],[128.0801,36.7484],[128.0872,36.7445],[128.0894,36.7429],[128.095,36.7361],[128.1053,36.7254]]}},{"type":"Feature","properties":{"daily_trains":73.9,"path_trains":133.43},"geometry":{"type":"LineString","coordinates":[[126.9419,35.9283],[126.9419,35.9285]]}},{"type":"Feature","properties":{"daily_trains":22.6,"path_trains":167.01},"geometry":{"type":"LineString","coordinates":[[129.1341,35.8011],[129.1315,35.803]]}},{"type":"Feature","properties":{"daily_trains":16.6,"path_trains":201.87},"geometry":{"type":"LineString","coordinates":[[129.1179,35.8163],[129.122,35.8222]]}},{"type":"Feature","properties":{"daily_trains":18.6,"path_trains":70.29},"geometry":{"type":"LineString","coordinates":[[127.8395,37.3485],[127.8462,37.3442]]}},{"type":"Feature","properties":{"daily_trains":42.3,"path_trains":135.43},"geometry":{"type":"LineString","coordinates":[[126.9474,35.9446],[126.9444,35.9368]]}},{"type":"Feature","properties":{"daily_trains":73.9,"path_trains":135.43},"geometry":{"type":"LineString","coordinates":[[126.9484,35.9474],[126.9444,35.9368]]}},{"type":"Feature","properties":{"daily_trains":22.6,"path_trains":167.01},"geometry":{"type":"LineString","coordinates":[[129.067,35.1725],[129.0668,35.1694],[129.0656,35.1673],[129.0552,35.1621]]}},{"type":"Feature","properties":{"daily_trains":186.9,"path_trains":400.17},"geometry":{"type":"LineString","coordinates":[[127.2507,36.6743],[127.2361,36.6822]]}},{"type":"Feature","properties":{"daily_trains":96.0,"path_trains":400.17},"geometry":{"type":"LineString","coordinates":[[127.1501,36.729],[127.1639,36.7216]]}},{"type":"Feature","properties":{"daily_trains":34.9,"path_trains":40.86},"geometry":{"type":"LineString","coordinates":[[129.1557,35.8589],[129.1698,35.8732]]}},{"type":"Feature","properties":{"daily_trains":18.6,"path_trains":18.57},"geometry":{"type":"LineString","coordinates":[[127.9833,37.2277],[127.9769,37.2442]]}},{"type":"Feature","properties":{"daily_trains":22.6,"path_trains":167.01},"geometry":{"type":"LineString","coordinates":[[129.1341,35.8011],[129.1315,35.803]]}},{"type":"Feature","properties":{"daily_trains":116.1,"path_trains":135.43},"geometry":{"type":"LineString","coordinates":[[126.9484,35.9474],[126.9474,35.9446]]}},{"type":"Feature","properties":{"daily_trains":16.6,"path_trains":201.87},"geometry":{"type":"LineString","coordinates":[[129.1179,35.8163],[129.122,35.8222]]}},{"type":"Feature","properties":{"daily_trains":18.6,"path_trains":70.29},"geometry":{"type":"LineString","coordinates":[[127.8395,37.3485],[127.8462,37.3442]]}},{"type":"Feature","properties":{"daily_trains":116.1,"path_trains":135.43},"geometry":{"type":"LineString","coordinates":[[126.9474,35.9446],[126.9444,35.9368]]}},{"type":"Feature","properties":{"daily_trains":91.1,"path_trains":133.43},"geometry":{"type":"LineString","coordinates":[[126.9444,35.9368],[126.9419,35.9285]]}},{"type":"Feature","properties":{"daily_trains":22.6,"path_trains":167.01},"geometry":{"type":"LineString","coordinates":[[129.0669,35.1725],[129.0668,35.1694],[129.0656,35.1673],[129.0552,35.1621]]}},{"type":"Feature","properties":{"daily_trains":34.9,"path_trains":201.87},"geometry":{"type":"LineString","coordinates":[[129.0983,35.8215],[129.1093,35.8148],[129.1145,35.8144],[129.1176,35.8163]]}},{"type":"Feature","properties":{"daily_trains":22.6,"path_trains":201.87},"geometry":{"type":"LineString","coordinates":[[129.1179,35.8163],[129.1174,35.8145],[129.1178,35.8126],[129.1197,35.81],[129.1314,35.803]]}},{"type":"Feature","properties":{"daily_trains":91.1,"path_trains":135.43},"geometry":{"type":"LineString","coordinates":[[126.9419,35.9283],[126.9437,35.9351],[126.9484,35.9474]]}},{"type":"Feature","properties":{"daily_trains":305.9,"path_trains":300.93},"geometry":{"type":"LineString","coordinates":[[139.768,35.6814],[139.7682,35.6823],[139.7682,35.6834],[139.7682,35.6835],[139.7671,35.6792],[139.7646,35.6759],[139.761,35.673],[139.7585,35.6688],[139.7587,35.6611],[139.7558,35.6508],[139.7534,35.6483],[139.744,35.6431],[139.7429,35.6373],[139.7405,35.631],[139.7375,35.6193],[139.7353,35.6172],[139.7314,35.6163],[139.7295,35.615],[139.7238,35.6066],[139.719,35.5966],[139.7156,35.5944],[139.6784,35.5839],[139.6648,35.5787],[139.6631,35.5757],[139.6646,35.5692],[139.6631,35.5646],[139.6581,35.5585],[139.6475,35.5423],[139.6298,35.518],[139.6264,35.5145],[139.5948,35.4886],[139.5867,35.4845],[139.5713,35.4806],[139.5654,35.4783],[139.5189,35.4511],[139.4626,35.431],[139.3656,35.3876],[139.3213,35.3563],[139.3018,35.3363],[139.29,35.3255],[139.2735,35.3153],[139.268,35.3128],[139.2261,35.3006],[139.1822,35.2803],[139.1734,35.2745],[139.1547,35.2562],[139.1442,35.2414],[139.1391,35.2266],[139.1341,35.1908],[139.1313,35.1829],[139.125,35.1747],[139.0927,35.1396],[139.09,35.1341],[139.083,35.1102],[139.079,35.1051],[139.0726,35.1009],[139.0676,35.0994],[139.0622,35.0993],[138.9743,35.109],[138.9506,35.117],[138.9325,35.1263],[138.9247,35.128],[138.9166,35.1278],[138.8897,35.1234],[138.8833,35.1228],[138.8369,35.1267],[138.8313,35.1282],[138.8271,35.1301],[138.8153,35.1391],[138.8096,35.142],[138.7663,35.1543],[138.7579,35.1559],[138.7493,35.1558],[138.6986,35.1503],[138.6928,35.1492],[138.6807,35.1452],[138.6745,35.1439],[138.6483,35.1397],[138.6138,35.1361],[138.6098,35.1347],[138.5637,35.1137],[138.5556,35.1087],[138.5339,35.0862],[138.4957,35.0425],[138.4797,35.0321],[138.455,35.0115],[138.4061,34.98],[138.386,34.9699],[138.3808,34.9662],[138.3681,34.9532],[138.365,34.9486],[138.3631,34.9422],[138.3625,34.9297],[138.3593,34.9225],[138.3516,34.9128],[138.3228,34.8841],[138.3051,34.8705],[138.2454,34.8306],[138.2114,34.8071],[138.2044,34.8033],[138.1039,34.7745],[138.0782,34.7718],[138.0595,34.7712],[138.053,34.7717],[138.0426,34.7739],[138.0355,34.7741],[138.0301,34.7731],[138.0187,34.7697],[138.0033,34.7674],[137.9883,34.7626],[137.9599,34.7516],[137.9423,34.7461],[137.9258,34.7377],[137.9032,34.7289],[137.8928,34.7233],[137.8796,34.7131],[137.8738,34.71],[137.8673,34.7082],[137.8371,34.7035],[137.8151,34.7028],[137.7867,34.7085],[137.7594,34.7085],[137.7467,34.7071],[137.7376,34.7047],[137.7333,34.7027],[137.7228,34.6957],[137.7136,34.6929],[137.7079,34.6925],[137.6872,34.6943],[137.6786,34.6941],[137.6665,34.6927],[137.6468,34.6877],[137.6178,34.6868],[137.6088,34.6882],[137.5925,34.6942],[137.5871,34.6949],[137.5726,34.6945],[137.5659,34.6951],[137.5242,34.7057]]}},{"type":"Feature","properties":{"daily_trains":384.1,"path_trains":384.14},"geometry":{"type":"LineString","coordinates":[[139.7681,35.6835],[139.7728,35.6955],[139.7751,35.708],[139.7769,35.7124],[139.7808,35.7188],[139.7804,35.7215],[139.7789,35.7229],[139.7734,35.7253],[139.7681,35.7307],[139.7653,35.7347],[139.7609,35.7387],[139.7424,35.7494],[139.7379,35.753],[139.7335,35.7585],[139.7291,35.7618],[139.7266,35.7646],[139.7226,35.7716],[139.7216,35.7763],[139.7167,35.7831],[139.7142,35.7844],[139.7069,35.7862],[139.7012,35.7897],[139.691,35.7912],[139.6876,35.7933],[139.6839,35.8027],[139.6724,35.8128],[139.6655,35.8239],[139.6566,35.8301],[139.6521,35.8358],[139.6469,35.8452],[139.638,35.853],[139.6353,35.8566],[139.6252,35.8834],[139.6255,35.8859],[139.6295,35.8933],[139.6285,35.8978],[139.6267,35.9008]]}},{"type":"Feature","properties":{"daily_trains":295.4,"path_trains":295.43},"geometry":{"type":"LineString","coordinates":[[136.7896,35.2351],[136.8066,35.2275],[136.8267,35.2246],[136.8345,35.222],[136.8415,35.2171],[136.8513,35.206],[136.8615,35.1989],[136.8637,35.196],[136.8673,35.1887],[136.8775,35.1786],[136.8807,35.1716],[136.8851,35.164],[136.8882,35.1504],[136.8856,35.1327],[136.8861,35.1284],[136.888,35.124],[136.8912,35.1198],[136.8954,35.1162],[136.9163,35.1061],[136.9203,35.1034],[136.9235,35.1003],[136.9261,35.0965],[136.9423,35.066],[136.9551,35.0465],[136.9636,35.0388],[137.037,34.9912],[137.0462,34.984],[137.1572,34.8639],[137.1621,34.8594],[137.1679,34.8563],[137.2073,34.8422],[137.2303,34.8329],[137.2473,34.8222],[137.2552,34.8183],[137.2674,34.8154],[137.2903,34.8147],[137.298,34.8134],[137.3031,34.8113],[137.3231,34.8004],[137.3604,34.7849],[137.3654,34.7816],[137.3759,34.772],[137.3782,34.7686],[137.3853,34.7549],[137.3919,34.7473],[137.3974,34.7434],[137.4186,34.7309],[137.4352,34.7264],[137.5242,34.7058]]}},{"type":"Feature","properties":{"daily_trains":295.4,"path_trains":295.43},"geometry":{"type":"LineString","coordinates":[[137.5242,34.7058],[137.5242,34.7057]]}},{"type":"Feature","properties":{"daily_trains":264.4,"path_trains":237.72},"geometry":{"type":"LineString","coordinates":[[133.921,34.6713],[133.9242,34.6774],[133.9288,34.6804],[133.9873,34.686],[133.9939,34.6872],[134.0031,34.6905],[134.0319,34.7056],[134.0396,34.7088],[134.0654,34.7165],[134.1295,34.7315],[134.178,34.7496],[134.1858,34.7509],[134.2245,34.7533],[134.2333,34.7545],[134.3064,34.777],[134.3144,34.7779],[134.3569,34.7797],[134.3751,34.7834],[134.3869,34.7879],[134.4361,34.8138],[134.4464,34.8174],[134.4594,34.819],[134.4906,34.8175],[134.5168,34.8196],[134.5256,34.8214],[134.5502,34.8289],[134.5605,34.8301],[134.5982,34.828],[134.6313,34.831],[134.6394,34.831],[134.6717,34.8286],[134.7145,34.8237],[134.722,34.8225],[134.7284,34.8204],[134.7342,34.8174],[134.7442,34.8109],[134.7703,34.7869],[134.787,34.7766],[134.8041,34.763],[134.8479,34.7324],[134.8639,34.7221],[134.883,34.7081],[134.9059,34.6955],[134.9327,34.6747],[134.9376,34.6719],[134.9434,34.6697],[134.9562,34.6674],[134.9926,34.6647],[135.0026,34.6652],[135.0826,34.6814],[135.1448,34.6965],[135.1896,34.7042],[135.1946,34.7059],[135.1997,34.709],[135.2229,34.7302],[135.2283,34.734],[135.2351,34.7377],[135.3129,34.7633],[135.3246,34.7658],[135.3335,34.7663],[135.3583,34.7646],[135.4044,34.7687],[135.4119,34.7683],[135.4199,34.7665],[135.4303,34.7619],[135.4355,34.7582],[135.4396,34.7544],[135.4432,34.7497],[135.4554,34.728],[135.4575,34.7256],[135.4618,34.7234],[135.4674,34.7232],[135.5022,34.7341],[135.5083,34.737],[135.5143,34.7426],[135.5174,34.7443],[135.5328,34.7469],[135.541,34.7502],[135.6041,34.8026],[135.6326,34.8375],[135.6518,34.8624],[135.6755,34.8849],[135.6902,34.8998],[135.6942,34.9029],[135.705,34.9089],[135.7109,34.915],[135.7132,34.9196],[135.7141,34.9241],[135.7149,34.9581],[135.7161,34.9656],[135.7171,34.9688],[135.7191,34.9722],[135.7249,34.9773],[135.7347,34.9822],[135.7435,34.9847],[135.7552,34.9846],[135.7732,34.9855],[135.7971,34.9815],[135.8196,34.9809],[135.8722,34.975],[135.9041,34.9699],[135.9168,34.9694],[135.9259,34.9714],[135.9331,34.9753],[135.9626,34.9995],[135.9821,35.022],[136.0238,35.0633],[136.0307,35.069],[136.0584,35.0869],[136.0666,35.0915],[136.076,35.0959],[136.1107,35.1098],[136.133,35.1202],[136.1627,35.1324],[136.1914,35.1483],[136.1969,35.1536],[136.2256,35.1918],[136.2601,35.2286],[136.263,35.2324],[136.2779,35.2614],[136.2829,35.2977],[136.2896,35.315],[136.2941,35.3323],[136.2978,35.3385],[136.3064,35.3481],[136.3103,35.3513],[136.3157,35.3542],[136.3377,35.3596],[136.3564,35.3658],[136.3666,35.3672],[136.3778,35.3667],[136.3995,35.3621],[136.4394,35.3592],[136.4545,35.3567],[136.4618,35.3565],[136.4743,35.359],[136.4983,35.3683],[136.5079,35.3694],[136.52,35.3679],[136.5268,35.3661],[136.532,35.3636],[136.5481,35.3536],[136.5582,35.3502],[136.5972,35.3484],[136.632,35.3456],[136.6397,35.3444],[136.6572,35.3378],[136.6635,35.3345],[136.6962,35.3074],[136.7354,35.2906],[136.7411,35.2873],[136.7464,35.2821],[136.7721,35.2458],[136.7783,35.2407],[136.7895,35.2351]]}},{"type":"Feature","properties":{"daily_trains":264.4,"path_trains":264.43},"geometry":{"type":"LineString","coordinates":[[136.7895,35.2351],[136.7896,35.2351]]}},{"type":"Feature","properties":{"daily_trains":195.0,"path_trains":195.0},"geometry":{"type":"LineString","coordinates":[[132.9408,34.4146],[132.9717,34.4181],[132.9808,34.4181],[132.9874,34.4175],[133.0014,34.414],[133.0322,34.4013],[133.0451,34.3987],[133.0529,34.3986],[133.0785,34.4008],[133.1055,34.4007],[133.1156,34.4024],[133.202,34.4346],[133.2152,34.4416],[133.2294,34.4515],[133.2412,34.4574],[133.3174,34.4828],[133.3415,34.4879],[133.3606,34.4891],[133.3767,34.4922],[133.3915,34.4928],[133.4181,34.4978],[133.4277,34.5011],[133.4609,34.5182],[133.4785,34.5243],[133.4877,34.5268],[133.4986,34.5287],[133.536,34.5321],[133.5447,34.5335],[133.5867,34.5486],[133.5943,34.5507],[133.6027,34.5518],[133.6104,34.5519],[133.6385,34.5488],[133.6459,34.5494],[133.6545,34.5514],[133.6638,34.5557],[133.6891,34.5722],[133.6948,34.5779],[133.704,34.5912],[133.7099,34.5975],[133.7493,34.6265],[133.7573,34.631],[133.7643,34.6335],[133.7899,34.6394],[133.8388,34.6532],[133.8747,34.6565],[133.8954,34.6592],[133.9084,34.6599],[133.9128,34.6616],[133.9162,34.6638],[133.9195,34.6682],[133.921,34.6713]]}},{"type":"Feature","properties":{"daily_trains":193.0,"path_trains":184.22},"geometry":{"type":"LineString","coordinates":[[130.6933,32.7964],[130.6946,32.8062],[130.6993,32.8186],[130.6993,32.8219],[130.6778,32.8599],[130.6741,32.8654],[130.6691,32.8705],[130.6065,32.9227],[130.5785,32.939],[130.5693,32.9465],[130.5374,32.9827],[130.4995,33.0382],[130.4963,33.0437],[130.4936,33.0504],[130.4867,33.0806],[130.4859,33.0913],[130.4865,33.0975],[130.4902,33.1145],[130.494,33.144],[130.4922,33.1763],[130.5006,33.2278],[130.5013,33.2509],[130.5029,33.264],[130.5036,33.289],[130.5032,33.3102],[130.5004,33.3238],[130.4968,33.3311],[130.4962,33.345],[130.4965,33.3581],[130.495,33.3635],[130.4869,33.3778],[130.4815,33.3858],[130.4527,33.4198],[130.449,33.4262],[130.446,33.4344],[130.4445,33.4425],[130.4445,33.4582],[130.4451,33.4648],[130.4477,33.4775],[130.4475,33.4862],[130.4459,33.4918],[130.4405,33.5043],[130.4327,33.5313],[130.4325,33.5349],[130.4331,33.5397],[130.4366,33.5544],[130.4364,33.5593],[130.4329,33.5674],[130.4224,33.5787],[130.4211,33.5809],[130.4205,33.5843],[130.4216,33.6008],[130.4241,33.6064],[130.4284,33.6111],[130.4597,33.6297],[130.4833,33.6507],[130.5043,33.6673],[130.5122,33.6727],[130.5824,33.7119],[130.5964,33.7231],[130.6051,33.7285],[130.6163,33.7331],[130.6427,33.7402],[130.6545,33.7453],[130.6641,33.7521],[130.6829,33.7688],[130.6954,33.7764],[130.7047,33.7804],[130.7221,33.7846],[130.7309,33.7887],[130.7379,33.7946],[130.7522,33.8126],[130.7598,33.8212],[130.7679,33.8293],[130.7756,33.8359],[130.7892,33.8454],[130.8268,33.8679],[130.8486,33.8848],[130.8568,33.8885],[130.8619,33.8899],[130.8658,33.8902],[130.883,33.8872],[130.8984,33.8829],[130.9211,33.883],[130.9277,33.884],[130.934,33.8859],[130.9398,33.8888],[130.9441,33.8918],[130.9714,33.9188],[130.9757,33.9254],[130.978,33.9323],[130.9781,33.941],[130.9755,33.9492],[130.9726,33.9539],[130.9515,33.9813],[130.9483,33.9883],[130.9472,33.9957],[130.9477,34.0005],[130.9511,34.0168],[130.9535,34.0236],[130.9698,34.0479],[130.9775,34.0555],[130.9827,34.0588],[130.9882,34.0613],[131.023,34.0731],[131.0352,34.0753],[131.0489,34.0755],[131.1143,34.0682],[131.1231,34.0666],[131.1354,34.0631],[131.1703,34.0494],[131.1849,34.0456],[131.2383,34.0376],[131.2471,34.0371],[131.2592,34.0377],[131.2747,34.0406],[131.3,34.0488],[131.3057,34.05],[131.3131,34.0507],[131.3308,34.0506],[131.3378,34.0517],[131.3448,34.0539],[131.3503,34.0565],[131.3561,34.0603],[131.3704,34.0747],[131.3759,34.0795],[131.3963,34.0927],[131.414,34.1009],[131.421,34.1027],[131.4282,34.1032],[131.4355,34.1025],[131.4428,34.1007],[131.4842,34.0862],[131.4944,34.0833],[131.528,34.0785],[131.6029,34.072],[131.611,34.0723],[131.6794,34.0806],[131.701,34.0813],[131.7274,34.0861],[131.7507,34.0914],[131.7568,34.0921],[131.7643,34.0917],[131.7697,34.0907],[131.7759,34.0885],[131.7812,34.0857],[131.7858,34.0823],[131.7902,34.0777],[131.793,34.0734],[131.7996,34.0548],[131.802,34.051],[131.8088,34.0454],[131.823,34.0381],[131.8288,34.0358],[131.8349,34.0343],[131.8408,34.0337],[131.8473,34.0339],[131.8626,34.0359],[131.8823,34.0349],[131.907,34.0378],[131.9213,34.0381],[131.9289,34.039],[131.9364,34.041],[131.9432,34.0441],[131.9606,34.0567],[131.9818,34.0666],[132.009,34.0844],[132.0193,34.0898],[132.0332,34.094],[132.0934,34.1057],[132.1057,34.1106],[132.1175,34.1183],[132.1234,34.1239],[132.1287,34.1307],[132.1603,34.1821],[132.1852,34.2252],[132.1907,34.2328],[132.198,34.2399],[132.25,34.2815],[132.2788,34.3015],[132.284,34.306],[132.2903,34.313],[132.3053,34.3366],[132.3158,34.3516],[132.3294,34.3751],[132.3337,34.3812],[132.3368,34.3845],[132.3445,34.3905],[132.3557,34.396],[132.364,34.3983],[132.3976,34.4047],[132.4508,34.4101],[132.4562,34.41],[132.4657,34.4066],[132.4708,34.4015],[132.4815,34.3949],[132.494,34.3929],[132.5064,34.3888],[132.519,34.3858],[132.5535,34.3831],[132.5636,34.3811],[132.5753,34.3752],[132.6271,34.3463],[132.6347,34.3439],[132.6473,34.3428],[132.6828,34.3456],[132.6911,34.3472],[132.6995,34.3502],[132.7246,34.3635],[132.7492,34.3827],[132.7807,34.4027],[132.7868,34.4059],[132.7943,34.4084],[132.8002,34.4096],[132.8079,34.41],[132.8848,34.4085],[132.9408,34.4147]]}},{"type":"Feature","properties":{"daily_trains":193.0,"path_trains":193.0},"geometry":{"type":"LineString","coordinates":[[132.9408,34.4147],[132.9408,34.4146]]}},{"type":"Feature","properties":{"daily_trains":75.1,"path_trains":74.14},"geometry":{"type":"LineString","coordinates":[[130.5354,31.5846],[130.5245,31.587],[130.5022,31.5986],[130.4817,31.6045],[130.4739,31.6075],[130.4333,31.6316],[130.423,31.6397],[130.3793,31.6799],[130.3731,31.6866],[130.3693,31.6921],[130.3663,31.6979],[130.3279,31.7837],[130.3191,31.7966],[130.3161,31.8022],[130.3097,31.8227],[130.306,31.8382],[130.2943,31.8614],[130.292,31.8673],[130.29,31.8769],[130.2901,31.8876],[130.3046,31.9769],[130.3067,31.9844],[130.3103,31.9908],[130.3501,32.0469],[130.3611,32.061],[130.3642,32.0671],[130.3651,32.0724],[130.3644,32.0779],[130.3626,32.0823],[130.3575,32.091],[130.3537,32.1009],[130.3524,32.1065],[130.3521,32.1123],[130.3528,32.1173],[130.3545,32.123],[130.3664,32.1504],[130.3703,32.157],[130.3859,32.1736],[130.4092,32.1948],[130.4407,32.2204],[130.4537,32.235],[130.458,32.2389],[130.4632,32.2426],[130.4745,32.2485],[130.4964,32.2564],[130.5079,32.2614],[130.5156,32.2672],[130.6142,32.3598],[130.6198,32.3667],[130.6242,32.3743],[130.6263,32.3796],[130.628,32.3867],[130.6287,32.3928],[130.6284,32.4003],[130.6266,32.4081],[130.6177,32.4357],[130.6169,32.4416],[130.6172,32.4473],[130.619,32.454],[130.6219,32.4597],[130.632,32.4732],[130.6351,32.479],[130.6376,32.4874],[130.6384,32.4995],[130.6378,32.5069],[130.6359,32.5148],[130.626,32.5384],[130.625,32.5447],[130.6252,32.5515],[130.6272,32.5587],[130.6301,32.5643],[130.6635,32.6119],[130.6661,32.6163],[130.6679,32.6213],[130.669,32.6275],[130.6687,32.6346],[130.6674,32.6399],[130.6617,32.6538],[130.6607,32.6603],[130.661,32.6666],[130.6626,32.6726],[130.667,32.684],[130.6749,32.7221],[130.6783,32.734],[130.6801,32.7481],[130.6861,32.7786],[130.6855,32.7846],[130.6871,32.7879],[130.6933,32.7964]]}},{"type":"Feature","properties":{"daily_trains":96.7,"path_trains":45.0},"geometry":{"type":"LineString","coordinates":[[140.6548,41.903],[140.6638,41.9004],[140.6706,41.8968],[140.6763,41.8921],[140.6805,41.8861],[140.6826,41.8799],[140.6827,41.8736],[140.6804,41.8668],[140.6764,41.8611],[140.6698,41.8558],[140.6174,41.8253],[140.609,41.8195],[140.5995,41.81],[140.578,41.7813],[140.5723,41.7757],[140.5662,41.771],[140.5586,41.7663],[140.5509,41.7626],[140.5181,41.7508],[140.5103,41.7467],[140.5026,41.7415],[140.4802,41.7197],[140.381,41.6309],[140.3745,41.6261],[140.3274,41.5961],[140.3149,41.5863],[140.305,41.5759],[140.2397,41.4936],[140.2351,41.485],[140.2324,41.4757],[140.2317,41.4666],[140.2327,41.4584],[140.2353,41.45],[140.2394,41.4423],[140.3016,41.3537],[140.3363,41.3139],[140.3422,41.3055],[140.346,41.2971],[140.3481,41.2882],[140.3484,41.2821],[140.3478,41.2611],[140.3491,41.2514],[140.3537,41.2399],[140.361,41.2296],[140.3673,41.2235],[140.3749,41.2179],[140.4262,41.1879],[140.4401,41.1824],[140.4765,41.1727],[140.4853,41.1693],[140.4928,41.1653],[140.5,41.1606],[140.5065,41.155],[140.5278,41.1311],[140.5314,41.1254],[140.5699,41.0528],[140.6207,40.9813],[140.6252,40.9739],[140.6282,40.9665],[140.6334,40.9415],[140.6366,40.9327],[140.6772,40.858],[140.6807,40.8535],[140.6885,40.8458],[140.6916,40.841],[140.6933,40.8342],[140.6936,40.8213],[140.692,40.8096],[140.6933,40.8017],[140.6968,40.7948],[140.7034,40.7871],[140.7086,40.7824],[140.7176,40.7771],[140.727,40.7738],[140.7595,40.7649],[140.7679,40.7637],[140.7758,40.7636],[140.7843,40.7646],[140.79,40.766],[140.8319,40.7805],[140.8459,40.7845],[140.8551,40.7864],[140.8617,40.787],[140.8772,40.7874],[140.9066,40.7839],[141.06,40.7605],[141.0712,40.7583],[141.0864,40.7544],[141.103,40.747],[141.1276,40.7311],[141.1367,40.7262],[141.1904,40.7072],[141.2566,40.6789],[141.2679,40.6732],[141.3381,40.6245],[141.4028,40.584],[141.4265,40.5704],[141.4339,40.5638],[141.4411,40.5547],[141.444,40.5497],[141.4463,40.5428],[141.4467,40.5365],[141.4456,40.5297],[141.4423,40.5223],[141.438,40.5166],[141.4199,40.498],[141.4148,40.4914],[141.4097,40.482],[141.4017,40.4605],[141.3964,40.4502],[141.2962,40.317],[141.2911,40.3083],[141.2897,40.3029],[141.2892,40.2978],[141.2915,40.28],[141.2913,40.2751],[141.2904,40.2702],[141.2849,40.2586],[141.2716,40.2362],[141.2692,40.2302],[141.2675,40.2224],[141.2672,40.2108],[141.2762,40.1488],[141.2762,40.1367],[141.2508,40.0179],[141.2486,40.0121],[141.2446,40.0058],[141.2261,39.9884],[141.2224,39.983],[141.2202,39.9785],[141.2186,39.9719],[141.2176,39.9599],[141.2197,39.9342],[141.2196,39.9285],[141.2184,39.9212],[141.2167,39.9159],[141.1842,39.8363],[141.1768,39.8246],[141.1591,39.8047],[141.1528,39.7958],[141.1489,39.7878],[141.1438,39.7725],[141.1177,39.7236],[141.1177,39.7202],[141.1193,39.7171],[141.1414,39.6966],[141.1467,39.6887],[141.1485,39.6832],[141.1487,39.6789],[141.1454,39.6328],[141.1456,39.6274],[141.1609,39.5514],[141.1712,39.5258],[141.1727,39.5186],[141.1775,39.4212],[141.1762,39.4137],[141.1714,39.3997]]}},{"type":"Feature","properties":{"daily_trains":167.7,"path_trains":115.72},"geometry":{"type":"LineString","coordinates":[[140.4587,37.7508],[140.459,37.7645],[140.4619,37.7737],[140.4846,37.8103],[140.4989,37.8318],[140.54,37.8843],[140.6415,38.0054],[140.6469,38.0105],[140.6732,38.0307],[140.8699,38.1776],[140.8762,38.1857],[140.8795,38.1941],[140.8824,38.204],[140.8832,38.2175],[140.8864,38.2307],[140.8882,38.2333],[140.8933,38.237],[140.8942,38.2391],[140.8918,38.2474],[140.8837,38.2539],[140.8825,38.2555],[140.882,38.2606],[140.883,38.2637],[140.8853,38.2654],[140.8946,38.2689],[140.9072,38.2703],[140.9118,38.2716],[140.9458,38.2913],[140.9512,38.2953],[140.9556,38.2998],[140.9637,38.3106],[140.9665,38.3157],[140.9684,38.322],[140.9689,38.3281],[140.9588,38.4941],[140.9615,38.5456],[140.9702,38.58],[140.9744,38.5888],[141.0076,38.6358],[141.091,38.7835],[141.1067,38.8361],[141.1206,38.8775],[141.1282,38.8964],[141.1324,38.9111],[141.1452,38.9404],[141.157,38.9777],[141.1954,39.0772],[141.1967,39.0821],[141.197,39.0881],[141.1929,39.1326],[141.1796,39.1695],[141.1738,39.1774],[141.1194,39.2338],[141.1141,39.2425],[141.1126,39.2471],[141.1119,39.2529],[141.112,39.256],[141.1136,39.2633],[141.1217,39.2804],[141.139,39.3078],[141.1411,39.3122],[141.1714,39.3997]]}},{"type":"Feature","properties":{"daily_trains":250.3,"path_trains":219.57},"geometry":{"type":"LineString","coordinates":[[140.4586,37.7517],[140.4587,37.7575],[140.4585,37.7392],[140.4536,37.7131],[140.4539,37.7037],[140.4556,37.6991],[140.4733,37.6664],[140.475,37.6617],[140.4759,37.6554],[140.47,37.5947],[140.4686,37.5851],[140.466,37.5785],[140.4302,37.5123],[140.4006,37.436],[140.39,37.4033],[140.3837,37.3785],[140.3645,37.3344],[140.3587,37.3252],[140.2789,37.2196],[140.271,37.2101],[140.158,37.0904],[140.125,37.0539],[140.0791,36.9923],[140.0497,36.9586],[140.0226,36.9335],[140.0187,36.9293],[139.9675,36.8572],[139.9644,36.8484],[139.954,36.7901],[139.9519,36.7809],[139.949,36.7729],[139.9354,36.7424],[139.9181,36.6966],[139.9159,36.6739],[139.9097,36.6329],[139.9058,36.5993],[139.9012,36.5715],[139.8912,36.5301],[139.876,36.4876],[139.8624,36.4127],[139.8612,36.4085],[139.8577,36.4012],[139.8021,36.3063],[139.7801,36.2801],[139.7774,36.2762],[139.7752,36.2719],[139.7398,36.181],[139.7161,36.1268],[139.6798,36.069],[139.656,36.0224],[139.6302,35.9885],[139.627,35.983],[139.6245,35.975],[139.6167,35.9345],[139.6162,35.93],[139.6169,35.9238],[139.6194,35.9158],[139.6237,35.9053],[139.6267,35.9008]]}},{"type":"Feature","properties":{"daily_trains":65.6,"path_trains":51.57},"geometry":{"type":"LineString","coordinates":[[139.0534,37.9097],[139.0457,37.9061],[139.0361,37.898],[139.0205,37.88],[139.0156,37.872],[138.9943,37.8203],[138.9909,37.8106],[138.9755,37.7265],[138.9722,37.7148],[138.9693,37.7079],[138.9265,37.6234],[138.8863,37.5296],[138.8551,37.4508],[138.8506,37.438],[138.8458,37.3895],[138.8388,37.3361],[138.8404,37.3247],[138.8425,37.3191],[138.8445,37.3159],[138.9207,37.1978],[138.9232,37.1898],[138.9238,37.1826],[138.9218,37.1582],[138.9209,37.1535],[138.9178,37.1462],[138.9123,37.1389],[138.8677,37.0989],[138.8579,37.0879],[138.7916,36.9888],[138.7888,36.9824],[138.7876,36.9752],[138.789,36.9669],[138.7914,36.9608],[138.7945,36.9553],[138.8022,36.944],[138.8205,36.923],[138.8407,36.8905],[138.8463,36.8832],[138.8583,36.872],[138.9484,36.8055],[138.9566,36.7965],[138.9616,36.7864],[138.9634,36.7787],[138.9657,36.7545],[138.9807,36.6756],[138.9803,36.6687],[138.967,36.613],[138.9659,36.6054],[138.9663,36.596],[138.9685,36.5878],[138.9674,36.5747],[138.9713,36.514],[138.9935,36.3685],[138.9969,36.3593],[139.0068,36.3458],[139.0098,36.3405],[139.0116,36.3341],[139.0133,36.3199]]}},{"type":"Feature","properties":{"daily_trains":156.9,"path_trains":156.86},"geometry":{"type":"LineString","coordinates":[[139.6267,35.9008],[139.623,35.9059],[139.6176,35.9202],[139.6162,35.9277],[139.6165,35.934],[139.6247,35.9781],[139.6238,35.9869],[139.6201,35.9955],[139.6162,36.0008],[139.6116,36.0051],[139.5196,36.0768],[139.4551,36.1144],[139.4422,36.1203],[139.3605,36.1501],[139.3508,36.1519],[139.3172,36.1545],[139.31,36.156],[139.3022,36.159],[139.1399,36.2381],[139.0767,36.2728],[139.0302,36.2924],[139.0237,36.2972],[139.018,36.3039],[139.0148,36.311],[139.0133,36.3199]]}},{"type":"Feature","properties":{"daily_trains":93.0,"path_trains":81.71},"geometry":{"type":"LineString","coordinates":[[137.2186,36.6993],[137.198,36.7076],[137.1909,36.7133],[137.1872,36.7153],[137.1772,36.7188],[137.1687,36.7205],[137.0986,36.7284],[137.0859,36.7274],[137.0673,36.7218],[137.0558,36.7205],[137.0467,36.7211],[137.0274,36.7254],[137.012,36.7269],[137.0052,36.727],[136.9985,36.7262],[136.9919,36.7246],[136.9627,36.7139],[136.9263,36.6927],[136.8999,36.6747],[136.8925,36.6715],[136.8853,36.6696],[136.877,36.6687],[136.8663,36.6693],[136.826,36.6796],[136.7986,36.6835],[136.7903,36.6836],[136.7849,36.683],[136.7783,36.6816],[136.7716,36.6792],[136.762,36.6735],[136.756,36.6676],[136.7472,36.6562],[136.7254,36.6376],[136.6993,36.6207],[136.678,36.6013],[136.6692,36.5906],[136.6529,36.5828],[136.6507,36.5812],[136.6365,36.5633],[136.6207,36.5527],[136.5739,36.5296],[136.5561,36.5223],[136.5201,36.4974],[136.4968,36.4712],[136.4827,36.4471],[136.4776,36.4419],[136.4638,36.4311],[136.4582,36.4242],[136.4554,36.4187],[136.4538,36.4133],[136.4523,36.3921],[136.4504,36.3851],[136.4483,36.3806],[136.4393,36.3667],[136.432,36.3507],[136.4251,36.3429],[136.406,36.3305],[136.3958,36.3261],[136.3849,36.3241],[136.3673,36.3238],[136.3617,36.3231],[136.3409,36.3175],[136.3333,36.3146],[136.326,36.3094],[136.313,36.2943],[136.304,36.2861],[136.2606,36.2609],[136.2545,36.2562],[136.2491,36.2498],[136.2413,36.2369],[136.2377,36.2296],[136.2357,36.2225],[136.2355,36.2128],[136.2362,36.2068],[136.252,36.1587],[136.2531,36.149],[136.2517,36.1413],[136.2462,36.1286],[136.2446,36.1234],[136.2442,36.1173],[136.2455,36.0983],[136.2443,36.0923],[136.2418,36.0876],[136.2348,36.0785],[136.2323,36.0693],[136.2247,36.0634],[136.2187,36.0554],[136.2178,36.0533],[136.2187,36.033],[136.2234,36.0187],[136.2243,36.0105],[136.2234,36.004],[136.2167,35.982],[136.2155,35.976],[136.2154,35.9707],[136.2178,35.948],[136.2168,35.9395],[136.214,35.9327],[136.2075,35.9226],[136.2049,35.9173],[136.1936,35.8754],[136.191,35.8682],[136.186,35.8597],[136.1737,35.8436],[136.169,35.8352],[136.1111,35.6862],[136.0969,35.66],[136.0933,35.6564],[136.087,35.6526],[136.0838,35.65]]}},{"type":"Feature","properties":{"daily_trains":85.7,"path_trains":53.36},"geometry":{"type":"LineString","coordinates":[[138.8475,36.3625],[138.8367,36.3637],[138.8279,36.3672],[138.8218,36.3714],[138.8125,36.3807],[138.8071,36.3851],[138.8009,36.3886],[138.7922,36.3917],[138.7833,36.3933],[138.728,36.3981],[138.7202,36.3981],[138.7127,36.3971],[138.7044,36.3946],[138.6856,36.3868],[138.6787,36.3835],[138.6743,36.3804],[138.6691,36.3748],[138.6523,36.3478],[138.6505,36.3457],[138.6476,36.3438],[138.6418,36.3424],[138.6061,36.3433],[138.5748,36.3387],[138.5661,36.3364],[138.5553,36.331],[138.5431,36.321],[138.5362,36.3161],[138.527,36.3116],[138.5091,36.3045],[138.4784,36.2845],[138.4582,36.2753],[138.4523,36.2733],[138.4437,36.2719],[138.4354,36.272],[138.4269,36.2736],[138.4177,36.2774],[138.3439,36.3223],[138.2839,36.3557],[138.2795,36.359],[138.2749,36.364],[138.2667,36.3797],[138.2618,36.3857],[138.2459,36.3997],[138.23,36.4089],[138.2216,36.4162],[138.2167,36.4233],[138.2131,36.4318],[138.2117,36.4363],[138.2083,36.455],[138.2065,36.4596],[138.203,36.4653],[138.1987,36.47],[138.1416,36.52],[138.1355,36.5273],[138.1322,36.5339],[138.1306,36.5434],[138.1309,36.5547],[138.1316,36.5596],[138.1483,36.6031],[138.1531,36.6217],[138.1554,36.6255],[138.1587,36.6283],[138.1738,36.6369],[138.1816,36.6389],[138.186,36.6411],[138.206,36.6549],[138.2471,36.6806],[138.2671,36.6982],[138.2727,36.7024],[138.301,36.7201],[138.3187,36.7283],[138.3275,36.7344],[138.3323,36.7396],[138.3365,36.7466],[138.3383,36.7524],[138.3403,36.7656],[138.3437,36.774],[138.349,36.781],[138.363,36.7924],[138.3687,36.7991],[138.3727,36.8075],[138.3737,36.8119],[138.374,36.8174],[138.3723,36.826],[138.3676,36.8347],[138.3068,36.9074],[138.3025,36.9136],[138.2996,36.92],[138.2976,36.9296],[138.2961,36.9649],[138.3036,37.0151],[138.3023,37.0239],[138.2991,37.031],[138.2848,37.0507],[138.2802,37.0557],[138.2755,37.0597],[138.2594,37.0709],[138.2397,37.0896],[138.2197,37.1036],[138.2104,37.1078],[138.2024,37.1101],[138.1895,37.1117],[138.1779,37.1111],[138.1184,37.1008],[138.1026,37.0989],[138.0584,37.0913],[137.9872,37.084],[137.9588,37.0789],[137.9531,37.0772],[137.9469,37.0743],[137.9249,37.0596],[137.9153,37.055],[137.907,37.0529],[137.8843,37.0496],[137.8512,37.0402],[137.8234,37.0295],[137.8041,37.0206],[137.7711,37.0134],[137.7356,37.0001],[137.6484,36.9731],[137.5214,36.9099],[137.5107,36.9037],[137.5062,36.8996],[137.4952,36.8873],[137.471,36.8645],[137.4569,36.8484],[137.4525,36.8416],[137.4259,36.7941],[137.4197,36.7864],[137.4113,36.7803],[137.372,36.7588],[137.3181,36.7195],[137.3109,36.7158],[137.3047,36.7136],[137.2977,36.7122],[137.2915,36.7117],[137.2799,36.7127],[137.258,36.7181],[137.25,36.7179],[137.2454,36.7163],[137.2413,36.7133],[137.2391,36.7104],[137.2355,36.7034],[137.2327,36.7006],[137.2293,36.6991],[137.2236,36.6983],[137.2186,36.6993]]}},{"type":"Feature","properties":{"daily_trains":85.0,"path_trains":85.0},"geometry":{"type":"LineString","coordinates":[[138.8475,36.3625],[138.8542,36.363],[138.888,36.3683],[138.9399,36.3793],[138.9508,36.3798],[138.9593,36.3786],[138.9661,36.3767],[138.9728,36.3737],[138.9896,36.364],[138.9967,36.3585],[139.0057,36.3475],[139.0093,36.3417],[139.0114,36.3355],[139.0126,36.3266]]}},{"type":"Feature","properties":{"daily_trains":23.0,"path_trains":384.14},"geometry":{"type":"LineString","coordinates":[[139.6202,35.9135],[139.6185,35.9178]]}},{"type":"Feature","properties":{"daily_trains":85.0,"path_trains":156.86},"geometry":{"type":"LineString","coordinates":[[139.0126,36.3266],[139.013,36.3212],[139.0125,36.3266]]}},{"type":"Feature","properties":{"daily_trains":33.1,"path_trains":33.14},"geometry":{"type":"LineString","coordinates":[[140.3068,38.757],[140.3082,38.7462],[140.3068,38.734],[140.3085,38.7315],[140.315,38.7267],[140.316,38.7249],[140.3161,38.7208],[140.3139,38.7142],[140.3137,38.7064],[140.3162,38.7005],[140.316,38.6929],[140.3167,38.6903],[140.3236,38.6836],[140.3338,38.6818],[140.3542,38.675],[140.3566,38.6733],[140.3573,38.6693],[140.3603,38.6663],[140.361,38.6647],[140.36,38.6578],[140.3635,38.6506],[140.3708,38.6321],[140.3735,38.6157],[140.3726,38.6],[140.3876,38.5789],[140.3905,38.5719],[140.3919,38.5378],[140.3874,38.5268],[140.3876,38.5168],[140.3843,38.4987],[140.3861,38.4825],[140.3867,38.4688],[140.3741,38.3823],[140.3657,38.3411],[140.3638,38.3365],[140.3502,38.3208],[140.3486,38.3179],[140.3418,38.2909],[140.3433,38.2816],[140.3431,38.2796],[140.3418,38.2776],[140.3338,38.2711],[140.3327,38.2683],[140.3329,38.2591],[140.3322,38.2568],[140.3132,38.2221],[140.3117,38.2208],[140.3083,38.2196],[140.307,38.2181],[140.2996,38.1931],[140.3003,38.1879],[140.2999,38.1844],[140.3017,38.1789],[140.3014,38.1758],[140.3007,38.1743],[140.2986,38.1723],[140.2975,38.1698],[140.2957,38.1682],[140.2917,38.1666],[140.2888,38.1637],[140.2856,38.162],[140.271,38.1413],[140.2592,38.1318],[140.2567,38.131],[140.2428,38.1297],[140.2285,38.1304],[140.2232,38.1297],[140.2209,38.1287],[140.2173,38.1222],[140.2163,38.1169],[140.2096,38.1051],[140.21,38.0982],[140.2092,38.0961],[140.1914,38.0882],[140.1827,38.0707],[140.1771,38.066],[140.175,38.0605],[140.1683,38.0548],[140.166,38.0537],[140.1638,38.0538],[140.1576,38.0571],[140.1555,38.0575],[140.1529,38.057],[140.1512,38.0554],[140.1463,38.0357],[140.1536,38.015],[140.1521,37.9726],[140.133,37.9368],[140.1256,37.9311],[140.1245,37.921],[140.1421,37.8678],[140.143,37.8665],[140.1522,37.8612],[140.1563,37.8578],[140.1598,37.8568],[140.1645,37.8575],[140.1668,37.8569],[140.1685,37.8557],[140.1701,37.8533],[140.1738,37.8516],[140.1766,37.8478],[140.178,37.8468],[140.1848,37.8455],[140.1891,37.8421],[140.1933,37.8423],[140.1951,37.8417],[140.1998,37.8385],[140.2014,37.8345],[140.2026,37.8333],[140.2066,37.8318],[140.2139,37.8269],[140.2163,37.8246],[140.2207,37.8242],[140.2223,37.8234],[140.2238,37.8217],[140.2252,37.8183],[140.2287,37.8165],[140.2313,37.8137],[140.2349,37.8128],[140.239,37.8103],[140.2586,37.8055],[140.2637,37.8076],[140.2667,37.8107],[140.273,37.8131],[140.2766,37.8155],[140.2849,37.8177],[140.2965,37.8153],[140.3086,37.8055],[140.3103,37.8048],[140.3136,37.8046],[140.3191,37.8032],[140.3316,37.8063],[140.3401,37.8057],[140.3545,37.8028],[140.3612,37.7984],[140.3669,37.7981],[140.3722,37.7964],[140.3801,37.7906],[140.3809,37.7891],[140.3808,37.7862],[140.3792,37.7845],[140.3752,37.7824],[140.3743,37.7804],[140.3758,37.7775],[140.3817,37.7733],[140.4195,37.7669],[140.4561,37.7616],[140.4583,37.7601],[140.4586,37.7575]]}},{"type":"Feature","properties":{"daily_trains":36.0,"path_trains":36.0},"geometry":{"type":"LineString","coordinates":[[141.1317,39.7057],[141.1294,39.7073],[141.1264,39.7081],[141.0858,39.7155],[141.0768,39.7141],[141.0605,39.7054],[141.0527,39.7032],[141.0439,39.7042],[141.036,39.7093],[141.0129,39.7102],[140.9978,39.7041],[140.9857,39.6892],[140.9839,39.688],[140.9808,39.6879],[140.9552,39.6934],[140.9338,39.6932],[140.9248,39.6909],[140.9219,39.6891],[140.9104,39.6857],[140.9028,39.6843],[140.8995,39.6822],[140.8962,39.6776],[140.8929,39.6756],[140.8891,39.6747],[140.886,39.673],[140.8807,39.6723],[140.8703,39.6671],[140.8664,39.666],[140.8643,39.6666],[140.8596,39.6696],[140.854,39.67],[140.8486,39.6728],[140.8442,39.6738],[140.8405,39.6755],[140.7839,39.6861],[140.7824,39.687],[140.78,39.6905],[140.777,39.6927],[140.7758,39.695],[140.7742,39.6963],[140.7712,39.6975],[140.7672,39.6974],[140.7572,39.7013],[140.7521,39.7017],[140.7483,39.701],[140.7445,39.7013],[140.7379,39.6993],[140.7302,39.7022],[140.7233,39.7009],[140.7191,39.6982],[140.7101,39.6898],[140.7049,39.6833],[140.7032,39.6802],[140.7004,39.6776],[140.6994,39.6755],[140.6902,39.6668],[140.6846,39.6637],[140.676,39.6624],[140.674,39.6612],[140.6732,39.6595],[140.6736,39.6553],[140.6732,39.6538],[140.6669,39.6499],[140.6642,39.6451],[140.6611,39.6426],[140.6609,39.6394],[140.6599,39.6373],[140.6554,39.6332],[140.6493,39.6319],[140.6,39.6116],[140.5881,39.6057],[140.5751,39.5979],[140.5596,39.5722],[140.5536,39.5588],[140.5379,39.5429],[140.5344,39.5283],[140.5327,39.5249],[140.5075,39.4967],[140.4764,39.4731],[140.4756,39.471],[140.4765,39.4688]]}},{"type":"Feature","properties":{"daily_trains":36.0,"path_trains":36.0},"geometry":{"type":"LineString","coordinates":[[140.1295,39.7101],[140.1297,39.7079],[140.1437,39.6789],[140.1451,39.6602],[140.1457,39.6583],[140.1481,39.6567],[140.163,39.6506],[140.1772,39.6464],[140.1796,39.6463],[140.1845,39.6477],[140.1889,39.6476],[140.1953,39.6492],[140.227,39.6515],[140.2428,39.6554],[140.2451,39.6552],[140.2511,39.6526],[140.2545,39.6526],[140.2629,39.6559],[140.2783,39.666],[140.283,39.6658],[140.2891,39.6668],[140.2953,39.666],[140.299,39.6641],[140.3001,39.663],[140.3011,39.6599],[140.3053,39.6547],[140.312,39.6495],[140.3125,39.6462],[140.3098,39.6345],[140.31,39.6324],[140.3217,39.6181],[140.3273,39.6082],[140.3266,39.6032],[140.3243,39.5975],[140.3247,39.5963],[140.3277,39.5923],[140.3278,39.5898],[140.3266,39.5881],[140.3218,39.5845],[140.3207,39.5823],[140.3208,39.5798],[140.3236,39.5759],[140.3211,39.57],[140.3219,39.5676],[140.324,39.5664],[140.3319,39.5651],[140.3547,39.5588],[140.3713,39.5487],[140.3788,39.5438],[140.3818,39.5411],[140.4,39.513],[140.4018,39.5111],[140.4308,39.4926],[140.4341,39.4918],[140.4502,39.4915],[140.4534,39.4905],[140.4765,39.4688]]}},{"type":"Feature","properties":{"daily_trains":39.0,"path_trains":39.0},"geometry":{"type":"LineString","coordinates":[[130.0161,33.1924],[130.011,33.1889],[130.0067,33.1839],[129.9979,33.1678],[129.9943,33.1569],[129.9935,33.1481],[129.9942,33.1313],[129.9984,33.1127],[129.999,33.1077],[129.9985,33.1011],[129.9963,33.0941],[129.9929,33.0882],[129.988,33.0826],[129.9671,33.0669],[129.9619,33.0622],[129.9569,33.0556],[129.9538,33.0485],[129.9524,33.0417],[129.9525,33.0346],[129.9597,33.0091],[129.9602,32.9999],[129.9579,32.9907],[129.9505,32.9777],[129.9477,32.9714],[129.9462,32.9653],[129.946,32.9594],[129.9468,32.9539],[129.9483,32.9494],[129.9588,32.9299],[129.9607,32.9228],[129.9627,32.9195],[129.9792,32.9033],[129.986,32.8982],[129.9938,32.8941],[130.0176,32.8849],[130.0234,32.8816],[130.0285,32.8776],[130.0337,32.8715],[130.0372,32.865],[130.0415,32.8503],[130.0414,32.8471],[130.0401,32.845],[130.0338,32.8387],[130.0252,32.8267],[130.0177,32.8197],[130.0105,32.8151],[129.9756,32.7968],[129.9647,32.7923],[129.9535,32.7897],[129.9086,32.7866],[129.897,32.784],[129.8892,32.7804],[129.8822,32.7753],[129.8739,32.7663],[129.8697,32.759]]}},{"type":"Feature","properties":{"daily_trains":85.0,"path_trains":156.86},"geometry":{"type":"LineString","coordinates":[[139.0133,36.3199],[139.0126,36.3266]]}},{"type":"Feature","properties":{"daily_trains":23.0,"path_trains":384.14},"geometry":{"type":"LineString","coordinates":[[139.6267,35.9008],[139.624,35.9048],[139.6202,35.9135]]}},{"type":"Feature","properties":{"daily_trains":106.1,"path_trains":299.43},"geometry":{"type":"LineString","coordinates":[[138.341,34.9021],[138.3476,34.9087]]}},{"type":"Feature","properties":{"daily_trains":17.0,"path_trains":27.0},"geometry":{"type":"LineString","coordinates":[[140.3233,41.3286],[140.312,41.3413]]}},{"type":"Feature","properties":{"daily_trains":23.0,"path_trains":384.14},"geometry":{"type":"LineString","coordinates":[[139.6185,35.9178],[139.6202,35.9135]]}},{"type":"Feature","properties":{"daily_trains":85.0,"path_trains":156.86},"geometry":{"type":"LineString","coordinates":[[139.0125,36.3266],[139.0133,36.3199]]}},{"type":"Feature","properties":{"daily_trains":23.0,"path_trains":384.14},"geometry":{"type":"LineString","coordinates":[[139.6267,35.9008],[139.624,35.9048],[139.6202,35.9135]]}},{"type":"Feature","properties":{"daily_trains":160.9,"path_trains":154.79},"geometry":{"type":"LineString","coordinates":[[121.6011,25.0523],[121.5817,25.0492],[121.5695,25.0491],[121.5581,25.0452],[121.5535,25.0444],[121.5463,25.045],[121.5357,25.0448],[121.5111,25.0483],[121.5093,25.0466],[121.5062,25.0356],[121.5052,25.0341],[121.4965,25.0329],[121.4901,25.0277],[121.481,25.0255],[121.4641,25.0135],[121.4556,25.0044],[121.4527,25.0037],[121.4358,25.0047],[121.4272,25.0037],[121.4225,25.0038],[121.405,25.0064],[121.3952,25.0091],[121.387,25.0127],[121.3143,25.0535],[121.3022,25.0577],[121.2907,25.0594],[121.2775,25.0586],[121.2652,25.0553],[121.2551,25.0501],[121.2482,25.0449],[121.2318,25.0298],[121.1676,24.9657],[121.1563,24.9584],[121.115,24.9399],[121.1063,24.9341],[121.0975,24.9254],[121.0581,24.8648],[121.0541,24.8577],[121.0501,24.847],[121.0438,24.8227],[121.0366,24.7944],[121.0319,24.7716],[121.0267,24.76],[121.019,24.75],[121.0134,24.745],[121.0075,24.7408],[120.9628,24.7154],[120.956,24.7109],[120.9494,24.7056],[120.9426,24.6988],[120.9374,24.6924],[120.9152,24.6593],[120.9072,24.6505],[120.8989,24.6436],[120.8906,24.6381],[120.8589,24.6204],[120.8039,24.596],[120.7952,24.591],[120.7896,24.5866],[120.7722,24.5681],[120.739,24.5274],[120.7108,24.4794],[120.7077,24.4731],[120.7039,24.4623],[120.677,24.3505],[120.6718,24.2959],[120.6706,24.2893],[120.6677,24.2807],[120.6644,24.2739],[120.6483,24.2539],[120.6446,24.2477],[120.6417,24.2411],[120.6392,24.2307],[120.6376,24.2119],[120.6363,24.2045],[120.6239,24.169],[120.6215,24.1595],[120.6186,24.14],[120.6128,24.0799],[120.6112,24.0728],[120.6059,24.0562],[120.6039,24.0412],[120.6045,24.0276],[120.6124,23.9729],[120.6156,23.9341],[120.6154,23.9263],[120.6145,23.92],[120.6108,23.9086],[120.6052,23.8986],[120.6003,23.8925],[120.5941,23.8865],[120.5834,23.8792],[120.5558,23.8626],[120.536,23.8537],[120.5255,23.8501],[120.4764,23.8394],[120.4689,23.837],[120.4571,23.831],[120.4515,23.8269],[120.4465,23.8222],[120.4397,23.8135],[120.4343,23.8026],[120.4243,23.7579],[120.408,23.7162],[120.4031,23.7088],[120.3461,23.634],[120.3393,23.6216],[120.3352,23.6085],[120.3339,23.6],[120.3318,23.5681],[120.3277,23.5384],[120.3204,23.3839],[120.3226,23.3714],[120.3346,23.3368],[120.3371,23.3279],[120.3462,23.2797],[120.3464,23.2687],[120.3441,23.258],[120.3388,23.2472],[120.2882,23.1842],[120.2832,23.1753],[120.2804,23.1671],[120.2768,23.1464],[120.2766,23.136],[120.2776,23.1292],[120.2845,23.1025],[120.2866,23.0913],[120.2894,23.0238],[120.2884,23.0159],[120.2864,23.0084],[120.2744,22.9818],[120.2728,22.9749],[120.272,22.9669],[120.2728,22.9569],[120.2759,22.946],[120.3017,22.8944],[120.3056,22.8851],[120.3166,22.83],[120.3198,22.8223],[120.3279,22.8066],[120.355,22.7497],[120.3584,22.7379],[120.3589,22.731],[120.3586,22.7163],[120.3576,22.7127],[120.3554,22.7096],[120.352,22.7071],[120.3476,22.7059],[120.3279,22.7064],[120.3257,22.7059],[120.3236,22.7045],[120.3186,22.6979],[120.3129,22.6923]]}},{"type":"Feature","properties":{"daily_trains":36.0,"path_trains":21.0},"geometry":{"type":"LineString","coordinates":[[100.6616,5.0391],[100.6927,5.0393],[100.7083,5.0346],[100.7113,5.0328],[100.7198,5.0256],[100.7288,5.016],[100.7343,5.0067],[100.7355,5.0],[100.733,4.9812],[100.7262,4.9609],[100.7166,4.9237],[100.7207,4.8833],[100.7215,4.8802],[100.727,4.8671],[100.7316,4.8628],[100.7343,4.8581],[100.7337,4.8548],[100.7292,4.8489],[100.7278,4.8391],[100.7283,4.8363],[100.7378,4.8246],[100.739,4.8176],[100.7419,4.8084],[100.7454,4.802],[100.7631,4.7876],[100.7981,4.7766],[100.8014,4.7762],[100.8333,4.776],[100.8421,4.7785],[100.8496,4.7794],[100.8634,4.7769],[100.8737,4.7723],[100.8828,4.7711],[100.8928,4.7731],[100.8991,4.7734],[100.9038,4.7766],[100.9061,4.7772],[100.9205,4.775],[100.928,4.7745],[100.933,4.7768],[100.9348,4.7785],[100.936,4.7899],[100.9379,4.7965],[100.9411,4.8011],[100.9473,4.8063],[100.9497,4.8095],[100.9516,4.8153],[100.952,4.8275],[100.9534,4.8307],[100.9556,4.8334],[100.9592,4.8358],[100.971,4.8403],[100.9823,4.8434],[100.9962,4.8454],[101.0003,4.8446],[101.0158,4.8387],[101.0182,4.837],[101.0248,4.8297],[101.035,4.8234],[101.0401,4.8229],[101.0491,4.8261],[101.056,4.8259],[101.0642,4.8229],[101.0739,4.8168],[101.0776,4.8134],[101.082,4.8068],[101.0889,4.8008],[101.1034,4.7769],[101.1108,4.7705],[101.1124,4.7682],[101.1212,4.747],[101.1224,4.7185],[101.1231,4.7152],[101.1261,4.71],[101.1352,4.7023],[101.1392,4.697],[101.1415,4.6896],[101.1411,4.6833],[101.14,4.6796],[101.1379,4.6757],[101.0948,4.619],[101.0905,4.6115],[101.0873,4.6099],[101.081,4.6105],[101.0779,4.6086],[101.0765,4.607],[101.075,4.6014],[101.0717,4.5945],[101.0702,4.5859],[101.067,4.5802],[101.0555,4.5524],[101.0421,4.4809],[101.042,4.4779],[101.0432,4.4708],[101.0479,4.4631],[101.0593,4.4382],[101.0883,4.3861],[101.1132,4.3525],[101.1219,4.3398],[101.144,4.3105],[101.1581,4.2991],[101.1606,4.2956],[101.1636,4.2881],[101.1646,4.28],[101.1684,4.2736],[101.1689,4.2649],[101.1752,4.2512],[101.1771,4.232],[101.1858,4.1858],[101.1896,4.1784],[101.1887,4.1681],[101.1902,4.1629],[101.2081,4.1417],[101.2231,4.1318],[101.2378,4.1233],[101.2419,4.1201],[101.2506,4.1113],[101.2619,4.106],[101.2654,4.1036],[101.2675,4.1011],[101.2689,4.098],[101.2722,4.0821],[101.2845,4.0503],[101.2855,4.0339],[101.291,4.0186],[101.2942,4.0137],[101.3053,4.0014],[101.3167,3.9712],[101.3301,3.9486],[101.3377,3.9405],[101.3396,3.9339],[101.3436,3.9246],[101.3459,3.9141],[101.3478,3.9097],[101.3511,3.906],[101.3604,3.8997],[101.3651,3.8941],[101.3699,3.8909],[101.377,3.8879],[101.3805,3.8839],[101.3818,3.8803],[101.3818,3.8767],[101.3809,3.8737],[101.3782,3.8686],[101.3775,3.8646],[101.379,3.8564],[101.3805,3.8532],[101.3833,3.8502],[101.3878,3.8477],[101.3901,3.8458],[101.404,3.8244],[101.4128,3.8153],[101.4234,3.8018],[101.4295,3.7967],[101.4318,3.7938],[101.4351,3.7857],[101.4363,3.7693],[101.4359,3.7625],[101.4378,3.7574],[101.4452,3.751],[101.4543,3.7398],[101.4554,3.7373],[101.456,3.7321],[101.4578,3.729],[101.4677,3.7235],[101.4746,3.7166],[101.4824,3.7139],[101.4951,3.7066],[101.5259,3.6777],[101.5397,3.6583],[101.553,3.6465],[101.5583,3.6399],[101.562,3.6333],[101.5723,3.6211],[101.5779,3.6172],[101.5868,3.609],[101.5921,3.6016],[101.5951,3.6],[101.6009,3.5987],[101.6031,3.5969],[101.6124,3.5832],[101.614,3.5743],[101.6176,3.5697],[101.6254,3.5638],[101.6362,3.5593],[101.6388,3.5564],[101.6398,3.5506],[101.6395,3.5482],[101.6364,3.543],[101.6338,3.534],[101.6301,3.528],[101.6287,3.5184],[101.6293,3.5159],[101.6325,3.5112],[101.6354,3.4925],[101.6396,3.4822],[101.6397,3.4792],[101.6374,3.4653],[101.6399,3.4531],[101.6381,3.442],[101.6368,3.4381],[101.6264,3.4248],[101.6249,3.422],[101.6249,3.4193],[101.6268,3.4146],[101.6281,3.4073],[101.6283,3.3953],[101.6277,3.3915],[101.6252,3.3868],[101.6071,3.369],[101.5924,3.364],[101.5837,3.3626],[101.5765,3.3631],[101.574,3.362],[101.572,3.3594],[101.5714,3.3571],[101.5727,3.3373],[101.5718,3.3346],[101.5694,3.3313],[101.569,3.3294],[101.5695,3.3275],[101.5749,3.3195],[101.5751,3.2967],[101.5726,3.2904],[101.5648,3.2793],[101.5622,3.2768],[101.5618,3.2739],[101.5601,3.271],[101.5589,3.2661],[101.5548,3.2582],[101.5546,3.2551],[101.5552,3.2522],[101.5605,3.2437],[101.5597,3.231],[101.5621,3.2249],[101.5681,3.2169],[101.5772,3.2071],[101.5824,3.2055],[101.5871,3.2027],[101.594,3.2006],[101.6006,3.2011],[101.6068,3.1995],[101.6109,3.2011],[101.6185,3.2081],[101.6277,3.2087],[101.6306,3.2083],[101.6332,3.2069],[101.6421,3.1978],[101.658,3.1907],[101.6676,3.1838],[101.6736,3.1817],[101.6789,3.178],[101.6834,3.1736],[101.6863,3.1686],[101.6897,3.1666],[101.6919,3.1639],[101.6938,3.1562],[101.6909,3.1513],[101.6907,3.1492],[101.6912,3.1467],[101.6938,3.1433],[101.6942,3.1415],[101.6932,3.1382],[101.6848,3.1339],[101.679,3.1268],[101.6781,3.1231],[101.6796,3.116],[101.6805,3.1144],[101.6824,3.113],[101.6885,3.1118],[101.7088,3.0954],[101.7101,3.0931],[101.7111,3.0871],[101.7122,3.0861],[101.7149,3.0852],[101.7158,3.0838],[101.715,3.0797],[101.7102,3.0753],[101.7087,3.0709],[101.7069,3.0568],[101.7066,3.048],[101.7087,3.0391],[101.7083,3.0342],[101.7091,3.032],[101.7132,3.0283],[101.7184,3.0189],[101.723,3.0146],[101.7275,3.0058],[101.7336,3.0033],[101.7411,2.9957],[101.7442,2.9936],[101.7483,2.9922],[101.7619,2.9906],[101.7649,2.9916],[101.7697,2.9952],[101.7736,2.9959],[101.7887,2.9898],[101.7902,2.9882],[101.7903,2.968],[101.7928,2.958],[101.7861,2.9426],[101.7871,2.9403],[101.7943,2.9341],[101.7938,2.9274],[101.7958,2.9234],[101.7968,2.9161],[101.7943,2.9083],[101.7927,2.907],[101.7872,2.9053],[101.7849,2.9012],[101.7848,2.899],[101.7861,2.8971],[101.7936,2.8929],[101.8014,2.886],[101.8087,2.8843],[101.8153,2.8786],[101.8192,2.8679],[101.8193,2.8635],[101.8249,2.8442],[101.8276,2.8406],[101.8283,2.8388],[101.8256,2.8266],[101.8212,2.8232],[101.814,2.8152],[101.8096,2.813],[101.7979,2.8002],[101.7962,2.7968],[101.7964,2.7927],[101.8052,2.7679],[101.8112,2.76],[101.8158,2.757],[101.8815,2.7386],[101.8847,2.7386],[101.8895,2.741],[101.8917,2.741],[101.8935,2.7398],[101.8958,2.735],[101.9015,2.7277],[101.9037,2.7259],[101.9067,2.7252],[101.916,2.7255],[101.921,2.7231],[101.9252,2.7241],[101.9276,2.7228],[101.9396,2.7195],[101.9502,2.7121],[101.9532,2.7058],[101.9548,2.704],[101.9691,2.6956],[101.9706,2.6935],[101.9765,2.6793],[101.9814,2.6762],[101.9843,2.6727],[101.9895,2.6701],[101.9934,2.6634],[101.9976,2.6591],[102.0033,2.6575],[102.0079,2.6546],[102.0141,2.6555],[102.0231,2.654],[102.0263,2.652],[102.0331,2.6437],[102.0402,2.6376],[102.0434,2.6364],[102.0498,2.6361],[102.0578,2.6344],[102.0641,2.63],[102.0727,2.6256],[102.0831,2.6122],[102.1088,2.5698],[102.1279,2.5575],[102.136,2.55],[102.1623,2.5291],[102.1645,2.5265],[102.1783,2.4926],[102.1833,2.4585],[102.186,2.4545],[102.1895,2.4524],[102.194,2.4521],[102.1983,2.454],[102.2008,2.4569],[102.2055,2.4673],[102.2079,2.4692],[102.2116,2.4702],[102.2157,2.4694],[102.23,2.4614],[102.237,2.4594],[102.2618,2.4592],[102.2701,2.4577],[102.2774,2.4585],[102.3145,2.4539],[102.3694,2.4628],[102.3851,2.461],[102.4022,2.4646],[102.4053,2.466],[102.413,2.4725],[102.4214,2.4766],[102.4248,2.4775],[102.43,2.4777],[102.4344,2.4794],[102.4403,2.4856],[102.4449,2.4924],[102.4498,2.4965],[102.4529,2.4977],[102.467,2.5006],[102.4804,2.5068],[102.488,2.5132],[102.4973,2.5327],[102.5191,2.5587],[102.522,2.5607],[102.5521,2.5744],[102.5599,2.5805],[102.5842,2.5831],[102.5871,2.5816],[102.5896,2.5778],[102.5913,2.5765],[102.5985,2.5754],[102.6229,2.582],[102.6506,2.5853],[102.6615,2.5836],[102.6758,2.5842],[102.6821,2.5832],[102.6896,2.5838],[102.7198,2.5781],[102.7223,2.5767],[102.7308,2.5688],[102.7528,2.5564],[102.7646,2.5483],[102.7669,2.5456],[102.7692,2.5404],[102.7721,2.5373],[102.7748,2.5356],[102.7823,2.5326],[102.7994,2.5181],[102.807,2.5158],[102.8108,2.5096],[102.817,2.5042],[102.8449,2.4901],[102.8472,2.4893],[102.8569,2.4881],[102.8683,2.4911],[102.8794,2.4898],[102.8932,2.4851],[102.9036,2.4765],[102.9076,2.4744],[102.9145,2.4737],[102.9245,2.4715],[102.9317,2.4724],[102.9442,2.4719],[102.9611,2.4629],[102.9786,2.4503],[102.992,2.4382],[103.0037,2.4142],[103.0101,2.4036],[103.0122,2.3927],[103.0137,2.3896],[103.0169,2.3855],[103.0547,2.3577],[103.0639,2.3468],[103.1048,2.3182],[103.1162,2.3143],[103.1193,2.3122],[103.1379,2.2827],[103.1433,2.2726],[103.1511,2.2547],[103.1513,2.2508],[103.1506,2.2439],[103.1521,2.2391],[103.1801,2.2005],[103.1957,2.1853],[103.1981,2.1842],[103.2124,2.1802],[103.2159,2.178],[103.225,2.1666],[103.2273,2.1574],[103.2285,2.1546],[103.2374,2.1443],[103.2419,2.1412],[103.2547,2.1368],[103.2585,2.1338],[103.2604,2.1303],[103.2641,2.114],[103.2702,2.1063],[103.2739,2.0979],[103.2851,2.0868],[103.3134,2.0457],[103.3176,2.0319],[103.3269,1.9908],[103.3455,1.9513],[103.3637,1.9299],[103.3756,1.9219],[103.3782,1.9192],[103.3839,1.9099],[103.3969,1.8976],[103.4082,1.8757],[103.4163,1.8538],[103.4188,1.8502],[103.4314,1.8416],[103.442,1.8334],[103.4557,1.8247],[103.461,1.8219],[103.4702,1.8183],[103.4903,1.8002],[103.4923,1.7964],[103.4962,1.7669],[103.4971,1.7639],[103.4996,1.7589],[103.5071,1.7487],[103.5106,1.7355],[103.5207,1.7197],[103.5241,1.7166],[103.5448,1.7049],[103.5604,1.6913],[103.5708,1.6851],[103.5945,1.6659],[103.6041,1.6617],[103.6072,1.6591],[103.6138,1.6507],[103.6429,1.6248],[103.6454,1.622],[103.6476,1.6156],[103.6487,1.6002],[103.6503,1.5952],[103.6538,1.5904],[103.6676,1.5785],[103.6725,1.5699],[103.6778,1.5673],[103.6864,1.5653],[103.6922,1.5616],[103.6937,1.5594],[103.6952,1.554],[103.7009,1.5438],[103.7026,1.5419],[103.7071,1.5398],[103.7119,1.5405],[103.7144,1.5402],[103.7331,1.5307],[103.736,1.5246],[103.7408,1.5186],[103.7429,1.5132],[103.7569,1.4926],[103.7573,1.4902],[103.7555,1.4845],[103.7551,1.4768],[103.7573,1.4721],[103.7608,1.4678]]}},{"type":"Feature","properties":{"daily_trains":26.0,"path_trains":12.0},"geometry":{"type":"LineString","coordinates":[[100.6616,5.0391],[100.6492,5.0417],[100.641,5.0415],[100.5932,5.045],[100.5886,5.0448],[100.5811,5.0421],[100.5475,5.0197],[100.5438,5.0186],[100.5402,5.0185],[100.5338,5.0206],[100.5312,5.0227],[100.5289,5.0257],[100.4947,5.0905],[100.4825,5.1484],[100.4802,5.1556],[100.4796,5.1889],[100.4808,5.1929],[100.4907,5.2115],[100.4918,5.218],[100.4786,5.278],[100.4787,5.2805],[100.4829,5.2914],[100.4831,5.2939],[100.4704,5.3229],[100.4698,5.3419],[100.4653,5.3558],[100.4668,5.3589],[100.4729,5.4059],[100.4773,5.4177],[100.4872,5.433],[100.4892,5.4376],[100.4964,5.465],[100.4959,5.4718],[100.4963,5.4759],[100.5077,5.5189],[100.5075,5.5227],[100.5005,5.5479],[100.493,5.5933],[100.4932,5.5976],[100.4968,5.6135],[100.4968,5.617],[100.4896,5.6348],[100.4892,5.6377],[100.496,5.677],[100.5088,5.6971],[100.5142,5.7177],[100.5144,5.7206],[100.5027,5.752],[100.4952,5.7673],[100.4899,5.7812],[100.4829,5.796],[100.4791,5.8121],[100.4769,5.8374],[100.4768,5.8915],[100.4584,5.9403],[100.3668,6.1034],[100.367,6.1072],[100.3793,6.1343],[100.3805,6.1382],[100.3784,6.1747],[100.3769,6.18],[100.3707,6.1896],[100.3692,6.1935],[100.3444,6.3139],[100.3421,6.3182],[100.2784,6.4036],[100.254,6.474],[100.2534,6.503],[100.26,6.5421],[100.2591,6.5704],[100.2621,6.5811],[100.2632,6.5928],[100.2633,6.6067],[100.2657,6.6224],[100.2674,6.626],[100.2701,6.6291],[100.2943,6.6471],[100.297,6.6486],[100.3027,6.6505],[100.3153,6.6589]]}},{"type":"Feature","properties":{"daily_trains":14.0,"path_trains":14.0},"geometry":{"type":"LineString","coordinates":[[100.3719,5.3887],[100.3737,5.3872],[100.4045,5.3712],[100.4265,5.3626],[100.4314,5.3626],[100.4424,5.367],[100.4565,5.3648],[100.4594,5.3628],[100.4655,5.3546],[100.4678,5.349]]}},{"type":"Feature","properties":{"daily_trains":62.0,"path_trains":62.0},"geometry":{"type":"LineString","coordinates":[[106.8912,-6.2435],[106.8937,-6.2429],[106.8962,-6.2438],[106.9029,-6.2522],[106.9053,-6.2544],[106.9119,-6.2577],[106.916,-6.2587],[106.9579,-6.2568],[106.964,-6.2551],[106.9737,-6.2497],[106.9769,-6.249],[106.9805,-6.2493],[106.9914,-6.254],[107.0369,-6.2698],[107.0552,-6.2778],[107.09,-6.2884],[107.0991,-6.292],[107.1585,-6.3261],[107.1648,-6.3293],[107.1854,-6.3373],[107.193,-6.3418],[107.201,-6.348],[107.2273,-6.3724],[107.2335,-6.3775],[107.2629,-6.3958],[107.2699,-6.4013],[107.3721,-6.4887],[107.3814,-6.4946],[107.4004,-6.5045],[107.4069,-6.5095],[107.415,-6.5187],[107.4198,-6.5273],[107.4232,-6.5379],[107.4243,-6.5487],[107.4229,-6.5604],[107.4177,-6.579],[107.4139,-6.5872],[107.401,-6.608],[107.3983,-6.6152],[107.3967,-6.6227],[107.3964,-6.6355],[107.4043,-6.6786],[107.4057,-6.7116],[107.4076,-6.7199],[107.4119,-6.7318],[107.4359,-6.7809],[107.4425,-6.7924],[107.4468,-6.7978],[107.4513,-6.8018],[107.4563,-6.8048],[107.4689,-6.8108],[107.4766,-6.8162],[107.4827,-6.823],[107.4909,-6.8362],[107.5071,-6.8518],[107.5135,-6.8607],[107.517,-6.8682],[107.5183,-6.8724],[107.5193,-6.8806],[107.5214,-6.8863],[107.525,-6.891],[107.5303,-6.8953],[107.5326,-6.8978],[107.5357,-6.9047],[107.5426,-6.9138],[107.5451,-6.9246],[107.5469,-6.9292],[107.5606,-6.9484],[107.5642,-6.9516],[107.5812,-6.9608],[107.5862,-6.9623],[107.616,-6.9606],[107.6266,-6.964],[107.639,-6.9656],[107.6496,-6.9645],[107.6666,-6.9676],[107.6974,-6.9708],[107.7021,-6.9702],[107.7088,-6.9669]]}}]}