{"type":"FeatureCollection","features":[{"type":"Feature","properties":{"country":"China","name":"广州南","daily_stops":937.6},"geometry":{"type":"Point","coordinates":[113.264,22.9914]}},{"type":"Feature","properties":{"country":"China","name":"郑州东","daily_stops":845.4},"geometry":{"type":"Point","coordinates":[113.7733,34.7602]}},{"type":"Feature","properties":{"country":"China","name":"南京南","daily_stops":778.7},"geometry":{"type":"Point","coordinates":[118.7931,31.9708]}},{"type":"Feature","properties":{"country":"China","name":"深圳北","daily_stops":756.7},"geometry":{"type":"Point","coordinates":[114.0239,22.612]}},{"type":"Feature","properties":{"country":"China","name":"上海虹桥","daily_stops":699.1},"geometry":{"type":"Point","coordinates":[121.3162,31.196]}},{"type":"Feature","properties":{"country":"China","name":"长沙南","daily_stops":605.6},"geometry":{"type":"Point","coordinates":[113.0599,28.1501]}},{"type":"Feature","properties":{"country":"China","name":"杭州东","daily_stops":595.3},"geometry":{"type":"Point","coordinates":[120.2082,30.2935]}},{"type":"Feature","properties":{"country":"China","name":"成都东","daily_stops":572.0},"geometry":{"type":"Point","coordinates":[104.1389,30.6313]}},{"type":"Feature","properties":{"country":"China","name":"西安北","daily_stops":561.0},"geometry":{"type":"Point","coordinates":[108.934,34.3777]}},{"type":"Feature","properties":{"country":"China","name":"北京南","daily_stops":505.6},"geometry":{"type":"Point","coordinates":[116.3724,39.8635]}},{"type":"Feature","properties":{"country":"China","name":"武汉","daily_stops":441.7},"geometry":{"type":"Point","coordinates":[114.4189,30.6099]}},{"type":"Feature","properties":{"country":"China","name":"合肥南","daily_stops":439.9},"geometry":{"type":"Point","coordinates":[117.2849,31.8003]}},{"type":"Feature","properties":{"country":"China","name":"济南西","daily_stops":427.7},"geometry":{"type":"Point","coordinates":[116.886,36.6688]}},{"type":"Feature","properties":{"country":"China","name":"徐州东","daily_stops":403.6},"geometry":{"type":"Point","coordinates":[117.3002,34.2692]}},{"type":"Feature","properties":{"country":"China","name":"贵阳北","daily_stops":396.0},"geometry":{"type":"Point","coordinates":[106.6725,26.6228]}},{"type":"Feature","properties":{"country":"China","name":"南宁东","daily_stops":394.4},"geometry":{"type":"Point","coordinates":[108.4099,22.8448]}},{"type":"Feature","properties":{"country":"China","name":"石家庄","daily_stops":394.3},"geometry":{"type":"Point","coordinates":[114.4781,38.0095]}},{"type":"Feature","properties":{"country":"China","name":"南昌西","daily_stops":380.9},"geometry":{"type":"Point","coordinates":[115.7877,28.6257]}},{"type":"Feature","properties":{"country":"China","name":"汉口","daily_stops":363.4},"geometry":{"type":"Point","coordinates":[114.2494,30.6217]}},{"type":"Feature","properties":{"country":"China","name":"广州东","daily_stops":344.7},"geometry":{"type":"Point","coordinates":[113.3196,23.1537]}},{"type":"Feature","properties":{"country":"China","name":"厦门北","daily_stops":326.9},"geometry":{"type":"Point","coordinates":[118.0686,24.6397]}},{"type":"Feature","properties":{"country":"China","name":"潮汕","daily_stops":293.0},"geometry":{"type":"Point","coordinates":[116.5828,23.5424]}},{"type":"Feature","properties":{"country":"China","name":"广州新塘","daily_stops":292.9},"geometry":{"type":"Point","coordinates":[113.6005,23.1368]}},{"type":"Feature","properties":{"country":"China","name":"太原南","daily_stops":281.0},"geometry":{"type":"Point","coordinates":[112.6048,37.7913]}},{"type":"Feature","properties":{"country":"China","name":"莆田","daily_stops":279.1},"geometry":{"type":"Point","coordinates":[119.0571,25.3539]}},{"type":"Feature","properties":{"country":"China","name":"汕尾","daily_stops":277.7},"geometry":{"type":"Point","coordinates":[115.4237,22.8132]}},{"type":"Feature","properties":{"country":"China","name":"芜湖","daily_stops":276.3},"geometry":{"type":"Point","coordinates":[118.386,31.3498]}},{"type":"Feature","properties":{"country":"China","name":"福州南","daily_stops":275.1},"geometry":{"type":"Point","coordinates":[119.3867,25.9893]}},{"type":"Feature","properties":{"country":"China","name":"福州","daily_stops":274.4},"geometry":{"type":"Point","coordinates":[119.3156,26.1168]}},{"type":"Feature","properties":{"country":"China","name":"温州南","daily_stops":270.0},"geometry":{"type":"Point","coordinates":[120.5816,27.9693]}},{"type":"Feature","properties":{"country":"China","name":"重庆西","daily_stops":268.4},"geometry":{"type":"Point","coordinates":[106.4322,29.503]}},{"type":"Feature","properties":{"country":"China","name":"苏州","daily_stops":266.3},"geometry":{"type":"Point","coordinates":[120.6067,31.3319]}},{"type":"Feature","properties":{"country":"China","name":"杭州西","daily_stops":264.0},"geometry":{"type":"Point","coordinates":[119.9821,30.3008]}},{"type":"Feature","properties":{"country":"China","name":"无锡","daily_stops":259.3},"geometry":{"type":"Point","coordinates":[120.3018,31.5898]}},{"type":"Feature","properties":{"country":"China","name":"北京西","daily_stops":252.3},"geometry":{"type":"Point","coordinates":[116.3151,39.8937]}},{"type":"Feature","properties":{"country":"China","name":"上海","daily_stops":251.3},"geometry":{"type":"Point","coordinates":[121.4512,31.2516]}},{"type":"Feature","properties":{"country":"China","name":"天津西","daily_stops":250.7},"geometry":{"type":"Point","coordinates":[117.1571,39.1574]}},{"type":"Feature","properties":{"country":"China","name":"衡阳东","daily_stops":248.6},"geometry":{"type":"Point","coordinates":[112.7045,26.8997]}},{"type":"Feature","properties":{"country":"China","name":"虎门","daily_stops":244.0},"geometry":{"type":"Point","coordinates":[113.6683,22.8632]}},{"type":"Feature","properties":{"country":"China","name":"常州","daily_stops":239.9},"geometry":{"type":"Point","coordinates":[119.9682,31.7867]}},{"type":"Feature","properties":{"country":"China","name":"佛山西","daily_stops":239.1},"geometry":{"type":"Point","coordinates":[113.0283,23.082]}},{"type":"Feature","properties":{"country":"China","name":"济南东","daily_stops":232.3},"geometry":{"type":"Point","coordinates":[117.1539,36.7485]}},{"type":"Feature","properties":{"country":"China","name":"广州","daily_stops":231.6},"geometry":{"type":"Point","coordinates":[113.2523,23.1526]}},{"type":"Feature","properties":{"country":"China","name":"广州白云","daily_stops":230.3},"geometry":{"type":"Point","coordinates":[113.2405,23.194]}},{"type":"Feature","properties":{"country":"China","name":"昆山南","daily_stops":229.3},"geometry":{"type":"Point","coordinates":[120.9465,31.3551]}},{"type":"Feature","properties":{"country":"China","name":"沈阳北","daily_stops":226.7},"geometry":{"type":"Point","coordinates":[123.4294,41.8173]}},{"type":"Feature","properties":{"country":"China","name":"黄山北","daily_stops":221.4},"geometry":{"type":"Point","coordinates":[118.2673,29.8183]}},{"type":"Feature","properties":{"country":"China","name":"重庆北","daily_stops":221.3},"geometry":{"type":"Point","coordinates":[106.5473,29.6123]}},{"type":"Feature","properties":{"country":"China","name":"怀化南","daily_stops":221.1},"geometry":{"type":"Point","coordinates":[109.9888,27.5155]}},{"type":"Feature","properties":{"country":"China","name":"洛阳龙门","daily_stops":218.3},"geometry":{"type":"Point","coordinates":[112.4527,34.5943]}},{"type":"Feature","properties":{"country":"China","name":"香港西九龙","daily_stops":214.7},"geometry":{"type":"Point","coordinates":[114.1649,22.3037]}},{"type":"Feature","properties":{"country":"China","name":"沈阳","daily_stops":214.1},"geometry":{"type":"Point","coordinates":[123.3879,41.7924]}},{"type":"Feature","properties":{"country":"China","name":"郴州西","daily_stops":213.3},"geometry":{"type":"Point","coordinates":[112.9645,25.7391]}},{"type":"Feature","properties":{"country":"China","name":"昆明南","daily_stops":212.7},"geometry":{"type":"Point","coordinates":[102.8604,24.8734]}},{"type":"Feature","properties":{"country":"China","name":"青岛北","daily_stops":211.3},"geometry":{"type":"Point","coordinates":[120.3681,36.1692]}},{"type":"Feature","properties":{"country":"China","name":"上饶","daily_stops":208.9},"geometry":{"type":"Point","coordinates":[118.0031,28.4941]}},{"type":"Feature","properties":{"country":"China","name":"德州东","daily_stops":208.6},"geometry":{"type":"Point","coordinates":[116.4558,37.4089]}},{"type":"Feature","properties":{"country":"China","name":"漳州","daily_stops":208.4},"geometry":{"type":"Point","coordinates":[117.7113,24.4598]}},{"type":"Feature","properties":{"country":"China","name":"惠州北","daily_stops":204.1},"geometry":{"type":"Point","coordinates":[114.3753,23.1829]}},{"type":"Feature","properties":{"country":"China","name":"兰州西","daily_stops":201.4},"geometry":{"type":"Point","coordinates":[103.7493,36.0676]}},{"type":"Feature","properties":{"country":"China","name":"肇庆东","daily_stops":197.1},"geometry":{"type":"Point","coordinates":[112.6581,23.2174]}},{"type":"Feature","properties":{"country":"China","name":"天津","daily_stops":195.9},"geometry":{"type":"Point","coordinates":[117.2037,39.1358]}},{"type":"Feature","properties":{"country":"China","name":"宁波","daily_stops":195.7},"geometry":{"type":"Point","coordinates":[121.5327,29.8646]}},{"type":"Feature","properties":{"country":"China","name":"蚌埠南","daily_stops":192.6},"geometry":{"type":"Point","coordinates":[117.4368,32.9037]}},{"type":"Feature","properties":{"country":"China","name":"汕头","daily_stops":191.0},"geometry":{"type":"Point","coordinates":[116.7524,23.3747]}},{"type":"Feature","properties":{"country":"China","name":"淮安东","daily_stops":188.1},"geometry":{"type":"Point","coordinates":[119.1825,33.5704]}},{"type":"Feature","properties":{"country":"China","name":"深圳","daily_stops":186.9},"geometry":{"type":"Point","coordinates":[114.1121,22.5343]}},{"type":"Feature","properties":{"country":"China","name":"嘉兴南","daily_stops":186.1},"geometry":{"type":"Point","coordinates":[120.7955,30.6933]}},{"type":"Feature","properties":{"country":"China","name":"娄底南","daily_stops":184.1},"geometry":{"type":"Point","coordinates":[112.0085,27.6663]}},{"type":"Feature","properties":{"country":"China","name":"岳阳东","daily_stops":180.6},"geometry":{"type":"Point","coordinates":[113.2023,29.369]}},{"type":"Feature","properties":{"country":"China","name":"湖州","daily_stops":179.6},"geometry":{"type":"Point","coordinates":[120.0176,30.8651]}},{"type":"Feature","properties":{"country":"China","name":"珠海","daily_stops":178.7},"geometry":{"type":"Point","coordinates":[113.5439,22.2181]}},{"type":"Feature","properties":{"country":"China","name":"长春","daily_stops":178.0},"geometry":{"type":"Point","coordinates":[125.3177,43.9088]}},{"type":"Feature","properties":{"country":"China","name":"北京朝阳","daily_stops":177.4},"geometry":{"type":"Point","coordinates":[116.5024,39.9433]}},{"type":"Feature","properties":{"country":"China","name":"襄阳东","daily_stops":177.0},"geometry":{"type":"Point","coordinates":[112.2904,32.0164]}},{"type":"Feature","properties":{"country":"China","name":"镇江","daily_stops":174.4},"geometry":{"type":"Point","coordinates":[119.427,32.1997]}},{"type":"Feature","properties":{"country":"China","name":"上海南","daily_stops":174.1},"geometry":{"type":"Point","coordinates":[121.4249,31.155]}},{"type":"Feature","properties":{"country":"China","name":"宣城","daily_stops":172.9},"geometry":{"type":"Point","coordinates":[118.7693,30.9497]}},{"type":"Feature","properties":{"country":"China","name":"保定东","daily_stops":172.4},"geometry":{"type":"Point","coordinates":[115.5957,38.8635]}},{"type":"Feature","properties":{"country":"China","name":"阜阳西","daily_stops":171.7},"geometry":{"type":"Point","coordinates":[115.7476,32.8849]}},{"type":"Feature","properties":{"country":"China","name":"广元","daily_stops":169.6},"geometry":{"type":"Point","coordinates":[105.818,32.4527]}},{"type":"Feature","properties":{"country":"China","name":"连云港","daily_stops":169.4},"geometry":{"type":"Point","coordinates":[119.1578,34.6101]}},{"type":"Feature","properties":{"country":"China","name":"韶关","daily_stops":169.3},"geometry":{"type":"Point","coordinates":[113.509,24.7535]}},{"type":"Feature","properties":{"country":"China","name":"汉中","daily_stops":169.0},"geometry":{"type":"Point","coordinates":[107.0255,33.0929]}},{"type":"Feature","properties":{"country":"China","name":"泉州","daily_stops":168.9},"geometry":{"type":"Point","coordinates":[118.5632,24.9759]}},{"type":"Feature","properties":{"country":"China","name":"曲阜东","daily_stops":168.4},"geometry":{"type":"Point","coordinates":[117.0643,35.5565]}},{"type":"Feature","properties":{"country":"China","name":"福田","daily_stops":167.1},"geometry":{"type":"Point","coordinates":[114.0512,22.5413]}},{"type":"Feature","properties":{"country":"China","name":"哈尔滨","daily_stops":164.0},"geometry":{"type":"Point","coordinates":[126.6254,45.76]}},{"type":"Feature","properties":{"country":"China","name":"张家口","daily_stops":163.9},"geometry":{"type":"Point","coordinates":[114.8766,40.7495]}},{"type":"Feature","properties":{"country":"China","name":"哈尔滨西","daily_stops":163.7},"geometry":{"type":"Point","coordinates":[126.5723,45.7051]}},{"type":"Feature","properties":{"country":"China","name":"绵阳","daily_stops":163.4},"geometry":{"type":"Point","coordinates":[104.7146,31.4621]}},{"type":"Feature","properties":{"country":"China","name":"张家港","daily_stops":162.3},"geometry":{"type":"Point","coordinates":[120.6692,31.8194]}},{"type":"Feature","properties":{"country":"China","name":"济南","daily_stops":161.0},"geometry":{"type":"Point","coordinates":[116.9852,36.6708]}},{"type":"Feature","properties":{"country":"China","name":"商丘","daily_stops":160.1},"geometry":{"type":"Point","coordinates":[115.6519,34.4461]}},{"type":"Feature","properties":{"country":"China","name":"东莞南","daily_stops":159.4},"geometry":{"type":"Point","coordinates":[114.0635,22.8481]}},{"type":"Feature","properties":{"country":"China","name":"苏州北","daily_stops":159.3},"geometry":{"type":"Point","coordinates":[120.6389,31.4237]}},{"type":"Feature","properties":{"country":"China","name":"宜昌东","daily_stops":158.6},"geometry":{"type":"Point","coordinates":[111.3649,30.6604]}},{"type":"Feature","properties":{"country":"China","name":"新乡东","daily_stops":157.7},"geometry":{"type":"Point","coordinates":[113.9729,35.3147]}},{"type":"Feature","properties":{"country":"China","name":"柳州","daily_stops":155.4},"geometry":{"type":"Point","coordinates":[109.3833,24.3106]}},{"type":"Feature","properties":{"country":"China","name":"大同南","daily_stops":155.0},"geometry":{"type":"Point","coordinates":[113.3581,40.0436]}},{"type":"Feature","properties":{"country":"China","name":"惠阳","daily_stops":151.6},"geometry":{"type":"Point","coordinates":[114.4879,22.7866]}},{"type":"Feature","properties":{"country":"China","name":"宝鸡南","daily_stops":149.3},"geometry":{"type":"Point","coordinates":[107.2279,34.3356]}},{"type":"Feature","properties":{"country":"China","name":"普宁","daily_stops":149.1},"geometry":{"type":"Point","coordinates":[116.1946,23.2694]}},{"type":"Feature","properties":{"country":"China","name":"张家界西","daily_stops":148.7},"geometry":{"type":"Point","coordinates":[110.458,29.1714]}},{"type":"Feature","properties":{"country":"China","name":"吉林","daily_stops":148.4},"geometry":{"type":"Point","coordinates":[126.5715,43.8563]}},{"type":"Feature","properties":{"country":"China","name":"信阳东","daily_stops":148.1},"geometry":{"type":"Point","coordinates":[114.1544,32.1459]}},{"type":"Feature","properties":{"country":"China","name":"唐山","daily_stops":147.0},"geometry":{"type":"Point","coordinates":[118.1117,39.6242]}},{"type":"Feature","properties":{"country":"China","name":"长春西","daily_stops":146.9},"geometry":{"type":"Point","coordinates":[125.1939,43.8749]}},{"type":"Feature","properties":{"country":"China","name":"荆州","daily_stops":146.3},"geometry":{"type":"Point","coordinates":[112.2074,30.3726]}},{"type":"Feature","properties":{"country":"China","name":"赣州西","daily_stops":146.3},"geometry":{"type":"Point","coordinates":[114.8109,25.8233]}},{"type":"Feature","properties":{"country":"China","name":"青岛","daily_stops":146.0},"geometry":{"type":"Point","coordinates":[120.3075,36.0631]}},{"type":"Feature","properties":{"country":"China","name":"小榄","daily_stops":145.9},"geometry":{"type":"Point","coordinates":[113.2646,22.6506]}},{"type":"Feature","properties":{"country":"China","name":"宜兴","daily_stops":145.1},"geometry":{"type":"Point","coordinates":[119.8087,31.3143]}},{"type":"Feature","properties":{"country":"China","name":"金华","daily_stops":143.3},"geometry":{"type":"Point","coordinates":[119.6312,29.1143]}},{"type":"Feature","properties":{"country":"China","name":"东莞","daily_stops":143.0},"geometry":{"type":"Point","coordinates":[113.8544,23.0912]}},{"type":"Feature","properties":{"country":"China","name":"遵义","daily_stops":142.7},"geometry":{"type":"Point","coordinates":[106.9444,27.6677]}},{"type":"Feature","properties":{"country":"China","name":"清河","daily_stops":142.4},"geometry":{"type":"Point","coordinates":[116.3091,40.04]}},{"type":"Feature","properties":{"country":"China","name":"常州北","daily_stops":142.1},"geometry":{"type":"Point","coordinates":[119.9507,31.8561]}},{"type":"Feature","properties":{"country":"China","name":"呼和浩特东","daily_stops":141.6},"geometry":{"type":"Point","coordinates":[111.7582,40.8497]}},{"type":"Feature","properties":{"country":"China","name":"天水南","daily_stops":139.3},"geometry":{"type":"Point","coordinates":[105.8523,34.551]}},{"type":"Feature","properties":{"country":"China","name":"梧州南","daily_stops":139.0},"geometry":{"type":"Point","coordinates":[111.2173,23.3956]}},{"type":"Feature","properties":{"country":"China","name":"郑州","daily_stops":136.6},"geometry":{"type":"Point","coordinates":[113.6537,34.7475]}},{"type":"Feature","properties":{"country":"China","name":"日照西","daily_stops":135.4},"geometry":{"type":"Point","coordinates":[119.4142,35.3903]}},{"type":"Feature","properties":{"country":"China","name":"德阳","daily_stops":135.1},"geometry":{"type":"Point","coordinates":[104.3864,31.1684]}},{"type":"Feature","properties":{"country":"China","name":"潍坊","daily_stops":135.0},"geometry":{"type":"Point","coordinates":[119.0915,36.6961]}},{"type":"Feature","properties":{"country":"China","name":"扬州东","daily_stops":134.4},"geometry":{"type":"Point","coordinates":[119.5233,32.4066]}},{"type":"Feature","properties":{"country":"China","name":"沧州西","daily_stops":133.4},"geometry":{"type":"Point","coordinates":[116.762,38.3063]}},{"type":"Feature","properties":{"country":"China","name":"贵阳东","daily_stops":132.1},"geometry":{"type":"Point","coordinates":[106.7407,26.6676]}},{"type":"Feature","properties":{"country":"China","name":"无锡东","daily_stops":132.1},"geometry":{"type":"Point","coordinates":[120.4555,31.5988]}},{"type":"Feature","properties":{"country":"China","name":"盐城","daily_stops":130.7},"geometry":{"type":"Point","coordinates":[120.1796,33.3747]}},{"type":"Feature","properties":{"country":"China","name":"六安","daily_stops":130.4},"geometry":{"type":"Point","coordinates":[116.4945,31.717]}},{"type":"Feature","properties":{"country":"China","name":"苏州南","daily_stops":130.0},"geometry":{"type":"Point","coordinates":[120.7949,31.0656]}},{"type":"Feature","properties":{"country":"China","name":"义乌","daily_stops":129.6},"geometry":{"type":"Point","coordinates":[120.0387,29.3808]}},{"type":"Feature","properties":{"country":"China","name":"淄博","daily_stops":127.0},"geometry":{"type":"Point","coordinates":[118.0503,36.7868]}},{"type":"Feature","properties":{"country":"China","name":"三亚","daily_stops":126.9},"geometry":{"type":"Point","coordinates":[109.4887,18.2987]}},{"type":"Feature","properties":{"country":"China","name":"郑州航空港","daily_stops":126.7},"geometry":{"type":"Point","coordinates":[113.9269,34.4892]}},{"type":"Feature","properties":{"country":"China","name":"株洲西","daily_stops":126.4},"geometry":{"type":"Point","coordinates":[113.0628,27.7939]}},{"type":"Feature","properties":{"country":"China","name":"常熟","daily_stops":124.7},"geometry":{"type":"Point","coordinates":[120.7761,31.6992]}},{"type":"Feature","properties":{"country":"China","name":"太仓","daily_stops":123.4},"geometry":{"type":"Point","coordinates":[121.1917,31.5136]}},{"type":"Feature","properties":{"country":"China","name":"南京","daily_stops":123.1},"geometry":{"type":"Point","coordinates":[118.7917,32.0887]}},{"type":"Feature","properties":{"country":"China","name":"绍兴北","daily_stops":123.1},"geometry":{"type":"Point","coordinates":[120.5345,30.1022]}},{"type":"Feature","properties":{"country":"China","name":"安庆","daily_stops":123.0},"geometry":{"type":"Point","coordinates":[117.0601,30.5515]}},{"type":"Feature","properties":{"country":"China","name":"海口东","daily_stops":122.4},"geometry":{"type":"Point","coordinates":[110.3379,19.9856]}},{"type":"Feature","properties":{"country":"China","name":"中山","daily_stops":121.0},"geometry":{"type":"Point","coordinates":[113.4282,22.5467]}},{"type":"Feature","properties":{"country":"China","name":"乐山","daily_stops":120.9},"geometry":{"type":"Point","coordinates":[103.7097,29.6046]}},{"type":"Feature","properties":{"country":"China","name":"余姚北","daily_stops":120.0},"geometry":{"type":"Point","coordinates":[121.1637,30.1008]}},{"type":"Feature","properties":{"country":"China","name":"吉安西","daily_stops":119.7},"geometry":{"type":"Point","coordinates":[114.9284,27.1395]}},{"type":"Feature","properties":{"country":"China","name":"桂林北","daily_stops":119.6},"geometry":{"type":"Point","coordinates":[110.2982,25.3315]}},{"type":"Feature","properties":{"country":"China","name":"承德南","daily_stops":119.6},"geometry":{"type":"Point","coordinates":[117.9583,40.8828]}},{"type":"Feature","properties":{"country":"China","name":"淮南南","daily_stops":118.3},"geometry":{"type":"Point","coordinates":[117.0359,32.5443]}},{"type":"Feature","properties":{"country":"China","name":"银川","daily_stops":118.3},"geometry":{"type":"Point","coordinates":[106.1686,38.4917]}},{"type":"Feature","properties":{"country":"China","name":"厦门","daily_stops":116.9},"geometry":{"type":"Point","coordinates":[118.1111,24.4703]}},{"type":"Feature","properties":{"country":"China","name":"邯郸东","daily_stops":116.7},"geometry":{"type":"Point","coordinates":[114.5532,36.6198]}},{"type":"Feature","properties":{"country":"China","name":"天津南","daily_stops":116.3},"geometry":{"type":"Point","coordinates":[117.0545,39.0561]}},{"type":"Feature","properties":{"country":"China","name":"深圳坪山","daily_stops":114.0},"geometry":{"type":"Point","coordinates":[114.3222,22.7104]}},{"type":"Feature","properties":{"country":"China","name":"驻马店西","daily_stops":113.6},"geometry":{"type":"Point","coordinates":[113.9726,33.0026]}},{"type":"Feature","properties":{"country":"China","name":"秦皇岛","daily_stops":113.6},"geometry":{"type":"Point","coordinates":[119.5863,39.9649]}},{"type":"Feature","properties":{"country":"China","name":"丹阳","daily_stops":113.4},"geometry":{"type":"Point","coordinates":[119.5885,32.004]}},{"type":"Feature","properties":{"country":"China","name":"贵港","daily_stops":112.3},"geometry":{"type":"Point","coordinates":[109.6091,23.1028]}},{"type":"Feature","properties":{"country":"China","name":"萍乡北","daily_stops":110.4},"geometry":{"type":"Point","coordinates":[113.8423,27.6875]}},{"type":"Feature","properties":{"country":"China","name":"乌兰察布","daily_stops":110.0},"geometry":{"type":"Point","coordinates":[113.1524,40.9633]}},{"type":"Feature","properties":{"country":"China","name":"漯河西","daily_stops":109.9},"geometry":{"type":"Point","coordinates":[113.9576,33.5744]}},{"type":"Feature","properties":{"country":"China","name":"宿州东","daily_stops":109.7},"geometry":{"type":"Point","coordinates":[117.2458,33.6772]}},{"type":"Feature","properties":{"country":"China","name":"东莞西","daily_stops":109.1},"geometry":{"type":"Point","coordinates":[113.6202,23.0111]}},{"type":"Feature","properties":{"country":"China","name":"湘潭北","daily_stops":109.1},"geometry":{"type":"Point","coordinates":[112.9369,27.9688]}},{"type":"Feature","properties":{"country":"China","name":"咸宁北","daily_stops":109.1},"geometry":{"type":"Point","coordinates":[114.2958,29.9016]}},{"type":"Feature","properties":{"country":"China","name":"南阳东","daily_stops":108.9},"geometry":{"type":"Point","coordinates":[112.6559,32.9527]}},{"type":"Feature","properties":{"country":"China","name":"北京北","daily_stops":108.6},"geometry":{"type":"Point","coordinates":[116.3462,39.9459]}},{"type":"Feature","properties":{"country":"China","name":"大连北","daily_stops":108.4},"geometry":{"type":"Point","coordinates":[121.6024,39.0157]}},{"type":"Feature","properties":{"country":"China","name":"华山北","daily_stops":108.4},"geometry":{"type":"Point","coordinates":[110.093,34.5832]}},{"type":"Feature","properties":{"country":"China","name":"南宁","daily_stops":108.3},"geometry":{"type":"Point","coordinates":[108.3108,22.8302]}},{"type":"Feature","properties":{"country":"China","name":"鹰潭北","daily_stops":108.1},"geometry":{"type":"Point","coordinates":[117.0339,28.3088]}},{"type":"Feature","properties":{"country":"China","name":"景德镇北","daily_stops":108.0},"geometry":{"type":"Point","coordinates":[117.2376,29.3416]}},{"type":"Feature","properties":{"country":"China","name":"南平市","daily_stops":107.4},"geometry":{"type":"Point","coordinates":[118.0885,27.4759]}},{"type":"Feature","properties":{"country":"China","name":"潍坊北","daily_stops":107.3},"geometry":{"type":"Point","coordinates":[119.1894,36.7958]}},{"type":"Feature","properties":{"country":"China","name":"河源东","daily_stops":107.0},"geometry":{"type":"Point","coordinates":[114.7328,23.6861]}},{"type":"Feature","properties":{"country":"China","name":"安顺西","daily_stops":106.3},"geometry":{"type":"Point","coordinates":[105.8723,26.2021]}},{"type":"Feature","properties":{"country":"China","name":"上海松江","daily_stops":105.6},"geometry":{"type":"Point","coordinates":[121.2262,30.9845]}},{"type":"Feature","properties":{"country":"China","name":"海安","daily_stops":104.9},"geometry":{"type":"Point","coordinates":[120.5,32.5493]}},{"type":"Feature","properties":{"country":"China","name":"湛江北","daily_stops":103.9},"geometry":{"type":"Point","coordinates":[110.3533,21.2211]}},{"type":"Feature","properties":{"country":"China","name":"马鞍山东","daily_stops":103.7},"geometry":{"type":"Point","coordinates":[118.5361,31.6946]}},{"type":"Feature","properties":{"country":"China","name":"周口东","daily_stops":103.0},"geometry":{"type":"Point","coordinates":[114.7407,33.6468]}},{"type":"Feature","properties":{"country":"China","name":"新郑机场","daily_stops":102.9},"geometry":{"type":"Point","coordinates":[113.8474,34.5272]}},{"type":"Feature","properties":{"country":"China","name":"运城北","daily_stops":102.9},"geometry":{"type":"Point","coordinates":[110.9784,35.0997]}},{"type":"Feature","properties":{"country":"China","name":"安阳东","daily_stops":102.6},"geometry":{"type":"Point","coordinates":[114.448,36.0841]}},{"type":"Feature","properties":{"country":"China","name":"江门","daily_stops":102.3},"geometry":{"type":"Point","coordinates":[113.0653,22.491]}},{"type":"Feature","properties":{"country":"China","name":"延平","daily_stops":102.0},"geometry":{"type":"Point","coordinates":[118.268,26.5938]}},{"type":"Feature","properties":{"country":"China","name":"都匀东","daily_stops":102.0},"geometry":{"type":"Point","coordinates":[107.5813,26.1704]}},{"type":"Feature","properties":{"country":"China","name":"内江北","daily_stops":102.0},"geometry":{"type":"Point","coordinates":[105.0822,29.6124]}},{"type":"Feature","properties":{"country":"China","name":"惠州南","daily_stops":101.4},"geometry":{"type":"Point","coordinates":[114.4532,23.0004]}},{"type":"Feature","properties":{"country":"China","name":"烟台","daily_stops":101.3},"geometry":{"type":"Point","coordinates":[121.3775,37.5476]}},{"type":"Feature","properties":{"country":"China","name":"温岭","daily_stops":101.0},"geometry":{"type":"Point","coordinates":[121.3208,28.4822]}},{"type":"Feature","properties":{"country":"China","name":"贺州","daily_stops":100.0},"geometry":{"type":"Point","coordinates":[111.5341,24.4572]}},{"type":"Feature","properties":{"country":"China","name":"渭南北","daily_stops":99.9},"geometry":{"type":"Point","coordinates":[109.4759,34.5369]}},{"type":"Feature","properties":{"country":"China","name":"开封","daily_stops":99.9},"geometry":{"type":"Point","coordinates":[114.3491,34.772]}},{"type":"Feature","properties":{"country":"China","name":"常平","daily_stops":99.7},"geometry":{"type":"Point","coordinates":[114.0004,22.9872]}},{"type":"Feature","properties":{"country":"China","name":"龙岩","daily_stops":99.0},"geometry":{"type":"Point","coordinates":[117.0006,25.1]}},{"type":"Feature","properties":{"country":"China","name":"溧水","daily_stops":99.0},"geometry":{"type":"Point","coordinates":[119.091,31.6813]}},{"type":"Feature","properties":{"country":"China","name":"许昌东","daily_stops":98.9},"geometry":{"type":"Point","coordinates":[113.882,34.05]}},{"type":"Feature","properties":{"country":"China","name":"宜春","daily_stops":98.0},"geometry":{"type":"Point","coordinates":[114.4315,27.7915]}},{"type":"Feature","properties":{"country":"China","name":"泰安","daily_stops":97.9},"geometry":{"type":"Point","coordinates":[117.0293,36.1719]}},{"type":"Feature","properties":{"country":"China","name":"鞍山西","daily_stops":96.7},"geometry":{"type":"Point","coordinates":[122.909,41.1164]}},{"type":"Feature","properties":{"country":"China","name":"衢州","daily_stops":96.6},"geometry":{"type":"Point","coordinates":[118.8761,28.927]}},{"type":"Feature","properties":{"country":"China","name":"包头","daily_stops":96.0},"geometry":{"type":"Point","coordinates":[109.8302,40.6041]}},{"type":"Feature","properties":{"country":"China","name":"四平东","daily_stops":96.0},"geometry":{"type":"Point","coordinates":[124.4329,43.1358]}},{"type":"Feature","properties":{"country":"China","name":"青岛西","daily_stops":95.6},"geometry":{"type":"Point","coordinates":[119.9505,35.9024]}},{"type":"Feature","properties":{"country":"China","name":"焦作","daily_stops":95.1},"geometry":{"type":"Point","coordinates":[113.2287,35.2226]}},{"type":"Feature","properties":{"country":"China","name":"茂名南","daily_stops":95.1},"geometry":{"type":"Point","coordinates":[110.98,21.6015]}},{"type":"Feature","properties":{"country":"China","name":"诸暨","daily_stops":94.3},"geometry":{"type":"Point","coordinates":[120.1795,29.7292]}},{"type":"Feature","properties":{"country":"China","name":"临沂北","daily_stops":94.0},"geometry":{"type":"Point","coordinates":[118.3748,35.1965]}},{"type":"Feature","properties":{"country":"China","name":"平顶山西","daily_stops":93.9},"geometry":{"type":"Point","coordinates":[113.0807,33.8185]}},{"type":"Feature","properties":{"country":"China","name":"定西北","daily_stops":93.7},"geometry":{"type":"Point","coordinates":[104.5834,35.6068]}},{"type":"Feature","properties":{"country":"China","name":"潮阳","daily_stops":93.7},"geometry":{"type":"Point","coordinates":[116.4174,23.3834]}},{"type":"Feature","properties":{"country":"China","name":"江油","daily_stops":93.4},"geometry":{"type":"Point","coordinates":[104.7675,31.7834]}},{"type":"Feature","properties":{"country":"China","name":"桂林","daily_stops":92.9},"geometry":{"type":"Point","coordinates":[110.2772,25.2643]}},{"type":"Feature","properties":{"country":"China","name":"美兰","daily_stops":92.9},"geometry":{"type":"Point","coordinates":[110.457,19.9444]}},{"type":"Feature","properties":{"country":"China","name":"镇江南","daily_stops":92.7},"geometry":{"type":"Point","coordinates":[119.4186,32.1544]}},{"type":"Feature","properties":{"country":"China","name":"常德","daily_stops":92.6},"geometry":{"type":"Point","coordinates":[111.6894,29.0746]}},{"type":"Feature","properties":{"country":"China","name":"长沙","daily_stops":92.6},"geometry":{"type":"Point","coordinates":[113.0088,28.1972]}},{"type":"Feature","properties":{"country":"China","name":"来宾北","daily_stops":92.4},"geometry":{"type":"Point","coordinates":[109.241,23.7546]}},{"type":"Feature","properties":{"country":"China","name":"眉山东","daily_stops":92.3},"geometry":{"type":"Point","coordinates":[103.8195,30.0696]}},{"type":"Feature","properties":{"country":"China","name":"凯里南","daily_stops":91.4},"geometry":{"type":"Point","coordinates":[107.8838,26.5177]}},{"type":"Feature","properties":{"country":"China","name":"泉州南","daily_stops":91.3},"geometry":{"type":"Point","coordinates":[118.5802,24.74]}},{"type":"Feature","properties":{"country":"China","name":"丽水","daily_stops":91.1},"geometry":{"type":"Point","coordinates":[119.9495,28.4449]}},{"type":"Feature","properties":{"country":"China","name":"宿迁","daily_stops":91.0},"geometry":{"type":"Point","coordinates":[118.2763,33.875]}},{"type":"Feature","properties":{"country":"China","name":"婺源","daily_stops":90.6},"geometry":{"type":"Point","coordinates":[117.8724,29.2421]}},{"type":"Feature","properties":{"country":"China","name":"明珠","daily_stops":90.4},"geometry":{"type":"Point","coordinates":[113.5104,22.2714]}},{"type":"Feature","properties":{"country":"China","name":"桂林西","daily_stops":90.3},"geometry":{"type":"Point","coordinates":[110.2625,25.3574]}},{"type":"Feature","properties":{"country":"China","name":"泸州","daily_stops":90.0},"geometry":{"type":"Point","coordinates":[105.419,28.93]}},{"type":"Feature","properties":{"country":"China","name":"万州北","daily_stops":89.9},"geometry":{"type":"Point","coordinates":[108.3621,30.8656]}},{"type":"Feature","properties":{"country":"China","name":"广州北","daily_stops":89.4},"geometry":{"type":"Point","coordinates":[113.1984,23.3794]}},{"type":"Feature","properties":{"country":"China","name":"南昌东","daily_stops":89.3},"geometry":{"type":"Point","coordinates":[116.0162,28.6172]}},{"type":"Feature","properties":{"country":"China","name":"宜宾西","daily_stops":88.9},"geometry":{"type":"Point","coordinates":[104.6032,28.7258]}},{"type":"Feature","properties":{"country":"China","name":"合肥","daily_stops":88.7},"geometry":{"type":"Point","coordinates":[117.3119,31.8879]}},{"type":"Feature","properties":{"country":"China","name":"鹤壁东","daily_stops":88.7},"geometry":{"type":"Point","coordinates":[114.2944,35.7061]}},{"type":"Feature","properties":{"country":"China","name":"毕节","daily_stops":88.0},"geometry":{"type":"Point","coordinates":[105.4157,27.2658]}},{"type":"Feature","properties":{"country":"China","name":"昆明","daily_stops":87.7},"geometry":{"type":"Point","coordinates":[102.7203,25.0187]}},{"type":"Feature","properties":{"country":"China","name":"铁岭西","daily_stops":87.6},"geometry":{"type":"Point","coordinates":[123.6664,42.231]}},{"type":"Feature","properties":{"country":"China","name":"苍南","daily_stops":87.0},"geometry":{"type":"Point","coordinates":[120.4084,27.5313]}},{"type":"Feature","properties":{"country":"China","name":"荣成","daily_stops":87.0},"geometry":{"type":"Point","coordinates":[122.4026,37.1438]}},{"type":"Feature","properties":{"country":"China","name":"宁德","daily_stops":86.4},"geometry":{"type":"Point","coordinates":[119.5794,26.6729]}},{"type":"Feature","properties":{"country":"China","name":"千岛湖","daily_stops":86.3},"geometry":{"type":"Point","coordinates":[119.1869,29.7377]}},{"type":"Feature","properties":{"country":"China","name":"成都南","daily_stops":86.0},"geometry":{"type":"Point","coordinates":[104.066,30.609]}},{"type":"Feature","properties":{"country":"China","name":"曲靖北","daily_stops":86.0},"geometry":{"type":"Point","coordinates":[103.7806,25.5928]}},{"type":"Feature","properties":{"country":"China","name":"台州西","daily_stops":85.9},"geometry":{"type":"Point","coordinates":[121.2865,28.6892]}},{"type":"Feature","properties":{"country":"China","name":"邢台东","daily_stops":85.9},"geometry":{"type":"Point","coordinates":[114.5859,37.0914]}},{"type":"Feature","properties":{"country":"China","name":"大理","daily_stops":85.7},"geometry":{"type":"Point","coordinates":[100.2485,25.5919]}},{"type":"Feature","properties":{"country":"China","name":"三明北","daily_stops":85.4},"geometry":{"type":"Point","coordinates":[117.8018,26.3789]}},{"type":"Feature","properties":{"country":"China","name":"平南南","daily_stops":85.3},"geometry":{"type":"Point","coordinates":[110.4274,23.4201]}},{"type":"Feature","properties":{"country":"China","name":"自贡","daily_stops":84.6},"geometry":{"type":"Point","coordinates":[104.8782,29.3574]}},{"type":"Feature","properties":{"country":"China","name":"益阳南","daily_stops":84.3},"geometry":{"type":"Point","coordinates":[112.3215,28.5182]}},{"type":"Feature","properties":{"country":"China","name":"北海","daily_stops":84.0},"geometry":{"type":"Point","coordinates":[109.1243,21.4543]}},{"type":"Feature","properties":{"country":"China","name":"辽宁朝阳","daily_stops":84.0},"geometry":{"type":"Point","coordinates":[120.4038,41.598]}},{"type":"Feature","properties":{"country":"China","name":"西宁","daily_stops":83.4},"geometry":{"type":"Point","coordinates":[101.813,36.6208]}},{"type":"Feature","properties":{"country":"China","name":"牡丹江","daily_stops":83.3},"geometry":{"type":"Point","coordinates":[129.6051,44.5891]}},{"type":"Feature","properties":{"country":"China","name":"辽阳","daily_stops":83.0},"geometry":{"type":"Point","coordinates":[123.1631,41.2796]}},{"type":"Feature","properties":{"country":"China","name":"朔州东","daily_stops":82.9},"geometry":{"type":"Point","coordinates":[112.5917,39.3024]}},{"type":"Feature","properties":{"country":"China","name":"庐山","daily_stops":81.4},"geometry":{"type":"Point","coordinates":[115.8743,29.5996]}},{"type":"Feature","properties":{"country":"China","name":"枣庄","daily_stops":81.3},"geometry":{"type":"Point","coordinates":[117.3004,34.7819]}},{"type":"Feature","properties":{"country":"China","name":"湖州东","daily_stops":81.0},"geometry":{"type":"Point","coordinates":[120.1748,30.8193]}},{"type":"Feature","properties":{"country":"China","name":"山海关","daily_stops":81.0},"geometry":{"type":"Point","coordinates":[119.7619,39.9986]}},{"type":"Feature","properties":{"country":"China","name":"宋城路","daily_stops":80.9},"geometry":{"type":"Point","coordinates":[114.2786,34.7858]}},{"type":"Feature","properties":{"country":"China","name":"金华南","daily_stops":80.7},"geometry":{"type":"Point","coordinates":[119.7337,29.1171]}},{"type":"Feature","properties":{"country":"China","name":"邵阳","daily_stops":80.6},"geometry":{"type":"Point","coordinates":[111.4556,27.2159]}},{"type":"Feature","properties":{"country":"China","name":"敦化","daily_stops":80.1},"geometry":{"type":"Point","coordinates":[128.2403,43.3779]}},{"type":"Feature","properties":{"country":"China","name":"茂名","daily_stops":80.1},"geometry":{"type":"Point","coordinates":[110.9241,21.6454]}},{"type":"Feature","properties":{"country":"China","name":"阳江北","daily_stops":80.0},"geometry":{"type":"Point","coordinates":[111.8337,21.9213]}},{"type":"Feature","properties":{"country":"China","name":"聊城西","daily_stops":79.6},"geometry":{"type":"Point","coordinates":[115.8763,36.4312]}},{"type":"Feature","properties":{"country":"China","name":"淄博北","daily_stops":79.1},"geometry":{"type":"Point","coordinates":[118.0204,36.8952]}},{"type":"Feature","properties":{"country":"China","name":"濮阳东","daily_stops":79.1},"geometry":{"type":"Point","coordinates":[115.1441,35.7656]}},{"type":"Feature","properties":{"country":"China","name":"杨陵南","daily_stops":78.3},"geometry":{"type":"Point","coordinates":[108.0483,34.2556]}},{"type":"Feature","properties":{"country":"China","name":"雅安","daily_stops":78.0},"geometry":{"type":"Point","coordinates":[103.0547,30.0313]}},{"type":"Feature","properties":{"country":"China","name":"瑞安","daily_stops":78.0},"geometry":{"type":"Point","coordinates":[120.577,27.7699]}},{"type":"Feature","properties":{"country":"China","name":"恩施","daily_stops":77.7},"geometry":{"type":"Point","coordinates":[109.4799,30.3513]}},{"type":"Feature","properties":{"country":"China","name":"晋江","daily_stops":77.3},"geometry":{"type":"Point","coordinates":[118.4541,24.7974]}},{"type":"Feature","properties":{"country":"China","name":"龙川西","daily_stops":76.9},"geometry":{"type":"Point","coordinates":[115.1753,24.0804]}},{"type":"Feature","properties":{"country":"China","name":"临汾西","daily_stops":76.9},"geometry":{"type":"Point","coordinates":[111.4594,36.1016]}},{"type":"Feature","properties":{"country":"China","name":"麻城北","daily_stops":75.9},"geometry":{"type":"Point","coordinates":[114.9793,31.1893]}},{"type":"Feature","properties":{"country":"China","name":"云霄","daily_stops":75.7},"geometry":{"type":"Point","coordinates":[117.3569,23.8938]}},{"type":"Feature","properties":{"country":"China","name":"潜江","daily_stops":75.0},"geometry":{"type":"Point","coordinates":[112.9337,30.3921]}},{"type":"Feature","properties":{"country":"China","name":"阳江","daily_stops":74.9},"geometry":{"type":"Point","coordinates":[111.986,21.8131]}},{"type":"Feature","properties":{"country":"China","name":"南通西","daily_stops":74.4},"geometry":{"type":"Point","coordinates":[120.7611,32.1036]}},{"type":"Feature","properties":{"country":"China","name":"横店","daily_stops":74.0},"geometry":{"type":"Point","coordinates":[120.2599,29.2176]}},{"type":"Feature","properties":{"country":"China","name":"台山","daily_stops":74.0},"geometry":{"type":"Point","coordinates":[112.8103,22.3021]}},{"type":"Feature","properties":{"country":"China","name":"梅州西","daily_stops":73.3},"geometry":{"type":"Point","coordinates":[116.043,24.2529]}},{"type":"Feature","properties":{"country":"China","name":"溧阳","daily_stops":73.0},"geometry":{"type":"Point","coordinates":[119.4977,31.388]}},{"type":"Feature","properties":{"country":"China","name":"莱西","daily_stops":72.6},"geometry":{"type":"Point","coordinates":[120.5247,36.8235]}},{"type":"Feature","properties":{"country":"China","name":"宾阳","daily_stops":72.6},"geometry":{"type":"Point","coordinates":[109.0879,23.2195]}},{"type":"Feature","properties":{"country":"China","name":"百色","daily_stops":72.1},"geometry":{"type":"Point","coordinates":[106.6607,23.8881]}},{"type":"Feature","properties":{"country":"China","name":"沈阳南","daily_stops":72.0},"geometry":{"type":"Point","coordinates":[123.3998,41.666]}},{"type":"Feature","properties":{"country":"China","name":"威海","daily_stops":72.0},"geometry":{"type":"Point","coordinates":[122.1386,37.426]}},{"type":"Feature","properties":{"country":"China","name":"钦州东","daily_stops":72.0},"geometry":{"type":"Point","coordinates":[108.6648,21.9824]}},{"type":"Feature","properties":{"country":"China","name":"新余北","daily_stops":71.9},"geometry":{"type":"Point","coordinates":[114.8913,27.9152]}},{"type":"Feature","properties":{"country":"China","name":"陵水","daily_stops":71.7},"geometry":{"type":"Point","coordinates":[110.0288,18.538]}},{"type":"Feature","properties":{"country":"China","name":"永康南","daily_stops":71.6},"geometry":{"type":"Point","coordinates":[120.0192,28.8536]}},{"type":"Feature","properties":{"country":"China","name":"江阴","daily_stops":71.3},"geometry":{"type":"Point","coordinates":[120.275,31.8636]}},{"type":"Feature","properties":{"country":"China","name":"巢湖东","daily_stops":71.3},"geometry":{"type":"Point","coordinates":[117.9205,31.6202]}},{"type":"Feature","properties":{"country":"China","name":"盛泽","daily_stops":71.0},"geometry":{"type":"Point","coordinates":[120.5642,30.9093]}},{"type":"Feature","properties":{"country":"China","name":"荆门西","daily_stops":70.6},"geometry":{"type":"Point","coordinates":[112.108,31.0028]}},{"type":"Feature","properties":{"country":"China","name":"衡水北","daily_stops":70.6},"geometry":{"type":"Point","coordinates":[115.6692,37.772]}},{"type":"Feature","properties":{"country":"China","name":"滁州","daily_stops":70.3},"geometry":{"type":"Point","coordinates":[118.3149,32.2]}},{"type":"Feature","properties":{"country":"China","name":"菏泽东","daily_stops":70.3},"geometry":{"type":"Point","coordinates":[115.5575,35.1846]}},{"type":"Feature","properties":{"country":"China","name":"缙云西","daily_stops":69.7},"geometry":{"type":"Point","coordinates":[120.0505,28.6803]}},{"type":"Feature","properties":{"country":"China","name":"陆丰","daily_stops":69.4},"geometry":{"type":"Point","coordinates":[115.7285,22.9507]}},{"type":"Feature","properties":{"country":"China","name":"盘州","daily_stops":69.1},"geometry":{"type":"Point","coordinates":[104.5666,25.7947]}},{"type":"Feature","properties":{"country":"China","name":"庆阳","daily_stops":68.7},"geometry":{"type":"Point","coordinates":[107.6235,35.695]}},{"type":"Feature","properties":{"country":"China","name":"长治东","daily_stops":68.7},"geometry":{"type":"Point","coordinates":[113.1591,36.2291]}},{"type":"Feature","properties":{"country":"China","name":"桂平","daily_stops":68.7},"geometry":{"type":"Point","coordinates":[110.1122,23.3185]}},{"type":"Feature","properties":{"country":"China","name":"绩溪北","daily_stops":68.6},"geometry":{"type":"Point","coordinates":[118.5667,30.0738]}},{"type":"Feature","properties":{"country":"China","name":"铜陵","daily_stops":68.6},"geometry":{"type":"Point","coordinates":[117.8565,30.9212]}},{"type":"Feature","properties":{"country":"China","name":"饶平","daily_stops":68.4},"geometry":{"type":"Point","coordinates":[116.9283,23.7141]}},{"type":"Feature","properties":{"country":"China","name":"贵阳","daily_stops":68.3},"geometry":{"type":"Point","coordinates":[106.6987,26.5599]}},{"type":"Feature","properties":{"country":"China","name":"临海","daily_stops":68.0},"geometry":{"type":"Point","coordinates":[121.2425,28.883]}},{"type":"Feature","properties":{"country":"China","name":"锦州南","daily_stops":68.0},"geometry":{"type":"Point","coordinates":[121.1212,41.0145]}},{"type":"Feature","properties":{"country":"China","name":"营口东","daily_stops":68.0},"geometry":{"type":"Point","coordinates":[122.4234,40.6236]}},{"type":"Feature","properties":{"country":"China","name":"吴忠","daily_stops":67.3},"geometry":{"type":"Point","coordinates":[106.2455,37.9755]}},{"type":"Feature","properties":{"country":"China","name":"云山","daily_stops":67.1},"geometry":{"type":"Point","coordinates":[114.4125,23.1128]}},{"type":"Feature","properties":{"country":"China","name":"西平西","daily_stops":67.1},"geometry":{"type":"Point","coordinates":[113.7404,22.9974]}},{"type":"Feature","properties":{"country":"China","name":"晋城东","daily_stops":67.1},"geometry":{"type":"Point","coordinates":[112.9784,35.5343]}},{"type":"Feature","properties":{"country":"China","name":"江门东","daily_stops":67.0},"geometry":{"type":"Point","coordinates":[113.0977,22.5639]}},{"type":"Feature","properties":{"country":"China","name":"广州长隆","daily_stops":67.0},"geometry":{"type":"Point","coordinates":[113.3249,22.9929]}},{"type":"Feature","properties":{"country":"China","name":"番禺","daily_stops":67.0},"geometry":{"type":"Point","coordinates":[113.2702,22.9925]}},{"type":"Feature","properties":{"country":"China","name":"阳新","daily_stops":66.9},"geometry":{"type":"Point","coordinates":[115.1747,29.8622]}},{"type":"Feature","properties":{"country":"China","name":"延吉西","daily_stops":66.3},"geometry":{"type":"Point","coordinates":[129.4078,42.9025]}},{"type":"Feature","properties":{"country":"China","name":"大兴机场","daily_stops":66.3},"geometry":{"type":"Point","coordinates":[116.4106,39.5134]}},{"type":"Feature","properties":{"country":"China","name":"松山湖北","daily_stops":66.1},"geometry":{"type":"Point","coordinates":[113.892,22.9611]}},{"type":"Feature","properties":{"country":"China","name":"吉首东","daily_stops":66.1},"geometry":{"type":"Point","coordinates":[109.7228,28.2192]}},{"type":"Feature","properties":{"country":"China","name":"武清","daily_stops":66.0},"geometry":{"type":"Point","coordinates":[117.0099,39.3711]}},{"type":"Feature","properties":{"country":"China","name":"葫芦岛北","daily_stops":66.0},"geometry":{"type":"Point","coordinates":[120.7582,40.7417]}},{"type":"Feature","properties":{"country":"China","name":"佳木斯","daily_stops":65.3},"geometry":{"type":"Point","coordinates":[130.3759,46.8017]}},{"type":"Feature","properties":{"country":"China","name":"诏安","daily_stops":65.1},"geometry":{"type":"Point","coordinates":[117.0927,23.7746]}},{"type":"Feature","properties":{"country":"China","name":"平阳","daily_stops":65.0},"geometry":{"type":"Point","coordinates":[120.5408,27.6292]}},{"type":"Feature","properties":{"country":"China","name":"亳州南","daily_stops":64.7},"geometry":{"type":"Point","coordinates":[115.7931,33.7962]}},{"type":"Feature","properties":{"country":"China","name":"丹东","daily_stops":64.6},"geometry":{"type":"Point","coordinates":[124.3818,40.1229]}},{"type":"Feature","properties":{"country":"China","name":"鄠邑","daily_stops":64.3},"geometry":{"type":"Point","coordinates":[108.6757,34.081]}},{"type":"Feature","properties":{"country":"China","name":"宜宾","daily_stops":64.3},"geometry":{"type":"Point","coordinates":[104.6307,28.7309]}},{"type":"Feature","properties":{"country":"China","name":"兰考南","daily_stops":64.1},"geometry":{"type":"Point","coordinates":[114.8183,34.772]}},{"type":"Feature","properties":{"country":"China","name":"吴川","daily_stops":64.1},"geometry":{"type":"Point","coordinates":[110.7653,21.5119]}},{"type":"Feature","properties":{"country":"China","name":"凤凰机场","daily_stops":64.0},"geometry":{"type":"Point","coordinates":[109.4049,18.3104]}},{"type":"Feature","properties":{"country":"China","name":"本溪","daily_stops":63.9},"geometry":{"type":"Point","coordinates":[123.752,41.2933]}},{"type":"Feature","properties":{"country":"China","name":"琼海","daily_stops":63.7},"geometry":{"type":"Point","coordinates":[110.4876,19.2416]}},{"type":"Feature","properties":{"country":"China","name":"抚州","daily_stops":63.7},"geometry":{"type":"Point","coordinates":[116.3473,27.9221]}},{"type":"Feature","properties":{"country":"China","name":"云浮东","daily_stops":63.7},"geometry":{"type":"Point","coordinates":[112.1332,23.015]}},{"type":"Feature","properties":{"country":"China","name":"北京","daily_stops":63.6},"geometry":{"type":"Point","coordinates":[116.421,39.9011]}},{"type":"Feature","properties":{"country":"China","name":"霞浦","daily_stops":63.6},"geometry":{"type":"Point","coordinates":[120.0282,26.9127]}},{"type":"Feature","properties":{"country":"China","name":"藤县","daily_stops":62.1},"geometry":{"type":"Point","coordinates":[110.9823,23.3367]}},{"type":"Feature","properties":{"country":"China","name":"阜新","daily_stops":62.1},"geometry":{"type":"Point","coordinates":[121.6542,42.0559]}},{"type":"Feature","properties":{"country":"China","name":"池州","daily_stops":62.0},"geometry":{"type":"Point","coordinates":[117.517,30.6219]}},{"type":"Feature","properties":{"country":"China","name":"清城","daily_stops":62.0},"geometry":{"type":"Point","coordinates":[113.0608,23.6561]}},{"type":"Feature","properties":{"country":"China","name":"花都","daily_stops":62.0},"geometry":{"type":"Point","coordinates":[113.1974,23.3799]}},{"type":"Feature","properties":{"country":"China","name":"九江","daily_stops":61.9},"geometry":{"type":"Point","coordinates":[116.0017,29.7066]}},{"type":"Feature","properties":{"country":"China","name":"荔波","daily_stops":61.6},"geometry":{"type":"Point","coordinates":[107.8188,25.3476]}},{"type":"Feature","properties":{"country":"China","name":"仙游","daily_stops":61.3},"geometry":{"type":"Point","coordinates":[118.8667,25.2535]}},{"type":"Feature","properties":{"country":"China","name":"黄石北","daily_stops":61.3},"geometry":{"type":"Point","coordinates":[115.0028,30.2143]}},{"type":"Feature","properties":{"country":"China","name":"温州北","daily_stops":61.0},"geometry":{"type":"Point","coordinates":[120.6913,28.071]}},{"type":"Feature","properties":{"country":"China","name":"乐清","daily_stops":61.0},"geometry":{"type":"Point","coordinates":[120.8555,28.0877]}},{"type":"Feature","properties":{"country":"China","name":"台州","daily_stops":61.0},"geometry":{"type":"Point","coordinates":[121.3673,28.6562]}},{"type":"Feature","properties":{"country":"China","name":"孝感东","daily_stops":61.0},"geometry":{"type":"Point","coordinates":[113.9425,30.9358]}},{"type":"Feature","properties":{"country":"China","name":"三门峡南","daily_stops":60.7},"geometry":{"type":"Point","coordinates":[111.1542,34.7496]}},{"type":"Feature","properties":{"country":"China","name":"光明城","daily_stops":60.7},"geometry":{"type":"Point","coordinates":[113.9499,22.7356]}},{"type":"Feature","properties":{"country":"China","name":"廊坊","daily_stops":60.1},"geometry":{"type":"Point","coordinates":[116.703,39.5084]}},{"type":"Feature","properties":{"country":"China","name":"西湖东","daily_stops":60.1},"geometry":{"type":"Point","coordinates":[114.3959,23.089]}},{"type":"Feature","properties":{"country":"China","name":"陈江南","daily_stops":60.1},"geometry":{"type":"Point","coordinates":[114.3219,23.0088]}},{"type":"Feature","properties":{"country":"China","name":"广州莲花山","daily_stops":60.1},"geometry":{"type":"Point","coordinates":[113.4869,23.0051]}},{"type":"Feature","properties":{"country":"China","name":"长白山","daily_stops":60.0},"geometry":{"type":"Point","coordinates":[128.1219,42.4605]}},{"type":"Feature","properties":{"country":"China","name":"珠海北","daily_stops":60.0},"geometry":{"type":"Point","coordinates":[113.5469,22.4037]}},{"type":"Feature","properties":{"country":"China","name":"巴彦淖尔","daily_stops":60.0},"geometry":{"type":"Point","coordinates":[107.4047,40.7336]}},{"type":"Feature","properties":{"country":"China","name":"金寨","daily_stops":59.3},"geometry":{"type":"Point","coordinates":[115.9702,31.628]}},{"type":"Feature","properties":{"country":"China","name":"大冶北","daily_stops":59.3},"geometry":{"type":"Point","coordinates":[114.9954,30.1249]}},{"type":"Feature","properties":{"country":"China","name":"常平南","daily_stops":59.1},"geometry":{"type":"Point","coordinates":[113.998,22.9752]}},{"type":"Feature","properties":{"country":"China","name":"鲅鱼圈","daily_stops":58.9},"geometry":{"type":"Point","coordinates":[122.0899,40.1866]}},{"type":"Feature","properties":{"country":"China","name":"桐乡","daily_stops":58.4},"geometry":{"type":"Point","coordinates":[120.5637,30.5393]}},{"type":"Feature","properties":{"country":"China","name":"赣榆","daily_stops":58.3},"geometry":{"type":"Point","coordinates":[119.106,34.8798]}},{"type":"Feature","properties":{"country":"China","name":"长寿北","daily_stops":58.0},"geometry":{"type":"Point","coordinates":[107.0701,29.8832]}},{"type":"Feature","properties":{"country":"China","name":"福鼎","daily_stops":58.0},"geometry":{"type":"Point","coordinates":[120.1846,27.2856]}},{"type":"Feature","properties":{"country":"China","name":"武义北","daily_stops":57.7},"geometry":{"type":"Point","coordinates":[119.845,28.9855]}},{"type":"Feature","properties":{"country":"China","name":"福清","daily_stops":57.1},"geometry":{"type":"Point","coordinates":[119.3794,25.6783]}},{"type":"Feature","properties":{"country":"China","name":"晋中","daily_stops":57.1},"geometry":{"type":"Point","coordinates":[112.6361,37.6862]}},{"type":"Feature","properties":{"country":"China","name":"文昌","daily_stops":57.1},"geometry":{"type":"Point","coordinates":[110.7329,19.6081]}},{"type":"Feature","properties":{"country":"China","name":"鄱阳","daily_stops":57.0},"geometry":{"type":"Point","coordinates":[116.7943,28.982]}},{"type":"Feature","properties":{"country":"China","name":"随州南","daily_stops":57.0},"geometry":{"type":"Point","coordinates":[113.3575,31.6532]}},{"type":"Feature","properties":{"country":"China","name":"南沙北","daily_stops":56.9},"geometry":{"type":"Point","coordinates":[113.4852,22.8687]}},{"type":"Feature","properties":{"country":"China","name":"泰州","daily_stops":56.6},"geometry":{"type":"Point","coordinates":[119.9755,32.5311]}},{"type":"Feature","properties":{"country":"China","name":"东台","daily_stops":56.6},"geometry":{"type":"Point","coordinates":[120.3394,32.876]}},{"type":"Feature","properties":{"country":"China","name":"樟木头","daily_stops":56.3},"geometry":{"type":"Point","coordinates":[114.0626,22.9044]}},{"type":"Feature","properties":{"country":"China","name":"侯马西","daily_stops":56.3},"geometry":{"type":"Point","coordinates":[111.2821,35.6017]}},{"type":"Feature","properties":{"country":"China","name":"永州","daily_stops":56.3},"geometry":{"type":"Point","coordinates":[111.5655,26.4577]}},{"type":"Feature","properties":{"country":"China","name":"天门南","daily_stops":56.1},"geometry":{"type":"Point","coordinates":[113.4503,30.4304]}},{"type":"Feature","properties":{"country":"China","name":"宝应","daily_stops":56.1},"geometry":{"type":"Point","coordinates":[119.3828,33.2172]}},{"type":"Feature","properties":{"country":"China","name":"齐齐哈尔南","daily_stops":56.0},"geometry":{"type":"Point","coordinates":[123.9653,47.2825]}},{"type":"Feature","properties":{"country":"China","name":"湖州南浔","daily_stops":56.0},"geometry":{"type":"Point","coordinates":[120.403,30.8298]}},{"type":"Feature","properties":{"country":"China","name":"楚雄","daily_stops":56.0},"geometry":{"type":"Point","coordinates":[101.5427,25.0853]}},{"type":"Feature","properties":{"country":"China","name":"滨海","daily_stops":56.0},"geometry":{"type":"Point","coordinates":[117.6788,39.0035]}},{"type":"Feature","properties":{"country":"China","name":"呼和浩特","daily_stops":56.0},"geometry":{"type":"Point","coordinates":[111.6587,40.8304]}},{"type":"Feature","properties":{"country":"China","name":"嵊州新昌","daily_stops":56.0},"geometry":{"type":"Point","coordinates":[120.8161,29.5291]}},{"type":"Feature","properties":{"country":"China","name":"阳朔","daily_stops":55.7},"geometry":{"type":"Point","coordinates":[110.5634,24.9636]}},{"type":"Feature","properties":{"country":"China","name":"涪陵北","daily_stops":55.6},"geometry":{"type":"Point","coordinates":[107.2731,29.7731]}},{"type":"Feature","properties":{"country":"China","name":"弥勒","daily_stops":55.4},"geometry":{"type":"Point","coordinates":[103.408,24.3398]}},{"type":"Feature","properties":{"country":"China","name":"鄂州","daily_stops":55.3},"geometry":{"type":"Point","coordinates":[114.8613,30.3642]}},{"type":"Feature","properties":{"country":"China","name":"永修","daily_stops":55.0},"geometry":{"type":"Point","coordinates":[115.8109,29.0229]}},{"type":"Feature","properties":{"country":"China","name":"汉川","daily_stops":54.7},"geometry":{"type":"Point","coordinates":[113.8072,30.5442]}},{"type":"Feature","properties":{"country":"China","name":"金坛","daily_stops":54.4},"geometry":{"type":"Point","coordinates":[119.539,31.6973]}},{"type":"Feature","properties":{"country":"China","name":"武进","daily_stops":54.4},"geometry":{"type":"Point","coordinates":[119.9424,31.6605]}},{"type":"Feature","properties":{"country":"China","name":"天府机场","daily_stops":54.4},"geometry":{"type":"Point","coordinates":[104.4428,30.3163]}},{"type":"Feature","properties":{"country":"China","name":"建德","daily_stops":54.0},"geometry":{"type":"Point","coordinates":[119.4227,29.5753]}},{"type":"Feature","properties":{"country":"China","name":"绍兴东","daily_stops":54.0},"geometry":{"type":"Point","coordinates":[120.849,30.0572]}},{"type":"Feature","properties":{"country":"China","name":"南昌","daily_stops":53.9},"geometry":{"type":"Point","coordinates":[115.9148,28.6653]}},{"type":"Feature","properties":{"country":"China","name":"宜昌北","daily_stops":53.9},"geometry":{"type":"Point","coordinates":[111.4697,30.747]}},{"type":"Feature","properties":{"country":"China","name":"郁南","daily_stops":53.7},"geometry":{"type":"Point","coordinates":[111.4641,23.248]}},{"type":"Feature","properties":{"country":"China","name":"东方","daily_stops":53.6},"geometry":{"type":"Point","coordinates":[108.6878,19.0901]}},{"type":"Feature","properties":{"country":"China","name":"高邮","daily_stops":53.4},"geometry":{"type":"Point","coordinates":[119.5002,32.7757]}},{"type":"Feature","properties":{"country":"China","name":"三水南","daily_stops":53.4},"geometry":{"type":"Point","coordinates":[112.866,23.1159]}},{"type":"Feature","properties":{"country":"China","name":"阳泉北","daily_stops":53.1},"geometry":{"type":"Point","coordinates":[113.4312,38.1144]}},{"type":"Feature","properties":{"country":"China","name":"枝江北","daily_stops":53.1},"geometry":{"type":"Point","coordinates":[111.7666,30.4796]}},{"type":"Feature","properties":{"country":"China","name":"大荔","daily_stops":53.0},"geometry":{"type":"Point","coordinates":[109.9208,34.8356]}},{"type":"Feature","properties":{"country":"China","name":"恩平","daily_stops":53.0},"geometry":{"type":"Point","coordinates":[112.3908,22.1882]}},{"type":"Feature","properties":{"country":"China","name":"抚顺","daily_stops":53.0},"geometry":{"type":"Point","coordinates":[123.9119,41.8873]}},{"type":"Feature","properties":{"country":"China","name":"忻州西","daily_stops":53.0},"geometry":{"type":"Point","coordinates":[112.6867,38.4425]}},{"type":"Feature","properties":{"country":"China","name":"开平南","daily_stops":52.9},"geometry":{"type":"Point","coordinates":[112.6707,22.322]}},{"type":"Feature","properties":{"country":"China","name":"湛江西","daily_stops":52.9},"geometry":{"type":"Point","coordinates":[110.2838,21.2456]}},{"type":"Feature","properties":{"country":"China","name":"永城北","daily_stops":52.9},"geometry":{"type":"Point","coordinates":[116.5151,34.2178]}},{"type":"Feature","properties":{"country":"China","name":"合肥西","daily_stops":52.9},"geometry":{"type":"Point","coordinates":[117.2283,31.8739]}},{"type":"Feature","properties":{"country":"China","name":"共青城","daily_stops":52.6},"geometry":{"type":"Point","coordinates":[115.7698,29.2457]}},{"type":"Feature","properties":{"country":"China","name":"禹州","daily_stops":52.3},"geometry":{"type":"Point","coordinates":[113.5647,34.1256]}},{"type":"Feature","properties":{"country":"China","name":"龙嘉","daily_stops":52.0},"geometry":{"type":"Point","coordinates":[125.694,43.9905]}},{"type":"Feature","properties":{"country":"China","name":"中山北","daily_stops":52.0},"geometry":{"type":"Point","coordinates":[113.377,22.5608]}},{"type":"Feature","properties":{"country":"China","name":"青州市","daily_stops":52.0},"geometry":{"type":"Point","coordinates":[118.4979,36.7716]}},{"type":"Feature","properties":{"country":"China","name":"邵东","daily_stops":51.9},"geometry":{"type":"Point","coordinates":[111.7424,27.2776]}},{"type":"Feature","properties":{"country":"China","name":"恭城","daily_stops":51.9},"geometry":{"type":"Point","coordinates":[110.8656,24.834]}},{"type":"Feature","properties":{"country":"China","name":"白马井","daily_stops":51.6},"geometry":{"type":"Point","coordinates":[109.25,19.6604]}},{"type":"Feature","properties":{"country":"China","name":"唐家湾","daily_stops":51.6},"geometry":{"type":"Point","coordinates":[113.5464,22.3659]}},{"type":"Feature","properties":{"country":"China","name":"白洋淀","daily_stops":51.6},"geometry":{"type":"Point","coordinates":[115.8685,39.0686]}},{"type":"Feature","properties":{"country":"China","name":"平湖","daily_stops":51.4},"geometry":{"type":"Point","coordinates":[114.1195,22.6949]}},{"type":"Feature","properties":{"country":"China","name":"万宁","daily_stops":51.3},"geometry":{"type":"Point","coordinates":[110.3768,18.8094]}},{"type":"Feature","properties":{"country":"China","name":"即墨北","daily_stops":51.1},"geometry":{"type":"Point","coordinates":[120.389,36.404]}},{"type":"Feature","properties":{"country":"China","name":"高密","daily_stops":51.0},"geometry":{"type":"Point","coordinates":[119.7632,36.3926]}},{"type":"Feature","properties":{"country":"China","name":"凤凰古城","daily_stops":50.9},"geometry":{"type":"Point","coordinates":[109.5992,28.0205]}},{"type":"Feature","properties":{"country":"China","name":"莱阳","daily_stops":50.9},"geometry":{"type":"Point","coordinates":[120.7043,36.9275]}},{"type":"Feature","properties":{"country":"China","name":"滕州东","daily_stops":50.7},"geometry":{"type":"Point","coordinates":[117.2519,35.091]}},{"type":"Feature","properties":{"country":"China","name":"大庆西","daily_stops":50.4},"geometry":{"type":"Point","coordinates":[124.8796,46.6553]}},{"type":"Feature","properties":{"country":"China","name":"盘锦","daily_stops":50.4},"geometry":{"type":"Point","coordinates":[122.0578,41.1959]}},{"type":"Feature","properties":{"country":"China","name":"南江口","daily_stops":50.3},"geometry":{"type":"Point","coordinates":[111.783,23.1218]}},{"type":"Feature","properties":{"country":"China","name":"德清","daily_stops":50.1},"geometry":{"type":"Point","coordinates":[120.0568,30.547]}},{"type":"Feature","properties":{"country":"China","name":"虎门北","daily_stops":50.0},"geometry":{"type":"Point","coordinates":[113.6665,22.8619]}},{"type":"Feature","properties":{"country":"China","name":"深圳机场","daily_stops":50.0},"geometry":{"type":"Point","coordinates":[113.8059,22.6243]}},{"type":"Feature","properties":{"country":"China","name":"天台山","daily_stops":50.0},"geometry":{"type":"Point","coordinates":[120.9738,29.1433]}},{"type":"Feature","properties":{"country":"China","name":"青田","daily_stops":50.0},"geometry":{"type":"Point","coordinates":[120.2756,28.14]}},{"type":"Feature","properties":{"country":"China","name":"怀集","daily_stops":49.1},"geometry":{"type":"Point","coordinates":[112.1541,23.8947]}},{"type":"Feature","properties":{"country":"China","name":"江山","daily_stops":49.0},"geometry":{"type":"Point","coordinates":[118.639,28.7757]}},{"type":"Feature","properties":{"country":"China","name":"新塘南","daily_stops":49.0},"geometry":{"type":"Point","coordinates":[113.5985,23.1347]}},{"type":"Feature","properties":{"country":"China","name":"飞霞","daily_stops":49.0},"geometry":{"type":"Point","coordinates":[113.0794,23.744]}},{"type":"Feature","properties":{"country":"China","name":"杭州南","daily_stops":49.0},"geometry":{"type":"Point","coordinates":[120.29,30.1747]}},{"type":"Feature","properties":{"country":"China","name":"蒙山","daily_stops":49.0},"geometry":{"type":"Point","coordinates":[117.668,35.4489]}},{"type":"Feature","properties":{"country":"China","name":"永川东","daily_stops":49.0},"geometry":{"type":"Point","coordinates":[105.946,29.3743]}},{"type":"Feature","properties":{"country":"China","name":"古镇","daily_stops":48.7},"geometry":{"type":"Point","coordinates":[113.2007,22.6009]}},{"type":"Feature","properties":{"country":"China","name":"中卫南","daily_stops":48.6},"geometry":{"type":"Point","coordinates":[105.1752,37.4722]}},{"type":"Feature","properties":{"country":"China","name":"秦安","daily_stops":48.3},"geometry":{"type":"Point","coordinates":[105.6552,34.8472]}},{"type":"Feature","properties":{"country":"China","name":"嘉善南","daily_stops":48.3},"geometry":{"type":"Point","coordinates":[120.9318,30.7902]}},{"type":"Feature","properties":{"country":"China","name":"长兴","daily_stops":48.0},"geometry":{"type":"Point","coordinates":[119.9706,31.044]}},{"type":"Feature","properties":{"country":"China","name":"河池西","daily_stops":47.9},"geometry":{"type":"Point","coordinates":[108.1724,24.7138]}},{"type":"Feature","properties":{"country":"China","name":"介休东","daily_stops":47.7},"geometry":{"type":"Point","coordinates":[111.9821,37.0528]}},{"type":"Feature","properties":{"country":"China","name":"醴陵东","daily_stops":47.6},"geometry":{"type":"Point","coordinates":[113.5726,27.7185]}},{"type":"Feature","properties":{"country":"China","name":"大庆东","daily_stops":47.4},"geometry":{"type":"Point","coordinates":[125.116,46.5307]}},{"type":"Feature","properties":{"country":"China","name":"南朗","daily_stops":47.4},"geometry":{"type":"Point","coordinates":[113.5282,22.4891]}},{"type":"Feature","properties":{"country":"China","name":"平遥古城","daily_stops":47.4},"geometry":{"type":"Point","coordinates":[112.1434,37.1547]}},{"type":"Feature","properties":{"country":"China","name":"凤城东","daily_stops":47.4},"geometry":{"type":"Point","coordinates":[124.1287,40.4629]}},{"type":"Feature","properties":{"country":"China","name":"定州东","daily_stops":47.3},"geometry":{"type":"Point","coordinates":[115.0691,38.5078]}},{"type":"Feature","properties":{"country":"China","name":"韶山南","daily_stops":47.1},"geometry":{"type":"Point","coordinates":[112.5424,27.8917]}},{"type":"Feature","properties":{"country":"China","name":"漳浦","daily_stops":47.0},"geometry":{"type":"Point","coordinates":[117.5582,24.0991]}},{"type":"Feature","properties":{"country":"China","name":"北京丰台","daily_stops":46.9},"geometry":{"type":"Point","coordinates":[116.2953,39.85]}},{"type":"Feature","properties":{"country":"China","name":"延安","daily_stops":46.9},"geometry":{"type":"Point","coordinates":[109.4761,36.5567]}},{"type":"Feature","properties":{"country":"China","name":"宣化北","daily_stops":46.9},"geometry":{"type":"Point","coordinates":[115.0425,40.6316]}},{"type":"Feature","properties":{"country":"China","name":"扬州","daily_stops":46.7},"geometry":{"type":"Point","coordinates":[119.3456,32.3917]}},{"type":"Feature","properties":{"country":"China","name":"民权北","daily_stops":46.7},"geometry":{"type":"Point","coordinates":[115.1745,34.6612]}},{"type":"Feature","properties":{"country":"China","name":"重庆东","daily_stops":46.6},"geometry":{"type":"Point","coordinates":[106.6692,29.4871]}},{"type":"Feature","properties":{"country":"China","name":"蛟河西","daily_stops":46.1},"geometry":{"type":"Point","coordinates":[127.2936,43.7267]}},{"type":"Feature","properties":{"country":"China","name":"通化","daily_stops":46.0},"geometry":{"type":"Point","coordinates":[125.9158,41.7756]}},{"type":"Feature","properties":{"country":"China","name":"黔西","daily_stops":45.9},"geometry":{"type":"Point","coordinates":[106.0437,26.9888]}},{"type":"Feature","properties":{"country":"China","name":"太原","daily_stops":45.9},"geometry":{"type":"Point","coordinates":[112.5818,37.86]}},{"type":"Feature","properties":{"country":"China","name":"开封北","daily_stops":45.7},"geometry":{"type":"Point","coordinates":[114.2561,34.8406]}},{"type":"Feature","properties":{"country":"China","name":"惠东","daily_stops":45.6},"geometry":{"type":"Point","coordinates":[114.7372,22.9355]}},{"type":"Feature","properties":{"country":"China","name":"原平西","daily_stops":45.6},"geometry":{"type":"Point","coordinates":[112.6685,38.7381]}},{"type":"Feature","properties":{"country":"China","name":"彭山北","daily_stops":45.4},"geometry":{"type":"Point","coordinates":[103.8596,30.2104]}},{"type":"Feature","properties":{"country":"China","name":"清远","daily_stops":45.3},"geometry":{"type":"Point","coordinates":[113.1295,23.6963]}},{"type":"Feature","properties":{"country":"China","name":"朝阳湖","daily_stops":45.3},"geometry":{"type":"Point","coordinates":[103.4433,30.1698]}},{"type":"Feature","properties":{"country":"China","name":"孝感北","daily_stops":45.3},"geometry":{"type":"Point","coordinates":[114.216,31.5882]}},{"type":"Feature","properties":{"country":"China","name":"合浦","daily_stops":45.0},"geometry":{"type":"Point","coordinates":[109.1831,21.6246]}},{"type":"Feature","properties":{"country":"China","name":"马踏","daily_stops":45.0},"geometry":{"type":"Point","coordinates":[111.3608,21.684]}},{"type":"Feature","properties":{"country":"China","name":"佛坪","daily_stops":44.7},"geometry":{"type":"Point","coordinates":[107.9794,33.5018]}},{"type":"Feature","properties":{"country":"China","name":"汨罗东","daily_stops":44.7},"geometry":{"type":"Point","coordinates":[113.1382,28.7486]}},{"type":"Feature","properties":{"country":"China","name":"新兴南","daily_stops":44.4},"geometry":{"type":"Point","coordinates":[112.2332,22.6447]}},{"type":"Feature","properties":{"country":"China","name":"如皋南","daily_stops":44.3},"geometry":{"type":"Point","coordinates":[120.6231,32.3474]}},{"type":"Feature","properties":{"country":"China","name":"容桂","daily_stops":44.3},"geometry":{"type":"Point","coordinates":[113.3071,22.754]}},{"type":"Feature","properties":{"country":"China","name":"济宁北","daily_stops":44.3},"geometry":{"type":"Point","coordinates":[116.6083,35.5246]}},{"type":"Feature","properties":{"country":"China","name":"兴山","daily_stops":44.3},"geometry":{"type":"Point","coordinates":[110.7455,31.3277]}},{"type":"Feature","properties":{"country":"China","name":"庐江西","daily_stops":44.1},"geometry":{"type":"Point","coordinates":[117.2125,31.2698]}},{"type":"Feature","properties":{"country":"China","name":"雄安","daily_stops":44.0},"geometry":{"type":"Point","coordinates":[116.1541,39.0556]}},{"type":"Feature","properties":{"country":"China","name":"洲心","daily_stops":44.0},"geometry":{"type":"Point","coordinates":[113.1277,23.6953]}},{"type":"Feature","properties":{"country":"China","name":"燕湖","daily_stops":44.0},"geometry":{"type":"Point","coordinates":[113.0843,23.6728]}},{"type":"Feature","properties":{"country":"China","name":"龙塘镇","daily_stops":44.0},"geometry":{"type":"Point","coordinates":[113.0785,23.6087]}},{"type":"Feature","properties":{"country":"China","name":"银盏","daily_stops":44.0},"geometry":{"type":"Point","coordinates":[113.1247,23.552]}},{"type":"Feature","properties":{"country":"China","name":"狮岭","daily_stops":44.0},"geometry":{"type":"Point","coordinates":[113.1431,23.4567]}},{"type":"Feature","properties":{"country":"China","name":"乐同","daily_stops":44.0},"geometry":{"type":"Point","coordinates":[113.1698,23.4261]}},{"type":"Feature","properties":{"country":"China","name":"泰宁","daily_stops":44.0},"geometry":{"type":"Point","coordinates":[117.148,26.9303]}},{"type":"Feature","properties":{"country":"China","name":"绿博园","daily_stops":43.7},"geometry":{"type":"Point","coordinates":[113.9278,34.7815]}},{"type":"Feature","properties":{"country":"China","name":"辛集南","daily_stops":43.7},"geometry":{"type":"Point","coordinates":[115.2048,37.8821]}},{"type":"Feature","properties":{"country":"China","name":"南通","daily_stops":43.7},"geometry":{"type":"Point","coordinates":[120.8558,32.0703]}},{"type":"Feature","properties":{"country":"China","name":"合川","daily_stops":43.6},"geometry":{"type":"Point","coordinates":[106.2746,29.9616]}},{"type":"Feature","properties":{"country":"China","name":"平果","daily_stops":43.6},"geometry":{"type":"Point","coordinates":[107.5613,23.3187]}},{"type":"Feature","properties":{"country":"China","name":"祁东","daily_stops":43.6},"geometry":{"type":"Point","coordinates":[112.0605,26.7627]}},{"type":"Feature","properties":{"country":"China","name":"武夷山北","daily_stops":43.3},"geometry":{"type":"Point","coordinates":[118.0404,27.781]}},{"type":"Feature","properties":{"country":"China","name":"桐城东","daily_stops":43.1},"geometry":{"type":"Point","coordinates":[117.0344,31.0277]}},{"type":"Feature","properties":{"country":"China","name":"涟水","daily_stops":43.1},"geometry":{"type":"Point","coordinates":[119.1915,33.7775]}},{"type":"Feature","properties":{"country":"China","name":"神农架","daily_stops":43.1},"geometry":{"type":"Point","coordinates":[110.9099,31.631]}},{"type":"Feature","properties":{"country":"China","name":"安吉","daily_stops":43.0},"geometry":{"type":"Point","coordinates":[119.6056,30.8183]}},{"type":"Feature","properties":{"country":"China","name":"西安西","daily_stops":43.0},"geometry":{"type":"Point","coordinates":[108.7516,34.2713]}},{"type":"Feature","properties":{"country":"China","name":"雁荡山","daily_stops":43.0},"geometry":{"type":"Point","coordinates":[121.1478,28.3445]}},{"type":"Feature","properties":{"country":"China","name":"岐山","daily_stops":43.0},"geometry":{"type":"Point","coordinates":[107.6083,34.2757]}},{"type":"Feature","properties":{"country":"China","name":"新化南","daily_stops":42.7},"geometry":{"type":"Point","coordinates":[111.155,27.6586]}},{"type":"Feature","properties":{"country":"China","name":"城固北","daily_stops":42.6},"geometry":{"type":"Point","coordinates":[107.3015,33.186]}},{"type":"Feature","properties":{"country":"China","name":"咸阳西","daily_stops":42.6},"geometry":{"type":"Point","coordinates":[108.6627,34.3323]}},{"type":"Feature","properties":{"country":"China","name":"巴东","daily_stops":42.4},"geometry":{"type":"Point","coordinates":[110.3764,31.1636]}},{"type":"Feature","properties":{"country":"China","name":"沙坪坝","daily_stops":42.4},"geometry":{"type":"Point","coordinates":[106.4562,29.5568]}},{"type":"Feature","properties":{"country":"China","name":"双流机场","daily_stops":42.3},"geometry":{"type":"Point","coordinates":[103.9549,30.572]}},{"type":"Feature","properties":{"country":"China","name":"怀来","daily_stops":42.3},"geometry":{"type":"Point","coordinates":[115.5581,40.3767]}},{"type":"Feature","properties":{"country":"China","name":"隆回","daily_stops":42.1},"geometry":{"type":"Point","coordinates":[111.0295,27.1498]}},{"type":"Feature","properties":{"country":"China","name":"小金口","daily_stops":42.1},"geometry":{"type":"Point","coordinates":[114.4133,23.1543]}},{"type":"Feature","properties":{"country":"China","name":"揭阳","daily_stops":42.1},"geometry":{"type":"Point","coordinates":[116.3297,23.6117]}},{"type":"Feature","properties":{"country":"China","name":"临平南","daily_stops":42.1},"geometry":{"type":"Point","coordinates":[120.2918,30.3829]}},{"type":"Feature","properties":{"country":"China","name":"海城西","daily_stops":42.1},"geometry":{"type":"Point","coordinates":[122.6545,40.9122]}},{"type":"Feature","properties":{"country":"China","name":"宁国南","daily_stops":42.0},"geometry":{"type":"Point","coordinates":[118.9349,30.6139]}},{"type":"Feature","properties":{"country":"China","name":"乌海","daily_stops":42.0},"geometry":{"type":"Point","coordinates":[106.794,39.7114]}},{"type":"Feature","properties":{"country":"China","name":"胶州北","daily_stops":42.0},"geometry":{"type":"Point","coordinates":[120.0505,36.396]}},{"type":"Feature","properties":{"country":"China","name":"萧县北","daily_stops":42.0},"geometry":{"type":"Point","coordinates":[116.9362,34.2379]}},{"type":"Feature","properties":{"country":"China","name":"南丰","daily_stops":41.9},"geometry":{"type":"Point","coordinates":[116.5974,27.2894]}},{"type":"Feature","properties":{"country":"China","name":"密云","daily_stops":41.9},"geometry":{"type":"Point","coordinates":[116.8451,40.351]}},{"type":"Feature","properties":{"country":"China","name":"武乡","daily_stops":41.6},"geometry":{"type":"Point","coordinates":[112.7922,36.8498]}},{"type":"Feature","properties":{"country":"China","name":"洞口","daily_stops":41.4},"geometry":{"type":"Point","coordinates":[110.613,27.0986]}},{"type":"Feature","properties":{"country":"China","name":"阳春东","daily_stops":41.4},"geometry":{"type":"Point","coordinates":[111.905,22.1891]}},{"type":"Feature","properties":{"country":"China","name":"平潭","daily_stops":41.4},"geometry":{"type":"Point","coordinates":[119.7774,25.5497]}},{"type":"Feature","properties":{"country":"China","name":"鲘门","daily_stops":41.3},"geometry":{"type":"Point","coordinates":[115.1202,22.8156]}},{"type":"Feature","properties":{"country":"China","name":"惠来","daily_stops":41.3},"geometry":{"type":"Point","coordinates":[116.282,22.9969]}},{"type":"Feature","properties":{"country":"China","name":"神山","daily_stops":41.0},"geometry":{"type":"Point","coordinates":[113.1961,23.3318]}},{"type":"Feature","properties":{"country":"China","name":"江高","daily_stops":41.0},"geometry":{"type":"Point","coordinates":[113.2191,23.2802]}},{"type":"Feature","properties":{"country":"China","name":"白云湖","daily_stops":41.0},"geometry":{"type":"Point","coordinates":[113.2329,23.2275]}},{"type":"Feature","properties":{"country":"China","name":"宿松东","daily_stops":41.0},"geometry":{"type":"Point","coordinates":[116.1703,30.1533]}},{"type":"Feature","properties":{"country":"China","name":"宁海","daily_stops":41.0},"geometry":{"type":"Point","coordinates":[121.4149,29.3393]}},{"type":"Feature","properties":{"country":"China","name":"顺德","daily_stops":40.9},"geometry":{"type":"Point","coordinates":[113.2714,22.8777]}},{"type":"Feature","properties":{"country":"China","name":"罗源","daily_stops":40.7},"geometry":{"type":"Point","coordinates":[119.5721,26.4592]}},{"type":"Feature","properties":{"country":"China","name":"尤溪","daily_stops":40.7},"geometry":{"type":"Point","coordinates":[118.1368,26.1702]}},{"type":"Feature","properties":{"country":"China","name":"建瓯西","daily_stops":40.7},"geometry":{"type":"Point","coordinates":[118.2747,27.0515]}},{"type":"Feature","properties":{"country":"China","name":"邛崃","daily_stops":40.6},"geometry":{"type":"Point","coordinates":[103.4828,30.4138]}},{"type":"Feature","properties":{"country":"China","name":"黄冈东","daily_stops":40.6},"geometry":{"type":"Point","coordinates":[114.9812,30.5092]}},{"type":"Feature","properties":{"country":"China","name":"利川","daily_stops":40.6},"geometry":{"type":"Point","coordinates":[108.936,30.2812]}},{"type":"Feature","properties":{"country":"China","name":"灵宝西","daily_stops":40.6},"geometry":{"type":"Point","coordinates":[110.6837,34.578]}},{"type":"Feature","properties":{"country":"China","name":"宝坻","daily_stops":40.4},"geometry":{"type":"Point","coordinates":[117.2769,39.6632]}},{"type":"Feature","properties":{"country":"China","name":"洋县西","daily_stops":40.4},"geometry":{"type":"Point","coordinates":[107.5186,33.2287]}},{"type":"Feature","properties":{"country":"China","name":"通渭","daily_stops":40.4},"geometry":{"type":"Point","coordinates":[105.2594,35.1963]}},{"type":"Feature","properties":{"country":"China","name":"广通北","daily_stops":40.4},"geometry":{"type":"Point","coordinates":[101.7635,25.1673]}},{"type":"Feature","properties":{"country":"China","name":"海宁西","daily_stops":40.4},"geometry":{"type":"Point","coordinates":[120.3874,30.441]}},{"type":"Feature","properties":{"country":"China","name":"崇州","daily_stops":40.3},"geometry":{"type":"Point","coordinates":[103.6804,30.6127]}},{"type":"Feature","properties":{"country":"China","name":"丰都","daily_stops":40.3},"geometry":{"type":"Point","coordinates":[107.6858,29.8481]}},{"type":"Feature","properties":{"country":"China","name":"祁阳","daily_stops":40.3},"geometry":{"type":"Point","coordinates":[111.8261,26.6125]}},{"type":"Feature","properties":{"country":"China","name":"德惠西","daily_stops":40.1},"geometry":{"type":"Point","coordinates":[125.6703,44.5436]}},{"type":"Feature","properties":{"country":"China","name":"官桥北","daily_stops":40.0},"geometry":{"type":"Point","coordinates":[113.4394,22.9847]}},{"type":"Feature","properties":{"country":"China","name":"东环","daily_stops":40.0},"geometry":{"type":"Point","coordinates":[113.3605,22.9769]}},{"type":"Feature","properties":{"country":"China","name":"包头东","daily_stops":40.0},"geometry":{"type":"Point","coordinates":[110.0187,40.5685]}},{"type":"Feature","properties":{"country":"China","name":"增城","daily_stops":40.0},"geometry":{"type":"Point","coordinates":[113.7944,23.2071]}},{"type":"Feature","properties":{"country":"China","name":"大连","daily_stops":40.0},"geometry":{"type":"Point","coordinates":[121.6277,38.9217]}},{"type":"Feature","properties":{"country":"China","name":"天门","daily_stops":39.9},"geometry":{"type":"Point","coordinates":[113.2071,30.6991]}},{"type":"Feature","properties":{"country":"China","name":"资阳北","daily_stops":39.9},"geometry":{"type":"Point","coordinates":[104.6801,30.1284]}},{"type":"Feature","properties":{"country":"China","name":"大邑","daily_stops":39.4},"geometry":{"type":"Point","coordinates":[103.5332,30.5631]}},{"type":"Feature","properties":{"country":"China","name":"耒阳西","daily_stops":39.3},"geometry":{"type":"Point","coordinates":[112.783,26.4176]}},{"type":"Feature","properties":{"country":"China","name":"咸阳北","daily_stops":39.3},"geometry":{"type":"Point","coordinates":[108.6697,34.4203]}},{"type":"Feature","properties":{"country":"China","name":"扶余北","daily_stops":39.3},"geometry":{"type":"Point","coordinates":[125.9974,45.0061]}},{"type":"Feature","properties":{"country":"China","name":"龙丰","daily_stops":39.1},"geometry":{"type":"Point","coordinates":[114.3897,23.066]}},{"type":"Feature","properties":{"country":"China","name":"惠环","daily_stops":39.1},"geometry":{"type":"Point","coordinates":[114.361,23.0326]}},{"type":"Feature","properties":{"country":"China","name":"沥林北","daily_stops":39.1},"geometry":{"type":"Point","coordinates":[114.2248,22.982]}},{"type":"Feature","properties":{"country":"China","name":"银瓶","daily_stops":39.1},"geometry":{"type":"Point","coordinates":[114.1515,22.9692]}},{"type":"Feature","properties":{"country":"China","name":"樟木头东","daily_stops":39.1},"geometry":{"type":"Point","coordinates":[114.1001,22.9607]}},{"type":"Feature","properties":{"country":"China","name":"常平东","daily_stops":39.1},"geometry":{"type":"Point","coordinates":[114.0355,22.9651]}},{"type":"Feature","properties":{"country":"China","name":"寮步","daily_stops":39.1},"geometry":{"type":"Point","coordinates":[113.8464,22.9921]}},{"type":"Feature","properties":{"country":"China","name":"东城南","daily_stops":39.1},"geometry":{"type":"Point","coordinates":[113.7702,22.9902]}},{"type":"Feature","properties":{"country":"China","name":"道滘","daily_stops":39.1},"geometry":{"type":"Point","coordinates":[113.6538,22.9938]}},{"type":"Feature","properties":{"country":"China","name":"麻涌","daily_stops":39.1},"geometry":{"type":"Point","coordinates":[113.5689,23.0232]}},{"type":"Feature","properties":{"country":"China","name":"兴宁南","daily_stops":39.1},"geometry":{"type":"Point","coordinates":[115.7885,24.1053]}},{"type":"Feature","properties":{"country":"China","name":"黄梅东","daily_stops":39.1},"geometry":{"type":"Point","coordinates":[115.9676,30.0639]}},{"type":"Feature","properties":{"country":"China","name":"龙游","daily_stops":39.1},"geometry":{"type":"Point","coordinates":[119.1601,29.0058]}},{"type":"Feature","properties":{"country":"China","name":"塘沽","daily_stops":39.0},"geometry":{"type":"Point","coordinates":[117.6349,39.0264]}},{"type":"Feature","properties":{"country":"China","name":"桐庐","daily_stops":39.0},"geometry":{"type":"Point","coordinates":[119.7273,29.7917]}},{"type":"Feature","properties":{"country":"China","name":"如皋","daily_stops":39.0},"geometry":{"type":"Point","coordinates":[120.6018,32.3859]}},{"type":"Feature","properties":{"country":"China","name":"灌南","daily_stops":39.0},"geometry":{"type":"Point","coordinates":[119.2745,34.1001]}},{"type":"Feature","properties":{"country":"China","name":"茌平南","daily_stops":39.0},"geometry":{"type":"Point","coordinates":[116.2278,36.528]}},{"type":"Feature","properties":{"country":"China","name":"滑浚","daily_stops":39.0},"geometry":{"type":"Point","coordinates":[114.5471,35.6175]}},{"type":"Feature","properties":{"country":"China","name":"丰城东","daily_stops":38.9},"geometry":{"type":"Point","coordinates":[115.8059,28.1687]}},{"type":"Feature","properties":{"country":"China","name":"奉节","daily_stops":38.7},"geometry":{"type":"Point","coordinates":[109.3686,31.0283]}},{"type":"Feature","properties":{"country":"China","name":"砀山南","daily_stops":38.6},"geometry":{"type":"Point","coordinates":[116.2979,34.3874]}},{"type":"Feature","properties":{"country":"China","name":"邓州东","daily_stops":38.3},"geometry":{"type":"Point","coordinates":[112.2606,32.5985]}},{"type":"Feature","properties":{"country":"China","name":"高安","daily_stops":38.3},"geometry":{"type":"Point","coordinates":[115.3798,28.4742]}},{"type":"Feature","properties":{"country":"China","name":"普者黑","daily_stops":38.3},"geometry":{"type":"Point","coordinates":[104.1771,23.9713]}},{"type":"Feature","properties":{"country":"China","name":"大朗镇","daily_stops":38.1},"geometry":{"type":"Point","coordinates":[113.9437,22.9571]}},{"type":"Feature","properties":{"country":"China","name":"峨眉山","daily_stops":38.1},"geometry":{"type":"Point","coordinates":[103.4647,29.5786]}},{"type":"Feature","properties":{"country":"China","name":"桐梓东","daily_stops":38.1},"geometry":{"type":"Point","coordinates":[106.833,28.1187]}},{"type":"Feature","properties":{"country":"China","name":"从江","daily_stops":38.1},"geometry":{"type":"Point","coordinates":[109.1103,25.9122]}},{"type":"Feature","properties":{"country":"China","name":"建宁县北","daily_stops":38.1},"geometry":{"type":"Point","coordinates":[116.8662,26.9191]}},{"type":"Feature","properties":{"country":"China","name":"云阳","daily_stops":38.1},"geometry":{"type":"Point","coordinates":[108.7201,31.0]}},{"type":"Feature","properties":{"country":"China","name":"仙居","daily_stops":38.0},"geometry":{"type":"Point","coordinates":[120.6394,28.8249]}},{"type":"Feature","properties":{"country":"China","name":"海阳","daily_stops":38.0},"geometry":{"type":"Point","coordinates":[121.1754,36.7169]}},{"type":"Feature","properties":{"country":"China","name":"虎门东","daily_stops":38.0},"geometry":{"type":"Point","coordinates":[113.6884,22.8314]}},{"type":"Feature","properties":{"country":"China","name":"长安西","daily_stops":38.0},"geometry":{"type":"Point","coordinates":[113.7241,22.7883]}},{"type":"Feature","properties":{"country":"China","name":"长安","daily_stops":38.0},"geometry":{"type":"Point","coordinates":[113.7588,22.7819]}},{"type":"Feature","properties":{"country":"China","name":"沙井西","daily_stops":38.0},"geometry":{"type":"Point","coordinates":[113.7882,22.7364]}},{"type":"Feature","properties":{"country":"China","name":"福海西","daily_stops":38.0},"geometry":{"type":"Point","coordinates":[113.7845,22.6928]}},{"type":"Feature","properties":{"country":"China","name":"深圳机场北","daily_stops":38.0},"geometry":{"type":"Point","coordinates":[113.7927,22.6539]}},{"type":"Feature","properties":{"country":"China","name":"彬州东","daily_stops":38.0},"geometry":{"type":"Point","coordinates":[108.1202,35.0362]}},{"type":"Feature","properties":{"country":"China","name":"新沂南","daily_stops":38.0},"geometry":{"type":"Point","coordinates":[118.326,34.3298]}},{"type":"Feature","properties":{"country":"China","name":"怀安","daily_stops":37.7},"geometry":{"type":"Point","coordinates":[114.3936,40.6844]}},{"type":"Feature","properties":{"country":"China","name":"苏州园区","daily_stops":37.7},"geometry":{"type":"Point","coordinates":[120.7066,31.3427]}},{"type":"Feature","properties":{"country":"China","name":"蕲春南","daily_stops":37.6},"geometry":{"type":"Point","coordinates":[115.4022,30.2056]}},{"type":"Feature","properties":{"country":"China","name":"崖州","daily_stops":37.6},"geometry":{"type":"Point","coordinates":[109.1535,18.3782]}},{"type":"Feature","properties":{"country":"China","name":"潜山","daily_stops":37.6},"geometry":{"type":"Point","coordinates":[116.6121,30.5763]}},{"type":"Feature","properties":{"country":"China","name":"阜宁南","daily_stops":37.4},"geometry":{"type":"Point","coordinates":[119.639,33.5739]}},{"type":"Feature","properties":{"country":"China","name":"岚山西","daily_stops":37.4},"geometry":{"type":"Point","coordinates":[119.2709,35.1875]}},{"type":"Feature","properties":{"country":"China","name":"德安","daily_stops":37.4},"geometry":{"type":"Point","coordinates":[115.7619,29.3118]}},{"type":"Feature","properties":{"country":"China","name":"贵安","daily_stops":37.3},"geometry":{"type":"Point","coordinates":[106.4806,26.4696]}},{"type":"Feature","properties":{"country":"China","name":"景州","daily_stops":37.3},"geometry":{"type":"Point","coordinates":[116.1327,37.6452]}},{"type":"Feature","properties":{"country":"China","name":"赤峰","daily_stops":37.3},"geometry":{"type":"Point","coordinates":[118.8959,42.2738]}},{"type":"Feature","properties":{"country":"China","name":"霍州东","daily_stops":37.3},"geometry":{"type":"Point","coordinates":[111.831,36.5648]}},{"type":"Feature","properties":{"country":"China","name":"金山北","daily_stops":37.1},"geometry":{"type":"Point","coordinates":[121.0847,30.8965]}},{"type":"Feature","properties":{"country":"China","name":"大港南","daily_stops":37.1},"geometry":{"type":"Point","coordinates":[119.6727,32.1353]}},{"type":"Feature","properties":{"country":"China","name":"灌云","daily_stops":37.1},"geometry":{"type":"Point","coordinates":[119.3029,34.2894]}},{"type":"Feature","properties":{"country":"China","name":"洪洞西","daily_stops":37.1},"geometry":{"type":"Point","coordinates":[111.5757,36.2554]}},{"type":"Feature","properties":{"country":"China","name":"太湖南","daily_stops":37.1},"geometry":{"type":"Point","coordinates":[116.3579,30.4108]}},{"type":"Feature","properties":{"country":"China","name":"泉州东","daily_stops":37.1},"geometry":{"type":"Point","coordinates":[118.7658,24.9247]}},{"type":"Feature","properties":{"country":"China","name":"厚街","daily_stops":37.0},"geometry":{"type":"Point","coordinates":[113.6456,22.9005]}},{"type":"Feature","properties":{"country":"China","name":"东莞港","daily_stops":37.0},"geometry":{"type":"Point","coordinates":[113.6062,22.9106]}},{"type":"Feature","properties":{"country":"China","name":"洪梅","daily_stops":37.0},"geometry":{"type":"Point","coordinates":[113.6127,22.9832]}},{"type":"Feature","properties":{"country":"China","name":"望牛墩","daily_stops":37.0},"geometry":{"type":"Point","coordinates":[113.6231,23.0388]}},{"type":"Feature","properties":{"country":"China","name":"中堂","daily_stops":37.0},"geometry":{"type":"Point","coordinates":[113.6163,23.0788]}},{"type":"Feature","properties":{"country":"China","name":"章丘","daily_stops":37.0},"geometry":{"type":"Point","coordinates":[117.4939,36.7222]}},{"type":"Feature","properties":{"country":"China","name":"鸡西西","daily_stops":37.0},"geometry":{"type":"Point","coordinates":[130.8148,45.3088]}},{"type":"Feature","properties":{"country":"China","name":"南城","daily_stops":36.9},"geometry":{"type":"Point","coordinates":[116.6111,27.5671]}},{"type":"Feature","properties":{"country":"China","name":"祥云","daily_stops":36.7},"geometry":{"type":"Point","coordinates":[100.5571,25.4537]}},{"type":"Feature","properties":{"country":"China","name":"保康县","daily_stops":36.7},"geometry":{"type":"Point","coordinates":[111.2213,31.745]}},{"type":"Feature","properties":{"country":"China","name":"石柱县","daily_stops":36.6},"geometry":{"type":"Point","coordinates":[108.0932,29.9674]}},{"type":"Feature","properties":{"country":"China","name":"乐东","daily_stops":36.6},"geometry":{"type":"Point","coordinates":[108.935,18.4472]}},{"type":"Feature","properties":{"country":"China","name":"钟山西","daily_stops":36.6},"geometry":{"type":"Point","coordinates":[111.3268,24.5552]}},{"type":"Feature","properties":{"country":"China","name":"惠东南","daily_stops":36.4},"geometry":{"type":"Point","coordinates":[114.7897,22.8476]}},{"type":"Feature","properties":{"country":"China","name":"宁县","daily_stops":36.4},"geometry":{"type":"Point","coordinates":[107.9403,35.4848]}},{"type":"Feature","properties":{"country":"China","name":"永福南","daily_stops":36.4},"geometry":{"type":"Point","coordinates":[109.9941,25.0013]}},{"type":"Feature","properties":{"country":"China","name":"将乐","daily_stops":36.4},"geometry":{"type":"Point","coordinates":[117.4731,26.6984]}},{"type":"Feature","properties":{"country":"China","name":"云梦东","daily_stops":36.4},"geometry":{"type":"Point","coordinates":[113.7789,31.0481]}},{"type":"Feature","properties":{"country":"China","name":"泗阳","daily_stops":36.3},"geometry":{"type":"Point","coordinates":[118.7088,33.756]}},{"type":"Feature","properties":{"country":"China","name":"三门县","daily_stops":36.3},"geometry":{"type":"Point","coordinates":[121.3588,29.0579]}},{"type":"Feature","properties":{"country":"China","name":"樟树东","daily_stops":36.0},"geometry":{"type":"Point","coordinates":[115.5957,27.9682]}},{"type":"Feature","properties":{"country":"China","name":"衡山西","daily_stops":35.9},"geometry":{"type":"Point","coordinates":[112.7838,27.2511]}},{"type":"Feature","properties":{"country":"China","name":"铜仁南","daily_stops":35.9},"geometry":{"type":"Point","coordinates":[108.9713,27.2824]}},{"type":"Feature","properties":{"country":"China","name":"太谷西","daily_stops":35.7},"geometry":{"type":"Point","coordinates":[112.503,37.4475]}},{"type":"Feature","properties":{"country":"China","name":"定远","daily_stops":35.6},"geometry":{"type":"Point","coordinates":[117.8369,32.5775]}},{"type":"Feature","properties":{"country":"China","name":"闻喜西","daily_stops":35.4},"geometry":{"type":"Point","coordinates":[111.1736,35.3369]}},{"type":"Feature","properties":{"country":"China","name":"高碑店东","daily_stops":35.4},"geometry":{"type":"Point","coordinates":[115.9407,39.2879]}},{"type":"Feature","properties":{"country":"China","name":"瑞昌西","daily_stops":35.3},"geometry":{"type":"Point","coordinates":[115.629,29.6626]}},{"type":"Feature","properties":{"country":"China","name":"仙桃西","daily_stops":35.3},"geometry":{"type":"Point","coordinates":[113.134,30.4273]}},{"type":"Feature","properties":{"country":"China","name":"睢宁","daily_stops":35.1},"geometry":{"type":"Point","coordinates":[117.9315,33.9539]}},{"type":"Feature","properties":{"country":"China","name":"凤台南","daily_stops":35.0},"geometry":{"type":"Point","coordinates":[116.6173,32.6386]}},{"type":"Feature","properties":{"country":"China","name":"乳山南","daily_stops":35.0},"geometry":{"type":"Point","coordinates":[121.5527,36.8758]}},{"type":"Feature","properties":{"country":"China","name":"揭阳机场","daily_stops":35.0},"geometry":{"type":"Point","coordinates":[116.5123,23.5477]}},{"type":"Feature","properties":{"country":"China","name":"临泉","daily_stops":35.0},"geometry":{"type":"Point","coordinates":[115.372,33.0244]}},{"type":"Feature","properties":{"country":"China","name":"邳州东","daily_stops":35.0},"geometry":{"type":"Point","coordinates":[118.0081,34.3249]}},{"type":"Feature","properties":{"country":"China","name":"东海县","daily_stops":35.0},"geometry":{"type":"Point","coordinates":[118.7631,34.5173]}},{"type":"Feature","properties":{"country":"China","name":"渑池南","daily_stops":34.9},"geometry":{"type":"Point","coordinates":[111.7683,34.6863]}},{"type":"Feature","properties":{"country":"China","name":"长汀南","daily_stops":34.9},"geometry":{"type":"Point","coordinates":[116.3528,25.7693]}},{"type":"Feature","properties":{"country":"China","name":"日照","daily_stops":34.7},"geometry":{"type":"Point","coordinates":[119.5256,35.4057]}},{"type":"Feature","properties":{"country":"China","name":"祁县东","daily_stops":34.7},"geometry":{"type":"Point","coordinates":[112.3507,37.323]}},{"type":"Feature","properties":{"country":"China","name":"浠水南","daily_stops":34.6},"geometry":{"type":"Point","coordinates":[115.2354,30.4137]}},{"type":"Feature","properties":{"country":"China","name":"河东机场","daily_stops":34.6},"geometry":{"type":"Point","coordinates":[106.3819,38.3218]}},{"type":"Feature","properties":{"country":"China","name":"南靖","daily_stops":34.6},"geometry":{"type":"Point","coordinates":[117.4439,24.5817]}},{"type":"Feature","properties":{"country":"China","name":"北戴河","daily_stops":34.4},"geometry":{"type":"Point","coordinates":[119.4137,39.8496]}},{"type":"Feature","properties":{"country":"China","name":"永济北","daily_stops":34.4},"geometry":{"type":"Point","coordinates":[110.4192,35.0283]}},{"type":"Feature","properties":{"country":"China","name":"潼南","daily_stops":34.4},"geometry":{"type":"Point","coordinates":[105.8742,30.2224]}},{"type":"Feature","properties":{"country":"China","name":"无为","daily_stops":34.4},"geometry":{"type":"Point","coordinates":[117.9639,31.3064]}},{"type":"Feature","properties":{"country":"China","name":"巨野北","daily_stops":34.3},"geometry":{"type":"Point","coordinates":[116.069,35.447]}},{"type":"Feature","properties":{"country":"China","name":"环县","daily_stops":34.3},"geometry":{"type":"Point","coordinates":[107.3704,36.5159]}},{"type":"Feature","properties":{"country":"China","name":"广宁","daily_stops":34.1},"geometry":{"type":"Point","coordinates":[112.421,23.5876]}},{"type":"Feature","properties":{"country":"China","name":"舒城东","daily_stops":34.1},"geometry":{"type":"Point","coordinates":[117.042,31.487]}},{"type":"Feature","properties":{"country":"China","name":"亚龙湾","daily_stops":34.1},"geometry":{"type":"Point","coordinates":[109.5983,18.3044]}},{"type":"Feature","properties":{"country":"China","name":"灵石东","daily_stops":34.1},"geometry":{"type":"Point","coordinates":[111.9094,36.8793]}},{"type":"Feature","properties":{"country":"China","name":"枣阳","daily_stops":34.0},"geometry":{"type":"Point","coordinates":[112.756,32.0722]}},{"type":"Feature","properties":{"country":"China","name":"颍上北","daily_stops":34.0},"geometry":{"type":"Point","coordinates":[116.2059,32.6812]}},{"type":"Feature","properties":{"country":"China","name":"衢州西","daily_stops":34.0},"geometry":{"type":"Point","coordinates":[118.8006,28.9612]}},{"type":"Feature","properties":{"country":"China","name":"水家湖","daily_stops":34.0},"geometry":{"type":"Point","coordinates":[117.1641,32.4854]}},{"type":"Feature","properties":{"country":"China","name":"黄流","daily_stops":34.0},"geometry":{"type":"Point","coordinates":[108.8273,18.5304]}},{"type":"Feature","properties":{"country":"China","name":"方正","daily_stops":34.0},"geometry":{"type":"Point","coordinates":[128.8001,45.8654]}},{"type":"Feature","properties":{"country":"China","name":"七台河西","daily_stops":34.0},"geometry":{"type":"Point","coordinates":[130.7738,45.7423]}},{"type":"Feature","properties":{"country":"China","name":"昌图西","daily_stops":34.0},"geometry":{"type":"Point","coordinates":[124.0606,42.7755]}},{"type":"Feature","properties":{"country":"China","name":"荣昌北","daily_stops":34.0},"geometry":{"type":"Point","coordinates":[105.6328,29.4362]}},{"type":"Feature","properties":{"country":"China","name":"南漳","daily_stops":33.7},"geometry":{"type":"Point","coordinates":[111.8613,31.8033]}},{"type":"Feature","properties":{"country":"China","name":"连江","daily_stops":33.7},"geometry":{"type":"Point","coordinates":[119.5627,26.1977]}},{"type":"Feature","properties":{"country":"China","name":"下花园北","daily_stops":33.7},"geometry":{"type":"Point","coordinates":[115.2953,40.5021]}},{"type":"Feature","properties":{"country":"China","name":"平原东","daily_stops":33.6},"geometry":{"type":"Point","coordinates":[116.5763,37.2173]}},{"type":"Feature","properties":{"country":"China","name":"肇东","daily_stops":33.6},"geometry":{"type":"Point","coordinates":[125.9927,46.0755]}},{"type":"Feature","properties":{"country":"China","name":"涿州东","daily_stops":33.6},"geometry":{"type":"Point","coordinates":[116.0474,39.4586]}},{"type":"Feature","properties":{"country":"China","name":"郏县","daily_stops":33.4},"geometry":{"type":"Point","coordinates":[113.2644,33.9467]}},{"type":"Feature","properties":{"country":"China","name":"宁强南","daily_stops":33.3},"geometry":{"type":"Point","coordinates":[106.2851,32.8238]}},{"type":"Feature","properties":{"country":"China","name":"邵阳北","daily_stops":33.3},"geometry":{"type":"Point","coordinates":[111.499,27.5776]}},{"type":"Feature","properties":{"country":"China","name":"十堰东","daily_stops":33.1},"geometry":{"type":"Point","coordinates":[110.8188,32.7098]}},{"type":"Feature","properties":{"country":"China","name":"五华","daily_stops":33.1},"geometry":{"type":"Point","coordinates":[115.6276,24.0595]}},{"type":"Feature","properties":{"country":"China","name":"建湖","daily_stops":33.0},"geometry":{"type":"Point","coordinates":[119.789,33.508]}},{"type":"Feature","properties":{"country":"China","name":"广德南","daily_stops":33.0},"geometry":{"type":"Point","coordinates":[119.4126,30.857]}},{"type":"Feature","properties":{"country":"China","name":"余干","daily_stops":33.0},"geometry":{"type":"Point","coordinates":[116.6439,28.7732]}},{"type":"Feature","properties":{"country":"China","name":"田阳","daily_stops":33.0},"geometry":{"type":"Point","coordinates":[106.9324,23.7688]}},{"type":"Feature","properties":{"country":"China","name":"扶沟南","daily_stops":33.0},"geometry":{"type":"Point","coordinates":[114.3813,33.9977]}},{"type":"Feature","properties":{"country":"China","name":"南宁北","daily_stops":32.9},"geometry":{"type":"Point","coordinates":[108.2331,23.159]}},{"type":"Feature","properties":{"country":"China","name":"平度","daily_stops":32.7},"geometry":{"type":"Point","coordinates":[119.9731,36.8067]}},{"type":"Feature","properties":{"country":"China","name":"武穴北","daily_stops":32.6},"geometry":{"type":"Point","coordinates":[115.6815,30.0051]}},{"type":"Feature","properties":{"country":"China","name":"广汉北","daily_stops":32.6},"geometry":{"type":"Point","coordinates":[104.2731,31.0117]}},{"type":"Feature","properties":{"country":"China","name":"龙口市","daily_stops":32.6},"geometry":{"type":"Point","coordinates":[120.5179,37.6183]}},{"type":"Feature","properties":{"country":"China","name":"临高南","daily_stops":32.6},"geometry":{"type":"Point","coordinates":[109.7551,19.8696]}},{"type":"Feature","properties":{"country":"China","name":"正定机场","daily_stops":32.6},"geometry":{"type":"Point","coordinates":[114.7033,38.2513]}},{"type":"Feature","properties":{"country":"China","name":"淮南东","daily_stops":32.6},"geometry":{"type":"Point","coordinates":[117.1451,32.6477]}},{"type":"Feature","properties":{"country":"China","name":"霸州西","daily_stops":32.6},"geometry":{"type":"Point","coordinates":[116.3442,39.0924]}},{"type":"Feature","properties":{"country":"China","name":"安达","daily_stops":32.4},"geometry":{"type":"Point","coordinates":[125.3152,46.4003]}},{"type":"Feature","properties":{"country":"China","name":"八达岭长城","daily_stops":32.4},"geometry":{"type":"Point","coordinates":[116.0051,40.3603]}},{"type":"Feature","properties":{"country":"China","name":"固安东","daily_stops":32.3},"geometry":{"type":"Point","coordinates":[116.3983,39.3711]}},{"type":"Feature","properties":{"country":"China","name":"句容","daily_stops":32.3},"geometry":{"type":"Point","coordinates":[119.1667,31.9226]}},{"type":"Feature","properties":{"country":"China","name":"白沟","daily_stops":32.3},"geometry":{"type":"Point","coordinates":[116.0867,39.086]}},{"type":"Feature","properties":{"country":"China","name":"兴隆县西","daily_stops":32.3},"geometry":{"type":"Point","coordinates":[117.4756,40.4127]}},{"type":"Feature","properties":{"country":"China","name":"六盘水","daily_stops":32.1},"geometry":{"type":"Point","coordinates":[104.8501,26.5941]}},{"type":"Feature","properties":{"country":"China","name":"全椒","daily_stops":32.1},"geometry":{"type":"Point","coordinates":[118.2774,32.0623]}},{"type":"Feature","properties":{"country":"China","name":"滦河","daily_stops":32.1},"geometry":{"type":"Point","coordinates":[118.6665,39.8529]}},{"type":"Feature","properties":{"country":"China","name":"寿县","daily_stops":32.1},"geometry":{"type":"Point","coordinates":[116.8006,32.5951]}},{"type":"Feature","properties":{"country":"China","name":"赤壁北","daily_stops":32.1},"geometry":{"type":"Point","coordinates":[113.8948,29.7394]}},{"type":"Feature","properties":{"country":"China","name":"贾鲁河","daily_stops":32.0},"geometry":{"type":"Point","coordinates":[113.8438,34.7761]}},{"type":"Feature","properties":{"country":"China","name":"黔江","daily_stops":32.0},"geometry":{"type":"Point","coordinates":[108.7899,29.4442]}},{"type":"Feature","properties":{"country":"China","name":"禹城东","daily_stops":32.0},"geometry":{"type":"Point","coordinates":[116.6856,37.0628]}},{"type":"Feature","properties":{"country":"China","name":"汕头南","daily_stops":32.0},"geometry":{"type":"Point","coordinates":[116.6731,23.2322]}},{"type":"Feature","properties":{"country":"China","name":"沈丘北","daily_stops":32.0},"geometry":{"type":"Point","coordinates":[115.1016,33.4246]}},{"type":"Feature","properties":{"country":"China","name":"桃源","daily_stops":32.0},"geometry":{"type":"Point","coordinates":[111.3937,28.9075]}},{"type":"Feature","properties":{"country":"China","name":"雁门关","daily_stops":31.9},"geometry":{"type":"Point","coordinates":[112.7919,39.0484]}},{"type":"Feature","properties":{"country":"China","name":"神州","daily_stops":31.7},"geometry":{"type":"Point","coordinates":[110.3034,18.7265]}},{"type":"Feature","properties":{"country":"China","name":"宜城","daily_stops":31.7},"geometry":{"type":"Point","coordinates":[112.1923,31.7192]}},{"type":"Feature","properties":{"country":"China","name":"安陆西","daily_stops":31.6},"geometry":{"type":"Point","coordinates":[113.6471,31.2568]}},{"type":"Feature","properties":{"country":"China","name":"长葛北","daily_stops":31.6},"geometry":{"type":"Point","coordinates":[113.7288,34.2524]}},{"type":"Feature","properties":{"country":"China","name":"怀柔南","daily_stops":31.6},"geometry":{"type":"Point","coordinates":[116.6989,40.2772]}},{"type":"Feature","properties":{"country":"China","name":"蓬莱","daily_stops":31.6},"geometry":{"type":"Point","coordinates":[120.7966,37.7568]}},{"type":"Feature","properties":{"country":"China","name":"胜芳","daily_stops":31.6},"geometry":{"type":"Point","coordinates":[116.7535,39.1377]}},{"type":"Feature","properties":{"country":"China","name":"玉山南","daily_stops":31.6},"geometry":{"type":"Point","coordinates":[118.2881,28.6501]}},{"type":"Feature","properties":{"country":"China","name":"福安","daily_stops":31.6},"geometry":{"type":"Point","coordinates":[119.7128,26.8374]}},{"type":"Feature","properties":{"country":"China","name":"太和东","daily_stops":31.4},"geometry":{"type":"Point","coordinates":[115.7221,33.158]}},{"type":"Feature","properties":{"country":"China","name":"尚志南","daily_stops":31.4},"geometry":{"type":"Point","coordinates":[127.9468,45.1938]}},{"type":"Feature","properties":{"country":"China","name":"应县西","daily_stops":31.3},"geometry":{"type":"Point","coordinates":[113.0067,39.6232]}},{"type":"Feature","properties":{"country":"China","name":"英德西","daily_stops":31.3},"geometry":{"type":"Point","coordinates":[113.3449,24.1625]}},{"type":"Feature","properties":{"country":"China","name":"滨海港","daily_stops":31.1},"geometry":{"type":"Point","coordinates":[119.855,34.0599]}},{"type":"Feature","properties":{"country":"China","name":"黄山西","daily_stops":31.0},"geometry":{"type":"Point","coordinates":[118.0847,30.2797]}},{"type":"Feature","properties":{"country":"China","name":"黄冈西","daily_stops":31.0},"geometry":{"type":"Point","coordinates":[114.8834,30.5069]}},{"type":"Feature","properties":{"country":"China","name":"田东北","daily_stops":31.0},"geometry":{"type":"Point","coordinates":[107.1378,23.6857]}},{"type":"Feature","properties":{"country":"China","name":"费县北","daily_stops":31.0},"geometry":{"type":"Point","coordinates":[117.9304,35.3194]}},{"type":"Feature","properties":{"country":"China","name":"涵江","daily_stops":30.9},"geometry":{"type":"Point","coordinates":[119.1708,25.4944]}},{"type":"Feature","properties":{"country":"China","name":"喀左","daily_stops":30.7},"geometry":{"type":"Point","coordinates":[119.8001,41.2222]}},{"type":"Feature","properties":{"country":"China","name":"巫山","daily_stops":30.7},"geometry":{"type":"Point","coordinates":[109.9148,31.1319]}},{"type":"Feature","properties":{"country":"China","name":"桐庐东","daily_stops":30.3},"geometry":{"type":"Point","coordinates":[119.7597,29.8575]}},{"type":"Feature","properties":{"country":"China","name":"罗浮山","daily_stops":30.3},"geometry":{"type":"Point","coordinates":[114.0648,23.1973]}},{"type":"Feature","properties":{"country":"China","name":"阜宁东","daily_stops":30.1},"geometry":{"type":"Point","coordinates":[119.9343,33.8005]}},{"type":"Feature","properties":{"country":"China","name":"成都西","daily_stops":30.1},"geometry":{"type":"Point","coordinates":[103.9775,30.6879]}},{"type":"Feature","properties":{"country":"China","name":"黟县东","daily_stops":30.0},"geometry":{"type":"Point","coordinates":[118.0429,29.8873]}},{"type":"Feature","properties":{"country":"China","name":"白银南","daily_stops":30.0},"geometry":{"type":"Point","coordinates":[104.1792,36.4785]}},{"type":"Feature","properties":{"country":"China","name":"隆安东","daily_stops":30.0},"geometry":{"type":"Point","coordinates":[107.702,23.1378]}},{"type":"Feature","properties":{"country":"China","name":"张掖西","daily_stops":30.0},"geometry":{"type":"Point","coordinates":[100.4266,38.9225]}},{"type":"Feature","properties":{"country":"China","name":"芙蓉镇","daily_stops":30.0},"geometry":{"type":"Point","coordinates":[109.982,28.773]}},{"type":"Feature","properties":{"country":"China","name":"依兰","daily_stops":30.0},"geometry":{"type":"Point","coordinates":[129.6,46.2772]}},{"type":"Feature","properties":{"country":"China","name":"双鸭山西","daily_stops":30.0},"geometry":{"type":"Point","coordinates":[131.0828,46.7094]}},{"type":"Feature","properties":{"country":"China","name":"山阴南","daily_stops":29.9},"geometry":{"type":"Point","coordinates":[112.8321,39.4917]}},{"type":"Feature","properties":{"country":"China","name":"龙洞堡","daily_stops":29.7},"geometry":{"type":"Point","coordinates":[106.7957,26.5455]}},{"type":"Feature","properties":{"country":"China","name":"宁城","daily_stops":29.6},"geometry":{"type":"Point","coordinates":[119.3135,41.6133]}},{"type":"Feature","properties":{"country":"China","name":"棋子湾","daily_stops":29.6},"geometry":{"type":"Point","coordinates":[108.8041,19.3392]}},{"type":"Feature","properties":{"country":"China","name":"老城镇","daily_stops":29.6},"geometry":{"type":"Point","coordinates":[110.1132,19.9339]}},{"type":"Feature","properties":{"country":"China","name":"怀仁东","daily_stops":29.6},"geometry":{"type":"Point","coordinates":[113.1565,39.7919]}},{"type":"Feature","properties":{"country":"China","name":"襄汾西","daily_stops":29.6},"geometry":{"type":"Point","coordinates":[111.3304,35.8386]}},{"type":"Feature","properties":{"country":"China","name":"花溪大学城","daily_stops":29.4},"geometry":{"type":"Point","coordinates":[106.6224,26.3977]}},{"type":"Feature","properties":{"country":"China","name":"綦江东","daily_stops":29.4},"geometry":{"type":"Point","coordinates":[106.6587,29.0263]}},{"type":"Feature","properties":{"country":"China","name":"高坪","daily_stops":29.4},"geometry":{"type":"Point","coordinates":[110.0849,30.6667]}},{"type":"Feature","properties":{"country":"China","name":"东安东","daily_stops":29.4},"geometry":{"type":"Point","coordinates":[111.3319,26.3811]}},{"type":"Feature","properties":{"country":"China","name":"新干东","daily_stops":29.4},"geometry":{"type":"Point","coordinates":[115.4218,27.747]}},{"type":"Feature","properties":{"country":"China","name":"建始","daily_stops":29.3},"geometry":{"type":"Point","coordinates":[109.7235,30.5698]}},{"type":"Feature","properties":{"country":"China","name":"锦州北","daily_stops":29.1},"geometry":{"type":"Point","coordinates":[121.1214,41.1792]}},{"type":"Feature","properties":{"country":"China","name":"丰顺东","daily_stops":29.1},"geometry":{"type":"Point","coordinates":[116.1861,23.807]}},{"type":"Feature","properties":{"country":"China","name":"公主岭南","daily_stops":29.1},"geometry":{"type":"Point","coordinates":[124.8097,43.4709]}},{"type":"Feature","properties":{"country":"China","name":"铜仁","daily_stops":29.1},"geometry":{"type":"Point","coordinates":[109.1997,27.7433]}},{"type":"Feature","properties":{"country":"China","name":"三江南","daily_stops":29.0},"geometry":{"type":"Point","coordinates":[109.5716,25.7287]}},{"type":"Feature","properties":{"country":"China","name":"浦江","daily_stops":29.0},"geometry":{"type":"Point","coordinates":[119.978,29.4934]}},{"type":"Feature","properties":{"country":"China","name":"武威东","daily_stops":29.0},"geometry":{"type":"Point","coordinates":[102.6893,37.9524]}},{"type":"Feature","properties":{"country":"China","name":"太谷东","daily_stops":29.0},"geometry":{"type":"Point","coordinates":[112.6206,37.4524]}},{"type":"Feature","properties":{"country":"China","name":"铜陵北","daily_stops":29.0},"geometry":{"type":"Point","coordinates":[118.0161,31.0157]}},{"type":"Feature","properties":{"country":"China","name":"界首南","daily_stops":29.0},"geometry":{"type":"Point","coordinates":[115.3198,33.2245]}},{"type":"Feature","properties":{"country":"China","name":"瑞金","daily_stops":29.0},"geometry":{"type":"Point","coordinates":[116.0511,25.8666]}},{"type":"Feature","properties":{"country":"China","name":"全州南","daily_stops":28.9},"geometry":{"type":"Point","coordinates":[111.0365,25.9561]}},{"type":"Feature","properties":{"country":"China","name":"亚布力西","daily_stops":28.9},"geometry":{"type":"Point","coordinates":[128.5806,44.9081]}},{"type":"Feature","properties":{"country":"China","name":"广南县","daily_stops":28.6},"geometry":{"type":"Point","coordinates":[105.0496,24.0366]}},{"type":"Feature","properties":{"country":"China","name":"石林西","daily_stops":28.6},"geometry":{"type":"Point","coordinates":[103.241,24.66]}},{"type":"Feature","properties":{"country":"China","name":"长清","daily_stops":28.6},"geometry":{"type":"Point","coordinates":[116.7268,36.5654]}},{"type":"Feature","properties":{"country":"China","name":"上海西","daily_stops":28.4},"geometry":{"type":"Point","coordinates":[121.3982,31.2646]}},{"type":"Feature","properties":{"country":"China","name":"汉川北","daily_stops":28.4},"geometry":{"type":"Point","coordinates":[113.848,30.7075]}},{"type":"Feature","properties":{"country":"China","name":"富阳西","daily_stops":28.3},"geometry":{"type":"Point","coordinates":[119.8566,30.0484]}},{"type":"Feature","properties":{"country":"China","name":"抚州东","daily_stops":28.1},"geometry":{"type":"Point","coordinates":[116.6119,28.2639]}},{"type":"Feature","properties":{"country":"China","name":"响水县","daily_stops":28.1},"geometry":{"type":"Point","coordinates":[119.6826,34.1933]}},{"type":"Feature","properties":{"country":"China","name":"巩义南","daily_stops":28.1},"geometry":{"type":"Point","coordinates":[112.9106,34.6717]}},{"type":"Feature","properties":{"country":"China","name":"和平北","daily_stops":28.1},"geometry":{"type":"Point","coordinates":[114.9549,24.4755]}},{"type":"Feature","properties":{"country":"China","name":"天河机场","daily_stops":28.0},"geometry":{"type":"Point","coordinates":[114.2114,30.7727]}},{"type":"Feature","properties":{"country":"China","name":"九华山","daily_stops":28.0},"geometry":{"type":"Point","coordinates":[117.8514,30.5982]}},{"type":"Feature","properties":{"country":"China","name":"歙县北","daily_stops":28.0},"geometry":{"type":"Point","coordinates":[118.4052,29.9244]}},{"type":"Feature","properties":{"country":"China","name":"焦作西","daily_stops":28.0},"geometry":{"type":"Point","coordinates":[113.0559,35.2089]}},{"type":"Feature","properties":{"country":"China","name":"许昌北","daily_stops":28.0},"geometry":{"type":"Point","coordinates":[113.9243,34.1444]}},{"type":"Feature","properties":{"country":"China","name":"绥中北","daily_stops":28.0},"geometry":{"type":"Point","coordinates":[120.3187,40.3471]}},{"type":"Feature","properties":{"country":"China","name":"方城","daily_stops":28.0},"geometry":{"type":"Point","coordinates":[112.944,33.2405]}},{"type":"Feature","properties":{"country":"China","name":"滨海西","daily_stops":28.0},"geometry":{"type":"Point","coordinates":[117.6057,39.08]}},{"type":"Feature","properties":{"country":"China","name":"溆浦南","daily_stops":28.0},"geometry":{"type":"Point","coordinates":[110.5881,27.6085]}},{"type":"Feature","properties":{"country":"China","name":"西华","daily_stops":28.0},"geometry":{"type":"Point","coordinates":[114.6046,33.7952]}},{"type":"Feature","properties":{"country":"China","name":"运粮河","daily_stops":27.9},"geometry":{"type":"Point","coordinates":[114.1903,34.7971]}},{"type":"Feature","properties":{"country":"China","name":"永安南","daily_stops":27.9},"geometry":{"type":"Point","coordinates":[117.3852,25.9414]}},{"type":"Feature","properties":{"country":"China","name":"野三关","daily_stops":27.9},"geometry":{"type":"Point","coordinates":[110.3532,30.6653]}},{"type":"Feature","properties":{"country":"China","name":"齐河","daily_stops":27.7},"geometry":{"type":"Point","coordinates":[116.8568,36.8431]}},{"type":"Feature","properties":{"country":"China","name":"禄丰南","daily_stops":27.7},"geometry":{"type":"Point","coordinates":[102.0622,25.1227]}},{"type":"Feature","properties":{"country":"China","name":"白沙铺","daily_stops":27.6},"geometry":{"type":"Point","coordinates":[115.0699,29.9607]}},{"type":"Feature","properties":{"country":"China","name":"开原西","daily_stops":27.6},"geometry":{"type":"Point","coordinates":[123.9128,42.5474]}},{"type":"Feature","properties":{"country":"China","name":"古田会址","daily_stops":27.4},"geometry":{"type":"Point","coordinates":[116.7676,25.1871]}},{"type":"Feature","properties":{"country":"China","name":"乾县","daily_stops":27.4},"geometry":{"type":"Point","coordinates":[108.274,34.5071]}},{"type":"Feature","properties":{"country":"China","name":"汉寿","daily_stops":27.3},"geometry":{"type":"Point","coordinates":[111.939,28.8445]}},{"type":"Feature","properties":{"country":"China","name":"建平","daily_stops":27.1},"geometry":{"type":"Point","coordinates":[119.5562,41.3782]}},{"type":"Feature","properties":{"country":"China","name":"冠豸山南","daily_stops":27.1},"geometry":{"type":"Point","coordinates":[116.6748,25.5271]}},{"type":"Feature","properties":{"country":"China","name":"富宁","daily_stops":27.1},"geometry":{"type":"Point","coordinates":[105.5818,23.6773]}},{"type":"Feature","properties":{"country":"China","name":"长白山西","daily_stops":27.0},"geometry":{"type":"Point","coordinates":[127.4755,42.1869]}},{"type":"Feature","properties":{"country":"China","name":"龙里北","daily_stops":27.0},"geometry":{"type":"Point","coordinates":[106.9632,26.4718]}},{"type":"Feature","properties":{"country":"China","name":"青岛机场","daily_stops":27.0},"geometry":{"type":"Point","coordinates":[120.0898,36.3592]}},{"type":"Feature","properties":{"country":"China","name":"嘉峪关南","daily_stops":27.0},"geometry":{"type":"Point","coordinates":[98.3092,39.7167]}},{"type":"Feature","properties":{"country":"China","name":"盘锦北","daily_stops":27.0},"geometry":{"type":"Point","coordinates":[121.8026,41.3332]}},{"type":"Feature","properties":{"country":"China","name":"燕郊","daily_stops":27.0},"geometry":{"type":"Point","coordinates":[116.8198,39.941]}},{"type":"Feature","properties":{"country":"China","name":"瓦房店西","daily_stops":27.0},"geometry":{"type":"Point","coordinates":[121.833,39.6558]}},{"type":"Feature","properties":{"country":"China","name":"莘县","daily_stops":27.0},"geometry":{"type":"Point","coordinates":[115.6812,36.2068]}},{"type":"Feature","properties":{"country":"China","name":"隆昌北","daily_stops":27.0},"geometry":{"type":"Point","coordinates":[105.2874,29.4684]}},{"type":"Feature","properties":{"country":"China","name":"富源北","daily_stops":27.0},"geometry":{"type":"Point","coordinates":[104.2686,25.7167]}},{"type":"Feature","properties":{"country":"China","name":"鄢陵","daily_stops":27.0},"geometry":{"type":"Point","coordinates":[114.1342,34.0653]}},{"type":"Feature","properties":{"country":"China","name":"都安","daily_stops":26.9},"geometry":{"type":"Point","coordinates":[108.11,23.9705]}},{"type":"Feature","properties":{"country":"China","name":"通辽","daily_stops":26.7},"geometry":{"type":"Point","coordinates":[122.2658,43.6017]}},{"type":"Feature","properties":{"country":"China","name":"武隆南","daily_stops":26.7},"geometry":{"type":"Point","coordinates":[107.8133,29.2993]}},{"type":"Feature","properties":{"country":"China","name":"铜川","daily_stops":26.7},"geometry":{"type":"Point","coordinates":[108.9658,34.901]}},{"type":"Feature","properties":{"country":"China","name":"进贤南","daily_stops":26.7},"geometry":{"type":"Point","coordinates":[116.2296,28.3407]}},{"type":"Feature","properties":{"country":"China","name":"永泰","daily_stops":26.6},"geometry":{"type":"Point","coordinates":[118.9291,25.8515]}},{"type":"Feature","properties":{"country":"China","name":"潮安","daily_stops":26.6},"geometry":{"type":"Point","coordinates":[116.6917,23.4763]}},{"type":"Feature","properties":{"country":"China","name":"榕江","daily_stops":26.6},"geometry":{"type":"Point","coordinates":[108.5515,25.9917]}},{"type":"Feature","properties":{"country":"China","name":"高平东","daily_stops":26.6},"geometry":{"type":"Point","coordinates":[112.9588,35.7337]}},{"type":"Feature","properties":{"country":"China","name":"高邑西","daily_stops":26.6},"geometry":{"type":"Point","coordinates":[114.5242,37.6291]}},{"type":"Feature","properties":{"country":"China","name":"莱州","daily_stops":26.6},"geometry":{"type":"Point","coordinates":[119.9139,37.133]}},{"type":"Feature","properties":{"country":"China","name":"弋阳","daily_stops":26.3},"geometry":{"type":"Point","coordinates":[117.4397,28.4142]}},{"type":"Feature","properties":{"country":"China","name":"乐清东","daily_stops":26.3},"geometry":{"type":"Point","coordinates":[120.9875,28.2003]}},{"type":"Feature","properties":{"country":"China","name":"资中北","daily_stops":26.3},"geometry":{"type":"Point","coordinates":[104.8703,29.7997]}},{"type":"Feature","properties":{"country":"China","name":"通远堡西","daily_stops":26.1},"geometry":{"type":"Point","coordinates":[123.9119,40.7773]}},{"type":"Feature","properties":{"country":"China","name":"安图西","daily_stops":26.0},"geometry":{"type":"Point","coordinates":[128.888,43.111]}},{"type":"Feature","properties":{"country":"China","name":"珲春","daily_stops":26.0},"geometry":{"type":"Point","coordinates":[130.3953,42.8992]}},{"type":"Feature","properties":{"country":"China","name":"修武西","daily_stops":26.0},"geometry":{"type":"Point","coordinates":[113.4186,35.2111]}},{"type":"Feature","properties":{"country":"China","name":"建德南","daily_stops":26.0},"geometry":{"type":"Point","coordinates":[119.2719,29.4348]}},{"type":"Feature","properties":{"country":"China","name":"江都","daily_stops":26.0},"geometry":{"type":"Point","coordinates":[119.5727,32.4608]}},{"type":"Feature","properties":{"country":"China","name":"城阳","daily_stops":26.0},"geometry":{"type":"Point","coordinates":[120.3597,36.2993]}},{"type":"Feature","properties":{"country":"China","name":"乌拉特前旗","daily_stops":26.0},"geometry":{"type":"Point","coordinates":[108.6105,40.7338]}},{"type":"Feature","properties":{"country":"China","name":"天镇","daily_stops":26.0},"geometry":{"type":"Point","coordinates":[114.0605,40.4514]}},{"type":"Feature","properties":{"country":"China","name":"奉化","daily_stops":26.0},"geometry":{"type":"Point","coordinates":[121.4602,29.6305]}},{"type":"Feature","properties":{"country":"China","name":"榆社西","daily_stops":26.0},"geometry":{"type":"Point","coordinates":[112.7888,37.1147]}},{"type":"Feature","properties":{"country":"China","name":"泾县","daily_stops":26.0},"geometry":{"type":"Point","coordinates":[118.3835,30.6607]}},{"type":"Feature","properties":{"country":"China","name":"郑州西","daily_stops":26.0},"geometry":{"type":"Point","coordinates":[113.4185,34.7449]}},{"type":"Feature","properties":{"country":"China","name":"新会","daily_stops":25.9},"geometry":{"type":"Point","coordinates":[113.0659,22.5203]}},{"type":"Feature","properties":{"country":"China","name":"莒南北","daily_stops":25.9},"geometry":{"type":"Point","coordinates":[118.7921,35.2737]}},{"type":"Feature","properties":{"country":"China","name":"宁乡西","daily_stops":25.7},"geometry":{"type":"Point","coordinates":[112.5308,28.2995]}},{"type":"Feature","properties":{"country":"China","name":"青白江东","daily_stops":25.6},"geometry":{"type":"Point","coordinates":[104.2231,30.8972]}},{"type":"Feature","properties":{"country":"China","name":"惠安","daily_stops":25.6},"geometry":{"type":"Point","coordinates":[118.7094,25.0608]}},{"type":"Feature","properties":{"country":"China","name":"鹿寨北","daily_stops":25.4},"geometry":{"type":"Point","coordinates":[109.6499,24.6435]}},{"type":"Feature","properties":{"country":"China","name":"襄垣东","daily_stops":25.1},"geometry":{"type":"Point","coordinates":[113.0772,36.5345]}},{"type":"Feature","properties":{"country":"China","name":"盖州西","daily_stops":25.1},"geometry":{"type":"Point","coordinates":[122.269,40.4029]}},{"type":"Feature","properties":{"country":"China","name":"兴国西","daily_stops":25.1},"geometry":{"type":"Point","coordinates":[115.274,26.3157]}},{"type":"Feature","properties":{"country":"China","name":"甘旗卡","daily_stops":25.0},"geometry":{"type":"Point","coordinates":[122.3502,42.9563]}},{"type":"Feature","properties":{"country":"China","name":"武陟","daily_stops":25.0},"geometry":{"type":"Point","coordinates":[113.4449,35.0894]}},{"type":"Feature","properties":{"country":"China","name":"古田北","daily_stops":25.0},"geometry":{"type":"Point","coordinates":[118.6604,26.4656]}},{"type":"Feature","properties":{"country":"China","name":"梁平南","daily_stops":25.0},"geometry":{"type":"Point","coordinates":[107.7655,30.6443]}},{"type":"Feature","properties":{"country":"China","name":"石嘴山","daily_stops":25.0},"geometry":{"type":"Point","coordinates":[106.3771,38.9573]}},{"type":"Feature","properties":{"country":"China","name":"辽中","daily_stops":25.0},"geometry":{"type":"Point","coordinates":[122.7656,41.5574]}},{"type":"Feature","properties":{"country":"China","name":"北京通州","daily_stops":25.0},"geometry":{"type":"Point","coordinates":[116.7001,39.908]}},{"type":"Feature","properties":{"country":"China","name":"平泉北","daily_stops":24.7},"geometry":{"type":"Point","coordinates":[118.7057,41.0374]}},{"type":"Feature","properties":{"country":"China","name":"平庄","daily_stops":24.6},"geometry":{"type":"Point","coordinates":[119.2896,41.9885]}},{"type":"Feature","properties":{"country":"China","name":"招远","daily_stops":24.6},"geometry":{"type":"Point","coordinates":[120.2769,37.4596]}},{"type":"Feature","properties":{"country":"China","name":"新民北","daily_stops":24.4},"geometry":{"type":"Point","coordinates":[122.8003,42.0223]}},{"type":"Feature","properties":{"country":"China","name":"牛河梁","daily_stops":24.3},"geometry":{"type":"Point","coordinates":[119.3928,41.1941]}},{"type":"Feature","properties":{"country":"China","name":"博罗","daily_stops":24.3},"geometry":{"type":"Point","coordinates":[114.2036,23.1436]}},{"type":"Feature","properties":{"country":"China","name":"陆丰东","daily_stops":24.3},"geometry":{"type":"Point","coordinates":[115.8848,22.9082]}},{"type":"Feature","properties":{"country":"China","name":"彰武","daily_stops":24.0},"geometry":{"type":"Point","coordinates":[122.5232,42.3848]}},{"type":"Feature","properties":{"country":"China","name":"亦庄","daily_stops":24.0},"geometry":{"type":"Point","coordinates":[116.5963,39.8118]}},{"type":"Feature","properties":{"country":"China","name":"瓦屋山","daily_stops":24.0},"geometry":{"type":"Point","coordinates":[119.2692,31.561]}},{"type":"Feature","properties":{"country":"China","name":"武汉东","daily_stops":24.0},"geometry":{"type":"Point","coordinates":[114.4252,30.4886]}},{"type":"Feature","properties":{"country":"China","name":"牟平","daily_stops":24.0},"geometry":{"type":"Point","coordinates":[121.6461,37.4233]}},{"type":"Feature","properties":{"country":"China","name":"防城港北","daily_stops":24.0},"geometry":{"type":"Point","coordinates":[108.3738,21.7169]}},{"type":"Feature","properties":{"country":"China","name":"阳高南","daily_stops":24.0},"geometry":{"type":"Point","coordinates":[113.7937,40.312]}},{"type":"Feature","properties":{"country":"China","name":"上虞南","daily_stops":24.0},"geometry":{"type":"Point","coordinates":[120.7914,29.9816]}},{"type":"Feature","properties":{"country":"China","name":"宾州","daily_stops":24.0},"geometry":{"type":"Point","coordinates":[127.4534,45.773]}},{"type":"Feature","properties":{"country":"China","name":"阳西","daily_stops":24.0},"geometry":{"type":"Point","coordinates":[111.6387,21.7988]}},{"type":"Feature","properties":{"country":"China","name":"阳东","daily_stops":24.0},"geometry":{"type":"Point","coordinates":[112.1493,21.957]}},{"type":"Feature","properties":{"country":"China","name":"于都","daily_stops":24.0},"geometry":{"type":"Point","coordinates":[115.4115,25.9786]}},{"type":"Feature","properties":{"country":"China","name":"藁城南","daily_stops":23.9},"geometry":{"type":"Point","coordinates":[114.849,37.9854]}},{"type":"Feature","properties":{"country":"China","name":"电白","daily_stops":23.7},"geometry":{"type":"Point","coordinates":[111.1389,21.7067]}},{"type":"Feature","properties":{"country":"China","name":"六枝南","daily_stops":23.6},"geometry":{"type":"Point","coordinates":[105.4349,26.2309]}},{"type":"Feature","properties":{"country":"China","name":"葵潭","daily_stops":23.6},"geometry":{"type":"Point","coordinates":[115.9922,23.067]}},{"type":"Feature","properties":{"country":"China","name":"当阳西","daily_stops":23.6},"geometry":{"type":"Point","coordinates":[111.7526,30.8455]}},{"type":"Feature","properties":{"country":"China","name":"旌德","daily_stops":23.6},"geometry":{"type":"Point","coordinates":[118.5241,30.2947]}},{"type":"Feature","properties":{"country":"China","name":"峡江","daily_stops":23.4},"geometry":{"type":"Point","coordinates":[115.3308,27.6023]}},{"type":"Feature","properties":{"country":"China","name":"潮南","daily_stops":23.3},"geometry":{"type":"Point","coordinates":[116.5278,23.1363]}},{"type":"Feature","properties":{"country":"China","name":"福清西","daily_stops":23.3},"geometry":{"type":"Point","coordinates":[119.2998,25.7005]}},{"type":"Feature","properties":{"country":"China","name":"信丰西","daily_stops":23.3},"geometry":{"type":"Point","coordinates":[114.8954,25.3535]}},{"type":"Feature","properties":{"country":"China","name":"射阳","daily_stops":23.1},"geometry":{"type":"Point","coordinates":[120.0144,33.6838]}},{"type":"Feature","properties":{"country":"China","name":"白山东","daily_stops":23.0},"geometry":{"type":"Point","coordinates":[126.4859,41.9857]}},{"type":"Feature","properties":{"country":"China","name":"北京大兴","daily_stops":23.0},"geometry":{"type":"Point","coordinates":[116.3223,39.7192]}},{"type":"Feature","properties":{"country":"China","name":"磐安","daily_stops":23.0},"geometry":{"type":"Point","coordinates":[120.4283,28.994]}},{"type":"Feature","properties":{"country":"China","name":"祁门南","daily_stops":23.0},"geometry":{"type":"Point","coordinates":[117.6942,29.8343]}},{"type":"Feature","properties":{"country":"China","name":"姜堰","daily_stops":23.0},"geometry":{"type":"Point","coordinates":[120.1143,32.5356]}},{"type":"Feature","properties":{"country":"China","name":"仲恺","daily_stops":23.0},"geometry":{"type":"Point","coordinates":[114.2618,23.0294]}},{"type":"Feature","properties":{"country":"China","name":"惠农南","daily_stops":23.0},"geometry":{"type":"Point","coordinates":[106.7026,39.2082]}},{"type":"Feature","properties":{"country":"China","name":"礼泉南","daily_stops":23.0},"geometry":{"type":"Point","coordinates":[108.4032,34.4629]}},{"type":"Feature","properties":{"country":"China","name":"章丘北","daily_stops":23.0},"geometry":{"type":"Point","coordinates":[117.4806,36.802]}},{"type":"Feature","properties":{"country":"China","name":"鄱阳北","daily_stops":23.0},"geometry":{"type":"Point","coordinates":[116.8895,29.3365]}},{"type":"Feature","properties":{"country":"China","name":"都昌","daily_stops":23.0},"geometry":{"type":"Point","coordinates":[116.4133,29.4821]}},{"type":"Feature","properties":{"country":"China","name":"陆丰南","daily_stops":23.0},"geometry":{"type":"Point","coordinates":[115.6565,22.8954]}},{"type":"Feature","properties":{"country":"China","name":"丹阳北","daily_stops":23.0},"geometry":{"type":"Point","coordinates":[119.6662,32.0168]}},{"type":"Feature","properties":{"country":"China","name":"杜尔伯特","daily_stops":22.9},"geometry":{"type":"Point","coordinates":[124.4406,46.8689]}},{"type":"Feature","properties":{"country":"China","name":"武昌","daily_stops":22.9},"geometry":{"type":"Point","coordinates":[114.3125,30.5308]}},{"type":"Feature","properties":{"country":"China","name":"剑门关","daily_stops":22.7},"geometry":{"type":"Point","coordinates":[105.4811,32.2837]}},{"type":"Feature","properties":{"country":"China","name":"彭水西","daily_stops":22.7},"geometry":{"type":"Point","coordinates":[108.1123,29.3396]}},{"type":"Feature","properties":{"country":"China","name":"博鳌","daily_stops":22.6},"geometry":{"type":"Point","coordinates":[110.4829,19.138]}},{"type":"Feature","properties":{"country":"China","name":"长治南","daily_stops":22.6},"geometry":{"type":"Point","coordinates":[113.1005,36.0926]}},{"type":"Feature","properties":{"country":"China","name":"南陵","daily_stops":22.6},"geometry":{"type":"Point","coordinates":[118.2927,30.8382]}},{"type":"Feature","properties":{"country":"China","name":"泰和","daily_stops":22.6},"geometry":{"type":"Point","coordinates":[114.9443,26.8356]}},{"type":"Feature","properties":{"country":"China","name":"芷江","daily_stops":22.6},"geometry":{"type":"Point","coordinates":[109.6554,27.4586]}},{"type":"Feature","properties":{"country":"China","name":"兴义南","daily_stops":22.6},"geometry":{"type":"Point","coordinates":[104.9543,25.0836]}},{"type":"Feature","properties":{"country":"China","name":"哈密","daily_stops":22.3},"geometry":{"type":"Point","coordinates":[93.5046,42.8484]}},{"type":"Feature","properties":{"country":"China","name":"乌鲁木齐","daily_stops":22.3},"geometry":{"type":"Point","coordinates":[87.5262,43.8394]}},{"type":"Feature","properties":{"country":"China","name":"邹平","daily_stops":22.1},"geometry":{"type":"Point","coordinates":[117.7366,36.7953]}},{"type":"Feature","properties":{"country":"China","name":"盐城大丰","daily_stops":22.1},"geometry":{"type":"Point","coordinates":[120.3364,33.1859]}},{"type":"Feature","properties":{"country":"China","name":"图们北","daily_stops":22.0},"geometry":{"type":"Point","coordinates":[129.7928,42.9945]}},{"type":"Feature","properties":{"country":"China","name":"尖峰","daily_stops":22.0},"geometry":{"type":"Point","coordinates":[108.749,18.6232]}},{"type":"Feature","properties":{"country":"China","name":"永登北","daily_stops":22.0},"geometry":{"type":"Point","coordinates":[103.2431,36.7231]}},{"type":"Feature","properties":{"country":"China","name":"红岛","daily_stops":22.0},"geometry":{"type":"Point","coordinates":[120.1865,36.2459]}},{"type":"Feature","properties":{"country":"China","name":"高邮北","daily_stops":22.0},"geometry":{"type":"Point","coordinates":[119.4505,33.0043]}},{"type":"Feature","properties":{"country":"China","name":"安庆西","daily_stops":22.0},"geometry":{"type":"Point","coordinates":[116.8592,30.6747]}},{"type":"Feature","properties":{"country":"China","name":"林口南","daily_stops":22.0},"geometry":{"type":"Point","coordinates":[130.2906,45.2112]}},{"type":"Feature","properties":{"country":"China","name":"开远南","daily_stops":22.0},"geometry":{"type":"Point","coordinates":[103.2826,23.6831]}},{"type":"Feature","properties":{"country":"China","name":"红河","daily_stops":22.0},"geometry":{"type":"Point","coordinates":[103.3507,23.4537]}},{"type":"Feature","properties":{"country":"China","name":"三明","daily_stops":21.9},"geometry":{"type":"Point","coordinates":[117.5853,26.2329]}},{"type":"Feature","properties":{"country":"China","name":"钟祥南","daily_stops":21.9},"geometry":{"type":"Point","coordinates":[112.6231,31.0494]}},{"type":"Feature","properties":{"country":"China","name":"兴和北","daily_stops":21.7},"geometry":{"type":"Point","coordinates":[113.8353,40.8913]}},{"type":"Feature","properties":{"country":"China","name":"丰镇北","daily_stops":21.7},"geometry":{"type":"Point","coordinates":[113.124,40.4418]}},{"type":"Feature","properties":{"country":"China","name":"龙南东","daily_stops":21.7},"geometry":{"type":"Point","coordinates":[114.8636,24.908]}},{"type":"Feature","properties":{"country":"China","name":"龙山北","daily_stops":21.6},"geometry":{"type":"Point","coordinates":[109.4597,29.4903]}},{"type":"Feature","properties":{"country":"China","name":"定南南","daily_stops":21.6},"geometry":{"type":"Point","coordinates":[115.0254,24.746]}},{"type":"Feature","properties":{"country":"China","name":"简阳南","daily_stops":21.3},"geometry":{"type":"Point","coordinates":[104.5157,30.3564]}},{"type":"Feature","properties":{"country":"China","name":"兴文","daily_stops":21.1},"geometry":{"type":"Point","coordinates":[105.244,28.3384]}},{"type":"Feature","properties":{"country":"China","name":"息烽","daily_stops":21.1},"geometry":{"type":"Point","coordinates":[106.7437,27.0804]}},{"type":"Feature","properties":{"country":"China","name":"青州市北","daily_stops":21.1},"geometry":{"type":"Point","coordinates":[118.5723,36.8312]}},{"type":"Feature","properties":{"country":"China","name":"哈尔滨北","daily_stops":21.1},"geometry":{"type":"Point","coordinates":[126.5296,45.8481]}},{"type":"Feature","properties":{"country":"China","name":"肥西","daily_stops":21.0},"geometry":{"type":"Point","coordinates":[117.1373,31.7184]}},{"type":"Feature","properties":{"country":"China","name":"开化","daily_stops":21.0},"geometry":{"type":"Point","coordinates":[118.3573,28.9942]}},{"type":"Feature","properties":{"country":"China","name":"金月湾","daily_stops":21.0},"geometry":{"type":"Point","coordinates":[108.7119,18.7804]}},{"type":"Feature","properties":{"country":"China","name":"东花园北","daily_stops":21.0},"geometry":{"type":"Point","coordinates":[115.7886,40.3416]}},{"type":"Feature","properties":{"country":"China","name":"阳曲西","daily_stops":21.0},"geometry":{"type":"Point","coordinates":[112.6418,38.0719]}},{"type":"Feature","properties":{"country":"China","name":"高密北","daily_stops":21.0},"geometry":{"type":"Point","coordinates":[119.7805,36.5151]}},{"type":"Feature","properties":{"country":"China","name":"明港东","daily_stops":21.0},"geometry":{"type":"Point","coordinates":[114.0589,32.4889]}},{"type":"Feature","properties":{"country":"China","name":"南曹","daily_stops":20.9},"geometry":{"type":"Point","coordinates":[113.7845,34.6794]}},{"type":"Feature","properties":{"country":"China","name":"石家庄东","daily_stops":20.7},"geometry":{"type":"Point","coordinates":[114.6214,38.0497]}},{"type":"Feature","properties":{"country":"China","name":"丹江口","daily_stops":20.7},"geometry":{"type":"Point","coordinates":[111.3823,32.4598]}},{"type":"Feature","properties":{"country":"China","name":"齐齐哈尔","daily_stops":20.4},"geometry":{"type":"Point","coordinates":[123.99,47.3385]}},{"type":"Feature","properties":{"country":"China","name":"中川机场东","daily_stops":20.4},"geometry":{"type":"Point","coordinates":[103.6348,36.5201]}},{"type":"Feature","properties":{"country":"China","name":"永寿西","daily_stops":20.4},"geometry":{"type":"Point","coordinates":[108.1133,34.6968]}},{"type":"Feature","properties":{"country":"China","name":"闽清北","daily_stops":20.3},"geometry":{"type":"Point","coordinates":[118.8725,26.2905]}},{"type":"Feature","properties":{"country":"China","name":"吐鲁番北","daily_stops":20.3},"geometry":{"type":"Point","coordinates":[89.108,43.0214]}},{"type":"Feature","properties":{"country":"China","name":"海林北","daily_stops":20.3},"geometry":{"type":"Point","coordinates":[129.3661,44.6091]}},{"type":"Feature","properties":{"country":"China","name":"嘉祥北","daily_stops":20.3},"geometry":{"type":"Point","coordinates":[116.3637,35.4714]}},{"type":"Feature","properties":{"country":"China","name":"威远","daily_stops":20.1},"geometry":{"type":"Point","coordinates":[104.7342,29.5511]}},{"type":"Feature","properties":{"country":"China","name":"南华","daily_stops":20.1},"geometry":{"type":"Point","coordinates":[101.2594,25.1895]}},{"type":"Feature","properties":{"country":"China","name":"葛店南","daily_stops":20.0},"geometry":{"type":"Point","coordinates":[114.6551,30.4926]}},{"type":"Feature","properties":{"country":"China","name":"烟台西","daily_stops":20.0},"geometry":{"type":"Point","coordinates":[121.0495,37.6572]}},{"type":"Feature","properties":{"country":"China","name":"芝罘","daily_stops":20.0},"geometry":{"type":"Point","coordinates":[121.3372,37.4645]}},{"type":"Feature","properties":{"country":"China","name":"民和南","daily_stops":20.0},"geometry":{"type":"Point","coordinates":[102.8482,36.3062]}},{"type":"Feature","properties":{"country":"China","name":"庆城","daily_stops":20.0},"geometry":{"type":"Point","coordinates":[107.785,36.0773]}},{"type":"Feature","properties":{"country":"China","name":"昌乐","daily_stops":20.0},"geometry":{"type":"Point","coordinates":[118.8334,36.7105]}},{"type":"Feature","properties":{"country":"China","name":"太姥山","daily_stops":20.0},"geometry":{"type":"Point","coordinates":[120.2197,27.1299]}},{"type":"Feature","properties":{"country":"China","name":"湖口","daily_stops":20.0},"geometry":{"type":"Point","coordinates":[116.2798,29.7317]}},{"type":"Feature","properties":{"country":"China","name":"富阳","daily_stops":20.0},"geometry":{"type":"Point","coordinates":[119.988,30.0033]}},{"type":"Feature","properties":{"country":"China","name":"台安","daily_stops":20.0},"geometry":{"type":"Point","coordinates":[122.4251,41.4439]}},{"type":"Feature","properties":{"country":"China","name":"玉林北","daily_stops":20.0},"geometry":{"type":"Point","coordinates":[110.2447,22.7259]}},{"type":"Feature","properties":{"country":"China","name":"南乐","daily_stops":20.0},"geometry":{"type":"Point","coordinates":[115.4072,36.0123]}},{"type":"Feature","properties":{"country":"China","name":"商丘东","daily_stops":19.6},"geometry":{"type":"Point","coordinates":[115.727,34.3325]}},{"type":"Feature","properties":{"country":"China","name":"古浪北","daily_stops":19.4},"geometry":{"type":"Point","coordinates":[102.9056,37.5055]}},{"type":"Feature","properties":{"country":"China","name":"贵定县","daily_stops":19.3},"geometry":{"type":"Point","coordinates":[107.1865,26.3545]}},{"type":"Feature","properties":{"country":"China","name":"漳平西","daily_stops":19.3},"geometry":{"type":"Point","coordinates":[117.3557,25.3253]}},{"type":"Feature","properties":{"country":"China","name":"长乐东","daily_stops":19.3},"geometry":{"type":"Point","coordinates":[119.5531,25.8592]}},{"type":"Feature","properties":{"country":"China","name":"新晃西","daily_stops":19.3},"geometry":{"type":"Point","coordinates":[109.1215,27.3834]}},{"type":"Feature","properties":{"country":"China","name":"峨眉","daily_stops":19.1},"geometry":{"type":"Point","coordinates":[103.5203,29.5873]}},{"type":"Feature","properties":{"country":"China","name":"武当山西","daily_stops":19.1},"geometry":{"type":"Point","coordinates":[111.0086,32.54]}},{"type":"Feature","properties":{"country":"China","name":"阿城北","daily_stops":19.1},"geometry":{"type":"Point","coordinates":[127.0175,45.5875]}},{"type":"Feature","properties":{"country":"China","name":"芜湖南","daily_stops":19.0},"geometry":{"type":"Point","coordinates":[118.3742,31.2506]}},{"type":"Feature","properties":{"country":"China","name":"霸州北","daily_stops":19.0},"geometry":{"type":"Point","coordinates":[116.321,39.185]}},{"type":"Feature","properties":{"country":"China","name":"句容西","daily_stops":19.0},"geometry":{"type":"Point","coordinates":[118.9747,31.8347]}},{"type":"Feature","properties":{"country":"China","name":"福山","daily_stops":19.0},"geometry":{"type":"Point","coordinates":[121.2111,37.4841]}},{"type":"Feature","properties":{"country":"China","name":"海阳北","daily_stops":19.0},"geometry":{"type":"Point","coordinates":[120.9561,37.0688]}},{"type":"Feature","properties":{"country":"China","name":"顺德学院","daily_stops":19.0},"geometry":{"type":"Point","coordinates":[113.3144,22.8254]}},{"type":"Feature","properties":{"country":"China","name":"福山镇","daily_stops":19.0},"geometry":{"type":"Point","coordinates":[109.9143,19.8784]}},{"type":"Feature","properties":{"country":"China","name":"繁昌西","daily_stops":19.0},"geometry":{"type":"Point","coordinates":[118.153,31.0734]}},{"type":"Feature","properties":{"country":"China","name":"酒泉南","daily_stops":19.0},"geometry":{"type":"Point","coordinates":[98.5351,39.7006]}},{"type":"Feature","properties":{"country":"China","name":"大厂","daily_stops":19.0},"geometry":{"type":"Point","coordinates":[116.8976,39.8886]}},{"type":"Feature","properties":{"country":"China","name":"三穗","daily_stops":19.0},"geometry":{"type":"Point","coordinates":[108.6473,26.9684]}},{"type":"Feature","properties":{"country":"China","name":"罗江东","daily_stops":18.7},"geometry":{"type":"Point","coordinates":[104.5326,31.3063]}},{"type":"Feature","properties":{"country":"China","name":"垫江","daily_stops":18.6},"geometry":{"type":"Point","coordinates":[107.3737,30.3097]}},{"type":"Feature","properties":{"country":"China","name":"太仓南","daily_stops":18.4},"geometry":{"type":"Point","coordinates":[121.1476,31.4101]}},{"type":"Feature","properties":{"country":"China","name":"桑植","daily_stops":18.3},"geometry":{"type":"Point","coordinates":[110.0915,29.3584]}},{"type":"Feature","properties":{"country":"China","name":"鄯善北","daily_stops":18.3},"geometry":{"type":"Point","coordinates":[90.1937,42.9173]}},{"type":"Feature","properties":{"country":"China","name":"桃村北","daily_stops":18.1},"geometry":{"type":"Point","coordinates":[121.1415,37.2109]}},{"type":"Feature","properties":{"country":"China","name":"桐梓北","daily_stops":18.1},"geometry":{"type":"Point","coordinates":[106.8271,28.3889]}},{"type":"Feature","properties":{"country":"China","name":"济宁东","daily_stops":18.1},"geometry":{"type":"Point","coordinates":[116.7508,35.5241]}},{"type":"Feature","properties":{"country":"China","name":"当涂东","daily_stops":18.0},"geometry":{"type":"Point","coordinates":[118.5212,31.5635]}},{"type":"Feature","properties":{"country":"China","name":"天祝西","daily_stops":18.0},"geometry":{"type":"Point","coordinates":[103.1131,36.9986]}},{"type":"Feature","properties":{"country":"China","name":"萨拉齐","daily_stops":18.0},"geometry":{"type":"Point","coordinates":[110.5258,40.5638]}},{"type":"Feature","properties":{"country":"China","name":"靖远北","daily_stops":18.0},"geometry":{"type":"Point","coordinates":[104.6602,36.6092]}},{"type":"Feature","properties":{"country":"China","name":"民乐","daily_stops":18.0},"geometry":{"type":"Point","coordinates":[100.8374,38.4736]}},{"type":"Feature","properties":{"country":"China","name":"淮阳南","daily_stops":18.0},"geometry":{"type":"Point","coordinates":[114.8962,33.5048]}},{"type":"Feature","properties":{"country":"China","name":"淮北","daily_stops":18.0},"geometry":{"type":"Point","coordinates":[116.7971,33.969]}},{"type":"Feature","properties":{"country":"China","name":"京山南","daily_stops":17.9},"geometry":{"type":"Point","coordinates":[112.9729,30.8268]}},{"type":"Feature","properties":{"country":"China","name":"马山县","daily_stops":17.9},"geometry":{"type":"Point","coordinates":[108.1681,23.7464]}},{"type":"Feature","properties":{"country":"China","name":"贵定北","daily_stops":17.9},"geometry":{"type":"Point","coordinates":[107.2287,26.5959]}},{"type":"Feature","properties":{"country":"China","name":"遂宁","daily_stops":17.7},"geometry":{"type":"Point","coordinates":[105.539,30.5456]}},{"type":"Feature","properties":{"country":"China","name":"夏格庄","daily_stops":17.6},"geometry":{"type":"Point","coordinates":[120.4409,36.6513]}},{"type":"Feature","properties":{"country":"China","name":"谷城北","daily_stops":17.6},"geometry":{"type":"Point","coordinates":[111.6249,32.308]}},{"type":"Feature","properties":{"country":"China","name":"镇雄","daily_stops":17.6},"geometry":{"type":"Point","coordinates":[105.1221,27.5945]}},{"type":"Feature","properties":{"country":"China","name":"泉港","daily_stops":17.6},"geometry":{"type":"Point","coordinates":[118.8746,25.1778]}},{"type":"Feature","properties":{"country":"China","name":"富平南","daily_stops":17.4},"geometry":{"type":"Point","coordinates":[109.2057,34.7081]}},{"type":"Feature","properties":{"country":"China","name":"洛川","daily_stops":17.1},"geometry":{"type":"Point","coordinates":[109.4424,35.7634]}},{"type":"Feature","properties":{"country":"China","name":"顺义西","daily_stops":17.1},"geometry":{"type":"Point","coordinates":[116.4853,40.1788]}},{"type":"Feature","properties":{"country":"China","name":"练塘","daily_stops":17.0},"geometry":{"type":"Point","coordinates":[121.0266,30.9974]}},{"type":"Feature","properties":{"country":"China","name":"常山","daily_stops":17.0},"geometry":{"type":"Point","coordinates":[118.5557,28.9258]}},{"type":"Feature","properties":{"country":"China","name":"威海南海","daily_stops":17.0},"geometry":{"type":"Point","coordinates":[121.9099,37.0151]}},{"type":"Feature","properties":{"country":"China","name":"五原","daily_stops":17.0},"geometry":{"type":"Point","coordinates":[108.0787,40.9126]}},{"type":"Feature","properties":{"country":"China","name":"昌邑","daily_stops":17.0},"geometry":{"type":"Point","coordinates":[119.4574,36.7955]}},{"type":"Feature","properties":{"country":"China","name":"董家口","daily_stops":17.0},"geometry":{"type":"Point","coordinates":[119.7084,35.6756]}},{"type":"Feature","properties":{"country":"China","name":"兴城西","daily_stops":17.0},"geometry":{"type":"Point","coordinates":[120.6107,40.5909]}},{"type":"Feature","properties":{"country":"China","name":"卫辉南","daily_stops":17.0},"geometry":{"type":"Point","coordinates":[114.1327,35.3906]}},{"type":"Feature","properties":{"country":"China","name":"厉家寨","daily_stops":17.0},"geometry":{"type":"Point","coordinates":[119.126,35.283]}},{"type":"Feature","properties":{"country":"China","name":"孟庄","daily_stops":16.7},"geometry":{"type":"Point","coordinates":[113.8306,34.5883]}},{"type":"Feature","properties":{"country":"China","name":"南川北","daily_stops":16.7},"geometry":{"type":"Point","coordinates":[107.1145,29.1871]}},{"type":"Feature","properties":{"country":"China","name":"松潘","daily_stops":16.7},"geometry":{"type":"Point","coordinates":[103.6044,32.5988]}},{"type":"Feature","properties":{"country":"China","name":"北票","daily_stops":16.6},"geometry":{"type":"Point","coordinates":[120.7836,41.7664]}},{"type":"Feature","properties":{"country":"China","name":"和乐","daily_stops":16.6},"geometry":{"type":"Point","coordinates":[110.4538,18.925]}},{"type":"Feature","properties":{"country":"China","name":"中宁东","daily_stops":16.6},"geometry":{"type":"Point","coordinates":[105.6985,37.4493]}},{"type":"Feature","properties":{"country":"China","name":"赣州","daily_stops":16.4},"geometry":{"type":"Point","coordinates":[114.9603,25.8224]}},{"type":"Feature","properties":{"country":"China","name":"双水镇","daily_stops":16.4},"geometry":{"type":"Point","coordinates":[112.9515,22.4284]}},{"type":"Feature","properties":{"country":"China","name":"赶水东","daily_stops":16.3},"geometry":{"type":"Point","coordinates":[106.703,28.7658]}},{"type":"Feature","properties":{"country":"China","name":"资阳西","daily_stops":16.0},"geometry":{"type":"Point","coordinates":[104.5479,30.1294]}},{"type":"Feature","properties":{"country":"China","name":"五河","daily_stops":16.0},"geometry":{"type":"Point","coordinates":[117.8443,33.1247]}},{"type":"Feature","properties":{"country":"China","name":"明光西","daily_stops":16.0},"geometry":{"type":"Point","coordinates":[117.9286,32.8306]}},{"type":"Feature","properties":{"country":"China","name":"定远东","daily_stops":16.0},"geometry":{"type":"Point","coordinates":[117.8382,32.5734]}},{"type":"Feature","properties":{"country":"China","name":"楠溪江","daily_stops":16.0},"geometry":{"type":"Point","coordinates":[120.7797,28.3225]}},{"type":"Feature","properties":{"country":"China","name":"崇左南","daily_stops":16.0},"geometry":{"type":"Point","coordinates":[107.3911,22.3575]}},{"type":"Feature","properties":{"country":"China","name":"三都县","daily_stops":16.0},"geometry":{"type":"Point","coordinates":[107.8131,26.0811]}},{"type":"Feature","properties":{"country":"China","name":"无锡新区","daily_stops":16.0},"geometry":{"type":"Point","coordinates":[120.3875,31.4996]}},{"type":"Feature","properties":{"country":"China","name":"横道河子东","daily_stops":16.0},"geometry":{"type":"Point","coordinates":[129.0987,44.7892]}},{"type":"Feature","properties":{"country":"China","name":"内黄","daily_stops":16.0},"geometry":{"type":"Point","coordinates":[114.8578,35.6728]}},{"type":"Feature","properties":{"country":"China","name":"合肥北城","daily_stops":16.0},"geometry":{"type":"Point","coordinates":[117.2467,32.0654]}},{"type":"Feature","properties":{"country":"China","name":"古城东","daily_stops":16.0},"geometry":{"type":"Point","coordinates":[115.8062,33.5281]}},{"type":"Feature","properties":{"country":"China","name":"威信","daily_stops":15.9},"geometry":{"type":"Point","coordinates":[105.056,27.8233]}},{"type":"Feature","properties":{"country":"China","name":"新都东","daily_stops":15.9},"geometry":{"type":"Point","coordinates":[104.192,30.802]}},{"type":"Feature","properties":{"country":"China","name":"花溪南","daily_stops":15.7},"geometry":{"type":"Point","coordinates":[106.6772,26.4015]}},{"type":"Feature","properties":{"country":"China","name":"龙山镇","daily_stops":15.6},"geometry":{"type":"Point","coordinates":[117.3577,24.6947]}},{"type":"Feature","properties":{"country":"China","name":"郎溪南","daily_stops":15.6},"geometry":{"type":"Point","coordinates":[119.1514,30.9403]}},{"type":"Feature","properties":{"country":"China","name":"凌海南","daily_stops":15.6},"geometry":{"type":"Point","coordinates":[121.3706,41.1509]}},{"type":"Feature","properties":{"country":"China","name":"犍为","daily_stops":15.4},"geometry":{"type":"Point","coordinates":[103.9572,29.3511]}},{"type":"Feature","properties":{"country":"China","name":"枫林","daily_stops":15.3},"geometry":{"type":"Point","coordinates":[115.4039,29.7532]}},{"type":"Feature","properties":{"country":"China","name":"永清东","daily_stops":15.3},"geometry":{"type":"Point","coordinates":[116.5061,39.3041]}},{"type":"Feature","properties":{"country":"China","name":"大方","daily_stops":15.3},"geometry":{"type":"Point","coordinates":[105.592,27.2105]}},{"type":"Feature","properties":{"country":"China","name":"香河","daily_stops":15.3},"geometry":{"type":"Point","coordinates":[117.0277,39.7188]}},{"type":"Feature","properties":{"country":"China","name":"惠安堡","daily_stops":15.1},"geometry":{"type":"Point","coordinates":[106.6723,37.4782]}},{"type":"Feature","properties":{"country":"China","name":"新宾","daily_stops":15.0},"geometry":{"type":"Point","coordinates":[125.0704,41.714]}},{"type":"Feature","properties":{"country":"China","name":"泗县东","daily_stops":15.0},"geometry":{"type":"Point","coordinates":[117.9834,33.4632]}},{"type":"Feature","properties":{"country":"China","name":"湾沚南","daily_stops":15.0},"geometry":{"type":"Point","coordinates":[118.58,31.0949]}},{"type":"Feature","properties":{"country":"China","name":"莱阳南","daily_stops":15.0},"geometry":{"type":"Point","coordinates":[120.7463,36.7207]}},{"type":"Feature","properties":{"country":"China","name":"观沙岭","daily_stops":15.0},"geometry":{"type":"Point","coordinates":[112.9454,28.2341]}},{"type":"Feature","properties":{"country":"China","name":"博罗北","daily_stops":15.0},"geometry":{"type":"Point","coordinates":[114.5572,23.4804]}},{"type":"Feature","properties":{"country":"China","name":"察素齐","daily_stops":15.0},"geometry":{"type":"Point","coordinates":[111.1194,40.7036]}},{"type":"Feature","properties":{"country":"China","name":"苏州新区","daily_stops":15.0},"geometry":{"type":"Point","coordinates":[120.5206,31.3739]}},{"type":"Feature","properties":{"country":"China","name":"榆中","daily_stops":15.0},"geometry":{"type":"Point","coordinates":[104.1686,35.8515]}},{"type":"Feature","properties":{"country":"China","name":"高台南","daily_stops":15.0},"geometry":{"type":"Point","coordinates":[99.7677,39.2939]}},{"type":"Feature","properties":{"country":"China","name":"江宁","daily_stops":15.0},"geometry":{"type":"Point","coordinates":[118.8939,31.9387]}},{"type":"Feature","properties":{"country":"China","name":"杨桥","daily_stops":15.0},"geometry":{"type":"Point","coordinates":[112.0031,27.1715]}},{"type":"Feature","properties":{"country":"China","name":"金普","daily_stops":15.0},"geometry":{"type":"Point","coordinates":[121.808,39.3289]}},{"type":"Feature","properties":{"country":"China","name":"庄寨","daily_stops":15.0},"geometry":{"type":"Point","coordinates":[115.1863,35.0334]}},{"type":"Feature","properties":{"country":"China","name":"乐平北","daily_stops":14.7},"geometry":{"type":"Point","coordinates":[117.0378,29.1608]}},{"type":"Feature","properties":{"country":"China","name":"黄陵","daily_stops":14.7},"geometry":{"type":"Point","coordinates":[109.2127,35.5893]}},{"type":"Feature","properties":{"country":"China","name":"阳澄湖","daily_stops":14.7},"geometry":{"type":"Point","coordinates":[120.8573,31.3823]}},{"type":"Feature","properties":{"country":"China","name":"双城北","daily_stops":14.6},"geometry":{"type":"Point","coordinates":[126.2649,45.4242]}},{"type":"Feature","properties":{"country":"China","name":"长宁","daily_stops":14.4},"geometry":{"type":"Point","coordinates":[104.9265,28.6001]}},{"type":"Feature","properties":{"country":"China","name":"富顺","daily_stops":14.4},"geometry":{"type":"Point","coordinates":[105.0359,29.2124]}},{"type":"Feature","properties":{"country":"China","name":"海东","daily_stops":14.4},"geometry":{"type":"Point","coordinates":[102.3895,36.4676]}},{"type":"Feature","properties":{"country":"China","name":"南昌南","daily_stops":14.4},"geometry":{"type":"Point","coordinates":[115.9454,28.5035]}},{"type":"Feature","properties":{"country":"China","name":"麻阳西","daily_stops":14.4},"geometry":{"type":"Point","coordinates":[109.7755,27.8385]}},{"type":"Feature","properties":{"country":"China","name":"古丈西","daily_stops":14.4},"geometry":{"type":"Point","coordinates":[109.9323,28.624]}},{"type":"Feature","properties":{"country":"China","name":"德兴","daily_stops":14.4},"geometry":{"type":"Point","coordinates":[117.8552,28.9604]}},{"type":"Feature","properties":{"country":"China","name":"卓资东","daily_stops":14.3},"geometry":{"type":"Point","coordinates":[112.6122,40.9228]}},{"type":"Feature","properties":{"country":"China","name":"永川南","daily_stops":14.3},"geometry":{"type":"Point","coordinates":[105.9604,29.2786]}},{"type":"Feature","properties":{"country":"China","name":"南阳寨","daily_stops":14.1},"geometry":{"type":"Point","coordinates":[113.6109,34.8155]}},{"type":"Feature","properties":{"country":"China","name":"南头","daily_stops":14.1},"geometry":{"type":"Point","coordinates":[113.3035,22.7158]}},{"type":"Feature","properties":{"country":"China","name":"前山","daily_stops":14.1},"geometry":{"type":"Point","coordinates":[113.5205,22.2374]}},{"type":"Feature","properties":{"country":"China","name":"海头","daily_stops":14.0},"geometry":{"type":"Point","coordinates":[108.9895,19.4961]}},{"type":"Feature","properties":{"country":"China","name":"银滩","daily_stops":14.0},"geometry":{"type":"Point","coordinates":[109.4852,19.792]}},{"type":"Feature","properties":{"country":"China","name":"玉门","daily_stops":14.0},"geometry":{"type":"Point","coordinates":[97.0439,40.2716]}},{"type":"Feature","properties":{"country":"China","name":"惠山","daily_stops":14.0},"geometry":{"type":"Point","coordinates":[120.1964,31.6716]}},{"type":"Feature","properties":{"country":"China","name":"江宁西","daily_stops":14.0},"geometry":{"type":"Point","coordinates":[118.5907,31.8257]}},{"type":"Feature","properties":{"country":"China","name":"东兴市","daily_stops":14.0},"geometry":{"type":"Point","coordinates":[108.013,21.579]}},{"type":"Feature","properties":{"country":"China","name":"横州","daily_stops":14.0},"geometry":{"type":"Point","coordinates":[109.3697,22.7582]}},{"type":"Feature","properties":{"country":"China","name":"兴业南","daily_stops":14.0},"geometry":{"type":"Point","coordinates":[109.8755,22.7156]}},{"type":"Feature","properties":{"country":"China","name":"玉林","daily_stops":14.0},"geometry":{"type":"Point","coordinates":[110.1524,22.6001]}},{"type":"Feature","properties":{"country":"China","name":"朋普","daily_stops":14.0},"geometry":{"type":"Point","coordinates":[103.3414,23.9776]}},{"type":"Feature","properties":{"country":"China","name":"安次","daily_stops":14.0},"geometry":{"type":"Point","coordinates":[116.6912,39.2361]}},{"type":"Feature","properties":{"country":"China","name":"庄河北","daily_stops":13.6},"geometry":{"type":"Point","coordinates":[122.931,39.7267]}},{"type":"Feature","properties":{"country":"China","name":"万安县","daily_stops":13.6},"geometry":{"type":"Point","coordinates":[114.8386,26.5286]}},{"type":"Feature","properties":{"country":"China","name":"北滘","daily_stops":13.4},"geometry":{"type":"Point","coordinates":[113.2586,22.918]}},{"type":"Feature","properties":{"country":"China","name":"东港北","daily_stops":13.3},"geometry":{"type":"Point","coordinates":[124.1247,39.909]}},{"type":"Feature","properties":{"country":"China","name":"临淄北","daily_stops":13.1},"geometry":{"type":"Point","coordinates":[118.3351,36.9056]}},{"type":"Feature","properties":{"country":"China","name":"曲子","daily_stops":13.1},"geometry":{"type":"Point","coordinates":[107.4892,36.3197]}},{"type":"Feature","properties":{"country":"China","name":"大足南","daily_stops":13.1},"geometry":{"type":"Point","coordinates":[105.742,29.4236]}},{"type":"Feature","properties":{"country":"China","name":"吴圩机场","daily_stops":13.0},"geometry":{"type":"Point","coordinates":[108.1833,22.6026]}},{"type":"Feature","properties":{"country":"China","name":"双峰北","daily_stops":13.0},"geometry":{"type":"Point","coordinates":[112.0079,27.5617]}},{"type":"Feature","properties":{"country":"China","name":"平川西","daily_stops":13.0},"geometry":{"type":"Point","coordinates":[104.7265,36.7601]}},{"type":"Feature","properties":{"country":"China","name":"环江","daily_stops":13.0},"geometry":{"type":"Point","coordinates":[108.168,24.8561]}},{"type":"Feature","properties":{"country":"China","name":"嵊州北","daily_stops":13.0},"geometry":{"type":"Point","coordinates":[120.8072,29.7858]}},{"type":"Feature","properties":{"country":"China","name":"门源","daily_stops":13.0},"geometry":{"type":"Point","coordinates":[101.5262,37.4265]}},{"type":"Feature","properties":{"country":"China","name":"胜利镇","daily_stops":13.0},"geometry":{"type":"Point","coordinates":[127.9873,45.7866]}},{"type":"Feature","properties":{"country":"China","name":"滨海北","daily_stops":13.0},"geometry":{"type":"Point","coordinates":[117.7558,39.2351]}},{"type":"Feature","properties":{"country":"China","name":"新乡南","daily_stops":13.0},"geometry":{"type":"Point","coordinates":[113.8521,35.0428]}},{"type":"Feature","properties":{"country":"China","name":"黄水","daily_stops":13.0},"geometry":{"type":"Point","coordinates":[108.4928,30.0986]}},{"type":"Feature","properties":{"country":"China","name":"开福寺","daily_stops":12.9},"geometry":{"type":"Point","coordinates":[112.9751,28.2268]}},{"type":"Feature","properties":{"country":"China","name":"资中西","daily_stops":12.7},"geometry":{"type":"Point","coordinates":[104.6105,29.8948]}},{"type":"Feature","properties":{"country":"China","name":"富县北","daily_stops":12.7},"geometry":{"type":"Point","coordinates":[109.4074,36.0438]}},{"type":"Feature","properties":{"country":"China","name":"江津北","daily_stops":12.7},"geometry":{"type":"Point","coordinates":[106.255,29.3476]}},{"type":"Feature","properties":{"country":"China","name":"武平","daily_stops":12.6},"geometry":{"type":"Point","coordinates":[116.2149,24.9947]}},{"type":"Feature","properties":{"country":"China","name":"金州","daily_stops":12.6},"geometry":{"type":"Point","coordinates":[121.7222,39.087]}},{"type":"Feature","properties":{"country":"China","name":"观音机场","daily_stops":12.4},"geometry":{"type":"Point","coordinates":[117.5579,34.0405]}},{"type":"Feature","properties":{"country":"China","name":"南溪","daily_stops":12.4},"geometry":{"type":"Point","coordinates":[104.9527,28.882]}},{"type":"Feature","properties":{"country":"China","name":"乐昌东","daily_stops":12.4},"geometry":{"type":"Point","coordinates":[113.3907,25.1162]}},{"type":"Feature","properties":{"country":"China","name":"朱砂古镇","daily_stops":12.4},"geometry":{"type":"Point","coordinates":[109.1333,27.5198]}},{"type":"Feature","properties":{"country":"China","name":"上杭","daily_stops":12.3},"geometry":{"type":"Point","coordinates":[116.3911,25.076]}},{"type":"Feature","properties":{"country":"China","name":"安江东","daily_stops":12.3},"geometry":{"type":"Point","coordinates":[110.1574,27.3438]}},{"type":"Feature","properties":{"country":"China","name":"独山东","daily_stops":12.3},"geometry":{"type":"Point","coordinates":[107.5738,25.8628]}},{"type":"Feature","properties":{"country":"China","name":"青川","daily_stops":12.3},"geometry":{"type":"Point","coordinates":[105.3301,32.1877]}},{"type":"Feature","properties":{"country":"China","name":"会昌北","daily_stops":12.3},"geometry":{"type":"Point","coordinates":[115.7806,25.8298]}},{"type":"Feature","properties":{"country":"China","name":"咸丰","daily_stops":12.1},"geometry":{"type":"Point","coordinates":[109.0551,29.5984]}},{"type":"Feature","properties":{"country":"China","name":"含山南","daily_stops":12.0},"geometry":{"type":"Point","coordinates":[118.0864,31.48]}},{"type":"Feature","properties":{"country":"China","name":"名山","daily_stops":12.0},"geometry":{"type":"Point","coordinates":[103.188,30.0599]}},{"type":"Feature","properties":{"country":"China","name":"肇庆","daily_stops":12.0},"geometry":{"type":"Point","coordinates":[112.4458,23.0847]}},{"type":"Feature","properties":{"country":"China","name":"文登南","daily_stops":12.0},"geometry":{"type":"Point","coordinates":[122.0904,37.0816]}},{"type":"Feature","properties":{"country":"China","name":"甘泉北","daily_stops":12.0},"geometry":{"type":"Point","coordinates":[109.3405,36.2781]}},{"type":"Feature","properties":{"country":"China","name":"秦王川","daily_stops":12.0},"geometry":{"type":"Point","coordinates":[103.7664,36.4704]}},{"type":"Feature","properties":{"country":"China","name":"南充北","daily_stops":12.0},"geometry":{"type":"Point","coordinates":[106.0659,30.86]}},{"type":"Feature","properties":{"country":"China","name":"角美","daily_stops":12.0},"geometry":{"type":"Point","coordinates":[117.8754,24.5296]}},{"type":"Feature","properties":{"country":"China","name":"大通西","daily_stops":12.0},"geometry":{"type":"Point","coordinates":[101.6718,36.966]}},{"type":"Feature","properties":{"country":"China","name":"安亭北","daily_stops":12.0},"geometry":{"type":"Point","coordinates":[121.1537,31.3164]}},{"type":"Feature","properties":{"country":"China","name":"仙桃","daily_stops":12.0},"geometry":{"type":"Point","coordinates":[113.5014,30.3232]}},{"type":"Feature","properties":{"country":"China","name":"绥芬河","daily_stops":12.0},"geometry":{"type":"Point","coordinates":[131.129,44.4038]}},{"type":"Feature","properties":{"country":"China","name":"延平西","daily_stops":12.0},"geometry":{"type":"Point","coordinates":[118.108,26.5707]}},{"type":"Feature","properties":{"country":"China","name":"延庆","daily_stops":12.0},"geometry":{"type":"Point","coordinates":[115.9774,40.435]}},{"type":"Feature","properties":{"country":"China","name":"本溪新城","daily_stops":12.0},"geometry":{"type":"Point","coordinates":[123.6721,41.4802]}},{"type":"Feature","properties":{"country":"China","name":"高楞","daily_stops":12.0},"geometry":{"type":"Point","coordinates":[129.2675,45.9867]}},{"type":"Feature","properties":{"country":"China","name":"扶绥南","daily_stops":12.0},"geometry":{"type":"Point","coordinates":[107.9044,22.5788]}},{"type":"Feature","properties":{"country":"China","name":"兴业","daily_stops":12.0},"geometry":{"type":"Point","coordinates":[109.9025,22.7409]}},{"type":"Feature","properties":{"country":"China","name":"泗水南","daily_stops":12.0},"geometry":{"type":"Point","coordinates":[117.2762,35.5352]}},{"type":"Feature","properties":{"country":"China","name":"淮北北","daily_stops":12.0},"geometry":{"type":"Point","coordinates":[116.8454,34.0485]}},{"type":"Feature","properties":{"country":"China","name":"乌江寨","daily_stops":11.9},"geometry":{"type":"Point","coordinates":[106.8363,27.4496]}},{"type":"Feature","properties":{"country":"China","name":"泸县","daily_stops":11.9},"geometry":{"type":"Point","coordinates":[105.3203,29.1671]}},{"type":"Feature","properties":{"country":"China","name":"进贤北","daily_stops":11.9},"geometry":{"type":"Point","coordinates":[116.355,28.6814]}},{"type":"Feature","properties":{"country":"China","name":"尖山","daily_stops":11.6},"geometry":{"type":"Point","coordinates":[112.8824,28.2402]}},{"type":"Feature","properties":{"country":"China","name":"河源北","daily_stops":11.6},"geometry":{"type":"Point","coordinates":[115.0018,23.8862]}},{"type":"Feature","properties":{"country":"China","name":"茂县","daily_stops":11.4},"geometry":{"type":"Point","coordinates":[103.9425,31.7279]}},{"type":"Feature","properties":{"country":"China","name":"西渡","daily_stops":11.4},"geometry":{"type":"Point","coordinates":[112.4226,27.0064]}},{"type":"Feature","properties":{"country":"China","name":"沿滩","daily_stops":11.4},"geometry":{"type":"Point","coordinates":[104.9278,29.1847]}},{"type":"Feature","properties":{"country":"China","name":"关岭","daily_stops":11.4},"geometry":{"type":"Point","coordinates":[105.5249,25.9683]}},{"type":"Feature","properties":{"country":"China","name":"玉田南","daily_stops":11.3},"geometry":{"type":"Point","coordinates":[117.8087,39.6964]}},{"type":"Feature","properties":{"country":"China","name":"赣县北","daily_stops":11.1},"geometry":{"type":"Point","coordinates":[115.1502,26.0093]}},{"type":"Feature","properties":{"country":"China","name":"什邡西","daily_stops":11.1},"geometry":{"type":"Point","coordinates":[104.1179,31.1236]}},{"type":"Feature","properties":{"country":"China","name":"娄山关南","daily_stops":11.1},"geometry":{"type":"Point","coordinates":[106.9251,27.9345]}},{"type":"Feature","properties":{"country":"China","name":"江海","daily_stops":11.1},"geometry":{"type":"Point","coordinates":[113.1584,22.5857]}},{"type":"Feature","properties":{"country":"China","name":"唐山西","daily_stops":11.1},"geometry":{"type":"Point","coordinates":[118.0171,39.6951]}},{"type":"Feature","properties":{"country":"China","name":"永庆","daily_stops":11.0},"geometry":{"type":"Point","coordinates":[128.2366,42.7079]}},{"type":"Feature","properties":{"country":"China","name":"军粮城北","daily_stops":11.0},"geometry":{"type":"Point","coordinates":[117.4212,39.0658]}},{"type":"Feature","properties":{"country":"China","name":"龙游北","daily_stops":11.0},"geometry":{"type":"Point","coordinates":[119.1367,29.1628]}},{"type":"Feature","properties":{"country":"China","name":"南湖东","daily_stops":11.0},"geometry":{"type":"Point","coordinates":[114.3748,30.4688]}},{"type":"Feature","properties":{"country":"China","name":"清镇西","daily_stops":11.0},"geometry":{"type":"Point","coordinates":[106.3761,26.805]}},{"type":"Feature","properties":{"country":"China","name":"威海北","daily_stops":11.0},"geometry":{"type":"Point","coordinates":[122.043,37.4953]}},{"type":"Feature","properties":{"country":"China","name":"文登东","daily_stops":11.0},"geometry":{"type":"Point","coordinates":[122.2534,37.2404]}},{"type":"Feature","properties":{"country":"China","name":"建桥","daily_stops":11.0},"geometry":{"type":"Point","coordinates":[116.1077,23.9311]}},{"type":"Feature","properties":{"country":"China","name":"沙湖","daily_stops":11.0},"geometry":{"type":"Point","coordinates":[106.3024,38.7833]}},{"type":"Feature","properties":{"country":"China","name":"双洋","daily_stops":11.0},"geometry":{"type":"Point","coordinates":[117.3684,25.6221]}},{"type":"Feature","properties":{"country":"China","name":"丹徒","daily_stops":11.0},"geometry":{"type":"Point","coordinates":[119.5132,32.1193]}},{"type":"Feature","properties":{"country":"China","name":"来凤","daily_stops":11.0},"geometry":{"type":"Point","coordinates":[109.3517,29.5212]}},{"type":"Feature","properties":{"country":"China","name":"穆棱","daily_stops":11.0},"geometry":{"type":"Point","coordinates":[130.3533,44.6106]}},{"type":"Feature","properties":{"country":"China","name":"竹园","daily_stops":11.0},"geometry":{"type":"Point","coordinates":[103.3967,24.1169]}},{"type":"Feature","properties":{"country":"China","name":"普安县","daily_stops":11.0},"geometry":{"type":"Point","coordinates":[104.8674,25.8058]}},{"type":"Feature","properties":{"country":"China","name":"吉水西","daily_stops":10.9},"geometry":{"type":"Point","coordinates":[115.0857,27.2814]}},{"type":"Feature","properties":{"country":"China","name":"璧山","daily_stops":10.9},"geometry":{"type":"Point","coordinates":[106.2207,29.5067]}},{"type":"Feature","properties":{"country":"China","name":"西来","daily_stops":10.7},"geometry":{"type":"Point","coordinates":[103.5146,30.3129]}},{"type":"Feature","properties":{"country":"China","name":"安亭西","daily_stops":10.6},"geometry":{"type":"Point","coordinates":[121.1525,31.3131]}},{"type":"Feature","properties":{"country":"China","name":"灰埠","daily_stops":10.6},"geometry":{"type":"Point","coordinates":[119.6665,36.9765]}},{"type":"Feature","properties":{"country":"China","name":"牛车河","daily_stops":10.4},"geometry":{"type":"Point","coordinates":[110.995,29.034]}},{"type":"Feature","properties":{"country":"China","name":"江油北","daily_stops":10.4},"geometry":{"type":"Point","coordinates":[105.0723,31.9854]}},{"type":"Feature","properties":{"country":"China","name":"高陵","daily_stops":10.3},"geometry":{"type":"Point","coordinates":[109.1285,34.5076]}},{"type":"Feature","properties":{"country":"China","name":"宜君","daily_stops":10.1},"geometry":{"type":"Point","coordinates":[109.1309,35.4114]}},{"type":"Feature","properties":{"country":"China","name":"戚墅堰","daily_stops":10.1},"geometry":{"type":"Point","coordinates":[120.0624,31.7242]}},{"type":"Feature","properties":{"country":"China","name":"泸州东","daily_stops":10.0},"geometry":{"type":"Point","coordinates":[105.6361,29.0608]}},{"type":"Feature","properties":{"country":"China","name":"北滩","daily_stops":10.0},"geometry":{"type":"Point","coordinates":[104.8652,37.0537]}},{"type":"Feature","properties":{"country":"China","name":"临泽南","daily_stops":10.0},"geometry":{"type":"Point","coordinates":[100.123,39.1332]}},{"type":"Feature","properties":{"country":"China","name":"珠琳","daily_stops":10.0},"geometry":{"type":"Point","coordinates":[104.6254,23.9681]}},{"type":"Feature","properties":{"country":"China","name":"大孤山","daily_stops":10.0},"geometry":{"type":"Point","coordinates":[123.5798,39.9343]}},{"type":"Feature","properties":{"country":"China","name":"凭祥东","daily_stops":10.0},"geometry":{"type":"Point","coordinates":[106.7894,22.1064]}},{"type":"Feature","properties":{"country":"China","name":"杭州","daily_stops":10.0},"geometry":{"type":"Point","coordinates":[120.1784,30.246]}},{"type":"Feature","properties":{"country":"China","name":"黑山北","daily_stops":9.9},"geometry":{"type":"Point","coordinates":[122.2946,42.0436]}},{"type":"Feature","properties":{"country":"China","name":"三星堆","daily_stops":9.9},"geometry":{"type":"Point","coordinates":[104.2081,30.9439]}},{"type":"Feature","properties":{"country":"China","name":"云南驿","daily_stops":9.7},"geometry":{"type":"Point","coordinates":[100.7031,25.3823]}},{"type":"Feature","properties":{"country":"China","name":"红寺堡北","daily_stops":9.6},"geometry":{"type":"Point","coordinates":[106.0579,37.5998]}},{"type":"Feature","properties":{"country":"China","name":"江北机场","daily_stops":9.6},"geometry":{"type":"Point","coordinates":[106.6507,29.7091]}},{"type":"Feature","properties":{"country":"China","name":"大英东","daily_stops":9.3},"geometry":{"type":"Point","coordinates":[105.276,30.5707]}},{"type":"Feature","properties":{"country":"China","name":"南芬北","daily_stops":9.1},"geometry":{"type":"Point","coordinates":[123.739,41.1346]}},{"type":"Feature","properties":{"country":"China","name":"绵竹南","daily_stops":9.0},"geometry":{"type":"Point","coordinates":[104.2096,31.2611]}},{"type":"Feature","properties":{"country":"China","name":"桐城南","daily_stops":9.0},"geometry":{"type":"Point","coordinates":[116.9593,30.8753]}},{"type":"Feature","properties":{"country":"China","name":"畲江北","daily_stops":9.0},"geometry":{"type":"Point","coordinates":[116.0168,24.0626]}},{"type":"Feature","properties":{"country":"China","name":"海口","daily_stops":9.0},"geometry":{"type":"Point","coordinates":[110.1575,20.0294]}},{"type":"Feature","properties":{"country":"China","name":"灵武北","daily_stops":9.0},"geometry":{"type":"Point","coordinates":[106.3123,38.1344]}},{"type":"Feature","properties":{"country":"China","name":"朝天","daily_stops":9.0},"geometry":{"type":"Point","coordinates":[106.0688,32.7071]}},{"type":"Feature","properties":{"country":"China","name":"山丹马场","daily_stops":9.0},"geometry":{"type":"Point","coordinates":[101.2049,38.0943]}},{"type":"Feature","properties":{"country":"China","name":"兴安北","daily_stops":9.0},"geometry":{"type":"Point","coordinates":[110.663,25.6766]}},{"type":"Feature","properties":{"country":"China","name":"苇河西","daily_stops":9.0},"geometry":{"type":"Point","coordinates":[128.3569,44.9319]}},{"type":"Feature","properties":{"country":"China","name":"南翔北","daily_stops":9.0},"geometry":{"type":"Point","coordinates":[121.3048,31.2835]}},{"type":"Feature","properties":{"country":"China","name":"廊坊北","daily_stops":9.0},"geometry":{"type":"Point","coordinates":[116.6679,39.5774]}},{"type":"Feature","properties":{"country":"China","name":"安州","daily_stops":8.7},"geometry":{"type":"Point","coordinates":[104.2338,31.4656]}},{"type":"Feature","properties":{"country":"China","name":"屏山","daily_stops":8.7},"geometry":{"type":"Point","coordinates":[104.3583,28.8525]}},{"type":"Feature","properties":{"country":"China","name":"青神","daily_stops":8.7},"geometry":{"type":"Point","coordinates":[103.7677,29.8515]}},{"type":"Feature","properties":{"country":"China","name":"保田","daily_stops":8.7},"geometry":{"type":"Point","coordinates":[104.7005,25.38]}},{"type":"Feature","properties":{"country":"China","name":"三岔湖","daily_stops":8.6},"geometry":{"type":"Point","coordinates":[104.3303,30.3674]}},{"type":"Feature","properties":{"country":"China","name":"黄河景区","daily_stops":8.6},"geometry":{"type":"Point","coordinates":[113.5268,34.9322]}},{"type":"Feature","properties":{"country":"China","name":"珞璜南","daily_stops":8.6},"geometry":{"type":"Point","coordinates":[106.4382,29.3023]}},{"type":"Feature","properties":{"country":"China","name":"兰州新区","daily_stops":8.4},"geometry":{"type":"Point","coordinates":[103.6157,36.4697]}},{"type":"Feature","properties":{"country":"China","name":"皮口","daily_stops":8.4},"geometry":{"type":"Point","coordinates":[122.3346,39.4298]}},{"type":"Feature","properties":{"country":"China","name":"吐哈","daily_stops":8.3},"geometry":{"type":"Point","coordinates":[90.5299,43.0592]}},{"type":"Feature","properties":{"country":"China","name":"莱芜北","daily_stops":8.3},"geometry":{"type":"Point","coordinates":[117.701,36.2816]}},{"type":"Feature","properties":{"country":"China","name":"钢城","daily_stops":8.3},"geometry":{"type":"Point","coordinates":[117.8777,36.0712]}},{"type":"Feature","properties":{"country":"China","name":"大石头南","daily_stops":8.0},"geometry":{"type":"Point","coordinates":[128.4507,43.2981]}},{"type":"Feature","properties":{"country":"China","name":"九台南","daily_stops":8.0},"geometry":{"type":"Point","coordinates":[125.8046,44.0203]}},{"type":"Feature","properties":{"country":"China","name":"顺德北","daily_stops":8.0},"geometry":{"type":"Point","coordinates":[113.1235,22.9651]}},{"type":"Feature","properties":{"country":"China","name":"泥溪","daily_stops":8.0},"geometry":{"type":"Point","coordinates":[104.2732,29.0092]}},{"type":"Feature","properties":{"country":"China","name":"黄龙九寨","daily_stops":8.0},"geometry":{"type":"Point","coordinates":[103.6134,32.7478]}},{"type":"Feature","properties":{"country":"China","name":"八方山","daily_stops":8.0},"geometry":{"type":"Point","coordinates":[112.9288,28.2341]}},{"type":"Feature","properties":{"country":"China","name":"昌平","daily_stops":8.0},"geometry":{"type":"Point","coordinates":[116.1883,40.1887]}},{"type":"Feature","properties":{"country":"China","name":"巴中东","daily_stops":8.0},"geometry":{"type":"Point","coordinates":[106.87,31.8424]}},{"type":"Feature","properties":{"country":"China","name":"西安","daily_stops":8.0},"geometry":{"type":"Point","coordinates":[108.9579,34.28]}},{"type":"Feature","properties":{"country":"China","name":"五龙背东","daily_stops":8.0},"geometry":{"type":"Point","coordinates":[124.2815,40.2631]}},{"type":"Feature","properties":{"country":"China","name":"龙州","daily_stops":8.0},"geometry":{"type":"Point","coordinates":[106.874,22.3146]}},{"type":"Feature","properties":{"country":"China","name":"宁明东","daily_stops":8.0},"geometry":{"type":"Point","coordinates":[107.2005,22.31]}},{"type":"Feature","properties":{"country":"China","name":"承德县北","daily_stops":8.0},"geometry":{"type":"Point","coordinates":[118.2847,40.9342]}},{"type":"Feature","properties":{"country":"China","name":"太子城","daily_stops":8.0},"geometry":{"type":"Point","coordinates":[115.4411,40.9124]}},{"type":"Feature","properties":{"country":"China","name":"崇礼","daily_stops":8.0},"geometry":{"type":"Point","coordinates":[115.3108,41.0059]}},{"type":"Feature","properties":{"country":"China","name":"宜宾东","daily_stops":7.4},"geometry":{"type":"Point","coordinates":[104.7426,28.8015]}},{"type":"Feature","properties":{"country":"China","name":"六盘水东","daily_stops":7.4},"geometry":{"type":"Point","coordinates":[105.0316,26.524]}},{"type":"Feature","properties":{"country":"China","name":"随县","daily_stops":7.3},"geometry":{"type":"Point","coordinates":[113.2044,31.7679]}},{"type":"Feature","properties":{"country":"China","name":"礼乐","daily_stops":7.1},"geometry":{"type":"Point","coordinates":[113.0723,22.5482]}},{"type":"Feature","properties":{"country":"China","name":"青堆","daily_stops":7.1},"geometry":{"type":"Point","coordinates":[123.2218,39.842]}},{"type":"Feature","properties":{"country":"China","name":"江源东","daily_stops":7.0},"geometry":{"type":"Point","coordinates":[126.9037,42.0867]}},{"type":"Feature","properties":{"country":"China","name":"三水北","daily_stops":7.0},"geometry":{"type":"Point","coordinates":[112.9135,23.1874]}},{"type":"Feature","properties":{"country":"China","name":"鼎湖东","daily_stops":7.0},"geometry":{"type":"Point","coordinates":[112.655,23.2167]}},{"type":"Feature","properties":{"country":"China","name":"纸坊东","daily_stops":7.0},"geometry":{"type":"Point","coordinates":[114.3392,30.3562]}},{"type":"Feature","properties":{"country":"China","name":"山坡东","daily_stops":7.0},"geometry":{"type":"Point","coordinates":[114.3545,30.0887]}},{"type":"Feature","properties":{"country":"China","name":"咸宁南","daily_stops":7.0},"geometry":{"type":"Point","coordinates":[114.3003,29.8396]}},{"type":"Feature","properties":{"country":"China","name":"白彦花西","daily_stops":7.0},"geometry":{"type":"Point","coordinates":[109.1956,40.6266]}},{"type":"Feature","properties":{"country":"China","name":"海东西","daily_stops":7.0},"geometry":{"type":"Point","coordinates":[102.0535,36.5095]}},{"type":"Feature","properties":{"country":"China","name":"柳园南","daily_stops":7.0},"geometry":{"type":"Point","coordinates":[95.4708,41.1006]}},{"type":"Feature","properties":{"country":"China","name":"甜水堡","daily_stops":7.0},"geometry":{"type":"Point","coordinates":[106.8092,37.1362]}},{"type":"Feature","properties":{"country":"China","name":"绥阳","daily_stops":7.0},"geometry":{"type":"Point","coordinates":[130.8928,44.4263]}},{"type":"Feature","properties":{"country":"China","name":"一面坡北","daily_stops":7.0},"geometry":{"type":"Point","coordinates":[128.0804,45.0837]}},{"type":"Feature","properties":{"country":"China","name":"平坝南","daily_stops":7.0},"geometry":{"type":"Point","coordinates":[106.2534,26.3873]}},{"type":"Feature","properties":{"country":"China","name":"羊马","daily_stops":6.7},"geometry":{"type":"Point","coordinates":[103.7563,30.6205]}},{"type":"Feature","properties":{"country":"China","name":"黄桶北","daily_stops":6.6},"geometry":{"type":"Point","coordinates":[105.688,26.2081]}},{"type":"Feature","properties":{"country":"China","name":"温江","daily_stops":6.4},"geometry":{"type":"Point","coordinates":[103.8119,30.6374]}},{"type":"Feature","properties":{"country":"China","name":"铜川北","daily_stops":6.4},"geometry":{"type":"Point","coordinates":[109.0433,35.0896]}},{"type":"Feature","properties":{"country":"China","name":"沙洋西","daily_stops":6.4},"geometry":{"type":"Point","coordinates":[112.1578,30.6552]}},{"type":"Feature","properties":{"country":"China","name":"水江西","daily_stops":6.4},"geometry":{"type":"Point","coordinates":[107.2694,29.2471]}},{"type":"Feature","properties":{"country":"China","name":"帽儿山西","daily_stops":6.3},"geometry":{"type":"Point","coordinates":[127.4712,45.2777]}},{"type":"Feature","properties":{"country":"China","name":"新津南","daily_stops":6.1},"geometry":{"type":"Point","coordinates":[103.8538,30.3515]}},{"type":"Feature","properties":{"country":"China","name":"青莲","daily_stops":6.1},"geometry":{"type":"Point","coordinates":[104.6993,31.6735]}},{"type":"Feature","properties":{"country":"China","name":"伯官","daily_stops":6.0},"geometry":{"type":"Point","coordinates":[123.7101,41.879]}},{"type":"Feature","properties":{"country":"China","name":"芜湖北","daily_stops":6.0},"geometry":{"type":"Point","coordinates":[118.2507,31.3575]}},{"type":"Feature","properties":{"country":"China","name":"修文县","daily_stops":6.0},"geometry":{"type":"Point","coordinates":[106.7489,26.8546]}},{"type":"Feature","properties":{"country":"China","name":"白云北","daily_stops":6.0},"geometry":{"type":"Point","coordinates":[106.6591,26.7067]}},{"type":"Feature","properties":{"country":"China","name":"新津","daily_stops":6.0},"geometry":{"type":"Point","coordinates":[103.8683,30.4682]}},{"type":"Feature","properties":{"country":"China","name":"长箐","daily_stops":6.0},"geometry":{"type":"Point","coordinates":[105.2711,26.3174]}},{"type":"Feature","properties":{"country":"China","name":"南溪北","daily_stops":6.0},"geometry":{"type":"Point","coordinates":[104.8833,28.9732]}},{"type":"Feature","properties":{"country":"China","name":"磴口","daily_stops":6.0},"geometry":{"type":"Point","coordinates":[106.9583,40.3393]}},{"type":"Feature","properties":{"country":"China","name":"南部","daily_stops":6.0},"geometry":{"type":"Point","coordinates":[106.009,31.3734]}},{"type":"Feature","properties":{"country":"China","name":"仪陇","daily_stops":6.0},"geometry":{"type":"Point","coordinates":[106.3102,31.2622]}},{"type":"Feature","properties":{"country":"China","name":"花湖","daily_stops":6.0},"geometry":{"type":"Point","coordinates":[115.0169,30.2635]}},{"type":"Feature","properties":{"country":"China","name":"历城","daily_stops":6.0},"geometry":{"type":"Point","coordinates":[117.2016,36.666]}},{"type":"Feature","properties":{"country":"China","name":"雪野","daily_stops":6.0},"geometry":{"type":"Point","coordinates":[117.5831,36.4605]}},{"type":"Feature","properties":{"country":"China","name":"花园口","daily_stops":6.0},"geometry":{"type":"Point","coordinates":[122.6091,39.5509]}},{"type":"Feature","properties":{"country":"China","name":"德兴东","daily_stops":6.0},"geometry":{"type":"Point","coordinates":[117.9538,29.1194]}},{"type":"Feature","properties":{"country":"China","name":"浮梁东","daily_stops":6.0},"geometry":{"type":"Point","coordinates":[117.4557,29.5138]}},{"type":"Feature","properties":{"country":"China","name":"礼贤","daily_stops":6.0},"geometry":{"type":"Point","coordinates":[116.4316,39.555]}},{"type":"Feature","properties":{"country":"China","name":"北辰","daily_stops":6.0},"geometry":{"type":"Point","coordinates":[117.2707,39.2711]}},{"type":"Feature","properties":{"country":"China","name":"湖潮东","daily_stops":5.7},"geometry":{"type":"Point","coordinates":[106.5099,26.4356]}},{"type":"Feature","properties":{"country":"China","name":"巴南","daily_stops":5.7},"geometry":{"type":"Point","coordinates":[106.7518,29.3963]}},{"type":"Feature","properties":{"country":"China","name":"阳宗","daily_stops":5.6},"geometry":{"type":"Point","coordinates":[102.9784,24.8269]}},{"type":"Feature","properties":{"country":"China","name":"五府山","daily_stops":5.3},"geometry":{"type":"Point","coordinates":[118.041,28.2326]}},{"type":"Feature","properties":{"country":"China","name":"翠亨","daily_stops":5.1},"geometry":{"type":"Point","coordinates":[113.5409,22.442]}},{"type":"Feature","properties":{"country":"China","name":"汤逊湖","daily_stops":5.0},"geometry":{"type":"Point","coordinates":[114.3797,30.4476]}},{"type":"Feature","properties":{"country":"China","name":"庙山","daily_stops":5.0},"geometry":{"type":"Point","coordinates":[114.3678,30.4155]}},{"type":"Feature","properties":{"country":"China","name":"武胜","daily_stops":5.0},"geometry":{"type":"Point","coordinates":[106.1018,30.372]}},{"type":"Feature","properties":{"country":"China","name":"阆中","daily_stops":5.0},"geometry":{"type":"Point","coordinates":[105.9535,31.5601]}},{"type":"Feature","properties":{"country":"China","name":"东岔","daily_stops":5.0},"geometry":{"type":"Point","coordinates":[106.536,34.444]}},{"type":"Feature","properties":{"country":"China","name":"桦南东","daily_stops":5.0},"geometry":{"type":"Point","coordinates":[130.6136,46.2132]}},{"type":"Feature","properties":{"country":"China","name":"曲阜南","daily_stops":5.0},"geometry":{"type":"Point","coordinates":[117.0181,35.5109]}},{"type":"Feature","properties":{"country":"China","name":"宝坻南","daily_stops":5.0},"geometry":{"type":"Point","coordinates":[117.3684,39.5062]}},{"type":"Feature","properties":{"country":"China","name":"冷坝","daily_stops":4.7},"geometry":{"type":"Point","coordinates":[105.1702,26.4293]}},{"type":"Feature","properties":{"country":"China","name":"柘皋","daily_stops":4.7},"geometry":{"type":"Point","coordinates":[117.7186,31.7481]}},{"type":"Feature","properties":{"country":"China","name":"淮口南","daily_stops":4.1},"geometry":{"type":"Point","coordinates":[104.574,30.7349]}},{"type":"Feature","properties":{"country":"China","name":"白城","daily_stops":4.0},"geometry":{"type":"Point","coordinates":[122.8591,45.6156]}},{"type":"Feature","properties":{"country":"China","name":"松原","daily_stops":4.0},"geometry":{"type":"Point","coordinates":[124.8114,45.1078]}},{"type":"Feature","properties":{"country":"China","name":"三阳","daily_stops":4.0},"geometry":{"type":"Point","coordinates":[118.8019,30.0295]}},{"type":"Feature","properties":{"country":"China","name":"大洋","daily_stops":4.0},"geometry":{"type":"Point","coordinates":[119.4829,29.4204]}},{"type":"Feature","properties":{"country":"China","name":"兰溪东","daily_stops":4.0},"geometry":{"type":"Point","coordinates":[119.4987,29.234]}},{"type":"Feature","properties":{"country":"China","name":"芦官","daily_stops":4.0},"geometry":{"type":"Point","coordinates":[106.4891,26.4275]}},{"type":"Feature","properties":{"country":"China","name":"青城山","daily_stops":4.0},"geometry":{"type":"Point","coordinates":[103.6051,30.8949]}},{"type":"Feature","properties":{"country":"China","name":"谷山","daily_stops":4.0},"geometry":{"type":"Point","coordinates":[112.9016,28.234]}},{"type":"Feature","properties":{"country":"China","name":"敦煌","daily_stops":4.0},"geometry":{"type":"Point","coordinates":[94.7834,40.1678]}},{"type":"Feature","properties":{"country":"China","name":"瓜州","daily_stops":4.0},"geometry":{"type":"Point","coordinates":[95.7724,40.5666]}},{"type":"Feature","properties":{"country":"China","name":"长乐","daily_stops":4.0},"geometry":{"type":"Point","coordinates":[119.4807,25.9271]}},{"type":"Feature","properties":{"country":"China","name":"巴中西","daily_stops":4.0},"geometry":{"type":"Point","coordinates":[106.6523,31.7662]}},{"type":"Feature","properties":{"country":"China","name":"章丘南","daily_stops":4.0},"geometry":{"type":"Point","coordinates":[117.4681,36.5846]}},{"type":"Feature","properties":{"country":"China","name":"登沙河","daily_stops":4.0},"geometry":{"type":"Point","coordinates":[122.0636,39.221]}},{"type":"Feature","properties":{"country":"China","name":"城子坦","daily_stops":4.0},"geometry":{"type":"Point","coordinates":[122.4729,39.4941]}},{"type":"Feature","properties":{"country":"China","name":"北井子","daily_stops":4.0},"geometry":{"type":"Point","coordinates":[123.897,39.897]}},{"type":"Feature","properties":{"country":"China","name":"陆川","daily_stops":4.0},"geometry":{"type":"Point","coordinates":[110.2538,22.3127]}},{"type":"Feature","properties":{"country":"China","name":"乌鲁木齐南","daily_stops":4.0},"geometry":{"type":"Point","coordinates":[87.5813,43.7791]}},{"type":"Feature","properties":{"country":"China","name":"嵩明","daily_stops":4.0},"geometry":{"type":"Point","coordinates":[103.1357,25.2426]}},{"type":"Feature","properties":{"country":"China","name":"芦庙","daily_stops":4.0},"geometry":{"type":"Point","coordinates":[115.7799,34.0414]}},{"type":"Feature","properties":{"country":"China","name":"长临河","daily_stops":4.0},"geometry":{"type":"Point","coordinates":[117.4772,31.7007]}},{"type":"Feature","properties":{"country":"China","name":"徐州","daily_stops":4.0},"geometry":{"type":"Point","coordinates":[117.2018,34.2664]}},{"type":"Feature","properties":{"country":"China","name":"黄胜关","daily_stops":3.7},"geometry":{"type":"Point","coordinates":[103.5251,32.8951]}},{"type":"Feature","properties":{"country":"China","name":"党武","daily_stops":3.7},"geometry":{"type":"Point","coordinates":[106.6046,26.4072]}},{"type":"Feature","properties":{"country":"China","name":"孟关","daily_stops":3.7},"geometry":{"type":"Point","coordinates":[106.735,26.4217]}},{"type":"Feature","properties":{"country":"China","name":"犀浦","daily_stops":3.7},"geometry":{"type":"Point","coordinates":[103.9702,30.7595]}},{"type":"Feature","properties":{"country":"China","name":"长寿湖","daily_stops":3.1},"geometry":{"type":"Point","coordinates":[107.2,29.9679]}},{"type":"Feature","properties":{"country":"China","name":"白马北","daily_stops":3.1},"geometry":{"type":"Point","coordinates":[104.9911,29.5439]}},{"type":"Feature","properties":{"country":"China","name":"双吉","daily_stops":3.0},"geometry":{"type":"Point","coordinates":[126.4311,43.9625]}},{"type":"Feature","properties":{"country":"China","name":"都江堰","daily_stops":3.0},"geometry":{"type":"Point","coordinates":[103.6366,30.9593]}},{"type":"Feature","properties":{"country":"China","name":"碱柜","daily_stops":3.0},"geometry":{"type":"Point","coordinates":[106.7585,39.9309]}},{"type":"Feature","properties":{"country":"China","name":"仙林","daily_stops":3.0},"geometry":{"type":"Point","coordinates":[118.9076,32.1249]}},{"type":"Feature","properties":{"country":"China","name":"闵集","daily_stops":3.0},"geometry":{"type":"Point","coordinates":[114.1361,30.8258]}},{"type":"Feature","properties":{"country":"China","name":"雁石南","daily_stops":3.0},"geometry":{"type":"Point","coordinates":[117.149,25.244]}},{"type":"Feature","properties":{"country":"China","name":"兰州","daily_stops":3.0},"geometry":{"type":"Point","coordinates":[103.8485,36.0342]}},{"type":"Feature","properties":{"country":"China","name":"复盛","daily_stops":3.0},"geometry":{"type":"Point","coordinates":[106.7981,29.658]}},{"type":"Feature","properties":{"country":"China","name":"南彭","daily_stops":3.0},"geometry":{"type":"Point","coordinates":[106.5972,29.3628]}},{"type":"Feature","properties":{"country":"China","name":"庄桥","daily_stops":3.0},"geometry":{"type":"Point","coordinates":[121.5318,29.9262]}},{"type":"Feature","properties":{"country":"China","name":"内江东","daily_stops":3.0},"geometry":{"type":"Point","coordinates":[105.0528,29.5633]}},{"type":"Feature","properties":{"country":"China","name":"高川","daily_stops":2.7},"geometry":{"type":"Point","coordinates":[104.2037,31.6371]}},{"type":"Feature","properties":{"country":"China","name":"天河潭","daily_stops":2.7},"geometry":{"type":"Point","coordinates":[106.5676,26.426]}},{"type":"Feature","properties":{"country":"China","name":"金阳","daily_stops":2.1},"geometry":{"type":"Point","coordinates":[106.5848,26.6513]}},{"type":"Feature","properties":{"country":"China","name":"陈村","daily_stops":2.0},"geometry":{"type":"Point","coordinates":[113.2334,22.9721]}},{"type":"Feature","properties":{"country":"China","name":"北滘西","daily_stops":2.0},"geometry":{"type":"Point","coordinates":[113.1729,22.9551]}},{"type":"Feature","properties":{"country":"China","name":"张槎","daily_stops":2.0},"geometry":{"type":"Point","coordinates":[113.0625,23.0119]}},{"type":"Feature","properties":{"country":"China","name":"普安","daily_stops":2.0},"geometry":{"type":"Point","coordinates":[114.3488,30.3895]}},{"type":"Feature","properties":{"country":"China","name":"华容东","daily_stops":2.0},"geometry":{"type":"Point","coordinates":[114.7815,30.5343]}},{"type":"Feature","properties":{"country":"China","name":"镇江关","daily_stops":2.0},"geometry":{"type":"Point","coordinates":[103.7199,32.3315]}},{"type":"Feature","properties":{"country":"China","name":"麓谷","daily_stops":2.0},"geometry":{"type":"Point","coordinates":[112.8589,28.2519]}},{"type":"Feature","properties":{"country":"China","name":"苍溪","daily_stops":2.0},"geometry":{"type":"Point","coordinates":[105.9122,31.7627]}},{"type":"Feature","properties":{"country":"China","name":"南宁西","daily_stops":2.0},"geometry":{"type":"Point","coordinates":[107.9711,22.8912]}},{"type":"Feature","properties":{"country":"China","name":"安靖","daily_stops":2.0},"geometry":{"type":"Point","coordinates":[104.0343,30.74]}},{"type":"Feature","properties":{"country":"China","name":"鄂州东","daily_stops":2.0},"geometry":{"type":"Point","coordinates":[114.9431,30.3638]}},{"type":"Feature","properties":{"country":"China","name":"乌海南","daily_stops":2.0},"geometry":{"type":"Point","coordinates":[106.7624,39.4395]}},{"type":"Feature","properties":{"country":"China","name":"巴图营","daily_stops":2.0},"geometry":{"type":"Point","coordinates":[120.7213,41.4684]}},{"type":"Feature","properties":{"country":"China","name":"宏克力","daily_stops":2.0},"geometry":{"type":"Point","coordinates":[129.8517,46.5153]}},{"type":"Feature","properties":{"country":"China","name":"达连河","daily_stops":2.0},"geometry":{"type":"Point","coordinates":[129.4574,46.1465]}},{"type":"Feature","properties":{"country":"China","name":"得莫利","daily_stops":2.0},"geometry":{"type":"Point","coordinates":[129.026,45.8753]}},{"type":"Feature","properties":{"country":"China","name":"大明湖","daily_stops":2.0},"geometry":{"type":"Point","coordinates":[117.0219,36.6812]}},{"type":"Feature","properties":{"country":"China","name":"安匠","daily_stops":2.0},"geometry":{"type":"Point","coordinates":[117.7232,40.7625]}},{"type":"Feature","properties":{"country":"China","name":"邵阳西","daily_stops":2.0},"geometry":{"type":"Point","coordinates":[111.2402,27.2138]}},{"type":"Feature","properties":{"country":"China","name":"银花","daily_stops":2.0},"geometry":{"type":"Point","coordinates":[106.7233,29.7705]}},{"type":"Feature","properties":{"country":"China","name":"双龙南","daily_stops":1.7},"geometry":{"type":"Point","coordinates":[106.7847,26.4842]}},{"type":"Feature","properties":{"country":"China","name":"离堆公园","daily_stops":1.7},"geometry":{"type":"Point","coordinates":[103.6216,30.9962]}},{"type":"Feature","properties":{"country":"China","name":"花城街","daily_stops":1.0},"geometry":{"type":"Point","coordinates":[113.2317,23.4288]}},{"type":"Feature","properties":{"country":"China","name":"花山镇","daily_stops":1.0},"geometry":{"type":"Point","coordinates":[113.2634,23.428]}},{"type":"Feature","properties":{"country":"China","name":"白云机场北","daily_stops":1.0},"geometry":{"type":"Point","coordinates":[113.3006,23.3975]}},{"type":"Feature","properties":{"country":"China","name":"白云机场东","daily_stops":1.0},"geometry":{"type":"Point","coordinates":[113.3147,23.3671]}},{"type":"Feature","properties":{"country":"China","name":"竹料","daily_stops":1.0},"geometry":{"type":"Point","coordinates":[113.3609,23.3506]}},{"type":"Feature","properties":{"country":"China","name":"宾西北","daily_stops":1.0},"geometry":{"type":"Point","coordinates":[127.1434,45.7901]}},{"type":"Feature","properties":{"country":"China","name":"迎宾路","daily_stops":0.7},"geometry":{"type":"Point","coordinates":[103.6399,30.9835]}},{"type":"Feature","properties":{"country":"China","name":"安德","daily_stops":0.7},"geometry":{"type":"Point","coordinates":[103.81,30.8765]}},{"type":"Feature","properties":{"country":"South Korea","name":"대전","daily_stops":260.7},"geometry":{"type":"Point","coordinates":[127.4346,36.3322]}},{"type":"Feature","properties":{"country":"South Korea","name":"동대구","daily_stops":257.9},"geometry":{"type":"Point","coordinates":[128.6283,35.8792]}},{"type":"Feature","properties":{"country":"South Korea","name":"서울","daily_stops":255.7},"geometry":{"type":"Point","coordinates":[126.9708,37.5546]}},{"type":"Feature","properties":{"country":"South Korea","name":"광명","daily_stops":219.6},"geometry":{"type":"Point","coordinates":[126.8847,37.4164]}},{"type":"Feature","properties":{"country":"South Korea","name":"천안아산","daily_stops":208.4},"geometry":{"type":"Point","coordinates":[127.1045,36.7944]}},{"type":"Feature","properties":{"country":"South Korea","name":"오송","daily_stops":203.1},"geometry":{"type":"Point","coordinates":[127.3274,36.6202]}},{"type":"Feature","properties":{"country":"South Korea","name":"부산","daily_stops":185.6},"geometry":{"type":"Point","coordinates":[129.0426,35.1156]}},{"type":"Feature","properties":{"country":"South Korea","name":"익산","daily_stops":135.4},"geometry":{"type":"Point","coordinates":[126.9459,35.9413]}},{"type":"Feature","properties":{"country":"South Korea","name":"수서","daily_stops":125.7},"geometry":{"type":"Point","coordinates":[127.1047,37.4851]}},{"type":"Feature","properties":{"country":"South Korea","name":"울산","daily_stops":119.1},"geometry":{"type":"Point","coordinates":[129.1379,35.5513]}},{"type":"Feature","properties":{"country":"South Korea","name":"경주","daily_stops":99.4},"geometry":{"type":"Point","coordinates":[129.139,35.7983]}},{"type":"Feature","properties":{"country":"South Korea","name":"용산","daily_stops":94.9},"geometry":{"type":"Point","coordinates":[126.9648,37.53]}},{"type":"Feature","properties":{"country":"South Korea","name":"광주송정","daily_stops":91.1},"geometry":{"type":"Point","coordinates":[126.7901,35.1377]}},{"type":"Feature","properties":{"country":"South Korea","name":"동탄","daily_stops":83.0},"geometry":{"type":"Point","coordinates":[127.0956,37.2004]}},{"type":"Feature","properties":{"country":"South Korea","name":"김천구미","daily_stops":79.9},"geometry":{"type":"Point","coordinates":[128.1807,36.113]}},{"type":"Feature","properties":{"country":"South Korea","name":"청량리","daily_stops":70.3},"geometry":{"type":"Point","coordinates":[127.0483,37.5806]}},{"type":"Feature","properties":{"country":"South Korea","name":"평택지제","daily_stops":65.7},"geometry":{"type":"Point","coordinates":[127.0699,37.0188]}},{"type":"Feature","properties":{"country":"South Korea","name":"공주","daily_stops":62.0},"geometry":{"type":"Point","coordinates":[127.0966,36.3322]}},{"type":"Feature","properties":{"country":"South Korea","name":"정읍","daily_stops":58.7},"geometry":{"type":"Point","coordinates":[126.8419,35.5758]}},{"type":"Feature","properties":{"country":"South Korea","name":"목포","daily_stops":56.0},"geometry":{"type":"Point","coordinates":[126.3876,34.7921]}},{"type":"Feature","properties":{"country":"South Korea","name":"행신","daily_stops":55.9},"geometry":{"type":"Point","coordinates":[126.8341,37.612]}},{"type":"Feature","properties":{"country":"South Korea","name":"나주","daily_stops":50.6},"geometry":{"type":"Point","coordinates":[126.7175,35.0139]}},{"type":"Feature","properties":{"country":"South Korea","name":"강릉","daily_stops":45.4},"geometry":{"type":"Point","coordinates":[128.8994,37.7645]}},{"type":"Feature","properties":{"country":"South Korea","name":"밀양","daily_stops":42.9},"geometry":{"type":"Point","coordinates":[128.7714,35.4749]}},{"type":"Feature","properties":{"country":"South Korea","name":"만종","daily_stops":42.6},"geometry":{"type":"Point","coordinates":[127.8931,37.3539]}},{"type":"Feature","properties":{"country":"South Korea","name":"전주","daily_stops":42.3},"geometry":{"type":"Point","coordinates":[127.1624,35.8501]}},{"type":"Feature","properties":{"country":"South Korea","name":"포항","daily_stops":40.9},"geometry":{"type":"Point","coordinates":[129.3427,36.0712]}},{"type":"Feature","properties":{"country":"South Korea","name":"양평","daily_stops":38.4},"geometry":{"type":"Point","coordinates":[127.4919,37.4928]}},{"type":"Feature","properties":{"country":"South Korea","name":"서대구","daily_stops":38.3},"geometry":{"type":"Point","coordinates":[128.5402,35.8813]}},{"type":"Feature","properties":{"country":"South Korea","name":"남원","daily_stops":37.4},"geometry":{"type":"Point","coordinates":[127.3613,35.4113]}},{"type":"Feature","properties":{"country":"South Korea","name":"순천","daily_stops":37.4},"geometry":{"type":"Point","coordinates":[127.5041,34.9458]}},{"type":"Feature","properties":{"country":"South Korea","name":"마산","daily_stops":35.4},"geometry":{"type":"Point","coordinates":[128.5767,35.2364]}},{"type":"Feature","properties":{"country":"South Korea","name":"여천","daily_stops":34.4},"geometry":{"type":"Point","coordinates":[127.6644,34.7795]}},{"type":"Feature","properties":{"country":"South Korea","name":"서원주","daily_stops":33.7},"geometry":{"type":"Point","coordinates":[127.8394,37.3485]}},{"type":"Feature","properties":{"country":"South Korea","name":"여수엑스포","daily_stops":33.4},"geometry":{"type":"Point","coordinates":[127.7492,34.7555]}},{"type":"Feature","properties":{"country":"South Korea","name":"평창","daily_stops":30.9},"geometry":{"type":"Point","coordinates":[128.43,37.562]}},{"type":"Feature","properties":{"country":"South Korea","name":"창원중앙","daily_stops":30.0},"geometry":{"type":"Point","coordinates":[128.7016,35.2426]}},{"type":"Feature","properties":{"country":"South Korea","name":"횡성","daily_stops":26.6},"geometry":{"type":"Point","coordinates":[128.0105,37.4828]}},{"type":"Feature","properties":{"country":"South Korea","name":"진부(오대산)","daily_stops":26.4},"geometry":{"type":"Point","coordinates":[128.5748,37.6426]}},{"type":"Feature","properties":{"country":"South Korea","name":"상봉","daily_stops":23.9},"geometry":{"type":"Point","coordinates":[127.0857,37.597]}},{"type":"Feature","properties":{"country":"South Korea","name":"둔내","daily_stops":23.4},"geometry":{"type":"Point","coordinates":[128.2213,37.51]}},{"type":"Feature","properties":{"country":"South Korea","name":"진주","daily_stops":22.6},"geometry":{"type":"Point","coordinates":[128.1183,35.1501]}},{"type":"Feature","properties":{"country":"South Korea","name":"부전","daily_stops":22.6},"geometry":{"type":"Point","coordinates":[129.0601,35.1646]}},{"type":"Feature","properties":{"country":"South Korea","name":"태화강","daily_stops":22.6},"geometry":{"type":"Point","coordinates":[129.354,35.5388]}},{"type":"Feature","properties":{"country":"South Korea","name":"서대전","daily_stops":22.4},"geometry":{"type":"Point","coordinates":[127.4031,36.3225]}},{"type":"Feature","properties":{"country":"South Korea","name":"창원","daily_stops":19.9},"geometry":{"type":"Point","coordinates":[128.607,35.2581]}},{"type":"Feature","properties":{"country":"South Korea","name":"곡성","daily_stops":18.7},"geometry":{"type":"Point","coordinates":[127.3045,35.2835]}},{"type":"Feature","properties":{"country":"South Korea","name":"원주","daily_stops":18.6},"geometry":{"type":"Point","coordinates":[127.9228,37.3164]}},{"type":"Feature","properties":{"country":"South Korea","name":"제천","daily_stops":18.6},"geometry":{"type":"Point","coordinates":[128.206,37.1271]}},{"type":"Feature","properties":{"country":"South Korea","name":"영주","daily_stops":18.6},"geometry":{"type":"Point","coordinates":[128.6256,36.8109]}},{"type":"Feature","properties":{"country":"South Korea","name":"안동","daily_stops":18.6},"geometry":{"type":"Point","coordinates":[128.6749,36.5741]}},{"type":"Feature","properties":{"country":"South Korea","name":"계룡","daily_stops":18.4},"geometry":{"type":"Point","coordinates":[127.2665,36.2724]}},{"type":"Feature","properties":{"country":"South Korea","name":"논산","daily_stops":18.4},"geometry":{"type":"Point","coordinates":[127.0928,36.2069]}},{"type":"Feature","properties":{"country":"South Korea","name":"진영","daily_stops":18.3},"geometry":{"type":"Point","coordinates":[128.7736,35.2987]}},{"type":"Feature","properties":{"country":"South Korea","name":"동해","daily_stops":18.3},"geometry":{"type":"Point","coordinates":[129.1226,37.4976]}},{"type":"Feature","properties":{"country":"South Korea","name":"묵호","daily_stops":18.3},"geometry":{"type":"Point","coordinates":[129.1082,37.5462]}},{"type":"Feature","properties":{"country":"South Korea","name":"정동진","daily_stops":18.3},"geometry":{"type":"Point","coordinates":[129.0325,37.6918]}},{"type":"Feature","properties":{"country":"South Korea","name":"구례구","daily_stops":17.7},"geometry":{"type":"Point","coordinates":[127.452,35.1635]}},{"type":"Feature","properties":{"country":"South Korea","name":"구포","daily_stops":13.9},"geometry":{"type":"Point","coordinates":[128.9973,35.2053]}},{"type":"Feature","properties":{"country":"South Korea","name":"단양","daily_stops":11.3},"geometry":{"type":"Point","coordinates":[128.344,36.9731]}},{"type":"Feature","properties":{"country":"South Korea","name":"영등포","daily_stops":11.1},"geometry":{"type":"Point","coordinates":[126.9069,37.5154]}},{"type":"Feature","properties":{"country":"South Korea","name":"수원","daily_stops":11.1},"geometry":{"type":"Point","coordinates":[126.9999,37.2658]}},{"type":"Feature","properties":{"country":"South Korea","name":"물금","daily_stops":9.6},"geometry":{"type":"Point","coordinates":[128.9854,35.3066]}},{"type":"Feature","properties":{"country":"South Korea","name":"풍기","daily_stops":8.3},"geometry":{"type":"Point","coordinates":[128.5235,36.8741]}},{"type":"Feature","properties":{"country":"South Korea","name":"신해운대","daily_stops":8.0},"geometry":{"type":"Point","coordinates":[129.1764,35.1817]}},{"type":"Feature","properties":{"country":"South Korea","name":"판교(경기)","daily_stops":8.0},"geometry":{"type":"Point","coordinates":[127.1112,37.3944]}},{"type":"Feature","properties":{"country":"South Korea","name":"부발","daily_stops":8.0},"geometry":{"type":"Point","coordinates":[127.4903,37.2604]}},{"type":"Feature","properties":{"country":"South Korea","name":"가남","daily_stops":8.0},"geometry":{"type":"Point","coordinates":[127.5354,37.1974]}},{"type":"Feature","properties":{"country":"South Korea","name":"감곡장호원","daily_stops":8.0},"geometry":{"type":"Point","coordinates":[127.6356,37.127]}},{"type":"Feature","properties":{"country":"South Korea","name":"앙성온천","daily_stops":8.0},"geometry":{"type":"Point","coordinates":[127.7869,37.0921]}},{"type":"Feature","properties":{"country":"South Korea","name":"충주","daily_stops":8.0},"geometry":{"type":"Point","coordinates":[127.9081,36.9753]}},{"type":"Feature","properties":{"country":"South Korea","name":"살미","daily_stops":8.0},"geometry":{"type":"Point","coordinates":[127.9602,36.9022]}},{"type":"Feature","properties":{"country":"South Korea","name":"수안보온천","daily_stops":8.0},"geometry":{"type":"Point","coordinates":[128.005,36.8417]}},{"type":"Feature","properties":{"country":"South Korea","name":"연풍","daily_stops":8.0},"geometry":{"type":"Point","coordinates":[128.0183,36.7864]}},{"type":"Feature","properties":{"country":"South Korea","name":"문경","daily_stops":8.0},"geometry":{"type":"Point","coordinates":[128.1102,36.7203]}},{"type":"Feature","properties":{"country":"South Korea","name":"경산","daily_stops":6.0},"geometry":{"type":"Point","coordinates":[128.7276,35.8193]}},{"type":"Feature","properties":{"country":"South Korea","name":"영덕","daily_stops":6.0},"geometry":{"type":"Point","coordinates":[129.3783,36.4103]}},{"type":"Feature","properties":{"country":"South Korea","name":"울진","daily_stops":6.0},"geometry":{"type":"Point","coordinates":[129.3955,36.9817]}},{"type":"Feature","properties":{"country":"South Korea","name":"삼척","daily_stops":6.0},"geometry":{"type":"Point","coordinates":[129.1788,37.4298]}},{"type":"Feature","properties":{"country":"South Korea","name":"영천","daily_stops":6.0},"geometry":{"type":"Point","coordinates":[128.9389,35.959]}},{"type":"Feature","properties":{"country":"South Korea","name":"의성","daily_stops":4.0},"geometry":{"type":"Point","coordinates":[128.6931,36.3534]}},{"type":"Feature","properties":{"country":"South Korea","name":"북울산","daily_stops":4.0},"geometry":{"type":"Point","coordinates":[129.3724,35.6149]}},{"type":"Feature","properties":{"country":"South Korea","name":"여수EXPO","daily_stops":4.0},"geometry":{"type":"Point","coordinates":[127.7492,34.7555]}},{"type":"Feature","properties":{"country":"South Korea","name":"김제","daily_stops":4.0},"geometry":{"type":"Point","coordinates":[126.9042,35.7932]}},{"type":"Feature","properties":{"country":"South Korea","name":"장성","daily_stops":4.0},"geometry":{"type":"Point","coordinates":[126.7797,35.3001]}},{"type":"Feature","properties":{"country":"South Korea","name":"덕소","daily_stops":2.3},"geometry":{"type":"Point","coordinates":[127.2088,37.5869]}},{"type":"Feature","properties":{"country":"South Korea","name":"기장","daily_stops":2.0},"geometry":{"type":"Point","coordinates":[129.2188,35.2449]}},{"type":"Feature","properties":{"country":"South Korea","name":"남창","daily_stops":2.0},"geometry":{"type":"Point","coordinates":[129.2825,35.4193]}},{"type":"Feature","properties":{"country":"South Korea","name":"센텀","daily_stops":2.0},"geometry":{"type":"Point","coordinates":[129.1254,35.1785]}},{"type":"Feature","properties":{"country":"Japan","name":"東京","daily_stops":688.9},"geometry":{"type":"Point","coordinates":[139.7675,35.6811]}},{"type":"Feature","properties":{"country":"Japan","name":"大宮","daily_stops":384.1},"geometry":{"type":"Point","coordinates":[139.6232,35.9061]}},{"type":"Feature","properties":{"country":"Japan","name":"上野","daily_stops":368.1},"geometry":{"type":"Point","coordinates":[139.7765,35.7134]}},{"type":"Feature","properties":{"country":"Japan","name":"新大阪","daily_stops":343.0},"geometry":{"type":"Point","coordinates":[135.5002,34.7335]}},{"type":"Feature","properties":{"country":"Japan","name":"新横浜","daily_stops":306.9},"geometry":{"type":"Point","coordinates":[139.6174,35.5072]}},{"type":"Feature","properties":{"country":"Japan","name":"品川","daily_stops":305.9},"geometry":{"type":"Point","coordinates":[139.7401,35.6286]}},{"type":"Feature","properties":{"country":"Japan","name":"名古屋","daily_stops":303.4},"geometry":{"type":"Point","coordinates":[136.881,35.1706]}},{"type":"Feature","properties":{"country":"Japan","name":"京都","daily_stops":264.4},"geometry":{"type":"Point","coordinates":[135.7584,34.9846]}},{"type":"Feature","properties":{"country":"Japan","name":"岡山","daily_stops":227.0},"geometry":{"type":"Point","coordinates":[133.9178,34.6654]}},{"type":"Feature","properties":{"country":"Japan","name":"博多","daily_stops":216.6},"geometry":{"type":"Point","coordinates":[130.4212,33.59]}},{"type":"Feature","properties":{"country":"Japan","name":"新神戸","daily_stops":208.0},"geometry":{"type":"Point","coordinates":[135.1956,34.7065]}},{"type":"Feature","properties":{"country":"Japan","name":"広島","daily_stops":199.0},"geometry":{"type":"Point","coordinates":[132.4754,34.3985]}},{"type":"Feature","properties":{"country":"Japan","name":"仙台","daily_stops":174.4},"geometry":{"type":"Point","coordinates":[140.8824,38.2604]}},{"type":"Feature","properties":{"country":"Japan","name":"小倉","daily_stops":167.4},"geometry":{"type":"Point","coordinates":[130.8832,33.8873]}},{"type":"Feature","properties":{"country":"Japan","name":"宇都宮","daily_stops":132.1},"geometry":{"type":"Point","coordinates":[139.8982,36.5593]}},{"type":"Feature","properties":{"country":"Japan","name":"高崎","daily_stops":125.6},"geometry":{"type":"Point","coordinates":[139.0127,36.3224]}},{"type":"Feature","properties":{"country":"Japan","name":"福山","daily_stops":124.4},"geometry":{"type":"Point","coordinates":[133.3625,34.4894]}},{"type":"Feature","properties":{"country":"Japan","name":"郡山","daily_stops":119.7},"geometry":{"type":"Point","coordinates":[140.3888,37.3985]}},{"type":"Feature","properties":{"country":"Japan","name":"姫路","daily_stops":117.1},"geometry":{"type":"Point","coordinates":[134.6908,34.8264]}},{"type":"Feature","properties":{"country":"Japan","name":"福島","daily_stops":110.9},"geometry":{"type":"Point","coordinates":[140.4592,37.7545]}},{"type":"Feature","properties":{"country":"Japan","name":"浜松","daily_stops":110.0},"geometry":{"type":"Point","coordinates":[137.7349,34.7036]}},{"type":"Feature","properties":{"country":"Japan","name":"静岡","daily_stops":109.0},"geometry":{"type":"Point","coordinates":[138.3893,34.9717]}},{"type":"Feature","properties":{"country":"Japan","name":"金沢","daily_stops":108.7},"geometry":{"type":"Point","coordinates":[136.648,36.578]}},{"type":"Feature","properties":{"country":"Japan","name":"熊本","daily_stops":106.1},"geometry":{"type":"Point","coordinates":[130.689,32.7903]}},{"type":"Feature","properties":{"country":"Japan","name":"盛岡","daily_stops":98.7},"geometry":{"type":"Point","coordinates":[141.1355,39.7022]}},{"type":"Feature","properties":{"country":"Japan","name":"久留米","daily_stops":94.1},"geometry":{"type":"Point","coordinates":[130.5014,33.3206]}},{"type":"Feature","properties":{"country":"Japan","name":"富山","daily_stops":93.0},"geometry":{"type":"Point","coordinates":[137.2134,36.7014]}},{"type":"Feature","properties":{"country":"Japan","name":"三島","daily_stops":89.4},"geometry":{"type":"Point","coordinates":[138.9102,35.1269]}},{"type":"Feature","properties":{"country":"Japan","name":"小田原","daily_stops":88.4},"geometry":{"type":"Point","coordinates":[139.1546,35.2561]}},{"type":"Feature","properties":{"country":"Japan","name":"新山口","daily_stops":88.1},"geometry":{"type":"Point","coordinates":[131.397,34.0931]}},{"type":"Feature","properties":{"country":"Japan","name":"新鳥栖","daily_stops":87.1},"geometry":{"type":"Point","coordinates":[130.4914,33.3698]}},{"type":"Feature","properties":{"country":"Japan","name":"新富士","daily_stops":84.0},"geometry":{"type":"Point","coordinates":[138.6635,35.1421]}},{"type":"Feature","properties":{"country":"Japan","name":"豊橋","daily_stops":82.0},"geometry":{"type":"Point","coordinates":[137.3812,34.7626]}},{"type":"Feature","properties":{"country":"Japan","name":"福井","daily_stops":81.7},"geometry":{"type":"Point","coordinates":[136.224,36.0621]}},{"type":"Feature","properties":{"country":"Japan","name":"敦賀","daily_stops":81.7},"geometry":{"type":"Point","coordinates":[136.0781,35.645]}},{"type":"Feature","properties":{"country":"Japan","name":"熱海","daily_stops":79.4},"geometry":{"type":"Point","coordinates":[139.0778,35.1041]}},{"type":"Feature","properties":{"country":"Japan","name":"鹿児島中央","daily_stops":75.1},"geometry":{"type":"Point","coordinates":[130.5418,31.5837]}},{"type":"Feature","properties":{"country":"Japan","name":"熊谷","daily_stops":72.1},"geometry":{"type":"Point","coordinates":[139.3904,36.1394]}},{"type":"Feature","properties":{"country":"Japan","name":"徳山","daily_stops":71.1},"geometry":{"type":"Point","coordinates":[131.8021,34.051]}},{"type":"Feature","properties":{"country":"Japan","name":"長野","daily_stops":70.4},"geometry":{"type":"Point","coordinates":[138.1888,36.6428]}},{"type":"Feature","properties":{"country":"Japan","name":"新高岡","daily_stops":70.1},"geometry":{"type":"Point","coordinates":[137.012,36.727]}},{"type":"Feature","properties":{"country":"Japan","name":"上田","daily_stops":67.7},"geometry":{"type":"Point","coordinates":[138.2496,36.3966]}},{"type":"Feature","properties":{"country":"Japan","name":"米原","daily_stops":67.0},"geometry":{"type":"Point","coordinates":[136.2896,35.315]}},{"type":"Feature","properties":{"country":"Japan","name":"岐阜羽島","daily_stops":66.0},"geometry":{"type":"Point","coordinates":[136.686,35.3155]}},{"type":"Feature","properties":{"country":"Japan","name":"三河安城","daily_stops":63.0},"geometry":{"type":"Point","coordinates":[137.0607,34.9687]}},{"type":"Feature","properties":{"country":"Japan","name":"川内","daily_stops":62.1},"geometry":{"type":"Point","coordinates":[130.3123,31.8138]}},{"type":"Feature","properties":{"country":"Japan","name":"新岩国","daily_stops":62.0},"geometry":{"type":"Point","coordinates":[132.1495,34.1646]}},{"type":"Feature","properties":{"country":"Japan","name":"新花巻","daily_stops":60.7},"geometry":{"type":"Point","coordinates":[141.1736,39.4059]}},{"type":"Feature","properties":{"country":"Japan","name":"越後湯沢","daily_stops":59.0},"geometry":{"type":"Point","coordinates":[138.809,36.9359]}},{"type":"Feature","properties":{"country":"Japan","name":"白石蔵王","daily_stops":58.7},"geometry":{"type":"Point","coordinates":[140.6332,37.9954]}},{"type":"Feature","properties":{"country":"Japan","name":"掛川","daily_stops":56.0},"geometry":{"type":"Point","coordinates":[138.0149,34.7691]}},{"type":"Feature","properties":{"country":"Japan","name":"軽井沢","daily_stops":54.7},"geometry":{"type":"Point","coordinates":[138.6351,36.3426]}},{"type":"Feature","properties":{"country":"Japan","name":"新下関","daily_stops":53.7},"geometry":{"type":"Point","coordinates":[130.9493,34.0082]}},{"type":"Feature","properties":{"country":"Japan","name":"西明石","daily_stops":53.0},"geometry":{"type":"Point","coordinates":[134.9604,34.6669]}},{"type":"Feature","properties":{"country":"Japan","name":"相生","daily_stops":52.0},"geometry":{"type":"Point","coordinates":[134.474,34.8183]}},{"type":"Feature","properties":{"country":"Japan","name":"新潟","daily_stops":51.6},"geometry":{"type":"Point","coordinates":[139.0613,37.9122]}},{"type":"Feature","properties":{"country":"Japan","name":"小山","daily_stops":51.1},"geometry":{"type":"Point","coordinates":[139.8065,36.3129]}},{"type":"Feature","properties":{"country":"Japan","name":"佐久平","daily_stops":50.7},"geometry":{"type":"Point","coordinates":[138.4644,36.2781]}},{"type":"Feature","properties":{"country":"Japan","name":"那須塩原","daily_stops":50.1},"geometry":{"type":"Point","coordinates":[140.0207,36.9316]}},{"type":"Feature","properties":{"country":"Japan","name":"本庄早稲田","daily_stops":50.0},"geometry":{"type":"Point","coordinates":[139.1795,36.2189]}},{"type":"Feature","properties":{"country":"Japan","name":"小松","daily_stops":49.7},"geometry":{"type":"Point","coordinates":[136.4528,36.4018]}},{"type":"Feature","properties":{"country":"Japan","name":"加賀温泉","daily_stops":49.7},"geometry":{"type":"Point","coordinates":[136.3505,36.3204]}},{"type":"Feature","properties":{"country":"Japan","name":"芦原温泉","daily_stops":49.7},"geometry":{"type":"Point","coordinates":[136.2351,36.2146]}},{"type":"Feature","properties":{"country":"Japan","name":"越前たけふ","daily_stops":49.7},"geometry":{"type":"Point","coordinates":[136.1989,35.8955]}},{"type":"Feature","properties":{"country":"Japan","name":"長岡","daily_stops":49.6},"geometry":{"type":"Point","coordinates":[138.8542,37.4479]}},{"type":"Feature","properties":{"country":"Japan","name":"新青森","daily_stops":47.0},"geometry":{"type":"Point","coordinates":[140.6935,40.8283]}},{"type":"Feature","properties":{"country":"Japan","name":"燕三条","daily_stops":45.3},"geometry":{"type":"Point","coordinates":[138.9391,37.6484]}},{"type":"Feature","properties":{"country":"Japan","name":"新倉敷","daily_stops":45.0},"geometry":{"type":"Point","coordinates":[133.6785,34.5653]}},{"type":"Feature","properties":{"country":"Japan","name":"三原","daily_stops":45.0},"geometry":{"type":"Point","coordinates":[133.0833,34.4008]}},{"type":"Feature","properties":{"country":"Japan","name":"新玉名","daily_stops":45.0},"geometry":{"type":"Point","coordinates":[130.5738,32.9424]}},{"type":"Feature","properties":{"country":"Japan","name":"新大牟田","daily_stops":45.0},"geometry":{"type":"Point","coordinates":[130.4888,33.0712]}},{"type":"Feature","properties":{"country":"Japan","name":"筑後船小屋","daily_stops":45.0},"geometry":{"type":"Point","coordinates":[130.4924,33.1782]}},{"type":"Feature","properties":{"country":"Japan","name":"新尾道","daily_stops":44.0},"geometry":{"type":"Point","coordinates":[133.1903,34.4301]}},{"type":"Feature","properties":{"country":"Japan","name":"出水","daily_stops":44.0},"geometry":{"type":"Point","coordinates":[130.3578,32.0897]}},{"type":"Feature","properties":{"country":"Japan","name":"新水俣","daily_stops":44.0},"geometry":{"type":"Point","coordinates":[130.4287,32.2106]}},{"type":"Feature","properties":{"country":"Japan","name":"新八代","daily_stops":44.0},"geometry":{"type":"Point","coordinates":[130.6348,32.518]}},{"type":"Feature","properties":{"country":"Japan","name":"水沢江刺","daily_stops":41.7},"geometry":{"type":"Point","coordinates":[141.1887,39.1451]}},{"type":"Feature","properties":{"country":"Japan","name":"古川","daily_stops":40.7},"geometry":{"type":"Point","coordinates":[140.9679,38.5706]}},{"type":"Feature","properties":{"country":"Japan","name":"北上","daily_stops":40.7},"geometry":{"type":"Point","coordinates":[141.1217,39.2818]}},{"type":"Feature","properties":{"country":"Japan","name":"八戸","daily_stops":40.0},"geometry":{"type":"Point","coordinates":[141.4309,40.5093]}},{"type":"Feature","properties":{"country":"Japan","name":"厚狭","daily_stops":39.7},"geometry":{"type":"Point","coordinates":[131.1598,34.0534]}},{"type":"Feature","properties":{"country":"Japan","name":"くりこま高原","daily_stops":39.7},"geometry":{"type":"Point","coordinates":[141.0716,38.7487]}},{"type":"Feature","properties":{"country":"Japan","name":"上毛高原","daily_stops":39.7},"geometry":{"type":"Point","coordinates":[138.9776,36.6932]}},{"type":"Feature","properties":{"country":"Japan","name":"武雄温泉","daily_stops":39.0},"geometry":{"type":"Point","coordinates":[130.0231,33.1965]}},{"type":"Feature","properties":{"country":"Japan","name":"諫早","daily_stops":39.0},"geometry":{"type":"Point","coordinates":[130.0414,32.8516]}},{"type":"Feature","properties":{"country":"Japan","name":"長崎","daily_stops":39.0},"geometry":{"type":"Point","coordinates":[129.8689,32.7522]}},{"type":"Feature","properties":{"country":"Japan","name":"新白河","daily_stops":38.0},"geometry":{"type":"Point","coordinates":[140.1884,37.1231]}},{"type":"Feature","properties":{"country":"Japan","name":"飯山","daily_stops":37.7},"geometry":{"type":"Point","coordinates":[138.3587,36.8455]}},{"type":"Feature","properties":{"country":"Japan","name":"大曲","daily_stops":36.0},"geometry":{"type":"Point","coordinates":[140.4799,39.4657]}},{"type":"Feature","properties":{"country":"Japan","name":"秋田","daily_stops":36.0},"geometry":{"type":"Point","coordinates":[140.1297,39.7169]}},{"type":"Feature","properties":{"country":"Japan","name":"東広島","daily_stops":36.0},"geometry":{"type":"Point","coordinates":[132.7589,34.3889]}},{"type":"Feature","properties":{"country":"Japan","name":"山形","daily_stops":34.1},"geometry":{"type":"Point","coordinates":[140.3278,38.2485]}},{"type":"Feature","properties":{"country":"Japan","name":"田沢湖","daily_stops":34.0},"geometry":{"type":"Point","coordinates":[140.7224,39.7003]}},{"type":"Feature","properties":{"country":"Japan","name":"角館","daily_stops":34.0},"geometry":{"type":"Point","coordinates":[140.5712,39.5917]}},{"type":"Feature","properties":{"country":"Japan","name":"浦佐","daily_stops":33.1},"geometry":{"type":"Point","coordinates":[138.9228,37.1672]}},{"type":"Feature","properties":{"country":"Japan","name":"米沢","daily_stops":33.1},"geometry":{"type":"Point","coordinates":[140.1283,37.9095]}},{"type":"Feature","properties":{"country":"Japan","name":"新大村","daily_stops":32.0},"geometry":{"type":"Point","coordinates":[129.957,32.933]}},{"type":"Feature","properties":{"country":"Japan","name":"上越妙高","daily_stops":30.7},"geometry":{"type":"Point","coordinates":[138.2487,37.0812]}},{"type":"Feature","properties":{"country":"Japan","name":"糸魚川","daily_stops":30.0},"geometry":{"type":"Point","coordinates":[137.8618,37.0433]}},{"type":"Feature","properties":{"country":"Japan","name":"黒部宇奈月温泉","daily_stops":30.0},"geometry":{"type":"Point","coordinates":[137.4814,36.8743]}},{"type":"Feature","properties":{"country":"Japan","name":"赤湯","daily_stops":27.1},"geometry":{"type":"Point","coordinates":[140.149,38.0474]}},{"type":"Feature","properties":{"country":"Japan","name":"かみのやま温泉","daily_stops":27.1},"geometry":{"type":"Point","coordinates":[140.2785,38.1521]}},{"type":"Feature","properties":{"country":"Japan","name":"新函館北斗","daily_stops":27.0},"geometry":{"type":"Point","coordinates":[140.6485,41.9047]}},{"type":"Feature","properties":{"country":"Japan","name":"二戸","daily_stops":24.0},"geometry":{"type":"Point","coordinates":[141.286,40.2601]}},{"type":"Feature","properties":{"country":"Japan","name":"七戸十和田","daily_stops":24.0},"geometry":{"type":"Point","coordinates":[141.1535,40.7201]}},{"type":"Feature","properties":{"country":"Japan","name":"安中榛名","daily_stops":24.0},"geometry":{"type":"Point","coordinates":[138.8494,36.3626]}},{"type":"Feature","properties":{"country":"Japan","name":"嬉野温泉","daily_stops":21.0},"geometry":{"type":"Point","coordinates":[129.9989,33.1067]}},{"type":"Feature","properties":{"country":"Japan","name":"天童","daily_stops":19.1},"geometry":{"type":"Point","coordinates":[140.3696,38.36]}},{"type":"Feature","properties":{"country":"Japan","name":"さくらんぼ東根","daily_stops":19.1},"geometry":{"type":"Point","coordinates":[140.381,38.4285]}},{"type":"Feature","properties":{"country":"Japan","name":"村山","daily_stops":19.1},"geometry":{"type":"Point","coordinates":[140.3865,38.4771]}},{"type":"Feature","properties":{"country":"Japan","name":"大石田","daily_stops":19.1},"geometry":{"type":"Point","coordinates":[140.3753,38.5956]}},{"type":"Feature","properties":{"country":"Japan","name":"新庄","daily_stops":19.1},"geometry":{"type":"Point","coordinates":[140.306,38.7626]}},{"type":"Feature","properties":{"country":"Japan","name":"木古内","daily_stops":17.0},"geometry":{"type":"Point","coordinates":[140.4343,41.6786]}},{"type":"Feature","properties":{"country":"Japan","name":"いわて沼宮内","daily_stops":16.0},"geometry":{"type":"Point","coordinates":[141.2173,39.9606]}},{"type":"Feature","properties":{"country":"Japan","name":"高畠","daily_stops":15.1},"geometry":{"type":"Point","coordinates":[140.1531,37.9924]}},{"type":"Feature","properties":{"country":"Japan","name":"奥津軽いまべつ","daily_stops":14.0},"geometry":{"type":"Point","coordinates":[140.5157,41.145]}},{"type":"Feature","properties":{"country":"Japan","name":"雫石","daily_stops":8.1},"geometry":{"type":"Point","coordinates":[140.9744,39.6893]}},{"type":"Feature","properties":{"country":"Japan","name":"小倉 (福岡県)","daily_stops":0.1},"geometry":{"type":"Point","coordinates":[130.8832,33.8873]}},{"type":"Feature","properties":{"country":"Japan","name":"一ノ関","daily_stops":0.1},"geometry":{"type":"Point","coordinates":[141.1389,38.9269]}},{"type":"Feature","properties":{"country":"Taiwan","name":"台中","daily_stops":162.1},"geometry":{"type":"Point","coordinates":[120.6159,24.1121]}},{"type":"Feature","properties":{"country":"Taiwan","name":"台北","daily_stops":160.9},"geometry":{"type":"Point","coordinates":[121.5171,25.0476]}},{"type":"Feature","properties":{"country":"Taiwan","name":"南港","daily_stops":158.4},"geometry":{"type":"Point","coordinates":[121.6073,25.0533]}},{"type":"Feature","properties":{"country":"Taiwan","name":"板橋","daily_stops":150.4},"geometry":{"type":"Point","coordinates":[121.4643,25.0137]}},{"type":"Feature","properties":{"country":"Taiwan","name":"左營","daily_stops":148.7},"geometry":{"type":"Point","coordinates":[120.3077,22.6872]}},{"type":"Feature","properties":{"country":"Taiwan","name":"台南","daily_stops":120.4},"geometry":{"type":"Point","coordinates":[120.2864,22.9247]}},{"type":"Feature","properties":{"country":"Taiwan","name":"桃園","daily_stops":113.9},"geometry":{"type":"Point","coordinates":[121.2148,25.013]}},{"type":"Feature","properties":{"country":"Taiwan","name":"新竹","daily_stops":104.3},"geometry":{"type":"Point","coordinates":[121.0402,24.8083]}},{"type":"Feature","properties":{"country":"Taiwan","name":"嘉義","daily_stops":103.4},"geometry":{"type":"Point","coordinates":[120.3238,23.4592]}},{"type":"Feature","properties":{"country":"Taiwan","name":"苗栗","daily_stops":46.0},"geometry":{"type":"Point","coordinates":[120.8257,24.6056]}},{"type":"Feature","properties":{"country":"Taiwan","name":"雲林","daily_stops":42.6},"geometry":{"type":"Point","coordinates":[120.4162,23.7365]}},{"type":"Feature","properties":{"country":"Taiwan","name":"彰化","daily_stops":42.6},"geometry":{"type":"Point","coordinates":[120.5752,23.8742]}},{"type":"Feature","properties":{"country":"Malaysia","name":"KL Sentral","daily_stops":44.0},"geometry":{"type":"Point","coordinates":[101.6862,3.1348]}},{"type":"Feature","properties":{"country":"Malaysia","name":"Kuala Lumpur","daily_stops":36.0},"geometry":{"type":"Point","coordinates":[101.6936,3.1396]}},{"type":"Feature","properties":{"country":"Malaysia","name":"Ipoh","daily_stops":36.0},"geometry":{"type":"Point","coordinates":[101.0731,4.5975]}},{"type":"Feature","properties":{"country":"Malaysia","name":"Sungai Buloh","daily_stops":32.0},"geometry":{"type":"Point","coordinates":[101.58,3.2062]}},{"type":"Feature","properties":{"country":"Malaysia","name":"Batu Gajah","daily_stops":32.0},"geometry":{"type":"Point","coordinates":[101.0493,4.4599]}},{"type":"Feature","properties":{"country":"Malaysia","name":"Tanjung Malim","daily_stops":30.0},"geometry":{"type":"Point","coordinates":[101.5183,3.6848]}},{"type":"Feature","properties":{"country":"Malaysia","name":"Kampar","daily_stops":30.0},"geometry":{"type":"Point","coordinates":[101.1535,4.3027]}},{"type":"Feature","properties":{"country":"Malaysia","name":"Taiping","daily_stops":26.0},"geometry":{"type":"Point","coordinates":[100.7322,4.853]}},{"type":"Feature","properties":{"country":"Malaysia","name":"Kuala Kangsar","daily_stops":22.0},"geometry":{"type":"Point","coordinates":[100.9319,4.7763]}},{"type":"Feature","properties":{"country":"Malaysia","name":"Parit Buntar","daily_stops":22.0},"geometry":{"type":"Point","coordinates":[100.4862,5.1305]}},{"type":"Feature","properties":{"country":"Malaysia","name":"Segamat","daily_stops":16.0},"geometry":{"type":"Point","coordinates":[102.8132,2.5074]}},{"type":"Feature","properties":{"country":"Malaysia","name":"Gemas","daily_stops":16.0},"geometry":{"type":"Point","coordinates":[102.6138,2.5795]}},{"type":"Feature","properties":{"country":"Malaysia","name":"Pulau Sebang/Tampin","daily_stops":16.0},"geometry":{"type":"Point","coordinates":[102.2261,2.4635]}},{"type":"Feature","properties":{"country":"Malaysia","name":"Seremban","daily_stops":16.0},"geometry":{"type":"Point","coordinates":[101.9405,2.7188]}},{"type":"Feature","properties":{"country":"Malaysia","name":"Bandar Tasik Selatan","daily_stops":16.0},"geometry":{"type":"Point","coordinates":[101.711,3.0763]}},{"type":"Feature","properties":{"country":"Malaysia","name":"Bukit Mertajam","daily_stops":14.0},"geometry":{"type":"Point","coordinates":[100.4479,5.3663]}},{"type":"Feature","properties":{"country":"Malaysia","name":"Butterworth","daily_stops":14.0},"geometry":{"type":"Point","coordinates":[100.3664,5.3934]}},{"type":"Feature","properties":{"country":"Malaysia","name":"JB Sentral","daily_stops":14.0},"geometry":{"type":"Point","coordinates":[103.7649,1.4625]}},{"type":"Feature","properties":{"country":"Malaysia","name":"Kempas Baru","daily_stops":14.0},"geometry":{"type":"Point","coordinates":[103.7235,1.5358]}},{"type":"Feature","properties":{"country":"Malaysia","name":"Labis","daily_stops":14.0},"geometry":{"type":"Point","coordinates":[103.0198,2.3834]}},{"type":"Feature","properties":{"country":"Malaysia","name":"Batang Melaka","daily_stops":14.0},"geometry":{"type":"Point","coordinates":[102.4155,2.4739]}},{"type":"Feature","properties":{"country":"Malaysia","name":"Kluang","daily_stops":13.0},"geometry":{"type":"Point","coordinates":[103.3166,2.0354]}},{"type":"Feature","properties":{"country":"Malaysia","name":"Sungai Petani","daily_stops":12.0},"geometry":{"type":"Point","coordinates":[100.49,5.6429]}},{"type":"Feature","properties":{"country":"Malaysia","name":"Alor Setar","daily_stops":12.0},"geometry":{"type":"Point","coordinates":[100.3697,6.113]}},{"type":"Feature","properties":{"country":"Malaysia","name":"Arau","daily_stops":12.0},"geometry":{"type":"Point","coordinates":[100.2683,6.4319]}},{"type":"Feature","properties":{"country":"Malaysia","name":"Padang Besar","daily_stops":12.0},"geometry":{"type":"Point","coordinates":[100.3207,6.6632]}},{"type":"Feature","properties":{"country":"Malaysia","name":"Tapah Road","daily_stops":12.0},"geometry":{"type":"Point","coordinates":[101.1893,4.1741]}},{"type":"Feature","properties":{"country":"Malaysia","name":"Kajang","daily_stops":12.0},"geometry":{"type":"Point","coordinates":[101.7905,2.9823]}},{"type":"Feature","properties":{"country":"Malaysia","name":"Kulai","daily_stops":11.0},"geometry":{"type":"Point","coordinates":[103.5981,1.6642]}},{"type":"Feature","properties":{"country":"Malaysia","name":"Tasek Gelugor","daily_stops":10.0},"geometry":{"type":"Point","coordinates":[100.498,5.4821]}},{"type":"Feature","properties":{"country":"Malaysia","name":"Rawang","daily_stops":10.0},"geometry":{"type":"Point","coordinates":[101.5748,3.3195]}},{"type":"Feature","properties":{"country":"Malaysia","name":"Layang-Layang","daily_stops":10.0},"geometry":{"type":"Point","coordinates":[103.4775,1.8119]}},{"type":"Feature","properties":{"country":"Malaysia","name":"Rengam","daily_stops":10.0},"geometry":{"type":"Point","coordinates":[103.404,1.884]}},{"type":"Feature","properties":{"country":"Malaysia","name":"Paloh","daily_stops":10.0},"geometry":{"type":"Point","coordinates":[103.1899,2.1909]}},{"type":"Feature","properties":{"country":"Malaysia","name":"Bekok","daily_stops":10.0},"geometry":{"type":"Point","coordinates":[103.1291,2.2968]}},{"type":"Feature","properties":{"country":"Malaysia","name":"Kepong Sentral","daily_stops":8.0},"geometry":{"type":"Point","coordinates":[101.6285,3.2087]}},{"type":"Feature","properties":{"country":"Malaysia","name":"Slim River","daily_stops":8.0},"geometry":{"type":"Point","coordinates":[101.4023,3.8268]}},{"type":"Feature","properties":{"country":"Malaysia","name":"Sungkai","daily_stops":8.0},"geometry":{"type":"Point","coordinates":[101.3015,4.006]}},{"type":"Feature","properties":{"country":"Malaysia","name":"Sungai Siput","daily_stops":4.0},"geometry":{"type":"Point","coordinates":[101.0712,4.8186]}},{"type":"Feature","properties":{"country":"Malaysia","name":"Bagan Serai","daily_stops":4.0},"geometry":{"type":"Point","coordinates":[100.5274,5.0285]}},{"type":"Feature","properties":{"country":"Malaysia","name":"Nibong Tebal","daily_stops":4.0},"geometry":{"type":"Point","coordinates":[100.4797,5.1695]}},{"type":"Feature","properties":{"country":"Malaysia","name":"Gurun","daily_stops":2.0},"geometry":{"type":"Point","coordinates":[100.4779,5.8247]}},{"type":"Feature","properties":{"country":"Malaysia","name":"Anak Bukit","daily_stops":2.0},"geometry":{"type":"Point","coordinates":[100.3749,6.1833]}},{"type":"Feature","properties":{"country":"Malaysia","name":"Batang Kali","daily_stops":2.0},"geometry":{"type":"Point","coordinates":[101.6377,3.4685]}},{"type":"Feature","properties":{"country":"Indonesia","name":"Halim","daily_stops":62.0},"geometry":{"type":"Point","coordinates":[106.8845,-6.2456]}},{"type":"Feature","properties":{"country":"Indonesia","name":"Padalarang","daily_stops":62.0},"geometry":{"type":"Point","coordinates":[107.4969,-6.8423]}},{"type":"Feature","properties":{"country":"Indonesia","name":"Tegalluar Summarecon","daily_stops":62.0},"geometry":{"type":"Point","coordinates":[107.7147,-6.9638]}},{"type":"Feature","properties":{"country":"Indonesia","name":"Karawang","daily_stops":31.0},"geometry":{"type":"Point","coordinates":[107.219,-6.3647]}}]}