{"type":"FeatureCollection","features":[{"type":"Feature","properties":{},"geometry":{"type":"MultiPolygon","coordinates":[[[[104.083,10.341],[104.076,10.225],[104.037,10.111],[104.048,10.061],[104.018,10.029],[103.952,10.243],[103.85,10.371],[103.898,10.369],[103.986,10.427],[104.028,10.428],[104.064,10.391],[104.083,10.341]]],[[[107.973,21.508],[107.809,21.497],[107.707,21.406],[107.637,21.368],[107.41,21.285],[107.376,21.194],[107.354,21.055],[107.165,20.949],[107.112,20.96],[107.075,20.999],[106.981,20.971],[106.936,20.974],[106.886,20.95],[106.683,21.0],[106.675,20.96],[106.753,20.735],[106.551,20.527],[106.573,20.392],[106.518,20.289],[106.396,20.206],[106.166,19.992],[106.062,19.987],[105.984,19.939],[105.814,19.587],[105.812,19.467],[105.785,19.379],[105.791,19.294],[105.716,19.128],[105.639,19.057],[105.622,18.966],[105.888,18.502],[106.066,18.316],[106.145,18.259],[106.24,18.221],[106.412,18.053],[106.499,17.946],[106.459,17.874],[106.479,17.72],[106.356,17.765],[106.371,17.747],[106.517,17.663],[106.736,17.367],[107.12,17.056],[107.18,16.898],[107.355,16.794],[107.549,16.643],[107.541,16.609],[107.724,16.488],[107.803,16.403],[107.834,16.322],[107.882,16.31],[107.936,16.329],[108.029,16.331],[108.088,16.243],[108.17,16.164],[108.209,16.091],[108.241,16.101],[108.267,16.09],[108.286,15.989],[108.395,15.872],[108.447,15.763],[108.578,15.585],[108.674,15.484],[108.821,15.378],[108.898,15.181],[108.94,15.001],[109.022,14.803],[109.085,14.716],[109.087,14.553],[109.137,14.384],[109.191,14.27],[109.207,14.154],[109.303,13.856],[109.288,13.765],[109.247,13.855],[109.252,13.591],[109.288,13.451],[109.272,13.279],[109.31,13.219],[109.377,13.025],[109.424,12.956],[109.42,12.719],[109.445,12.6],[109.381,12.671],[109.336,12.752],[109.219,12.646],[109.305,12.391],[109.207,12.415],[109.216,12.073],[109.256,11.993],[109.259,11.955],[109.247,11.909],[109.22,11.959],[109.215,12.01],[109.199,11.999],[109.158,11.837],[109.193,11.773],[109.199,11.725],[109.133,11.601],[109.04,11.593],[108.987,11.336],[108.821,11.315],[108.7,11.199],[108.551,11.156],[108.272,10.934],[108.095,10.897],[108.001,10.72],[107.845,10.7],[107.564,10.555],[107.47,10.486],[107.262,10.398],[107.194,10.472],[107.088,10.498],[107.036,10.556],[107.007,10.661],[106.984,10.618],[106.966,10.441],[106.947,10.4],[106.902,10.383],[106.813,10.433],[106.727,10.536],[106.606,10.465],[106.698,10.462],[106.741,10.444],[106.778,10.376],[106.757,10.296],[106.464,10.298],[106.602,10.232],[106.729,10.193],[106.785,10.151],[106.785,10.116],[106.714,10.06],[106.659,9.991],[106.657,9.901],[106.596,9.86],[106.557,9.868],[106.449,9.94],[106.136,10.222],[106.184,10.142],[106.507,9.821],[106.564,9.716],[106.572,9.641],[106.484,9.559],[106.378,9.556],[106.204,9.675],[105.926,9.962],[105.831,10.001],[106.112,9.674],[106.159,9.594],[106.206,9.502],[106.168,9.397],[105.501,9.093],[105.401,8.962],[105.322,8.801],[105.191,8.711],[105.114,8.629],[104.892,8.583],[104.77,8.598],[104.896,8.747],[104.819,8.802],[104.815,9.185],[104.845,9.606],[104.903,9.816],[104.987,9.869],[105.093,9.901],[105.095,9.945],[105.084,9.996],[105.028,10.067],[104.966,10.101],[104.873,10.115],[104.802,10.203],[104.663,10.17],[104.613,10.208],[104.594,10.267],[104.426,10.411],[104.467,10.422],[104.564,10.516],[104.815,10.521],[104.851,10.534],[104.984,10.662],[105.046,10.702],[105.061,10.734],[105.022,10.887],[105.046,10.911],[105.159,10.898],[105.315,10.845],[105.406,10.952],[105.698,10.994],[105.755,10.99],[105.853,10.864],[105.875,10.858],[105.938,10.885],[106.099,10.797],[106.164,10.795],[106.132,10.922],[106.168,11.012],[106.161,11.037],[105.892,11.245],[105.856,11.294],[105.854,11.487],[105.835,11.559],[105.851,11.635],[105.927,11.653],[106.006,11.758],[106.103,11.751],[106.34,11.682],[106.399,11.687],[106.412,11.698],[106.414,11.948],[106.7,11.979],[106.765,12.052],[106.931,12.077],[107.159,12.277],[107.212,12.304],[107.33,12.319],[107.393,12.26],[107.506,12.365],[107.538,12.432],[107.555,12.54],[107.544,12.706],[107.482,12.933],[107.475,13.03],[107.605,13.438],[107.594,13.522],[107.389,13.993],[107.362,14.019],[107.331,14.127],[107.364,14.369],[107.448,14.451],[107.535,14.65],[107.514,14.817],[107.525,14.872],[107.48,14.98],[107.496,15.021],[107.555,15.057],[107.634,15.19],[107.653,15.255],[107.564,15.392],[107.279,15.619],[107.166,15.802],[107.189,15.839],[107.361,15.922],[107.392,15.952],[107.41,15.998],[107.396,16.043],[107.217,16.136],[107.07,16.28],[106.931,16.353],[106.893,16.397],[106.851,16.516],[106.832,16.526],[106.74,16.453],[106.696,16.459],[106.656,16.493],[106.638,16.538],[106.546,16.651],[106.526,16.877],[106.502,16.954],[106.426,17.003],[106.27,17.217],[106.006,17.415],[105.691,17.738],[105.627,17.834],[105.588,17.984],[105.458,18.154],[105.333,18.19],[105.163,18.339],[105.115,18.405],[105.086,18.45],[105.087,18.496],[105.145,18.617],[105.146,18.651],[105.115,18.679],[104.993,18.728],[104.717,18.803],[104.109,19.196],[103.918,19.269],[103.892,19.305],[103.896,19.34],[104.028,19.42],[104.063,19.483],[104.052,19.564],[104.013,19.646],[104.032,19.675],[104.26,19.685],[104.546,19.611],[104.588,19.619],[104.743,19.755],[104.802,19.836],[104.815,19.904],[104.928,20.018],[104.929,20.083],[104.889,20.169],[104.848,20.202],[104.813,20.217],[104.699,20.205],[104.677,20.225],[104.656,20.329],[104.619,20.375],[104.368,20.441],[104.408,20.486],[104.533,20.555],[104.575,20.6],[104.583,20.647],[104.35,20.821],[104.195,20.914],[104.101,20.946],[104.052,20.941],[103.882,20.861],[103.791,20.81],[103.714,20.717],[103.635,20.697],[103.464,20.78],[103.211,20.841],[103.104,20.892],[102.851,21.266],[102.888,21.44],[102.949,21.57],[102.959,21.626],[102.95,21.681],[102.918,21.713],[102.845,21.735],[102.816,21.807],[102.798,21.798],[102.771,21.71],[102.739,21.678],[102.695,21.662],[102.662,21.676],[102.583,21.904],[102.487,21.958],[102.443,22.027],[102.183,22.284],[102.127,22.379],[102.237,22.466],[102.376,22.647],[102.406,22.708],[102.471,22.751],[102.721,22.648],[102.83,22.587],[102.935,22.466],[102.982,22.448],[103.136,22.542],[103.138,22.593],[103.266,22.714],[103.301,22.764],[103.327,22.77],[103.356,22.755],[103.471,22.597],[103.493,22.588],[103.525,22.612],[103.571,22.734],[103.62,22.782],[103.915,22.538],[103.942,22.54],[103.971,22.55],[103.991,22.586],[104.054,22.752],[104.143,22.8],[104.213,22.809],[104.298,22.712],[104.372,22.704],[104.527,22.804],[104.578,22.82],[104.687,22.822],[104.796,22.911],[104.827,23.1],[104.865,23.136],[105.189,23.281],[105.275,23.345],[105.35,23.308],[105.44,23.235],[105.495,23.181],[105.548,23.073],[105.691,23.03],[105.843,22.923],[105.962,22.937],[106.001,22.975],[106.148,22.97],[106.184,22.955],[106.249,22.869],[106.279,22.857],[106.542,22.908],[106.78,22.779],[106.702,22.638],[106.633,22.586],[106.582,22.573],[106.55,22.501],[106.536,22.395],[106.554,22.342],[106.637,22.289],[106.654,22.241],[106.664,21.979],[106.729,22.0],[106.925,21.92],[106.971,21.924],[107.006,21.893],[107.02,21.835],[107.062,21.794],[107.179,21.717],[107.272,21.711],[107.351,21.609],[107.433,21.642],[107.471,21.598],[107.641,21.614],[107.759,21.655],[107.802,21.645],[107.973,21.508]]],[[[106.589,8.681],[106.568,8.701],[106.659,8.766],[106.653,8.701],[106.589,8.681]]],[[[107.084,10.337],[107.078,10.387],[107.195,10.446],[107.168,10.397],[107.084,10.337]]],[[[106.854,20.796],[106.769,20.864],[106.795,20.928],[106.855,20.858],[106.866,20.816],[106.854,20.796]]],[[[107.459,21.092],[107.404,21.094],[107.476,21.269],[107.563,21.22],[107.603,21.217],[107.459,21.092]]],[[[107.466,20.901],[107.399,20.903],[107.479,20.952],[107.519,21.013],[107.551,21.034],[107.551,20.981],[107.521,20.927],[107.466,20.901]]],[[[106.99,20.743],[106.911,20.824],[106.953,20.867],[107.064,20.817],[107.031,20.747],[106.99,20.743]]]]}},{"type":"Feature","properties":{},"geometry":{"type":"MultiPolygon","coordinates":[[[[70.86,42.207],[71.036,42.285],[71.13,42.25],[71.213,42.206],[71.232,42.186],[71.229,42.163],[71.032,42.078],[70.857,42.031],[70.803,41.923],[70.631,41.875],[70.563,41.831],[70.455,41.725],[70.181,41.571],[70.177,41.54],[70.201,41.514],[70.29,41.497],[70.471,41.413],[70.646,41.46],[70.689,41.45],[70.734,41.401],[70.782,41.263],[70.86,41.225],[71.111,41.153],[71.223,41.14],[71.299,41.152],[71.393,41.123],[71.408,41.136],[71.421,41.342],[71.5,41.307],[71.546,41.308],[71.586,41.333],[71.62,41.435],[71.602,41.503],[71.665,41.541],[71.697,41.516],[71.701,41.454],[71.792,41.413],[71.858,41.311],[71.879,41.195],[72.052,41.165],[72.115,41.187],[72.164,41.174],[72.187,41.026],[72.213,41.014],[72.364,41.043],[72.506,40.982],[72.62,40.884],[72.658,40.87],[72.831,40.862],[72.867,40.842],[72.99,40.86],[73.132,40.829],[73.137,40.811],[73.113,40.786],[72.774,40.65],[72.749,40.609],[72.68,40.556],[72.604,40.525],[72.567,40.524],[72.402,40.578],[72.369,40.543],[72.37,40.52],[72.406,40.463],[72.358,40.402],[72.254,40.424],[72.233,40.454],[72.131,40.439],[72.013,40.341],[71.956,40.259],[71.845,40.234],[71.692,40.152],[71.63,40.217],[71.52,40.209],[71.376,40.275],[71.305,40.287],[71.095,40.271],[70.958,40.239],[70.653,40.201],[70.603,40.214],[70.534,40.325],[70.398,40.361],[70.372,40.384],[70.377,40.439],[70.712,40.669],[70.751,40.74],[70.639,40.779],[70.657,40.84],[70.442,41.023],[70.402,41.035],[70.373,41.028],[70.292,40.892],[69.713,40.657],[69.628,40.679],[69.498,40.767],[69.414,40.797],[69.309,40.724],[69.314,40.635],[69.26,40.588],[69.206,40.567],[69.304,40.327],[69.294,40.297],[69.22,40.288],[69.275,40.198],[69.228,40.188],[68.952,40.223],[68.653,40.183],[68.631,40.167],[68.622,40.147],[68.64,40.129],[68.927,40.136],[68.966,40.12],[68.972,40.09],[68.956,40.071],[68.805,40.05],[68.789,40.013],[68.869,39.907],[68.832,39.884],[68.798,39.909],[68.778,39.904],[68.735,39.836],[68.639,39.839],[68.586,39.635],[68.507,39.563],[68.463,39.537],[68.399,39.529],[67.719,39.621],[67.542,39.558],[67.426,39.466],[67.35,39.242],[67.358,39.217],[67.648,39.131],[67.667,39.109],[67.677,39.008],[67.694,38.995],[67.769,38.982],[68.044,38.984],[68.104,38.962],[68.133,38.928],[68.149,38.891],[68.048,38.669],[68.087,38.474],[68.144,38.383],[68.35,38.211],[68.341,38.117],[68.294,38.033],[68.237,37.96],[68.174,37.928],[68.088,37.835],[68.011,37.721],[67.864,37.571],[67.814,37.487],[67.798,37.245],[67.759,37.172],[67.753,37.2],[67.7,37.227],[67.546,37.236],[67.517,37.267],[67.442,37.258],[67.32,37.21],[67.196,37.235],[67.069,37.335],[66.828,37.371],[66.522,37.348],[66.511,37.599],[66.526,37.786],[66.629,37.932],[66.606,37.987],[66.575,38.011],[66.335,38.072],[66.173,38.167],[65.971,38.244],[65.857,38.269],[65.729,38.226],[65.613,38.239],[65.077,38.539],[64.622,38.756],[64.31,38.977],[64.163,38.954],[63.764,39.161],[63.506,39.377],[62.651,39.858],[62.483,39.976],[62.442,40.036],[62.375,40.332],[62.298,40.467],[62.188,40.541],[62.095,40.683],[61.954,41.031],[61.903,41.094],[61.8,41.163],[61.645,41.24],[61.497,41.276],[61.388,41.252],[61.329,41.195],[61.242,41.189],[60.867,41.249],[60.455,41.222],[60.09,41.399],[60.067,41.427],[60.069,41.476],[60.138,41.594],[60.124,41.645],[60.076,41.701],[60.076,41.76],[60.109,41.793],[60.176,41.782],[60.201,41.803],[60.192,41.834],[60.107,41.907],[60.0,41.942],[60.0,44.874],[61.008,44.394],[61.065,44.348],[61.097,44.248],[61.161,44.169],[61.99,43.492],[62.072,43.489],[63.207,43.628],[64.443,43.551],[64.812,43.694],[64.905,43.715],[65.003,43.649],[65.271,43.418],[65.496,43.311],[65.803,42.877],[66.1,42.991],[66.05,42.473],[66.016,42.315],[66.01,42.005],[66.499,41.995],[66.538,41.741],[66.602,41.494],[66.71,41.179],[66.814,41.142],[67.735,41.187],[67.805,41.164],[67.936,41.197],[68.02,41.096],[68.113,41.029],[68.048,40.809],[68.16,40.722],[68.292,40.656],[68.415,40.619],[68.496,40.609],[68.573,40.623],[68.601,40.66],[68.594,40.711],[68.557,40.765],[68.559,40.829],[68.584,40.876],[68.737,41.042],[68.987,41.205],[69.043,41.264],[69.065,41.367],[69.154,41.425],[69.368,41.491],[69.401,41.542],[69.664,41.672],[69.96,41.754],[70.096,41.821],[70.226,41.946],[70.416,42.079],[70.489,42.08],[70.54,42.039],[70.584,42.036],[70.715,42.169],[70.765,42.194],[70.86,42.207]],[[70.653,40.937],[70.618,41.002],[70.572,41.025],[70.55,41.015],[70.623,40.934],[70.653,40.937]]],[[[71.156,39.883],[71.012,39.895],[71.045,39.993],[70.974,40.039],[70.961,40.088],[70.976,40.133],[71.005,40.152],[71.024,40.149],[71.08,40.08],[71.229,40.048],[71.179,39.98],[71.216,39.907],[71.156,39.883]]],[[[71.753,39.907],[71.706,39.917],[71.669,39.946],[71.681,39.969],[71.79,39.995],[71.753,39.907]]]]}},{"type":"Feature","properties":{},"geometry":{"type":"MultiPolygon","coordinates":[[[[138.067,9.419],[138.062,9.446],[138.117,9.55],[138.147,9.584],[138.186,9.593],[138.214,9.547],[138.183,9.507],[138.143,9.501],[138.067,9.419]]],[[[151.639,7.333],[151.578,7.338],[151.57,7.346],[151.604,7.357],[151.608,7.375],[151.593,7.379],[151.629,7.39],[151.65,7.363],[151.639,7.333]]],[[[151.864,7.427],[151.865,7.466],[151.911,7.46],[151.913,7.454],[151.864,7.427]]],[[[158.257,6.791],[158.183,6.801],[158.161,6.883],[158.128,6.905],[158.135,6.945],[158.186,6.978],[158.295,6.951],[158.335,6.893],[158.309,6.855],[158.315,6.814],[158.257,6.791]]]]}},{"type":"Feature","properties":{},"geometry":{"type":"MultiPolygon","coordinates":[[[[145.678,18.725],[145.653,18.753],[145.646,18.807],[145.707,18.79],[145.708,18.762],[145.678,18.725]]],[[[145.69,16.332],[145.636,16.352],[145.631,16.378],[145.696,16.38],[145.72,16.36],[145.69,16.332]]],[[[145.215,14.111],[145.157,14.137],[145.152,14.164],[145.232,14.189],[145.265,14.18],[145.265,14.158],[145.215,14.111]]],[[[145.729,18.057],[145.789,18.155],[145.807,18.173],[145.835,18.137],[145.778,18.079],[145.729,18.057]]],[[[145.749,15.107],[145.684,15.125],[145.713,15.215],[145.822,15.265],[145.789,15.223],[145.749,15.107]]],[[[145.621,14.92],[145.587,15.031],[145.625,15.06],[145.647,15.059],[145.662,14.971],[145.621,14.92]]]]}},{"type":"Feature","properties":{},"geometry":{"type":"Polygon","coordinates":[[[144.7,13.258],[144.65,13.313],[144.649,13.429],[144.79,13.527],[144.837,13.622],[144.91,13.599],[144.941,13.57],[144.78,13.411],[144.742,13.259],[144.7,13.258]]]}},{"type":"Feature","properties":{},"geometry":{"type":"Polygon","coordinates":[[[72.469,-7.417],[72.429,-7.435],[72.408,-7.334],[72.35,-7.263],[72.427,-7.3],[72.447,-7.396],[72.467,-7.368],[72.474,-7.31],[72.436,-7.23],[72.446,-7.22],[72.494,-7.262],[72.499,-7.295],[72.492,-7.377],[72.469,-7.417]]]}},{"type":"Feature","properties":{},"geometry":{"type":"MultiPolygon","coordinates":[[[[60.0,42.197],[60.001,42.165],[60.0,42.163],[60.0,42.197]]],[[[60.107,41.907],[60.192,41.834],[60.201,41.803],[60.176,41.782],[60.109,41.793],[60.076,41.76],[60.076,41.701],[60.124,41.645],[60.138,41.594],[60.069,41.476],[60.067,41.427],[60.09,41.399],[60.455,41.222],[60.867,41.249],[61.242,41.189],[61.329,41.195],[61.388,41.252],[61.497,41.276],[61.645,41.24],[61.8,41.163],[61.903,41.094],[61.954,41.031],[62.095,40.683],[62.188,40.541],[62.298,40.467],[62.375,40.332],[62.442,40.036],[62.483,39.976],[62.651,39.858],[63.506,39.377],[63.764,39.161],[64.163,38.954],[64.31,38.977],[64.622,38.756],[65.077,38.539],[65.613,38.239],[65.729,38.226],[65.857,38.269],[65.971,38.244],[66.173,38.167],[66.39,38.051],[66.575,38.011],[66.626,37.96],[66.629,37.932],[66.526,37.786],[66.511,37.599],[66.522,37.348],[66.472,37.345],[66.108,37.415],[65.765,37.569],[65.683,37.519],[65.641,37.468],[65.555,37.251],[65.09,37.238],[64.816,37.132],[64.566,36.428],[64.511,36.341],[64.358,36.226],[64.092,36.113],[64.051,36.068],[64.042,36.025],[64.01,36.012],[63.862,36.012],[63.302,35.858],[63.13,35.846],[63.109,35.819],[63.17,35.678],[63.119,35.638],[63.084,35.568],[63.057,35.446],[62.688,35.255],[62.611,35.233],[62.463,35.251],[62.387,35.231],[62.308,35.171],[62.271,35.189],[62.253,35.25],[62.213,35.29],[61.984,35.444],[61.72,35.419],[61.621,35.432],[61.543,35.458],[61.422,35.546],[61.345,35.629],[61.262,35.62],[61.239,35.659],[61.236,35.706],[61.259,35.762],[61.252,35.868],[61.206,35.944],[61.153,35.977],[61.212,36.099],[61.212,36.191],[61.175,36.29],[61.16,36.433],[61.17,36.572],[61.12,36.643],[60.341,36.638],[60.063,36.963],[60.0,37.006],[60.0,41.942],[60.107,41.907]]]]}},{"type":"Feature","properties":{},"geometry":{"type":"MultiPolygon","coordinates":[[[[125.579,-8.312],[125.507,-8.275],[125.584,-8.179],[125.646,-8.14],[125.579,-8.312]]],[[[125.034,-9.382],[124.968,-9.294],[124.96,-9.214],[124.978,-9.195],[125.1,-9.19],[125.149,-9.123],[125.149,-9.043],[125.1,-9.004],[124.973,-9.064],[124.937,-9.053],[124.915,-9.032],[124.922,-8.942],[125.027,-8.859],[125.116,-8.708],[125.178,-8.648],[125.382,-8.575],[125.804,-8.492],[126.173,-8.489],[126.62,-8.459],[126.846,-8.377],[126.966,-8.316],[127.058,-8.348],[127.215,-8.373],[127.296,-8.425],[127.115,-8.584],[126.915,-8.715],[126.665,-8.782],[126.569,-8.833],[126.487,-8.913],[126.383,-8.958],[126.164,-8.997],[125.946,-9.124],[125.84,-9.13],[125.408,-9.276],[125.068,-9.512],[125.034,-9.382]]],[[[124.198,-9.256],[124.444,-9.19],[124.413,-9.314],[124.319,-9.414],[124.282,-9.428],[124.09,-9.416],[124.036,-9.342],[124.198,-9.256]]]]}},{"type":"Feature","properties":{},"geometry":{"type":"MultiPolygon","coordinates":[[[[102.59,11.572],[102.533,11.615],[102.546,11.668],[102.569,11.692],[102.606,11.677],[102.59,11.572]]],[[[102.43,11.965],[102.378,11.983],[102.302,11.981],[102.277,12.152],[102.319,12.142],[102.378,12.073],[102.43,11.965]]],[[[98.398,7.828],[98.357,7.829],[98.296,7.776],[98.262,7.926],[98.301,8.136],[98.322,8.166],[98.351,8.111],[98.435,8.086],[98.399,7.965],[98.409,7.902],[98.398,7.828]]],[[[100.115,20.258],[100.14,20.245],[100.218,20.34],[100.266,20.377],[100.318,20.386],[100.373,20.34],[100.432,20.241],[100.492,20.184],[100.52,20.178],[100.543,20.089],[100.515,19.996],[100.398,19.756],[100.42,19.644],[100.514,19.553],[100.625,19.5],[100.744,19.515],[100.858,19.585],[100.967,19.611],[101.155,19.579],[101.212,19.548],[101.221,19.487],[101.198,19.328],[101.227,19.212],[101.28,19.089],[101.286,18.977],[101.166,18.618],[101.047,18.442],[101.051,18.407],[101.138,18.287],[101.144,18.143],[101.113,18.034],[100.908,17.584],[100.956,17.541],[101.105,17.48],[101.167,17.499],[101.414,17.719],[101.688,17.889],[101.744,17.953],[101.775,18.033],[101.819,18.065],[101.875,18.046],[101.947,18.081],[102.035,18.17],[102.101,18.211],[102.148,18.204],[102.352,18.046],[102.459,17.985],[102.553,17.965],[102.598,17.927],[102.596,17.87],[102.617,17.833],[102.661,17.818],[102.68,17.824],[102.675,17.852],[102.718,17.892],[102.807,17.946],[102.899,17.977],[102.991,17.986],[103.051,18.029],[103.091,18.138],[103.149,18.222],[103.2,18.259],[103.263,18.278],[103.28,18.305],[103.249,18.339],[103.252,18.373],[103.288,18.408],[103.367,18.423],[103.488,18.418],[103.63,18.383],[103.792,18.317],[103.899,18.295],[103.95,18.319],[104.049,18.217],[104.196,17.988],[104.428,17.699],[104.539,17.609],[104.656,17.547],[104.74,17.462],[104.816,17.3],[104.759,17.077],[104.744,16.884],[104.751,16.648],[104.819,16.466],[104.95,16.34],[105.026,16.238],[105.047,16.16],[105.149,16.094],[105.331,16.038],[105.406,15.987],[105.376,15.942],[105.373,15.89],[105.399,15.83],[105.462,15.78],[105.562,15.741],[105.622,15.7],[105.641,15.657],[105.616,15.488],[105.574,15.413],[105.513,15.361],[105.49,15.257],[105.49,15.128],[105.533,15.042],[105.547,14.932],[105.523,14.843],[105.497,14.591],[105.476,14.53],[105.423,14.472],[105.342,14.417],[105.169,14.336],[105.074,14.227],[105.034,14.227],[105.003,14.254],[104.97,14.366],[104.779,14.428],[104.412,14.37],[104.228,14.396],[103.982,14.358],[103.742,14.374],[103.6,14.421],[103.199,14.333],[103.031,14.253],[102.909,14.137],[102.873,14.055],[102.729,13.842],[102.62,13.717],[102.545,13.66],[102.566,13.626],[102.547,13.586],[102.336,13.56],[102.32,13.54],[102.331,13.288],[102.363,13.193],[102.462,13.015],[102.5,12.67],[102.63,12.57],[102.756,12.426],[102.706,12.256],[102.737,12.09],[102.934,11.707],[102.912,11.704],[102.884,11.773],[102.792,11.889],[102.763,12.012],[102.594,12.203],[102.54,12.109],[102.343,12.253],[102.259,12.394],[102.23,12.332],[102.034,12.532],[101.889,12.593],[101.836,12.64],[101.724,12.689],[101.445,12.619],[101.09,12.674],[100.954,12.621],[100.898,12.654],[100.863,12.715],[100.896,12.818],[100.904,13.035],[100.946,13.187],[100.926,13.303],[100.963,13.432],[100.907,13.462],[100.656,13.521],[100.603,13.568],[100.536,13.514],[100.236,13.484],[100.122,13.44],[100.017,13.353],[99.991,13.243],[100.051,13.171],[100.09,13.046],[99.982,12.771],[99.964,12.69],[100.006,12.355],[99.989,12.171],[99.93,12.047],[99.837,11.937],[99.799,11.749],[99.725,11.662],[99.627,11.463],[99.561,11.215],[99.514,11.101],[99.487,10.89],[99.285,10.569],[99.237,10.388],[99.165,10.32],[99.19,10.266],[99.195,10.175],[99.161,9.734],[99.191,9.627],[99.288,9.415],[99.254,9.265],[99.394,9.214],[99.724,9.314],[99.836,9.288],[99.905,9.113],[99.961,8.671],[99.99,8.589],[100.129,8.428],[100.154,8.443],[100.163,8.508],[100.229,8.425],[100.279,8.269],[100.454,7.442],[100.545,7.227],[100.439,7.281],[100.411,7.464],[100.38,7.542],[100.284,7.552],[100.28,7.584],[100.324,7.644],[100.317,7.716],[100.257,7.775],[100.158,7.728],[100.161,7.599],[100.205,7.501],[100.371,7.28],[100.424,7.188],[100.49,7.161],[100.586,7.176],[100.793,6.995],[101.018,6.861],[101.302,6.908],[101.401,6.9],[101.498,6.865],[101.614,6.754],[101.799,6.475],[102.101,6.242],[102.068,6.185],[102.055,6.097],[101.936,5.979],[101.874,5.825],[101.791,5.779],[101.678,5.779],[101.65,5.796],[101.601,5.877],[101.556,5.908],[101.257,5.789],[101.191,5.669],[101.114,5.637],[100.982,5.771],[100.993,5.846],[101.076,5.956],[101.087,6.034],[101.076,6.166],[101.054,6.243],[100.989,6.258],[100.874,6.245],[100.817,6.332],[100.794,6.426],[100.754,6.46],[100.716,6.481],[100.629,6.448],[100.345,6.55],[100.261,6.683],[100.177,6.672],[100.119,6.442],[99.869,6.75],[99.696,6.877],[99.72,7.106],[99.668,7.151],[99.602,7.155],[99.553,7.219],[99.597,7.356],[99.529,7.329],[99.435,7.334],[99.359,7.372],[99.3,7.561],[99.264,7.619],[99.183,7.718],[99.078,7.718],[99.043,7.766],[99.051,7.888],[98.974,7.963],[98.789,8.06],[98.704,8.257],[98.579,8.344],[98.5,8.318],[98.474,8.247],[98.421,8.178],[98.361,8.187],[98.305,8.226],[98.238,8.423],[98.227,8.544],[98.242,8.768],[98.326,8.969],[98.371,9.291],[98.443,9.493],[98.493,9.561],[98.562,9.838],[98.703,10.19],[98.747,10.351],[98.768,10.431],[98.775,10.557],[98.757,10.661],[98.787,10.708],[99.025,10.92],[99.19,11.105],[99.478,11.613],[99.573,11.687],[99.612,11.75],[99.615,11.781],[99.523,12.09],[99.463,12.19],[99.394,12.474],[99.405,12.548],[99.22,12.74],[99.174,12.882],[99.174,12.961],[99.124,13.031],[99.107,13.104],[99.176,13.233],[99.172,13.497],[99.137,13.717],[99.015,13.947],[98.934,14.05],[98.57,14.36],[98.246,14.815],[98.202,14.976],[98.178,15.147],[98.191,15.204],[98.232,15.241],[98.329,15.279],[98.452,15.357],[98.537,15.351],[98.557,15.368],[98.558,15.769],[98.592,16.051],[98.818,16.181],[98.866,16.237],[98.888,16.298],[98.888,16.352],[98.869,16.394],[98.835,16.418],[98.689,16.305],[98.661,16.33],[98.594,16.515],[98.478,16.732],[98.471,16.895],[98.439,16.976],[98.257,17.148],[97.706,17.797],[97.699,17.834],[97.74,17.935],[97.72,18.037],[97.622,18.258],[97.632,18.29],[97.599,18.303],[97.524,18.296],[97.451,18.36],[97.374,18.518],[97.515,18.498],[97.746,18.588],[97.754,18.621],[97.706,18.932],[97.714,18.996],[97.804,19.13],[97.794,19.266],[97.817,19.46],[97.916,19.593],[97.991,19.654],[98.015,19.75],[98.049,19.77],[98.111,19.762],[98.239,19.691],[98.371,19.689],[98.494,19.701],[98.761,19.771],[98.917,19.773],[98.958,19.805],[98.987,19.861],[99.021,20.042],[99.074,20.099],[99.197,20.115],[99.284,20.08],[99.338,20.079],[99.452,20.118],[99.486,20.15],[99.502,20.188],[99.448,20.352],[99.459,20.363],[99.639,20.32],[99.72,20.325],[99.773,20.341],[99.89,20.424],[99.954,20.415],[100.122,20.317],[100.115,20.258]]],[[[100.064,9.68],[99.998,9.748],[99.983,9.794],[100.043,9.792],[100.073,9.749],[100.064,9.68]]],[[[100.075,9.529],[100.054,9.461],[99.962,9.422],[99.931,9.476],[99.954,9.581],[100.071,9.586],[100.075,9.529]]],[[[99.644,6.516],[99.607,6.597],[99.654,6.714],[99.701,6.571],[99.644,6.516]]],[[[98.58,7.917],[98.529,8.109],[98.604,8.057],[98.58,7.917]]],[[[98.251,9.041],[98.274,9.13],[98.301,9.139],[98.308,9.051],[98.251,9.041]]],[[[99.104,7.471],[99.068,7.496],[99.038,7.548],[99.045,7.637],[99.078,7.592],[99.104,7.471]]]]}},{"type":"Feature","properties":{},"geometry":{"type":"MultiPolygon","coordinates":[[[[67.798,37.245],[67.814,37.487],[67.864,37.571],[68.011,37.721],[68.088,37.835],[68.174,37.928],[68.237,37.96],[68.294,38.033],[68.341,38.117],[68.35,38.211],[68.144,38.383],[68.087,38.474],[68.048,38.669],[68.149,38.891],[68.133,38.928],[68.104,38.962],[68.044,38.984],[67.769,38.982],[67.694,38.995],[67.677,39.008],[67.667,39.109],[67.648,39.131],[67.358,39.217],[67.35,39.242],[67.426,39.466],[67.542,39.558],[67.719,39.621],[68.303,39.538],[68.463,39.537],[68.586,39.635],[68.639,39.839],[68.735,39.836],[68.778,39.904],[68.798,39.909],[68.832,39.884],[68.869,39.907],[68.789,40.013],[68.805,40.05],[68.956,40.071],[68.972,40.09],[68.966,40.12],[68.927,40.136],[68.64,40.129],[68.622,40.147],[68.631,40.167],[68.653,40.183],[68.952,40.223],[69.228,40.188],[69.275,40.198],[69.22,40.288],[69.294,40.297],[69.304,40.327],[69.206,40.567],[69.26,40.588],[69.314,40.635],[69.309,40.724],[69.357,40.767],[69.414,40.797],[69.498,40.767],[69.628,40.679],[69.713,40.657],[70.292,40.892],[70.373,41.028],[70.402,41.035],[70.442,41.023],[70.657,40.84],[70.639,40.779],[70.751,40.74],[70.751,40.722],[70.712,40.669],[70.383,40.454],[70.372,40.384],[70.398,40.361],[70.534,40.325],[70.603,40.214],[70.653,40.201],[70.958,40.239],[70.946,40.188],[70.739,40.131],[70.644,40.083],[70.624,39.999],[70.557,39.954],[70.515,39.95],[70.451,40.049],[69.967,40.202],[69.53,40.097],[69.469,40.021],[69.488,39.95],[69.476,39.92],[69.432,39.91],[69.307,39.969],[69.279,39.918],[69.229,39.761],[69.28,39.666],[69.298,39.525],[69.463,39.532],[69.599,39.574],[69.956,39.553],[70.137,39.558],[70.171,39.584],[70.209,39.575],[70.245,39.543],[70.392,39.582],[70.501,39.587],[70.608,39.564],[70.733,39.413],[70.799,39.395],[71.005,39.412],[71.065,39.493],[71.273,39.535],[71.404,39.598],[71.47,39.604],[71.517,39.554],[71.503,39.479],[71.546,39.453],[71.673,39.447],[71.732,39.423],[71.726,39.307],[71.779,39.278],[71.806,39.276],[71.991,39.351],[72.043,39.352],[72.23,39.208],[72.358,39.337],[72.563,39.377],[72.64,39.386],[72.872,39.36],[73.109,39.362],[73.235,39.375],[73.387,39.443],[73.47,39.461],[73.632,39.449],[73.636,39.397],[73.607,39.229],[73.69,39.105],[73.796,39.002],[73.805,38.969],[73.795,38.941],[73.73,38.915],[73.696,38.854],[73.802,38.607],[73.869,38.563],[73.97,38.534],[74.026,38.54],[74.065,38.608],[74.131,38.661],[74.277,38.66],[74.514,38.6],[74.745,38.51],[74.812,38.46],[74.836,38.404],[74.772,38.275],[74.775,38.192],[74.79,38.104],[74.842,38.038],[74.891,37.926],[74.9,37.833],[74.938,37.773],[74.894,37.601],[74.916,37.573],[75.097,37.451],[75.119,37.386],[75.008,37.294],[74.891,37.232],[74.731,37.357],[74.659,37.394],[74.524,37.382],[74.349,37.419],[74.26,37.415],[74.167,37.329],[73.75,37.232],[73.654,37.239],[73.628,37.262],[73.649,37.291],[73.717,37.329],[73.734,37.376],[73.721,37.419],[73.481,37.472],[73.383,37.462],[73.211,37.408],[72.896,37.268],[72.757,37.173],[72.657,37.029],[72.359,36.983],[72.154,36.901],[71.802,36.694],[71.734,36.684],[71.666,36.697],[71.597,36.733],[71.531,36.845],[71.433,37.128],[71.505,37.603],[71.582,37.91],[71.552,37.933],[71.32,37.902],[71.279,37.918],[71.283,38.008],[71.333,38.17],[71.256,38.307],[71.052,38.418],[70.879,38.456],[70.736,38.423],[70.616,38.334],[70.418,38.075],[70.313,37.985],[70.215,37.924],[70.199,37.886],[70.255,37.765],[70.251,37.664],[70.189,37.582],[70.12,37.544],[70.045,37.547],[69.985,37.566],[69.941,37.6],[69.821,37.61],[69.626,37.594],[69.492,37.553],[69.42,37.487],[69.399,37.399],[69.43,37.291],[69.414,37.208],[69.304,37.117],[69.265,37.108],[68.96,37.325],[68.912,37.334],[68.855,37.317],[68.824,37.271],[68.669,37.258],[68.637,37.224],[68.546,37.183],[68.387,37.138],[68.3,37.088],[68.285,37.036],[68.261,37.013],[68.212,37.022],[68.068,36.95],[67.958,36.972],[67.834,37.064],[67.766,37.14],[67.759,37.172],[67.798,37.245]]],[[[70.623,40.934],[70.569,40.982],[70.55,41.015],[70.572,41.025],[70.618,41.002],[70.653,40.937],[70.623,40.934]]],[[[70.612,39.787],[70.56,39.791],[70.483,39.883],[70.698,39.846],[70.702,39.825],[70.612,39.787]]]]}},{"type":"Feature","properties":{},"geometry":{"type":"MultiPolygon","coordinates":[[[[121.009,22.62],[120.897,22.379],[120.877,22.262],[120.878,22.142],[120.84,21.925],[120.743,21.956],[120.69,22.033],[120.678,22.16],[120.581,22.356],[120.316,22.548],[120.326,22.542],[120.233,22.718],[120.15,22.975],[120.083,23.094],[120.072,23.15],[120.143,23.399],[120.125,23.527],[120.132,23.653],[120.63,24.479],[120.836,24.723],[121.041,25.033],[121.095,25.065],[121.365,25.159],[121.45,25.249],[121.517,25.277],[121.594,25.275],[121.687,25.182],[121.853,25.104],[121.905,25.056],[121.929,24.974],[121.856,24.895],[121.82,24.825],[121.828,24.534],[121.737,24.285],[121.639,24.13],[121.613,24.053],[121.583,23.861],[121.526,23.668],[121.477,23.424],[121.352,23.067],[121.161,22.776],[121.009,22.62]]],[[[118.451,24.456],[118.433,24.414],[118.295,24.436],[118.287,24.477],[118.339,24.469],[118.407,24.522],[118.451,24.456]]]]}},{"type":"Feature","properties":{},"geometry":{"type":"MultiPolygon","coordinates":[[[[79.907,9.62],[79.846,9.715],[79.872,9.744],[79.888,9.741],[79.912,9.679],[79.97,9.631],[79.907,9.62]]],[[[79.904,8.975],[79.767,9.07],[79.748,9.105],[79.86,9.066],[79.904,8.975]]],[[[79.982,9.813],[80.253,9.796],[80.376,9.642],[80.711,9.366],[80.893,9.086],[80.935,8.971],[81.016,8.933],[81.198,8.662],[81.219,8.608],[81.227,8.506],[81.334,8.472],[81.373,8.431],[81.422,8.215],[81.422,8.148],[81.665,7.782],[81.683,7.684],[81.727,7.625],[81.797,7.465],[81.832,7.428],[81.874,7.288],[81.877,7.02],[81.861,6.901],[81.768,6.614],[81.713,6.512],[81.637,6.425],[81.38,6.241],[81.306,6.204],[80.971,6.088],[80.724,5.979],[80.496,5.949],[80.267,6.01],[80.095,6.153],[80.007,6.364],[79.859,6.829],[79.792,7.585],[79.708,8.066],[79.713,8.182],[79.75,8.294],[79.75,8.049],[79.783,8.018],[79.809,8.05],[79.851,8.412],[79.942,8.692],[79.929,8.899],[80.065,9.096],[80.1,9.21],[80.118,9.327],[80.086,9.578],[80.196,9.538],[80.318,9.465],[80.428,9.481],[80.385,9.549],[80.258,9.611],[80.046,9.65],[79.979,9.699],[79.954,9.742],[79.982,9.813]]]]}},{"type":"Feature","properties":{},"geometry":{"type":"MultiPolygon","coordinates":[[[[126.665,37.801],[126.667,37.917],[126.754,37.979],[127.01,38.241],[127.09,38.284],[127.294,38.313],[128.039,38.309],[128.169,38.359],[128.223,38.417],[128.339,38.608],[128.375,38.623],[128.619,38.176],[128.852,37.887],[129.052,37.678],[129.335,37.275],[129.418,37.059],[129.426,36.926],[129.473,36.742],[129.433,36.637],[129.445,36.471],[129.427,36.385],[129.393,36.323],[129.404,36.052],[129.426,36.019],[129.458,36.006],[129.51,36.038],[129.573,36.051],[129.562,35.948],[129.419,35.498],[129.329,35.333],[129.214,35.182],[129.077,35.123],[128.98,35.102],[128.796,35.094],[128.643,35.12],[128.511,35.101],[128.458,35.069],[128.419,35.016],[128.448,34.932],[128.444,34.87],[128.276,34.911],[128.152,34.916],[128.095,34.934],[128.036,35.022],[127.977,35.019],[127.873,34.966],[127.715,34.955],[127.659,34.926],[127.639,34.89],[127.662,34.843],[127.742,34.783],[127.715,34.721],[127.632,34.69],[127.524,34.84],[127.477,34.844],[127.404,34.823],[127.39,34.743],[127.479,34.625],[127.401,34.553],[127.381,34.501],[127.325,34.463],[127.173,34.546],[127.195,34.605],[127.261,34.662],[127.269,34.72],[127.247,34.755],[127.031,34.607],[126.897,34.439],[126.826,34.451],[126.796,34.494],[126.755,34.512],[126.611,34.404],[126.584,34.318],[126.531,34.314],[126.508,34.351],[126.506,34.428],[126.482,34.494],[126.333,34.59],[126.264,34.673],[126.301,34.72],[126.426,34.695],[126.525,34.698],[126.505,34.738],[126.473,34.756],[126.539,34.779],[126.593,34.824],[126.548,34.837],[126.479,34.81],[126.421,34.823],[126.398,34.933],[126.327,35.045],[126.291,35.154],[126.361,35.217],[126.46,35.456],[126.493,35.501],[126.582,35.534],[126.614,35.571],[126.487,35.606],[126.488,35.647],[126.717,35.769],[126.753,35.872],[126.647,35.922],[126.693,36.014],[126.54,36.166],[126.557,36.236],[126.548,36.478],[126.507,36.586],[126.488,36.694],[126.389,36.651],[126.181,36.692],[126.161,36.772],[126.217,36.871],[126.352,36.958],[126.429,36.969],[126.487,37.007],[126.578,37.02],[126.687,36.96],[126.784,36.948],[126.839,36.846],[126.872,36.824],[126.879,36.862],[126.958,36.906],[126.977,36.939],[126.96,36.958],[126.869,36.976],[126.746,37.194],[126.791,37.295],[126.65,37.447],[126.657,37.551],[126.58,37.654],[126.563,37.717],[126.578,37.745],[126.621,37.755],[126.665,37.801]]],[[[128.647,34.737],[128.52,34.82],[128.489,34.865],[128.668,35.009],[128.722,35.014],[128.741,34.799],[128.647,34.737]]],[[[128.055,34.708],[127.984,34.703],[127.942,34.766],[127.873,34.735],[127.838,34.813],[127.832,34.875],[127.915,34.921],[127.966,34.893],[128.038,34.879],[128.066,34.806],[128.055,34.708]]],[[[126.17,34.355],[126.109,34.399],[126.123,34.444],[126.247,34.563],[126.344,34.545],[126.38,34.498],[126.335,34.426],[126.234,34.371],[126.17,34.355]]],[[[126.516,37.605],[126.423,37.624],[126.407,37.649],[126.369,37.772],[126.412,37.823],[126.494,37.783],[126.521,37.737],[126.516,37.605]]],[[[126.77,34.296],[126.689,34.305],[126.646,34.351],[126.652,34.39],[126.7,34.396],[126.753,34.344],[126.77,34.296]]],[[[127.788,34.584],[127.737,34.631],[127.787,34.682],[127.799,34.615],[127.788,34.584]]],[[[126.404,36.428],[126.338,36.471],[126.319,36.613],[126.387,36.571],[126.418,36.493],[126.404,36.428]]],[[[126.159,34.707],[126.115,34.714],[126.052,34.838],[126.008,34.867],[126.078,34.915],[126.169,34.83],[126.172,34.731],[126.159,34.707]]],[[[130.871,37.449],[130.817,37.478],[130.81,37.51],[130.838,37.537],[130.904,37.554],[130.934,37.53],[130.916,37.478],[130.871,37.449]]],[[[126.282,33.202],[126.229,33.225],[126.166,33.312],[126.199,33.368],[126.338,33.46],[126.696,33.549],[126.76,33.553],[126.901,33.515],[126.931,33.444],[126.873,33.341],[126.709,33.272],[126.582,33.238],[126.327,33.224],[126.282,33.202]]]]}},{"type":"Feature","properties":{},"geometry":{"type":"MultiPolygon","coordinates":[[[[159.64,-8.521],[159.569,-8.485],[159.538,-8.451],[159.553,-8.399],[159.595,-8.379],[159.642,-8.414],[159.646,-8.45],[159.688,-8.508],[159.64,-8.521]]],[[[159.979,-11.538],[159.986,-11.495],[160.0,-11.472],[160.0,-11.574],[159.979,-11.538]]],[[[159.175,-9.126],[159.071,-9.11],[159.036,-9.075],[159.078,-9.025],[159.13,-8.993],[159.176,-9.022],[159.228,-9.03],[159.234,-9.094],[159.175,-9.126]]],[[[157.826,-8.324],[157.898,-8.506],[157.885,-8.569],[157.834,-8.573],[157.819,-8.612],[157.749,-8.524],[157.656,-8.5],[157.588,-8.445],[157.558,-8.27],[157.504,-8.258],[157.351,-8.275],[157.302,-8.333],[157.232,-8.315],[157.218,-8.263],[157.229,-8.212],[157.322,-8.161],[157.341,-8.096],[157.433,-7.985],[157.491,-7.966],[157.599,-8.006],[157.612,-8.165],[157.651,-8.217],[157.763,-8.242],[157.826,-8.324]]],[[[158.179,-8.826],[158.155,-8.786],[158.21,-8.678],[158.253,-8.797],[158.179,-8.826]]],[[[158.009,-8.763],[157.938,-8.736],[157.879,-8.669],[157.909,-8.566],[157.967,-8.544],[157.998,-8.508],[158.132,-8.557],[158.068,-8.607],[158.104,-8.646],[158.108,-8.684],[158.009,-8.763]]],[[[157.389,-8.728],[157.334,-8.7],[157.212,-8.565],[157.234,-8.52],[157.379,-8.421],[157.411,-8.475],[157.383,-8.555],[157.347,-8.575],[157.332,-8.651],[157.389,-8.728]]],[[[156.669,-7.937],[156.611,-7.866],[156.612,-7.806],[156.511,-7.708],[156.502,-7.64],[156.561,-7.574],[156.64,-7.613],[156.718,-7.696],[156.809,-7.723],[156.79,-7.778],[156.669,-7.937]]],[[[156.592,-8.196],[156.54,-8.073],[156.551,-7.971],[156.57,-7.959],[156.612,-8.096],[156.592,-8.196]]],[[[157.15,-8.123],[157.041,-8.117],[156.958,-8.014],[156.959,-7.938],[157.024,-7.868],[157.103,-7.855],[157.146,-7.883],[157.186,-7.941],[157.201,-8.016],[157.192,-8.082],[157.15,-8.123]]],[[[155.739,-7.121],[155.678,-7.089],[155.705,-7.013],[155.739,-6.973],[155.865,-7.043],[155.84,-7.097],[155.739,-7.121]]],[[[157.643,-8.794],[157.458,-8.73],[157.454,-8.706],[157.579,-8.704],[157.645,-8.759],[157.643,-8.794]]],[[[159.971,-9.433],[160.0,-9.429],[160.0,-9.812],[159.854,-9.792],[159.755,-9.726],[159.68,-9.637],[159.622,-9.532],[159.607,-9.354],[159.626,-9.311],[159.686,-9.269],[159.75,-9.273],[159.971,-9.433]]],[[[159.881,-8.557],[159.746,-8.474],[159.645,-8.372],[159.354,-8.26],[159.292,-8.203],[159.239,-8.196],[159.09,-8.103],[158.944,-8.041],[158.832,-7.927],[158.778,-7.907],[158.686,-7.818],[158.597,-7.759],[158.565,-7.651],[158.457,-7.545],[158.734,-7.604],[158.863,-7.722],[158.972,-7.789],[159.011,-7.837],[159.109,-7.904],[159.198,-7.91],[159.287,-7.976],[159.368,-7.994],[159.431,-8.029],[159.843,-8.327],[159.794,-8.406],[159.849,-8.463],[159.881,-8.557]]],[[[157.519,-7.366],[157.441,-7.426],[157.339,-7.393],[157.315,-7.342],[157.243,-7.353],[157.102,-7.324],[156.904,-7.18],[156.696,-6.911],[156.495,-6.762],[156.457,-6.715],[156.453,-6.638],[156.479,-6.609],[156.604,-6.641],[156.765,-6.764],[157.03,-6.892],[157.103,-6.957],[157.148,-7.114],[157.193,-7.16],[157.336,-7.28],[157.452,-7.314],[157.519,-7.366]]]]}},{"type":"Feature","properties":{},"geometry":{"type":"Polygon","coordinates":[[[103.82,1.265],[103.65,1.326],[103.705,1.423],[103.818,1.447],[103.996,1.365],[103.97,1.331],[103.82,1.265]]]}},{"type":"Feature","properties":{},"geometry":{"type":"MultiPolygon","coordinates":[[[[145.869,43.458],[145.931,43.457],[145.944,43.426],[145.894,43.42],[145.869,43.458]]],[[[146.359,43.625],[146.288,43.625],[146.274,43.63],[146.31,43.652],[146.35,43.644],[146.359,43.625]]],[[[146.032,43.407],[146.028,43.42],[146.049,43.434],[146.089,43.449],[146.101,43.44],[146.032,43.407]]],[[[137.055,54.927],[136.969,54.924],[136.903,54.961],[136.765,54.946],[136.715,54.956],[136.781,55.0],[137.107,55.0],[137.055,54.927]]],[[[130.658,42.328],[130.652,42.373],[130.554,42.475],[130.527,42.535],[130.584,42.567],[130.577,42.623],[130.521,42.674],[130.439,42.686],[130.42,42.7],[130.425,42.727],[130.493,42.779],[130.577,42.812],[130.803,42.857],[130.943,42.852],[131.069,42.902],[131.086,43.038],[131.176,43.142],[131.257,43.378],[131.262,43.433],[131.244,43.469],[131.182,43.506],[131.174,43.705],[131.213,44.003],[131.255,44.072],[131.087,44.596],[130.968,44.8],[130.982,44.844],[131.082,44.91],[131.228,44.92],[131.447,44.984],[131.579,45.084],[131.654,45.205],[131.742,45.243],[131.795,45.305],[131.852,45.327],[131.909,45.274],[131.978,45.244],[132.936,45.03],[133.113,45.131],[133.097,45.22],[133.113,45.321],[133.186,45.495],[133.267,45.545],[133.436,45.605],[133.466,45.651],[133.449,45.705],[133.513,45.879],[133.608,45.92],[133.648,45.955],[133.711,46.07],[133.701,46.14],[133.75,46.186],[133.861,46.248],[133.88,46.336],[133.903,46.367],[133.867,46.499],[134.023,46.713],[134.039,46.858],[134.071,46.951],[134.137,47.069],[134.202,47.128],[134.163,47.259],[134.168,47.302],[134.291,47.414],[134.483,47.447],[134.542,47.485],[134.696,47.625],[134.752,47.715],[134.566,48.023],[134.669,48.153],[134.681,48.21],[134.665,48.254],[134.564,48.322],[134.456,48.355],[134.293,48.373],[133.842,48.274],[133.672,48.208],[133.573,48.133],[133.468,48.097],[133.144,48.106],[133.02,48.064],[132.877,47.979],[132.773,47.94],[132.707,47.947],[132.637,47.89],[132.562,47.769],[132.476,47.715],[132.38,47.729],[131.785,47.681],[131.557,47.682],[131.464,47.723],[131.319,47.728],[131.003,47.691],[130.962,47.709],[130.933,47.76],[130.915,47.843],[130.849,47.929],[130.733,48.019],[130.712,48.128],[130.787,48.255],[130.804,48.342],[130.747,48.43],[130.659,48.483],[130.597,48.575],[130.552,48.602],[130.566,48.68],[130.617,48.773],[130.553,48.861],[130.355,48.866],[130.196,48.892],[130.037,48.972],[129.793,49.199],[129.671,49.279],[129.591,49.287],[129.534,49.323],[129.498,49.389],[129.385,49.389],[129.31,49.354],[129.248,49.379],[129.185,49.381],[129.12,49.362],[129.065,49.375],[129.02,49.419],[128.938,49.449],[128.819,49.464],[128.77,49.495],[128.791,49.542],[128.769,49.577],[128.704,49.6],[128.237,49.559],[128.0,49.569],[127.814,49.622],[127.711,49.672],[127.69,49.717],[127.637,49.76],[127.551,49.802],[127.502,49.873],[127.492,49.975],[127.512,50.072],[127.59,50.209],[127.395,50.299],[127.337,50.35],[127.351,50.394],[127.341,50.428],[127.306,50.454],[127.308,50.494],[127.347,50.55],[127.347,50.621],[127.307,50.708],[127.198,50.829],[127.02,50.986],[126.925,51.1],[126.888,51.23],[126.854,51.261],[126.834,51.315],[126.848,51.374],[126.802,51.448],[126.805,51.506],[126.775,51.545],[126.709,51.566],[126.689,51.61],[126.701,51.703],[126.654,51.781],[126.511,51.926],[126.468,52.031],[126.456,52.126],[126.395,52.173],[126.383,52.287],[126.324,52.332],[126.342,52.362],[126.313,52.4],[126.238,52.445],[126.203,52.484],[126.194,52.519],[126.157,52.547],[126.046,52.573],[126.016,52.61],[126.06,52.692],[126.048,52.739],[125.942,52.801],[125.872,52.872],[125.728,52.891],[125.681,52.931],[125.695,52.956],[125.692,53.004],[125.649,53.042],[125.596,53.057],[125.546,53.048],[125.226,53.166],[125.075,53.204],[124.971,53.197],[124.907,53.173],[124.882,53.13],[124.812,53.134],[124.64,53.211],[124.466,53.23],[124.369,53.271],[124.291,53.341],[124.22,53.37],[124.154,53.359],[123.608,53.547],[123.535,53.526],[123.31,53.556],[123.154,53.545],[122.958,53.498],[122.516,53.457],[122.38,53.462],[122.338,53.485],[122.089,53.451],[121.405,53.317],[120.985,53.285],[120.704,53.172],[120.218,52.84],[120.095,52.787],[120.044,52.718],[120.068,52.633],[120.173,52.602],[120.36,52.627],[120.521,52.615],[120.656,52.567],[120.699,52.494],[120.65,52.396],[120.665,52.3],[120.745,52.205],[120.75,52.097],[120.681,51.973],[120.511,51.849],[120.237,51.723],[120.067,51.601],[119.967,51.422],[119.813,51.267],[119.757,51.179],[119.746,51.108],[119.685,51.03],[119.573,50.947],[119.512,50.863],[119.502,50.779],[119.446,50.703],[119.344,50.634],[119.281,50.561],[119.256,50.484],[119.217,50.433],[119.164,50.406],[119.192,50.38],[119.302,50.354],[119.346,50.279],[119.326,50.155],[119.26,50.066],[119.147,50.013],[118.979,49.979],[118.756,49.963],[118.452,49.844],[117.873,49.513],[117.698,49.536],[117.477,49.609],[117.246,49.625],[116.889,49.738],[116.683,49.824],[116.632,49.877],[116.551,49.92],[116.217,50.009],[116.135,50.011],[115.718,49.881],[115.429,49.896],[115.275,49.949],[115.098,50.059],[115.003,50.139],[114.743,50.234],[114.386,50.255],[114.297,50.274],[114.071,50.205],[113.881,50.101],[113.574,50.007],[113.164,49.797],[113.056,49.616],[112.806,49.524],[112.697,49.507],[112.495,49.532],[112.375,49.515],[112.08,49.424],[111.736,49.398],[111.429,49.343],[111.337,49.356],[110.828,49.166],[110.71,49.143],[110.631,49.138],[110.428,49.22],[110.321,49.216],[110.2,49.17],[109.529,49.27],[109.237,49.335],[108.733,49.336],[108.614,49.323],[108.522,49.342],[108.407,49.396],[108.213,49.525],[108.034,49.594],[108.01,49.647],[107.965,49.654],[107.937,49.691],[107.948,49.925],[107.917,49.948],[107.631,49.983],[107.233,49.989],[107.04,50.086],[106.941,50.197],[106.711,50.313],[106.574,50.329],[106.218,50.305],[106.083,50.333],[105.875,50.405],[105.693,50.414],[105.384,50.474],[105.267,50.46],[105.095,50.39],[104.466,50.306],[104.354,50.275],[104.18,50.169],[104.079,50.154],[103.803,50.176],[103.633,50.139],[103.304,50.2],[103.234,50.264],[103.162,50.291],[102.86,50.333],[102.683,50.387],[102.546,50.461],[102.469,50.526],[102.336,50.544],[102.288,50.585],[102.286,50.635],[102.317,50.718],[102.277,50.769],[102.235,50.791],[102.215,50.829],[102.226,50.901],[102.195,51.051],[102.152,51.108],[102.142,51.216],[102.16,51.261],[102.156,51.314],[102.112,51.353],[101.571,51.467],[101.464,51.471],[101.381,51.453],[101.223,51.513],[100.469,51.726],[100.035,51.737],[99.922,51.756],[99.719,51.872],[99.407,51.924],[99.091,52.035],[99.034,52.035],[98.958,52.102],[98.893,52.117],[98.849,52.07],[98.803,51.957],[98.641,51.801],[98.353,51.718],[98.303,51.674],[98.237,51.578],[98.22,51.506],[98.185,51.486],[98.103,51.484],[98.038,51.45],[97.989,51.377],[97.947,51.348],[97.923,51.28],[97.911,51.165],[97.836,51.052],[97.825,50.985],[97.953,50.855],[97.962,50.769],[98.03,50.645],[98.145,50.569],[98.279,50.533],[98.293,50.487],[98.25,50.302],[98.103,50.078],[98.004,50.014],[97.937,49.997],[97.854,49.947],[97.721,49.945],[97.589,49.911],[97.541,49.843],[97.36,49.741],[97.209,49.731],[97.137,49.762],[96.986,49.883],[96.712,49.912],[96.598,49.878],[96.506,49.919],[96.381,49.896],[96.315,49.901],[96.23,49.954],[96.066,49.999],[96.019,49.999],[95.99,49.974],[95.936,49.96],[95.852,50.013],[95.789,50.013],[95.708,49.966],[95.567,49.944],[95.523,49.911],[95.442,49.916],[95.386,49.941],[95.111,49.935],[95.044,49.962],[95.013,50.008],[94.93,50.044],[94.718,50.043],[94.615,50.024],[94.565,50.088],[94.458,50.166],[94.4,50.18],[94.355,50.222],[94.347,50.303],[94.287,50.511],[94.251,50.556],[93.271,50.616],[93.103,50.604],[93.01,50.655],[92.941,50.778],[92.856,50.789],[92.779,50.779],[92.739,50.711],[92.681,50.683],[92.627,50.688],[92.426,50.803],[92.355,50.864],[92.296,50.85],[92.265,50.775],[92.192,50.701],[91.804,50.694],[91.706,50.666],[91.597,50.576],[91.522,50.562],[91.446,50.522],[91.415,50.468],[91.341,50.47],[91.022,50.415],[90.838,50.324],[90.761,50.306],[90.655,50.222],[90.517,50.213],[90.225,50.117],[90.054,50.094],[90.005,50.069],[89.977,49.984],[89.878,49.954],[89.744,49.948],[89.644,49.903],[89.634,49.823],[89.67,49.75],[89.654,49.717],[89.475,49.661],[89.396,49.612],[89.299,49.611],[89.244,49.627],[89.203,49.596],[89.18,49.532],[89.109,49.501],[89.008,49.473],[88.971,49.484],[88.9,49.54],[88.864,49.528],[88.86,49.482],[88.832,49.448],[88.748,49.446],[88.633,49.486],[88.452,49.473],[88.393,49.483],[88.193,49.452],[88.136,49.381],[88.134,49.298],[88.116,49.256],[87.988,49.187],[87.935,49.165],[87.763,49.166],[87.516,49.122],[87.476,49.091],[87.417,49.077],[87.323,49.086],[87.297,49.148],[87.234,49.216],[87.071,49.255],[87.001,49.287],[86.953,49.322],[86.812,49.488],[86.714,49.559],[86.626,49.563],[86.614,49.61],[86.731,49.696],[86.729,49.749],[86.675,49.777],[86.61,49.769],[86.418,49.638],[86.292,49.587],[86.181,49.499],[85.974,49.499],[85.934,49.55],[85.372,49.624],[85.292,49.599],[85.233,49.616],[85.21,49.665],[85.001,49.894],[84.975,49.951],[85.0,50.01],[84.989,50.061],[84.924,50.088],[84.839,50.091],[84.607,50.202],[84.323,50.239],[84.258,50.288],[84.195,50.437],[84.176,50.521],[84.099,50.605],[84.002,50.677],[83.945,50.775],[83.718,50.887],[83.357,50.995],[83.16,50.989],[83.093,50.961],[83.019,50.897],[82.761,50.893],[82.612,50.771],[82.494,50.728],[82.326,50.742],[82.098,50.711],[81.934,50.766],[81.752,50.764],[81.634,50.739],[81.466,50.74],[81.431,50.771],[81.452,50.824],[81.388,50.956],[81.319,50.966],[81.125,50.946],[81.071,50.969],[81.078,51.015],[81.141,51.147],[81.127,51.191],[80.966,51.19],[80.934,51.243],[80.877,51.281],[80.735,51.293],[80.65,51.277],[80.605,51.224],[80.448,51.183],[80.421,51.136],[80.452,50.998],[80.424,50.946],[80.345,50.919],[80.22,50.912],[80.086,50.84],[80.066,50.758],[79.986,50.775],[79.469,51.493],[78.475,52.638],[77.86,53.269],[77.704,53.379],[76.576,53.943],[76.485,54.023],[76.422,54.114],[76.422,54.152],[76.655,54.145],[76.703,54.182],[76.789,54.322],[76.837,54.442],[76.759,54.437],[76.496,54.336],[76.267,54.312],[75.881,54.168],[75.693,54.115],[75.437,54.09],[75.398,54.069],[75.377,53.97],[75.22,53.894],[75.052,53.827],[74.834,53.826],[74.452,53.647],[74.43,53.604],[74.429,53.551],[74.403,53.504],[74.352,53.488],[74.21,53.576],[74.069,53.611],[73.859,53.62],[73.643,53.576],[73.47,53.469],[73.407,53.448],[73.372,53.454],[73.362,53.506],[73.286,53.598],[73.306,53.707],[73.399,53.811],[73.679,53.929],[73.716,53.996],[73.712,54.042],[73.618,54.067],[73.506,53.999],[73.381,53.963],[73.23,53.958],[73.119,53.981],[72.914,54.107],[72.622,54.134],[72.583,54.122],[72.564,54.09],[72.599,54.023],[72.586,53.996],[72.447,53.942],[72.404,53.964],[72.383,54.054],[72.387,54.123],[72.269,54.272],[72.186,54.326],[72.105,54.308],[72.066,54.232],[72.004,54.206],[71.887,54.221],[71.677,54.178],[71.336,54.158],[71.093,54.212],[71.053,54.26],[71.152,54.364],[71.159,54.539],[71.186,54.599],[70.969,55.0],[135.355,55.0],[135.262,54.943],[135.212,54.841],[135.258,54.731],[135.325,54.707],[135.438,54.692],[135.852,54.584],[136.238,54.614],[136.797,54.621],[136.824,54.561],[136.82,54.452],[136.77,54.353],[136.729,54.061],[136.683,53.931],[136.719,53.804],[136.803,53.782],[136.886,53.839],[137.019,53.848],[137.155,53.822],[137.258,54.025],[137.172,54.057],[137.096,54.129],[137.142,54.182],[137.378,54.282],[137.666,54.283],[137.513,54.156],[137.339,54.101],[137.623,53.97],[137.835,53.947],[137.786,53.903],[137.645,53.866],[137.517,53.707],[137.314,53.632],[137.221,53.579],[137.254,53.546],[137.738,53.56],[137.95,53.604],[138.253,53.726],[138.379,53.909],[138.494,53.96],[138.528,53.96],[138.568,53.947],[138.569,53.819],[138.292,53.592],[138.25,53.524],[138.451,53.537],[138.511,53.57],[138.661,53.745],[138.699,53.87],[138.722,54.044],[138.705,54.148],[138.716,54.223],[138.657,54.298],[138.696,54.32],[139.105,54.218],[139.32,54.193],[139.707,54.277],[139.796,54.256],[139.858,54.205],[140.179,54.052],[140.242,54.001],[140.347,53.813],[140.688,53.596],[141.006,53.495],[141.015,53.454],[141.218,53.334],[141.374,53.293],[141.402,53.184],[141.328,53.097],[141.181,53.015],[140.887,53.092],[140.84,53.088],[140.875,53.04],[141.087,52.898],[141.256,52.84],[141.266,52.653],[141.245,52.55],[141.132,52.436],[141.17,52.368],[141.485,52.179],[141.386,52.057],[141.367,51.921],[141.258,51.861],[141.129,51.728],[140.933,51.62],[140.839,51.414],[140.688,51.232],[140.671,51.051],[140.646,50.987],[140.521,50.8],[140.476,50.546],[140.535,50.131],[140.625,50.082],[140.613,50.054],[140.463,49.911],[140.465,49.826],[140.511,49.762],[140.517,49.596],[140.431,49.331],[140.364,49.221],[140.309,49.054],[140.334,48.995],[140.378,48.964],[140.224,48.773],[140.171,48.524],[140.113,48.423],[139.998,48.324],[139.761,48.181],[139.676,48.09],[139.373,47.887],[139.167,47.635],[139.001,47.383],[138.587,47.057],[138.53,46.976],[138.5,46.89],[138.392,46.745],[138.337,46.543],[138.21,46.463],[138.106,46.251],[137.769,45.929],[137.685,45.818],[137.425,45.64],[137.147,45.394],[136.804,45.171],[136.737,45.08],[136.604,44.978],[136.46,44.822],[136.251,44.667],[136.209,44.562],[136.142,44.489],[135.987,44.44],[135.875,44.374],[135.533,43.971],[135.489,43.899],[135.483,43.835],[135.26,43.685],[135.131,43.526],[134.917,43.427],[134.692,43.291],[134.156,43.042],[134.01,42.947],[133.709,42.83],[133.587,42.828],[133.329,42.764],[133.16,42.697],[133.059,42.723],[132.997,42.808],[132.864,42.794],[132.709,42.876],[132.576,42.872],[132.481,42.91],[132.304,42.883],[132.334,43.239],[132.31,43.314],[132.233,43.245],[132.029,43.119],[131.947,43.095],[131.867,43.095],[131.898,43.171],[132.013,43.28],[131.939,43.302],[131.795,43.255],[131.722,43.203],[131.516,42.996],[131.393,42.822],[131.292,42.772],[131.245,42.697],[131.158,42.626],[131.025,42.645],[130.946,42.634],[130.756,42.673],[130.709,42.656],[130.834,42.523],[130.73,42.326],[130.687,42.303],[130.658,42.328]]],[[[68.156,54.977],[67.83,54.944],[67.693,54.872],[67.257,54.829],[67.098,54.788],[66.223,54.667],[65.955,54.66],[65.914,54.693],[65.708,54.619],[65.477,54.623],[65.378,54.564],[65.237,54.516],[65.158,54.364],[65.088,54.34],[64.927,54.397],[64.65,54.352],[64.525,54.362],[64.461,54.384],[64.199,54.347],[64.063,54.303],[64.004,54.267],[63.847,54.236],[63.701,54.243],[63.414,54.183],[63.191,54.171],[63.074,54.105],[62.633,54.069],[62.499,54.013],[62.04,54.003],[61.986,53.954],[61.929,53.946],[61.334,54.049],[61.231,54.019],[61.144,53.964],[61.113,53.882],[61.113,53.753],[61.074,53.71],[60.986,53.657],[60.979,53.622],[61.248,53.551],[61.41,53.587],[61.474,53.58],[61.519,53.554],[61.535,53.523],[61.499,53.485],[61.401,53.456],[61.312,53.466],[61.229,53.446],[61.186,53.406],[61.163,53.337],[61.199,53.287],[61.311,53.275],[61.437,53.239],[61.576,53.222],[61.66,53.228],[61.766,53.174],[62.015,53.108],[62.081,53.057],[62.083,53.005],[62.037,52.966],[61.974,52.944],[61.401,52.996],[61.047,52.972],[60.945,52.86],[60.802,52.745],[60.774,52.676],[60.821,52.57],[60.979,52.395],[60.995,52.337],[60.938,52.281],[60.67,52.151],[60.499,52.146],[60.425,52.126],[60.234,52.025],[60.066,51.976],[60.03,51.933],[60.067,51.891],[60.28,51.835],[60.388,51.773],[60.418,51.704],[60.465,51.651],[60.974,51.537],[61.015,51.492],[61.363,51.442],[61.555,51.325],[61.585,51.23],[61.512,51.137],[61.465,50.99],[61.389,50.861],[61.227,50.775],[60.942,50.696],[60.638,50.664],[60.425,50.679],[60.288,50.704],[60.112,50.834],[60.059,50.85],[60.0,50.835],[60.0,55.0],[68.203,55.0],[68.156,54.977]]],[[[159.922,54.008],[159.844,53.784],[159.871,53.673],[159.956,53.552],[159.899,53.448],[159.898,53.381],[160.0,53.277],[160.0,53.128],[159.947,53.125],[159.772,53.23],[159.586,53.238],[159.136,53.117],[158.952,53.048],[158.745,52.909],[158.684,52.935],[158.64,53.015],[158.565,53.05],[158.472,53.032],[158.432,52.957],[158.56,52.922],[158.609,52.874],[158.534,52.688],[158.481,52.627],[158.5,52.46],[158.493,52.383],[158.463,52.305],[158.332,52.091],[158.104,51.81],[157.823,51.605],[157.629,51.535],[157.531,51.48],[157.49,51.409],[157.202,51.213],[156.847,51.007],[156.748,50.969],[156.713,51.124],[156.671,51.227],[156.543,51.312],[156.521,51.38],[156.5,51.475],[156.49,51.913],[156.377,52.367],[156.365,52.509],[156.229,52.626],[156.154,52.747],[156.11,52.866],[156.099,53.006],[155.95,53.744],[155.905,53.928],[155.706,54.521],[155.597,55.0],[160.0,55.0],[160.0,54.117],[159.922,54.008]]],[[[142.976,54.141],[142.986,54.086],[142.927,53.956],[142.911,53.878],[142.936,53.811],[142.918,53.794],[143.224,53.296],[143.288,53.134],[143.325,52.963],[143.324,52.614],[143.264,52.479],[143.201,52.443],[143.172,52.349],[143.156,52.084],[143.191,51.944],[143.295,51.744],[143.3,51.632],[143.321,51.583],[143.418,51.521],[143.455,51.471],[143.473,51.299],[143.534,51.246],[143.736,50.507],[143.816,50.283],[144.048,49.896],[144.2,49.55],[144.272,49.311],[144.341,49.181],[144.432,49.051],[144.686,48.871],[144.707,48.82],[144.714,48.64],[144.673,48.679],[144.621,48.815],[144.536,48.894],[144.284,49.07],[144.125,49.209],[144.049,49.249],[143.819,49.309],[143.732,49.312],[143.382,49.291],[143.236,49.263],[143.105,49.199],[143.027,49.105],[142.972,48.918],[142.574,48.072],[142.546,47.885],[142.557,47.738],[142.67,47.537],[142.745,47.452],[142.864,47.392],[142.94,47.323],[143.006,47.223],[143.089,47.001],[143.218,46.795],[143.384,46.806],[143.447,46.792],[143.486,46.752],[143.54,46.575],[143.581,46.361],[143.509,46.23],[143.463,46.069],[143.432,46.029],[143.419,46.222],[143.37,46.358],[143.352,46.476],[143.282,46.559],[142.829,46.605],[142.692,46.711],[142.636,46.716],[142.578,46.701],[142.479,46.644],[142.406,46.555],[142.304,46.358],[142.209,46.089],[142.077,45.917],[141.962,46.013],[141.83,46.451],[141.867,46.694],[142.011,47.03],[142.039,47.14],[141.984,47.348],[141.964,47.587],[142.076,47.808],[142.149,47.902],[142.182,48.013],[142.135,48.29],[142.029,48.477],[141.897,48.655],[141.866,48.75],[142.02,49.078],[142.067,49.312],[142.142,49.569],[142.153,50.217],[142.143,50.312],[142.071,50.515],[142.066,50.63],[142.1,50.776],[142.208,50.998],[142.207,51.223],[142.091,51.429],[142.006,51.521],[141.722,51.736],[141.772,51.752],[141.808,51.789],[141.721,51.847],[141.668,51.933],[141.661,52.273],[141.682,52.359],[141.803,52.556],[141.856,52.794],[141.874,53.039],[141.839,53.138],[141.824,53.34],[141.852,53.389],[141.964,53.456],[142.142,53.496],[142.319,53.405],[142.424,53.411],[142.526,53.447],[142.583,53.537],[142.509,53.588],[142.553,53.653],[142.68,53.674],[142.689,53.73],[142.643,53.737],[142.706,53.896],[142.67,53.968],[142.335,54.281],[142.552,54.279],[142.616,54.304],[142.666,54.358],[142.693,54.416],[142.761,54.394],[142.976,54.141]]],[[[138.12,55.0],[138.017,54.901],[137.991,54.821],[137.959,54.789],[137.721,54.663],[137.661,54.653],[137.526,54.826],[137.463,54.873],[137.276,54.792],[137.233,54.791],[137.275,54.891],[137.384,55.0],[138.12,55.0]]],[[[154.715,49.268],[154.611,49.294],[154.613,49.381],[154.825,49.647],[154.9,49.63],[154.883,49.566],[154.802,49.468],[154.83,49.348],[154.81,49.312],[154.715,49.268]]],[[[156.365,50.634],[156.196,50.702],[156.168,50.732],[156.213,50.785],[156.376,50.862],[156.456,50.86],[156.488,50.843],[156.483,50.751],[156.405,50.658],[156.365,50.634]]],[[[155.792,50.202],[155.608,50.177],[155.516,50.146],[155.397,50.041],[155.289,50.061],[155.243,50.095],[155.243,50.213],[155.195,50.265],[155.218,50.298],[155.327,50.293],[155.434,50.369],[155.68,50.401],[155.773,50.482],[155.885,50.684],[156.002,50.757],[156.097,50.772],[156.123,50.671],[156.101,50.559],[156.044,50.452],[155.921,50.302],[155.792,50.202]]],[[[154.043,48.739],[153.992,48.773],[154.092,48.832],[154.126,48.904],[154.228,48.892],[154.205,48.857],[154.081,48.79],[154.043,48.739]]],[[[155.554,50.811],[155.483,50.87],[155.467,50.914],[155.569,50.934],[155.64,50.91],[155.654,50.845],[155.645,50.822],[155.554,50.811]]],[[[153.054,47.706],[152.984,47.728],[153.049,47.797],[153.079,47.809],[153.101,47.763],[153.054,47.706]]],[[[151.816,46.787],[151.754,46.788],[151.715,46.853],[151.864,46.869],[152.166,47.11],[152.235,47.143],[152.289,47.142],[152.002,46.897],[151.816,46.787]]],[[[149.539,45.591],[149.447,45.593],[149.666,45.84],[149.796,45.876],[149.962,46.022],[150.349,46.213],[150.553,46.209],[150.235,46.012],[150.195,45.933],[150.057,45.849],[149.954,45.822],[149.883,45.783],[149.688,45.642],[149.539,45.591]]],[[[148.415,45.247],[148.262,45.217],[148.005,45.07],[147.914,44.99],[147.784,44.959],[147.658,44.977],[147.622,44.945],[147.61,44.887],[147.563,44.836],[147.31,44.678],[147.207,44.554],[147.098,44.531],[146.897,44.404],[146.933,44.513],[146.974,44.566],[147.141,44.663],[147.155,44.766],[147.247,44.856],[147.43,44.945],[147.558,45.062],[147.658,45.093],[147.769,45.191],[147.886,45.226],[147.873,45.3],[147.924,45.383],[147.965,45.378],[148.056,45.262],[148.324,45.282],[148.612,45.485],[148.707,45.521],[148.773,45.526],[148.812,45.51],[148.825,45.456],[148.803,45.414],[148.837,45.363],[148.791,45.324],[148.6,45.318],[148.415,45.247]]],[[[146.683,43.716],[146.609,43.74],[146.622,43.813],[146.825,43.86],[146.884,43.829],[146.899,43.804],[146.714,43.744],[146.683,43.716]]],[[[146.356,44.425],[146.568,44.44],[146.516,44.375],[146.437,44.376],[146.296,44.281],[146.173,44.269],[146.112,44.246],[145.914,44.104],[145.887,44.048],[145.767,43.941],[145.587,43.845],[145.556,43.665],[145.439,43.737],[145.426,43.81],[145.462,43.871],[145.666,43.999],[145.748,44.072],[145.773,44.129],[145.852,44.193],[145.89,44.249],[145.94,44.273],[146.112,44.5],[146.208,44.498],[146.356,44.425]]]]}},{"type":"Feature","properties":{},"geometry":{"type":"MultiPolygon","coordinates":[[[[121.254,18.563],[121.593,18.376],[121.846,18.295],[121.948,18.285],[122.038,18.328],[122.147,18.487],[122.221,18.501],[122.266,18.459],[122.3,18.403],[122.315,18.32],[122.294,18.234],[122.223,18.157],[122.179,18.064],[122.152,17.664],[122.237,17.435],[122.269,17.395],[122.362,17.345],[122.388,17.307],[122.408,17.178],[122.519,17.125],[122.426,16.823],[122.226,16.435],[122.214,16.352],[122.135,16.185],[121.975,16.158],[121.789,16.077],[121.685,16.015],[121.595,15.933],[121.561,15.827],[121.609,15.726],[121.607,15.67],[121.49,15.51],[121.392,15.324],[121.399,15.267],[121.695,14.737],[121.627,14.682],[121.628,14.581],[121.649,14.481],[121.767,14.168],[121.8,14.114],[121.912,14.02],[122.08,13.947],[122.212,13.93],[122.228,13.979],[122.287,13.996],[122.274,14.045],[122.203,14.112],[122.2,14.148],[122.491,14.322],[122.627,14.318],[122.856,14.251],[122.934,14.188],[123.015,14.08],[123.071,13.96],[123.06,13.789],[123.102,13.75],[123.231,13.747],[123.297,13.836],[123.305,13.937],[123.259,13.975],[123.28,14.025],[123.32,14.062],[123.377,14.029],[123.432,13.966],[123.633,13.898],[123.726,13.884],[123.816,13.837],[123.858,13.8],[123.806,13.722],[123.607,13.704],[123.55,13.646],[123.608,13.528],[123.704,13.432],[123.819,13.269],[123.817,13.192],[123.785,13.111],[123.873,13.117],[123.955,13.1],[124.069,13.032],[124.143,13.036],[124.137,12.791],[124.06,12.567],[123.962,12.595],[123.878,12.69],[123.895,12.805],[123.949,12.916],[123.918,12.94],[123.736,12.897],[123.627,12.912],[123.402,13.033],[123.311,13.044],[123.29,13.099],[123.296,13.216],[123.163,13.442],[122.863,13.617],[122.781,13.737],[122.595,13.908],[122.486,13.93],[122.468,13.887],[122.504,13.763],[122.508,13.657],[122.596,13.562],[122.668,13.395],[122.675,13.253],[122.6,13.194],[122.515,13.26],[122.498,13.364],[122.377,13.521],[122.205,13.648],[122.073,13.788],[121.778,13.938],[121.692,13.935],[121.501,13.842],[121.451,13.791],[121.446,13.712],[121.344,13.649],[121.204,13.64],[121.096,13.679],[121.006,13.758],[120.932,13.762],[120.841,13.885],[120.729,13.901],[120.637,13.804],[120.617,14.188],[120.643,14.244],[120.688,14.291],[120.922,14.493],[120.952,14.558],[120.941,14.645],[120.888,14.716],[120.804,14.759],[120.708,14.777],[120.638,14.816],[120.584,14.881],[120.547,14.766],[120.583,14.595],[120.589,14.483],[120.556,14.441],[120.439,14.453],[120.396,14.493],[120.365,14.608],[120.284,14.684],[120.251,14.793],[120.214,14.809],[120.138,14.8],[120.082,14.851],[120.045,14.978],[120.037,15.115],[119.933,15.431],[119.892,15.838],[119.86,15.906],[119.769,16.008],[119.773,16.255],[119.79,16.303],[119.831,16.327],[119.93,16.239],[120.033,16.185],[120.124,16.066],[120.16,16.048],[120.337,16.066],[120.369,16.11],[120.389,16.161],[120.389,16.222],[120.325,16.4],[120.304,16.645],[120.321,16.762],[120.409,16.956],[120.42,17.09],[120.412,17.27],[120.427,17.377],[120.425,17.438],[120.372,17.535],[120.358,17.638],[120.505,18.163],[120.584,18.369],[120.6,18.508],[120.814,18.603],[120.925,18.585],[121.102,18.615],[121.254,18.563]]],[[[117.219,8.367],[117.256,8.541],[117.35,8.714],[117.418,8.767],[117.593,8.968],[117.885,9.241],[118.024,9.27],[118.115,9.347],[118.533,9.794],[118.728,10.035],[118.845,10.131],[119.024,10.354],[119.143,10.409],[119.224,10.477],[119.287,10.574],[119.313,10.687],[119.261,10.845],[119.306,10.974],[119.501,11.346],[119.553,11.314],[119.56,11.267],[119.533,11.102],[119.562,11.046],[119.527,10.953],[119.684,10.552],[119.687,10.5],[119.595,10.407],[119.369,10.327],[119.285,10.252],[119.192,10.061],[118.949,9.993],[118.782,9.916],[118.755,9.862],[118.774,9.767],[118.57,9.423],[118.435,9.256],[118.35,9.201],[118.229,9.168],[118.134,9.101],[117.99,8.877],[117.78,8.729],[117.572,8.642],[117.517,8.538],[117.311,8.44],[117.219,8.367]]],[[[122.613,11.564],[122.726,11.608],[122.838,11.596],[122.931,11.529],[122.901,11.487],[122.895,11.441],[123.103,11.541],[123.158,11.536],[123.144,11.364],[123.075,11.197],[123.017,11.117],[122.939,11.058],[122.803,10.99],[122.77,10.824],[122.673,10.801],[122.522,10.692],[122.198,10.623],[122.109,10.576],[121.988,10.458],[121.954,10.444],[121.934,10.494],[121.98,10.639],[121.95,10.757],[121.964,10.872],[122.021,10.979],[122.051,11.097],[122.06,11.326],[122.104,11.643],[122.101,11.681],[122.067,11.724],[121.941,11.758],[121.891,11.791],[121.916,11.854],[121.964,11.897],[122.029,11.895],[122.087,11.855],[122.291,11.772],[122.399,11.702],[122.496,11.615],[122.613,11.564]]],[[[123.065,9.053],[122.995,9.059],[122.948,9.108],[122.867,9.32],[122.665,9.41],[122.562,9.483],[122.411,9.694],[122.4,9.823],[122.426,9.896],[122.471,9.962],[122.523,9.979],[122.713,9.99],[122.856,10.087],[122.867,10.284],[122.852,10.395],[122.817,10.504],[122.906,10.603],[122.958,10.698],[122.983,10.887],[123.257,10.994],[123.511,10.923],[123.568,10.781],[123.493,10.582],[123.407,10.459],[123.344,10.325],[123.296,10.125],[123.162,9.864],[123.15,9.606],[123.308,9.357],[123.321,9.273],[123.229,9.121],[123.192,9.088],[123.065,9.053]]],[[[124.644,11.308],[124.724,11.322],[124.821,11.401],[124.93,11.373],[125.027,11.212],[125.044,11.135],[125.04,10.952],[125.013,10.786],[125.164,10.637],[125.188,10.585],[125.197,10.457],[125.26,10.35],[125.268,10.308],[125.253,10.264],[125.148,10.272],[125.143,10.189],[125.105,10.218],[125.044,10.323],[124.987,10.368],[125.027,10.033],[124.929,10.096],[124.813,10.135],[124.781,10.168],[124.79,10.328],[124.738,10.44],[124.799,10.682],[124.787,10.781],[124.739,10.88],[124.663,10.962],[124.616,10.962],[124.503,10.904],[124.446,10.924],[124.366,11.371],[124.308,11.486],[124.331,11.535],[124.436,11.457],[124.511,11.424],[124.548,11.395],[124.575,11.343],[124.644,11.308]]],[[[125.31,12.446],[125.328,12.387],[125.32,12.322],[125.352,12.293],[125.481,12.252],[125.536,12.191],[125.503,12.136],[125.513,12.055],[125.457,11.953],[125.464,11.772],[125.497,11.714],[125.492,11.594],[125.609,11.323],[125.574,11.238],[125.627,11.234],[125.704,11.165],[125.749,11.074],[125.736,11.05],[125.674,11.121],[125.628,11.132],[125.432,11.113],[125.233,11.145],[125.156,11.267],[125.088,11.287],[125.034,11.341],[124.945,11.479],[124.917,11.558],[124.979,11.638],[124.998,11.702],[124.995,11.765],[124.936,11.755],[124.884,11.775],[124.796,11.896],[124.677,12.021],[124.529,12.079],[124.446,12.153],[124.385,12.244],[124.326,12.404],[124.295,12.569],[124.566,12.526],[124.84,12.535],[125.15,12.573],[125.24,12.528],[125.31,12.446]]],[[[120.755,13.471],[120.915,13.501],[120.981,13.486],[121.025,13.429],[121.122,13.381],[121.203,13.432],[121.284,13.374],[121.357,13.265],[121.523,13.131],[121.539,13.089],[121.49,13.02],[121.475,12.932],[121.48,12.837],[121.541,12.638],[121.412,12.423],[121.418,12.389],[121.4,12.361],[121.394,12.301],[121.357,12.313],[121.322,12.304],[121.237,12.219],[121.117,12.253],[121.083,12.339],[120.963,12.447],[120.922,12.512],[120.921,12.581],[120.899,12.646],[120.796,12.748],[120.769,12.841],[120.764,12.97],[120.651,13.169],[120.508,13.26],[120.455,13.394],[120.338,13.412],[120.353,13.473],[120.401,13.517],[120.468,13.522],[120.755,13.471]]],[[[126.088,9.261],[126.193,9.277],[126.192,9.125],[126.305,8.952],[126.32,8.845],[126.263,8.744],[126.142,8.627],[126.14,8.596],[126.173,8.56],[126.282,8.539],[126.365,8.484],[126.38,8.327],[126.459,8.203],[126.425,7.927],[126.435,7.833],[126.494,7.757],[126.544,7.725],[126.57,7.677],[126.593,7.547],[126.582,7.248],[126.439,7.012],[126.294,6.882],[126.217,6.891],[126.192,6.853],[126.24,6.734],[126.221,6.483],[126.189,6.31],[126.11,6.49],[126.08,6.733],[126.043,6.843],[125.985,6.944],[125.962,7.033],[125.901,7.117],[125.824,7.333],[125.774,7.322],[125.689,7.263],[125.641,7.105],[125.542,7.017],[125.401,6.796],[125.381,6.69],[125.433,6.607],[125.487,6.574],[125.588,6.466],[125.671,6.225],[125.668,5.979],[125.608,5.87],[125.456,5.664],[125.346,5.599],[125.288,5.632],[125.241,5.757],[125.233,5.808],[125.265,5.926],[125.268,6.033],[125.232,6.07],[125.174,6.047],[125.076,5.906],[125.035,5.871],[124.927,5.875],[124.636,5.998],[124.213,6.233],[124.078,6.404],[124.05,6.533],[124.048,6.667],[123.988,6.863],[123.985,6.994],[124.045,7.114],[124.118,7.175],[124.191,7.267],[124.213,7.332],[124.207,7.396],[124.068,7.578],[123.968,7.665],[123.765,7.743],[123.666,7.818],[123.553,7.832],[123.493,7.808],[123.476,7.665],[123.391,7.408],[123.178,7.529],[123.097,7.7],[122.99,7.546],[122.843,7.529],[122.819,7.558],[122.792,7.722],[122.714,7.774],[122.616,7.763],[122.474,7.639],[122.449,7.561],[122.32,7.34],[122.142,6.95],[122.098,6.914],[122.028,6.929],[121.964,6.968],[121.904,7.075],[121.925,7.2],[122.047,7.364],[122.115,7.66],[122.132,7.81],[122.243,7.945],[122.337,8.028],[122.387,8.046],[122.589,8.093],[122.673,8.133],[122.804,8.134],[122.911,8.156],[122.996,8.221],[122.999,8.356],[123.051,8.434],[123.147,8.516],[123.293,8.541],[123.341,8.57],[123.435,8.703],[123.564,8.647],[123.68,8.621],[123.783,8.548],[123.849,8.433],[123.877,8.189],[123.853,8.145],[123.753,8.058],[123.799,8.049],[123.997,8.159],[124.159,8.201],[124.198,8.23],[124.283,8.386],[124.325,8.508],[124.405,8.6],[124.451,8.606],[124.622,8.523],[124.731,8.563],[124.787,8.874],[124.806,8.924],[124.869,8.972],[124.944,8.957],[125.046,8.891],[125.141,8.869],[125.176,8.922],[125.21,9.027],[125.376,8.992],[125.499,9.015],[125.533,9.141],[125.414,9.669],[125.471,9.757],[125.521,9.759],[125.642,9.654],[125.877,9.513],[125.955,9.427],[126.006,9.321],[126.088,9.261]]],[[[123.332,9.423],[123.316,9.489],[123.327,9.578],[123.404,9.889],[123.386,9.967],[123.514,10.14],[123.593,10.303],[123.711,10.474],[123.726,10.562],[123.832,10.731],[123.93,10.964],[123.925,11.041],[123.95,11.079],[123.967,11.187],[124.039,11.274],[124.058,11.217],[124.037,11.107],[124.053,10.926],[124.028,10.768],[124.051,10.586],[124.005,10.4],[123.952,10.317],[123.874,10.258],[123.789,10.221],[123.7,10.128],[123.643,10.02],[123.634,9.922],[123.494,9.589],[123.332,9.423]]],[[[121.858,18.823],[121.825,18.843],[121.86,18.937],[121.889,18.992],[121.943,19.01],[121.988,18.957],[121.858,18.823]]],[[[121.531,19.271],[121.472,19.273],[121.383,19.328],[121.376,19.38],[121.392,19.399],[121.521,19.362],[121.531,19.271]]],[[[121.941,20.354],[121.914,20.359],[121.941,20.454],[121.991,20.48],[122.031,20.469],[121.941,20.354]]],[[[121.83,20.7],[121.791,20.701],[121.796,20.747],[121.848,20.841],[121.867,20.839],[121.878,20.782],[121.83,20.7]]],[[[121.214,6.004],[121.283,6.022],[121.392,6.002],[121.415,5.965],[121.411,5.94],[121.294,5.87],[121.218,5.943],[121.083,5.893],[121.019,5.923],[120.931,5.896],[120.876,5.953],[120.898,6.007],[121.038,6.096],[121.159,6.076],[121.214,6.004]]],[[[117.028,7.808],[116.97,7.895],[116.976,8.017],[116.994,8.051],[117.077,8.069],[117.08,7.883],[117.028,7.808]]],[[[119.793,10.455],[119.764,10.552],[119.852,10.64],[120.008,10.57],[119.916,10.486],[119.793,10.455]]],[[[120.155,12.152],[120.194,12.167],[120.228,12.22],[120.261,12.142],[120.341,12.077],[120.315,12.012],[120.243,12.005],[120.174,12.02],[120.1,11.994],[120.011,12.008],[119.957,12.069],[119.896,12.179],[119.866,12.199],[119.87,12.244],[119.892,12.273],[119.886,12.3],[119.916,12.319],[120.1,12.168],[120.155,12.152]]],[[[119.964,11.669],[119.945,11.691],[119.933,11.774],[119.861,11.954],[119.916,11.981],[120.036,11.917],[120.071,11.861],[120.073,11.783],[120.039,11.703],[119.964,11.669]]],[[[122.622,10.459],[122.597,10.461],[122.538,10.425],[122.517,10.493],[122.537,10.608],[122.648,10.723],[122.701,10.741],[122.729,10.706],[122.737,10.655],[122.681,10.498],[122.622,10.459]]],[[[124.584,9.75],[124.478,9.748],[124.403,9.654],[124.36,9.63],[124.122,9.599],[123.936,9.624],[123.872,9.676],[123.817,9.817],[123.909,9.92],[124.06,10.0],[124.094,10.061],[124.173,10.135],[124.336,10.16],[124.577,10.027],[124.555,9.879],[124.594,9.787],[124.584,9.75]]],[[[120.223,5.196],[120.192,5.168],[120.118,5.215],[120.101,5.169],[120.013,5.151],[119.958,5.08],[119.878,5.06],[119.821,5.07],[119.827,5.133],[119.983,5.228],[120.08,5.264],[120.165,5.332],[120.208,5.34],[120.25,5.257],[120.223,5.196]]],[[[122.093,6.428],[121.959,6.416],[121.88,6.518],[121.872,6.563],[121.809,6.614],[121.832,6.664],[121.915,6.676],[122.058,6.741],[122.288,6.639],[122.324,6.602],[122.252,6.58],[122.201,6.483],[122.093,6.428]]],[[[126.047,9.761],[125.991,9.839],[125.999,9.927],[126.074,10.059],[126.129,9.944],[126.121,9.865],[126.173,9.8],[126.137,9.768],[126.047,9.761]]],[[[125.673,9.886],[125.649,9.944],[125.591,9.998],[125.534,10.09],[125.495,10.119],[125.522,10.192],[125.525,10.31],[125.648,10.437],[125.667,10.44],[125.685,10.392],[125.647,10.245],[125.703,10.072],[125.69,9.914],[125.673,9.886]]],[[[120.273,13.683],[120.104,13.782],[120.103,13.843],[120.121,13.858],[120.211,13.821],[120.271,13.751],[120.273,13.683]]],[[[121.915,13.54],[121.996,13.547],[122.115,13.463],[122.107,13.421],[122.122,13.365],[122.042,13.236],[122.005,13.205],[121.876,13.282],[121.829,13.329],[121.815,13.424],[121.866,13.566],[121.915,13.54]]],[[[122.014,12.106],[121.96,12.191],[121.982,12.245],[121.936,12.29],[121.923,12.331],[121.941,12.385],[121.989,12.435],[122.002,12.599],[122.104,12.651],[122.145,12.653],[122.094,12.355],[122.014,12.106]]],[[[122.603,12.286],[122.439,12.429],[122.423,12.455],[122.472,12.492],[122.604,12.492],[122.674,12.424],[122.683,12.382],[122.654,12.309],[122.603,12.286]]],[[[123.367,12.701],[123.274,12.805],[123.166,12.876],[123.054,12.993],[122.949,13.059],[122.958,13.107],[123.044,13.113],[123.206,12.905],[123.282,12.853],[123.367,12.701]]],[[[123.779,12.366],[123.742,12.399],[123.587,12.633],[123.621,12.675],[123.709,12.611],[123.775,12.454],[123.779,12.366]]],[[[123.908,12.169],[124.04,11.967],[124.056,11.812],[124.046,11.752],[123.983,11.819],[123.848,11.914],[123.725,11.952],[123.736,12.003],[123.668,12.069],[123.612,12.09],[123.531,12.197],[123.474,12.217],[123.419,12.194],[123.293,12.036],[123.158,11.926],[123.156,11.968],[123.211,12.107],[123.267,12.395],[123.24,12.495],[123.236,12.583],[123.463,12.501],[123.559,12.445],[123.575,12.407],[123.717,12.287],[123.908,12.169]]],[[[124.327,13.567],[124.295,13.59],[124.248,13.587],[124.175,13.532],[124.057,13.606],[124.039,13.663],[124.124,13.79],[124.123,13.98],[124.186,14.06],[124.225,14.078],[124.308,13.947],[124.417,13.871],[124.396,13.75],[124.404,13.679],[124.354,13.632],[124.327,13.567]]],[[[122.172,14.008],[121.956,14.156],[121.946,14.205],[121.959,14.229],[122.175,14.049],[122.172,14.008]]],[[[122.052,14.97],[122.017,14.965],[121.97,14.893],[122.022,14.759],[121.99,14.662],[121.933,14.656],[121.911,14.667],[121.935,14.737],[121.923,14.8],[121.889,14.84],[121.862,14.917],[121.82,14.964],[121.84,15.038],[121.972,15.046],[122.033,15.005],[122.052,14.97]]],[[[124.288,10.601],[124.335,10.707],[124.382,10.68],[124.381,10.633],[124.288,10.601]]],[[[125.288,9.933],[125.159,10.063],[125.133,10.155],[125.176,10.151],[125.231,10.116],[125.288,9.933]]],[[[122.948,7.386],[122.944,7.361],[122.84,7.315],[122.805,7.316],[122.797,7.393],[122.822,7.428],[122.871,7.397],[122.915,7.433],[122.948,7.386]]],[[[125.769,6.906],[125.683,7.073],[125.714,7.186],[125.783,7.131],[125.785,6.963],[125.769,6.906]]],[[[124.483,11.486],[124.429,11.532],[124.36,11.666],[124.437,11.695],[124.511,11.687],[124.565,11.64],[124.622,11.55],[124.608,11.492],[124.483,11.486]]],[[[124.778,9.083],[124.666,9.132],[124.639,9.175],[124.653,9.226],[124.737,9.243],[124.79,9.19],[124.807,9.143],[124.778,9.083]]],[[[121.247,19.015],[121.196,19.051],[121.185,19.101],[121.213,19.184],[121.245,19.143],[121.247,19.015]]],[[[119.883,11.472],[119.855,11.393],[119.831,11.376],[119.799,11.409],[119.73,11.432],[119.726,11.475],[119.761,11.474],[119.861,11.525],[119.883,11.472]]],[[[123.816,11.151],[123.737,11.151],[123.708,11.248],[123.741,11.279],[123.757,11.283],[123.816,11.151]]],[[[122.28,12.498],[122.261,12.503],[122.248,12.557],[122.278,12.593],[122.311,12.529],[122.28,12.498]]],[[[125.952,9.568],[125.922,9.621],[125.949,9.739],[125.968,9.759],[125.993,9.685],[125.952,9.568]]],[[[124.836,11.543],[124.781,11.581],[124.731,11.715],[124.788,11.683],[124.854,11.595],[124.836,11.543]]],[[[117.287,8.191],[117.272,8.254],[117.281,8.315],[117.33,8.308],[117.354,8.289],[117.355,8.215],[117.287,8.191]]],[[[123.706,9.134],[123.614,9.103],[123.541,9.13],[123.493,9.192],[123.494,9.216],[123.535,9.214],[123.655,9.279],[123.698,9.237],[123.706,9.134]]]]}},{"type":"Feature","properties":{},"geometry":{"type":"MultiPolygon","coordinates":[[[[152.892,-4.832],[152.74,-4.636],[152.681,-4.498],[152.697,-4.282],[152.668,-4.132],[152.598,-3.995],[152.279,-3.582],[152.192,-3.506],[151.973,-3.453],[151.88,-3.4],[151.579,-3.154],[151.465,-3.101],[151.405,-3.037],[151.067,-2.829],[150.968,-2.78],[150.848,-2.78],[150.746,-2.739],[150.826,-2.713],[150.843,-2.644],[150.825,-2.573],[151.175,-2.789],[151.226,-2.87],[151.315,-2.875],[151.475,-2.942],[151.69,-3.073],[151.807,-3.173],[152.033,-3.251],[152.179,-3.41],[152.329,-3.521],[152.38,-3.582],[153.017,-4.106],[153.124,-4.252],[153.133,-4.352],[153.044,-4.476],[153.046,-4.576],[153.023,-4.666],[152.966,-4.756],[152.892,-4.832]]],[[[151.968,-4.317],[152.117,-4.212],[152.197,-4.285],[152.406,-4.341],[152.364,-4.491],[152.404,-4.629],[152.4,-4.731],[152.351,-4.822],[152.258,-4.955],[152.167,-4.993],[152.013,-5.004],[151.984,-5.074],[151.994,-5.149],[152.077,-5.247],[152.143,-5.357],[152.077,-5.458],[151.968,-5.529],[151.865,-5.565],[151.695,-5.544],[151.515,-5.552],[151.481,-5.591],[151.48,-5.655],[151.422,-5.747],[151.229,-5.92],[151.043,-6.015],[150.92,-6.027],[150.809,-6.071],[150.706,-6.149],[150.588,-6.188],[150.474,-6.263],[150.191,-6.289],[149.75,-6.301],[149.653,-6.29],[149.598,-6.261],[149.483,-6.125],[149.382,-6.078],[149.273,-6.079],[149.127,-6.128],[149.099,-6.117],[148.719,-5.867],[148.401,-5.765],[148.337,-5.669],[148.345,-5.545],[148.432,-5.472],[148.565,-5.508],[148.616,-5.507],[148.666,-5.487],[148.783,-5.512],[148.999,-5.485],[149.245,-5.573],[149.359,-5.584],[149.475,-5.573],[149.632,-5.516],[149.831,-5.524],[149.963,-5.448],[150.012,-5.14],[150.045,-5.035],[150.09,-5.012],[150.122,-5.018],[150.17,-5.071],[150.082,-5.186],[150.072,-5.31],[150.106,-5.429],[150.183,-5.524],[150.299,-5.536],[150.404,-5.473],[150.519,-5.46],[150.626,-5.521],[150.734,-5.51],[150.784,-5.471],[150.953,-5.424],[151.022,-5.321],[151.069,-5.204],[151.138,-5.113],[151.327,-4.96],[151.44,-4.931],[151.573,-4.938],[151.671,-4.883],[151.679,-4.761],[151.665,-4.637],[151.544,-4.299],[151.593,-4.201],[151.819,-4.217],[151.916,-4.297],[151.968,-4.317]]],[[[140.976,-9.119],[140.975,-6.905],[140.862,-6.74],[140.875,-6.612],[140.975,-6.346],[140.973,-2.61],[141.186,-2.628],[141.687,-2.845],[141.837,-2.932],[141.986,-2.964],[142.212,-3.083],[142.905,-3.321],[143.378,-3.395],[143.509,-3.431],[143.701,-3.573],[143.797,-3.617],[143.888,-3.697],[144.066,-3.805],[144.248,-3.818],[144.374,-3.803],[144.478,-3.825],[144.525,-3.855],[144.548,-3.913],[144.627,-3.993],[144.738,-4.029],[144.843,-4.101],[145.088,-4.349],[145.208,-4.38],[145.335,-4.385],[145.767,-4.823],[145.788,-4.891],[145.793,-5.178],[145.745,-5.402],[145.853,-5.471],[146.205,-5.545],[146.403,-5.617],[147.034,-5.919],[147.121,-5.945],[147.377,-5.951],[147.567,-6.057],[147.73,-6.261],[147.802,-6.315],[147.854,-6.551],[147.846,-6.662],[147.81,-6.704],[147.71,-6.724],[147.356,-6.742],[147.119,-6.722],[146.954,-6.834],[146.961,-6.929],[147.105,-7.167],[147.19,-7.378],[147.26,-7.464],[147.459,-7.616],[147.724,-7.876],[147.822,-7.938],[147.936,-7.975],[148.127,-8.104],[148.206,-8.339],[148.247,-8.554],[148.451,-8.695],[148.526,-8.939],[148.583,-9.052],[148.679,-9.092],[148.792,-9.089],[149.097,-9.017],[149.198,-9.031],[149.248,-9.071],[149.264,-9.181],[149.216,-9.296],[149.203,-9.407],[149.263,-9.498],[149.476,-9.588],[149.866,-9.63],[149.974,-9.661],[150.011,-9.688],[149.985,-9.737],[149.761,-9.806],[149.763,-9.869],[149.874,-10.013],[149.968,-10.061],[150.206,-10.126],[150.364,-10.19],[150.539,-10.207],[150.667,-10.257],[150.85,-10.236],[150.637,-10.338],[150.446,-10.307],[150.41,-10.339],[150.489,-10.426],[150.647,-10.518],[150.618,-10.558],[150.482,-10.637],[150.32,-10.655],[150.142,-10.621],[150.017,-10.577],[149.948,-10.483],[149.754,-10.353],[149.544,-10.338],[149.353,-10.29],[148.937,-10.255],[148.838,-10.234],[148.713,-10.167],[148.654,-10.157],[148.591,-10.178],[148.431,-10.191],[148.383,-10.185],[148.269,-10.128],[148.15,-10.107],[148.051,-10.128],[147.769,-10.07],[147.669,-10.013],[147.553,-9.912],[147.496,-9.79],[147.408,-9.675],[147.299,-9.58],[147.017,-9.388],[146.925,-9.247],[146.93,-9.154],[146.964,-9.06],[146.913,-9.092],[146.856,-9.088],[146.697,-9.025],[146.631,-8.951],[146.456,-8.644],[146.296,-8.456],[146.251,-8.344],[146.184,-8.246],[146.033,-8.076],[145.729,-7.952],[145.468,-7.93],[145.287,-7.862],[144.974,-7.802],[144.921,-7.777],[144.885,-7.734],[144.864,-7.632],[144.773,-7.642],[144.51,-7.567],[144.45,-7.598],[144.431,-7.679],[144.352,-7.667],[144.27,-7.714],[144.225,-7.765],[144.143,-7.757],[143.898,-7.674],[143.723,-7.498],[143.655,-7.46],[143.742,-7.55],[143.942,-7.944],[143.841,-7.942],[143.888,-8.018],[143.833,-8.029],[143.552,-7.985],[143.518,-8.001],[143.614,-8.2],[143.095,-8.311],[142.905,-8.314],[142.709,-8.272],[142.524,-8.322],[142.448,-8.316],[142.347,-8.167],[142.207,-8.196],[142.325,-8.198],[142.391,-8.313],[142.475,-8.369],[142.576,-8.336],[142.798,-8.345],[143.112,-8.475],[143.307,-8.661],[143.377,-8.762],[143.392,-8.802],[143.387,-8.908],[143.366,-8.961],[142.859,-9.203],[142.647,-9.328],[142.536,-9.303],[142.396,-9.219],[142.23,-9.17],[141.979,-9.198],[141.622,-9.211],[141.406,-9.151],[141.294,-9.168],[141.217,-9.214],[141.133,-9.221],[140.976,-9.119]]],[[[147.985,-5.834],[147.968,-5.789],[147.875,-5.749],[147.781,-5.627],[147.795,-5.492],[147.846,-5.491],[148.055,-5.612],[148.076,-5.65],[148.06,-5.765],[148.026,-5.826],[147.985,-5.834]]],[[[145.952,-4.756],[145.904,-4.733],[145.884,-4.667],[145.9,-4.604],[145.996,-4.539],[146.037,-4.573],[146.053,-4.64],[146.019,-4.726],[145.952,-4.756]]],[[[152.646,-3.221],[152.585,-3.17],[152.543,-3.096],[152.57,-3.062],[152.639,-3.043],[152.671,-3.133],[152.646,-3.221]]],[[[152.088,-2.998],[152.057,-2.995],[151.971,-2.896],[151.955,-2.871],[151.975,-2.846],[152.099,-2.947],[152.088,-2.998]]],[[[149.763,-1.589],[149.671,-1.576],[149.546,-1.472],[149.548,-1.408],[149.581,-1.353],[149.633,-1.362],[149.725,-1.431],[149.765,-1.553],[149.763,-1.589]]],[[[151.123,-10.02],[151.194,-9.946],[151.256,-9.923],[151.296,-9.957],[151.231,-10.195],[151.175,-10.159],[150.959,-10.093],[150.952,-9.998],[150.896,-9.968],[150.861,-9.876],[150.79,-9.774],[150.776,-9.709],[150.817,-9.736],[150.862,-9.802],[151.051,-9.939],[151.044,-9.983],[151.081,-10.02],[151.123,-10.02]]],[[[150.331,-9.519],[150.273,-9.5],[150.11,-9.362],[150.135,-9.26],[150.208,-9.206],[150.32,-9.264],[150.357,-9.349],[150.368,-9.396],[150.331,-9.519]]],[[[151.124,-8.805],[151.046,-8.728],[151.081,-8.642],[151.083,-8.569],[151.005,-8.524],[151.046,-8.451],[151.118,-8.419],[151.116,-8.522],[151.139,-8.568],[151.107,-8.733],[151.124,-8.805]]],[[[154.266,-11.416],[154.23,-11.397],[154.121,-11.426],[154.064,-11.419],[154.023,-11.348],[154.118,-11.366],[154.102,-11.311],[154.238,-11.339],[154.281,-11.361],[154.266,-11.416]]],[[[143.543,-8.485],[143.367,-8.417],[143.322,-8.368],[143.581,-8.391],[143.587,-8.482],[143.543,-8.485]]],[[[147.12,-5.437],[147.006,-5.307],[147.015,-5.257],[147.131,-5.191],[147.206,-5.252],[147.222,-5.382],[147.176,-5.432],[147.12,-5.437]]],[[[147.068,-1.96],[147.423,-2.024],[147.424,-1.995],[147.444,-2.012],[147.438,-2.059],[147.337,-2.066],[147.206,-2.182],[147.142,-2.167],[147.064,-2.187],[146.926,-2.189],[146.748,-2.149],[146.699,-2.183],[146.635,-2.173],[146.572,-2.21],[146.546,-2.209],[146.531,-2.154],[146.532,-2.126],[146.607,-2.103],[146.596,-2.017],[146.656,-1.974],[146.76,-1.978],[146.857,-1.949],[147.068,-1.96]]],[[[150.238,-2.675],[150.166,-2.66],[150.102,-2.603],[150.043,-2.513],[149.962,-2.474],[150.103,-2.405],[150.227,-2.384],[150.429,-2.47],[150.452,-2.541],[150.437,-2.662],[150.238,-2.675]]],[[[150.669,-9.429],[150.746,-9.404],[150.789,-9.418],[150.879,-9.513],[150.894,-9.667],[150.844,-9.703],[150.848,-9.663],[150.81,-9.655],[150.678,-9.657],[150.576,-9.631],[150.436,-9.625],[150.508,-9.536],[150.435,-9.435],[150.437,-9.36],[150.528,-9.347],[150.669,-9.429]]],[[[152.689,-8.975],[152.81,-8.967],[152.85,-9.025],[152.953,-9.07],[152.995,-9.108],[152.985,-9.151],[152.959,-9.169],[152.967,-9.209],[152.923,-9.203],[152.867,-9.224],[152.72,-9.167],[152.708,-9.126],[152.638,-9.058],[152.515,-9.01],[152.577,-8.97],[152.631,-8.959],[152.689,-8.975]]],[[[153.703,-11.529],[153.76,-11.586],[153.7,-11.613],[153.554,-11.631],[153.519,-11.595],[153.379,-11.56],[153.357,-11.495],[153.287,-11.517],[153.322,-11.471],[153.234,-11.42],[153.204,-11.324],[153.307,-11.356],[153.536,-11.476],[153.703,-11.529]]],[[[143.608,-8.677],[143.463,-8.617],[143.324,-8.517],[143.254,-8.49],[143.207,-8.423],[143.293,-8.473],[143.443,-8.519],[143.59,-8.633],[143.608,-8.677]]],[[[147.845,-2.336],[147.769,-2.331],[147.736,-2.316],[147.79,-2.306],[147.836,-2.247],[147.877,-2.283],[147.845,-2.336]]],[[[151.933,-2.83],[151.93,-2.751],[151.946,-2.709],[152.002,-2.738],[152.011,-2.809],[151.933,-2.83]]],[[[150.885,-10.643],[150.786,-10.603],[150.799,-10.554],[150.872,-10.552],[150.899,-10.565],[150.885,-10.643]]],[[[153.65,-4.123],[153.592,-4.096],[153.64,-4.045],[153.663,-4.041],[153.65,-4.123]]],[[[155.933,-6.78],[155.915,-6.797],[155.892,-6.762],[155.805,-6.796],[155.719,-6.863],[155.617,-6.856],[155.521,-6.83],[155.344,-6.722],[155.261,-6.626],[155.209,-6.527],[155.234,-6.412],[155.202,-6.308],[155.01,-6.21],[154.94,-6.106],[154.87,-6.061],[154.759,-5.931],[154.709,-5.747],[154.741,-5.545],[154.729,-5.444],[154.773,-5.454],[154.871,-5.521],[154.997,-5.54],[155.094,-5.62],[155.187,-5.777],[155.198,-5.828],[155.373,-5.974],[155.467,-6.145],[155.519,-6.182],[155.638,-6.221],[155.823,-6.38],[155.928,-6.565],[155.958,-6.687],[155.933,-6.78]]],[[[154.627,-5.441],[154.584,-5.314],[154.563,-5.152],[154.54,-5.111],[154.633,-5.014],[154.682,-5.054],[154.689,-5.143],[154.727,-5.218],[154.698,-5.383],[154.627,-5.441]]]]}},{"type":"Feature","properties":{},"geometry":{"type":"MultiPolygon","coordinates":[[[[131.172,3.026],[131.135,3.025],[131.152,3.054],[131.188,3.056],[131.172,3.026]]],[[[134.535,7.361],[134.506,7.437],[134.516,7.526],[134.556,7.594],[134.609,7.624],[134.651,7.712],[134.66,7.663],[134.633,7.501],[134.598,7.438],[134.595,7.382],[134.535,7.361]]]]}},{"type":"Feature","properties":{},"geometry":{"type":"Polygon","coordinates":[[[76.767,35.662],[77.049,35.11],[77.001,34.992],[76.783,34.9],[76.696,34.787],[76.594,34.736],[76.457,34.756],[76.172,34.668],[76.041,34.67],[75.862,34.56],[75.709,34.503],[75.606,34.503],[75.453,34.537],[75.188,34.639],[74.952,34.646],[74.3,34.765],[73.961,34.653],[73.795,34.378],[73.81,34.325],[73.925,34.288],[73.972,34.237],[73.979,34.191],[73.904,34.108],[73.904,34.076],[73.95,34.019],[74.246,33.99],[74.251,33.946],[74.216,33.887],[74.078,33.839],[74.001,33.788],[73.976,33.721],[73.978,33.668],[74.004,33.632],[74.131,33.545],[74.15,33.507],[74.118,33.384],[73.994,33.242],[74.004,33.189],[74.126,33.075],[74.304,32.992],[74.33,32.861],[74.305,32.81],[74.355,32.769],[74.483,32.771],[74.588,32.753],[74.632,32.771],[74.663,32.758],[74.643,32.608],[74.658,32.519],[74.686,32.494],[74.789,32.458],[74.987,32.462],[75.234,32.372],[75.333,32.279],[75.325,32.215],[75.254,32.14],[75.071,32.089],[74.739,31.949],[74.636,31.89],[74.556,31.819],[74.51,31.713],[74.594,31.465],[74.518,31.186],[74.54,31.133],[74.61,31.113],[74.633,31.035],[74.38,30.893],[74.339,30.894],[74.216,30.769],[74.009,30.52],[73.899,30.435],[73.883,30.352],[73.925,30.282],[73.933,30.222],[73.809,30.093],[73.382,29.934],[73.231,29.551],[73.128,29.364],[72.903,29.029],[72.342,28.752],[72.292,28.697],[72.179,28.422],[72.129,28.346],[71.948,28.177],[71.889,28.047],[71.87,27.962],[71.543,27.87],[71.29,27.855],[71.185,27.832],[70.875,27.714],[70.798,27.71],[70.737,27.729],[70.692,27.769],[70.649,27.835],[70.629,27.937],[70.489,28.023],[70.404,28.025],[70.244,27.934],[70.145,27.849],[69.896,27.474],[69.622,27.228],[69.537,27.123],[69.47,26.804],[69.507,26.743],[69.736,26.627],[69.911,26.586],[70.059,26.579],[70.115,26.548],[70.148,26.506],[70.157,26.471],[70.133,26.215],[70.078,26.072],[70.079,25.99],[70.1,25.91],[70.265,25.707],[70.325,25.686],[70.449,25.681],[70.57,25.706],[70.648,25.667],[70.652,25.423],[70.703,25.331],[70.8,25.206],[70.878,25.063],[71.048,24.688],[70.976,24.619],[70.97,24.572],[70.973,24.487],[71.006,24.444],[71.045,24.43],[71.044,24.4],[70.983,24.361],[70.928,24.362],[70.886,24.344],[70.805,24.262],[70.716,24.238],[70.579,24.279],[70.556,24.331],[70.565,24.386],[70.547,24.418],[70.489,24.412],[70.098,24.288],[70.021,24.192],[69.805,24.165],[69.716,24.173],[69.559,24.273],[69.12,24.269],[69.052,24.286],[68.985,24.273],[68.901,24.292],[68.863,24.267],[68.828,24.264],[68.8,24.309],[68.781,24.314],[68.74,24.292],[68.728,24.266],[68.724,23.965],[68.489,23.967],[68.283,23.928],[68.165,23.857],[68.149,23.797],[68.116,23.753],[68.037,23.848],[68.001,23.826],[67.951,23.829],[67.86,23.903],[67.819,23.828],[67.668,23.811],[67.646,23.92],[67.563,23.882],[67.504,23.94],[67.477,24.018],[67.428,24.065],[67.365,24.092],[67.309,24.175],[67.289,24.368],[67.171,24.756],[67.101,24.792],[66.703,24.861],[66.682,24.929],[66.71,25.111],[66.699,25.226],[66.57,25.379],[66.534,25.484],[66.429,25.575],[66.324,25.602],[66.219,25.59],[66.162,25.554],[66.131,25.493],[66.356,25.507],[66.468,25.445],[66.235,25.464],[65.884,25.42],[65.68,25.355],[65.406,25.374],[65.061,25.311],[64.777,25.307],[64.659,25.184],[64.544,25.237],[64.152,25.333],[64.125,25.374],[64.059,25.403],[63.987,25.351],[63.936,25.343],[63.721,25.386],[63.557,25.353],[63.496,25.298],[63.491,25.211],[63.286,25.228],[63.17,25.255],[63.015,25.225],[62.665,25.265],[62.572,25.255],[62.445,25.197],[62.391,25.153],[62.315,25.135],[62.199,25.225],[62.089,25.155],[61.908,25.131],[61.744,25.138],[61.567,25.186],[61.588,25.202],[61.615,25.286],[61.64,25.585],[61.671,25.692],[61.662,25.751],[61.754,25.843],[61.81,26.165],[61.842,26.226],[62.089,26.318],[62.126,26.369],[62.239,26.357],[62.26,26.427],[62.312,26.491],[62.385,26.543],[62.439,26.561],[62.636,26.594],[62.787,26.644],[63.093,26.632],[63.158,26.65],[63.186,26.838],[63.25,26.879],[63.231,26.998],[63.242,27.078],[63.305,27.125],[63.302,27.151],[63.256,27.208],[63.167,27.252],[62.915,27.218],[62.812,27.229],[62.763,27.25],[62.753,27.266],[62.764,27.357],[62.812,27.497],[62.782,27.801],[62.74,28.002],[62.758,28.244],[62.718,28.253],[62.565,28.235],[62.434,28.364],[62.353,28.415],[62.131,28.479],[62.033,28.491],[61.89,28.547],[61.623,28.792],[61.569,28.871],[61.509,29.006],[61.338,29.265],[61.339,29.332],[61.318,29.373],[60.843,29.859],[62.373,29.425],[62.477,29.408],[63.568,29.498],[63.971,29.43],[64.099,29.392],[64.172,29.46],[64.266,29.507],[64.394,29.544],[64.521,29.565],[65.096,29.559],[66.177,29.836],[66.231,29.866],[66.313,29.969],[66.247,30.044],[66.238,30.11],[66.282,30.193],[66.305,30.321],[66.287,30.608],[66.347,30.803],[66.397,30.912],[66.596,31.02],[66.731,31.195],[66.829,31.264],[66.924,31.306],[67.028,31.3],[67.116,31.243],[67.287,31.218],[67.453,31.235],[67.596,31.278],[67.738,31.344],[67.733,31.379],[67.647,31.41],[67.598,31.453],[67.578,31.506],[67.627,31.539],[67.74,31.548],[68.017,31.678],[68.161,31.803],[68.214,31.807],[68.32,31.768],[68.443,31.754],[68.521,31.794],[68.598,31.803],[68.673,31.76],[68.782,31.646],[68.869,31.634],[68.973,31.667],[69.083,31.738],[69.279,31.937],[69.241,32.434],[69.29,32.531],[69.359,32.59],[69.405,32.683],[69.405,32.764],[69.453,32.833],[69.502,33.02],[69.568,33.064],[69.704,33.095],[69.92,33.112],[70.261,33.289],[70.284,33.369],[70.22,33.455],[70.134,33.621],[70.057,33.72],[69.868,33.898],[69.89,34.007],[69.995,34.052],[70.326,33.961],[70.654,33.952],[70.848,33.982],[71.052,34.05],[71.091,34.12],[71.096,34.369],[71.023,34.431],[70.979,34.486],[70.966,34.53],[71.066,34.6],[71.113,34.682],[71.226,34.78],[71.294,34.868],[71.455,34.967],[71.621,35.183],[71.546,35.289],[71.546,35.329],[71.601,35.408],[71.572,35.547],[71.519,35.598],[71.428,35.834],[71.343,35.939],[71.22,36.001],[71.185,36.042],[71.233,36.122],[71.463,36.293],[71.621,36.436],[71.773,36.432],[71.822,36.486],[72.096,36.634],[72.157,36.701],[72.25,36.735],[72.431,36.766],[72.623,36.83],[73.117,36.869],[73.769,36.888],[74.002,36.823],[74.039,36.826],[74.195,36.897],[74.601,37.037],[74.692,37.036],[74.889,36.952],[75.054,36.987],[75.145,36.973],[75.347,36.913],[75.377,36.884],[75.424,36.738],[75.46,36.725],[75.574,36.759],[75.667,36.742],[75.772,36.695],[75.885,36.601],[75.933,36.522],[75.974,36.382],[75.969,36.169],[75.905,36.088],[75.912,36.049],[75.945,36.018],[76.071,35.983],[76.103,35.949],[76.148,35.829],[76.178,35.811],[76.252,35.811],[76.551,35.887],[76.563,35.773],[76.767,35.662]]]}},{"type":"Feature","properties":{},"geometry":{"type":"MultiPolygon","coordinates":[[[[128.339,38.608],[128.223,38.417],[128.169,38.359],[128.039,38.309],[127.294,38.313],[127.09,38.284],[127.01,38.241],[126.754,37.979],[126.667,37.917],[126.665,37.801],[126.634,37.782],[126.37,37.878],[126.203,37.829],[126.161,37.764],[126.117,37.743],[126.05,37.87],[125.942,37.874],[125.769,37.985],[125.695,37.963],[125.676,37.918],[125.582,37.815],[125.449,37.73],[125.358,37.725],[125.365,37.748],[125.311,37.844],[125.102,37.882],[124.989,37.931],[125.247,38.057],[125.207,38.082],[125.163,38.094],[124.995,38.078],[124.907,38.113],[124.779,38.102],[124.691,38.129],[124.875,38.233],[124.881,38.342],[124.974,38.48],[125.067,38.557],[125.31,38.665],[125.554,38.686],[125.424,38.747],[125.299,38.743],[125.169,38.806],[125.157,38.872],[125.41,39.288],[125.413,39.326],[125.374,39.428],[125.361,39.527],[125.18,39.583],[125.1,39.59],[124.775,39.758],[124.739,39.742],[124.732,39.652],[124.638,39.615],[124.608,39.717],[124.557,39.791],[124.349,39.907],[124.387,40.104],[124.481,40.182],[124.712,40.319],[124.772,40.384],[124.889,40.46],[124.997,40.465],[125.026,40.524],[125.073,40.547],[125.314,40.645],[125.417,40.66],[125.594,40.779],[125.645,40.779],[125.728,40.867],[125.989,40.905],[126.067,40.974],[126.145,41.078],[126.254,41.138],[126.412,41.321],[126.451,41.352],[126.49,41.358],[126.601,41.641],[126.722,41.717],[126.788,41.718],[126.904,41.781],[127.007,41.742],[127.128,41.607],[127.137,41.555],[127.18,41.531],[127.42,41.484],[127.517,41.482],[127.572,41.455],[127.688,41.44],[127.919,41.461],[128.013,41.449],[128.111,41.389],[128.149,41.388],[128.2,41.433],[128.291,41.563],[128.289,41.607],[128.258,41.655],[128.182,41.7],[128.033,41.898],[128.029,41.952],[128.045,41.987],[128.308,42.026],[128.427,42.011],[128.749,42.041],[128.923,42.038],[129.196,42.218],[129.218,42.313],[129.314,42.414],[129.366,42.439],[129.424,42.436],[129.524,42.385],[129.568,42.392],[129.604,42.436],[129.698,42.448],[129.72,42.475],[129.779,42.777],[129.842,42.894],[129.861,42.965],[129.898,42.998],[130.022,42.963],[130.083,42.974],[130.125,42.956],[130.151,42.918],[130.24,42.892],[130.247,42.745],[130.361,42.631],[130.498,42.571],[130.554,42.475],[130.652,42.373],[130.658,42.328],[130.687,42.303],[130.637,42.275],[130.458,42.302],[130.236,42.183],[130.18,42.097],[130.068,42.046],[130.007,41.991],[129.928,41.897],[129.876,41.806],[129.756,41.712],[129.686,41.595],[129.682,41.494],[129.759,41.392],[129.766,41.304],[129.712,41.124],[129.742,40.932],[129.709,40.857],[129.341,40.726],[129.245,40.661],[129.11,40.491],[128.945,40.428],[128.843,40.358],[128.701,40.318],[128.611,40.198],[128.511,40.13],[128.393,40.089],[128.304,40.036],[128.106,40.033],[127.967,39.996],[127.867,39.896],[127.568,39.782],[127.527,39.696],[127.549,39.461],[127.523,39.377],[127.457,39.401],[127.422,39.374],[127.383,39.296],[127.395,39.208],[127.581,39.143],[127.699,39.125],[127.786,39.084],[127.972,38.898],[128.249,38.745],[128.329,38.681],[128.375,38.623],[128.339,38.608]]],[[[124.849,39.508],[124.846,39.559],[124.89,39.602],[124.935,39.608],[124.905,39.536],[124.849,39.508]]]]}},{"type":"Feature","properties":{},"geometry":{"type":"Polygon","coordinates":[[[88.15,27.843],[88.147,27.749],[88.068,27.567],[88.024,27.409],[87.984,27.134],[87.993,27.086],[88.111,26.928],[88.157,26.807],[88.162,26.725],[88.055,26.43],[87.995,26.382],[87.849,26.437],[87.633,26.399],[87.414,26.423],[87.287,26.36],[87.09,26.433],[87.038,26.542],[87.016,26.555],[86.763,26.442],[86.701,26.435],[86.366,26.574],[86.129,26.612],[86.007,26.649],[85.856,26.6],[85.795,26.604],[85.737,26.64],[85.707,26.713],[85.7,26.782],[85.648,26.829],[85.568,26.84],[85.293,26.741],[85.192,26.767],[85.152,26.847],[85.125,26.861],[85.02,26.879],[84.685,27.041],[84.654,27.092],[84.655,27.204],[84.61,27.299],[84.23,27.428],[84.091,27.491],[84.025,27.462],[83.897,27.435],[83.829,27.378],[83.552,27.456],[83.447,27.465],[83.384,27.445],[83.369,27.41],[83.29,27.371],[83.064,27.445],[82.733,27.519],[82.677,27.673],[82.63,27.687],[82.451,27.672],[82.112,27.865],[81.988,27.914],[81.853,27.867],[81.486,28.062],[81.311,28.176],[81.239,28.241],[81.169,28.335],[80.751,28.54],[80.587,28.65],[80.518,28.665],[80.479,28.605],[80.419,28.612],[80.071,28.83],[80.052,28.87],[80.13,29.1],[80.233,29.195],[80.256,29.318],[80.255,29.423],[80.317,29.572],[80.402,29.73],[80.613,29.956],[80.684,29.994],[80.82,30.119],[80.908,30.172],[80.966,30.18],[81.01,30.165],[81.11,30.037],[81.177,30.04],[81.255,30.093],[81.417,30.338],[81.642,30.387],[81.855,30.362],[82.043,30.327],[82.159,30.115],[82.221,30.064],[82.487,29.942],[82.854,29.683],[83.014,29.618],[83.155,29.613],[83.355,29.439],[83.457,29.306],[83.583,29.184],[83.671,29.188],[83.936,29.279],[84.101,29.22],[84.229,28.912],[84.411,28.804],[84.465,28.753],[84.651,28.66],[84.714,28.596],[84.797,28.56],[84.855,28.554],[85.069,28.61],[85.159,28.592],[85.089,28.372],[85.122,28.316],[85.212,28.293],[85.411,28.276],[85.678,28.277],[85.759,28.221],[85.84,28.135],[85.954,27.928],[85.995,27.91],[86.064,27.935],[86.079,28.084],[86.137,28.114],[86.174,28.092],[86.218,28.022],[86.409,27.929],[86.485,27.94],[86.517,27.964],[86.554,28.085],[86.614,28.103],[86.691,28.095],[86.75,28.022],[87.02,27.929],[87.141,27.838],[87.623,27.815],[87.683,27.821],[87.861,27.886],[87.933,27.891],[88.11,27.871],[88.15,27.843]]]}},{"type":"Feature","properties":{},"geometry":{"type":"Polygon","coordinates":[[[87.818,49.162],[87.935,49.165],[88.116,49.256],[88.134,49.298],[88.136,49.381],[88.193,49.452],[88.393,49.483],[88.452,49.473],[88.633,49.486],[88.748,49.446],[88.832,49.448],[88.86,49.482],[88.864,49.528],[88.9,49.54],[88.971,49.484],[89.008,49.473],[89.109,49.501],[89.18,49.532],[89.203,49.596],[89.244,49.627],[89.299,49.611],[89.396,49.612],[89.475,49.661],[89.654,49.717],[89.67,49.75],[89.634,49.823],[89.644,49.903],[89.744,49.948],[89.878,49.954],[89.977,49.984],[90.005,50.069],[90.054,50.094],[90.225,50.117],[90.517,50.213],[90.655,50.222],[90.761,50.306],[90.838,50.324],[91.022,50.415],[91.341,50.47],[91.415,50.468],[91.446,50.522],[91.522,50.562],[91.597,50.576],[91.706,50.666],[91.804,50.694],[92.192,50.701],[92.265,50.775],[92.296,50.85],[92.355,50.864],[92.426,50.803],[92.627,50.688],[92.681,50.683],[92.739,50.711],[92.779,50.779],[92.856,50.789],[92.941,50.778],[93.01,50.655],[93.103,50.604],[93.271,50.616],[94.251,50.556],[94.287,50.511],[94.347,50.303],[94.355,50.222],[94.4,50.18],[94.458,50.166],[94.565,50.088],[94.615,50.024],[94.718,50.043],[94.93,50.044],[95.013,50.008],[95.044,49.962],[95.111,49.935],[95.386,49.941],[95.442,49.916],[95.523,49.911],[95.567,49.944],[95.708,49.966],[95.789,50.013],[95.852,50.013],[95.936,49.96],[95.99,49.974],[96.019,49.999],[96.066,49.999],[96.23,49.954],[96.315,49.901],[96.381,49.896],[96.506,49.919],[96.598,49.878],[96.712,49.912],[96.986,49.883],[97.137,49.762],[97.209,49.731],[97.36,49.741],[97.541,49.843],[97.589,49.911],[97.721,49.945],[97.854,49.947],[97.937,49.997],[98.004,50.014],[98.103,50.078],[98.25,50.302],[98.293,50.487],[98.279,50.533],[98.145,50.569],[98.03,50.645],[97.962,50.769],[97.953,50.855],[97.825,50.985],[97.836,51.052],[97.911,51.165],[97.923,51.28],[97.947,51.348],[97.989,51.377],[98.038,51.45],[98.103,51.484],[98.185,51.486],[98.22,51.506],[98.237,51.578],[98.303,51.674],[98.353,51.718],[98.641,51.801],[98.803,51.957],[98.849,52.07],[98.893,52.117],[98.958,52.102],[99.034,52.035],[99.091,52.035],[99.407,51.924],[99.719,51.872],[99.922,51.756],[100.035,51.737],[100.469,51.726],[101.223,51.513],[101.381,51.453],[101.464,51.471],[101.571,51.467],[102.112,51.353],[102.156,51.314],[102.16,51.261],[102.142,51.216],[102.152,51.108],[102.195,51.051],[102.226,50.901],[102.215,50.829],[102.235,50.791],[102.277,50.769],[102.317,50.718],[102.286,50.635],[102.288,50.585],[102.336,50.544],[102.469,50.526],[102.546,50.461],[102.683,50.387],[102.86,50.333],[103.162,50.291],[103.234,50.264],[103.304,50.2],[103.633,50.139],[103.803,50.176],[104.079,50.154],[104.18,50.169],[104.354,50.275],[104.466,50.306],[105.095,50.39],[105.267,50.46],[105.384,50.474],[105.693,50.414],[105.875,50.405],[106.083,50.333],[106.218,50.305],[106.574,50.329],[106.711,50.313],[106.941,50.197],[107.04,50.086],[107.233,49.989],[107.631,49.983],[107.917,49.948],[107.948,49.925],[107.937,49.691],[107.965,49.654],[108.01,49.647],[108.034,49.594],[108.213,49.525],[108.407,49.396],[108.522,49.342],[108.614,49.323],[108.733,49.336],[109.237,49.335],[109.529,49.27],[110.2,49.17],[110.321,49.216],[110.428,49.22],[110.631,49.138],[110.71,49.143],[110.828,49.166],[111.337,49.356],[111.429,49.343],[111.736,49.398],[112.08,49.424],[112.375,49.515],[112.495,49.532],[112.697,49.507],[112.806,49.524],[113.056,49.616],[113.164,49.797],[113.574,50.007],[113.881,50.101],[114.071,50.205],[114.297,50.274],[114.386,50.255],[114.743,50.234],[115.003,50.139],[115.098,50.059],[115.275,49.949],[115.429,49.896],[115.718,49.881],[116.135,50.011],[116.217,50.009],[116.351,49.978],[116.551,49.92],[116.632,49.877],[116.683,49.824],[116.034,48.84],[116.025,48.782],[115.954,48.689],[115.821,48.577],[115.792,48.456],[115.786,48.248],[115.525,48.131],[115.558,47.945],[115.616,47.875],[115.712,47.799],[115.898,47.687],[115.994,47.711],[116.075,47.79],[116.231,47.858],[116.513,47.84],[116.761,47.87],[116.901,47.853],[117.07,47.806],[117.197,47.74],[117.286,47.666],[117.351,47.652],[117.768,47.988],[117.979,48.0],[118.147,48.029],[118.24,48.0],[118.498,47.984],[118.568,47.943],[118.76,47.758],[119.018,47.685],[119.082,47.654],[119.123,47.558],[119.162,47.525],[119.291,47.473],[119.326,47.41],[119.527,47.256],[119.711,47.15],[119.757,47.09],[119.76,47.027],[119.788,46.979],[119.898,46.858],[119.884,46.791],[119.896,46.733],[119.867,46.672],[119.707,46.606],[119.474,46.627],[119.332,46.614],[119.162,46.639],[118.957,46.735],[118.844,46.76],[118.79,46.747],[118.723,46.692],[118.309,46.717],[118.071,46.667],[117.91,46.619],[117.813,46.538],[117.741,46.518],[117.671,46.522],[117.547,46.588],[117.438,46.586],[117.406,46.571],[117.356,46.437],[117.357,46.391],[117.333,46.362],[116.979,46.362],[116.859,46.388],[116.787,46.377],[116.689,46.322],[116.563,46.29],[116.517,46.209],[116.358,46.097],[116.213,45.887],[116.241,45.796],[116.198,45.739],[116.11,45.687],[116.04,45.677],[115.934,45.626],[115.681,45.458],[115.163,45.39],[114.919,45.378],[114.739,45.42],[114.56,45.39],[114.517,45.365],[114.487,45.272],[114.419,45.203],[114.167,45.05],[114.08,44.971],[113.877,44.896],[113.653,44.763],[113.587,44.746],[113.301,44.792],[113.049,44.81],[112.707,44.883],[112.597,44.918],[112.499,45.011],[112.411,45.058],[112.113,45.063],[112.033,45.082],[111.898,45.064],[111.751,44.97],[111.621,44.827],[111.489,44.512],[111.411,44.419],[111.402,44.367],[111.486,44.272],[111.52,44.192],[111.603,44.107],[111.837,43.935],[111.932,43.815],[111.943,43.752],[111.933,43.711],[111.878,43.68],[111.771,43.665],[111.547,43.496],[111.007,43.341],[110.4,42.774],[109.698,42.554],[109.443,42.456],[109.34,42.438],[108.687,42.416],[108.171,42.447],[106.77,42.289],[105.868,41.994],[105.314,41.771],[105.197,41.738],[105.051,41.616],[104.982,41.596],[104.86,41.644],[104.498,41.659],[104.498,41.877],[103.711,41.751],[103.073,42.006],[102.157,42.158],[101.973,42.216],[101.714,42.466],[101.66,42.5],[101.495,42.539],[101.092,42.551],[99.984,42.677],[99.468,42.568],[97.206,42.79],[96.385,42.72],[96.352,42.747],[96.342,42.849],[96.3,42.929],[95.912,43.206],[95.86,43.276],[95.842,43.384],[95.526,43.954],[95.471,43.986],[95.356,44.006],[95.326,44.039],[95.326,44.105],[95.367,44.262],[95.35,44.278],[95.05,44.259],[94.712,44.351],[94.494,44.473],[94.365,44.519],[94.199,44.645],[93.958,44.675],[93.868,44.724],[93.755,44.832],[93.656,44.901],[93.516,44.944],[93.294,44.983],[92.788,45.036],[92.424,45.009],[92.173,45.035],[92.03,45.069],[91.584,45.077],[91.441,45.125],[91.312,45.118],[91.05,45.217],[90.954,45.216],[90.914,45.194],[90.877,45.196],[90.853,45.263],[90.662,45.525],[90.71,45.731],[90.796,45.854],[90.852,45.885],[91.002,46.036],[90.997,46.105],[90.948,46.177],[90.912,46.271],[90.918,46.324],[90.971,46.388],[91.034,46.529],[91.029,46.566],[91.004,46.596],[90.986,46.749],[90.87,46.954],[90.716,47.004],[90.496,47.285],[90.467,47.408],[90.425,47.504],[90.347,47.597],[90.331,47.655],[90.313,47.676],[90.191,47.702],[90.103,47.745],[90.028,47.878],[89.959,47.886],[89.91,47.844],[89.831,47.823],[89.778,47.827],[89.638,47.909],[89.561,48.004],[89.479,48.029],[89.33,48.025],[89.196,47.981],[89.048,48.003],[88.918,48.089],[88.838,48.102],[88.576,48.22],[88.567,48.317],[88.517,48.384],[88.414,48.403],[88.31,48.472],[87.98,48.555],[87.972,48.603],[88.05,48.675],[88.06,48.707],[88.028,48.736],[87.832,48.792],[87.809,48.836],[87.743,48.882],[87.755,48.919],[87.86,48.966],[87.872,49.0],[87.835,49.032],[87.816,49.08],[87.818,49.162]]]}},{"type":"Feature","properties":{},"geometry":{"type":"MultiPolygon","coordinates":[[[[73.395,3.229],[73.385,3.271],[73.428,3.29],[73.443,3.274],[73.435,3.25],[73.395,3.229]]],[[[73.495,4.155],[73.473,4.171],[73.518,4.248],[73.528,4.243],[73.519,4.187],[73.495,4.155]]]]}},{"type":"Feature","properties":{},"geometry":{"type":"MultiPolygon","coordinates":[[[[100.119,6.442],[100.177,6.672],[100.261,6.683],[100.345,6.55],[100.629,6.448],[100.716,6.481],[100.754,6.46],[100.794,6.426],[100.817,6.332],[100.874,6.245],[100.989,6.258],[101.054,6.243],[101.076,6.166],[101.087,6.034],[101.076,5.956],[100.993,5.846],[100.982,5.771],[101.114,5.637],[101.191,5.669],[101.257,5.789],[101.556,5.908],[101.601,5.877],[101.65,5.796],[101.678,5.779],[101.791,5.779],[101.874,5.825],[101.936,5.979],[102.055,6.097],[102.068,6.185],[102.101,6.242],[102.274,6.203],[102.34,6.172],[102.534,5.863],[102.79,5.645],[102.899,5.564],[102.982,5.525],[103.097,5.408],[103.197,5.262],[103.416,4.85],[103.454,4.669],[103.469,4.393],[103.421,3.977],[103.362,3.769],[103.373,3.671],[103.454,3.521],[103.429,3.379],[103.445,3.261],[103.439,2.933],[103.485,2.837],[103.537,2.775],[103.812,2.58],[103.832,2.508],[103.968,2.261],[104.219,1.723],[104.288,1.481],[104.28,1.416],[104.25,1.389],[104.176,1.365],[104.115,1.412],[104.094,1.446],[104.101,1.488],[104.076,1.53],[103.981,1.624],[103.992,1.455],[103.915,1.447],[103.817,1.477],[103.695,1.45],[103.55,1.333],[103.48,1.329],[103.4,1.498],[103.357,1.546],[102.897,1.792],[102.727,1.856],[102.548,2.042],[102.146,2.248],[101.89,2.449],[101.781,2.574],[101.52,2.684],[101.407,2.813],[101.296,2.885],[101.354,3.011],[101.3,3.253],[101.115,3.472],[101.025,3.625],[100.851,3.777],[100.715,3.966],[100.796,4.023],[100.76,4.097],[100.661,4.226],[100.615,4.373],[100.615,4.652],[100.473,5.044],[100.353,5.588],[100.374,5.778],[100.343,5.984],[100.263,6.183],[100.158,6.324],[100.119,6.442]]],[[[117.574,4.171],[117.451,4.193],[117.278,4.299],[117.101,4.337],[116.698,4.355],[116.589,4.338],[116.515,4.371],[116.415,4.308],[116.32,4.354],[116.236,4.363],[116.134,4.355],[116.022,4.291],[115.896,4.349],[115.861,4.348],[115.782,4.254],[115.679,4.193],[115.596,3.976],[115.568,3.939],[115.545,3.634],[115.571,3.502],[115.566,3.446],[115.514,3.342],[115.49,3.209],[115.493,3.128],[115.454,3.034],[115.31,2.994],[115.247,3.026],[115.118,2.895],[115.086,2.841],[115.081,2.634],[115.181,2.567],[115.179,2.523],[114.969,2.351],[114.786,2.25],[114.759,2.162],[114.788,2.052],[114.831,1.98],[114.8,1.894],[114.704,1.851],[114.632,1.617],[114.546,1.467],[114.513,1.452],[114.387,1.5],[114.275,1.471],[114.126,1.452],[114.0,1.455],[113.902,1.434],[113.76,1.311],[113.622,1.236],[113.513,1.308],[113.458,1.302],[113.069,1.432],[113.007,1.434],[112.988,1.457],[112.988,1.548],[112.943,1.567],[112.476,1.559],[112.251,1.48],[112.186,1.439],[112.167,1.338],[112.079,1.143],[111.923,1.113],[111.809,1.012],[111.77,0.999],[111.607,1.023],[111.547,0.994],[111.483,0.996],[111.287,1.043],[111.101,1.051],[110.938,1.017],[110.615,0.878],[110.506,0.862],[110.315,0.996],[109.736,1.523],[109.654,1.615],[109.636,1.777],[109.571,1.806],[109.549,1.848],[109.539,1.896],[109.629,2.028],[109.72,1.858],[109.865,1.764],[109.985,1.718],[110.114,1.699],[110.246,1.695],[110.349,1.72],[110.675,1.548],[110.782,1.521],[110.895,1.532],[110.94,1.517],[111.098,1.401],[111.145,1.387],[111.223,1.396],[111.058,1.487],[111.029,1.558],[111.047,1.634],[111.154,1.739],[111.17,1.902],[111.198,1.985],[111.251,2.064],[111.268,2.14],[111.209,2.198],[111.196,2.297],[111.209,2.38],[111.242,2.436],[111.351,2.364],[111.444,2.382],[111.443,2.634],[111.513,2.743],[111.623,2.818],[111.728,2.854],[112.119,2.915],[112.737,3.07],[112.921,3.131],[113.045,3.205],[113.446,3.741],[113.712,4.001],[113.924,4.243],[113.953,4.289],[113.988,4.421],[113.984,4.546],[114.013,4.575],[114.064,4.593],[114.169,4.527],[114.224,4.478],[114.288,4.355],[114.29,4.304],[114.323,4.263],[114.417,4.256],[114.572,4.049],[114.608,4.024],[114.654,4.038],[114.725,4.097],[114.776,4.169],[114.81,4.267],[114.783,4.281],[114.84,4.393],[114.79,4.464],[114.747,4.718],[114.784,4.755],[115.027,4.9],[115.027,4.691],[115.107,4.39],[115.247,4.347],[115.319,4.365],[115.327,4.381],[115.279,4.456],[115.267,4.634],[115.228,4.751],[115.14,4.9],[115.375,4.933],[115.52,5.049],[115.554,5.094],[115.582,5.194],[115.467,5.254],[115.422,5.331],[115.419,5.413],[115.604,5.603],[115.625,5.549],[115.741,5.533],[115.797,5.536],[115.877,5.614],[115.918,5.725],[116.06,5.882],[116.11,6.003],[116.138,6.13],[116.495,6.522],[116.75,6.977],[116.776,6.99],[116.833,6.952],[116.85,6.827],[116.788,6.606],[116.913,6.66],[117.019,6.797],[117.078,6.917],[117.129,6.969],[117.23,6.94],[117.252,6.919],[117.245,6.833],[117.294,6.677],[117.38,6.612],[117.61,6.513],[117.646,6.474],[117.694,6.35],[117.696,6.272],[117.616,6.197],[117.65,6.074],[117.645,6.002],[117.617,5.941],[117.501,5.885],[117.818,5.94],[117.896,5.972],[118.004,6.053],[118.062,5.983],[118.116,5.862],[118.072,5.832],[117.935,5.787],[117.928,5.769],[117.974,5.706],[118.145,5.754],[118.249,5.821],[118.353,5.806],[118.514,5.729],[118.563,5.685],[118.595,5.592],[118.714,5.559],[118.957,5.429],[119.05,5.415],[119.178,5.431],[119.223,5.413],[119.256,5.366],[119.266,5.308],[119.25,5.199],[119.22,5.16],[119.132,5.1],[118.912,5.023],[118.672,4.964],[118.551,4.968],[118.382,5.019],[118.261,4.989],[118.185,4.829],[118.324,4.669],[118.562,4.502],[118.595,4.461],[118.586,4.41],[118.548,4.379],[118.229,4.316],[118.008,4.25],[117.896,4.263],[117.741,4.338],[117.696,4.343],[117.65,4.304],[117.604,4.2],[117.574,4.171]]],[[[104.222,2.732],[104.147,2.728],[104.129,2.767],[104.185,2.872],[104.223,2.774],[104.222,2.732]]],[[[100.264,5.267],[100.191,5.283],[100.204,5.447],[100.246,5.468],[100.339,5.41],[100.264,5.267]]],[[[99.919,6.359],[99.866,6.297],[99.823,6.313],[99.783,6.272],[99.744,6.263],[99.705,6.338],[99.657,6.367],[99.646,6.418],[99.711,6.427],[99.749,6.41],[99.848,6.466],[99.919,6.359]]],[[[117.081,7.115],[117.06,7.179],[117.064,7.261],[117.147,7.337],[117.264,7.352],[117.281,7.291],[117.267,7.221],[117.239,7.185],[117.142,7.168],[117.081,7.115]]],[[[101.268,2.97],[101.274,3.033],[101.311,3.067],[101.328,3.048],[101.319,2.988],[101.268,2.97]]],[[[111.359,2.402],[111.312,2.438],[111.3,2.741],[111.333,2.768],[111.355,2.764],[111.378,2.709],[111.389,2.415],[111.359,2.402]]],[[[117.885,4.186],[117.649,4.169],[117.667,4.204],[117.662,4.25],[117.708,4.262],[117.761,4.252],[117.885,4.186]]]]}},{"type":"Feature","properties":{},"geometry":{"type":"Polygon","coordinates":[[[102.183,22.284],[102.443,22.027],[102.487,21.958],[102.583,21.904],[102.662,21.676],[102.695,21.662],[102.739,21.678],[102.771,21.71],[102.798,21.798],[102.816,21.807],[102.845,21.735],[102.918,21.713],[102.95,21.681],[102.959,21.626],[102.949,21.57],[102.888,21.44],[102.851,21.266],[103.104,20.892],[103.211,20.841],[103.464,20.78],[103.635,20.697],[103.714,20.717],[103.791,20.81],[103.882,20.861],[104.052,20.941],[104.101,20.946],[104.195,20.914],[104.35,20.821],[104.583,20.647],[104.575,20.6],[104.533,20.555],[104.408,20.486],[104.368,20.441],[104.619,20.375],[104.656,20.329],[104.677,20.225],[104.699,20.205],[104.813,20.217],[104.848,20.202],[104.889,20.169],[104.929,20.083],[104.928,20.018],[104.815,19.904],[104.802,19.836],[104.743,19.755],[104.588,19.619],[104.546,19.611],[104.26,19.685],[104.032,19.675],[104.013,19.646],[104.052,19.564],[104.063,19.483],[104.028,19.42],[103.896,19.34],[103.892,19.305],[103.918,19.269],[104.109,19.196],[104.717,18.803],[104.993,18.728],[105.115,18.679],[105.146,18.651],[105.145,18.617],[105.087,18.496],[105.086,18.45],[105.115,18.405],[105.163,18.339],[105.333,18.19],[105.458,18.154],[105.588,17.984],[105.627,17.834],[105.691,17.738],[106.006,17.415],[106.27,17.217],[106.426,17.003],[106.502,16.954],[106.526,16.877],[106.546,16.651],[106.638,16.538],[106.656,16.493],[106.696,16.459],[106.74,16.453],[106.832,16.526],[106.851,16.516],[106.893,16.397],[106.931,16.353],[107.07,16.28],[107.217,16.136],[107.396,16.043],[107.41,15.998],[107.392,15.952],[107.361,15.922],[107.189,15.839],[107.166,15.802],[107.279,15.619],[107.564,15.392],[107.653,15.255],[107.634,15.19],[107.555,15.057],[107.496,15.021],[107.48,14.98],[107.525,14.872],[107.519,14.705],[107.465,14.665],[107.415,14.563],[107.38,14.555],[107.293,14.592],[107.109,14.417],[107.03,14.426],[106.938,14.327],[106.82,14.315],[106.564,14.505],[106.501,14.578],[106.447,14.515],[106.355,14.455],[106.225,14.476],[106.191,14.388],[106.165,14.372],[105.979,14.343],[106.004,14.263],[106.097,14.127],[106.125,14.049],[106.067,13.921],[105.904,13.925],[105.831,13.977],[105.74,14.085],[105.532,14.156],[105.393,14.107],[105.35,14.11],[105.246,14.201],[105.207,14.259],[105.183,14.346],[105.342,14.417],[105.423,14.472],[105.476,14.53],[105.497,14.591],[105.523,14.843],[105.547,14.932],[105.533,15.042],[105.49,15.128],[105.49,15.257],[105.513,15.361],[105.574,15.413],[105.616,15.488],[105.641,15.657],[105.622,15.7],[105.562,15.741],[105.462,15.78],[105.399,15.83],[105.373,15.89],[105.376,15.942],[105.406,15.987],[105.331,16.038],[105.149,16.094],[105.047,16.16],[105.026,16.238],[104.95,16.34],[104.819,16.466],[104.751,16.648],[104.744,16.884],[104.759,17.077],[104.816,17.3],[104.74,17.462],[104.656,17.547],[104.539,17.609],[104.428,17.699],[104.196,17.988],[104.049,18.217],[103.95,18.319],[103.899,18.295],[103.792,18.317],[103.63,18.383],[103.488,18.418],[103.367,18.423],[103.288,18.408],[103.252,18.373],[103.249,18.339],[103.28,18.305],[103.263,18.278],[103.2,18.259],[103.149,18.222],[103.091,18.138],[103.051,18.029],[102.991,17.986],[102.899,17.977],[102.807,17.946],[102.718,17.892],[102.675,17.852],[102.68,17.824],[102.661,17.818],[102.617,17.833],[102.596,17.87],[102.598,17.927],[102.553,17.965],[102.459,17.985],[102.352,18.046],[102.148,18.204],[102.101,18.211],[102.035,18.17],[101.947,18.081],[101.875,18.046],[101.819,18.065],[101.775,18.033],[101.744,17.953],[101.688,17.889],[101.414,17.719],[101.167,17.499],[101.105,17.48],[100.956,17.541],[100.908,17.584],[101.113,18.034],[101.144,18.143],[101.138,18.287],[101.051,18.407],[101.047,18.442],[101.166,18.618],[101.286,18.977],[101.28,19.089],[101.227,19.212],[101.198,19.328],[101.221,19.487],[101.212,19.548],[101.155,19.579],[100.967,19.611],[100.858,19.585],[100.744,19.515],[100.625,19.5],[100.514,19.553],[100.42,19.644],[100.398,19.756],[100.515,19.996],[100.543,20.089],[100.54,20.132],[100.52,20.178],[100.492,20.184],[100.432,20.241],[100.373,20.34],[100.318,20.386],[100.266,20.377],[100.218,20.34],[100.14,20.245],[100.115,20.258],[100.184,20.589],[100.249,20.73],[100.326,20.796],[100.407,20.823],[100.493,20.813],[100.565,20.825],[100.623,20.86],[100.618,20.879],[100.549,20.884],[100.522,20.922],[100.536,20.992],[100.567,21.038],[100.614,21.059],[100.659,21.13],[100.703,21.251],[100.757,21.313],[100.82,21.314],[100.928,21.366],[101.08,21.469],[101.139,21.567],[101.197,21.522],[101.175,21.408],[101.206,21.383],[101.22,21.342],[101.212,21.278],[101.224,21.224],[101.248,21.197],[101.281,21.184],[101.444,21.231],[101.542,21.234],[101.705,21.15],[101.801,21.213],[101.802,21.236],[101.723,21.315],[101.747,21.606],[101.737,21.827],[101.603,21.99],[101.525,22.254],[101.62,22.327],[101.671,22.462],[101.739,22.495],[101.76,22.49],[101.842,22.388],[101.945,22.439],[102.024,22.439],[102.092,22.412],[102.127,22.379],[102.183,22.284]]]}},{"type":"Feature","properties":{},"geometry":{"type":"Polygon","coordinates":[[[70.991,40.255],[71.305,40.287],[71.376,40.275],[71.52,40.209],[71.63,40.217],[71.692,40.152],[71.845,40.234],[71.956,40.259],[72.013,40.341],[72.131,40.439],[72.233,40.454],[72.254,40.424],[72.358,40.402],[72.406,40.463],[72.37,40.52],[72.369,40.543],[72.402,40.578],[72.567,40.524],[72.604,40.525],[72.68,40.556],[72.749,40.609],[72.774,40.65],[73.113,40.786],[73.137,40.811],[73.132,40.829],[72.99,40.86],[72.867,40.842],[72.831,40.862],[72.658,40.87],[72.62,40.884],[72.506,40.982],[72.364,41.043],[72.213,41.014],[72.187,41.026],[72.164,41.174],[72.115,41.187],[72.052,41.165],[71.879,41.195],[71.858,41.311],[71.792,41.413],[71.701,41.454],[71.697,41.516],[71.665,41.541],[71.602,41.503],[71.62,41.435],[71.586,41.333],[71.546,41.308],[71.5,41.307],[71.421,41.342],[71.408,41.136],[71.393,41.123],[71.299,41.152],[71.223,41.14],[71.111,41.153],[70.86,41.225],[70.782,41.263],[70.734,41.401],[70.689,41.45],[70.646,41.46],[70.471,41.413],[70.29,41.497],[70.201,41.514],[70.177,41.54],[70.181,41.571],[70.455,41.725],[70.563,41.831],[70.631,41.875],[70.803,41.923],[70.857,42.031],[71.032,42.078],[71.229,42.163],[71.232,42.186],[71.213,42.206],[71.036,42.285],[70.947,42.249],[70.893,42.294],[70.893,42.34],[71.002,42.459],[71.023,42.535],[71.167,42.667],[71.257,42.734],[71.422,42.783],[71.514,42.767],[71.735,42.819],[71.817,42.822],[72.162,42.761],[72.276,42.758],[72.543,42.678],[72.753,42.638],[72.855,42.561],[73.191,42.527],[73.283,42.504],[73.316,42.467],[73.412,42.42],[73.493,42.409],[73.422,42.594],[73.556,43.003],[73.612,43.048],[73.886,43.133],[73.949,43.195],[74.146,43.194],[74.187,43.205],[74.209,43.24],[74.818,42.978],[75.048,42.904],[75.366,42.837],[75.636,42.815],[75.682,42.83],[75.79,42.933],[75.84,42.938],[76.509,42.919],[76.988,42.974],[77.057,42.971],[77.236,42.913],[77.802,42.895],[78.023,42.858],[78.524,42.865],[78.885,42.775],[79.06,42.764],[79.127,42.776],[79.165,42.759],[79.203,42.666],[79.368,42.547],[79.428,42.483],[79.49,42.458],[79.803,42.438],[79.921,42.413],[80.209,42.19],[80.246,42.06],[80.216,42.032],[79.91,42.015],[79.84,41.996],[79.766,41.899],[79.354,41.781],[79.294,41.783],[78.743,41.56],[78.362,41.372],[78.346,41.281],[78.123,41.076],[77.956,41.051],[77.815,41.056],[77.582,40.993],[77.182,41.011],[76.987,41.039],[76.908,41.024],[76.824,40.982],[76.708,40.818],[76.661,40.78],[76.578,40.578],[76.48,40.45],[76.319,40.352],[76.258,40.431],[76.157,40.376],[76.062,40.388],[76.004,40.371],[75.872,40.303],[75.677,40.306],[75.656,40.329],[75.617,40.517],[75.583,40.605],[75.556,40.625],[75.521,40.628],[75.241,40.48],[75.111,40.454],[75.004,40.45],[74.866,40.494],[74.835,40.483],[74.801,40.429],[74.842,40.345],[74.83,40.329],[74.68,40.311],[74.412,40.137],[74.243,40.092],[74.085,40.074],[73.992,40.043],[73.835,39.8],[73.84,39.763],[73.883,39.715],[73.915,39.606],[73.907,39.579],[73.823,39.489],[73.716,39.462],[73.632,39.449],[73.47,39.461],[73.387,39.443],[73.235,39.375],[73.109,39.362],[72.872,39.36],[72.64,39.386],[72.563,39.377],[72.358,39.337],[72.23,39.208],[72.043,39.352],[71.991,39.351],[71.806,39.276],[71.779,39.278],[71.726,39.307],[71.732,39.423],[71.673,39.447],[71.546,39.453],[71.503,39.479],[71.517,39.554],[71.47,39.604],[71.404,39.598],[71.273,39.535],[71.065,39.493],[71.005,39.412],[70.799,39.395],[70.733,39.413],[70.608,39.564],[70.501,39.587],[70.392,39.582],[70.245,39.543],[70.209,39.575],[70.171,39.584],[70.137,39.558],[69.956,39.553],[69.599,39.574],[69.463,39.532],[69.298,39.525],[69.28,39.666],[69.229,39.761],[69.279,39.918],[69.307,39.969],[69.432,39.91],[69.476,39.92],[69.488,39.95],[69.469,40.021],[69.53,40.097],[69.967,40.202],[70.451,40.049],[70.515,39.95],[70.557,39.954],[70.624,39.999],[70.644,40.083],[70.739,40.131],[70.946,40.188],[70.958,40.239],[70.991,40.255]],[[71.216,39.907],[71.179,39.98],[71.229,40.048],[71.08,40.08],[71.024,40.149],[70.976,40.133],[70.961,40.088],[70.974,40.039],[71.045,39.993],[71.012,39.895],[71.156,39.883],[71.216,39.907]],[[71.79,39.995],[71.681,39.969],[71.669,39.946],[71.706,39.917],[71.753,39.907],[71.79,39.995]],[[70.698,39.846],[70.664,39.855],[70.483,39.883],[70.56,39.791],[70.612,39.787],[70.702,39.825],[70.698,39.846]]]}},{"type":"Feature","properties":{},"geometry":{"type":"Polygon","coordinates":[[[70.86,42.207],[70.765,42.194],[70.715,42.169],[70.584,42.036],[70.54,42.039],[70.489,42.08],[70.416,42.079],[70.226,41.946],[70.096,41.821],[69.96,41.754],[69.664,41.672],[69.401,41.542],[69.368,41.491],[69.154,41.425],[69.065,41.367],[69.043,41.264],[68.987,41.205],[68.737,41.042],[68.584,40.876],[68.559,40.829],[68.557,40.765],[68.594,40.711],[68.601,40.66],[68.573,40.623],[68.496,40.609],[68.415,40.619],[68.292,40.656],[68.16,40.722],[68.048,40.809],[68.113,41.029],[68.02,41.096],[67.936,41.197],[67.805,41.164],[67.735,41.187],[66.814,41.142],[66.71,41.179],[66.602,41.494],[66.538,41.741],[66.499,41.995],[66.01,42.005],[66.016,42.315],[66.05,42.473],[66.1,42.991],[65.803,42.877],[65.496,43.311],[65.271,43.418],[65.003,43.649],[64.905,43.715],[64.812,43.694],[64.443,43.551],[63.207,43.628],[62.072,43.489],[61.99,43.492],[61.161,44.169],[61.097,44.248],[61.065,44.348],[61.008,44.394],[60.0,44.874],[60.0,50.835],[60.059,50.85],[60.112,50.834],[60.288,50.704],[60.425,50.679],[60.638,50.664],[60.942,50.696],[61.227,50.775],[61.389,50.861],[61.465,50.99],[61.512,51.137],[61.585,51.23],[61.555,51.325],[61.363,51.442],[61.015,51.492],[60.974,51.537],[60.465,51.651],[60.418,51.704],[60.388,51.773],[60.28,51.835],[60.067,51.891],[60.03,51.933],[60.066,51.976],[60.234,52.025],[60.425,52.126],[60.499,52.146],[60.67,52.151],[60.938,52.281],[60.995,52.337],[60.979,52.395],[60.821,52.57],[60.774,52.676],[60.802,52.745],[60.945,52.86],[61.047,52.972],[61.401,52.996],[61.974,52.944],[62.037,52.966],[62.083,53.005],[62.081,53.057],[62.015,53.108],[61.766,53.174],[61.66,53.228],[61.576,53.222],[61.437,53.239],[61.311,53.275],[61.199,53.287],[61.163,53.337],[61.186,53.406],[61.229,53.446],[61.312,53.466],[61.401,53.456],[61.499,53.485],[61.535,53.523],[61.519,53.554],[61.474,53.58],[61.41,53.587],[61.248,53.551],[60.979,53.622],[60.986,53.657],[61.074,53.71],[61.113,53.753],[61.113,53.882],[61.144,53.964],[61.231,54.019],[61.334,54.049],[61.929,53.946],[61.986,53.954],[62.04,54.003],[62.499,54.013],[62.633,54.069],[63.074,54.105],[63.191,54.171],[63.414,54.183],[63.701,54.243],[63.847,54.236],[64.004,54.267],[64.063,54.303],[64.199,54.347],[64.461,54.384],[64.525,54.362],[64.65,54.352],[64.927,54.397],[65.088,54.34],[65.158,54.364],[65.237,54.516],[65.378,54.564],[65.477,54.623],[65.708,54.619],[65.914,54.693],[65.955,54.66],[66.223,54.667],[66.754,54.738],[67.098,54.788],[67.257,54.829],[67.693,54.872],[67.83,54.944],[68.074,54.96],[68.203,55.0],[70.969,55.0],[71.186,54.599],[71.159,54.539],[71.152,54.364],[71.053,54.26],[71.093,54.212],[71.336,54.158],[71.677,54.178],[71.887,54.221],[72.004,54.206],[72.066,54.232],[72.105,54.308],[72.186,54.326],[72.269,54.272],[72.387,54.123],[72.383,54.054],[72.404,53.964],[72.447,53.942],[72.586,53.996],[72.599,54.023],[72.564,54.09],[72.583,54.122],[72.622,54.134],[72.914,54.107],[73.119,53.981],[73.23,53.958],[73.381,53.963],[73.506,53.999],[73.618,54.067],[73.712,54.042],[73.716,53.996],[73.679,53.929],[73.399,53.811],[73.306,53.707],[73.286,53.598],[73.362,53.506],[73.372,53.454],[73.407,53.448],[73.47,53.469],[73.643,53.576],[73.859,53.62],[74.069,53.611],[74.21,53.576],[74.352,53.488],[74.403,53.504],[74.429,53.551],[74.43,53.604],[74.452,53.647],[74.834,53.826],[75.052,53.827],[75.22,53.894],[75.377,53.97],[75.398,54.069],[75.437,54.09],[75.693,54.115],[75.881,54.168],[76.267,54.312],[76.496,54.336],[76.759,54.437],[76.837,54.442],[76.789,54.322],[76.703,54.182],[76.655,54.145],[76.422,54.152],[76.422,54.114],[76.485,54.023],[76.576,53.943],[77.704,53.379],[77.86,53.269],[78.475,52.638],[79.469,51.493],[79.986,50.775],[80.066,50.758],[80.086,50.84],[80.22,50.912],[80.345,50.919],[80.424,50.946],[80.452,50.998],[80.421,51.136],[80.448,51.183],[80.605,51.224],[80.65,51.277],[80.735,51.293],[80.877,51.281],[80.934,51.243],[80.966,51.19],[81.127,51.191],[81.141,51.147],[81.078,51.015],[81.071,50.969],[81.125,50.946],[81.319,50.966],[81.388,50.956],[81.452,50.824],[81.431,50.771],[81.466,50.74],[81.634,50.739],[81.752,50.764],[81.934,50.766],[82.098,50.711],[82.326,50.742],[82.494,50.728],[82.612,50.771],[82.761,50.893],[83.019,50.897],[83.093,50.961],[83.16,50.989],[83.357,50.995],[83.718,50.887],[83.945,50.775],[84.002,50.677],[84.099,50.605],[84.176,50.521],[84.195,50.437],[84.258,50.288],[84.323,50.239],[84.607,50.202],[84.839,50.091],[84.924,50.088],[84.989,50.061],[85.0,50.01],[84.975,49.951],[85.001,49.894],[85.21,49.665],[85.233,49.616],[85.292,49.599],[85.372,49.624],[85.934,49.55],[85.974,49.499],[86.181,49.499],[86.292,49.587],[86.418,49.638],[86.61,49.769],[86.675,49.777],[86.729,49.749],[86.731,49.696],[86.614,49.61],[86.626,49.563],[86.714,49.559],[86.812,49.488],[86.953,49.322],[87.001,49.287],[87.071,49.255],[87.234,49.216],[87.297,49.148],[87.323,49.086],[87.23,49.106],[87.049,49.11],[86.886,49.091],[86.753,49.009],[86.729,48.939],[86.758,48.861],[86.718,48.697],[86.549,48.529],[86.266,48.455],[85.83,48.408],[85.749,48.385],[85.626,48.204],[85.562,48.052],[85.526,47.916],[85.562,47.746],[85.587,47.494],[85.67,47.338],[85.657,47.255],[85.577,47.188],[85.53,47.101],[85.485,47.064],[85.233,47.036],[85.012,46.909],[84.858,46.843],[84.786,46.831],[84.746,46.864],[84.72,46.939],[84.667,46.972],[84.339,46.996],[84.016,46.971],[83.714,47.021],[83.09,47.209],[83.029,47.186],[83.004,47.033],[82.975,46.966],[82.692,46.387],[82.555,46.159],[82.512,46.006],[82.43,45.812],[82.315,45.595],[82.327,45.52],[82.612,45.424],[82.626,45.374],[82.621,45.293],[82.597,45.216],[82.521,45.125],[82.479,45.124],[82.323,45.206],[82.267,45.219],[81.945,45.161],[81.867,45.182],[81.79,45.226],[81.759,45.311],[81.692,45.349],[81.602,45.311],[80.853,45.129],[80.635,45.127],[80.059,45.006],[79.872,44.884],[79.875,44.861],[79.997,44.797],[80.255,44.808],[80.455,44.746],[80.482,44.715],[80.455,44.684],[80.401,44.677],[80.381,44.655],[80.391,44.627],[80.355,44.552],[80.336,44.438],[80.365,44.223],[80.355,44.097],[80.396,44.047],[80.432,43.952],[80.496,43.892],[80.651,43.564],[80.704,43.427],[80.665,43.353],[80.668,43.31],[80.73,43.274],[80.786,43.162],[80.778,43.119],[80.751,43.102],[80.617,43.128],[80.39,43.043],[80.371,42.996],[80.383,42.974],[80.451,42.936],[80.544,42.912],[80.539,42.873],[80.424,42.856],[80.25,42.797],[80.202,42.734],[80.165,42.666],[80.162,42.626],[80.206,42.399],[80.259,42.235],[80.209,42.19],[79.921,42.413],[79.803,42.438],[79.49,42.458],[79.428,42.483],[79.368,42.547],[79.203,42.666],[79.165,42.759],[79.127,42.776],[79.06,42.764],[78.885,42.775],[78.524,42.865],[78.023,42.858],[77.802,42.895],[77.236,42.913],[77.057,42.971],[76.988,42.974],[76.509,42.919],[75.84,42.938],[75.79,42.933],[75.682,42.83],[75.636,42.815],[75.366,42.837],[75.048,42.904],[74.818,42.978],[74.209,43.24],[74.187,43.205],[74.146,43.194],[73.949,43.195],[73.886,43.133],[73.612,43.048],[73.556,43.003],[73.422,42.594],[73.493,42.409],[73.412,42.42],[73.316,42.467],[73.283,42.504],[73.191,42.527],[72.855,42.561],[72.753,42.638],[72.543,42.678],[72.276,42.758],[72.162,42.761],[71.761,42.821],[71.514,42.767],[71.422,42.783],[71.257,42.734],[71.023,42.535],[71.002,42.459],[70.893,42.34],[70.893,42.294],[70.947,42.249],[70.86,42.207]]]}},{"type":"Feature","properties":{},"geometry":{"type":"MultiPolygon","coordinates":[[[[133.325,36.167],[133.239,36.179],[133.19,36.233],[133.206,36.293],[133.296,36.34],[133.381,36.246],[133.371,36.204],[133.325,36.167]]],[[[138.344,37.822],[138.225,37.829],[138.283,37.854],[138.322,37.97],[138.322,37.991],[138.246,37.995],[138.25,38.078],[138.306,38.161],[138.504,38.316],[138.51,38.259],[138.454,38.076],[138.575,38.066],[138.497,37.904],[138.344,37.822]]],[[[134.824,34.203],[134.731,34.209],[134.683,34.247],[134.668,34.294],[134.757,34.368],[134.834,34.473],[134.961,34.545],[135.005,34.544],[134.905,34.398],[134.933,34.288],[134.824,34.203]]],[[[130.508,30.241],[130.446,30.265],[130.388,30.388],[130.497,30.466],[130.673,30.367],[130.623,30.263],[130.508,30.241]]],[[[130.872,30.386],[130.87,30.444],[130.94,30.575],[130.947,30.671],[131.012,30.792],[131.06,30.828],[131.083,30.791],[131.057,30.642],[130.993,30.53],[130.96,30.397],[130.872,30.386]]],[[[130.004,32.194],[129.993,32.228],[129.96,32.244],[130.017,32.292],[130.015,32.314],[129.979,32.346],[130.021,32.469],[130.01,32.522],[130.168,32.541],[130.197,32.492],[130.2,32.341],[130.083,32.23],[130.004,32.194]]],[[[129.214,34.083],[129.186,34.145],[129.215,34.321],[129.337,34.285],[129.335,34.231],[129.279,34.123],[129.214,34.083]]],[[[129.365,34.306],[129.267,34.37],[129.329,34.522],[129.326,34.607],[129.451,34.687],[129.48,34.649],[129.475,34.54],[129.381,34.416],[129.386,34.354],[129.365,34.306]]],[[[128.704,32.757],[128.806,32.776],[128.839,32.763],[128.895,32.652],[128.79,32.637],[128.75,32.586],[128.693,32.605],[128.657,32.628],[128.649,32.662],[128.665,32.784],[128.704,32.757]]],[[[130.381,32.424],[130.256,32.431],[130.242,32.463],[130.365,32.527],[130.461,32.516],[130.381,32.424]]],[[[141.034,45.269],[140.982,45.364],[140.972,45.465],[141.057,45.45],[141.073,45.333],[141.034,45.269]]],[[[141.226,45.112],[141.145,45.154],[141.135,45.206],[141.194,45.248],[141.252,45.232],[141.329,45.15],[141.295,45.119],[141.226,45.112]]],[[[139.458,42.076],[139.435,42.084],[139.412,42.16],[139.431,42.2],[139.558,42.235],[139.505,42.096],[139.458,42.076]]],[[[134.333,34.464],[134.315,34.469],[134.252,34.423],[134.238,34.467],[134.188,34.496],[134.182,34.519],[134.326,34.534],[134.372,34.522],[134.333,34.464]]],[[[139.446,34.68],[139.392,34.69],[139.367,34.721],[139.37,34.775],[139.426,34.776],[139.456,34.727],[139.446,34.68]]],[[[129.052,32.829],[128.997,32.952],[129.035,32.969],[129.11,33.133],[129.153,33.003],[129.182,32.993],[129.154,32.946],[129.112,32.929],[129.077,32.84],[129.052,32.829]]],[[[129.421,33.176],[129.37,33.176],[129.417,33.231],[129.462,33.331],[129.57,33.361],[129.508,33.284],[129.492,33.223],[129.421,33.176]]],[[[129.727,33.707],[129.675,33.74],[129.717,33.858],[129.776,33.829],[129.796,33.749],[129.727,33.707]]],[[[132.549,34.075],[132.461,34.087],[132.543,34.173],[132.578,34.115],[132.549,34.075]]],[[[132.315,33.909],[132.43,33.924],[132.445,33.913],[132.36,33.847],[132.209,33.873],[132.201,33.928],[132.208,33.948],[132.266,33.945],[132.315,33.909]]],[[[129.687,31.64],[129.707,31.718],[129.787,31.787],[129.794,31.742],[129.687,31.64]]],[[[142.17,26.616],[142.107,26.722],[142.162,26.71],[142.202,26.649],[142.188,26.617],[142.17,26.616]]],[[[143.759,44.132],[144.101,44.102],[144.482,43.95],[144.597,43.93],[144.799,43.94],[145.343,44.334],[145.37,44.327],[145.352,44.23],[145.126,43.869],[145.101,43.765],[145.14,43.663],[145.214,43.578],[145.341,43.303],[145.488,43.28],[145.674,43.389],[145.833,43.386],[145.624,43.291],[145.505,43.174],[145.347,43.177],[145.127,43.089],[145.029,43.032],[144.921,43.001],[144.807,42.994],[144.631,42.947],[144.516,42.944],[144.302,42.984],[144.197,42.974],[143.969,42.881],[143.762,42.748],[143.581,42.599],[143.429,42.419],[143.369,42.325],[143.332,42.22],[143.314,42.084],[143.237,42.0],[143.112,42.022],[142.906,42.118],[142.508,42.258],[141.851,42.579],[141.407,42.547],[140.986,42.342],[140.71,42.556],[140.617,42.571],[140.48,42.559],[140.385,42.487],[140.351,42.435],[140.315,42.334],[140.327,42.293],[140.417,42.201],[140.528,42.132],[140.734,42.116],[141.151,41.805],[141.079,41.76],[141.0,41.737],[140.816,41.76],[140.66,41.816],[140.489,41.672],[140.432,41.567],[140.385,41.519],[140.27,41.456],[140.149,41.423],[140.085,41.434],[140.037,41.474],[139.995,41.576],[140.021,41.696],[140.084,41.803],[140.108,41.913],[140.057,42.067],[139.895,42.19],[139.835,42.278],[139.821,42.388],[139.86,42.582],[139.891,42.649],[140.015,42.685],[140.115,42.733],[140.329,42.867],[140.432,42.954],[140.486,43.05],[140.397,43.167],[140.379,43.237],[140.392,43.303],[140.487,43.338],[140.585,43.312],[140.819,43.205],[141.138,43.18],[141.296,43.2],[141.374,43.28],[141.412,43.381],[141.398,43.643],[141.447,43.749],[141.601,43.919],[141.645,44.019],[141.661,44.264],[141.761,44.483],[141.782,44.716],[141.719,44.941],[141.583,45.156],[141.594,45.256],[141.653,45.349],[141.668,45.401],[141.829,45.439],[141.879,45.483],[141.938,45.51],[142.416,45.125],[142.704,44.819],[143.075,44.535],[143.289,44.397],[143.512,44.278],[143.655,44.221],[143.759,44.132]]],[[[131.309,33.573],[131.419,33.584],[131.583,33.652],[131.643,33.638],[131.696,33.603],[131.724,33.554],[131.711,33.502],[131.537,33.274],[131.717,33.252],[131.897,33.255],[131.855,33.182],[131.848,33.118],[131.949,33.047],[131.91,32.974],[132.009,32.919],[132.002,32.882],[131.732,32.593],[131.66,32.466],[131.565,32.223],[131.46,31.883],[131.475,31.778],[131.46,31.671],[131.337,31.405],[131.25,31.41],[131.14,31.442],[131.071,31.437],[131.035,31.378],[131.098,31.256],[130.902,31.112],[130.686,31.015],[130.684,31.059],[130.758,31.156],[130.79,31.269],[130.774,31.383],[130.709,31.526],[130.704,31.577],[130.78,31.604],[130.796,31.624],[130.797,31.671],[130.776,31.706],[130.655,31.718],[130.556,31.563],[130.528,31.46],[130.54,31.403],[130.566,31.352],[130.645,31.267],[130.589,31.179],[130.201,31.292],[130.147,31.408],[130.294,31.451],[130.322,31.601],[130.269,31.696],[130.188,31.769],[130.211,31.849],[130.194,32.091],[130.214,32.115],[130.319,32.144],[130.395,32.219],[130.56,32.456],[130.641,32.619],[130.563,32.626],[130.498,32.657],[130.569,32.734],[130.547,32.832],[130.44,32.951],[130.382,33.093],[130.238,33.178],[130.127,33.105],[130.173,33.013],[130.175,32.851],[130.222,32.847],[130.28,32.867],[130.326,32.853],[130.354,32.81],[130.361,32.756],[130.34,32.702],[130.298,32.675],[130.246,32.677],[130.152,32.748],[130.054,32.771],[129.951,32.722],[129.853,32.622],[129.769,32.571],[129.808,32.645],[129.827,32.725],[129.69,32.875],[129.662,32.995],[129.679,33.06],[129.778,32.986],[129.828,32.893],[129.901,32.852],[129.992,32.852],[129.897,33.022],[129.58,33.236],[129.61,33.344],[129.66,33.365],[129.844,33.322],[129.858,33.375],[129.826,33.437],[129.919,33.483],[130.072,33.522],[130.168,33.598],[130.275,33.598],[130.365,33.634],[130.439,33.734],[130.484,33.835],[130.716,33.928],[130.84,33.918],[130.953,33.872],[131.058,33.673],[131.175,33.603],[131.309,33.573]]],[[[134.496,34.215],[134.637,34.227],[134.635,34.044],[134.655,33.983],[134.695,33.928],[134.675,33.848],[134.739,33.821],[134.549,33.729],[134.377,33.608],[134.243,33.439],[134.182,33.247],[133.959,33.448],[133.854,33.493],[133.632,33.511],[133.286,33.36],[133.146,33.083],[133.101,33.028],[133.016,32.984],[132.977,32.842],[132.87,32.755],[132.804,32.752],[132.692,32.776],[132.642,32.762],[132.709,32.902],[132.495,32.917],[132.493,33.008],[132.428,33.059],[132.476,33.126],[132.477,33.181],[132.505,33.211],[132.515,33.255],[132.511,33.293],[132.445,33.305],[132.405,33.331],[132.413,33.43],[132.281,33.417],[132.086,33.34],[132.033,33.34],[132.114,33.395],[132.366,33.512],[132.643,33.69],[132.784,33.992],[132.935,34.095],[132.99,34.088],[133.051,33.997],[133.134,33.927],[133.35,33.977],[133.472,33.973],[133.582,34.017],[133.627,34.069],[133.643,34.135],[133.603,34.244],[133.706,34.237],[133.826,34.307],[133.948,34.348],[134.076,34.358],[134.496,34.215]]],[[[141.269,41.354],[141.455,41.405],[141.4,41.096],[141.43,40.723],[141.463,40.611],[141.542,40.531],[141.646,40.474],[141.797,40.291],[141.991,39.792],[141.977,39.429],[141.909,39.219],[141.901,39.111],[141.842,39.09],[141.776,39.017],[141.659,38.975],[141.622,38.865],[141.546,38.763],[141.509,38.498],[141.467,38.404],[141.368,38.38],[141.254,38.381],[141.108,38.338],[140.962,38.149],[140.929,38.053],[140.928,37.95],[141.003,37.698],[141.036,37.467],[141.002,37.115],[140.968,37.002],[140.792,36.847],[140.73,36.732],[140.627,36.503],[140.619,36.386],[140.574,36.231],[140.622,36.059],[140.76,35.846],[140.874,35.725],[140.639,35.661],[140.457,35.51],[140.413,35.395],[140.417,35.267],[140.355,35.181],[140.059,35.038],[139.92,34.9],[139.844,34.915],[139.799,34.957],[139.843,35.01],[139.83,35.072],[139.851,35.232],[139.826,35.297],[139.906,35.345],[139.944,35.423],[140.086,35.54],[140.097,35.585],[139.988,35.668],[139.835,35.658],[139.786,35.612],[139.768,35.495],[139.65,35.409],[139.666,35.319],[139.7,35.274],[139.744,35.252],[139.675,35.149],[139.636,35.142],[139.564,35.243],[139.474,35.299],[139.249,35.278],[139.163,35.211],[139.134,35.155],[139.116,35.097],[139.122,34.956],[139.086,34.839],[138.983,34.698],[138.897,34.628],[138.838,34.619],[138.761,34.699],[138.804,34.876],[138.803,34.975],[138.904,35.025],[138.821,35.096],[138.72,35.124],[138.577,35.086],[138.51,34.987],[138.349,34.848],[138.253,34.733],[138.189,34.596],[137.979,34.641],[137.543,34.664],[137.318,34.636],[137.062,34.583],[137.077,34.621],[137.288,34.704],[137.295,34.728],[137.275,34.773],[137.032,34.766],[137.006,34.814],[136.963,34.835],[136.935,34.815],[136.944,34.722],[136.913,34.709],[136.871,34.733],[136.885,34.806],[136.853,34.979],[136.897,35.036],[136.852,35.06],[136.804,35.05],[136.69,34.984],[136.577,34.79],[136.533,34.678],[136.616,34.589],[136.88,34.434],[136.881,34.38],[136.854,34.324],[136.792,34.299],[136.544,34.258],[136.33,34.177],[135.916,33.562],[135.695,33.487],[135.453,33.553],[135.347,33.722],[135.175,33.898],[135.128,34.007],[135.135,34.183],[135.1,34.288],[135.309,34.417],[135.412,34.547],[135.416,34.617],[135.355,34.654],[135.198,34.653],[135.042,34.631],[134.93,34.662],[134.74,34.765],[134.584,34.771],[134.247,34.714],[133.968,34.527],[133.876,34.495],[133.678,34.486],[133.445,34.433],[133.21,34.344],[133.142,34.302],[133.019,34.33],[132.775,34.255],[132.657,34.246],[132.534,34.287],[132.421,34.353],[132.313,34.325],[132.238,34.227],[132.202,34.032],[132.159,33.944],[132.146,33.839],[132.09,33.855],[131.741,34.052],[131.476,34.019],[131.233,33.948],[131.072,34.021],[130.919,33.976],[130.889,34.262],[130.904,34.3],[131.004,34.393],[131.132,34.407],[131.262,34.393],[131.354,34.413],[131.608,34.615],[131.856,34.726],[132.065,34.9],[132.26,35.022],[132.619,35.307],[132.698,35.418],[132.923,35.511],[133.157,35.559],[133.267,35.557],[133.376,35.459],[133.495,35.497],[133.615,35.511],[133.739,35.495],[133.981,35.507],[134.214,35.539],[134.456,35.628],[134.882,35.663],[135.174,35.747],[135.265,35.722],[135.269,35.66],[135.232,35.592],[135.268,35.551],[135.327,35.526],[135.68,35.503],[135.903,35.607],[136.016,35.683],[136.095,35.768],[136.022,35.874],[136.006,35.991],[136.067,36.117],[136.156,36.223],[136.359,36.362],[136.698,36.742],[136.749,36.951],[136.719,37.198],[136.843,37.382],[137.199,37.497],[137.323,37.522],[137.341,37.485],[137.338,37.437],[137.152,37.283],[137.046,37.22],[136.924,37.172],[136.9,37.118],[136.994,37.027],[137.019,36.96],[137.017,36.837],[137.124,36.774],[137.246,36.753],[137.343,36.77],[137.514,36.952],[137.913,37.065],[138.11,37.151],[138.218,37.173],[138.32,37.218],[138.633,37.472],[138.709,37.561],[138.819,37.775],[138.885,37.844],[139.247,38.009],[139.364,38.099],[139.401,38.143],[139.521,38.503],[139.58,38.599],[139.749,38.788],[139.802,38.882],[139.912,39.229],[140.037,39.411],[140.065,39.624],[140.055,39.749],[139.995,39.855],[139.945,39.885],[139.81,39.878],[139.742,39.921],[139.755,39.959],[139.874,39.986],[139.908,40.022],[139.972,40.137],[140.011,40.26],[140.014,40.315],[139.924,40.534],[139.923,40.598],[139.967,40.673],[140.029,40.733],[140.201,40.775],[140.281,40.846],[140.344,41.006],[140.315,41.161],[140.344,41.203],[140.386,41.23],[140.441,41.21],[140.564,41.212],[140.628,41.195],[140.679,40.893],[140.702,40.858],[140.749,40.83],[140.801,40.834],[140.876,40.93],[140.936,40.941],[141.119,40.882],[141.183,40.924],[141.225,40.988],[141.262,41.103],[141.244,41.206],[141.2,41.244],[141.155,41.237],[141.07,41.193],[140.801,41.139],[140.802,41.254],[140.86,41.425],[140.892,41.48],[140.937,41.506],[141.106,41.456],[141.269,41.354]]],[[[124.234,24.358],[124.186,24.335],[124.136,24.348],[124.085,24.436],[124.12,24.47],[124.17,24.452],[124.211,24.459],[124.302,24.587],[124.324,24.566],[124.234,24.358]]],[[[123.826,24.266],[123.681,24.288],[123.68,24.318],[123.752,24.348],[123.754,24.391],[123.771,24.414],[123.935,24.362],[123.928,24.324],[123.889,24.28],[123.826,24.266]]],[[[125.359,24.717],[125.269,24.733],[125.284,24.872],[125.315,24.852],[125.335,24.805],[125.444,24.743],[125.359,24.717]]],[[[128.162,26.607],[128.127,26.552],[128.038,26.534],[127.951,26.456],[127.867,26.442],[127.869,26.381],[127.905,26.328],[127.849,26.319],[127.79,26.255],[127.786,26.209],[127.804,26.153],[127.729,26.097],[127.653,26.095],[127.655,26.199],[127.727,26.308],[127.729,26.434],[127.82,26.466],[127.926,26.556],[127.946,26.594],[127.891,26.631],[127.907,26.694],[127.994,26.679],[128.047,26.643],[128.098,26.668],[128.122,26.711],[128.217,26.797],[128.255,26.882],[128.332,26.812],[128.311,26.721],[128.259,26.653],[128.162,26.607]]],[[[128.956,27.702],[128.9,27.728],[128.883,27.842],[128.908,27.898],[128.952,27.91],[129.016,27.77],[128.998,27.721],[128.956,27.702]]],[[[129.366,28.128],[129.275,28.201],[129.165,28.25],[129.248,28.283],[129.251,28.314],[129.322,28.36],[129.51,28.398],[129.598,28.476],[129.69,28.517],[129.715,28.47],[129.71,28.432],[129.642,28.411],[129.513,28.299],[129.457,28.272],[129.439,28.255],[129.453,28.209],[129.366,28.128]]],[[[129.331,28.082],[129.232,28.101],[129.192,28.192],[129.257,28.176],[129.331,28.082]]],[[[139.824,33.045],[139.776,33.078],[139.777,33.125],[139.809,33.129],[139.874,33.094],[139.824,33.045]]]]}},{"type":"Feature","properties":{},"geometry":{"type":"Polygon","coordinates":[[[60.063,36.963],[60.341,36.638],[61.12,36.643],[61.17,36.572],[61.16,36.433],[61.175,36.29],[61.212,36.191],[61.212,36.099],[61.153,35.977],[61.206,35.944],[61.252,35.868],[61.259,35.762],[61.236,35.706],[61.239,35.659],[61.282,35.553],[61.279,35.514],[61.246,35.474],[61.189,35.312],[61.1,35.272],[61.107,35.209],[61.15,35.094],[61.07,34.922],[61.08,34.856],[60.958,34.71],[60.951,34.654],[60.802,34.555],[60.739,34.545],[60.726,34.518],[60.889,34.319],[60.643,34.307],[60.486,34.095],[60.527,33.842],[60.486,33.712],[60.511,33.639],[60.574,33.588],[60.655,33.56],[60.806,33.559],[60.907,33.539],[60.917,33.505],[60.718,33.324],[60.561,33.138],[60.562,33.059],[60.829,32.249],[60.788,31.877],[60.804,31.734],[60.792,31.661],[60.821,31.495],[61.66,31.382],[61.755,31.285],[61.814,31.073],[61.811,30.913],[61.784,30.832],[60.843,29.859],[61.318,29.373],[61.339,29.332],[61.338,29.265],[61.509,29.006],[61.569,28.871],[61.623,28.792],[61.89,28.547],[62.033,28.491],[62.131,28.479],[62.353,28.415],[62.434,28.364],[62.565,28.235],[62.718,28.253],[62.758,28.244],[62.74,28.002],[62.782,27.801],[62.812,27.497],[62.764,27.357],[62.753,27.266],[62.812,27.229],[62.915,27.218],[63.167,27.252],[63.256,27.208],[63.302,27.151],[63.305,27.125],[63.242,27.078],[63.231,26.998],[63.25,26.879],[63.186,26.838],[63.158,26.65],[63.093,26.632],[62.787,26.644],[62.636,26.594],[62.439,26.561],[62.385,26.543],[62.312,26.491],[62.26,26.427],[62.239,26.357],[62.126,26.369],[62.089,26.318],[61.842,26.226],[61.81,26.165],[61.754,25.843],[61.662,25.751],[61.671,25.692],[61.64,25.585],[61.615,25.286],[61.588,25.202],[61.533,25.196],[61.412,25.102],[60.664,25.282],[60.615,25.33],[60.587,25.414],[60.511,25.437],[60.4,25.312],[60.0,25.38],[60.0,37.006],[60.063,36.963]]]}},{"type":"Feature","properties":{},"geometry":{"type":"MultiPolygon","coordinates":[[[[97.698,1.184],[97.786,1.146],[97.932,0.974],[97.902,0.884],[97.876,0.628],[97.82,0.564],[97.684,0.596],[97.683,0.641],[97.604,0.834],[97.461,0.941],[97.405,0.947],[97.369,1.057],[97.297,1.187],[97.079,1.425],[97.244,1.424],[97.324,1.482],[97.356,1.54],[97.482,1.465],[97.698,1.184]]],[[[99.072,-1.783],[98.874,-1.664],[98.828,-1.61],[98.816,-1.538],[98.627,-1.261],[98.602,-1.198],[98.676,-0.971],[98.869,-0.916],[98.933,-0.954],[98.955,-1.056],[99.065,-1.241],[99.129,-1.384],[99.14,-1.418],[99.131,-1.442],[99.267,-1.628],[99.271,-1.738],[99.164,-1.778],[99.072,-1.783]]],[[[116.514,-8.821],[116.587,-8.886],[116.377,-8.929],[116.027,-8.873],[115.875,-8.826],[115.857,-8.788],[115.869,-8.743],[116.032,-8.765],[116.076,-8.745],[116.061,-8.437],[116.22,-8.295],[116.304,-8.238],[116.402,-8.204],[116.688,-8.304],[116.719,-8.336],[116.734,-8.387],[116.641,-8.614],[116.514,-8.821]]],[[[115.549,-8.208],[115.691,-8.364],[115.704,-8.407],[115.56,-8.514],[115.334,-8.616],[115.295,-8.664],[115.22,-8.82],[115.145,-8.849],[115.092,-8.829],[115.14,-8.769],[115.142,-8.697],[115.055,-8.573],[114.842,-8.429],[114.731,-8.394],[114.613,-8.378],[114.502,-8.261],[114.468,-8.166],[114.475,-8.119],[114.504,-8.117],[114.62,-8.128],[114.833,-8.183],[114.938,-8.187],[114.998,-8.174],[115.154,-8.066],[115.34,-8.115],[115.549,-8.208]]],[[[106.08,-1.738],[106.162,-1.867],[106.209,-2.189],[106.366,-2.465],[106.818,-2.573],[106.707,-2.658],[106.612,-2.896],[106.619,-2.936],[106.658,-3.001],[106.667,-3.072],[106.547,-3.056],[106.25,-2.894],[105.999,-2.825],[105.937,-2.744],[105.908,-2.643],[105.939,-2.493],[105.862,-2.415],[105.807,-2.307],[105.786,-2.181],[105.705,-2.133],[105.553,-2.079],[105.343,-2.125],[105.133,-2.043],[105.138,-1.973],[105.191,-1.917],[105.316,-1.861],[105.375,-1.813],[105.387,-1.751],[105.364,-1.705],[105.373,-1.657],[105.413,-1.611],[105.46,-1.575],[105.585,-1.527],[105.701,-1.731],[105.754,-1.659],[105.72,-1.534],[105.816,-1.506],[105.91,-1.505],[105.981,-1.539],[106.027,-1.593],[106.08,-1.738]]],[[[123.203,-4.766],[123.196,-4.823],[123.119,-4.723],[123.084,-4.749],[123.055,-4.748],[123.018,-4.832],[123.015,-4.91],[122.987,-4.963],[122.972,-5.138],[122.981,-5.186],[123.051,-5.156],[123.15,-5.224],[123.202,-5.273],[123.187,-5.333],[123.121,-5.393],[123.043,-5.419],[122.986,-5.394],[122.969,-5.406],[122.909,-5.477],[122.916,-5.519],[122.85,-5.638],[122.812,-5.671],[122.733,-5.635],[122.684,-5.666],[122.645,-5.663],[122.585,-5.545],[122.586,-5.489],[122.642,-5.426],[122.643,-5.381],[122.67,-5.331],[122.767,-5.21],[122.849,-4.831],[122.853,-4.618],[122.947,-4.443],[123.075,-4.387],[123.069,-4.434],[123.18,-4.551],[123.203,-4.766]]],[[[122.619,-5.336],[122.564,-5.388],[122.474,-5.381],[122.392,-5.335],[122.371,-5.383],[122.307,-5.381],[122.283,-5.32],[122.329,-5.138],[122.396,-5.07],[122.39,-4.999],[122.334,-4.847],[122.369,-4.767],[122.702,-4.619],[122.74,-4.675],[122.76,-4.934],[122.614,-5.139],[122.645,-5.269],[122.619,-5.336]]],[[[108.18,3.653],[108.1,3.705],[108.186,3.768],[108.236,3.785],[108.243,3.81],[108.088,3.852],[108.045,3.889],[108.002,3.983],[108.004,4.043],[108.202,4.2],[108.248,4.217],[108.256,4.152],[108.393,3.986],[108.399,3.876],[108.394,3.836],[108.316,3.69],[108.18,3.653]]],[[[108.192,-3.103],[108.167,-3.143],[108.055,-3.227],[107.977,-3.222],[107.967,-3.167],[107.941,-3.129],[107.858,-3.086],[107.837,-3.097],[107.822,-3.161],[107.614,-3.209],[107.637,-3.125],[107.595,-3.058],[107.584,-2.941],[107.563,-2.92],[107.605,-2.863],[107.598,-2.8],[107.642,-2.732],[107.666,-2.566],[107.838,-2.53],[107.875,-2.56],[108.074,-2.597],[108.215,-2.697],[108.291,-2.83],[108.207,-2.998],[108.192,-3.103]]],[[[135.596,-0.69],[135.673,-0.688],[135.749,-0.733],[135.841,-0.712],[135.894,-0.726],[136.069,-0.878],[136.155,-0.978],[136.283,-1.065],[136.375,-1.094],[136.305,-1.173],[136.165,-1.215],[136.11,-1.217],[136.003,-1.17],[135.915,-1.178],[135.839,-1.119],[135.826,-1.028],[135.747,-0.823],[135.646,-0.882],[135.524,-0.787],[135.491,-0.785],[135.483,-0.801],[135.432,-0.769],[135.388,-0.705],[135.383,-0.651],[135.596,-0.69]]],[[[135.869,-1.642],[135.976,-1.636],[136.202,-1.655],[136.39,-1.722],[136.719,-1.734],[136.817,-1.754],[136.893,-1.8],[136.709,-1.838],[136.622,-1.873],[136.461,-1.89],[136.326,-1.872],[136.228,-1.894],[136.193,-1.859],[136.049,-1.824],[135.866,-1.752],[135.488,-1.668],[135.47,-1.616],[135.474,-1.592],[135.869,-1.642]]],[[[130.987,-0.047],[131.026,-0.04],[131.277,-0.15],[131.317,-0.204],[131.303,-0.241],[131.34,-0.29],[131.258,-0.366],[131.218,-0.374],[131.178,-0.346],[131.098,-0.33],[131.005,-0.361],[130.946,-0.338],[130.897,-0.268],[130.808,-0.226],[130.683,-0.081],[130.622,-0.086],[130.638,-0.143],[130.691,-0.181],[130.761,-0.291],[130.843,-0.298],[130.899,-0.344],[130.896,-0.416],[130.75,-0.444],[130.7,-0.392],[130.689,-0.297],[130.551,-0.366],[130.496,-0.267],[130.341,-0.262],[130.237,-0.21],[130.288,-0.155],[130.295,-0.101],[130.363,-0.073],[130.431,-0.098],[130.5,-0.06],[130.548,-0.07],[130.584,-0.045],[130.813,-0.004],[130.987,-0.047]]],[[[128.296,2.035],[128.26,2.083],[128.218,2.297],[128.33,2.469],[128.472,2.571],[128.602,2.598],[128.688,2.474],[128.623,2.224],[128.548,2.097],[128.454,2.052],[128.296,2.035]]],[[[128.153,-1.661],[128.061,-1.712],[127.914,-1.685],[127.741,-1.691],[127.562,-1.729],[127.458,-1.697],[127.392,-1.645],[127.395,-1.59],[127.457,-1.454],[127.592,-1.351],[127.647,-1.332],[127.743,-1.36],[127.905,-1.439],[128.149,-1.604],[128.153,-1.661]]],[[[126.038,-2.469],[125.978,-2.415],[125.938,-2.263],[125.903,-2.222],[125.863,-2.077],[125.873,-2.036],[125.923,-1.975],[125.963,-1.976],[125.993,-2.012],[125.976,-2.168],[126.066,-2.366],[126.055,-2.451],[126.038,-2.469]]],[[[126.332,-1.823],[126.288,-1.859],[125.956,-1.917],[125.839,-1.906],[125.479,-1.94],[125.433,-1.938],[125.426,-1.882],[125.387,-1.843],[125.445,-1.809],[125.521,-1.801],[125.72,-1.814],[126.024,-1.79],[126.332,-1.823]]],[[[124.97,-1.705],[125.096,-1.741],[125.146,-1.693],[125.188,-1.713],[125.198,-1.78],[125.258,-1.771],[125.32,-1.81],[125.314,-1.877],[125.135,-1.889],[125.007,-1.943],[124.834,-1.894],[124.639,-1.978],[124.521,-2.007],[124.418,-2.005],[124.33,-1.859],[124.381,-1.688],[124.418,-1.659],[124.483,-1.644],[124.664,-1.636],[124.97,-1.705]]],[[[131.309,-8.011],[131.114,-7.997],[131.123,-7.922],[131.087,-7.865],[131.137,-7.782],[131.138,-7.685],[131.19,-7.672],[131.197,-7.617],[131.26,-7.471],[131.297,-7.438],[131.349,-7.425],[131.446,-7.315],[131.483,-7.251],[131.535,-7.221],[131.531,-7.165],[131.561,-7.136],[131.643,-7.113],[131.701,-7.14],[131.736,-7.197],[131.644,-7.267],[131.691,-7.439],[131.624,-7.626],[131.58,-7.682],[131.498,-7.731],[131.474,-7.777],[131.377,-7.869],[131.343,-7.981],[131.309,-8.011]]],[[[126.801,-7.668],[126.813,-7.738],[126.693,-7.754],[126.577,-7.808],[126.518,-7.87],[126.472,-7.95],[126.313,-7.918],[126.171,-7.912],[126.108,-7.884],[126.04,-7.886],[125.952,-7.911],[125.798,-7.985],[125.808,-7.881],[125.843,-7.817],[125.975,-7.663],[126.085,-7.697],[126.214,-7.707],[126.359,-7.677],[126.463,-7.608],[126.61,-7.572],[126.726,-7.662],[126.801,-7.668]]],[[[124.6,-8.202],[124.677,-8.168],[124.752,-8.16],[125.05,-8.18],[125.125,-8.205],[125.132,-8.326],[125.097,-8.353],[124.444,-8.445],[124.381,-8.415],[124.356,-8.386],[124.426,-8.296],[124.394,-8.253],[124.431,-8.183],[124.509,-8.135],[124.576,-8.141],[124.6,-8.202]]],[[[130.967,-1.343],[130.845,-1.317],[130.782,-1.255],[130.712,-1.104],[130.704,-1.05],[130.668,-0.984],[130.673,-0.96],[130.897,-0.89],[130.939,-0.915],[131.033,-0.918],[131.074,-0.968],[131.046,-1.188],[131.002,-1.316],[130.967,-1.343]]],[[[96.615,5.22],[96.843,5.274],[96.968,5.269],[97.19,5.207],[97.451,5.236],[97.547,5.206],[97.707,5.04],[97.908,4.88],[97.967,4.777],[98.0,4.662],[98.248,4.415],[98.273,4.322],[98.241,4.195],[98.307,4.093],[98.659,3.928],[98.706,3.835],[98.778,3.759],[99.151,3.581],[99.521,3.311],[99.732,3.183],[99.907,2.988],[100.127,2.648],[100.307,2.467],[100.457,2.257],[100.524,2.189],[100.604,2.137],[100.685,2.12],[100.817,1.989],[100.888,1.948],[100.877,2.051],[100.817,2.14],[100.828,2.243],[100.877,2.283],[100.936,2.295],[101.046,2.257],[101.225,2.102],[101.301,2.012],[101.405,1.757],[101.477,1.693],[101.684,1.661],[101.785,1.621],[102.02,1.442],[102.098,1.358],[102.157,1.259],[102.239,0.99],[102.39,0.842],[102.469,0.779],[102.566,0.749],[102.849,0.715],[102.949,0.664],[103.032,0.579],[103.067,0.492],[103.008,0.415],[102.786,0.298],[102.55,0.216],[102.78,0.244],[102.896,0.279],[103.277,0.495],[103.339,0.514],[103.412,0.507],[103.479,0.48],[103.673,0.289],[103.743,0.174],[103.787,0.047],[103.706,-0.02],[103.589,-0.069],[103.429,-0.192],[103.412,-0.24],[103.444,-0.272],[103.405,-0.362],[103.495,-0.418],[103.509,-0.466],[103.431,-0.534],[103.439,-0.576],[103.533,-0.755],[103.721,-0.887],[103.94,-0.979],[104.199,-1.054],[104.361,-1.038],[104.426,-1.251],[104.478,-1.6],[104.519,-1.699],[104.516,-1.819],[104.569,-1.922],[104.791,-2.041],[104.845,-2.093],[104.826,-2.234],[104.668,-2.386],[104.647,-2.43],[104.631,-2.543],[104.651,-2.595],[104.698,-2.598],[104.878,-2.419],[104.971,-2.371],[105.026,-2.358],[105.287,-2.356],[105.397,-2.38],[105.582,-2.492],[105.899,-2.888],[106.044,-3.106],[106.058,-3.217],[105.901,-3.41],[105.844,-3.614],[105.852,-3.731],[105.93,-3.833],[105.928,-3.881],[105.831,-4.163],[105.887,-4.554],[105.887,-5.01],[105.816,-5.677],[105.748,-5.818],[105.619,-5.8],[105.523,-5.673],[105.349,-5.55],[105.304,-5.57],[105.128,-5.723],[105.081,-5.746],[104.93,-5.681],[104.64,-5.52],[104.618,-5.642],[104.676,-5.816],[104.684,-5.893],[104.602,-5.905],[104.37,-5.691],[104.243,-5.539],[104.067,-5.386],[103.831,-5.08],[103.332,-4.765],[103.139,-4.596],[102.919,-4.471],[102.538,-4.152],[102.372,-3.969],[102.128,-3.599],[101.818,-3.378],[101.649,-3.244],[101.579,-3.167],[101.366,-2.808],[101.306,-2.729],[101.119,-2.588],[100.89,-2.249],[100.848,-2.144],[100.855,-1.934],[100.487,-1.299],[100.394,-1.101],[100.308,-0.827],[100.088,-0.553],[99.86,-0.314],[99.67,0.045],[99.598,0.102],[99.335,0.209],[99.236,0.268],[99.159,0.352],[99.112,0.459],[99.06,0.686],[98.936,1.032],[98.796,1.495],[98.703,1.702],[98.595,1.865],[98.564,1.902],[98.087,2.195],[98.005,2.238],[97.795,2.283],[97.701,2.359],[97.662,2.494],[97.617,2.785],[97.591,2.847],[97.391,2.975],[96.969,3.575],[96.894,3.654],[96.801,3.709],[96.525,3.767],[96.445,3.816],[96.23,4.073],[95.988,4.263],[95.579,4.662],[95.432,4.865],[95.207,5.284],[95.247,5.411],[95.228,5.565],[95.396,5.629],[95.629,5.609],[95.737,5.579],[95.841,5.515],[96.027,5.351],[96.133,5.294],[96.615,5.22]]],[[[122.642,-8.647],[122.47,-8.725],[122.094,-8.745],[121.839,-8.86],[121.738,-8.87],[121.651,-8.899],[121.585,-8.821],[121.415,-8.815],[121.328,-8.917],[121.191,-8.896],[121.035,-8.935],[120.982,-8.928],[120.781,-8.849],[120.55,-8.802],[120.32,-8.82],[120.121,-8.777],[119.909,-8.858],[119.808,-8.698],[119.807,-8.623],[119.875,-8.42],[119.918,-8.445],[119.964,-8.436],[120.099,-8.378],[120.231,-8.29],[120.354,-8.258],[120.425,-8.249],[120.486,-8.266],[120.61,-8.24],[120.751,-8.321],[120.886,-8.327],[121.009,-8.366],[121.118,-8.424],[121.277,-8.478],[121.372,-8.551],[121.445,-8.578],[121.548,-8.575],[121.61,-8.526],[121.683,-8.506],[121.863,-8.494],[121.967,-8.455],[122.067,-8.497],[122.263,-8.625],[122.323,-8.628],[122.433,-8.601],[122.467,-8.566],[122.514,-8.47],[122.556,-8.432],[122.85,-8.304],[122.919,-8.222],[122.759,-8.186],[122.792,-8.127],[122.846,-8.093],[122.917,-8.106],[122.978,-8.152],[123.006,-8.329],[122.955,-8.354],[122.902,-8.416],[122.811,-8.481],[122.847,-8.562],[122.82,-8.596],[122.642,-8.647]]],[[[120.058,-9.42],[120.221,-9.506],[120.291,-9.648],[120.444,-9.646],[120.556,-9.719],[120.7,-9.903],[120.784,-9.957],[120.833,-10.037],[120.804,-10.108],[120.698,-10.207],[120.562,-10.236],[120.439,-10.294],[120.395,-10.263],[120.255,-10.242],[120.145,-10.2],[120.052,-10.123],[119.931,-9.967],[119.813,-9.917],[119.601,-9.774],[119.47,-9.761],[119.363,-9.772],[119.085,-9.707],[119.008,-9.621],[118.959,-9.519],[119.031,-9.44],[119.186,-9.384],[119.615,-9.352],[119.795,-9.38],[119.942,-9.301],[120.058,-9.42]]],[[[118.292,-8.357],[118.338,-8.354],[118.491,-8.271],[118.552,-8.27],[118.612,-8.281],[118.671,-8.323],[118.692,-8.393],[118.714,-8.415],[118.748,-8.331],[118.846,-8.293],[118.926,-8.298],[118.988,-8.338],[119.044,-8.457],[119.042,-8.561],[119.13,-8.668],[119.079,-8.73],[119.006,-8.75],[118.903,-8.703],[118.746,-8.735],[118.756,-8.774],[118.837,-8.809],[118.833,-8.833],[118.808,-8.838],[118.728,-8.805],[118.479,-8.856],[118.427,-8.855],[118.398,-8.813],[118.4,-8.704],[118.379,-8.675],[118.19,-8.841],[118.132,-8.856],[118.071,-8.851],[117.861,-8.931],[117.732,-8.92],[117.508,-9.008],[117.388,-9.032],[117.21,-9.034],[117.161,-9.069],[117.061,-9.099],[116.958,-9.076],[116.788,-9.006],[116.768,-8.955],[116.772,-8.894],[116.807,-8.811],[116.783,-8.665],[116.835,-8.532],[116.886,-8.508],[116.953,-8.503],[117.064,-8.444],[117.165,-8.367],[117.224,-8.375],[117.357,-8.429],[117.567,-8.426],[117.622,-8.46],[117.643,-8.536],[117.712,-8.583],[117.806,-8.711],[117.893,-8.704],[117.97,-8.728],[118.104,-8.65],[118.206,-8.652],[118.235,-8.592],[118.1,-8.475],[117.979,-8.459],[117.815,-8.342],[117.766,-8.279],[117.738,-8.205],[117.755,-8.15],[117.921,-8.089],[118.117,-8.122],[118.151,-8.15],[118.203,-8.267],[118.292,-8.357]]],[[[124.698,0.826],[124.514,0.557],[124.384,0.445],[124.217,0.38],[124.101,0.375],[123.754,0.306],[123.526,0.3],[123.265,0.327],[123.179,0.416],[123.083,0.486],[122.997,0.494],[122.281,0.481],[121.842,0.437],[121.516,0.498],[121.013,0.442],[120.909,0.447],[120.7,0.515],[120.579,0.528],[120.46,0.51],[120.349,0.449],[120.192,0.269],[120.127,0.167],[120.078,0.04],[120.013,-0.196],[120.012,-0.307],[120.063,-0.556],[120.097,-0.65],[120.241,-0.868],[120.27,-0.899],[120.425,-0.961],[120.518,-1.039],[120.605,-1.258],[120.667,-1.37],[120.797,-1.364],[121.034,-1.407],[121.149,-1.339],[121.277,-1.118],[121.431,-0.939],[121.519,-0.856],[121.576,-0.829],[121.633,-0.84],[121.738,-0.926],[121.853,-0.946],[121.97,-0.933],[122.094,-0.875],[122.175,-0.794],[122.28,-0.757],[122.659,-0.77],[122.889,-0.755],[122.886,-0.722],[122.829,-0.659],[123.171,-0.571],[123.281,-0.592],[123.38,-0.649],[123.417,-0.707],[123.434,-0.778],[123.378,-1.004],[123.3,-1.026],[123.226,-1.002],[123.153,-0.907],[123.049,-0.872],[122.903,-0.901],[122.807,-0.966],[122.656,-1.175],[122.507,-1.348],[122.251,-1.555],[121.859,-1.693],[121.78,-1.767],[121.719,-1.863],[121.651,-1.895],[121.573,-1.906],[121.395,-1.834],[121.355,-1.878],[121.349,-1.946],[121.408,-1.97],[121.502,-2.045],[121.575,-2.151],[121.726,-2.208],[121.77,-2.241],[121.848,-2.332],[121.972,-2.542],[122.014,-2.656],[122.083,-2.75],[122.292,-2.908],[122.303,-2.952],[122.29,-3.004],[122.307,-3.052],[122.381,-3.142],[122.399,-3.201],[122.317,-3.275],[122.313,-3.383],[122.263,-3.527],[122.253,-3.62],[122.329,-3.694],[122.435,-3.74],[122.529,-3.853],[122.579,-3.882],[122.61,-3.923],[122.607,-3.985],[122.65,-4.021],[122.69,-4.084],[122.75,-4.1],[122.798,-4.054],[122.848,-4.065],[122.877,-4.109],[122.9,-4.229],[122.897,-4.349],[122.872,-4.392],[122.818,-4.39],[122.72,-4.341],[122.722,-4.411],[122.471,-4.422],[122.207,-4.496],[122.114,-4.54],[122.054,-4.62],[122.05,-4.675],[122.073,-4.792],[122.038,-4.832],[121.917,-4.848],[121.748,-4.817],[121.589,-4.76],[121.514,-4.681],[121.487,-4.581],[121.541,-4.283],[121.612,-4.156],[121.618,-4.093],[121.537,-4.015],[121.416,-3.984],[121.313,-3.919],[120.914,-3.556],[120.892,-3.521],[120.907,-3.404],[121.054,-3.167],[121.07,-3.01],[121.052,-2.752],[120.99,-2.67],[120.879,-2.646],[120.765,-2.642],[120.654,-2.668],[120.341,-2.87],[120.261,-2.949],[120.254,-3.053],[120.36,-3.247],[120.392,-3.348],[120.437,-3.707],[120.435,-3.748],[120.383,-3.852],[120.362,-4.086],[120.385,-4.415],[120.42,-4.617],[120.405,-4.727],[120.31,-4.963],[120.279,-5.146],[120.391,-5.393],[120.43,-5.591],[120.312,-5.542],[120.077,-5.575],[119.952,-5.578],[119.818,-5.662],[119.717,-5.693],[119.557,-5.611],[119.376,-5.425],[119.36,-5.314],[119.434,-5.079],[119.52,-4.877],[119.516,-4.742],[119.594,-4.523],[119.612,-4.424],[119.624,-4.034],[119.48,-3.73],[119.495,-3.554],[119.467,-3.513],[119.42,-3.475],[119.362,-3.459],[118.995,-3.538],[118.922,-3.483],[118.868,-3.398],[118.812,-3.157],[118.822,-3.041],[118.858,-2.929],[118.784,-2.765],[118.783,-2.721],[118.809,-2.682],[118.958,-2.597],[119.092,-2.483],[119.135,-2.382],[119.138,-2.258],[119.172,-2.14],[119.322,-1.93],[119.348,-1.825],[119.308,-1.66],[119.324,-1.584],[119.309,-1.408],[119.359,-1.243],[119.508,-0.907],[119.654,-0.728],[119.711,-0.681],[119.787,-0.764],[119.844,-0.862],[119.845,-0.773],[119.772,-0.484],[119.722,-0.088],[119.736,-0.051],[119.787,-0.057],[119.838,-0.022],[119.866,0.04],[119.812,0.187],[119.809,0.239],[119.913,0.445],[120.035,0.567],[120.056,0.693],[120.157,0.774],[120.23,0.861],[120.27,0.971],[120.322,0.983],[120.367,0.888],[120.416,0.849],[120.517,0.818],[120.603,0.854],[120.659,0.944],[120.755,1.036],[120.868,1.253],[120.965,1.312],[121.082,1.328],[121.208,1.262],[121.404,1.244],[121.44,1.214],[121.513,1.105],[121.592,1.068],[121.867,1.089],[122.108,1.031],[122.437,1.018],[122.657,0.941],[122.838,0.846],[122.892,0.85],[122.96,0.923],[123.067,0.942],[123.278,0.928],[123.847,0.838],[123.931,0.85],[124.274,1.022],[124.411,1.185],[124.534,1.23],[124.575,1.304],[124.6,1.392],[124.788,1.468],[124.947,1.672],[124.989,1.701],[125.111,1.686],[125.165,1.644],[125.234,1.502],[125.117,1.379],[125.028,1.18],[124.967,1.083],[124.698,0.826]]],[[[107.475,-6.122],[107.563,-6.183],[107.667,-6.216],[107.884,-6.233],[108.009,-6.277],[108.138,-6.297],[108.295,-6.265],[108.516,-6.471],[108.604,-6.729],[108.678,-6.791],[108.78,-6.808],[109.018,-6.817],[109.294,-6.867],[109.404,-6.86],[109.501,-6.81],[109.821,-6.902],[109.936,-6.916],[110.198,-6.895],[110.321,-6.938],[110.426,-6.947],[110.521,-6.897],[110.584,-6.806],[110.701,-6.518],[110.737,-6.472],[110.835,-6.424],[110.972,-6.436],[111.182,-6.687],[111.342,-6.7],[111.484,-6.652],[111.54,-6.648],[111.644,-6.699],[111.738,-6.773],[111.99,-6.806],[112.087,-6.893],[112.137,-6.905],[112.434,-6.903],[112.539,-6.926],[112.649,-7.221],[112.752,-7.265],[112.794,-7.304],[112.783,-7.432],[112.795,-7.552],[113.014,-7.658],[113.248,-7.718],[113.498,-7.724],[113.747,-7.703],[114.071,-7.633],[114.409,-7.792],[114.444,-7.896],[114.443,-8.005],[114.385,-8.263],[114.387,-8.405],[114.449,-8.559],[114.482,-8.604],[114.595,-8.685],[114.584,-8.77],[114.459,-8.741],[114.383,-8.705],[114.339,-8.647],[114.277,-8.615],[114.16,-8.626],[113.94,-8.568],[113.693,-8.478],[113.253,-8.287],[113.134,-8.288],[113.019,-8.313],[112.898,-8.361],[112.679,-8.409],[112.115,-8.324],[111.51,-8.305],[111.339,-8.262],[111.055,-8.24],[110.83,-8.202],[110.607,-8.149],[110.039,-7.891],[109.853,-7.828],[109.282,-7.705],[108.987,-7.704],[108.856,-7.668],[108.741,-7.667],[108.571,-7.707],[108.452,-7.797],[108.221,-7.782],[107.917,-7.724],[107.696,-7.636],[107.547,-7.542],[107.285,-7.472],[106.631,-7.416],[106.455,-7.369],[106.411,-7.312],[106.417,-7.239],[106.52,-7.054],[106.198,-6.928],[105.944,-6.859],[105.835,-6.846],[105.601,-6.86],[105.478,-6.854],[105.362,-6.826],[105.255,-6.835],[105.243,-6.778],[105.273,-6.729],[105.336,-6.674],[105.371,-6.664],[105.387,-6.751],[105.46,-6.787],[105.484,-6.782],[105.581,-6.671],[105.655,-6.47],[105.706,-6.498],[105.787,-6.457],[105.868,-6.116],[105.936,-6.017],[106.029,-5.934],[106.075,-5.914],[106.166,-5.965],[106.35,-5.984],[106.459,-6.018],[106.676,-6.038],[106.825,-6.098],[106.932,-6.073],[107.012,-6.008],[107.046,-5.904],[107.162,-5.957],[107.332,-5.978],[107.475,-6.122]]],[[[109.539,1.896],[109.571,1.806],[109.636,1.777],[109.654,1.615],[109.736,1.523],[110.315,0.996],[110.506,0.862],[110.615,0.878],[110.938,1.017],[111.101,1.051],[111.287,1.043],[111.483,0.996],[111.547,0.994],[111.607,1.023],[111.77,0.999],[111.809,1.012],[111.923,1.113],[112.079,1.143],[112.167,1.338],[112.186,1.439],[112.251,1.48],[112.476,1.559],[112.943,1.567],[112.988,1.548],[112.988,1.457],[113.007,1.434],[113.069,1.432],[113.458,1.302],[113.513,1.308],[113.622,1.236],[113.76,1.311],[113.902,1.434],[114.0,1.455],[114.126,1.452],[114.275,1.471],[114.387,1.5],[114.513,1.452],[114.546,1.467],[114.632,1.617],[114.704,1.851],[114.8,1.894],[114.831,1.98],[114.788,2.052],[114.759,2.162],[114.786,2.25],[114.969,2.351],[115.179,2.523],[115.181,2.567],[115.081,2.634],[115.086,2.841],[115.118,2.895],[115.247,3.026],[115.31,2.994],[115.454,3.034],[115.493,3.128],[115.49,3.209],[115.514,3.342],[115.566,3.446],[115.571,3.502],[115.545,3.634],[115.568,3.939],[115.596,3.976],[115.679,4.193],[115.782,4.254],[115.861,4.348],[115.896,4.349],[116.022,4.291],[116.134,4.355],[116.236,4.363],[116.32,4.354],[116.415,4.308],[116.515,4.371],[116.589,4.338],[116.698,4.355],[117.101,4.337],[117.278,4.299],[117.451,4.193],[117.574,4.171],[117.497,4.133],[117.465,4.076],[117.559,3.988],[117.566,3.93],[117.728,3.797],[117.777,3.689],[117.714,3.645],[117.63,3.636],[117.51,3.73],[117.495,3.666],[117.45,3.629],[117.172,3.639],[117.056,3.623],[117.166,3.592],[117.346,3.427],[117.385,3.365],[117.322,3.244],[117.352,3.194],[117.422,3.165],[117.507,3.105],[117.567,3.098],[117.611,3.064],[117.612,3.005],[117.638,2.951],[117.569,2.929],[117.698,2.887],[117.639,2.825],[117.786,2.747],[117.805,2.669],[117.886,2.542],[118.034,2.378],[118.067,2.318],[118.066,2.263],[118.042,2.215],[117.957,2.16],[117.881,2.061],[117.789,2.027],[117.865,1.968],[117.928,1.867],[118.08,1.702],[118.472,1.416],[118.639,1.319],[118.853,1.096],[118.963,1.044],[118.985,0.982],[118.892,0.887],[118.757,0.839],[118.535,0.814],[118.196,0.874],[118.096,0.929],[118.016,1.039],[117.912,1.099],[117.977,0.964],[117.964,0.89],[117.923,0.831],[117.745,0.73],[117.553,0.341],[117.522,0.236],[117.464,-0.2],[117.463,-0.324],[117.549,-0.554],[117.574,-0.728],[117.562,-0.771],[117.241,-0.926],[117.146,-1.009],[117.003,-1.188],[116.914,-1.224],[116.849,-1.218],[116.797,-1.184],[116.74,-1.044],[116.729,-1.151],[116.771,-1.267],[116.753,-1.327],[116.715,-1.376],[116.554,-1.474],[116.545,-1.553],[116.518,-1.598],[116.332,-1.712],[116.275,-1.785],[116.424,-1.785],[116.43,-1.864],[116.452,-1.923],[116.424,-2.053],[116.314,-2.14],[116.418,-2.187],[116.528,-2.208],[116.565,-2.3],[116.529,-2.511],[116.45,-2.538],[116.353,-2.522],[116.317,-2.552],[116.307,-2.603],[116.375,-2.578],[116.372,-2.707],[116.331,-2.902],[116.289,-2.959],[116.226,-2.977],[116.166,-2.935],[116.154,-2.984],[116.172,-3.025],[116.257,-3.126],[116.167,-3.183],[116.15,-3.233],[116.058,-3.348],[116.017,-3.433],[115.999,-3.523],[115.956,-3.595],[114.694,-4.17],[114.653,-4.152],[114.625,-4.112],[114.606,-3.703],[114.536,-3.494],[114.526,-3.377],[114.446,-3.482],[114.344,-3.444],[114.305,-3.41],[114.302,-3.365],[114.344,-3.235],[114.236,-3.361],[114.178,-3.354],[114.128,-3.327],[114.109,-3.285],[114.082,-3.279],[113.959,-3.394],[113.796,-3.456],[113.705,-3.455],[113.634,-3.42],[113.63,-3.246],[113.61,-3.196],[113.566,-3.178],[113.526,-3.184],[113.409,-3.229],[113.367,-3.224],[113.343,-3.246],[113.034,-2.933],[112.971,-3.187],[112.758,-3.322],[112.6,-3.4],[112.285,-3.321],[112.127,-3.381],[111.955,-3.53],[111.907,-3.553],[111.858,-3.552],[111.822,-3.533],[111.836,-3.308],[111.823,-3.057],[111.809,-3.008],[111.76,-2.939],[111.695,-2.889],[111.625,-2.975],[111.495,-2.973],[111.368,-2.934],[111.259,-2.956],[111.044,-3.056],[110.93,-3.071],[110.869,-3.049],[110.83,-2.995],[110.852,-2.946],[110.899,-2.909],[110.811,-2.938],[110.703,-3.021],[110.668,-3.005],[110.574,-2.891],[110.378,-2.934],[110.303,-2.985],[110.256,-2.966],[110.233,-2.925],[110.224,-2.689],[110.124,-2.234],[110.097,-2.001],[110.075,-1.946],[109.96,-1.863],[109.964,-1.743],[110.023,-1.643],[110.036,-1.526],[109.983,-1.275],[109.938,-1.181],[109.787,-1.011],[109.682,-0.944],[109.454,-0.869],[109.333,-0.875],[109.259,-0.807],[109.271,-0.732],[109.312,-0.68],[109.366,-0.667],[109.373,-0.638],[109.257,-0.577],[109.161,-0.495],[109.13,-0.445],[109.121,-0.391],[109.122,-0.265],[109.195,-0.009],[109.258,0.031],[109.075,0.253],[108.945,0.356],[108.906,0.794],[108.917,0.913],[108.959,1.135],[109.031,1.204],[109.132,1.254],[109.01,1.24],[109.076,1.496],[109.167,1.607],[109.273,1.705],[109.379,1.923],[109.629,2.028],[109.539,1.896]]],[[[127.805,0.826],[127.881,0.832],[127.919,0.877],[127.967,1.043],[128.055,1.116],[128.117,1.127],[128.161,1.158],[128.157,1.317],[128.222,1.401],[128.424,1.518],[128.539,1.559],[128.688,1.573],[128.705,1.528],[128.688,1.464],[128.717,1.367],[128.703,1.106],[128.669,1.069],[128.515,0.979],[128.299,0.877],[128.257,0.805],[128.261,0.734],[128.398,0.639],[128.611,0.55],[128.655,0.508],[128.684,0.438],[128.692,0.36],[128.743,0.323],[128.815,0.305],[128.9,0.216],[128.54,0.338],[128.446,0.392],[128.221,0.414],[128.106,0.461],[127.983,0.472],[127.924,0.438],[127.887,0.298],[127.915,0.206],[127.889,0.05],[127.978,-0.248],[128.089,-0.485],[128.254,-0.732],[128.425,-0.893],[128.278,-0.87],[128.233,-0.788],[128.046,-0.706],[127.889,-0.424],[127.692,-0.242],[127.675,-0.163],[127.685,0.149],[127.709,0.288],[127.616,0.383],[127.555,0.49],[127.537,0.611],[127.542,0.681],[127.601,0.796],[127.608,0.848],[127.52,0.924],[127.429,1.14],[127.42,1.252],[127.537,1.467],[127.535,1.572],[127.632,1.844],[127.9,2.137],[128.036,2.199],[128.031,2.12],[127.907,1.946],[127.887,1.833],[127.946,1.79],[128.011,1.701],[128.026,1.458],[128.012,1.332],[127.885,1.163],[127.653,1.014],[127.633,0.977],[127.634,0.936],[127.677,0.887],[127.733,0.848],[127.805,0.826]]],[[[129.984,-2.977],[130.103,-2.993],[130.304,-2.979],[130.379,-2.989],[130.57,-3.131],[130.626,-3.228],[130.671,-3.392],[130.773,-3.419],[130.86,-3.57],[130.805,-3.858],[130.27,-3.579],[130.02,-3.475],[129.953,-3.392],[129.844,-3.327],[129.627,-3.317],[129.512,-3.329],[129.522,-3.434],[129.468,-3.453],[129.333,-3.409],[129.212,-3.393],[129.108,-3.349],[128.967,-3.326],[128.952,-3.304],[128.958,-3.241],[128.863,-3.235],[128.751,-3.3],[128.639,-3.433],[128.517,-3.449],[128.419,-3.416],[128.28,-3.241],[128.181,-3.172],[128.132,-3.157],[128.082,-3.184],[128.03,-3.341],[127.97,-3.444],[127.92,-3.506],[127.902,-3.496],[127.928,-3.341],[127.878,-3.222],[128.113,-2.935],[128.199,-2.866],[128.57,-2.842],[128.791,-2.857],[128.991,-2.829],[129.058,-2.838],[129.074,-2.895],[129.116,-2.937],[129.174,-2.933],[129.28,-2.889],[129.427,-2.791],[129.484,-2.786],[129.6,-2.806],[129.984,-2.977]]],[[[127.025,-3.166],[127.092,-3.278],[127.227,-3.391],[127.244,-3.471],[127.23,-3.633],[127.085,-3.671],[126.941,-3.765],[126.794,-3.789],[126.74,-3.814],[126.686,-3.824],[126.547,-3.772],[126.215,-3.605],[126.178,-3.579],[126.057,-3.421],[126.034,-3.356],[126.026,-3.171],[126.05,-3.128],[126.088,-3.105],[126.22,-3.148],[126.306,-3.103],[126.555,-3.065],[126.808,-3.069],[127.025,-3.166]]],[[[124.915,-9.032],[124.973,-9.064],[125.1,-9.004],[125.149,-9.043],[125.149,-9.123],[125.1,-9.19],[124.978,-9.195],[124.96,-9.214],[124.968,-9.294],[125.034,-9.382],[125.068,-9.512],[124.998,-9.565],[124.963,-9.666],[124.842,-9.76],[124.708,-9.914],[124.428,-10.149],[124.176,-10.183],[123.858,-10.344],[123.747,-10.347],[123.644,-10.311],[123.605,-10.27],[123.614,-10.215],[123.716,-10.079],[123.599,-10.015],[123.589,-9.967],[123.666,-9.705],[123.709,-9.615],[123.877,-9.453],[124.036,-9.342],[124.09,-9.416],[124.282,-9.428],[124.319,-9.414],[124.413,-9.314],[124.444,-9.19],[124.575,-9.155],[124.708,-9.062],[124.922,-8.942],[124.915,-9.032]]],[[[134.747,-5.707],[134.755,-5.883],[134.712,-5.95],[134.752,-6.05],[134.756,-6.171],[134.714,-6.295],[134.638,-6.365],[134.441,-6.335],[134.28,-6.201],[134.155,-6.063],[134.153,-6.02],[134.302,-6.01],[134.299,-5.971],[134.343,-5.833],[134.226,-5.744],[134.205,-5.707],[134.247,-5.682],[134.341,-5.713],[134.49,-5.525],[134.506,-5.438],[134.571,-5.427],[134.617,-5.439],[134.658,-5.539],[134.646,-5.581],[134.701,-5.603],[134.747,-5.707]]],[[[134.537,-6.442],[134.504,-6.591],[134.412,-6.68],[134.356,-6.815],[134.323,-6.849],[134.2,-6.909],[134.091,-6.834],[134.059,-6.769],[134.107,-6.472],[134.185,-6.479],[134.195,-6.46],[134.125,-6.426],[134.115,-6.191],[134.168,-6.176],[134.415,-6.387],[134.537,-6.442]]],[[[138.296,-8.405],[137.872,-8.38],[137.688,-8.412],[137.65,-8.386],[137.685,-8.262],[137.833,-7.932],[138.008,-7.642],[138.082,-7.566],[138.296,-7.438],[138.544,-7.38],[138.77,-7.39],[138.963,-7.588],[138.989,-7.696],[138.786,-8.059],[138.535,-8.274],[138.296,-8.405]]],[[[140.973,-2.614],[140.975,-6.346],[140.875,-6.612],[140.862,-6.74],[140.975,-6.905],[140.976,-9.119],[140.787,-8.974],[140.662,-8.847],[140.49,-8.62],[140.102,-8.301],[140.003,-8.196],[139.983,-8.167],[139.993,-8.139],[140.037,-8.084],[140.117,-7.924],[140.034,-8.023],[139.935,-8.101],[139.649,-8.125],[139.519,-8.173],[139.386,-8.189],[139.319,-8.166],[139.279,-8.107],[139.249,-7.982],[139.193,-8.086],[139.083,-8.143],[138.933,-8.262],[138.891,-8.238],[138.856,-8.145],[138.905,-8.041],[138.936,-7.913],[139.003,-7.838],[139.088,-7.587],[139.049,-7.528],[138.983,-7.508],[138.938,-7.472],[138.886,-7.373],[138.748,-7.251],[138.798,-7.216],[138.865,-7.201],[139.062,-7.227],[139.177,-7.19],[139.049,-7.201],[138.846,-7.136],[138.72,-7.07],[138.601,-6.937],[138.6,-6.911],[138.865,-6.858],[138.808,-6.79],[138.727,-6.731],[138.698,-6.626],[138.522,-6.454],[138.439,-6.343],[138.368,-6.119],[138.296,-5.949],[138.314,-5.888],[138.375,-5.844],[138.283,-5.839],[138.2,-5.807],[138.244,-5.724],[138.34,-5.676],[138.167,-5.712],[138.087,-5.709],[138.066,-5.676],[138.076,-5.546],[138.061,-5.465],[137.985,-5.428],[137.887,-5.349],[137.84,-5.35],[137.759,-5.256],[137.307,-5.014],[137.28,-4.945],[137.196,-4.99],[137.089,-4.924],[137.03,-4.929],[136.917,-4.895],[136.857,-4.893],[136.619,-4.819],[136.394,-4.701],[136.211,-4.651],[135.98,-4.531],[135.45,-4.443],[135.196,-4.451],[134.754,-4.195],[134.68,-4.079],[134.707,-3.955],[134.887,-3.938],[134.76,-3.922],[134.603,-3.976],[134.547,-3.979],[134.391,-3.91],[134.266,-3.946],[134.202,-3.887],[134.18,-3.825],[134.147,-3.797],[134.037,-3.822],[133.974,-3.818],[133.904,-3.72],[133.723,-3.578],[133.678,-3.479],[133.697,-3.248],[133.842,-3.055],[133.767,-3.044],[133.7,-3.087],[133.661,-3.186],[133.653,-3.364],[133.599,-3.416],[133.518,-3.412],[133.542,-3.516],[133.509,-3.616],[133.415,-3.732],[133.407,-3.785],[133.422,-3.843],[133.401,-3.899],[133.249,-4.062],[133.085,-4.069],[132.969,-4.095],[132.914,-4.057],[132.837,-3.949],[132.754,-3.704],[132.87,-3.551],[132.83,-3.413],[132.751,-3.295],[132.348,-2.975],[132.255,-2.943],[132.054,-2.915],[131.971,-2.789],[132.067,-2.76],[132.231,-2.68],[132.575,-2.727],[132.725,-2.789],[132.897,-2.658],[133.034,-2.487],[133.191,-2.438],[133.411,-2.514],[133.609,-2.547],[133.652,-2.601],[133.7,-2.625],[133.711,-2.544],[133.753,-2.451],[133.878,-2.415],[133.905,-2.391],[133.899,-2.304],[133.791,-2.294],[133.85,-2.22],[133.902,-2.184],[133.922,-2.102],[133.71,-2.189],[133.488,-2.226],[133.225,-2.214],[132.963,-2.273],[132.631,-2.247],[132.503,-2.218],[132.308,-2.242],[132.207,-2.176],[132.023,-1.99],[131.936,-1.715],[131.93,-1.56],[131.731,-1.541],[131.294,-1.393],[131.241,-1.43],[131.118,-1.455],[130.996,-1.425],[131.046,-1.284],[131.152,-1.219],[131.191,-1.166],[131.254,-1.007],[131.257,-0.855],[131.462,-0.782],[131.804,-0.704],[131.891,-0.657],[131.962,-0.582],[132.046,-0.537],[132.128,-0.454],[132.394,-0.355],[132.625,-0.359],[132.856,-0.417],[133.077,-0.512],[133.268,-0.636],[133.473,-0.726],[133.975,-0.744],[134.112,-0.847],[134.087,-0.897],[134.072,-1.002],[134.116,-1.102],[134.247,-1.311],[134.26,-1.363],[134.217,-1.529],[134.145,-1.621],[134.106,-1.721],[134.145,-1.969],[134.156,-2.195],[134.195,-2.309],[134.46,-2.832],[134.491,-2.714],[134.483,-2.583],[134.518,-2.536],[134.567,-2.51],[134.627,-2.537],[134.645,-2.59],[134.649,-2.706],[134.702,-2.934],[134.77,-2.944],[134.843,-2.909],[134.853,-3.108],[134.887,-3.21],[134.917,-3.25],[135.037,-3.333],[135.252,-3.369],[135.372,-3.375],[135.487,-3.345],[135.628,-3.186],[135.859,-2.995],[135.926,-2.904],[136.013,-2.734],[136.243,-2.583],[136.303,-2.426],[136.39,-2.273],[136.612,-2.224],[136.843,-2.198],[137.072,-2.105],[137.171,-2.025],[137.176,-1.973],[137.125,-1.881],[137.123,-1.841],[137.381,-1.686],[137.806,-1.483],[137.911,-1.484],[138.111,-1.616],[138.65,-1.791],[138.736,-1.846],[138.811,-1.918],[138.919,-1.968],[139.039,-1.992],[139.149,-2.039],[139.482,-2.212],[139.79,-2.348],[140.155,-2.35],[140.251,-2.412],[140.623,-2.446],[140.721,-2.508],[140.747,-2.607],[140.973,-2.614]]],[[[138.846,-8.402],[138.594,-8.371],[138.563,-8.309],[138.621,-8.268],[138.677,-8.199],[138.796,-8.174],[138.898,-8.338],[138.895,-8.389],[138.846,-8.402]]],[[[101.762,1.997],[101.774,1.943],[101.734,1.883],[101.719,1.789],[101.603,1.716],[101.501,1.733],[101.468,1.759],[101.403,1.901],[101.41,2.022],[101.45,2.068],[101.545,2.061],[101.641,2.127],[101.708,2.078],[101.762,1.997]]],[[[102.381,0.96],[102.325,1.007],[102.28,1.076],[102.255,1.147],[102.229,1.348],[102.256,1.397],[102.359,1.346],[102.443,1.234],[102.449,1.156],[102.427,0.99],[102.381,0.96]]],[[[102.499,1.331],[102.425,1.364],[102.367,1.415],[102.274,1.453],[102.161,1.465],[102.079,1.499],[102.021,1.558],[102.024,1.608],[102.042,1.625],[102.47,1.51],[102.492,1.459],[102.499,1.331]]],[[[103.009,0.708],[102.971,0.737],[102.711,0.784],[102.49,0.857],[102.454,0.89],[102.466,0.95],[102.491,0.987],[102.507,1.089],[102.549,1.13],[102.726,0.989],[103.002,0.859],[103.028,0.747],[103.009,0.708]]],[[[103.137,0.842],[103.087,0.848],[102.886,0.997],[102.702,1.054],[102.726,1.159],[102.79,1.165],[102.999,1.068],[103.068,1.015],[103.166,0.87],[103.137,0.842]]],[[[103.172,0.536],[103.14,0.549],[103.153,0.643],[103.187,0.7],[103.238,0.699],[103.295,0.614],[103.284,0.542],[103.172,0.536]]],[[[103.43,0.651],[103.344,0.778],[103.366,0.851],[103.386,0.87],[103.47,0.778],[103.497,0.723],[103.43,0.651]]],[[[104.088,1.137],[104.14,1.166],[104.127,1.092],[104.066,0.99],[103.964,1.013],[103.932,1.071],[103.955,1.137],[104.0,1.137],[104.025,1.181],[104.088,1.137]]],[[[104.591,1.141],[104.648,1.105],[104.663,1.05],[104.653,0.961],[104.575,0.832],[104.504,0.853],[104.471,0.913],[104.481,0.933],[104.429,0.956],[104.462,0.996],[104.439,1.05],[104.252,1.015],[104.25,1.103],[104.362,1.181],[104.428,1.196],[104.5,1.18],[104.585,1.216],[104.591,1.141]]],[[[104.808,-0.192],[104.843,-0.141],[104.909,-0.212],[105.005,-0.283],[104.951,-0.284],[104.914,-0.323],[104.702,-0.209],[104.567,-0.246],[104.447,-0.189],[104.497,-0.126],[104.543,0.018],[104.636,-0.018],[104.653,-0.076],[104.713,-0.103],[104.808,-0.192]]],[[[104.474,-0.335],[104.59,-0.467],[104.507,-0.597],[104.485,-0.613],[104.414,-0.584],[104.363,-0.659],[104.33,-0.539],[104.257,-0.463],[104.302,-0.386],[104.341,-0.383],[104.364,-0.403],[104.474,-0.335]]],[[[103.606,-0.383],[103.461,-0.358],[103.479,-0.297],[103.549,-0.228],[103.611,-0.231],[103.724,-0.277],[103.764,-0.318],[103.737,-0.348],[103.606,-0.383]]],[[[109.511,-1.283],[109.464,-1.278],[109.428,-1.241],[109.45,-1.044],[109.476,-0.985],[109.615,-0.979],[109.7,-1.007],[109.743,-1.039],[109.761,-1.105],[109.751,-1.145],[109.71,-1.181],[109.511,-1.283]]],[[[113.826,-7.12],[113.656,-7.112],[113.546,-7.193],[113.471,-7.218],[113.142,-7.208],[113.127,-7.224],[112.764,-7.14],[112.726,-7.073],[112.769,-7.001],[112.868,-6.9],[113.067,-6.88],[113.975,-6.873],[114.074,-6.96],[114.083,-6.989],[113.885,-7.049],[113.826,-7.12]]],[[[134.917,-1.134],[134.862,-1.114],[134.809,-1.038],[134.828,-0.979],[134.889,-0.938],[134.941,-0.979],[134.957,-1.031],[134.996,-1.034],[134.965,-1.116],[134.917,-1.134]]],[[[127.187,-0.521],[127.119,-0.521],[127.104,-0.414],[127.126,-0.279],[127.19,-0.256],[127.29,-0.284],[127.253,-0.319],[127.281,-0.391],[127.25,-0.495],[127.187,-0.521]]],[[[127.682,-0.468],[127.605,-0.61],[127.659,-0.689],[127.804,-0.694],[127.863,-0.76],[127.88,-0.809],[127.842,-0.848],[127.761,-0.884],[127.668,-0.832],[127.624,-0.766],[127.463,-0.806],[127.438,-0.739],[127.469,-0.643],[127.381,-0.6],[127.3,-0.5],[127.297,-0.46],[127.329,-0.391],[127.325,-0.336],[127.371,-0.332],[127.455,-0.406],[127.492,-0.336],[127.527,-0.307],[127.567,-0.319],[127.682,-0.468]]],[[[132.845,-5.988],[132.922,-5.785],[132.938,-5.683],[133.009,-5.621],[133.115,-5.311],[133.138,-5.318],[133.173,-5.348],[133.12,-5.576],[132.971,-5.736],[132.926,-5.902],[132.845,-5.988]]],[[[132.746,-5.947],[132.705,-5.913],[132.681,-5.913],[132.667,-5.856],[132.681,-5.739],[132.63,-5.607],[132.698,-5.609],[132.804,-5.789],[132.807,-5.851],[132.746,-5.947]]],[[[128.25,-3.711],[128.192,-3.735],[128.143,-3.733],[128.159,-3.698],[128.147,-3.677],[128.052,-3.715],[127.978,-3.771],[127.934,-3.743],[127.925,-3.699],[127.928,-3.679],[128.016,-3.601],[128.119,-3.587],[128.264,-3.512],[128.329,-3.516],[128.277,-3.633],[128.276,-3.675],[128.25,-3.711]]],[[[126.776,4.013],[126.711,4.02],[126.704,4.071],[126.77,4.162],[126.814,4.258],[126.767,4.283],[126.722,4.344],[126.721,4.416],[126.757,4.548],[126.812,4.537],[126.865,4.48],[126.921,4.291],[126.848,4.18],[126.817,4.033],[126.776,4.013]]],[[[125.633,3.405],[125.512,3.461],[125.518,3.55],[125.455,3.684],[125.469,3.733],[125.543,3.67],[125.644,3.477],[125.658,3.436],[125.633,3.405]]],[[[130.775,-8.35],[130.833,-8.271],[131.02,-8.091],[131.087,-8.125],[131.176,-8.131],[131.044,-8.212],[130.908,-8.246],[130.862,-8.319],[130.775,-8.35]]],[[[129.78,-8.046],[129.713,-8.041],[129.592,-7.917],[129.609,-7.803],[129.655,-7.795],[129.813,-7.82],[129.844,-7.889],[129.839,-7.955],[129.78,-8.046]]],[[[127.998,-8.139],[128.099,-8.135],[128.119,-8.171],[128.024,-8.255],[127.821,-8.19],[127.786,-8.12],[127.823,-8.099],[127.998,-8.139]]],[[[130.365,-1.75],[130.425,-1.805],[130.404,-1.89],[130.381,-1.903],[130.419,-1.971],[130.373,-1.992],[130.339,-1.982],[130.248,-2.048],[130.133,-2.064],[130.093,-2.028],[129.887,-1.986],[129.754,-1.894],[129.738,-1.867],[129.994,-1.759],[130.106,-1.73],[130.2,-1.732],[130.353,-1.691],[130.365,-1.75]]],[[[102.286,-5.483],[102.136,-5.361],[102.111,-5.323],[102.154,-5.286],[102.198,-5.289],[102.372,-5.366],[102.405,-5.405],[102.367,-5.479],[102.286,-5.483]]],[[[100.465,-3.329],[100.346,-3.229],[100.348,-3.159],[100.332,-3.113],[100.26,-3.057],[100.204,-2.987],[100.179,-2.82],[100.199,-2.786],[100.246,-2.783],[100.455,-3.002],[100.469,-3.039],[100.464,-3.117],[100.434,-3.141],[100.425,-3.183],[100.465,-3.329]]],[[[100.133,-2.821],[100.015,-2.82],[99.992,-2.77],[99.997,-2.649],[99.969,-2.594],[99.988,-2.525],[100.012,-2.51],[100.202,-2.68],[100.204,-2.741],[100.133,-2.821]]],[[[99.848,-2.37],[99.685,-2.282],[99.607,-2.258],[99.537,-2.162],[99.572,-2.026],[99.622,-2.017],[99.686,-2.063],[99.735,-2.178],[99.816,-2.284],[99.848,-2.37]]],[[[98.4,-0.577],[98.31,-0.532],[98.34,-0.468],[98.355,-0.379],[98.409,-0.309],[98.427,-0.226],[98.323,-0.001],[98.375,0.007],[98.415,-0.018],[98.484,-0.168],[98.544,-0.258],[98.52,-0.38],[98.459,-0.53],[98.4,-0.577]]],[[[96.401,2.351],[96.341,2.372],[96.29,2.43],[96.022,2.596],[95.938,2.598],[95.88,2.641],[95.809,2.656],[95.733,2.767],[95.717,2.826],[95.772,2.855],[95.806,2.916],[95.896,2.889],[95.998,2.781],[96.102,2.741],[96.18,2.661],[96.417,2.515],[96.459,2.416],[96.464,2.36],[96.401,2.351]]],[[[121.98,-5.465],[121.859,-5.35],[121.808,-5.256],[121.821,-5.203],[121.874,-5.145],[121.866,-5.096],[121.914,-5.072],[121.966,-5.076],[122.0,-5.141],[122.041,-5.159],[122.062,-5.221],[122.043,-5.438],[121.98,-5.465]]],[[[123.234,-1.234],[123.198,-1.288],[123.238,-1.389],[123.339,-1.254],[123.435,-1.237],[123.527,-1.286],[123.547,-1.337],[123.512,-1.447],[123.449,-1.499],[123.367,-1.507],[123.329,-1.443],[123.275,-1.437],[123.237,-1.577],[123.173,-1.616],[123.123,-1.556],[123.183,-1.493],[123.15,-1.304],[123.105,-1.34],[122.984,-1.511],[122.89,-1.587],[122.858,-1.548],[122.811,-1.432],[122.832,-1.283],[122.908,-1.182],[122.972,-1.189],[123.158,-1.158],[123.212,-1.171],[123.234,-1.234]]],[[[121.907,-0.451],[121.881,-0.503],[121.756,-0.491],[121.655,-0.526],[121.672,-0.479],[121.749,-0.407],[121.797,-0.418],[121.864,-0.407],[121.907,-0.451]]],[[[120.487,-6.465],[120.468,-6.406],[120.461,-6.254],[120.436,-6.18],[120.452,-6.095],[120.446,-5.876],[120.477,-5.775],[120.549,-5.969],[120.528,-6.298],[120.487,-6.465]]],[[[115.296,-6.988],[115.22,-6.953],[115.241,-6.861],[115.414,-6.84],[115.524,-6.902],[115.546,-6.939],[115.424,-6.941],[115.377,-6.971],[115.296,-6.988]]],[[[116.093,-4.054],[116.059,-4.007],[116.077,-3.817],[116.018,-3.7],[116.022,-3.612],[116.064,-3.458],[116.117,-3.34],[116.27,-3.251],[116.262,-3.395],[116.295,-3.495],[116.282,-3.535],[116.319,-3.763],[116.289,-3.821],[116.303,-3.868],[116.093,-4.054]]],[[[122.949,-10.909],[122.826,-10.899],[122.818,-10.811],[122.846,-10.762],[123.061,-10.698],[123.146,-10.64],[123.265,-10.518],[123.371,-10.475],[123.383,-10.568],[123.418,-10.651],[123.311,-10.698],[123.215,-10.806],[123.005,-10.876],[122.949,-10.909]]],[[[124.226,-8.391],[124.184,-8.499],[124.147,-8.531],[124.066,-8.552],[124.017,-8.444],[123.928,-8.449],[123.971,-8.354],[124.014,-8.319],[124.069,-8.318],[124.111,-8.364],[124.24,-8.203],[124.266,-8.202],[124.304,-8.229],[124.287,-8.329],[124.226,-8.391]]],[[[123.784,-8.3],[123.698,-8.424],[123.629,-8.422],[123.592,-8.478],[123.58,-8.545],[123.553,-8.567],[123.489,-8.532],[123.411,-8.587],[123.33,-8.536],[123.23,-8.531],[123.325,-8.439],[123.455,-8.354],[123.476,-8.322],[123.395,-8.301],[123.391,-8.28],[123.53,-8.265],[123.601,-8.291],[123.776,-8.19],[123.896,-8.239],[123.925,-8.272],[123.784,-8.3]]],[[[123.297,-8.399],[123.025,-8.396],[123.033,-8.338],[123.133,-8.254],[123.217,-8.235],[123.336,-8.269],[123.297,-8.399]]],[[[134.661,-6.559],[134.634,-6.477],[134.679,-6.456],[134.729,-6.506],[134.716,-6.549],[134.661,-6.559]]],[[[103.43,0.993],[103.363,1.007],[103.315,1.071],[103.38,1.134],[103.424,1.048],[103.43,0.993]]],[[[103.834,0.772],[103.742,0.83],[103.752,0.891],[103.807,0.846],[103.834,0.772]]],[[[104.177,0.805],[104.098,0.896],[104.123,0.944],[104.171,0.897],[104.227,0.88],[104.239,0.834],[104.177,0.805]]],[[[104.698,0.035],[104.604,0.095],[104.499,0.232],[104.544,0.223],[104.66,0.103],[104.698,0.035]]],[[[106.284,3.088],[106.215,3.129],[106.201,3.205],[106.224,3.23],[106.271,3.216],[106.284,3.088]]],[[[105.719,2.859],[105.706,2.889],[105.692,3.062],[105.837,2.977],[105.809,2.904],[105.76,2.863],[105.719,2.859]]],[[[108.839,2.853],[108.787,2.886],[108.886,2.999],[108.888,2.905],[108.839,2.853]]],[[[108.838,-1.662],[108.804,-1.568],[108.877,-1.54],[108.957,-1.564],[108.953,-1.62],[108.838,-1.662]]],[[[107.433,-2.925],[107.402,-2.873],[107.419,-2.838],[107.5,-2.845],[107.473,-2.9],[107.433,-2.925]]],[[[106.87,-3.025],[106.814,-3.014],[106.774,-2.987],[106.743,-2.933],[106.797,-2.899],[106.911,-2.934],[106.87,-3.025]]],[[[114.398,-7.173],[114.347,-7.163],[114.299,-7.098],[114.349,-7.073],[114.384,-7.081],[114.413,-7.133],[114.398,-7.173]]],[[[112.698,-5.846],[112.602,-5.844],[112.586,-5.804],[112.649,-5.731],[112.69,-5.726],[112.727,-5.753],[112.698,-5.846]]],[[[105.19,-6.662],[105.143,-6.643],[105.121,-6.615],[105.192,-6.546],[105.261,-6.524],[105.277,-6.561],[105.253,-6.64],[105.19,-6.662]]],[[[97.328,2.053],[97.225,2.158],[97.108,2.217],[97.157,2.232],[97.291,2.201],[97.329,2.149],[97.328,2.053]]],[[[95.343,5.784],[95.283,5.799],[95.218,5.89],[95.242,5.907],[95.359,5.877],[95.362,5.812],[95.343,5.784]]],[[[123.529,-1.711],[123.483,-1.681],[123.487,-1.535],[123.529,-1.503],[123.549,-1.508],[123.582,-1.591],[123.616,-1.627],[123.598,-1.704],[123.529,-1.711]]],[[[123.145,-4.233],[123.076,-4.227],[122.995,-4.148],[122.969,-4.03],[123.025,-3.981],[123.212,-3.998],[123.247,-4.041],[123.242,-4.113],[123.145,-4.233]]],[[[123.866,-1.996],[123.804,-1.994],[123.777,-1.919],[123.783,-1.878],[123.866,-1.996]]],[[[123.079,-1.899],[123.071,-1.855],[123.086,-1.815],[123.138,-1.773],[123.153,-1.817],[123.079,-1.899]]],[[[119.425,-8.75],[119.386,-8.736],[119.402,-8.647],[119.379,-8.587],[119.42,-8.539],[119.446,-8.429],[119.482,-8.473],[119.547,-8.483],[119.555,-8.553],[119.536,-8.589],[119.444,-8.672],[119.464,-8.741],[119.425,-8.75]]],[[[119.03,-8.24],[119.021,-8.2],[119.037,-8.158],[119.098,-8.139],[119.135,-8.197],[119.074,-8.239],[119.03,-8.24]]],[[[115.582,-8.804],[115.48,-8.715],[115.561,-8.67],[115.613,-8.713],[115.61,-8.77],[115.582,-8.804]]],[[[117.649,4.169],[117.885,4.186],[117.923,4.054],[117.737,4.004],[117.625,4.121],[117.649,4.169]]],[[[117.646,3.248],[117.56,3.328],[117.537,3.386],[117.548,3.432],[117.637,3.436],[117.681,3.408],[117.646,3.248]]],[[[124.042,-6.022],[123.972,-5.939],[123.976,-5.88],[124.023,-5.902],[124.051,-5.974],[124.042,-6.022]]],[[[123.623,-5.373],[123.583,-5.367],[123.55,-5.332],[123.543,-5.271],[123.561,-5.25],[123.627,-5.272],[123.623,-5.373]]],[[[120.774,-7.119],[120.641,-7.116],[120.633,-7.018],[120.782,-7.063],[120.774,-7.119]]],[[[117.556,-8.367],[117.49,-8.349],[117.506,-8.307],[117.482,-8.239],[117.491,-8.183],[117.546,-8.152],[117.665,-8.148],[117.669,-8.189],[117.556,-8.367]]],[[[116.388,-3.637],[116.327,-3.539],[116.395,-3.423],[116.427,-3.4],[116.388,-3.637]]],[[[127.338,0.758],[127.306,0.769],[127.286,0.812],[127.293,0.842],[127.32,0.862],[127.354,0.847],[127.373,0.791],[127.338,0.758]]],[[[134.345,-2.139],[134.335,-2.095],[134.351,-2.037],[134.391,-2.031],[134.419,-2.052],[134.374,-2.124],[134.345,-2.139]]],[[[133.622,-4.299],[133.503,-4.257],[133.333,-4.17],[133.321,-4.111],[133.571,-4.246],[133.622,-4.299]]],[[[130.88,-0.828],[130.832,-0.863],[130.402,-0.924],[130.484,-0.833],[130.527,-0.837],[130.635,-0.812],[130.813,-0.814],[130.807,-0.765],[130.905,-0.777],[130.88,-0.828]]],[[[130.569,-0.53],[130.465,-0.487],[130.597,-0.418],[130.657,-0.437],[130.684,-0.469],[130.627,-0.529],[130.569,-0.53]]],[[[129.506,-0.19],[129.469,-0.131],[129.37,-0.066],[129.309,0.045],[129.542,-0.139],[129.549,-0.187],[129.506,-0.19]]],[[[127.449,-0.037],[127.397,0.017],[127.431,0.143],[127.449,0.069],[127.449,-0.037]]],[[[127.384,0.631],[127.363,0.675],[127.383,0.744],[127.425,0.744],[127.443,0.733],[127.446,0.683],[127.42,0.642],[127.384,0.631]]],[[[127.289,-0.802],[127.156,-0.761],[127.209,-0.619],[127.258,-0.623],[127.301,-0.758],[127.289,-0.802]]],[[[128.722,-3.547],[128.713,-3.603],[128.62,-3.589],[128.585,-3.512],[128.595,-3.495],[128.694,-3.525],[128.722,-3.547]]],[[[128.392,-3.638],[128.452,-3.515],[128.536,-3.541],[128.563,-3.585],[128.392,-3.638]]],[[[126.722,3.833],[126.661,3.928],[126.638,4.042],[126.686,4.001],[126.74,3.918],[126.719,3.875],[126.722,3.833]]],[[[126.836,3.757],[126.778,3.813],[126.779,3.843],[126.804,3.858],[126.857,3.812],[126.852,3.768],[126.836,3.757]]],[[[125.397,2.63],[125.36,2.747],[125.391,2.805],[125.446,2.763],[125.404,2.707],[125.397,2.63]]],[[[131.97,-7.251],[131.927,-7.225],[131.884,-7.167],[131.778,-7.144],[131.751,-7.117],[131.922,-7.104],[131.982,-7.202],[131.97,-7.251]]],[[[128.625,-7.209],[128.53,-7.135],[128.577,-7.083],[128.628,-7.069],[128.673,-7.113],[128.67,-7.183],[128.625,-7.209]]],[[[127.355,-7.646],[127.375,-7.572],[127.371,-7.513],[127.475,-7.531],[127.464,-7.597],[127.355,-7.646]]],[[[123.326,-10.338],[123.326,-10.264],[123.395,-10.171],[123.459,-10.14],[123.497,-10.194],[123.405,-10.227],[123.416,-10.303],[123.326,-10.338]]],[[[121.833,-10.602],[121.705,-10.556],[121.796,-10.507],[121.867,-10.439],[121.95,-10.433],[121.998,-10.447],[121.981,-10.528],[121.883,-10.59],[121.833,-10.602]]],[[[134.795,-6.442],[134.795,-6.393],[134.823,-6.35],[134.852,-6.325],[134.886,-6.324],[134.82,-6.434],[134.795,-6.442]]],[[[134.657,-6.765],[134.629,-6.713],[134.698,-6.626],[134.736,-6.623],[134.726,-6.669],[134.657,-6.765]]],[[[127.938,-3.02],[127.85,-3.016],[127.834,-3.004],[127.988,-2.937],[127.938,-3.02]]],[[[127.629,-3.359],[127.531,-3.331],[127.488,-3.288],[127.554,-3.254],[127.629,-3.359]]],[[[122.946,-8.604],[122.888,-8.587],[122.904,-8.531],[123.011,-8.448],[123.089,-8.44],[123.153,-8.476],[123.03,-8.495],[122.977,-8.545],[122.946,-8.604]]]]}},{"type":"Feature","properties":{},"geometry":{"type":"MultiPolygon","coordinates":[[[[68.165,23.857],[68.283,23.928],[68.489,23.967],[68.724,23.965],[68.728,24.266],[68.74,24.292],[68.781,24.314],[68.8,24.309],[68.828,24.264],[68.863,24.267],[68.901,24.292],[68.985,24.273],[69.052,24.286],[69.12,24.269],[69.559,24.273],[69.716,24.173],[69.805,24.165],[70.021,24.192],[70.098,24.288],[70.489,24.412],[70.547,24.418],[70.565,24.386],[70.556,24.331],[70.579,24.279],[70.716,24.238],[70.805,24.262],[70.886,24.344],[70.928,24.362],[70.983,24.361],[71.044,24.4],[71.045,24.43],[71.006,24.444],[70.973,24.487],[70.97,24.572],[70.976,24.619],[71.048,24.688],[70.878,25.063],[70.8,25.206],[70.703,25.331],[70.652,25.423],[70.648,25.667],[70.57,25.706],[70.449,25.681],[70.325,25.686],[70.265,25.707],[70.1,25.91],[70.079,25.99],[70.078,26.072],[70.133,26.215],[70.157,26.471],[70.148,26.506],[70.115,26.548],[70.059,26.579],[69.911,26.586],[69.736,26.627],[69.507,26.743],[69.47,26.804],[69.537,27.123],[69.622,27.228],[69.896,27.474],[70.145,27.849],[70.244,27.934],[70.404,28.025],[70.489,28.023],[70.629,27.937],[70.649,27.835],[70.692,27.769],[70.737,27.729],[70.798,27.71],[70.875,27.714],[71.185,27.832],[71.29,27.855],[71.543,27.87],[71.87,27.962],[71.889,28.047],[71.948,28.177],[72.129,28.346],[72.179,28.422],[72.292,28.697],[72.342,28.752],[72.903,29.029],[73.128,29.364],[73.231,29.551],[73.382,29.934],[73.809,30.093],[73.933,30.222],[73.925,30.282],[73.883,30.352],[73.899,30.435],[74.009,30.52],[74.216,30.769],[74.339,30.894],[74.38,30.893],[74.633,31.035],[74.61,31.113],[74.54,31.133],[74.518,31.186],[74.594,31.465],[74.51,31.713],[74.556,31.819],[74.636,31.89],[74.739,31.949],[75.071,32.089],[75.254,32.14],[75.325,32.215],[75.333,32.279],[75.234,32.372],[74.987,32.462],[74.789,32.458],[74.686,32.494],[74.658,32.519],[74.643,32.608],[74.663,32.758],[74.632,32.771],[74.588,32.753],[74.483,32.771],[74.355,32.769],[74.305,32.81],[74.33,32.861],[74.304,32.992],[74.126,33.075],[74.004,33.189],[73.994,33.242],[74.118,33.384],[74.15,33.507],[74.131,33.545],[74.004,33.632],[73.978,33.668],[73.976,33.721],[74.001,33.788],[74.078,33.839],[74.216,33.887],[74.251,33.946],[74.246,33.99],[73.95,34.019],[73.904,34.076],[73.904,34.108],[73.979,34.191],[73.972,34.237],[73.925,34.288],[73.81,34.325],[73.795,34.378],[73.961,34.653],[74.3,34.765],[74.952,34.646],[75.188,34.639],[75.453,34.537],[75.606,34.503],[75.709,34.503],[75.862,34.56],[76.041,34.67],[76.172,34.668],[76.457,34.756],[76.594,34.736],[76.696,34.787],[76.783,34.9],[77.001,34.992],[77.049,35.11],[77.799,35.496],[77.895,35.449],[78.009,35.49],[78.043,35.48],[78.047,35.449],[78.009,35.307],[78.012,35.251],[78.076,35.135],[78.282,34.654],[78.327,34.606],[78.671,34.518],[78.936,34.352],[78.97,34.303],[78.971,34.228],[78.932,34.189],[78.753,34.088],[78.727,34.013],[78.784,33.809],[78.802,33.5],[78.948,33.347],[79.112,33.226],[79.135,33.172],[79.103,33.053],[79.109,33.023],[79.202,32.946],[79.206,32.809],[79.234,32.703],[79.219,32.501],[79.127,32.476],[79.067,32.388],[78.919,32.358],[78.771,32.468],[78.737,32.558],[78.701,32.597],[78.412,32.558],[78.392,32.545],[78.39,32.52],[78.441,32.397],[78.455,32.3],[78.496,32.216],[78.726,31.984],[78.735,31.958],[78.687,31.806],[78.693,31.74],[78.803,31.618],[78.755,31.55],[78.727,31.472],[78.759,31.437],[78.744,31.324],[78.758,31.302],[78.792,31.294],[78.845,31.302],[78.9,31.331],[78.974,31.329],[79.011,31.414],[79.044,31.426],[79.107,31.403],[79.339,31.106],[79.493,30.994],[79.565,30.949],[79.795,30.968],[80.081,30.782],[80.149,30.79],[80.194,30.759],[80.207,30.684],[80.191,30.568],[80.261,30.561],[80.682,30.415],[80.747,30.36],[80.985,30.237],[81.01,30.165],[80.966,30.18],[80.908,30.172],[80.848,30.14],[80.684,29.994],[80.549,29.9],[80.402,29.73],[80.255,29.423],[80.256,29.318],[80.233,29.195],[80.13,29.1],[80.085,28.994],[80.052,28.87],[80.071,28.83],[80.419,28.612],[80.479,28.605],[80.518,28.665],[80.587,28.65],[80.751,28.54],[81.169,28.335],[81.239,28.241],[81.311,28.176],[81.486,28.062],[81.853,27.867],[81.988,27.914],[82.112,27.865],[82.451,27.672],[82.63,27.687],[82.677,27.673],[82.733,27.519],[83.064,27.445],[83.29,27.371],[83.369,27.41],[83.384,27.445],[83.447,27.465],[83.552,27.456],[83.829,27.378],[83.897,27.435],[84.025,27.462],[84.091,27.491],[84.23,27.428],[84.61,27.299],[84.655,27.204],[84.654,27.092],[84.685,27.041],[85.02,26.879],[85.125,26.861],[85.152,26.847],[85.174,26.782],[85.24,26.75],[85.293,26.741],[85.568,26.84],[85.648,26.829],[85.7,26.782],[85.707,26.713],[85.737,26.64],[85.795,26.604],[85.856,26.6],[86.007,26.649],[86.129,26.612],[86.366,26.574],[86.701,26.435],[86.763,26.442],[87.016,26.555],[87.038,26.542],[87.09,26.433],[87.287,26.36],[87.414,26.423],[87.633,26.399],[87.849,26.437],[87.995,26.382],[88.055,26.43],[88.162,26.725],[88.157,26.807],[88.111,26.928],[87.993,27.086],[87.984,27.134],[88.024,27.409],[88.068,27.567],[88.147,27.749],[88.15,27.843],[88.11,27.871],[88.099,27.905],[88.109,27.933],[88.141,27.949],[88.426,28.012],[88.578,28.093],[88.621,28.092],[88.804,28.007],[88.849,27.869],[88.749,27.522],[88.765,27.43],[88.891,27.316],[88.76,27.218],[88.739,27.176],[88.835,27.066],[88.858,26.961],[89.148,26.816],[89.332,26.849],[89.586,26.779],[89.609,26.762],[89.61,26.719],[89.764,26.702],[90.123,26.755],[90.206,26.848],[90.346,26.89],[90.56,26.797],[90.74,26.772],[91.134,26.803],[91.287,26.79],[91.427,26.867],[91.456,26.867],[91.518,26.807],[91.672,26.802],[91.842,26.853],[91.998,26.855],[92.05,26.875],[92.073,26.915],[92.068,26.975],[91.992,27.1],[92.031,27.214],[92.083,27.291],[91.991,27.45],[91.743,27.443],[91.658,27.494],[91.595,27.558],[91.579,27.611],[91.632,27.76],[91.978,27.73],[92.101,27.808],[92.25,27.842],[92.341,27.821],[92.415,27.825],[92.547,27.879],[92.664,27.949],[92.688,27.989],[92.688,28.026],[92.643,28.062],[92.653,28.093],[92.702,28.147],[92.882,28.228],[93.035,28.328],[93.119,28.402],[93.207,28.591],[93.252,28.629],[93.665,28.69],[93.761,28.73],[93.902,28.803],[93.974,28.861],[94.013,28.908],[94.018,28.96],[94.112,28.976],[94.293,29.145],[94.468,29.216],[94.623,29.312],[94.677,29.297],[94.733,29.252],[94.769,29.176],[94.999,29.149],[95.279,29.05],[95.389,29.037],[95.517,29.151],[95.516,29.206],[95.71,29.314],[96.035,29.447],[96.129,29.381],[96.195,29.272],[96.235,29.246],[96.337,29.261],[96.356,29.249],[96.34,29.21],[96.122,29.082],[96.137,28.923],[96.162,28.91],[96.347,29.027],[96.436,29.051],[96.467,29.022],[96.477,28.959],[96.581,28.764],[96.396,28.607],[96.327,28.525],[96.326,28.469],[96.279,28.428],[96.281,28.412],[96.389,28.368],[96.428,28.406],[96.603,28.46],[96.653,28.45],[96.776,28.367],[96.981,28.338],[97.075,28.369],[97.145,28.34],[97.322,28.218],[97.303,28.086],[97.339,28.031],[97.335,27.938],[97.306,27.907],[97.226,27.89],[96.963,27.698],[96.9,27.644],[96.877,27.587],[96.902,27.44],[97.104,27.163],[97.102,27.115],[97.038,27.102],[96.953,27.133],[96.88,27.178],[96.798,27.296],[96.732,27.331],[96.666,27.339],[96.191,27.261],[96.061,27.217],[95.905,27.047],[95.738,26.95],[95.464,26.756],[95.129,26.597],[95.06,26.474],[95.051,26.347],[95.069,26.191],[95.132,26.041],[95.015,25.913],[94.992,25.77],[94.946,25.7],[94.786,25.519],[94.668,25.459],[94.623,25.41],[94.58,25.32],[94.553,25.216],[94.567,25.192],[94.675,25.139],[94.704,25.098],[94.708,25.049],[94.584,24.767],[94.399,24.514],[94.293,24.322],[94.128,23.876],[94.075,23.872],[93.683,24.007],[93.494,23.973],[93.452,23.987],[93.356,24.074],[93.326,24.064],[93.307,24.022],[93.373,23.774],[93.415,23.682],[93.366,23.133],[93.308,23.03],[93.254,23.015],[93.204,23.037],[93.164,23.032],[93.151,22.997],[93.162,22.908],[93.079,22.718],[93.105,22.547],[93.162,22.36],[93.151,22.231],[93.121,22.205],[93.071,22.209],[93.043,22.184],[92.965,22.004],[92.909,21.989],[92.854,22.01],[92.771,22.105],[92.721,22.132],[92.689,22.131],[92.63,22.011],[92.575,21.978],[92.491,22.685],[92.393,22.897],[92.362,22.929],[92.341,23.07],[92.334,23.324],[92.246,23.684],[92.187,23.676],[92.152,23.722],[92.044,23.678],[91.93,23.686],[91.938,23.505],[91.919,23.471],[91.79,23.361],[91.754,23.287],[91.774,23.106],[91.751,23.054],[91.695,23.005],[91.62,22.98],[91.554,22.992],[91.511,23.034],[91.436,23.2],[91.399,23.214],[91.371,23.198],[91.369,23.075],[91.339,23.077],[91.315,23.104],[91.254,23.374],[91.166,23.581],[91.16,23.661],[91.232,23.92],[91.336,24.019],[91.367,24.094],[91.526,24.091],[91.571,24.107],[91.669,24.19],[91.727,24.205],[91.772,24.211],[91.846,24.175],[91.877,24.195],[91.952,24.357],[92.064,24.374],[92.102,24.408],[92.117,24.494],[92.227,24.771],[92.228,24.881],[92.251,24.895],[92.385,24.849],[92.443,24.849],[92.475,24.869],[92.485,24.903],[92.468,24.944],[92.205,25.111],[92.05,25.169],[91.48,25.142],[91.293,25.178],[90.439,25.158],[90.25,25.185],[89.833,25.293],[89.814,25.305],[89.796,25.376],[89.825,25.56],[89.8,25.84],[89.823,25.941],[89.71,26.171],[89.671,26.214],[89.619,26.216],[89.586,26.186],[89.573,26.132],[89.591,26.072],[89.55,26.005],[89.467,25.984],[89.37,26.006],[89.289,26.038],[89.186,26.106],[89.108,26.202],[89.102,26.308],[89.067,26.377],[89.019,26.41],[88.952,26.412],[88.924,26.375],[88.982,26.286],[88.97,26.251],[88.828,26.252],[88.683,26.292],[88.681,26.353],[88.62,26.431],[88.518,26.518],[88.418,26.572],[88.37,26.564],[88.346,26.505],[88.351,26.483],[88.437,26.437],[88.44,26.369],[88.151,26.087],[88.085,25.888],[88.107,25.841],[88.147,25.811],[88.253,25.79],[88.363,25.698],[88.452,25.574],[88.502,25.537],[88.593,25.495],[88.769,25.49],[88.795,25.456],[88.82,25.366],[88.944,25.291],[88.952,25.259],[88.89,25.194],[88.817,25.176],[88.456,25.188],[88.373,24.962],[88.313,24.882],[88.189,24.921],[88.15,24.915],[88.045,24.713],[88.023,24.628],[88.146,24.486],[88.225,24.461],[88.287,24.48],[88.338,24.454],[88.397,24.389],[88.499,24.347],[88.642,24.326],[88.724,24.275],[88.734,24.231],[88.7,24.003],[88.567,23.674],[88.616,23.573],[88.741,23.437],[88.704,23.293],[88.724,23.255],[88.897,23.21],[88.928,23.187],[88.851,23.041],[88.9,22.844],[88.927,22.671],[88.921,22.632],[89.05,22.275],[89.051,22.093],[89.028,21.937],[88.949,21.938],[89.02,21.834],[89.052,21.654],[88.967,21.641],[88.907,21.653],[88.858,21.745],[88.834,21.661],[88.745,21.584],[88.695,21.662],[88.691,21.733],[88.74,22.005],[88.708,22.056],[88.66,22.067],[88.642,22.122],[88.567,21.832],[88.6,21.714],[88.585,21.66],[88.446,21.614],[88.305,21.723],[88.287,21.758],[88.254,21.622],[88.122,21.636],[88.057,21.694],[88.181,22.033],[88.196,22.14],[87.994,22.266],[87.941,22.374],[87.962,22.255],[88.159,22.122],[88.051,22.001],[87.948,21.825],[87.824,21.727],[87.678,21.654],[87.201,21.545],[87.101,21.501],[86.954,21.365],[86.86,21.237],[86.842,21.106],[86.896,20.966],[86.939,20.745],[86.975,20.7],[86.925,20.62],[86.836,20.534],[86.763,20.419],[86.769,20.356],[86.75,20.313],[86.499,20.172],[86.377,20.007],[86.294,20.054],[86.245,20.053],[86.312,19.988],[86.303,19.945],[86.279,19.919],[86.216,19.896],[85.853,19.792],[85.575,19.693],[85.497,19.697],[85.511,19.727],[85.56,19.753],[85.555,19.867],[85.504,19.888],[85.46,19.896],[85.249,19.758],[85.163,19.621],[85.181,19.595],[85.229,19.601],[85.371,19.679],[85.437,19.657],[85.442,19.627],[85.226,19.508],[84.771,19.125],[84.75,19.05],[84.691,18.965],[84.609,18.884],[84.463,18.69],[84.182,18.401],[84.104,18.293],[83.654,18.07],[83.572,18.004],[83.388,17.787],[83.198,17.609],[82.977,17.462],[82.593,17.274],[82.36,17.096],[82.287,16.978],[82.282,16.936],[82.35,16.825],[82.36,16.783],[82.327,16.664],[82.259,16.56],[82.142,16.485],[81.762,16.329],[81.402,16.365],[81.286,16.337],[81.239,16.264],[81.132,15.962],[81.03,15.881],[80.979,15.758],[80.918,15.76],[80.865,15.782],[80.826,15.766],[80.782,15.867],[80.647,15.895],[80.385,15.793],[80.293,15.711],[80.101,15.324],[80.053,15.074],[80.099,14.798],[80.165,14.578],[80.179,14.478],[80.17,14.349],[80.112,14.212],[80.144,14.059],[80.224,13.858],[80.246,13.686],[80.307,13.485],[80.266,13.521],[80.233,13.606],[80.156,13.714],[80.062,13.606],[80.114,13.529],[80.29,13.437],[80.342,13.361],[80.229,12.69],[80.143,12.452],[79.982,12.235],[79.858,11.989],[79.771,11.69],[79.754,11.575],[79.793,11.447],[79.693,11.313],[79.799,11.339],[79.835,11.269],[79.849,11.197],[79.838,10.323],[79.667,10.3],[79.532,10.33],[79.391,10.306],[79.315,10.257],[79.254,10.175],[79.258,10.035],[78.996,9.683],[78.94,9.566],[78.919,9.453],[78.953,9.394],[79.02,9.333],[79.275,9.285],[79.356,9.252],[79.411,9.192],[79.213,9.256],[78.98,9.269],[78.421,9.105],[78.275,8.99],[78.192,8.891],[78.136,8.663],[78.126,8.511],[78.06,8.385],[77.77,8.19],[77.587,8.13],[77.518,8.078],[77.301,8.145],[77.066,8.316],[76.967,8.407],[76.617,8.847],[76.553,8.903],[76.483,9.091],[76.472,9.161],[76.403,9.237],[76.325,9.452],[76.242,9.927],[76.285,9.91],[76.343,9.827],[76.372,9.707],[76.376,9.54],[76.42,9.52],[76.459,9.536],[76.346,9.922],[76.249,10.018],[76.223,10.024],[76.196,10.086],[76.201,10.201],[76.123,10.327],[75.923,10.784],[75.845,11.058],[75.724,11.362],[75.646,11.468],[75.525,11.703],[75.315,11.958],[75.197,12.058],[74.946,12.565],[74.868,12.845],[74.771,13.077],[74.682,13.507],[74.671,13.668],[74.608,13.85],[74.499,14.046],[74.467,14.217],[74.397,14.407],[74.382,14.495],[74.28,14.65],[73.949,15.075],[73.884,15.306],[73.801,15.397],[73.932,15.397],[73.772,15.573],[73.833,15.659],[73.733,15.657],[73.68,15.709],[73.608,15.871],[73.476,16.054],[73.454,16.152],[73.338,16.46],[73.239,17.199],[73.149,17.527],[73.156,17.622],[73.047,17.907],[72.994,18.098],[72.917,18.576],[72.875,18.643],[72.871,18.683],[72.899,18.779],[72.977,18.927],[73.006,19.021],[72.972,19.153],[72.901,19.015],[72.835,18.976],[72.803,19.079],[72.795,19.252],[72.812,19.299],[72.987,19.277],[72.788,19.363],[72.756,19.451],[72.799,19.52],[72.727,19.578],[72.697,19.757],[72.668,19.831],[72.709,20.078],[72.881,20.563],[72.894,20.673],[72.879,20.829],[72.841,20.952],[72.814,21.117],[72.752,21.129],[72.692,21.178],[72.624,21.372],[72.735,21.471],[72.613,21.462],[72.811,21.62],[73.022,21.7],[73.112,21.75],[72.979,21.705],[72.84,21.687],[72.543,21.697],[72.592,21.878],[72.644,21.938],[72.7,21.972],[72.617,21.962],[72.522,21.976],[72.553,22.16],[72.628,22.2],[72.809,22.233],[72.59,22.278],[72.456,22.248],[72.333,22.27],[72.183,22.27],[72.243,22.245],[72.306,22.189],[72.274,22.09],[72.244,22.028],[72.162,21.985],[72.094,21.92],[72.076,21.863],[72.037,21.823],[72.171,21.774],[72.21,21.728],[72.257,21.661],[72.254,21.531],[72.077,21.224],[72.015,21.156],[71.571,20.971],[71.396,20.87],[71.025,20.739],[70.88,20.715],[70.719,20.74],[70.485,20.84],[70.127,21.095],[70.034,21.179],[69.748,21.506],[69.542,21.679],[69.385,21.84],[69.192,21.992],[69.009,22.197],[68.97,22.29],[68.983,22.385],[69.052,22.437],[69.131,22.416],[69.194,22.336],[69.277,22.285],[69.549,22.408],[69.655,22.404],[69.728,22.465],[69.819,22.452],[70.006,22.548],[70.177,22.573],[70.44,22.97],[70.513,23.002],[70.489,23.09],[70.435,23.077],[70.339,22.94],[70.251,22.971],[70.118,22.947],[69.85,22.856],[69.74,22.775],[69.665,22.759],[69.236,22.849],[68.817,23.054],[68.641,23.19],[68.417,23.571],[68.454,23.629],[68.777,23.852],[68.497,23.748],[68.425,23.706],[68.343,23.617],[68.235,23.597],[68.165,23.857]]],[[[93.829,6.749],[93.709,7.001],[93.658,7.016],[93.656,7.136],[93.684,7.184],[93.822,7.237],[93.859,7.207],[93.93,6.973],[93.89,6.831],[93.829,6.749]]],[[[93.638,7.262],[93.597,7.319],[93.614,7.358],[93.692,7.411],[93.734,7.356],[93.638,7.262]]],[[[93.171,8.212],[93.115,8.219],[93.064,8.275],[93.097,8.349],[93.171,8.212]]],[[[93.365,7.877],[93.309,7.964],[93.334,8.007],[93.375,8.018],[93.434,7.948],[93.447,7.899],[93.443,7.878],[93.365,7.877]]],[[[93.49,8.019],[93.472,8.053],[93.456,8.172],[93.494,8.225],[93.532,8.214],[93.512,8.16],[93.537,8.057],[93.49,8.019]]],[[[92.744,9.131],[92.717,9.165],[92.713,9.205],[92.762,9.244],[92.786,9.241],[92.809,9.173],[92.787,9.137],[92.744,9.131]]],[[[92.473,10.521],[92.37,10.547],[92.377,10.651],[92.353,10.751],[92.371,10.794],[92.448,10.866],[92.51,10.897],[92.554,10.8],[92.574,10.704],[92.473,10.521]]],[[[92.645,11.361],[92.596,11.386],[92.634,11.427],[92.64,11.509],[92.69,11.463],[92.693,11.381],[92.645,11.361]]],[[[92.701,11.513],[92.668,11.539],[92.576,11.718],[92.56,11.833],[92.534,11.873],[92.567,11.931],[92.608,11.95],[92.632,12.014],[92.641,12.112],[92.676,12.192],[92.695,12.215],[92.788,12.226],[92.778,12.303],[92.719,12.357],[92.721,12.541],[92.732,12.616],[92.759,12.669],[92.74,12.78],[92.753,12.821],[92.807,12.879],[92.831,13.003],[92.809,13.04],[92.86,13.231],[92.857,13.358],[92.925,13.486],[93.029,13.544],[93.062,13.545],[93.077,13.401],[93.016,13.336],[93.074,13.252],[93.066,13.222],[93.005,13.089],[92.951,13.062],[92.886,12.942],[92.965,12.85],[92.99,12.539],[92.933,12.453],[92.864,12.436],[92.879,12.228],[92.786,12.035],[92.748,11.993],[92.764,11.94],[92.797,11.918],[92.798,11.875],[92.767,11.765],[92.765,11.639],[92.701,11.513]]],[[[93.062,11.899],[92.982,11.959],[92.955,12.002],[93.017,12.037],[93.062,11.899]]],[[[92.686,12.8],[92.68,12.939],[92.711,12.962],[92.731,12.949],[92.718,12.865],[92.686,12.8]]],[[[72.773,11.196],[72.772,11.214],[72.793,11.263],[72.788,11.216],[72.773,11.196]]],[[[73.053,8.257],[73.029,8.254],[73.026,8.275],[73.039,8.265],[73.056,8.275],[73.079,8.317],[73.053,8.257]]]]}},{"type":"Feature","properties":{},"geometry":{"type":"MultiPolygon","coordinates":[[[[118.15,24.436],[118.091,24.446],[118.077,24.501],[118.104,24.552],[118.171,24.519],[118.183,24.496],[118.15,24.436]]],[[[121.78,31.464],[121.52,31.55],[121.336,31.644],[121.227,31.758],[121.211,31.805],[121.339,31.797],[121.464,31.756],[121.492,31.694],[121.542,31.674],[121.577,31.637],[121.808,31.552],[121.863,31.492],[121.78,31.464]]],[[[122.282,29.944],[122.158,30.001],[122.024,30.013],[121.978,30.064],[121.969,30.143],[122.111,30.14],[122.284,30.068],[122.322,30.031],[122.282,29.944]]],[[[122.169,29.66],[122.084,29.725],[122.043,29.736],[122.062,29.773],[122.12,29.782],[122.165,29.701],[122.169,29.66]]],[[[122.394,29.846],[122.368,29.853],[122.332,29.935],[122.351,29.955],[122.402,29.95],[122.394,29.846]]],[[[119.747,25.411],[119.7,25.433],[119.699,25.495],[119.723,25.551],[119.696,25.591],[119.723,25.639],[119.778,25.653],[119.838,25.591],[119.839,25.56],[119.809,25.508],[119.832,25.48],[119.821,25.457],[119.747,25.411]]],[[[110.422,21.059],[110.522,21.083],[110.539,21.018],[110.504,20.968],[110.422,21.007],[110.281,21.001],[110.265,21.025],[110.31,21.075],[110.385,21.093],[110.422,21.059]]],[[[121.251,28.086],[121.132,28.063],[121.134,28.135],[121.205,28.204],[121.251,28.145],[121.251,28.086]]],[[[113.564,22.758],[113.486,22.828],[113.426,22.859],[113.404,22.903],[113.465,22.905],[113.555,22.804],[113.564,22.758]]],[[[112.771,21.582],[112.713,21.698],[112.761,21.733],[112.782,21.772],[112.839,21.765],[112.863,21.753],[112.801,21.695],[112.79,21.602],[112.771,21.582]]],[[[112.644,21.64],[112.525,21.623],[112.559,21.675],[112.648,21.71],[112.644,21.64]]],[[[107.973,21.508],[107.802,21.645],[107.759,21.655],[107.641,21.614],[107.471,21.598],[107.433,21.642],[107.351,21.609],[107.272,21.711],[107.179,21.717],[107.062,21.794],[107.02,21.835],[107.006,21.893],[106.971,21.924],[106.925,21.92],[106.729,22.0],[106.664,21.979],[106.654,22.241],[106.637,22.289],[106.554,22.342],[106.536,22.395],[106.55,22.501],[106.582,22.573],[106.633,22.586],[106.702,22.638],[106.78,22.779],[106.542,22.908],[106.279,22.857],[106.249,22.869],[106.184,22.955],[106.148,22.97],[106.001,22.975],[105.962,22.937],[105.843,22.923],[105.691,23.03],[105.548,23.073],[105.495,23.181],[105.44,23.235],[105.35,23.308],[105.275,23.345],[105.189,23.281],[104.865,23.136],[104.827,23.1],[104.796,22.911],[104.687,22.822],[104.578,22.82],[104.527,22.804],[104.372,22.704],[104.298,22.712],[104.213,22.809],[104.143,22.8],[104.054,22.752],[103.991,22.586],[103.971,22.55],[103.942,22.54],[103.915,22.538],[103.62,22.782],[103.571,22.734],[103.525,22.612],[103.493,22.588],[103.471,22.597],[103.356,22.755],[103.301,22.764],[103.266,22.714],[103.138,22.593],[103.136,22.542],[102.982,22.448],[102.935,22.466],[102.83,22.587],[102.721,22.648],[102.471,22.751],[102.406,22.708],[102.376,22.647],[102.237,22.466],[102.127,22.379],[102.092,22.412],[102.024,22.439],[101.945,22.439],[101.842,22.388],[101.76,22.49],[101.708,22.487],[101.671,22.462],[101.62,22.327],[101.525,22.254],[101.603,21.99],[101.737,21.827],[101.747,21.606],[101.723,21.315],[101.802,21.236],[101.801,21.213],[101.728,21.156],[101.705,21.15],[101.622,21.184],[101.542,21.234],[101.444,21.231],[101.281,21.184],[101.248,21.197],[101.224,21.224],[101.212,21.278],[101.22,21.342],[101.206,21.383],[101.175,21.408],[101.197,21.522],[101.139,21.567],[101.131,21.736],[101.08,21.756],[100.835,21.655],[100.677,21.505],[100.605,21.472],[100.531,21.458],[100.351,21.501],[100.215,21.463],[100.148,21.481],[100.089,21.558],[100.106,21.617],[100.096,21.661],[99.978,21.702],[99.941,21.759],[99.926,21.821],[99.948,21.988],[99.918,22.028],[99.593,22.089],[99.233,22.11],[99.193,22.126],[99.173,22.153],[99.172,22.192],[99.243,22.37],[99.338,22.498],[99.338,22.689],[99.385,22.825],[99.507,22.959],[99.497,23.005],[99.465,23.046],[99.418,23.069],[99.341,23.096],[99.055,23.131],[98.864,23.191],[98.886,23.307],[98.883,23.38],[98.859,23.44],[98.798,23.52],[98.832,23.624],[98.788,23.738],[98.681,23.842],[98.677,23.905],[98.702,23.964],[98.834,24.091],[98.835,24.121],[98.583,24.07],[98.564,24.099],[98.499,24.116],[98.213,24.111],[98.017,24.065],[97.838,23.986],[97.686,23.898],[97.63,23.887],[97.565,23.911],[97.568,23.988],[97.691,24.131],[97.708,24.229],[97.671,24.313],[97.667,24.38],[97.624,24.423],[97.563,24.444],[97.531,24.492],[97.529,24.631],[97.583,24.775],[97.724,24.842],[97.738,24.87],[97.711,24.97],[97.715,25.034],[97.82,25.252],[97.918,25.236],[98.011,25.293],[98.064,25.349],[98.1,25.416],[98.143,25.571],[98.173,25.595],[98.297,25.569],[98.334,25.587],[98.466,25.789],[98.558,25.823],[98.625,25.827],[98.656,25.864],[98.655,25.918],[98.591,26.004],[98.564,26.072],[98.572,26.114],[98.663,26.139],[98.686,26.189],[98.672,26.299],[98.709,26.43],[98.739,26.698],[98.717,27.045],[98.675,27.191],[98.677,27.422],[98.651,27.572],[98.504,27.648],[98.453,27.657],[98.409,27.639],[98.392,27.587],[98.35,27.538],[98.299,27.55],[98.241,27.663],[98.13,27.968],[98.099,28.142],[97.888,28.356],[97.769,28.356],[97.659,28.5],[97.599,28.517],[97.538,28.51],[97.322,28.218],[97.145,28.34],[97.075,28.369],[96.981,28.338],[96.776,28.367],[96.653,28.45],[96.603,28.46],[96.428,28.406],[96.389,28.368],[96.281,28.412],[96.279,28.428],[96.326,28.469],[96.327,28.525],[96.396,28.607],[96.581,28.764],[96.477,28.959],[96.467,29.022],[96.436,29.051],[96.347,29.027],[96.162,28.91],[96.137,28.923],[96.122,29.082],[96.34,29.21],[96.356,29.249],[96.337,29.261],[96.235,29.246],[96.195,29.272],[96.129,29.381],[96.035,29.447],[95.71,29.314],[95.516,29.206],[95.517,29.151],[95.389,29.037],[95.279,29.05],[94.999,29.149],[94.769,29.176],[94.733,29.252],[94.677,29.297],[94.623,29.312],[94.468,29.216],[94.293,29.145],[94.112,28.976],[94.018,28.96],[94.013,28.908],[93.974,28.861],[93.902,28.803],[93.761,28.73],[93.665,28.69],[93.252,28.629],[93.207,28.591],[93.119,28.402],[93.035,28.328],[92.882,28.228],[92.702,28.147],[92.653,28.093],[92.643,28.062],[92.688,28.026],[92.688,27.989],[92.664,27.949],[92.481,27.846],[92.415,27.825],[92.341,27.821],[92.25,27.842],[92.101,27.808],[91.978,27.73],[91.632,27.76],[91.642,27.923],[91.606,27.952],[91.368,28.022],[91.273,28.078],[91.226,28.071],[91.078,27.974],[91.021,27.97],[90.907,28.027],[90.716,28.072],[90.353,28.08],[90.333,28.094],[90.363,28.217],[90.348,28.244],[90.104,28.302],[89.981,28.311],[89.898,28.294],[89.817,28.256],[89.75,28.188],[89.537,28.107],[89.481,28.06],[89.16,27.711],[89.102,27.593],[88.948,27.464],[88.891,27.316],[88.765,27.43],[88.749,27.522],[88.849,27.869],[88.804,28.007],[88.621,28.092],[88.578,28.093],[88.426,28.012],[88.141,27.949],[88.109,27.933],[88.099,27.905],[88.11,27.871],[87.861,27.886],[87.683,27.821],[87.623,27.815],[87.141,27.838],[87.02,27.929],[86.75,28.022],[86.691,28.095],[86.614,28.103],[86.554,28.085],[86.517,27.964],[86.485,27.94],[86.409,27.929],[86.218,28.022],[86.174,28.092],[86.137,28.114],[86.079,28.084],[86.064,27.935],[85.995,27.91],[85.954,27.928],[85.84,28.135],[85.759,28.221],[85.678,28.277],[85.411,28.276],[85.212,28.293],[85.122,28.316],[85.089,28.372],[85.159,28.592],[85.069,28.61],[84.855,28.554],[84.797,28.56],[84.714,28.596],[84.651,28.66],[84.465,28.753],[84.411,28.804],[84.229,28.912],[84.101,29.22],[83.936,29.279],[83.671,29.188],[83.583,29.184],[83.457,29.306],[83.355,29.439],[83.155,29.613],[83.014,29.618],[82.854,29.683],[82.487,29.942],[82.221,30.064],[82.159,30.115],[82.043,30.327],[81.642,30.387],[81.417,30.338],[81.255,30.093],[81.177,30.04],[81.11,30.037],[81.01,30.165],[80.985,30.237],[80.747,30.36],[80.682,30.415],[80.261,30.561],[80.191,30.568],[80.207,30.684],[80.194,30.759],[80.149,30.79],[80.081,30.782],[79.795,30.968],[79.565,30.949],[79.388,31.064],[79.339,31.106],[79.107,31.403],[79.044,31.426],[79.011,31.414],[78.974,31.329],[78.9,31.331],[78.845,31.302],[78.792,31.294],[78.758,31.302],[78.744,31.324],[78.759,31.437],[78.727,31.472],[78.755,31.55],[78.803,31.618],[78.693,31.74],[78.687,31.806],[78.735,31.958],[78.726,31.984],[78.496,32.216],[78.455,32.3],[78.441,32.397],[78.39,32.52],[78.392,32.545],[78.412,32.558],[78.701,32.597],[78.737,32.558],[78.771,32.468],[78.919,32.358],[79.067,32.388],[79.127,32.476],[79.219,32.501],[79.234,32.703],[79.206,32.809],[79.202,32.946],[79.109,33.023],[79.103,33.053],[79.135,33.172],[79.112,33.226],[78.948,33.347],[78.802,33.5],[78.784,33.809],[78.727,34.013],[78.753,34.088],[78.932,34.189],[78.971,34.228],[78.97,34.303],[78.936,34.352],[78.671,34.518],[78.327,34.606],[78.282,34.654],[78.076,35.135],[78.012,35.251],[78.009,35.307],[78.047,35.449],[78.043,35.48],[78.009,35.49],[77.895,35.449],[77.799,35.496],[77.573,35.472],[77.446,35.476],[77.09,35.552],[76.879,35.613],[76.632,35.729],[76.563,35.773],[76.551,35.887],[76.386,35.837],[76.178,35.811],[76.148,35.829],[76.103,35.949],[76.071,35.983],[75.945,36.018],[75.912,36.049],[75.905,36.088],[75.969,36.169],[75.974,36.382],[75.933,36.522],[75.84,36.65],[75.667,36.742],[75.574,36.759],[75.46,36.725],[75.424,36.738],[75.377,36.884],[75.347,36.913],[75.054,36.987],[74.889,36.952],[74.692,37.036],[74.541,37.022],[74.376,37.137],[74.372,37.158],[74.727,37.291],[74.767,37.249],[74.84,37.225],[74.891,37.232],[75.008,37.294],[75.119,37.386],[75.097,37.451],[74.916,37.573],[74.894,37.601],[74.938,37.773],[74.9,37.833],[74.891,37.926],[74.842,38.038],[74.79,38.104],[74.775,38.192],[74.772,38.275],[74.836,38.404],[74.812,38.46],[74.745,38.51],[74.514,38.6],[74.277,38.66],[74.131,38.661],[74.065,38.608],[74.026,38.54],[73.97,38.534],[73.869,38.563],[73.802,38.607],[73.696,38.854],[73.73,38.915],[73.795,38.941],[73.805,38.969],[73.796,39.002],[73.69,39.105],[73.607,39.229],[73.636,39.397],[73.632,39.449],[73.823,39.489],[73.907,39.579],[73.915,39.606],[73.883,39.715],[73.84,39.763],[73.835,39.8],[73.992,40.043],[74.085,40.074],[74.243,40.092],[74.412,40.137],[74.68,40.311],[74.83,40.329],[74.842,40.345],[74.801,40.429],[74.835,40.483],[74.866,40.494],[75.004,40.45],[75.111,40.454],[75.241,40.48],[75.521,40.628],[75.556,40.625],[75.583,40.605],[75.617,40.517],[75.656,40.329],[75.677,40.306],[75.872,40.303],[76.004,40.371],[76.062,40.388],[76.157,40.376],[76.258,40.431],[76.319,40.352],[76.48,40.45],[76.578,40.578],[76.661,40.78],[76.708,40.818],[76.824,40.982],[76.908,41.024],[76.987,41.039],[77.182,41.011],[77.582,40.993],[77.815,41.056],[77.956,41.051],[78.123,41.076],[78.346,41.281],[78.362,41.372],[78.743,41.56],[79.294,41.783],[79.354,41.781],[79.766,41.899],[79.84,41.996],[79.91,42.015],[80.235,42.043],[80.246,42.06],[80.209,42.19],[80.259,42.235],[80.255,42.274],[80.206,42.399],[80.165,42.666],[80.25,42.797],[80.424,42.856],[80.539,42.873],[80.544,42.912],[80.451,42.936],[80.383,42.974],[80.371,42.996],[80.39,43.043],[80.617,43.128],[80.751,43.102],[80.778,43.119],[80.786,43.162],[80.73,43.274],[80.668,43.31],[80.665,43.353],[80.704,43.427],[80.651,43.564],[80.496,43.892],[80.432,43.952],[80.396,44.047],[80.355,44.097],[80.365,44.223],[80.336,44.438],[80.355,44.552],[80.391,44.627],[80.381,44.655],[80.401,44.677],[80.455,44.684],[80.482,44.715],[80.455,44.746],[80.255,44.808],[79.997,44.797],[79.875,44.861],[79.872,44.884],[80.059,45.006],[80.635,45.127],[80.853,45.129],[81.602,45.311],[81.692,45.349],[81.759,45.311],[81.79,45.226],[81.867,45.182],[81.945,45.161],[82.267,45.219],[82.323,45.206],[82.479,45.124],[82.521,45.125],[82.597,45.216],[82.621,45.293],[82.626,45.374],[82.612,45.424],[82.327,45.52],[82.315,45.595],[82.43,45.812],[82.512,46.006],[82.555,46.159],[82.692,46.387],[82.975,46.966],[83.004,47.033],[83.029,47.186],[83.09,47.209],[83.714,47.021],[84.016,46.971],[84.339,46.996],[84.667,46.972],[84.72,46.939],[84.746,46.864],[84.786,46.831],[84.858,46.843],[85.012,46.909],[85.233,47.036],[85.485,47.064],[85.53,47.101],[85.577,47.188],[85.657,47.255],[85.67,47.338],[85.587,47.494],[85.562,47.746],[85.526,47.916],[85.562,48.052],[85.626,48.204],[85.692,48.312],[85.749,48.385],[85.83,48.408],[86.266,48.455],[86.549,48.529],[86.718,48.697],[86.758,48.861],[86.729,48.939],[86.753,49.009],[86.886,49.091],[87.049,49.11],[87.23,49.106],[87.417,49.077],[87.476,49.091],[87.516,49.122],[87.763,49.166],[87.814,49.162],[87.816,49.08],[87.835,49.032],[87.872,49.0],[87.86,48.966],[87.755,48.919],[87.743,48.882],[87.809,48.836],[87.832,48.792],[88.028,48.736],[88.06,48.707],[88.05,48.675],[87.972,48.603],[87.98,48.555],[88.31,48.472],[88.414,48.403],[88.517,48.384],[88.567,48.317],[88.576,48.22],[88.838,48.102],[88.918,48.089],[89.048,48.003],[89.196,47.981],[89.33,48.025],[89.479,48.029],[89.561,48.004],[89.638,47.909],[89.778,47.827],[89.831,47.823],[89.91,47.844],[89.959,47.886],[90.028,47.878],[90.103,47.745],[90.191,47.702],[90.313,47.676],[90.347,47.597],[90.425,47.504],[90.467,47.408],[90.496,47.285],[90.716,47.004],[90.87,46.954],[90.986,46.749],[91.004,46.596],[91.029,46.566],[91.034,46.529],[90.971,46.388],[90.918,46.324],[90.912,46.271],[90.948,46.177],[90.997,46.105],[91.002,46.036],[90.852,45.885],[90.796,45.854],[90.71,45.731],[90.662,45.525],[90.853,45.263],[90.877,45.196],[90.914,45.194],[90.954,45.216],[91.05,45.217],[91.312,45.118],[91.441,45.125],[91.584,45.077],[92.03,45.069],[92.173,45.035],[92.424,45.009],[92.788,45.036],[93.294,44.983],[93.516,44.944],[93.656,44.901],[93.755,44.832],[93.868,44.724],[93.958,44.675],[94.199,44.645],[94.365,44.519],[94.494,44.473],[94.712,44.351],[95.05,44.259],[95.35,44.278],[95.367,44.262],[95.326,44.105],[95.326,44.039],[95.356,44.006],[95.471,43.986],[95.526,43.954],[95.842,43.384],[95.86,43.276],[95.912,43.206],[96.3,42.929],[96.342,42.849],[96.352,42.747],[96.385,42.72],[97.206,42.79],[99.468,42.568],[99.984,42.677],[101.092,42.551],[101.495,42.539],[101.66,42.5],[101.714,42.466],[101.973,42.216],[102.157,42.158],[103.073,42.006],[103.711,41.751],[104.498,41.877],[104.498,41.659],[104.86,41.644],[104.982,41.596],[105.051,41.616],[105.197,41.738],[105.314,41.771],[105.868,41.994],[106.77,42.289],[108.171,42.447],[108.687,42.416],[109.34,42.438],[109.443,42.456],[109.698,42.554],[110.4,42.774],[111.007,43.341],[111.547,43.496],[111.771,43.665],[111.878,43.68],[111.933,43.711],[111.943,43.752],[111.932,43.815],[111.837,43.935],[111.603,44.107],[111.52,44.192],[111.486,44.272],[111.402,44.367],[111.411,44.419],[111.489,44.512],[111.621,44.827],[111.751,44.97],[111.898,45.064],[112.033,45.082],[112.113,45.063],[112.411,45.058],[112.499,45.011],[112.597,44.918],[112.707,44.883],[113.049,44.81],[113.301,44.792],[113.587,44.746],[113.653,44.763],[113.877,44.896],[114.08,44.971],[114.167,45.05],[114.419,45.203],[114.487,45.272],[114.517,45.365],[114.56,45.39],[114.739,45.42],[114.919,45.378],[115.163,45.39],[115.681,45.458],[115.934,45.626],[116.04,45.677],[116.11,45.687],[116.198,45.739],[116.241,45.796],[116.213,45.887],[116.358,46.097],[116.517,46.209],[116.563,46.29],[116.689,46.322],[116.787,46.377],[116.859,46.388],[116.979,46.362],[117.333,46.362],[117.357,46.391],[117.356,46.437],[117.406,46.571],[117.438,46.586],[117.547,46.588],[117.671,46.522],[117.741,46.518],[117.813,46.538],[117.91,46.619],[118.071,46.667],[118.309,46.717],[118.723,46.692],[118.79,46.747],[118.844,46.76],[118.957,46.735],[119.162,46.639],[119.332,46.614],[119.474,46.627],[119.707,46.606],[119.867,46.672],[119.896,46.733],[119.884,46.791],[119.898,46.858],[119.788,46.979],[119.76,47.027],[119.757,47.09],[119.711,47.15],[119.527,47.256],[119.326,47.41],[119.291,47.473],[119.162,47.525],[119.123,47.558],[119.082,47.654],[119.018,47.685],[118.76,47.758],[118.568,47.943],[118.498,47.984],[118.24,48.0],[118.147,48.029],[117.979,48.0],[117.768,47.988],[117.351,47.652],[117.286,47.666],[117.197,47.74],[117.07,47.806],[116.901,47.853],[116.761,47.87],[116.513,47.84],[116.231,47.858],[116.075,47.79],[115.994,47.711],[115.898,47.687],[115.712,47.799],[115.616,47.875],[115.558,47.945],[115.525,48.131],[115.786,48.248],[115.792,48.456],[115.821,48.577],[115.954,48.689],[116.025,48.782],[116.034,48.84],[116.683,49.824],[116.889,49.738],[117.246,49.625],[117.477,49.609],[117.698,49.536],[117.873,49.513],[118.452,49.844],[118.756,49.963],[118.979,49.979],[119.147,50.013],[119.26,50.066],[119.326,50.155],[119.346,50.279],[119.302,50.354],[119.192,50.38],[119.164,50.406],[119.217,50.433],[119.256,50.484],[119.281,50.561],[119.344,50.634],[119.446,50.703],[119.502,50.779],[119.512,50.863],[119.573,50.947],[119.685,51.03],[119.746,51.108],[119.757,51.179],[119.813,51.267],[119.967,51.422],[120.067,51.601],[120.237,51.723],[120.511,51.849],[120.681,51.973],[120.75,52.097],[120.745,52.205],[120.665,52.3],[120.65,52.396],[120.699,52.494],[120.656,52.567],[120.521,52.615],[120.36,52.627],[120.173,52.602],[120.068,52.633],[120.044,52.718],[120.095,52.787],[120.218,52.84],[120.704,53.172],[120.985,53.285],[121.405,53.317],[122.089,53.451],[122.338,53.485],[122.38,53.462],[122.516,53.457],[122.958,53.498],[123.154,53.545],[123.31,53.556],[123.535,53.526],[123.608,53.547],[124.154,53.359],[124.22,53.37],[124.291,53.341],[124.369,53.271],[124.466,53.23],[124.64,53.211],[124.812,53.134],[124.882,53.13],[124.907,53.173],[124.971,53.197],[125.075,53.204],[125.226,53.166],[125.546,53.048],[125.596,53.057],[125.649,53.042],[125.692,53.004],[125.695,52.956],[125.681,52.931],[125.728,52.891],[125.872,52.872],[125.942,52.801],[126.048,52.739],[126.06,52.692],[126.016,52.61],[126.046,52.573],[126.157,52.547],[126.194,52.519],[126.203,52.484],[126.238,52.445],[126.313,52.4],[126.342,52.362],[126.324,52.332],[126.383,52.287],[126.395,52.173],[126.456,52.126],[126.468,52.031],[126.511,51.926],[126.654,51.781],[126.701,51.703],[126.689,51.61],[126.709,51.566],[126.775,51.545],[126.805,51.506],[126.802,51.448],[126.848,51.374],[126.834,51.315],[126.854,51.261],[126.888,51.23],[126.925,51.1],[127.02,50.986],[127.198,50.829],[127.307,50.708],[127.347,50.621],[127.347,50.55],[127.308,50.494],[127.306,50.454],[127.341,50.428],[127.351,50.394],[127.337,50.35],[127.395,50.299],[127.59,50.209],[127.512,50.072],[127.492,49.975],[127.502,49.873],[127.551,49.802],[127.637,49.76],[127.69,49.717],[127.711,49.672],[127.814,49.622],[128.0,49.569],[128.237,49.559],[128.704,49.6],[128.769,49.577],[128.791,49.542],[128.77,49.495],[128.819,49.464],[128.938,49.449],[129.02,49.419],[129.065,49.375],[129.12,49.362],[129.185,49.381],[129.248,49.379],[129.31,49.354],[129.385,49.389],[129.498,49.389],[129.534,49.323],[129.591,49.287],[129.671,49.279],[129.793,49.199],[130.037,48.972],[130.196,48.892],[130.355,48.866],[130.553,48.861],[130.617,48.773],[130.566,48.68],[130.552,48.602],[130.597,48.575],[130.659,48.483],[130.747,48.43],[130.804,48.342],[130.787,48.255],[130.712,48.128],[130.733,48.019],[130.849,47.929],[130.915,47.843],[130.933,47.76],[130.962,47.709],[131.003,47.691],[131.319,47.728],[131.464,47.723],[131.557,47.682],[131.785,47.681],[132.38,47.729],[132.476,47.715],[132.562,47.769],[132.637,47.89],[132.707,47.947],[132.773,47.94],[132.877,47.979],[133.02,48.064],[133.144,48.106],[133.468,48.097],[133.573,48.133],[133.672,48.208],[133.842,48.274],[134.293,48.373],[134.456,48.355],[134.564,48.322],[134.665,48.254],[134.681,48.21],[134.669,48.153],[134.566,48.023],[134.752,47.715],[134.696,47.625],[134.542,47.485],[134.483,47.447],[134.291,47.414],[134.168,47.302],[134.163,47.259],[134.202,47.128],[134.137,47.069],[134.071,46.951],[134.039,46.858],[134.023,46.713],[133.867,46.499],[133.903,46.367],[133.88,46.336],[133.861,46.248],[133.75,46.186],[133.701,46.14],[133.711,46.07],[133.648,45.955],[133.608,45.92],[133.513,45.879],[133.449,45.705],[133.466,45.651],[133.436,45.605],[133.267,45.545],[133.186,45.495],[133.113,45.321],[133.097,45.22],[133.113,45.131],[132.936,45.03],[131.978,45.244],[131.909,45.274],[131.852,45.327],[131.795,45.305],[131.742,45.243],[131.654,45.205],[131.579,45.084],[131.447,44.984],[131.228,44.92],[131.082,44.91],[130.982,44.844],[130.968,44.8],[131.087,44.596],[131.255,44.072],[131.213,44.003],[131.174,43.705],[131.182,43.506],[131.244,43.469],[131.262,43.433],[131.257,43.378],[131.176,43.142],[131.086,43.038],[131.069,42.902],[130.943,42.852],[130.803,42.857],[130.577,42.812],[130.493,42.779],[130.425,42.727],[130.42,42.7],[130.439,42.686],[130.521,42.674],[130.577,42.623],[130.584,42.567],[130.527,42.535],[130.498,42.571],[130.361,42.631],[130.247,42.745],[130.24,42.892],[130.151,42.918],[130.125,42.956],[130.083,42.974],[130.022,42.963],[129.898,42.998],[129.861,42.965],[129.842,42.894],[129.779,42.777],[129.72,42.475],[129.698,42.448],[129.604,42.436],[129.568,42.392],[129.524,42.385],[129.424,42.436],[129.366,42.439],[129.314,42.414],[129.218,42.313],[129.196,42.218],[128.923,42.038],[128.749,42.041],[128.427,42.011],[128.308,42.026],[128.045,41.987],[128.029,41.952],[128.033,41.898],[128.182,41.7],[128.258,41.655],[128.289,41.607],[128.291,41.563],[128.2,41.433],[128.149,41.388],[128.111,41.389],[128.013,41.449],[127.919,41.461],[127.688,41.44],[127.572,41.455],[127.517,41.482],[127.42,41.484],[127.18,41.531],[127.137,41.555],[127.128,41.607],[127.061,41.687],[127.007,41.742],[126.955,41.769],[126.904,41.781],[126.788,41.718],[126.722,41.717],[126.601,41.641],[126.49,41.358],[126.451,41.352],[126.412,41.321],[126.254,41.138],[126.145,41.078],[126.067,40.974],[125.989,40.905],[125.728,40.867],[125.645,40.779],[125.594,40.779],[125.417,40.66],[125.314,40.645],[125.073,40.547],[125.026,40.524],[124.997,40.465],[124.889,40.46],[124.772,40.384],[124.712,40.319],[124.481,40.182],[124.387,40.104],[124.362,40.004],[124.35,40.012],[124.267,39.924],[124.106,39.841],[123.76,39.822],[123.651,39.882],[123.581,39.786],[123.348,39.763],[123.269,39.727],[123.227,39.687],[123.032,39.674],[122.961,39.62],[122.84,39.601],[122.335,39.366],[122.121,39.152],[121.982,39.053],[121.923,39.037],[121.864,38.996],[121.677,39.003],[121.633,38.955],[121.67,38.892],[121.65,38.865],[121.517,38.831],[121.32,38.808],[121.164,38.732],[121.122,38.813],[121.107,38.921],[121.263,38.96],[121.68,39.109],[121.628,39.22],[121.665,39.269],[121.818,39.387],[121.785,39.401],[121.513,39.375],[121.275,39.385],[121.3,39.452],[121.267,39.545],[121.406,39.621],[121.518,39.639],[121.514,39.685],[121.474,39.755],[121.517,39.845],[121.801,39.951],[121.869,40.046],[121.983,40.136],[122.191,40.358],[122.264,40.5],[122.275,40.542],[122.179,40.603],[122.14,40.688],[121.859,40.842],[121.835,40.974],[121.809,40.969],[121.766,40.876],[121.729,40.846],[121.599,40.843],[121.537,40.878],[121.175,40.901],[121.086,40.842],[120.922,40.683],[120.841,40.649],[120.771,40.589],[120.479,40.231],[120.369,40.204],[119.85,39.987],[119.591,39.903],[119.391,39.752],[119.261,39.561],[119.225,39.408],[119.04,39.222],[118.977,39.183],[118.752,39.16],[118.626,39.177],[118.298,39.067],[118.148,39.195],[118.041,39.227],[117.866,39.191],[117.785,39.134],[117.617,38.853],[117.554,38.691],[117.558,38.625],[117.656,38.424],[117.767,38.312],[118.015,38.183],[118.543,38.095],[118.667,38.126],[118.8,38.127],[118.94,38.043],[119.028,37.904],[119.038,37.777],[119.07,37.749],[119.089,37.701],[118.991,37.641],[118.955,37.494],[118.953,37.331],[118.998,37.277],[119.112,37.201],[119.287,37.138],[119.45,37.125],[119.761,37.155],[119.888,37.253],[119.883,37.351],[120.156,37.495],[120.312,37.623],[120.257,37.679],[120.37,37.701],[120.75,37.834],[121.049,37.725],[121.22,37.6],[121.388,37.579],[121.64,37.46],[121.965,37.445],[122.057,37.529],[122.11,37.522],[122.169,37.456],[122.338,37.405],[122.602,37.426],[122.667,37.403],[122.573,37.318],[122.587,37.181],[122.516,37.138],[122.447,37.068],[122.523,37.003],[122.52,36.947],[122.341,36.832],[122.274,36.834],[122.242,36.85],[122.203,36.927],[122.162,36.959],[122.05,36.971],[121.933,36.959],[121.67,36.836],[121.413,36.738],[121.144,36.66],[121.054,36.611],[120.99,36.598],[120.879,36.635],[120.811,36.633],[120.797,36.607],[120.883,36.539],[120.905,36.485],[120.896,36.444],[120.847,36.426],[120.776,36.456],[120.712,36.413],[120.682,36.341],[120.681,36.168],[120.638,36.13],[120.519,36.109],[120.393,36.054],[120.348,36.079],[120.33,36.11],[120.343,36.189],[120.328,36.228],[120.183,36.202],[120.094,36.119],[120.181,36.017],[120.265,36.007],[120.285,35.984],[120.219,35.935],[120.055,35.861],[119.979,35.74],[119.866,35.644],[119.72,35.589],[119.526,35.359],[119.43,35.301],[119.353,35.114],[119.216,35.012],[119.165,34.849],[119.201,34.748],[119.351,34.749],[119.427,34.714],[119.583,34.582],[119.77,34.496],[119.964,34.448],[120.201,34.326],[120.267,34.274],[120.323,34.169],[120.426,33.866],[120.5,33.716],[120.505,33.638],[120.616,33.491],[120.734,33.237],[120.871,33.017],[120.897,32.843],[120.853,32.764],[120.853,32.661],[120.99,32.567],[121.293,32.457],[121.342,32.425],[121.401,32.372],[121.404,32.206],[121.491,32.121],[121.674,32.051],[121.751,31.993],[121.832,31.9],[121.856,31.816],[121.866,31.704],[121.681,31.712],[121.352,31.859],[121.266,31.863],[121.146,31.842],[120.974,31.869],[120.792,32.032],[120.661,32.081],[120.52,32.106],[120.184,31.966],[120.099,31.976],[120.036,31.936],[120.192,31.906],[120.347,31.952],[120.497,32.02],[120.716,31.984],[120.788,31.82],[120.938,31.75],[121.055,31.719],[121.205,31.628],[121.351,31.485],[121.661,31.32],[121.786,31.163],[121.878,30.917],[121.769,30.87],[121.528,30.841],[121.419,30.79],[121.31,30.7],[120.998,30.558],[120.897,30.393],[120.821,30.355],[120.63,30.391],[120.45,30.388],[120.246,30.284],[120.195,30.241],[120.261,30.263],[120.353,30.247],[120.495,30.303],[120.633,30.133],[120.904,30.161],[121.159,30.302],[121.258,30.304],[121.341,30.282],[121.433,30.227],[121.678,29.979],[121.812,29.952],[121.944,29.894],[122.083,29.87],[121.906,29.78],[121.677,29.584],[121.575,29.537],[121.506,29.485],[121.69,29.511],[121.822,29.605],[121.888,29.628],[121.941,29.606],[121.968,29.491],[121.918,29.135],[121.854,29.129],[121.791,29.226],[121.717,29.256],[121.656,29.236],[121.534,29.237],[121.448,29.131],[121.521,29.118],[121.665,29.011],[121.68,28.953],[121.641,28.916],[121.54,28.932],[121.662,28.851],[121.63,28.768],[121.59,28.735],[121.519,28.714],[121.475,28.641],[121.602,28.367],[121.61,28.292],[121.51,28.324],[121.355,28.23],[121.272,28.222],[121.217,28.346],[121.146,28.327],[121.098,28.291],[120.959,28.037],[120.892,28.004],[120.748,28.01],[120.763,27.977],[120.833,27.938],[120.833,27.891],[120.685,27.745],[120.661,27.688],[120.665,27.639],[120.588,27.581],[120.629,27.482],[120.608,27.412],[120.54,27.318],[120.385,27.156],[120.279,27.097],[120.139,26.886],[120.097,26.781],[120.087,26.672],[119.968,26.586],[119.882,26.61],[119.879,26.683],[119.842,26.689],[119.821,26.737],[119.824,26.846],[119.789,26.831],[119.767,26.775],[119.71,26.729],[119.588,26.785],[119.59,26.73],[119.638,26.621],[119.726,26.609],[119.785,26.547],[119.84,26.414],[119.876,26.371],[119.881,26.334],[119.693,26.236],[119.463,26.055],[119.313,26.063],[119.232,26.104],[119.139,26.122],[119.264,25.975],[119.332,25.949],[119.418,25.954],[119.501,26.009],[119.619,26.004],[119.648,25.919],[119.553,25.699],[119.539,25.591],[119.619,25.437],[119.622,25.391],[119.593,25.368],[119.422,25.46],[119.344,25.446],[119.263,25.468],[119.18,25.45],[119.146,25.414],[119.169,25.356],[119.244,25.307],[119.286,25.232],[119.236,25.206],[119.025,25.223],[118.978,25.209],[118.914,25.127],[118.956,25.005],[118.909,24.929],[118.822,24.911],[118.708,24.85],[118.637,24.836],[118.64,24.809],[118.692,24.782],[118.719,24.746],[118.657,24.621],[118.56,24.58],[118.412,24.601],[118.295,24.573],[118.195,24.626],[118.087,24.627],[118.014,24.56],[118.006,24.482],[117.843,24.474],[117.848,24.432],[117.879,24.396],[118.024,24.38],[118.051,24.327],[118.056,24.246],[117.904,24.106],[117.839,24.012],[117.742,24.015],[117.668,23.939],[117.628,23.837],[117.579,23.857],[117.466,23.841],[117.433,23.792],[117.46,23.771],[117.462,23.736],[117.417,23.621],[117.368,23.589],[117.331,23.709],[117.291,23.714],[117.225,23.647],[117.148,23.599],[117.083,23.579],[117.033,23.623],[116.911,23.647],[116.861,23.453],[116.712,23.36],[116.629,23.354],[116.682,23.327],[116.699,23.278],[116.669,23.228],[116.586,23.218],[116.538,23.18],[116.52,23.007],[116.471,22.946],[116.346,22.941],[116.252,22.981],[116.206,22.919],[116.157,22.887],[116.063,22.879],[115.852,22.802],[115.64,22.853],[115.561,22.825],[115.498,22.719],[115.383,22.719],[115.196,22.817],[115.092,22.782],[115.012,22.709],[114.914,22.685],[114.896,22.64],[114.854,22.617],[114.75,22.626],[114.711,22.739],[114.652,22.755],[114.593,22.698],[114.544,22.621],[114.554,22.529],[114.496,22.527],[114.42,22.583],[114.341,22.593],[114.266,22.541],[114.188,22.565],[114.123,22.565],[114.05,22.543],[114.015,22.512],[113.931,22.531],[113.828,22.607],[113.754,22.734],[113.661,22.802],[113.62,22.861],[113.586,23.02],[113.592,23.077],[113.621,23.127],[113.52,23.102],[113.445,23.055],[113.46,22.996],[113.442,22.941],[113.331,22.912],[113.345,22.865],[113.432,22.789],[113.45,22.726],[113.553,22.594],[113.551,22.404],[113.589,22.35],[113.549,22.225],[113.527,22.246],[113.494,22.242],[113.479,22.196],[113.328,22.145],[113.266,22.089],[113.149,22.075],[113.089,22.208],[113.008,22.119],[112.984,21.938],[112.954,21.907],[112.904,21.881],[112.809,21.945],[112.661,21.859],[112.586,21.777],[112.495,21.818],[112.421,21.881],[112.439,21.927],[112.429,21.958],[112.396,21.981],[112.36,21.978],[112.39,21.801],[112.305,21.742],[112.193,21.763],[112.025,21.843],[111.944,21.85],[111.926,21.776],[111.873,21.717],[111.776,21.719],[111.682,21.608],[111.603,21.559],[111.392,21.535],[111.319,21.486],[111.101,21.485],[111.061,21.511],[111.017,21.512],[110.997,21.43],[110.878,21.396],[110.771,21.387],[110.567,21.214],[110.504,21.207],[110.458,21.231],[110.435,21.327],[110.411,21.338],[110.375,21.172],[110.194,21.038],[110.154,20.945],[110.18,20.859],[110.365,20.838],[110.388,20.791],[110.371,20.752],[110.326,20.72],[110.313,20.672],[110.512,20.518],[110.518,20.46],[110.45,20.355],[110.345,20.295],[110.123,20.264],[109.938,20.295],[109.883,20.364],[109.886,20.413],[109.984,20.403],[109.968,20.448],[109.946,20.474],[109.861,20.514],[109.792,20.622],[109.805,20.711],[109.663,20.917],[109.704,21.053],[109.681,21.132],[109.76,21.228],[109.78,21.337],[109.921,21.376],[109.931,21.481],[109.83,21.484],[109.759,21.56],[109.743,21.528],[109.687,21.525],[109.594,21.672],[109.566,21.691],[109.521,21.693],[109.544,21.538],[109.436,21.479],[109.347,21.454],[109.149,21.426],[109.082,21.44],[109.133,21.544],[109.102,21.59],[109.031,21.627],[108.772,21.63],[108.616,21.77],[108.589,21.816],[108.616,21.869],[108.594,21.901],[108.48,21.905],[108.493,21.739],[108.526,21.671],[108.502,21.633],[108.444,21.607],[108.383,21.679],[108.355,21.697],[108.325,21.694],[108.302,21.622],[108.246,21.558],[108.146,21.565],[108.067,21.526],[107.973,21.508]]],[[[110.938,19.948],[110.971,19.883],[111.014,19.655],[110.913,19.586],[110.822,19.558],[110.641,19.291],[110.572,19.172],[110.566,19.099],[110.451,18.748],[110.4,18.698],[110.252,18.656],[110.156,18.57],[110.049,18.505],[110.067,18.448],[110.02,18.416],[109.968,18.422],[109.816,18.397],[109.76,18.348],[109.703,18.259],[109.519,18.218],[109.341,18.3],[109.03,18.368],[108.702,18.535],[108.676,18.75],[108.636,18.908],[108.65,19.265],[108.666,19.304],[108.791,19.418],[108.903,19.481],[109.063,19.614],[109.179,19.674],[109.277,19.761],[109.177,19.768],[109.219,19.843],[109.263,19.883],[109.315,19.904],[109.418,19.889],[109.514,19.904],[109.584,19.97],[109.651,19.984],[109.906,19.963],[110.083,19.993],[110.172,20.054],[110.344,20.039],[110.392,19.976],[110.394,20.059],[110.588,19.976],[110.598,20.098],[110.652,20.138],[110.679,20.137],[110.745,20.059],[110.809,20.014],[110.889,19.992],[110.938,19.948]]]]}},{"type":"Feature","properties":{},"geometry":{"type":"Polygon","coordinates":[[[113.479,22.196],[113.494,22.242],[113.527,22.246],[113.548,22.223],[113.479,22.196]]]}},{"type":"Feature","properties":{},"geometry":{"type":"MultiPolygon","coordinates":[[[[114.007,22.484],[114.05,22.543],[114.123,22.565],[114.188,22.565],[114.266,22.541],[114.291,22.499],[114.285,22.458],[114.325,22.437],[114.335,22.396],[114.291,22.374],[114.288,22.325],[114.268,22.296],[114.033,22.376],[113.937,22.365],[113.903,22.396],[113.896,22.428],[114.007,22.484]]],[[[114.207,22.195],[114.139,22.268],[114.134,22.292],[114.187,22.297],[114.247,22.264],[114.232,22.211],[114.207,22.195]]],[[[113.877,22.21],[113.839,22.242],[113.882,22.28],[114.044,22.333],[114.003,22.278],[113.998,22.21],[113.877,22.21]]]]}},{"type":"Feature","properties":{},"geometry":{"type":"MultiPolygon","coordinates":[[[[103.027,11.275],[102.993,11.29],[102.995,11.348],[103.008,11.383],[103.037,11.39],[103.045,11.285],[103.027,11.275]]],[[[103.281,10.68],[103.223,10.76],[103.223,10.782],[103.318,10.719],[103.281,10.68]]],[[[107.535,14.65],[107.448,14.451],[107.364,14.369],[107.331,14.127],[107.362,14.019],[107.389,13.993],[107.594,13.522],[107.605,13.438],[107.475,13.03],[107.482,12.933],[107.544,12.706],[107.555,12.54],[107.538,12.432],[107.506,12.365],[107.393,12.26],[107.33,12.319],[107.212,12.304],[107.159,12.277],[106.931,12.077],[106.765,12.052],[106.7,11.979],[106.414,11.948],[106.412,11.698],[106.399,11.687],[106.34,11.682],[106.103,11.751],[106.006,11.758],[105.927,11.653],[105.851,11.635],[105.835,11.559],[105.854,11.487],[105.856,11.294],[105.892,11.245],[106.161,11.037],[106.168,11.012],[106.132,10.922],[106.164,10.795],[106.099,10.797],[105.938,10.885],[105.875,10.858],[105.853,10.864],[105.755,10.99],[105.698,10.994],[105.406,10.952],[105.315,10.845],[105.159,10.898],[105.046,10.911],[105.022,10.887],[105.061,10.734],[105.046,10.702],[104.984,10.662],[104.851,10.534],[104.815,10.521],[104.564,10.516],[104.467,10.422],[104.426,10.411],[104.262,10.541],[103.937,10.587],[103.902,10.644],[103.871,10.655],[103.841,10.581],[103.662,10.509],[103.587,10.552],[103.532,10.605],[103.54,10.669],[103.592,10.721],[103.681,10.759],[103.722,10.89],[103.654,11.059],[103.532,11.147],[103.467,11.084],[103.411,10.977],[103.354,10.922],[103.153,10.914],[103.106,11.074],[103.091,11.211],[103.125,11.461],[103.011,11.589],[103.004,11.711],[102.949,11.773],[102.934,11.707],[102.918,11.732],[102.737,12.09],[102.706,12.256],[102.756,12.426],[102.63,12.57],[102.5,12.67],[102.462,13.015],[102.363,13.193],[102.331,13.288],[102.32,13.54],[102.336,13.56],[102.547,13.586],[102.566,13.626],[102.545,13.66],[102.62,13.717],[102.729,13.842],[102.873,14.055],[102.909,14.137],[103.031,14.253],[103.199,14.333],[103.432,14.379],[103.546,14.417],[103.6,14.421],[103.818,14.362],[103.982,14.358],[104.228,14.396],[104.412,14.37],[104.779,14.428],[104.97,14.366],[104.982,14.289],[105.034,14.227],[105.074,14.227],[105.183,14.346],[105.207,14.259],[105.246,14.201],[105.35,14.11],[105.393,14.107],[105.532,14.156],[105.74,14.085],[105.831,13.977],[105.904,13.925],[106.067,13.921],[106.125,14.049],[106.097,14.127],[106.004,14.263],[105.979,14.343],[106.165,14.372],[106.191,14.388],[106.225,14.476],[106.355,14.455],[106.447,14.515],[106.501,14.578],[106.564,14.505],[106.738,14.388],[106.783,14.335],[106.82,14.315],[106.938,14.327],[107.03,14.426],[107.109,14.417],[107.293,14.592],[107.38,14.555],[107.415,14.563],[107.465,14.665],[107.519,14.705],[107.535,14.65]]]]}},{"type":"Feature","properties":{},"geometry":{"type":"MultiPolygon","coordinates":[[[[100.122,20.317],[99.954,20.415],[99.89,20.424],[99.773,20.341],[99.72,20.325],[99.639,20.32],[99.459,20.363],[99.448,20.352],[99.502,20.188],[99.486,20.15],[99.452,20.118],[99.338,20.079],[99.284,20.08],[99.197,20.115],[99.074,20.099],[99.021,20.042],[98.987,19.861],[98.958,19.805],[98.917,19.773],[98.761,19.771],[98.494,19.701],[98.371,19.689],[98.239,19.691],[98.111,19.762],[98.049,19.77],[98.015,19.75],[97.991,19.654],[97.916,19.593],[97.817,19.46],[97.794,19.266],[97.804,19.13],[97.714,18.996],[97.706,18.932],[97.754,18.621],[97.746,18.588],[97.515,18.498],[97.374,18.518],[97.451,18.36],[97.524,18.296],[97.599,18.303],[97.632,18.29],[97.622,18.258],[97.72,18.037],[97.74,17.935],[97.699,17.834],[97.706,17.797],[98.257,17.148],[98.439,16.976],[98.471,16.895],[98.478,16.732],[98.594,16.515],[98.661,16.33],[98.689,16.305],[98.835,16.418],[98.869,16.394],[98.888,16.352],[98.888,16.298],[98.866,16.237],[98.818,16.181],[98.592,16.051],[98.558,15.769],[98.557,15.368],[98.537,15.351],[98.452,15.357],[98.329,15.279],[98.232,15.241],[98.191,15.204],[98.178,15.147],[98.202,14.976],[98.246,14.815],[98.57,14.36],[98.934,14.05],[99.015,13.947],[99.137,13.717],[99.172,13.497],[99.176,13.233],[99.107,13.104],[99.124,13.031],[99.174,12.961],[99.174,12.882],[99.22,12.74],[99.405,12.548],[99.394,12.474],[99.463,12.19],[99.523,12.09],[99.615,11.781],[99.612,11.75],[99.573,11.687],[99.478,11.613],[99.19,11.105],[99.025,10.92],[98.787,10.708],[98.757,10.661],[98.775,10.557],[98.768,10.431],[98.703,10.19],[98.658,10.179],[98.563,10.035],[98.497,10.183],[98.523,10.353],[98.465,10.676],[98.536,10.741],[98.676,10.987],[98.683,11.133],[98.745,11.24],[98.73,11.33],[98.741,11.592],[98.791,11.665],[98.876,11.72],[98.805,11.779],[98.694,11.718],[98.636,11.738],[98.625,11.801],[98.645,11.91],[98.689,11.957],[98.686,12.047],[98.664,12.127],[98.696,12.225],[98.631,12.225],[98.6,12.245],[98.619,12.3],[98.679,12.348],[98.624,12.441],[98.665,12.54],[98.663,12.662],[98.636,12.771],[98.637,12.848],[98.595,12.986],[98.576,13.162],[98.487,13.293],[98.421,13.484],[98.245,13.733],[98.239,13.934],[98.2,13.98],[98.15,13.648],[98.111,13.713],[98.098,13.898],[98.073,13.986],[98.1,14.162],[97.998,14.335],[97.977,14.461],[97.91,14.653],[97.929,14.696],[98.019,14.653],[97.937,14.764],[97.869,14.739],[97.812,14.859],[97.8,15.185],[97.744,15.307],[97.774,15.431],[97.71,15.876],[97.584,16.02],[97.641,16.254],[97.634,16.458],[97.665,16.52],[97.726,16.569],[97.62,16.537],[97.376,16.523],[97.331,16.672],[97.267,16.743],[97.212,16.893],[97.178,17.062],[97.2,17.095],[97.1,17.165],[96.97,17.317],[96.851,17.401],[96.91,17.305],[96.851,17.203],[96.909,17.031],[96.811,16.778],[96.765,16.71],[96.622,16.564],[96.507,16.514],[96.431,16.505],[96.364,16.521],[96.282,16.596],[96.249,16.765],[96.22,16.781],[96.189,16.768],[96.238,16.631],[96.237,16.567],[96.324,16.444],[96.293,16.41],[96.135,16.343],[96.081,16.353],[96.043,16.34],[96.012,16.254],[95.763,16.169],[95.679,15.977],[95.556,15.838],[95.39,15.723],[95.301,15.756],[95.308,15.88],[95.365,15.985],[95.347,16.098],[95.333,16.033],[95.177,15.826],[95.078,15.839],[94.943,15.818],[94.891,15.979],[94.882,16.088],[94.893,16.183],[94.848,16.033],[94.798,15.971],[94.662,15.904],[94.651,16.065],[94.681,16.133],[94.677,16.242],[94.72,16.399],[94.703,16.512],[94.665,16.336],[94.588,16.289],[94.496,16.186],[94.442,16.094],[94.299,16.008],[94.224,16.016],[94.214,16.127],[94.271,16.517],[94.327,16.572],[94.353,16.64],[94.4,16.868],[94.452,16.954],[94.473,17.135],[94.564,17.309],[94.589,17.569],[94.56,17.699],[94.494,17.825],[94.431,18.202],[94.266,18.507],[94.252,18.609],[94.171,18.732],[94.246,18.741],[94.091,18.849],[94.07,18.893],[94.039,19.146],[94.045,19.287],[94.022,19.269],[94.002,19.182],[93.941,19.146],[93.968,18.995],[93.929,18.9],[93.8,18.961],[93.705,19.027],[93.493,19.369],[93.531,19.398],[93.579,19.401],[93.728,19.267],[93.825,19.238],[93.962,19.329],[93.998,19.441],[93.961,19.482],[93.84,19.534],[93.77,19.61],[93.74,19.697],[93.612,19.776],[93.707,19.912],[93.582,19.91],[93.41,20.038],[93.362,20.058],[93.25,20.07],[93.157,20.041],[93.199,19.898],[93.191,19.851],[93.129,19.858],[93.002,20.075],[93.096,20.181],[93.015,20.185],[93.067,20.378],[93.035,20.406],[92.991,20.288],[92.882,20.152],[92.791,20.211],[92.891,20.34],[92.851,20.415],[92.787,20.469],[92.736,20.563],[92.709,20.564],[92.733,20.453],[92.723,20.296],[92.608,20.47],[92.378,20.718],[92.324,20.792],[92.264,21.061],[92.215,21.113],[92.18,21.293],[92.208,21.358],[92.28,21.428],[92.331,21.44],[92.539,21.32],[92.569,21.263],[92.6,21.27],[92.632,21.306],[92.593,21.467],[92.575,21.978],[92.63,22.011],[92.689,22.131],[92.721,22.132],[92.771,22.105],[92.854,22.01],[92.909,21.989],[92.965,22.004],[93.043,22.184],[93.071,22.209],[93.121,22.205],[93.151,22.231],[93.162,22.36],[93.105,22.547],[93.079,22.718],[93.162,22.908],[93.151,22.997],[93.164,23.032],[93.204,23.037],[93.254,23.015],[93.308,23.03],[93.349,23.085],[93.391,23.339],[93.415,23.682],[93.373,23.774],[93.307,24.022],[93.326,24.064],[93.356,24.074],[93.452,23.987],[93.494,23.973],[93.683,24.007],[94.075,23.872],[94.128,23.876],[94.293,24.322],[94.399,24.514],[94.584,24.767],[94.708,25.049],[94.704,25.098],[94.675,25.139],[94.567,25.192],[94.553,25.216],[94.58,25.32],[94.623,25.41],[94.668,25.459],[94.786,25.519],[94.946,25.7],[94.992,25.77],[95.015,25.913],[95.132,26.041],[95.069,26.191],[95.051,26.347],[95.06,26.474],[95.129,26.597],[95.464,26.756],[95.738,26.95],[95.905,27.047],[96.061,27.217],[96.191,27.261],[96.666,27.339],[96.732,27.331],[96.798,27.296],[96.88,27.178],[96.953,27.133],[97.038,27.102],[97.102,27.115],[97.104,27.163],[96.902,27.44],[96.877,27.587],[96.9,27.644],[96.963,27.698],[97.226,27.89],[97.306,27.907],[97.335,27.938],[97.339,28.031],[97.303,28.086],[97.322,28.218],[97.538,28.51],[97.599,28.517],[97.659,28.5],[97.769,28.356],[97.888,28.356],[98.099,28.142],[98.13,27.968],[98.241,27.663],[98.299,27.55],[98.35,27.538],[98.392,27.587],[98.409,27.639],[98.453,27.657],[98.504,27.648],[98.651,27.572],[98.677,27.422],[98.675,27.191],[98.717,27.045],[98.739,26.698],[98.709,26.43],[98.672,26.299],[98.686,26.189],[98.663,26.139],[98.572,26.114],[98.564,26.072],[98.591,26.004],[98.655,25.918],[98.656,25.864],[98.625,25.827],[98.558,25.823],[98.466,25.789],[98.334,25.587],[98.297,25.569],[98.173,25.595],[98.143,25.571],[98.1,25.416],[98.064,25.349],[98.011,25.293],[97.918,25.236],[97.82,25.252],[97.715,25.034],[97.711,24.97],[97.738,24.87],[97.724,24.842],[97.583,24.775],[97.529,24.631],[97.531,24.492],[97.563,24.444],[97.624,24.423],[97.667,24.38],[97.671,24.313],[97.708,24.229],[97.691,24.131],[97.568,23.988],[97.565,23.911],[97.63,23.887],[97.686,23.898],[97.838,23.986],[98.017,24.065],[98.213,24.111],[98.499,24.116],[98.564,24.099],[98.583,24.07],[98.835,24.121],[98.834,24.091],[98.702,23.964],[98.677,23.905],[98.681,23.842],[98.788,23.738],[98.832,23.624],[98.798,23.52],[98.859,23.44],[98.883,23.38],[98.886,23.307],[98.864,23.191],[99.055,23.131],[99.341,23.096],[99.418,23.069],[99.465,23.046],[99.497,23.005],[99.507,22.959],[99.385,22.825],[99.338,22.689],[99.338,22.498],[99.243,22.37],[99.205,22.283],[99.172,22.192],[99.173,22.153],[99.193,22.126],[99.303,22.101],[99.389,22.111],[99.593,22.089],[99.918,22.028],[99.948,21.988],[99.926,21.821],[99.941,21.759],[99.978,21.702],[100.096,21.661],[100.106,21.617],[100.089,21.558],[100.117,21.511],[100.148,21.481],[100.215,21.463],[100.351,21.501],[100.531,21.458],[100.605,21.472],[100.677,21.505],[100.835,21.655],[101.08,21.756],[101.131,21.736],[101.147,21.582],[101.08,21.469],[100.928,21.366],[100.82,21.314],[100.757,21.313],[100.703,21.251],[100.659,21.13],[100.614,21.059],[100.567,21.038],[100.536,20.992],[100.522,20.922],[100.549,20.884],[100.618,20.879],[100.623,20.86],[100.565,20.825],[100.493,20.813],[100.407,20.823],[100.326,20.796],[100.249,20.73],[100.184,20.589],[100.122,20.317]]],[[[98.293,10.78],[98.271,10.74],[98.252,10.744],[98.218,10.838],[98.155,10.898],[98.08,10.887],[98.167,10.98],[98.21,10.953],[98.293,10.78]]],[[[98.134,9.875],[98.118,9.878],[98.14,9.975],[98.221,10.045],[98.292,10.051],[98.283,10.008],[98.231,9.954],[98.183,9.933],[98.134,9.875]]],[[[98.216,11.456],[98.187,11.472],[98.201,11.567],[98.3,11.783],[98.308,11.723],[98.284,11.594],[98.263,11.524],[98.216,11.456]]],[[[98.474,11.899],[98.454,12.061],[98.466,12.084],[98.525,12.005],[98.61,11.957],[98.576,11.925],[98.474,11.899]]],[[[98.528,11.539],[98.435,11.567],[98.376,11.792],[98.524,11.805],[98.554,11.745],[98.528,11.539]]],[[[98.436,12.571],[98.468,12.571],[98.459,12.474],[98.381,12.354],[98.314,12.336],[98.331,12.511],[98.303,12.612],[98.312,12.678],[98.396,12.647],[98.436,12.571]]],[[[98.137,12.15],[98.075,12.164],[98.037,12.232],[98.071,12.292],[98.122,12.279],[98.12,12.191],[98.137,12.15]]],[[[94.412,15.848],[94.388,15.994],[94.494,16.075],[94.601,16.206],[94.619,16.141],[94.566,16.019],[94.477,15.946],[94.412,15.848]]],[[[97.537,16.24],[97.48,16.306],[97.469,16.461],[97.542,16.505],[97.579,16.486],[97.6,16.43],[97.575,16.253],[97.537,16.24]]],[[[93.674,18.676],[93.57,18.76],[93.487,18.868],[93.618,18.889],[93.745,18.866],[93.746,18.808],[93.718,18.716],[93.674,18.676]]],[[[93.513,19.755],[93.445,19.806],[93.413,19.95],[93.492,19.893],[93.513,19.755]]],[[[93.829,19.475],[93.875,19.481],[93.946,19.429],[93.947,19.408],[93.934,19.365],[93.902,19.332],[93.815,19.299],[93.756,19.326],[93.732,19.416],[93.662,19.459],[93.644,19.495],[93.715,19.558],[93.829,19.475]]],[[[98.542,10.962],[98.477,10.98],[98.527,11.087],[98.542,10.962]]],[[[98.084,11.637],[98.021,11.696],[98.01,11.86],[98.081,11.733],[98.084,11.637]]],[[[98.06,12.354],[98.002,12.279],[97.939,12.346],[97.99,12.394],[98.06,12.398],[98.06,12.354]]],[[[98.309,12.935],[98.259,13.014],[98.251,13.104],[98.265,13.202],[98.315,13.099],[98.309,12.935]]],[[[94.784,15.794],[94.733,15.823],[94.828,15.933],[94.838,15.892],[94.784,15.794]]],[[[93.023,19.829],[92.975,19.868],[92.913,20.0],[92.915,20.086],[92.96,20.046],[93.01,19.924],[93.023,19.829]]]]}},{"type":"Feature","properties":{},"geometry":{"type":"MultiPolygon","coordinates":[[[[115.168,4.867],[115.267,4.634],[115.279,4.456],[115.327,4.381],[115.291,4.353],[115.247,4.347],[115.107,4.39],[115.052,4.583],[115.027,4.691],[115.027,4.9],[115.14,4.9],[115.168,4.867]]],[[[115.027,4.9],[114.747,4.718],[114.79,4.464],[114.84,4.393],[114.783,4.281],[114.81,4.267],[114.776,4.169],[114.725,4.097],[114.654,4.038],[114.608,4.024],[114.572,4.049],[114.417,4.256],[114.323,4.263],[114.29,4.304],[114.288,4.355],[114.224,4.478],[114.064,4.593],[114.299,4.607],[114.424,4.66],[114.545,4.725],[114.841,4.946],[114.995,5.022],[115.048,5.016],[115.027,4.9]]]]}},{"type":"Feature","properties":{},"geometry":{"type":"Polygon","coordinates":[[[91.626,27.737],[91.579,27.611],[91.595,27.558],[91.658,27.494],[91.743,27.443],[91.991,27.45],[92.083,27.291],[92.031,27.214],[91.992,27.1],[92.068,26.975],[92.073,26.915],[92.05,26.875],[91.998,26.855],[91.842,26.853],[91.672,26.802],[91.518,26.807],[91.456,26.867],[91.427,26.867],[91.287,26.79],[91.134,26.803],[90.74,26.772],[90.56,26.797],[90.346,26.89],[90.206,26.848],[90.123,26.755],[89.764,26.702],[89.61,26.719],[89.609,26.762],[89.586,26.779],[89.332,26.849],[89.148,26.816],[89.041,26.865],[88.858,26.961],[88.835,27.066],[88.739,27.176],[88.76,27.218],[88.882,27.297],[88.948,27.464],[89.102,27.593],[89.16,27.711],[89.481,28.06],[89.537,28.107],[89.75,28.188],[89.817,28.256],[89.898,28.294],[89.981,28.311],[90.104,28.302],[90.348,28.244],[90.363,28.217],[90.333,28.094],[90.353,28.08],[90.716,28.072],[90.907,28.027],[91.021,27.97],[91.078,27.974],[91.226,28.071],[91.273,28.078],[91.368,28.022],[91.606,27.952],[91.642,27.923],[91.626,27.737]]]}},{"type":"Feature","properties":{},"geometry":{"type":"MultiPolygon","coordinates":[[[[89.051,22.093],[89.05,22.275],[88.921,22.632],[88.927,22.671],[88.9,22.844],[88.851,23.041],[88.928,23.187],[88.897,23.21],[88.724,23.255],[88.704,23.293],[88.741,23.437],[88.616,23.573],[88.567,23.674],[88.7,24.003],[88.734,24.231],[88.724,24.275],[88.642,24.326],[88.499,24.347],[88.397,24.389],[88.338,24.454],[88.287,24.48],[88.225,24.461],[88.146,24.486],[88.023,24.628],[88.045,24.713],[88.15,24.915],[88.189,24.921],[88.313,24.882],[88.373,24.962],[88.456,25.188],[88.817,25.176],[88.89,25.194],[88.952,25.259],[88.944,25.291],[88.82,25.366],[88.795,25.456],[88.769,25.49],[88.593,25.495],[88.502,25.537],[88.452,25.574],[88.363,25.698],[88.253,25.79],[88.147,25.811],[88.107,25.841],[88.085,25.888],[88.151,26.087],[88.44,26.369],[88.437,26.437],[88.351,26.483],[88.346,26.505],[88.37,26.564],[88.418,26.572],[88.518,26.518],[88.62,26.431],[88.681,26.353],[88.683,26.292],[88.828,26.252],[88.97,26.251],[88.982,26.286],[88.924,26.375],[88.952,26.412],[89.019,26.41],[89.067,26.377],[89.102,26.308],[89.108,26.202],[89.186,26.106],[89.289,26.038],[89.37,26.006],[89.467,25.984],[89.55,26.005],[89.591,26.072],[89.573,26.132],[89.586,26.186],[89.619,26.216],[89.671,26.214],[89.71,26.171],[89.823,25.941],[89.8,25.84],[89.825,25.56],[89.796,25.376],[89.814,25.305],[89.833,25.293],[90.25,25.185],[90.439,25.158],[91.293,25.178],[91.48,25.142],[92.05,25.169],[92.205,25.111],[92.373,25.015],[92.468,24.944],[92.485,24.903],[92.475,24.869],[92.443,24.849],[92.385,24.849],[92.251,24.895],[92.228,24.881],[92.227,24.771],[92.117,24.494],[92.102,24.408],[92.064,24.374],[91.952,24.357],[91.877,24.195],[91.846,24.175],[91.772,24.211],[91.727,24.205],[91.669,24.19],[91.571,24.107],[91.526,24.091],[91.367,24.094],[91.336,24.019],[91.232,23.92],[91.16,23.661],[91.166,23.581],[91.254,23.374],[91.315,23.104],[91.339,23.077],[91.369,23.075],[91.371,23.198],[91.399,23.214],[91.436,23.2],[91.511,23.034],[91.554,22.992],[91.62,22.98],[91.695,23.005],[91.751,23.054],[91.774,23.106],[91.754,23.287],[91.79,23.361],[91.919,23.471],[91.938,23.505],[91.93,23.686],[92.044,23.678],[92.152,23.722],[92.187,23.676],[92.246,23.684],[92.334,23.324],[92.341,23.07],[92.362,22.929],[92.393,22.897],[92.491,22.685],[92.583,21.94],[92.593,21.467],[92.632,21.306],[92.6,21.27],[92.569,21.263],[92.539,21.32],[92.331,21.44],[92.28,21.428],[92.208,21.358],[92.18,21.293],[92.192,21.202],[92.215,21.113],[92.264,21.061],[92.324,20.792],[92.308,20.79],[92.195,20.984],[92.056,21.175],[92.011,21.516],[92.008,21.685],[91.913,21.883],[91.825,22.229],[91.863,22.35],[91.797,22.297],[91.693,22.505],[91.53,22.708],[91.482,22.797],[91.48,22.885],[91.41,22.797],[91.314,22.735],[91.216,22.642],[91.151,22.614],[90.946,22.597],[90.827,22.721],[90.656,23.025],[90.634,23.094],[90.656,23.273],[90.616,23.442],[90.604,23.591],[90.573,23.578],[90.562,23.537],[90.556,23.422],[90.269,23.456],[90.392,23.367],[90.523,23.346],[90.591,23.266],[90.595,23.134],[90.466,23.054],[90.478,22.987],[90.552,22.905],[90.462,22.882],[90.437,22.828],[90.435,22.752],[90.498,22.635],[90.487,22.589],[90.596,22.436],[90.616,22.362],[90.589,22.258],[90.356,22.048],[90.288,21.899],[90.231,21.83],[90.159,21.817],[90.071,21.887],[90.07,21.96],[90.088,22.017],[90.21,22.157],[90.143,22.138],[89.954,22.023],[89.918,22.116],[89.894,22.203],[89.894,22.308],[89.985,22.466],[89.882,22.388],[89.853,22.289],[89.866,22.173],[89.853,22.091],[89.812,21.983],[89.757,21.919],[89.668,21.878],[89.628,21.814],[89.569,21.767],[89.547,21.984],[89.483,22.276],[89.469,22.213],[89.503,22.032],[89.501,21.914],[89.452,21.821],[89.354,21.721],[89.279,21.707],[89.234,21.722],[89.094,21.873],[89.082,22.015],[89.051,22.093]]],[[[91.045,22.105],[91.079,22.52],[91.158,22.365],[91.178,22.283],[91.151,22.175],[91.045,22.105]]],[[[91.51,22.353],[91.467,22.378],[91.411,22.476],[91.439,22.599],[91.456,22.617],[91.548,22.425],[91.557,22.382],[91.51,22.353]]],[[[90.604,22.054],[90.515,22.065],[90.68,22.327],[90.675,22.445],[90.649,22.541],[90.565,22.618],[90.56,22.673],[90.523,22.748],[90.503,22.835],[90.596,22.864],[90.672,22.813],[90.737,22.639],[90.868,22.485],[90.83,22.16],[90.778,22.089],[90.604,22.054]]],[[[91.838,21.75],[91.82,21.81],[91.835,21.885],[91.861,21.927],[91.883,21.884],[91.838,21.75]]],[[[91.889,21.503],[91.859,21.533],[91.873,21.574],[91.857,21.709],[91.934,21.722],[91.962,21.61],[91.949,21.508],[91.889,21.503]]],[[[90.66,22.92],[90.562,22.975],[90.536,23.015],[90.58,23.035],[90.66,22.92]]]]}},{"type":"Feature","properties":{},"geometry":{"type":"MultiPolygon","coordinates":[[[[143.153,-12.076],[143.105,-12.17],[143.11,-12.304],[143.254,-12.398],[143.29,-12.499],[143.402,-12.64],[143.398,-12.736],[143.458,-12.856],[143.512,-13.095],[143.529,-13.304],[143.587,-13.444],[143.548,-13.741],[143.589,-13.863],[143.643,-13.964],[143.756,-14.349],[143.822,-14.401],[143.962,-14.463],[144.106,-14.395],[144.21,-14.302],[144.473,-14.232],[144.586,-14.355],[144.648,-14.492],[145.288,-14.943],[145.281,-15.0],[141.619,-15.0],[141.604,-14.853],[141.523,-14.47],[141.594,-14.153],[141.481,-13.927],[141.473,-13.798],[141.534,-13.554],[141.645,-13.259],[141.614,-12.943],[141.782,-12.779],[141.876,-12.778],[141.92,-12.803],[141.93,-12.74],[141.852,-12.579],[141.795,-12.567],[141.678,-12.491],[141.689,-12.351],[141.806,-12.08],[141.871,-11.976],[141.961,-12.054],[141.968,-11.976],[141.952,-11.896],[142.139,-11.273],[142.168,-10.947],[142.326,-10.884],[142.407,-10.802],[142.456,-10.707],[142.545,-10.707],[142.605,-10.748],[142.553,-10.874],[142.723,-11.01],[142.78,-11.115],[142.837,-11.307],[142.873,-11.821],[142.988,-11.919],[143.179,-11.954],[143.153,-12.076]]],[[[125.243,-14.945],[125.239,-14.875],[125.18,-14.794],[125.179,-14.715],[125.267,-14.648],[125.285,-14.584],[125.335,-14.558],[125.436,-14.557],[125.504,-14.502],[125.58,-14.483],[125.597,-14.278],[125.628,-14.257],[125.705,-14.291],[125.681,-14.388],[125.681,-14.48],[125.662,-14.529],[125.691,-14.525],[125.738,-14.444],[125.82,-14.469],[125.85,-14.597],[125.891,-14.618],[125.946,-14.52],[126.021,-14.495],[126.017,-14.371],[126.054,-14.217],[126.101,-14.184],[126.111,-14.114],[126.073,-14.066],[126.054,-13.977],[126.119,-13.958],[126.184,-14.002],[126.258,-14.164],[126.299,-14.136],[126.323,-14.062],[126.403,-14.019],[126.57,-14.161],[126.679,-14.089],[126.781,-13.955],[126.764,-13.873],[126.776,-13.788],[126.903,-13.744],[127.006,-13.777],[127.099,-13.867],[127.293,-13.935],[127.458,-14.031],[127.673,-14.195],[127.763,-14.299],[127.888,-14.485],[128.18,-14.712],[128.199,-14.752],[128.104,-15.0],[125.353,-15.0],[125.243,-14.945]]],[[[128.218,-14.996],[128.403,-14.869],[128.41,-14.829],[128.477,-14.788],[128.576,-14.775],[129.058,-14.884],[129.166,-15.0],[128.218,-14.996]]],[[[129.234,-14.906],[129.268,-14.871],[129.381,-14.898],[129.459,-14.933],[129.522,-15.0],[129.236,-15.0],[129.234,-14.906]]],[[[129.613,-14.926],[129.637,-14.851],[129.849,-14.829],[129.808,-14.8],[129.754,-14.79],[129.663,-14.721],[129.605,-14.647],[129.699,-14.575],[129.698,-14.557],[129.608,-14.56],[129.484,-14.49],[129.379,-14.392],[129.459,-14.213],[129.62,-14.038],[129.71,-13.98],[129.789,-13.72],[129.797,-13.648],[129.839,-13.573],[129.938,-13.502],[130.073,-13.476],[130.136,-13.448],[130.26,-13.302],[130.135,-13.146],[130.168,-12.957],[130.318,-12.883],[130.4,-12.688],[130.454,-12.659],[130.572,-12.664],[130.617,-12.647],[130.61,-12.491],[130.623,-12.431],[130.672,-12.407],[130.736,-12.428],[130.777,-12.495],[130.867,-12.558],[130.898,-12.524],[130.874,-12.367],[131.023,-12.343],[131.02,-12.214],[131.046,-12.19],[131.22,-12.178],[131.292,-12.068],[131.314,-12.096],[131.342,-12.21],[131.438,-12.277],[131.726,-12.278],[131.888,-12.232],[132.064,-12.281],[132.253,-12.186],[132.372,-12.239],[132.411,-12.295],[132.442,-12.176],[132.511,-12.135],[132.584,-12.11],[132.676,-12.13],[132.713,-12.123],[132.63,-12.035],[132.63,-11.836],[132.645,-11.727],[132.674,-11.649],[132.475,-11.492],[132.278,-11.468],[132.134,-11.501],[132.073,-11.475],[131.945,-11.349],[131.822,-11.302],[131.812,-11.271],[131.962,-11.181],[132.019,-11.196],[132.155,-11.311],[132.198,-11.305],[132.225,-11.239],[132.263,-11.204],[132.334,-11.224],[132.557,-11.367],[132.683,-11.506],[132.857,-11.391],[132.961,-11.407],[133.025,-11.453],[133.114,-11.622],[133.185,-11.706],[133.356,-11.728],[133.533,-11.816],[133.654,-11.811],[133.904,-11.832],[134.139,-11.94],[134.237,-12.008],[134.351,-12.026],[134.417,-12.053],[134.538,-12.061],[134.73,-11.984],[134.855,-12.103],[135.03,-12.194],[135.218,-12.222],[135.352,-12.129],[135.549,-12.061],[135.686,-11.956],[135.788,-11.907],[135.885,-11.822],[135.922,-11.826],[135.844,-11.905],[135.834,-11.951],[135.896,-11.97],[135.889,-11.993],[135.703,-12.152],[135.704,-12.21],[135.744,-12.242],[135.938,-12.152],[136.008,-12.191],[136.031,-12.331],[136.082,-12.422],[136.261,-12.434],[136.329,-12.306],[136.292,-12.196],[136.25,-12.173],[136.27,-12.132],[136.443,-11.951],[136.54,-11.958],[136.61,-12.134],[136.719,-12.226],[136.836,-12.219],[136.897,-12.244],[136.947,-12.35],[136.537,-12.784],[136.518,-12.833],[136.573,-12.912],[136.594,-13.004],[136.461,-13.225],[136.412,-13.236],[136.365,-13.176],[136.294,-13.138],[136.166,-13.181],[135.927,-13.304],[135.929,-13.622],[135.99,-13.81],[135.883,-14.153],[135.745,-14.287],[135.405,-14.758],[135.453,-14.923],[135.53,-15.0],[129.626,-15.0],[129.613,-14.926]]],[[[136.758,-13.845],[136.804,-13.842],[136.845,-13.751],[136.891,-13.787],[136.906,-13.827],[136.788,-13.946],[136.745,-14.073],[136.75,-14.115],[136.787,-14.158],[136.885,-14.197],[136.951,-14.184],[136.931,-14.246],[136.894,-14.293],[136.763,-14.273],[136.65,-14.28],[136.461,-14.235],[136.363,-14.229],[136.335,-14.212],[136.392,-14.175],[136.428,-14.126],[136.411,-14.011],[136.425,-13.865],[136.534,-13.794],[136.583,-13.721],[136.656,-13.676],[136.702,-13.682],[136.696,-13.726],[136.715,-13.804],[136.758,-13.845]]],[[[130.542,-11.703],[130.603,-11.773],[130.606,-11.817],[130.503,-11.836],[130.317,-11.772],[130.131,-11.825],[130.077,-11.825],[130.043,-11.787],[130.072,-11.681],[130.139,-11.697],[130.198,-11.658],[130.187,-11.541],[130.153,-11.478],[130.251,-11.361],[130.295,-11.337],[130.339,-11.337],[130.377,-11.42],[130.386,-11.51],[130.433,-11.592],[130.459,-11.679],[130.542,-11.703]]],[[[130.752,-11.384],[130.913,-11.309],[130.987,-11.34],[131.023,-11.334],[131.141,-11.263],[131.217,-11.243],[131.268,-11.19],[131.321,-11.247],[131.437,-11.313],[131.473,-11.383],[131.539,-11.437],[131.468,-11.51],[131.459,-11.588],[131.383,-11.583],[131.292,-11.711],[130.951,-11.926],[130.645,-11.742],[130.512,-11.618],[130.423,-11.446],[130.405,-11.305],[130.369,-11.215],[130.403,-11.18],[130.427,-11.183],[130.619,-11.376],[130.752,-11.384]]],[[[142.191,-10.762],[142.137,-10.732],[142.125,-10.668],[142.131,-10.641],[142.198,-10.592],[142.275,-10.705],[142.191,-10.762]]],[[[142.279,-10.254],[142.216,-10.236],[142.195,-10.199],[142.219,-10.149],[142.299,-10.14],[142.339,-10.192],[142.279,-10.254]]],[[[142.142,-10.181],[142.098,-10.122],[142.149,-10.052],[142.192,-10.085],[142.168,-10.154],[142.142,-10.181]]],[[[136.527,-11.439],[136.522,-11.394],[136.56,-11.358],[136.649,-11.212],[136.711,-11.158],[136.732,-11.025],[136.78,-11.012],[136.741,-11.195],[136.599,-11.379],[136.527,-11.439]]],[[[136.18,-11.677],[136.267,-11.576],[136.479,-11.466],[136.471,-11.509],[136.379,-11.583],[136.18,-11.677]]],[[[136.214,-13.836],[136.123,-13.817],[136.122,-13.781],[136.215,-13.665],[136.257,-13.707],[136.275,-13.791],[136.214,-13.836]]],[[[132.574,-11.318],[132.494,-11.164],[132.516,-11.116],[132.484,-11.037],[132.538,-11.028],[132.579,-10.969],[132.593,-10.998],[132.597,-11.106],[132.629,-11.169],[132.593,-11.303],[132.574,-11.318]]],[[[125.135,-14.642],[125.091,-14.592],[125.117,-14.492],[125.16,-14.456],[125.198,-14.475],[125.199,-14.579],[125.135,-14.642]]]]}},{"type":"Feature","properties":{},"geometry":{"type":"MultiPolygon","coordinates":[[[[105.697,-10.564],[105.644,-10.525],[105.584,-10.512],[105.596,-10.46],[105.705,-10.431],[105.725,-10.493],[105.697,-10.564]]],[[[96.852,-12.187],[96.874,-12.188],[96.85,-12.197],[96.835,-12.18],[96.826,-12.126],[96.852,-12.187]]],[[[96.907,-12.2],[96.893,-12.187],[96.921,-12.162],[96.924,-12.185],[96.907,-12.2]]]]}},{"type":"Feature","properties":{},"geometry":{"type":"Polygon","coordinates":[[[123.595,-12.426],[123.573,-12.434],[123.572,-12.424],[123.595,-12.426]]]}},{"type":"Feature","properties":{},"geometry":{"type":"Polygon","coordinates":[[[66.828,37.371],[67.069,37.335],[67.196,37.235],[67.32,37.21],[67.442,37.258],[67.517,37.267],[67.546,37.236],[67.7,37.227],[67.753,37.2],[67.766,37.14],[67.834,37.064],[67.958,36.972],[68.068,36.95],[68.212,37.022],[68.261,37.013],[68.285,37.036],[68.3,37.088],[68.387,37.138],[68.546,37.183],[68.637,37.224],[68.669,37.258],[68.824,37.271],[68.855,37.317],[68.912,37.334],[68.96,37.325],[69.265,37.108],[69.304,37.117],[69.414,37.208],[69.43,37.291],[69.399,37.399],[69.42,37.487],[69.492,37.553],[69.626,37.594],[69.821,37.61],[69.941,37.6],[69.985,37.566],[70.045,37.547],[70.12,37.544],[70.189,37.582],[70.251,37.664],[70.255,37.765],[70.199,37.886],[70.215,37.924],[70.313,37.985],[70.418,38.075],[70.616,38.334],[70.736,38.423],[70.879,38.456],[71.052,38.418],[71.256,38.307],[71.333,38.17],[71.283,38.008],[71.279,37.918],[71.32,37.902],[71.552,37.933],[71.582,37.91],[71.505,37.603],[71.433,37.128],[71.531,36.845],[71.597,36.733],[71.666,36.697],[71.734,36.684],[71.802,36.694],[72.154,36.901],[72.359,36.983],[72.657,37.029],[72.757,37.173],[72.896,37.268],[73.211,37.408],[73.383,37.462],[73.481,37.472],[73.721,37.419],[73.734,37.376],[73.717,37.329],[73.649,37.291],[73.628,37.262],[73.654,37.239],[73.75,37.232],[74.167,37.329],[74.26,37.415],[74.349,37.419],[74.524,37.382],[74.659,37.394],[74.731,37.357],[74.891,37.232],[74.84,37.225],[74.767,37.249],[74.727,37.291],[74.372,37.158],[74.376,37.137],[74.541,37.022],[74.039,36.826],[74.002,36.823],[73.769,36.888],[73.117,36.869],[72.623,36.83],[72.431,36.766],[72.25,36.735],[72.157,36.701],[72.096,36.634],[71.822,36.486],[71.773,36.432],[71.621,36.436],[71.463,36.293],[71.233,36.122],[71.185,36.042],[71.22,36.001],[71.343,35.939],[71.398,35.88],[71.484,35.715],[71.519,35.598],[71.572,35.547],[71.601,35.408],[71.546,35.329],[71.546,35.289],[71.621,35.183],[71.455,34.967],[71.294,34.868],[71.226,34.78],[71.113,34.682],[71.066,34.6],[70.966,34.53],[70.979,34.486],[71.023,34.431],[71.096,34.369],[71.091,34.12],[71.052,34.05],[70.848,33.982],[70.654,33.952],[70.326,33.961],[69.995,34.052],[69.89,34.007],[69.868,33.898],[70.057,33.72],[70.134,33.621],[70.22,33.455],[70.284,33.369],[70.261,33.289],[69.92,33.112],[69.704,33.095],[69.568,33.064],[69.502,33.02],[69.453,32.833],[69.405,32.764],[69.405,32.683],[69.359,32.59],[69.29,32.531],[69.241,32.434],[69.279,31.937],[69.083,31.738],[68.973,31.667],[68.869,31.634],[68.782,31.646],[68.673,31.76],[68.598,31.803],[68.521,31.794],[68.443,31.754],[68.32,31.768],[68.214,31.807],[68.161,31.803],[68.017,31.678],[67.74,31.548],[67.627,31.539],[67.578,31.506],[67.598,31.453],[67.647,31.41],[67.733,31.379],[67.738,31.344],[67.596,31.278],[67.453,31.235],[67.287,31.218],[67.116,31.243],[67.028,31.3],[66.924,31.306],[66.829,31.264],[66.731,31.195],[66.596,31.02],[66.397,30.912],[66.347,30.803],[66.287,30.608],[66.305,30.321],[66.282,30.193],[66.238,30.11],[66.247,30.044],[66.313,29.969],[66.231,29.866],[66.177,29.836],[65.096,29.559],[64.521,29.565],[64.394,29.544],[64.266,29.507],[64.172,29.46],[64.099,29.392],[63.971,29.43],[63.568,29.498],[62.477,29.408],[62.373,29.425],[60.843,29.859],[61.784,30.832],[61.811,30.913],[61.814,31.073],[61.755,31.285],[61.66,31.382],[60.821,31.495],[60.792,31.661],[60.804,31.734],[60.788,31.877],[60.829,32.249],[60.562,33.059],[60.561,33.138],[60.718,33.324],[60.917,33.505],[60.907,33.539],[60.806,33.559],[60.655,33.56],[60.574,33.588],[60.511,33.639],[60.486,33.712],[60.527,33.842],[60.486,34.095],[60.643,34.307],[60.889,34.319],[60.726,34.518],[60.739,34.545],[60.802,34.555],[60.951,34.654],[60.958,34.71],[61.08,34.856],[61.07,34.922],[61.15,35.094],[61.107,35.209],[61.1,35.272],[61.189,35.312],[61.246,35.474],[61.279,35.514],[61.262,35.62],[61.345,35.629],[61.422,35.546],[61.543,35.458],[61.621,35.432],[61.72,35.419],[61.984,35.444],[62.213,35.29],[62.253,35.25],[62.271,35.189],[62.308,35.171],[62.387,35.231],[62.463,35.251],[62.611,35.233],[62.688,35.255],[63.057,35.446],[63.084,35.568],[63.119,35.638],[63.17,35.678],[63.109,35.819],[63.13,35.846],[63.302,35.858],[63.862,36.012],[64.01,36.012],[64.042,36.025],[64.051,36.068],[64.092,36.113],[64.358,36.226],[64.511,36.341],[64.566,36.428],[64.816,37.132],[65.09,37.238],[65.555,37.251],[65.641,37.468],[65.683,37.519],[65.765,37.569],[66.108,37.415],[66.472,37.345],[66.828,37.371]]]}},{"type":"Feature","properties":{},"geometry":{"type":"Polygon","coordinates":[[[77.049,35.11],[76.767,35.662],[77.09,35.552],[77.446,35.476],[77.573,35.472],[77.799,35.496],[77.049,35.11]]]}}]}