{"type":"FeatureCollection","features":[{"type":"Feature","properties":{},"geometry":{"type":"LineString","coordinates":[[101.6915,3.1525],[101.6907,3.1508]]}},{"type":"Feature","properties":{},"geometry":{"type":"LineString","coordinates":[[101.6801,3.115],[101.6807,3.1142]]}},{"type":"Feature","properties":{},"geometry":{"type":"LineString","coordinates":[[102.8104,2.5101],[102.8177,2.5038],[102.8421,2.4915]]}},{"type":"Feature","properties":{},"geometry":{"type":"LineString","coordinates":[[101.7094,3.0946],[101.7111,3.0871],[101.7122,3.0861],[101.7146,3.0854],[101.7156,3.0843],[101.7158,3.0827],[101.7149,3.0796]]}},{"type":"Feature","properties":{},"geometry":{"type":"LineString","coordinates":[[101.9273,2.7229],[101.926,2.7239]]}},{"type":"Feature","properties":{},"geometry":{"type":"LineString","coordinates":[[100.2533,6.5006],[100.26,6.5421],[100.2591,6.5704],[100.2621,6.5811],[100.2632,6.5929],[100.2633,6.6067],[100.2651,6.6198]]}},{"type":"Feature","properties":{},"geometry":{"type":"LineString","coordinates":[[101.6786,3.1203],[101.6792,3.1175]]}},{"type":"Feature","properties":{},"geometry":{"type":"LineString","coordinates":[[101.6786,3.1204],[101.6784,3.1214]]}},{"type":"Feature","properties":{},"geometry":{"type":"LineString","coordinates":[[100.4699,5.3297],[100.4706,5.3224],[100.4825,5.2954]]}},{"type":"Feature","properties":{},"geometry":{"type":"LineString","coordinates":[[101.1887,4.1696],[101.189,4.166],[101.1904,4.1625],[101.206,4.1437],[101.209,4.141],[101.2202,4.1337]]}},{"type":"Feature","properties":{},"geometry":{"type":"LineString","coordinates":[[101.4596,3.7278],[101.4677,3.7235],[101.4746,3.7166],[101.4824,3.7139],[101.4951,3.7066],[101.5158,3.6871]]}},{"type":"Feature","properties":{},"geometry":{"type":"LineString","coordinates":[[100.9638,4.8377],[100.9608,4.8365]]}},{"type":"Feature","properties":{},"geometry":{"type":"LineString","coordinates":[[100.9312,4.776],[100.9284,4.7747],[100.9261,4.7744],[100.9067,4.7772],[100.904,4.7768]]}},{"type":"Feature","properties":{},"geometry":{"type":"LineString","coordinates":[[100.9592,4.8358],[100.955,4.8329],[100.9523,4.8286],[100.9516,4.8247],[100.9514,4.8139]]}},{"type":"Feature","properties":{},"geometry":{"type":"LineString","coordinates":[[101.0708,4.5888],[101.0694,4.5842]]}},{"type":"Feature","properties":{},"geometry":{"type":"LineString","coordinates":[[101.0724,4.5961],[101.0712,4.5923]]}},{"type":"Feature","properties":{},"geometry":{"type":"LineString","coordinates":[[100.9038,4.7766],[100.9003,4.774],[100.8971,4.7733]]}},{"type":"Feature","properties":{},"geometry":{"type":"LineString","coordinates":[[101.1174,4.7568],[101.1173,4.7572]]}},{"type":"Feature","properties":{},"geometry":{"type":"LineString","coordinates":[[100.8971,4.7733],[100.8916,4.7729]]}},{"type":"Feature","properties":{},"geometry":{"type":"LineString","coordinates":[[101.0496,4.4593],[101.0593,4.4382],[101.0749,4.41]]}},{"type":"Feature","properties":{},"geometry":{"type":"LineString","coordinates":[[101.6784,3.1214],[101.6783,3.1218]]}},{"type":"Feature","properties":{},"geometry":{"type":"LineString","coordinates":[[101.6783,3.1218],[101.6784,3.1257]]}},{"type":"Feature","properties":{},"geometry":{"type":"LineString","coordinates":[[101.2913,4.0181],[101.2942,4.0137],[101.3011,4.0065]]}},{"type":"Feature","properties":{},"geometry":{"type":"LineString","coordinates":[[101.2689,4.098],[101.2691,4.0973]]}},{"type":"Feature","properties":{},"geometry":{"type":"LineString","coordinates":[[101.3104,3.9881],[101.3108,3.9871]]}},{"type":"Feature","properties":{},"geometry":{"type":"LineString","coordinates":[[101.3108,3.9871],[101.3162,3.9723],[101.3232,3.9604]]}},{"type":"Feature","properties":{},"geometry":{"type":"LineString","coordinates":[[101.6332,3.5074],[101.6333,3.5067]]}},{"type":"Feature","properties":{},"geometry":{"type":"LineString","coordinates":[[101.5284,3.6745],[101.5288,3.674]]}},{"type":"Feature","properties":{},"geometry":{"type":"LineString","coordinates":[[101.5288,3.674],[101.5397,3.6583],[101.553,3.6465],[101.5583,3.6399],[101.562,3.6333],[101.5723,3.6211],[101.5779,3.6172],[101.5868,3.609],[101.5921,3.6016],[101.5945,3.6001],[101.5982,3.5994]]}},{"type":"Feature","properties":{},"geometry":{"type":"LineString","coordinates":[[100.4947,5.6226],[100.4898,5.6343]]}},{"type":"Feature","properties":{},"geometry":{"type":"LineString","coordinates":[[100.4938,5.5887],[100.493,5.5965],[100.4963,5.6113]]}},{"type":"Feature","properties":{},"geometry":{"type":"LineString","coordinates":[[100.4964,5.6118],[100.4968,5.6168],[100.4948,5.6223]]}},{"type":"Feature","properties":{},"geometry":{"type":"LineString","coordinates":[[100.4963,5.6113],[100.4964,5.6118]]}},{"type":"Feature","properties":{},"geometry":{"type":"LineString","coordinates":[[100.4948,5.6223],[100.4947,5.6226]]}},{"type":"Feature","properties":{},"geometry":{"type":"LineString","coordinates":[[100.4939,5.5884],[100.4938,5.5887]]}},{"type":"Feature","properties":{},"geometry":{"type":"LineString","coordinates":[[100.4893,5.6385],[100.4894,5.6391]]}},{"type":"Feature","properties":{},"geometry":{"type":"LineString","coordinates":[[100.4983,5.5609],[100.5006,5.5472],[100.507,5.5246]]}},{"type":"Feature","properties":{},"geometry":{"type":"LineString","coordinates":[[100.4957,5.6761],[100.4969,5.6792],[100.5077,5.695],[100.5094,5.6989]]}},{"type":"Feature","properties":{},"geometry":{"type":"LineString","coordinates":[[101.7902,2.8948],[101.7915,2.8941]]}},{"type":"Feature","properties":{},"geometry":{"type":"LineString","coordinates":[[101.7915,2.8941],[101.8014,2.886],[101.8087,2.8843],[101.8156,2.8783],[101.8192,2.8679],[101.8193,2.8635],[101.825,2.8438]]}},{"type":"Feature","properties":{},"geometry":{"type":"LineString","coordinates":[[101.603,3.2004],[101.6031,3.2003]]}},{"type":"Feature","properties":{},"geometry":{"type":"LineString","coordinates":[[101.6031,3.2003],[101.6072,3.1996],[101.6109,3.2011]]}},{"type":"Feature","properties":{},"geometry":{"type":"LineString","coordinates":[[101.6912,3.1652],[101.6937,3.1571],[101.6933,3.1551]]}},{"type":"Feature","properties":{},"geometry":{"type":"LineString","coordinates":[[101.6912,3.1652],[101.6937,3.1571],[101.6934,3.155]]}},{"type":"Feature","properties":{},"geometry":{"type":"LineString","coordinates":[[101.5749,3.3164],[101.5749,3.3158]]}},{"type":"Feature","properties":{},"geometry":{"type":"LineString","coordinates":[[101.5749,3.3158],[101.5751,3.297],[101.5746,3.2945],[101.5686,3.2844],[101.5648,3.2793],[101.5624,3.2771],[101.5618,3.2739],[101.5601,3.271],[101.5579,3.2642]]}},{"type":"Feature","properties":{},"geometry":{"type":"LineString","coordinates":[[101.6291,3.2086],[101.6298,3.2085]]}},{"type":"Feature","properties":{},"geometry":{"type":"LineString","coordinates":[[101.6298,3.2085],[101.6327,3.2073],[101.6353,3.2048]]}},{"type":"Feature","properties":{},"geometry":{"type":"LineString","coordinates":[[101.704,3.0994],[101.7041,3.0992]]}},{"type":"Feature","properties":{},"geometry":{"type":"LineString","coordinates":[[101.7014,3.1014],[101.7018,3.1011]]}},{"type":"Feature","properties":{},"geometry":{"type":"LineString","coordinates":[[101.7018,3.1011],[101.704,3.0994]]}},{"type":"Feature","properties":{},"geometry":{"type":"LineString","coordinates":[[101.6983,3.1039],[101.6987,3.1035]]}},{"type":"Feature","properties":{},"geometry":{"type":"LineString","coordinates":[[101.6987,3.1035],[101.7014,3.1014]]}},{"type":"Feature","properties":{},"geometry":{"type":"LineString","coordinates":[[101.1772,4.2311],[101.1774,4.2305]]}},{"type":"Feature","properties":{},"geometry":{"type":"LineString","coordinates":[[101.1876,4.1821],[101.1882,4.1813]]}},{"type":"Feature","properties":{},"geometry":{"type":"LineString","coordinates":[[101.1774,4.2305],[101.1858,4.1858]]}},{"type":"Feature","properties":{},"geometry":{"type":"LineString","coordinates":[[101.1895,4.1758],[101.189,4.1712]]}},{"type":"Feature","properties":{},"geometry":{"type":"LineString","coordinates":[[101.4056,3.8227],[101.4062,3.822]]}},{"type":"Feature","properties":{},"geometry":{"type":"LineString","coordinates":[[101.608,3.5898],[101.6083,3.5893]]}},{"type":"Feature","properties":{},"geometry":{"type":"LineString","coordinates":[[101.4062,3.822],[101.4128,3.8153],[101.4234,3.8018],[101.4295,3.7967],[101.4318,3.7938],[101.4352,3.7854],[101.4363,3.7606],[101.4389,3.756],[101.4452,3.751]]}},{"type":"Feature","properties":{},"geometry":{"type":"LineString","coordinates":[[101.6139,3.5746],[101.6185,3.5688],[101.6244,3.5645],[101.6371,3.5586],[101.6386,3.5568],[101.6394,3.5539]]}},{"type":"Feature","properties":{},"geometry":{"type":"LineString","coordinates":[[101.692,3.1532],[101.6915,3.1525]]}},{"type":"Feature","properties":{},"geometry":{"type":"LineString","coordinates":[[101.692,3.1532],[101.6915,3.1525]]}},{"type":"Feature","properties":{},"geometry":{"type":"LineString","coordinates":[[101.6915,3.1525],[101.6907,3.1508]]}},{"type":"Feature","properties":{},"geometry":{"type":"LineString","coordinates":[[101.6413,3.1985],[101.6496,3.1944]]}},{"type":"Feature","properties":{},"geometry":{"type":"LineString","coordinates":[[101.1285,4.3311],[101.1289,4.3305]]}},{"type":"Feature","properties":{},"geometry":{"type":"LineString","coordinates":[[101.0449,4.4679],[101.0454,4.4671]]}},{"type":"Feature","properties":{},"geometry":{"type":"LineString","coordinates":[[101.1289,4.3305],[101.1321,4.3263]]}},{"type":"Feature","properties":{},"geometry":{"type":"LineString","coordinates":[[101.1321,4.3263],[101.1324,4.3259]]}},{"type":"Feature","properties":{},"geometry":{"type":"LineString","coordinates":[[101.1324,4.3259],[101.1444,4.31],[101.1529,4.3032]]}},{"type":"Feature","properties":{},"geometry":{"type":"LineString","coordinates":[[101.2207,4.1333],[101.239,4.1225],[101.2491,4.1126]]}},{"type":"Feature","properties":{},"geometry":{"type":"LineString","coordinates":[[101.2202,4.1337],[101.2207,4.1333]]}},{"type":"Feature","properties":{},"geometry":{"type":"LineString","coordinates":[[101.7868,2.9906],[101.7874,2.9904]]}},{"type":"Feature","properties":{},"geometry":{"type":"LineString","coordinates":[[101.7869,2.9405],[101.7871,2.9403]]}},{"type":"Feature","properties":{},"geometry":{"type":"LineString","coordinates":[[101.7916,2.9635],[101.7928,2.9598],[101.7927,2.9575],[101.7884,2.9483]]}},{"type":"Feature","properties":{},"geometry":{"type":"LineString","coordinates":[[101.7871,2.9403],[101.7943,2.9341],[101.7938,2.9274],[101.7958,2.9234],[101.7968,2.9161],[101.7943,2.9083],[101.7927,2.907],[101.7875,2.9056],[101.7848,2.9007]]}},{"type":"Feature","properties":{},"geometry":{"type":"LineString","coordinates":[[100.7202,4.8876],[100.7177,4.9106]]}},{"type":"Feature","properties":{},"geometry":{"type":"LineString","coordinates":[[100.6872,5.0393],[100.6616,5.0391]]}},{"type":"Feature","properties":{},"geometry":{"type":"LineString","coordinates":[[100.7318,5.0115],[100.7315,5.012]]}},{"type":"Feature","properties":{},"geometry":{"type":"LineString","coordinates":[[100.7315,5.012],[100.7292,5.0157],[100.7198,5.0256],[100.7104,5.0335],[100.6951,5.0389],[100.6872,5.0393]]}},{"type":"Feature","properties":{},"geometry":{"type":"LineString","coordinates":[[100.7335,5.0082],[100.733,5.0092]]}},{"type":"Feature","properties":{},"geometry":{"type":"LineString","coordinates":[[100.733,5.0092],[100.7318,5.0115]]}},{"type":"Feature","properties":{},"geometry":{"type":"LineString","coordinates":[[100.4893,5.1157],[100.4921,5.102]]}},{"type":"Feature","properties":{},"geometry":{"type":"LineString","coordinates":[[101.941,2.7184],[101.9498,2.7125],[101.952,2.7087]]}},{"type":"Feature","properties":{},"geometry":{"type":"LineString","coordinates":[[102.62,2.5813],[102.6179,2.5808]]}},{"type":"Feature","properties":{},"geometry":{"type":"LineString","coordinates":[[101.9527,2.707],[101.953,2.7062]]}},{"type":"Feature","properties":{},"geometry":{"type":"LineString","coordinates":[[101.9614,2.6999],[101.9697,2.6951],[101.9765,2.6793],[101.9814,2.6762],[101.9843,2.6727],[101.9895,2.6701],[101.994,2.6627]]}},{"type":"Feature","properties":{},"geometry":{"type":"LineString","coordinates":[[101.9374,2.7203],[101.9273,2.7229]]}},{"type":"Feature","properties":{},"geometry":{"type":"LineString","coordinates":[[101.3057,4.0006],[101.3061,3.9999]]}},{"type":"Feature","properties":{},"geometry":{"type":"LineString","coordinates":[[101.3061,3.9999],[101.3104,3.9881]]}},{"type":"Feature","properties":{},"geometry":{"type":"LineString","coordinates":[[100.285,6.6402],[100.2854,6.6405]]}},{"type":"Feature","properties":{},"geometry":{"type":"LineString","coordinates":[[100.2923,6.6457],[100.2927,6.646]]}},{"type":"Feature","properties":{},"geometry":{"type":"LineString","coordinates":[[100.2927,6.646],[100.2966,6.6485],[100.303,6.6507],[100.317,6.6602]]}},{"type":"Feature","properties":{},"geometry":{"type":"LineString","coordinates":[[100.2854,6.6405],[100.2923,6.6457]]}},{"type":"Feature","properties":{},"geometry":{"type":"LineString","coordinates":[[100.7166,4.9218],[100.7166,4.922]]}},{"type":"Feature","properties":{},"geometry":{"type":"LineString","coordinates":[[100.7166,4.922],[100.717,4.9264],[100.7262,4.9609],[100.7331,4.9819],[100.7355,5.0],[100.735,5.0046],[100.7335,5.0082]]}},{"type":"Feature","properties":{},"geometry":{"type":"LineString","coordinates":[[100.795,4.7776],[100.7649,4.7868],[100.7546,4.7942]]}},{"type":"Feature","properties":{},"geometry":{"type":"LineString","coordinates":[[100.7177,4.9106],[100.7176,4.9116]]}},{"type":"Feature","properties":{},"geometry":{"type":"LineString","coordinates":[[100.7176,4.9116],[100.7166,4.9218]]}},{"type":"Feature","properties":{},"geometry":{"type":"LineString","coordinates":[[100.904,4.7768],[100.9038,4.7766]]}},{"type":"Feature","properties":{},"geometry":{"type":"LineString","coordinates":[[103.7666,1.4599],[103.7636,1.4647]]}},{"type":"Feature","properties":{},"geometry":{"type":"LineString","coordinates":[[103.7608,1.4679],[103.7622,1.4664]]}},{"type":"Feature","properties":{},"geometry":{"type":"LineString","coordinates":[[103.7665,1.4599],[103.7635,1.4647]]}},{"type":"Feature","properties":{},"geometry":{"type":"LineString","coordinates":[[102.6166,2.5802],[102.6173,2.5804]]}},{"type":"Feature","properties":{},"geometry":{"type":"LineString","coordinates":[[102.6103,2.5787],[102.6114,2.5789]]}},{"type":"Feature","properties":{},"geometry":{"type":"LineString","coordinates":[[102.6166,2.5802],[102.612,2.5791]]}},{"type":"Feature","properties":{},"geometry":{"type":"LineString","coordinates":[[100.4679,5.3678],[100.4731,5.4064],[100.4773,5.4177],[100.4854,5.4303]]}},{"type":"Feature","properties":{},"geometry":{"type":"LineString","coordinates":[[100.374,6.1846],[100.3698,6.1914],[100.3679,6.1998]]}},{"type":"Feature","properties":{},"geometry":{"type":"LineString","coordinates":[[100.3744,6.184],[100.374,6.1846]]}},{"type":"Feature","properties":{},"geometry":{"type":"LineString","coordinates":[[100.3794,6.1594],[100.3807,6.1395],[100.38,6.1359],[100.3778,6.1311]]}},{"type":"Feature","properties":{},"geometry":{"type":"LineString","coordinates":[[100.3678,6.109],[100.3683,6.1101]]}},{"type":"Feature","properties":{},"geometry":{"type":"LineString","coordinates":[[100.2729,6.4186],[100.2728,6.419]]}},{"type":"Feature","properties":{},"geometry":{"type":"LineString","coordinates":[[100.2728,6.419],[100.2712,6.4234]]}},{"type":"Feature","properties":{},"geometry":{"type":"LineString","coordinates":[[100.3346,6.3281],[100.3345,6.3284]]}},{"type":"Feature","properties":{},"geometry":{"type":"LineString","coordinates":[[100.3497,6.289],[100.3496,6.2893]]}},{"type":"Feature","properties":{},"geometry":{"type":"LineString","coordinates":[[100.3012,6.3729],[100.2786,6.4031],[100.2729,6.4186]]}},{"type":"Feature","properties":{},"geometry":{"type":"LineString","coordinates":[[100.3495,6.2893],[100.3443,6.3143],[100.3424,6.3177],[100.3346,6.3281]]}},{"type":"Feature","properties":{},"geometry":{"type":"LineString","coordinates":[[101.6346,3.5366],[101.6334,3.5332],[101.6301,3.528],[101.6289,3.5208],[101.629,3.5169]]}},{"type":"Feature","properties":{},"geometry":{"type":"LineString","coordinates":[[101.638,3.4697],[101.6379,3.4691]]}},{"type":"Feature","properties":{},"geometry":{"type":"LineString","coordinates":[[101.6348,3.5373],[101.6346,3.5366]]}},{"type":"Feature","properties":{},"geometry":{"type":"LineString","coordinates":[[101.6809,3.1141],[101.6831,3.1128],[101.6885,3.1118],[101.6983,3.1039]]}},{"type":"Feature","properties":{},"geometry":{"type":"LineString","coordinates":[[101.6807,3.1142],[101.6809,3.1141]]}},{"type":"Feature","properties":{},"geometry":{"type":"LineString","coordinates":[[101.1175,4.7566],[101.1212,4.747],[101.122,4.7311]]}},{"type":"Feature","properties":{},"geometry":{"type":"LineString","coordinates":[[101.1174,4.7568],[101.1175,4.7566]]}},{"type":"Feature","properties":{},"geometry":{"type":"LineString","coordinates":[[101.1224,4.7204],[101.1225,4.7181]]}},{"type":"Feature","properties":{},"geometry":{"type":"LineString","coordinates":[[101.1224,4.721],[101.1224,4.7204]]}},{"type":"Feature","properties":{},"geometry":{"type":"LineString","coordinates":[[101.1226,4.7176],[101.1241,4.713],[101.1271,4.7091]]}},{"type":"Feature","properties":{},"geometry":{"type":"LineString","coordinates":[[101.1225,4.7181],[101.1226,4.7176]]}},{"type":"Feature","properties":{},"geometry":{"type":"LineString","coordinates":[[101.1326,4.6688],[101.138,4.6758],[101.1406,4.6812],[101.1416,4.6884],[101.1403,4.6948]]}},{"type":"Feature","properties":{},"geometry":{"type":"LineString","coordinates":[[100.4854,5.4303],[100.4858,5.4309]]}},{"type":"Feature","properties":{},"geometry":{"type":"LineString","coordinates":[[100.2712,6.4234],[100.2711,6.4239]]}},{"type":"Feature","properties":{},"geometry":{"type":"LineString","coordinates":[[100.2623,6.4492],[100.2622,6.4497]]}},{"type":"Feature","properties":{},"geometry":{"type":"LineString","coordinates":[[100.2622,6.4497],[100.254,6.474],[100.2533,6.5001]]}},{"type":"Feature","properties":{},"geometry":{"type":"LineString","coordinates":[[100.2681,6.4326],[100.2623,6.4492]]}},{"type":"Feature","properties":{},"geometry":{"type":"LineString","coordinates":[[101.046,4.5011],[101.0459,4.5009]]}},{"type":"Feature","properties":{},"geometry":{"type":"LineString","coordinates":[[101.0459,4.5009],[101.0422,4.482]]}},{"type":"Feature","properties":{},"geometry":{"type":"LineString","coordinates":[[100.4962,5.4696],[100.4959,5.4733],[100.4966,5.4771]]}},{"type":"Feature","properties":{},"geometry":{"type":"LineString","coordinates":[[100.4962,5.4692],[100.4962,5.4696]]}},{"type":"Feature","properties":{},"geometry":{"type":"LineString","coordinates":[[100.3794,6.1597],[100.3794,6.1594]]}},{"type":"Feature","properties":{},"geometry":{"type":"LineString","coordinates":[[100.4973,5.5676],[100.495,5.5812]]}},{"type":"Feature","properties":{},"geometry":{"type":"LineString","coordinates":[[100.4977,5.5648],[100.4973,5.5676]]}},{"type":"Feature","properties":{},"geometry":{"type":"LineString","coordinates":[[100.4949,5.5817],[100.495,5.5812]]}},{"type":"Feature","properties":{},"geometry":{"type":"LineString","coordinates":[[100.3592,6.2422],[100.3591,6.2425]]}},{"type":"Feature","properties":{},"geometry":{"type":"LineString","coordinates":[[100.5094,5.6989],[100.5096,5.6995]]}},{"type":"Feature","properties":{},"geometry":{"type":"LineString","coordinates":[[100.495,5.5812],[100.4972,5.5676]]}},{"type":"Feature","properties":{},"geometry":{"type":"LineString","coordinates":[[100.4984,5.5609],[100.4983,5.5616]]}},{"type":"Feature","properties":{},"geometry":{"type":"LineString","coordinates":[[100.5071,5.5241],[100.507,5.5246]]}},{"type":"Feature","properties":{},"geometry":{"type":"LineString","coordinates":[[100.3588,6.244],[100.3497,6.289]]}},{"type":"Feature","properties":{},"geometry":{"type":"LineString","coordinates":[[100.4939,5.5884],[100.4949,5.5817]]}},{"type":"Feature","properties":{},"geometry":{"type":"LineString","coordinates":[[100.507,5.5246],[100.5007,5.5472],[100.4984,5.5609]]}},{"type":"Feature","properties":{},"geometry":{"type":"LineString","coordinates":[[100.371,6.0957],[100.3676,6.1018]]}},{"type":"Feature","properties":{},"geometry":{"type":"LineString","coordinates":[[100.3752,6.1828],[100.3772,6.1794],[100.3782,6.176],[100.3794,6.1597]]}},{"type":"Feature","properties":{},"geometry":{"type":"LineString","coordinates":[[102.2337,2.4603],[102.2343,2.4601]]}},{"type":"Feature","properties":{},"geometry":{"type":"LineString","coordinates":[[102.2459,2.4596],[102.2464,2.4595]]}},{"type":"Feature","properties":{},"geometry":{"type":"LineString","coordinates":[[102.2575,2.4593],[102.2629,2.4591],[102.2697,2.4577],[102.2785,2.4584]]}},{"type":"Feature","properties":{},"geometry":{"type":"LineString","coordinates":[[102.2464,2.4595],[102.25,2.4595]]}},{"type":"Feature","properties":{},"geometry":{"type":"LineString","coordinates":[[102.2343,2.4601],[102.2384,2.4593],[102.2459,2.4596]]}},{"type":"Feature","properties":{},"geometry":{"type":"LineString","coordinates":[[100.3216,6.6638],[100.3179,6.6608]]}},{"type":"Feature","properties":{},"geometry":{"type":"LineString","coordinates":[[100.4811,5.1527],[100.4861,5.1307]]}},{"type":"Feature","properties":{},"geometry":{"type":"LineString","coordinates":[[100.4795,5.1795],[100.4796,5.1701]]}},{"type":"Feature","properties":{},"geometry":{"type":"LineString","coordinates":[[100.4798,5.1605],[100.4801,5.1562],[100.4811,5.1527]]}},{"type":"Feature","properties":{},"geometry":{"type":"LineString","coordinates":[[100.4893,5.2088],[100.489,5.2082]]}},{"type":"Feature","properties":{},"geometry":{"type":"LineString","coordinates":[[100.489,5.2082],[100.4803,5.1917],[100.4794,5.1876],[100.4795,5.1795]]}},{"type":"Feature","properties":{},"geometry":{"type":"LineString","coordinates":[[100.4795,5.1795],[100.4794,5.1876],[100.4801,5.1912],[100.489,5.2082]]}},{"type":"Feature","properties":{},"geometry":{"type":"LineString","coordinates":[[100.483,5.2918],[100.4828,5.2912]]}},{"type":"Feature","properties":{},"geometry":{"type":"LineString","coordinates":[[100.9832,4.8436],[100.9701,4.8401],[100.9638,4.8377]]}},{"type":"Feature","properties":{},"geometry":{"type":"LineString","coordinates":[[101.1326,4.6688],[101.1204,4.6529]]}},{"type":"Feature","properties":{},"geometry":{"type":"LineString","coordinates":[[100.3707,5.3899],[100.3731,5.3876]]}},{"type":"Feature","properties":{},"geometry":{"type":"LineString","coordinates":[[100.4353,5.3642],[100.4296,5.3622],[100.4237,5.3636]]}},{"type":"Feature","properties":{},"geometry":{"type":"LineString","coordinates":[[100.4679,5.3678],[100.4678,5.367]]}},{"type":"Feature","properties":{},"geometry":{"type":"LineString","coordinates":[[100.434,5.9837],[100.4338,5.984]]}},{"type":"Feature","properties":{},"geometry":{"type":"LineString","coordinates":[[100.4338,5.984],[100.4121,6.0225]]}},{"type":"Feature","properties":{},"geometry":{"type":"LineString","coordinates":[[100.4405,5.9722],[100.434,5.9837]]}},{"type":"Feature","properties":{},"geometry":{"type":"LineString","coordinates":[[100.3731,5.3876],[100.3743,5.3869]]}},{"type":"Feature","properties":{},"geometry":{"type":"LineString","coordinates":[[100.3754,5.3864],[100.4041,5.3713],[100.4176,5.366]]}},{"type":"Feature","properties":{},"geometry":{"type":"LineString","coordinates":[[101.5605,3.2426],[101.5595,3.2329],[101.5609,3.2273],[101.5681,3.2169],[101.5722,3.2125]]}},{"type":"Feature","properties":{},"geometry":{"type":"LineString","coordinates":[[101.6109,3.2011],[101.6113,3.2014]]}},{"type":"Feature","properties":{},"geometry":{"type":"LineString","coordinates":[[101.6113,3.2014],[101.6163,3.2065]]}},{"type":"Feature","properties":{},"geometry":{"type":"LineString","coordinates":[[100.4791,5.8114],[100.478,5.8244]]}},{"type":"Feature","properties":{},"geometry":{"type":"LineString","coordinates":[[100.4176,5.366],[100.4178,5.3659]]}},{"type":"Feature","properties":{},"geometry":{"type":"LineString","coordinates":[[100.4242,5.3635],[100.4298,5.3623],[100.4352,5.3642]]}},{"type":"Feature","properties":{},"geometry":{"type":"LineString","coordinates":[[101.6907,3.149],[101.6909,3.1476]]}},{"type":"Feature","properties":{},"geometry":{"type":"LineString","coordinates":[[101.6907,3.149],[101.691,3.1476]]}},{"type":"Feature","properties":{},"geometry":{"type":"LineString","coordinates":[[101.6909,3.1476],[101.6931,3.1443]]}},{"type":"Feature","properties":{},"geometry":{"type":"LineString","coordinates":[[101.691,3.1476],[101.6931,3.1443]]}},{"type":"Feature","properties":{},"geometry":{"type":"LineString","coordinates":[[100.3697,5.391],[100.3661,5.3937]]}},{"type":"Feature","properties":{},"geometry":{"type":"LineString","coordinates":[[100.3743,5.3869],[100.375,5.3866]]}},{"type":"Feature","properties":{},"geometry":{"type":"LineString","coordinates":[[100.375,5.3866],[100.3754,5.3864]]}},{"type":"Feature","properties":{},"geometry":{"type":"LineString","coordinates":[[100.3731,5.3876],[100.3743,5.3869]]}},{"type":"Feature","properties":{},"geometry":{"type":"LineString","coordinates":[[100.375,5.3866],[100.3754,5.3865]]}},{"type":"Feature","properties":{},"geometry":{"type":"LineString","coordinates":[[100.3754,5.3865],[100.4045,5.3712],[100.4176,5.366]]}},{"type":"Feature","properties":{},"geometry":{"type":"LineString","coordinates":[[100.3743,5.3869],[100.375,5.3866]]}},{"type":"Feature","properties":{},"geometry":{"type":"LineString","coordinates":[[100.3708,5.3899],[100.3731,5.3876]]}},{"type":"Feature","properties":{},"geometry":{"type":"LineString","coordinates":[[100.4613,5.3602],[100.466,5.3539],[100.4678,5.349]]}},{"type":"Feature","properties":{},"geometry":{"type":"LineString","coordinates":[[100.4699,5.3301],[100.4699,5.3297]]}},{"type":"Feature","properties":{},"geometry":{"type":"LineString","coordinates":[[101.0734,4.8172],[101.073,4.8175]]}},{"type":"Feature","properties":{},"geometry":{"type":"LineString","coordinates":[[101.0711,4.8187],[101.0634,4.8233],[101.054,4.8262],[101.0486,4.8261],[101.0401,4.823],[101.0349,4.8235],[101.0247,4.8298],[101.0183,4.8369],[101.0159,4.8388],[100.9995,4.8449],[100.9942,4.8455],[100.9832,4.8436]]}},{"type":"Feature","properties":{},"geometry":{"type":"LineString","coordinates":[[101.994,2.6627],[101.998,2.6588]]}},{"type":"Feature","properties":{},"geometry":{"type":"LineString","coordinates":[[101.998,2.6588],[102.0025,2.6578]]}},{"type":"Feature","properties":{},"geometry":{"type":"LineString","coordinates":[[102.0029,2.6576],[102.0079,2.6546],[102.0141,2.6555],[102.0201,2.6548],[102.0231,2.654],[102.0263,2.652]]}},{"type":"Feature","properties":{},"geometry":{"type":"LineString","coordinates":[[102.0025,2.6578],[102.0029,2.6576]]}},{"type":"Feature","properties":{},"geometry":{"type":"LineString","coordinates":[[100.4846,5.7917],[100.4845,5.7919]]}},{"type":"Feature","properties":{},"geometry":{"type":"LineString","coordinates":[[100.5136,5.7237],[100.5134,5.7242]]}},{"type":"Feature","properties":{},"geometry":{"type":"LineString","coordinates":[[100.5119,5.7085],[100.5144,5.7189],[100.5136,5.7237]]}},{"type":"Feature","properties":{},"geometry":{"type":"LineString","coordinates":[[100.4994,5.7587],[100.4934,5.772]]}},{"type":"Feature","properties":{},"geometry":{"type":"LineString","coordinates":[[101.629,3.5166],[101.6328,3.51]]}},{"type":"Feature","properties":{},"geometry":{"type":"LineString","coordinates":[[101.629,3.5169],[101.629,3.5166]]}},{"type":"Feature","properties":{},"geometry":{"type":"LineString","coordinates":[[101.7885,2.9899],[101.7904,2.9875],[101.7905,2.9835]]}},{"type":"Feature","properties":{},"geometry":{"type":"LineString","coordinates":[[101.7915,2.9637],[101.7916,2.9635]]}},{"type":"Feature","properties":{},"geometry":{"type":"LineString","coordinates":[[102.6179,2.5807],[102.62,2.5813]]}},{"type":"Feature","properties":{},"geometry":{"type":"LineString","coordinates":[[102.6179,2.5808],[102.6173,2.5807]]}},{"type":"Feature","properties":{},"geometry":{"type":"LineString","coordinates":[[102.6118,2.5793],[102.6114,2.5791]]}},{"type":"Feature","properties":{},"geometry":{"type":"LineString","coordinates":[[102.6173,2.5807],[102.6118,2.5793]]}},{"type":"Feature","properties":{},"geometry":{"type":"LineString","coordinates":[[102.6173,2.5806],[102.6179,2.5807]]}},{"type":"Feature","properties":{},"geometry":{"type":"LineString","coordinates":[[100.4405,5.9722],[100.4341,5.9837]]}},{"type":"Feature","properties":{},"geometry":{"type":"LineString","coordinates":[[100.4341,5.9837],[100.4339,5.984]]}},{"type":"Feature","properties":{},"geometry":{"type":"LineString","coordinates":[[100.9513,4.8133],[100.9485,4.8076],[100.9427,4.8027]]}},{"type":"Feature","properties":{},"geometry":{"type":"LineString","coordinates":[[100.9514,4.8139],[100.9513,4.8133]]}},{"type":"Feature","properties":{},"geometry":{"type":"LineString","coordinates":[[100.9638,4.8376],[100.9701,4.84],[100.9823,4.8434],[100.9941,4.8454],[100.998,4.8452],[101.0158,4.8387],[101.0182,4.837],[101.0248,4.8297],[101.035,4.8234],[101.0401,4.8229],[101.0486,4.826],[101.0546,4.8261],[101.0633,4.8233],[101.0711,4.8187]]}},{"type":"Feature","properties":{},"geometry":{"type":"LineString","coordinates":[[101.073,4.8174],[101.0734,4.8172]]}},{"type":"Feature","properties":{},"geometry":{"type":"LineString","coordinates":[[101.0734,4.8172],[101.0768,4.8144],[101.079,4.8113]]}},{"type":"Feature","properties":{},"geometry":{"type":"LineString","coordinates":[[101.085,4.3917],[101.0851,4.3914]]}},{"type":"Feature","properties":{},"geometry":{"type":"LineString","coordinates":[[101.0851,4.3914],[101.0997,4.3702],[101.1132,4.3525],[101.1285,4.3311]]}},{"type":"Feature","properties":{},"geometry":{"type":"LineString","coordinates":[[101.0602,4.564],[101.0559,4.5537],[101.0543,4.5457]]}},{"type":"Feature","properties":{},"geometry":{"type":"LineString","coordinates":[[101.0603,4.5643],[101.0602,4.564]]}},{"type":"Feature","properties":{},"geometry":{"type":"LineString","coordinates":[[101.6862,3.1348],[101.684,3.1331]]}},{"type":"Feature","properties":{},"geometry":{"type":"LineString","coordinates":[[101.067,4.5802],[101.0603,4.5643]]}},{"type":"Feature","properties":{},"geometry":{"type":"LineString","coordinates":[[101.0694,4.5842],[101.069,4.5837]]}},{"type":"Feature","properties":{},"geometry":{"type":"LineString","coordinates":[[101.7623,2.9907],[101.7625,2.9907]]}},{"type":"Feature","properties":{},"geometry":{"type":"LineString","coordinates":[[101.7625,2.9907],[101.7653,2.9918],[101.7692,2.995],[101.7728,2.9959],[101.7752,2.9955],[101.7868,2.9906]]}},{"type":"Feature","properties":{},"geometry":{"type":"LineString","coordinates":[[100.4506,5.3659],[100.4565,5.3648],[100.4601,5.3618]]}},{"type":"Feature","properties":{},"geometry":{"type":"LineString","coordinates":[[100.4501,5.366],[100.4506,5.3659]]}},{"type":"Feature","properties":{},"geometry":{"type":"LineString","coordinates":[[100.3675,6.1018],[100.3666,6.1048],[100.3673,6.1078]]}},{"type":"Feature","properties":{},"geometry":{"type":"LineString","coordinates":[[100.3699,6.1137],[100.3777,6.1309]]}},{"type":"Feature","properties":{},"geometry":{"type":"LineString","coordinates":[[100.3699,6.1136],[100.3778,6.1309]]}},{"type":"Feature","properties":{},"geometry":{"type":"LineString","coordinates":[[100.3678,6.109],[100.3683,6.1101]]}},{"type":"Feature","properties":{},"geometry":{"type":"LineString","coordinates":[[100.412,6.0227],[100.3713,6.095]]}},{"type":"Feature","properties":{},"geometry":{"type":"LineString","coordinates":[[100.412,6.0227],[100.3714,6.095]]}},{"type":"Feature","properties":{},"geometry":{"type":"LineString","coordinates":[[100.3713,6.095],[100.371,6.0956]]}},{"type":"Feature","properties":{},"geometry":{"type":"LineString","coordinates":[[100.3714,6.095],[100.371,6.0957]]}},{"type":"Feature","properties":{},"geometry":{"type":"LineString","coordinates":[[100.4339,5.984],[100.4121,6.0225]]}},{"type":"Feature","properties":{},"geometry":{"type":"LineString","coordinates":[[100.4121,6.0225],[100.412,6.0227]]}},{"type":"Feature","properties":{},"geometry":{"type":"LineString","coordinates":[[100.4121,6.0225],[100.412,6.0227]]}},{"type":"Feature","properties":{},"geometry":{"type":"LineString","coordinates":[[100.4901,5.6437],[100.4956,5.6757]]}},{"type":"Feature","properties":{},"geometry":{"type":"LineString","coordinates":[[100.4894,5.6391],[100.49,5.6424]]}},{"type":"Feature","properties":{},"geometry":{"type":"LineString","coordinates":[[100.4898,5.6343],[100.4893,5.6385]]}},{"type":"Feature","properties":{},"geometry":{"type":"LineString","coordinates":[[100.4898,5.6343],[100.4947,5.6226]]}},{"type":"Feature","properties":{},"geometry":{"type":"LineString","coordinates":[[100.4893,5.6385],[100.4894,5.6391]]}},{"type":"Feature","properties":{},"geometry":{"type":"LineString","coordinates":[[100.4957,5.6761],[100.4969,5.6792],[100.5076,5.695],[100.5094,5.6989]]}},{"type":"Feature","properties":{},"geometry":{"type":"LineString","coordinates":[[100.4956,5.6757],[100.4957,5.6761]]}},{"type":"Feature","properties":{},"geometry":{"type":"LineString","coordinates":[[100.4957,5.6757],[100.4957,5.6761]]}},{"type":"Feature","properties":{},"geometry":{"type":"LineString","coordinates":[[100.4902,5.6437],[100.4957,5.6757]]}},{"type":"Feature","properties":{},"geometry":{"type":"LineString","coordinates":[[100.5134,5.7242],[100.5115,5.729]]}},{"type":"Feature","properties":{},"geometry":{"type":"LineString","coordinates":[[100.5118,5.7086],[100.5143,5.7189],[100.5135,5.7237]]}},{"type":"Feature","properties":{},"geometry":{"type":"LineString","coordinates":[[100.5135,5.7237],[100.5133,5.7242]]}},{"type":"Feature","properties":{},"geometry":{"type":"LineString","coordinates":[[100.5115,5.7289],[100.5114,5.7293]]}},{"type":"Feature","properties":{},"geometry":{"type":"LineString","coordinates":[[100.5133,5.7242],[100.5115,5.7289]]}},{"type":"Feature","properties":{},"geometry":{"type":"LineString","coordinates":[[100.5095,5.6995],[100.5117,5.7081]]}},{"type":"Feature","properties":{},"geometry":{"type":"LineString","coordinates":[[100.5094,5.6989],[100.5095,5.6995]]}},{"type":"Feature","properties":{},"geometry":{"type":"LineString","coordinates":[[100.5117,5.7081],[100.5118,5.7086]]}},{"type":"Feature","properties":{},"geometry":{"type":"LineString","coordinates":[[100.5117,5.7081],[100.5119,5.7085]]}},{"type":"Feature","properties":{},"geometry":{"type":"LineString","coordinates":[[100.5096,5.6995],[100.5117,5.7081]]}},{"type":"Feature","properties":{},"geometry":{"type":"LineString","coordinates":[[101.926,2.7239],[101.9246,2.7241],[101.921,2.7231],[101.916,2.7255],[101.9049,2.7255]]}},{"type":"Feature","properties":{},"geometry":{"type":"LineString","coordinates":[[101.6061,3.3685],[101.5937,3.3643],[101.5848,3.3628]]}},{"type":"Feature","properties":{},"geometry":{"type":"LineString","coordinates":[[101.6065,3.3687],[101.6061,3.3685]]}},{"type":"Feature","properties":{},"geometry":{"type":"LineString","coordinates":[[101.4452,3.751],[101.4456,3.7505]]}},{"type":"Feature","properties":{},"geometry":{"type":"LineString","coordinates":[[101.4541,3.7401],[101.4553,3.7379],[101.4565,3.7307],[101.4596,3.7278]]}},{"type":"Feature","properties":{},"geometry":{"type":"LineString","coordinates":[[101.6795,3.1165],[101.6801,3.115]]}},{"type":"Feature","properties":{},"geometry":{"type":"LineString","coordinates":[[101.6792,3.1175],[101.6795,3.1165]]}},{"type":"Feature","properties":{},"geometry":{"type":"LineString","coordinates":[[100.3013,6.3729],[100.2787,6.4032],[100.2729,6.4186]]}},{"type":"Feature","properties":{},"geometry":{"type":"LineString","coordinates":[[100.3347,6.3282],[100.3442,6.3146],[100.3496,6.2893]]}},{"type":"Feature","properties":{},"geometry":{"type":"LineString","coordinates":[[100.303,6.3706],[100.3345,6.3284]]}},{"type":"Feature","properties":{},"geometry":{"type":"LineString","coordinates":[[100.3345,6.3284],[100.3347,6.3282]]}},{"type":"Feature","properties":{},"geometry":{"type":"LineString","coordinates":[[100.3013,6.3729],[100.3015,6.3726]]}},{"type":"Feature","properties":{},"geometry":{"type":"LineString","coordinates":[[100.3014,6.3726],[100.3012,6.3729]]}},{"type":"Feature","properties":{},"geometry":{"type":"LineString","coordinates":[[100.3345,6.3284],[100.3029,6.3706]]}},{"type":"Feature","properties":{},"geometry":{"type":"LineString","coordinates":[[100.4718,5.9054],[100.4716,5.9059]]}},{"type":"Feature","properties":{},"geometry":{"type":"LineString","coordinates":[[100.477,5.8658],[100.4769,5.8906],[100.4742,5.8991]]}},{"type":"Feature","properties":{},"geometry":{"type":"LineString","coordinates":[[100.478,5.8248],[100.477,5.8366]]}},{"type":"Feature","properties":{},"geometry":{"type":"LineString","coordinates":[[100.4769,5.8442],[100.477,5.8655]]}},{"type":"Feature","properties":{},"geometry":{"type":"LineString","coordinates":[[100.4769,5.8438],[100.4769,5.8442]]}},{"type":"Feature","properties":{},"geometry":{"type":"LineString","coordinates":[[100.4769,5.8442],[100.4769,5.8656]]}},{"type":"Feature","properties":{},"geometry":{"type":"LineString","coordinates":[[100.4769,5.8438],[100.4769,5.8442]]}},{"type":"Feature","properties":{},"geometry":{"type":"LineString","coordinates":[[100.477,5.8655],[100.477,5.8658]]}},{"type":"Feature","properties":{},"geometry":{"type":"LineString","coordinates":[[100.508,5.7382],[100.4996,5.7584]]}},{"type":"Feature","properties":{},"geometry":{"type":"LineString","coordinates":[[100.5081,5.738],[100.508,5.7382]]}},{"type":"Feature","properties":{},"geometry":{"type":"LineString","coordinates":[[100.5114,5.7293],[100.5081,5.738]]}},{"type":"Feature","properties":{},"geometry":{"type":"LineString","coordinates":[[100.5115,5.729],[100.5114,5.7293]]}},{"type":"Feature","properties":{},"geometry":{"type":"LineString","coordinates":[[100.508,5.738],[100.5079,5.7382]]}},{"type":"Feature","properties":{},"geometry":{"type":"LineString","coordinates":[[100.5114,5.7293],[100.508,5.738]]}},{"type":"Feature","properties":{},"geometry":{"type":"LineString","coordinates":[[100.4909,5.7783],[100.4846,5.7917]]}},{"type":"Feature","properties":{},"geometry":{"type":"LineString","coordinates":[[100.491,5.7781],[100.4909,5.7783]]}},{"type":"Feature","properties":{},"geometry":{"type":"LineString","coordinates":[[100.4932,5.7723],[100.491,5.7781]]}},{"type":"Feature","properties":{},"geometry":{"type":"LineString","coordinates":[[100.4934,5.772],[100.4932,5.7723]]}},{"type":"Feature","properties":{},"geometry":{"type":"LineString","coordinates":[[100.4995,5.7584],[100.4994,5.7587]]}},{"type":"Feature","properties":{},"geometry":{"type":"LineString","coordinates":[[100.5079,5.7382],[100.4995,5.7584]]}},{"type":"Feature","properties":{},"geometry":{"type":"LineString","coordinates":[[101.7884,2.9483],[101.7882,2.9479]]}},{"type":"Feature","properties":{},"geometry":{"type":"LineString","coordinates":[[101.7882,2.9479],[101.7861,2.9436],[101.7869,2.9405]]}},{"type":"Feature","properties":{},"geometry":{"type":"LineString","coordinates":[[101.952,2.7087],[101.9522,2.7081]]}},{"type":"Feature","properties":{},"geometry":{"type":"LineString","coordinates":[[101.9522,2.7081],[101.9527,2.707]]}},{"type":"Feature","properties":{},"geometry":{"type":"LineString","coordinates":[[100.8911,4.7728],[100.8846,4.7713],[100.8809,4.7712],[100.8737,4.7723],[100.8683,4.7748]]}},{"type":"Feature","properties":{},"geometry":{"type":"LineString","coordinates":[[100.8916,4.7729],[100.8911,4.7728]]}},{"type":"Feature","properties":{},"geometry":{"type":"LineString","coordinates":[[102.62,2.5812],[102.6179,2.5807]]}},{"type":"Feature","properties":{},"geometry":{"type":"LineString","coordinates":[[102.6094,2.5787],[102.6113,2.5794]]}},{"type":"Feature","properties":{},"geometry":{"type":"LineString","coordinates":[[102.6108,2.579],[102.6114,2.5792]]}},{"type":"Feature","properties":{},"geometry":{"type":"LineString","coordinates":[[102.6102,2.579],[102.6113,2.5793]]}},{"type":"Feature","properties":{},"geometry":{"type":"LineString","coordinates":[[102.6172,2.5808],[102.6178,2.5809]]}},{"type":"Feature","properties":{},"geometry":{"type":"LineString","coordinates":[[102.6178,2.5809],[102.6183,2.581]]}},{"type":"Feature","properties":{},"geometry":{"type":"LineString","coordinates":[[102.6183,2.581],[102.6191,2.5811]]}},{"type":"Feature","properties":{},"geometry":{"type":"LineString","coordinates":[[102.6179,2.5807],[102.6173,2.5805]]}},{"type":"Feature","properties":{},"geometry":{"type":"LineString","coordinates":[[102.6173,2.5804],[102.6179,2.5806]]}},{"type":"Feature","properties":{},"geometry":{"type":"LineString","coordinates":[[102.6173,2.5805],[102.6119,2.5791]]}},{"type":"Feature","properties":{},"geometry":{"type":"LineString","coordinates":[[102.6179,2.5806],[102.619,2.5809]]}},{"type":"Feature","properties":{},"geometry":{"type":"LineString","coordinates":[[102.6172,2.5807],[102.6179,2.5809]]}},{"type":"Feature","properties":{},"geometry":{"type":"LineString","coordinates":[[102.6119,2.5791],[102.6114,2.579]]}},{"type":"Feature","properties":{},"geometry":{"type":"LineString","coordinates":[[102.6118,2.5794],[102.6163,2.5806]]}},{"type":"Feature","properties":{},"geometry":{"type":"LineString","coordinates":[[102.6114,2.5791],[102.6103,2.5788]]}},{"type":"Feature","properties":{},"geometry":{"type":"LineString","coordinates":[[102.6113,2.5794],[102.6118,2.5795]]}},{"type":"Feature","properties":{},"geometry":{"type":"LineString","coordinates":[[102.6114,2.5792],[102.6118,2.5793]]}},{"type":"Feature","properties":{},"geometry":{"type":"LineString","coordinates":[[102.6114,2.579],[102.6103,2.5787]]}},{"type":"Feature","properties":{},"geometry":{"type":"LineString","coordinates":[[102.6113,2.5793],[102.6118,2.5794]]}},{"type":"Feature","properties":{},"geometry":{"type":"LineString","coordinates":[[102.6118,2.5793],[102.6172,2.5807]]}},{"type":"Feature","properties":{},"geometry":{"type":"LineString","coordinates":[[102.6119,2.5792],[102.6114,2.5791]]}},{"type":"Feature","properties":{},"geometry":{"type":"LineString","coordinates":[[102.6114,2.5789],[102.6119,2.579]]}},{"type":"Feature","properties":{},"geometry":{"type":"LineString","coordinates":[[102.6118,2.5795],[102.6163,2.5806]]}},{"type":"Feature","properties":{},"geometry":{"type":"LineString","coordinates":[[102.6119,2.5792],[102.6173,2.5806]]}},{"type":"Feature","properties":{},"geometry":{"type":"LineString","coordinates":[[101.9049,2.7255],[101.9045,2.7256]]}},{"type":"Feature","properties":{},"geometry":{"type":"LineString","coordinates":[[101.8093,2.7624],[101.8054,2.7674],[101.7964,2.7927],[101.7963,2.7972],[101.7987,2.8011]]}},{"type":"Feature","properties":{},"geometry":{"type":"LineString","coordinates":[[100.8683,4.7748],[100.8681,4.7749]]}},{"type":"Feature","properties":{},"geometry":{"type":"LineString","coordinates":[[100.8543,4.7787],[100.8477,4.7794],[100.8412,4.7783],[100.8378,4.777]]}},{"type":"Feature","properties":{},"geometry":{"type":"LineString","coordinates":[[100.7267,4.8677],[100.7215,4.8802],[100.7202,4.8874]]}},{"type":"Feature","properties":{},"geometry":{"type":"LineString","coordinates":[[100.7388,4.8198],[100.7387,4.8201]]}},{"type":"Feature","properties":{},"geometry":{"type":"LineString","coordinates":[[100.7955,4.7775],[100.7952,4.7776]]}},{"type":"Feature","properties":{},"geometry":{"type":"LineString","coordinates":[[100.9608,4.8365],[100.9592,4.8358]]}},{"type":"Feature","properties":{},"geometry":{"type":"LineString","coordinates":[[101.5232,3.6802],[101.5239,3.6795]]}},{"type":"Feature","properties":{},"geometry":{"type":"LineString","coordinates":[[101.5239,3.6795],[101.5284,3.6745]]}},{"type":"Feature","properties":{},"geometry":{"type":"LineString","coordinates":[[100.4501,5.366],[100.4506,5.3659]]}},{"type":"Feature","properties":{},"geometry":{"type":"LineString","coordinates":[[100.4506,5.3659],[100.4567,5.3647],[100.4602,5.3616]]}},{"type":"Feature","properties":{},"geometry":{"type":"LineString","coordinates":[[102.341,2.4581],[102.3673,2.4625]]}},{"type":"Feature","properties":{},"geometry":{"type":"LineString","coordinates":[[102.3401,2.4579],[102.341,2.4581]]}},{"type":"Feature","properties":{},"geometry":{"type":"LineString","coordinates":[[102.3389,2.4578],[102.3396,2.4578]]}},{"type":"Feature","properties":{},"geometry":{"type":"LineString","coordinates":[[102.3396,2.4578],[102.3401,2.4579]]}},{"type":"Feature","properties":{},"geometry":{"type":"LineString","coordinates":[[102.3678,2.4626],[102.3716,2.4629],[102.3851,2.461],[102.4041,2.4654]]}},{"type":"Feature","properties":{},"geometry":{"type":"LineString","coordinates":[[102.2785,2.4584],[102.2793,2.4583]]}},{"type":"Feature","properties":{},"geometry":{"type":"LineString","coordinates":[[102.2793,2.4583],[102.3049,2.4551]]}},{"type":"Feature","properties":{},"geometry":{"type":"LineString","coordinates":[[102.2306,2.4612],[102.2337,2.4603]]}},{"type":"Feature","properties":{},"geometry":{"type":"LineString","coordinates":[[102.2219,2.4659],[102.2223,2.4657]]}},{"type":"Feature","properties":{},"geometry":{"type":"LineString","coordinates":[[102.2223,2.4657],[102.2269,2.4631]]}},{"type":"Feature","properties":{},"geometry":{"type":"LineString","coordinates":[[102.4089,2.4691],[102.4135,2.4728],[102.4214,2.4766],[102.4248,2.4775],[102.43,2.4777],[102.4344,2.4794],[102.4403,2.4856],[102.4449,2.4924],[102.4498,2.4965],[102.4529,2.4977],[102.4675,2.5007],[102.4796,2.5063],[102.4843,2.5099]]}},{"type":"Feature","properties":{},"geometry":{"type":"LineString","coordinates":[[102.4048,2.4657],[102.4089,2.4691]]}},{"type":"Feature","properties":{},"geometry":{"type":"LineString","coordinates":[[102.4843,2.5099],[102.4847,2.5101]]}},{"type":"Feature","properties":{},"geometry":{"type":"LineString","coordinates":[[102.4847,2.5101],[102.4883,2.5137],[102.4916,2.5204]]}},{"type":"Feature","properties":{},"geometry":{"type":"LineString","coordinates":[[102.4917,2.5207],[102.4976,2.5331],[102.52,2.5595],[102.5521,2.5744],[102.5599,2.5805],[102.5842,2.5831],[102.5871,2.5816],[102.5896,2.5778],[102.5913,2.5765],[102.5985,2.5754],[102.6098,2.5786]]}},{"type":"Feature","properties":{},"geometry":{"type":"LineString","coordinates":[[102.4916,2.5204],[102.4917,2.5207]]}},{"type":"Feature","properties":{},"geometry":{"type":"LineString","coordinates":[[101.6933,3.1388],[101.6919,3.1372]]}},{"type":"Feature","properties":{},"geometry":{"type":"LineString","coordinates":[[101.6931,3.1443],[101.6934,3.1439]]}},{"type":"Feature","properties":{},"geometry":{"type":"LineString","coordinates":[[101.6931,3.1443],[101.6934,3.1439]]}},{"type":"Feature","properties":{},"geometry":{"type":"LineString","coordinates":[[103.7622,1.4664],[103.7629,1.4655]]}},{"type":"Feature","properties":{},"geometry":{"type":"LineString","coordinates":[[100.5274,5.0283],[100.5301,5.0238],[100.5342,5.0203],[100.5387,5.0187],[100.5438,5.0186],[100.5492,5.0206],[100.5803,5.0416],[100.586,5.0442],[100.5928,5.045],[100.6256,5.0426]]}},{"type":"Feature","properties":{},"geometry":{"type":"LineString","coordinates":[[100.6256,5.0426],[100.6414,5.0414],[100.6492,5.0416],[100.6563,5.0399]]}},{"type":"Feature","properties":{},"geometry":{"type":"LineString","coordinates":[[100.474,5.8996],[100.4718,5.9054]]}},{"type":"Feature","properties":{},"geometry":{"type":"LineString","coordinates":[[100.4742,5.8991],[100.474,5.8996]]}},{"type":"Feature","properties":{},"geometry":{"type":"LineString","coordinates":[[100.4602,5.9357],[100.4601,5.9358]]}},{"type":"Feature","properties":{},"geometry":{"type":"LineString","coordinates":[[100.4716,5.9059],[100.4683,5.9144]]}},{"type":"Feature","properties":{},"geometry":{"type":"LineString","coordinates":[[100.4506,5.9544],[100.4505,5.9545]]}},{"type":"Feature","properties":{},"geometry":{"type":"LineString","coordinates":[[100.4601,5.9358],[100.4577,5.9417],[100.4506,5.9544]]}},{"type":"Feature","properties":{},"geometry":{"type":"LineString","coordinates":[[100.4963,5.6113],[100.4931,5.5965],[100.4938,5.5887]]}},{"type":"Feature","properties":{},"geometry":{"type":"LineString","coordinates":[[100.4948,5.6223],[100.4968,5.6168],[100.4964,5.6118]]}},{"type":"Feature","properties":{},"geometry":{"type":"LineString","coordinates":[[100.4947,5.6226],[100.4948,5.6223]]}},{"type":"Feature","properties":{},"geometry":{"type":"LineString","coordinates":[[100.4964,5.6118],[100.4963,5.6113]]}},{"type":"Feature","properties":{},"geometry":{"type":"LineString","coordinates":[[100.3778,6.1311],[100.3778,6.1309]]}},{"type":"Feature","properties":{},"geometry":{"type":"LineString","coordinates":[[102.621,2.5815],[102.6506,2.5853],[102.6615,2.5836],[102.6758,2.5842],[102.6821,2.5832],[102.6896,2.5838],[102.7198,2.5781],[102.7223,2.5767],[102.7299,2.5694],[102.7368,2.5654]]}},{"type":"Feature","properties":{},"geometry":{"type":"LineString","coordinates":[[101.636,3.2041],[101.6364,3.2037]]}},{"type":"Feature","properties":{},"geometry":{"type":"LineString","coordinates":[[101.5196,3.6835],[101.5232,3.6802]]}},{"type":"Feature","properties":{},"geometry":{"type":"LineString","coordinates":[[101.6793,3.1273],[101.6785,3.1259]]}},{"type":"Feature","properties":{},"geometry":{"type":"LineString","coordinates":[[102.2269,2.4631],[102.2306,2.4612]]}},{"type":"Feature","properties":{},"geometry":{"type":"LineString","coordinates":[[101.6381,3.4701],[101.638,3.4697]]}},{"type":"Feature","properties":{},"geometry":{"type":"LineString","coordinates":[[101.6343,3.4996],[101.6354,3.4925],[101.6396,3.4822],[101.6396,3.4792],[101.6381,3.4701]]}},{"type":"Feature","properties":{},"geometry":{"type":"LineString","coordinates":[[102.1022,2.5804],[102.1026,2.5798]]}},{"type":"Feature","properties":{},"geometry":{"type":"LineString","coordinates":[[102.1484,2.5402],[102.1629,2.5286],[102.1658,2.5238]]}},{"type":"Feature","properties":{},"geometry":{"type":"LineString","coordinates":[[102.169,2.516],[102.1691,2.5157]]}},{"type":"Feature","properties":{},"geometry":{"type":"LineString","coordinates":[[102.1732,2.5056],[102.1786,2.4913],[102.183,2.4593],[102.1843,2.4564],[102.1863,2.4542],[102.1888,2.4527],[102.1918,2.452],[102.1946,2.4523],[102.198,2.4538],[102.2008,2.4569],[102.2048,2.4664],[102.2068,2.4684],[102.2095,2.4698],[102.2144,2.4698],[102.2219,2.4659]]}},{"type":"Feature","properties":{},"geometry":{"type":"LineString","coordinates":[[101.7874,2.9904],[101.7881,2.99]]}},{"type":"Feature","properties":{},"geometry":{"type":"LineString","coordinates":[[101.7881,2.99],[101.7885,2.9899]]}},{"type":"Feature","properties":{},"geometry":{"type":"LineString","coordinates":[[100.4679,5.3681],[100.4669,5.3589],[100.4661,5.3574]]}},{"type":"Feature","properties":{},"geometry":{"type":"LineString","coordinates":[[100.4678,5.3668],[100.4668,5.3589],[100.4661,5.3574]]}},{"type":"Feature","properties":{},"geometry":{"type":"LineString","coordinates":[[100.4679,5.3486],[100.4683,5.3475]]}},{"type":"Feature","properties":{},"geometry":{"type":"LineString","coordinates":[[100.7202,4.8874],[100.7202,4.8876]]}},{"type":"Feature","properties":{},"geometry":{"type":"LineString","coordinates":[[100.4957,5.0883],[100.5273,5.0286]]}},{"type":"Feature","properties":{},"geometry":{"type":"LineString","coordinates":[[100.4921,5.102],[100.4936,5.0945]]}},{"type":"Feature","properties":{},"geometry":{"type":"LineString","coordinates":[[100.4412,5.971],[100.4411,5.9711]]}},{"type":"Feature","properties":{},"geometry":{"type":"LineString","coordinates":[[100.4505,5.9545],[100.4412,5.971]]}},{"type":"Feature","properties":{},"geometry":{"type":"LineString","coordinates":[[100.47,5.3301],[100.47,5.3297]]}},{"type":"Feature","properties":{},"geometry":{"type":"LineString","coordinates":[[100.4829,5.2912],[100.483,5.2918]]}},{"type":"Feature","properties":{},"geometry":{"type":"LineString","coordinates":[[101.5163,3.6866],[101.5183,3.6848]]}},{"type":"Feature","properties":{},"geometry":{"type":"LineString","coordinates":[[101.5158,3.6871],[101.5162,3.6867]]}},{"type":"Feature","properties":{},"geometry":{"type":"LineString","coordinates":[[101.3232,3.9604],[101.3235,3.9598]]}},{"type":"Feature","properties":{},"geometry":{"type":"LineString","coordinates":[[101.3235,3.9598],[101.3305,3.9481],[101.3377,3.9405],[101.3396,3.9339],[101.3439,3.9236],[101.3462,3.913],[101.3485,3.9088],[101.3514,3.9057],[101.3598,3.9002],[101.366,3.8934],[101.3699,3.8909],[101.377,3.8879],[101.3805,3.8839],[101.3818,3.8803],[101.3818,3.8767],[101.3809,3.8737],[101.3782,3.8686],[101.3775,3.8644],[101.3791,3.856],[101.3821,3.8513]]}},{"type":"Feature","properties":{},"geometry":{"type":"LineString","coordinates":[[101.6496,3.1944],[101.6497,3.1944]]}},{"type":"Feature","properties":{},"geometry":{"type":"LineString","coordinates":[[101.6621,3.188],[101.6676,3.1838],[101.674,3.1815],[101.6789,3.178],[101.6834,3.1736]]}},{"type":"Feature","properties":{},"geometry":{"type":"LineString","coordinates":[[100.2533,6.5001],[100.2533,6.5006]]}},{"type":"Feature","properties":{},"geometry":{"type":"LineString","coordinates":[[100.478,5.8244],[100.4779,5.8248]]}},{"type":"Feature","properties":{},"geometry":{"type":"LineString","coordinates":[[100.4779,5.8248],[100.477,5.8366]]}},{"type":"Feature","properties":{},"geometry":{"type":"LineString","coordinates":[[100.374,6.1846],[100.3698,6.1914],[100.3678,6.1998]]}},{"type":"Feature","properties":{},"geometry":{"type":"LineString","coordinates":[[100.3794,6.1597],[100.3782,6.176],[100.377,6.1797],[100.3752,6.1828]]}},{"type":"Feature","properties":{},"geometry":{"type":"LineString","coordinates":[[100.3744,6.1839],[100.374,6.1846]]}},{"type":"Feature","properties":{},"geometry":{"type":"LineString","coordinates":[[100.3794,6.1594],[100.3794,6.1597]]}},{"type":"Feature","properties":{},"geometry":{"type":"LineString","coordinates":[[100.3778,6.1311],[100.3799,6.136],[100.3806,6.1395],[100.3794,6.1594]]}},{"type":"Feature","properties":{},"geometry":{"type":"LineString","coordinates":[[100.3777,6.1309],[100.3778,6.1311]]}},{"type":"Feature","properties":{},"geometry":{"type":"LineString","coordinates":[[100.7983,4.7767],[100.7955,4.7775]]}},{"type":"Feature","properties":{},"geometry":{"type":"LineString","coordinates":[[100.7954,4.7774],[100.795,4.7776]]}},{"type":"Feature","properties":{},"geometry":{"type":"LineString","coordinates":[[100.7981,4.7766],[100.7954,4.7774]]}},{"type":"Feature","properties":{},"geometry":{"type":"LineString","coordinates":[[100.8543,4.7787],[100.8477,4.7794],[100.8412,4.7783],[100.8343,4.7761],[100.8243,4.776]]}},{"type":"Feature","properties":{},"geometry":{"type":"LineString","coordinates":[[100.8243,4.7762],[100.8343,4.7762],[100.8378,4.777]]}},{"type":"Feature","properties":{},"geometry":{"type":"LineString","coordinates":[[100.8243,4.776],[100.7981,4.7766]]}},{"type":"Feature","properties":{},"geometry":{"type":"LineString","coordinates":[[100.7491,4.7986],[100.7454,4.802],[100.7425,4.807],[100.7388,4.8198]]}},{"type":"Feature","properties":{},"geometry":{"type":"LineString","coordinates":[[100.7546,4.7942],[100.7517,4.7963]]}},{"type":"Feature","properties":{},"geometry":{"type":"LineString","coordinates":[[100.4855,5.4302],[100.4858,5.4308]]}},{"type":"Feature","properties":{},"geometry":{"type":"LineString","coordinates":[[100.4858,5.4309],[100.4892,5.4376],[100.4962,5.4642]]}},{"type":"Feature","properties":{},"geometry":{"type":"LineString","coordinates":[[100.4966,5.4771],[100.496,5.4733],[100.4962,5.4696]]}},{"type":"Feature","properties":{},"geometry":{"type":"LineString","coordinates":[[100.5072,5.5241],[100.5077,5.5186],[100.4981,5.4824]]}},{"type":"Feature","properties":{},"geometry":{"type":"LineString","coordinates":[[100.4962,5.4696],[100.4963,5.4692]]}},{"type":"Feature","properties":{},"geometry":{"type":"LineString","coordinates":[[100.4963,5.4642],[100.4891,5.4372],[100.4858,5.4308]]}},{"type":"Feature","properties":{},"geometry":{"type":"LineString","coordinates":[[100.4787,5.2773],[100.4915,5.2197],[100.4915,5.2142],[100.4893,5.2088]]}},{"type":"Feature","properties":{},"geometry":{"type":"LineString","coordinates":[[102.0268,2.6515],[102.0331,2.6437],[102.0396,2.638],[102.0434,2.6364],[102.049,2.6362]]}},{"type":"Feature","properties":{},"geometry":{"type":"LineString","coordinates":[[102.0263,2.652],[102.0268,2.6515]]}},{"type":"Feature","properties":{},"geometry":{"type":"LineString","coordinates":[[101.6386,3.4593],[101.6399,3.4531],[101.6374,3.4395],[101.6359,3.4369],[101.6269,3.4254]]}},{"type":"Feature","properties":{},"geometry":{"type":"LineString","coordinates":[[101.6379,3.4691],[101.6377,3.4677]]}},{"type":"Feature","properties":{},"geometry":{"type":"LineString","coordinates":[[100.3184,6.6613],[100.3212,6.6635]]}},{"type":"Feature","properties":{},"geometry":{"type":"LineString","coordinates":[[101.7106,3.0758],[101.7088,3.0718],[101.7069,3.0568],[101.7066,3.048],[101.7087,3.0391],[101.7086,3.033],[101.7097,3.0312],[101.7128,3.0288],[101.714,3.0267]]}},{"type":"Feature","properties":{},"geometry":{"type":"LineString","coordinates":[[101.7115,3.0768],[101.7106,3.0758]]}},{"type":"Feature","properties":{},"geometry":{"type":"LineString","coordinates":[[101.9377,2.7201],[101.9401,2.7191]]}},{"type":"Feature","properties":{},"geometry":{"type":"LineString","coordinates":[[101.6907,3.1505],[101.6907,3.149]]}},{"type":"Feature","properties":{},"geometry":{"type":"LineString","coordinates":[[101.6907,3.1508],[101.6907,3.1505]]}},{"type":"Feature","properties":{},"geometry":{"type":"LineString","coordinates":[[101.6906,3.1505],[101.6907,3.149]]}},{"type":"Feature","properties":{},"geometry":{"type":"LineString","coordinates":[[101.6907,3.1508],[101.6906,3.1505]]}},{"type":"Feature","properties":{},"geometry":{"type":"LineString","coordinates":[[100.4792,5.8111],[100.4791,5.8114]]}},{"type":"Feature","properties":{},"geometry":{"type":"LineString","coordinates":[[100.4845,5.7919],[100.483,5.7957],[100.4792,5.8111]]}},{"type":"Feature","properties":{},"geometry":{"type":"LineString","coordinates":[[101.614,3.3756],[101.6065,3.3687]]}},{"type":"Feature","properties":{},"geometry":{"type":"LineString","coordinates":[[101.6149,3.3765],[101.614,3.3756]]}},{"type":"Feature","properties":{},"geometry":{"type":"LineString","coordinates":[[101.6853,3.1704],[101.6856,3.1698]]}},{"type":"Feature","properties":{},"geometry":{"type":"LineString","coordinates":[[101.694,3.1424],[101.694,3.141]]}},{"type":"Feature","properties":{},"geometry":{"type":"LineString","coordinates":[[100.4683,5.9145],[100.4602,5.9357]]}},{"type":"Feature","properties":{},"geometry":{"type":"LineString","coordinates":[[100.4683,5.9144],[100.4683,5.9145]]}},{"type":"Feature","properties":{},"geometry":{"type":"LineString","coordinates":[[101.3827,3.8507],[101.3882,3.8475],[101.3904,3.8454],[101.402,3.8274]]}},{"type":"Feature","properties":{},"geometry":{"type":"LineString","coordinates":[[101.3821,3.8513],[101.3827,3.8507]]}},{"type":"Feature","properties":{},"geometry":{"type":"LineString","coordinates":[[102.2565,2.4593],[102.2575,2.4593]]}},{"type":"Feature","properties":{},"geometry":{"type":"LineString","coordinates":[[102.25,2.4595],[102.2565,2.4593]]}},{"type":"Feature","properties":{},"geometry":{"type":"LineString","coordinates":[[101.0712,4.5923],[101.0723,4.5961]]}},{"type":"Feature","properties":{},"geometry":{"type":"LineString","coordinates":[[101.0711,4.5913],[101.0712,4.5919]]}},{"type":"Feature","properties":{},"geometry":{"type":"LineString","coordinates":[[101.0926,4.6151],[101.0944,4.6185],[101.1072,4.6351]]}},{"type":"Feature","properties":{},"geometry":{"type":"LineString","coordinates":[[101.1174,4.649],[101.1172,4.6489]]}},{"type":"Feature","properties":{},"geometry":{"type":"LineString","coordinates":[[101.1072,4.6351],[101.0946,4.6187],[101.0926,4.6151]]}},{"type":"Feature","properties":{},"geometry":{"type":"LineString","coordinates":[[101.1203,4.653],[101.1394,4.6783],[101.1409,4.6823],[101.1416,4.6866],[101.1414,4.6903],[101.1403,4.6948]]}},{"type":"Feature","properties":{},"geometry":{"type":"LineString","coordinates":[[101.1172,4.6489],[101.1173,4.6491]]}},{"type":"Feature","properties":{},"geometry":{"type":"LineString","coordinates":[[101.0708,4.5888],[101.0693,4.5843]]}},{"type":"Feature","properties":{},"geometry":{"type":"LineString","coordinates":[[101.067,4.5802],[101.0603,4.5643]]}},{"type":"Feature","properties":{},"geometry":{"type":"LineString","coordinates":[[101.0693,4.5843],[101.0689,4.5837]]}},{"type":"Feature","properties":{},"geometry":{"type":"LineString","coordinates":[[101.0603,4.5643],[101.0602,4.564]]}},{"type":"Feature","properties":{},"geometry":{"type":"LineString","coordinates":[[101.0602,4.564],[101.0558,4.5537],[101.0542,4.5457]]}},{"type":"Feature","properties":{},"geometry":{"type":"LineString","coordinates":[[101.0542,4.5456],[101.046,4.5011]]}},{"type":"Feature","properties":{},"geometry":{"type":"LineString","coordinates":[[101.0543,4.5457],[101.0542,4.5456]]}},{"type":"Feature","properties":{},"geometry":{"type":"LineString","coordinates":[[101.0542,4.5456],[101.0459,4.5011]]}},{"type":"Feature","properties":{},"geometry":{"type":"LineString","coordinates":[[101.0542,4.5457],[101.0542,4.5456]]}},{"type":"Feature","properties":{},"geometry":{"type":"LineString","coordinates":[[101.0459,4.5009],[101.0422,4.482]]}},{"type":"Feature","properties":{},"geometry":{"type":"LineString","coordinates":[[101.0459,4.5011],[101.0459,4.5009]]}},{"type":"Feature","properties":{},"geometry":{"type":"LineString","coordinates":[[101.0496,4.4593],[101.0593,4.4382],[101.0749,4.41]]}},{"type":"Feature","properties":{},"geometry":{"type":"LineString","coordinates":[[101.0448,4.4679],[101.0453,4.467]]}},{"type":"Feature","properties":{},"geometry":{"type":"LineString","coordinates":[[103.7636,1.4647],[103.7629,1.4655]]}},{"type":"Feature","properties":{},"geometry":{"type":"LineString","coordinates":[[103.7635,1.4647],[103.761,1.4677]]}},{"type":"Feature","properties":{},"geometry":{"type":"LineString","coordinates":[[101.1402,4.695],[101.137,4.7004],[101.1331,4.7041]]}},{"type":"Feature","properties":{},"geometry":{"type":"LineString","coordinates":[[101.1403,4.6948],[101.1402,4.695]]}},{"type":"Feature","properties":{},"geometry":{"type":"LineString","coordinates":[[101.1403,4.6948],[101.1402,4.695]]}},{"type":"Feature","properties":{},"geometry":{"type":"LineString","coordinates":[[101.1402,4.695],[101.1363,4.7012],[101.1273,4.7089]]}},{"type":"Feature","properties":{},"geometry":{"type":"LineString","coordinates":[[101.1273,4.709],[101.1331,4.7041]]}},{"type":"Feature","properties":{},"geometry":{"type":"LineString","coordinates":[[101.1271,4.7091],[101.1273,4.709]]}},{"type":"Feature","properties":{},"geometry":{"type":"LineString","coordinates":[[101.1271,4.7091],[101.124,4.713],[101.1226,4.7175]]}},{"type":"Feature","properties":{},"geometry":{"type":"LineString","coordinates":[[101.1273,4.7089],[101.1271,4.7091]]}},{"type":"Feature","properties":{},"geometry":{"type":"LineString","coordinates":[[101.1225,4.718],[101.1224,4.7204]]}},{"type":"Feature","properties":{},"geometry":{"type":"LineString","coordinates":[[101.1226,4.7175],[101.1225,4.718]]}},{"type":"Feature","properties":{},"geometry":{"type":"LineString","coordinates":[[101.1224,4.7204],[101.1223,4.721]]}},{"type":"Feature","properties":{},"geometry":{"type":"LineString","coordinates":[[101.1223,4.721],[101.1219,4.7308]]}},{"type":"Feature","properties":{},"geometry":{"type":"LineString","coordinates":[[101.122,4.7309],[101.1224,4.721]]}},{"type":"Feature","properties":{},"geometry":{"type":"LineString","coordinates":[[101.122,4.7311],[101.122,4.7309]]}},{"type":"Feature","properties":{},"geometry":{"type":"LineString","coordinates":[[101.1219,4.7311],[101.1212,4.747],[101.1175,4.7566]]}},{"type":"Feature","properties":{},"geometry":{"type":"LineString","coordinates":[[101.1219,4.7308],[101.1219,4.7311]]}},{"type":"Feature","properties":{},"geometry":{"type":"LineString","coordinates":[[101.1174,4.7567],[101.1172,4.7572]]}},{"type":"Feature","properties":{},"geometry":{"type":"LineString","coordinates":[[101.1175,4.7566],[101.1174,4.7567]]}},{"type":"Feature","properties":{},"geometry":{"type":"LineString","coordinates":[[101.1171,4.7576],[101.1121,4.7689],[101.1034,4.7769],[101.0896,4.8],[101.0822,4.8067],[101.0767,4.8146],[101.0734,4.8172]]}},{"type":"Feature","properties":{},"geometry":{"type":"LineString","coordinates":[[101.1173,4.7572],[101.1171,4.7576]]}},{"type":"Feature","properties":{},"geometry":{"type":"LineString","coordinates":[[101.1171,4.7576],[101.1118,4.7693],[101.1037,4.7764],[101.0895,4.8001],[101.082,4.8068],[101.079,4.8113]]}},{"type":"Feature","properties":{},"geometry":{"type":"LineString","coordinates":[[101.1172,4.7572],[101.1171,4.7576]]}},{"type":"Feature","properties":{},"geometry":{"type":"LineString","coordinates":[[101.0749,4.41],[101.0751,4.4096]]}},{"type":"Feature","properties":{},"geometry":{"type":"LineString","coordinates":[[101.0751,4.4096],[101.0849,4.3917]]}},{"type":"Feature","properties":{},"geometry":{"type":"LineString","coordinates":[[101.0851,4.3913],[101.0996,4.3702],[101.1133,4.3524],[101.1285,4.3311]]}},{"type":"Feature","properties":{},"geometry":{"type":"LineString","coordinates":[[101.0849,4.3917],[101.0851,4.3913]]}},{"type":"Feature","properties":{},"geometry":{"type":"LineString","coordinates":[[101.1289,4.3305],[101.1321,4.3262]]}},{"type":"Feature","properties":{},"geometry":{"type":"LineString","coordinates":[[101.1285,4.3311],[101.1289,4.3305]]}},{"type":"Feature","properties":{},"geometry":{"type":"LineString","coordinates":[[101.1324,4.3258],[101.1444,4.31],[101.1529,4.3031]]}},{"type":"Feature","properties":{},"geometry":{"type":"LineString","coordinates":[[101.1321,4.3262],[101.1324,4.3258]]}},{"type":"Feature","properties":{},"geometry":{"type":"LineString","coordinates":[[102.3049,2.4551],[102.306,2.4549]]}},{"type":"Feature","properties":{},"geometry":{"type":"LineString","coordinates":[[102.306,2.4549],[102.3161,2.4539],[102.3389,2.4578]]}},{"type":"Feature","properties":{},"geometry":{"type":"LineString","coordinates":[[100.7279,4.84],[100.728,4.8407]]}},{"type":"Feature","properties":{},"geometry":{"type":"LineString","coordinates":[[100.7387,4.8201],[100.7373,4.8256],[100.7302,4.8338]]}},{"type":"Feature","properties":{},"geometry":{"type":"LineString","coordinates":[[100.4407,5.9719],[100.4405,5.9722]]}},{"type":"Feature","properties":{},"geometry":{"type":"LineString","coordinates":[[100.4411,5.9711],[100.4407,5.9719]]}},{"type":"Feature","properties":{},"geometry":{"type":"LineString","coordinates":[[101.7905,2.9835],[101.7905,2.9823]]}},{"type":"Feature","properties":{},"geometry":{"type":"LineString","coordinates":[[101.7905,2.9823],[101.7903,2.972]]}},{"type":"Feature","properties":{},"geometry":{"type":"LineString","coordinates":[[101.662,3.188],[101.6621,3.188]]}},{"type":"Feature","properties":{},"geometry":{"type":"LineString","coordinates":[[101.6497,3.1944],[101.658,3.1908],[101.662,3.188]]}},{"type":"Feature","properties":{},"geometry":{"type":"LineString","coordinates":[[101.2851,4.0463],[101.2851,4.0373]]}},{"type":"Feature","properties":{},"geometry":{"type":"LineString","coordinates":[[101.2851,4.0468],[101.2851,4.0463]]}},{"type":"Feature","properties":{},"geometry":{"type":"LineString","coordinates":[[101.2851,4.0373],[101.2851,4.0368]]}},{"type":"Feature","properties":{},"geometry":{"type":"LineString","coordinates":[[101.2691,4.0973],[101.2722,4.0821],[101.2812,4.0591]]}},{"type":"Feature","properties":{},"geometry":{"type":"LineString","coordinates":[[100.4979,5.482],[100.498,5.4824]]}},{"type":"Feature","properties":{},"geometry":{"type":"LineString","coordinates":[[100.498,5.4824],[100.5077,5.5186],[100.5071,5.5241]]}},{"type":"Feature","properties":{},"geometry":{"type":"LineString","coordinates":[[100.498,5.482],[100.4981,5.4824]]}},{"type":"Feature","properties":{},"geometry":{"type":"LineString","coordinates":[[100.4966,5.4771],[100.498,5.482]]}},{"type":"Feature","properties":{},"geometry":{"type":"LineString","coordinates":[[101.9377,2.7201],[101.9374,2.7203]]}},{"type":"Feature","properties":{},"geometry":{"type":"LineString","coordinates":[[101.9401,2.7191],[101.941,2.7184]]}},{"type":"Feature","properties":{},"geometry":{"type":"LineString","coordinates":[[102.1054,2.575],[102.1056,2.5747]]}},{"type":"Feature","properties":{},"geometry":{"type":"LineString","coordinates":[[102.1026,2.5798],[102.1054,2.575]]}},{"type":"Feature","properties":{},"geometry":{"type":"LineString","coordinates":[[102.0833,2.6119],[102.1022,2.5804]]}},{"type":"Feature","properties":{},"geometry":{"type":"LineString","coordinates":[[102.0831,2.6122],[102.0833,2.6119]]}},{"type":"Feature","properties":{},"geometry":{"type":"LineString","coordinates":[[100.4828,5.2912],[100.4824,5.2902]]}},{"type":"Feature","properties":{},"geometry":{"type":"LineString","coordinates":[[100.4826,5.2954],[100.4706,5.3224],[100.47,5.3297]]}},{"type":"Feature","properties":{},"geometry":{"type":"LineString","coordinates":[[100.4807,5.2859],[100.4792,5.2821]]}},{"type":"Feature","properties":{},"geometry":{"type":"LineString","coordinates":[[100.4825,5.2902],[100.4829,5.2912]]}},{"type":"Feature","properties":{},"geometry":{"type":"LineString","coordinates":[[100.4793,5.2821],[100.4808,5.2859]]}},{"type":"Feature","properties":{},"geometry":{"type":"LineString","coordinates":[[100.9638,4.8376],[100.9608,4.8365]]}},{"type":"Feature","properties":{},"geometry":{"type":"LineString","coordinates":[[100.9608,4.8365],[100.9561,4.8339],[100.9528,4.8295],[100.9517,4.8256],[100.9514,4.8138]]}},{"type":"Feature","properties":{},"geometry":{"type":"LineString","coordinates":[[100.9513,4.8133],[100.9485,4.8076],[100.9411,4.8011],[100.9379,4.7965],[100.936,4.7899],[100.9352,4.7809]]}},{"type":"Feature","properties":{},"geometry":{"type":"LineString","coordinates":[[100.9514,4.8138],[100.9513,4.8133]]}},{"type":"Feature","properties":{},"geometry":{"type":"LineString","coordinates":[[100.507,5.5246],[100.5072,5.5241]]}},{"type":"Feature","properties":{},"geometry":{"type":"LineString","coordinates":[[100.4983,5.5609],[100.4982,5.5616]]}},{"type":"Feature","properties":{},"geometry":{"type":"LineString","coordinates":[[100.4983,5.5616],[100.4977,5.5648]]}},{"type":"Feature","properties":{},"geometry":{"type":"LineString","coordinates":[[100.4977,5.5648],[100.4982,5.5616]]}},{"type":"Feature","properties":{},"geometry":{"type":"LineString","coordinates":[[100.4972,5.5676],[100.4977,5.5648]]}},{"type":"Feature","properties":{},"geometry":{"type":"LineString","coordinates":[[100.495,5.5812],[100.4949,5.5818]]}},{"type":"Feature","properties":{},"geometry":{"type":"LineString","coordinates":[[100.4949,5.5818],[100.4939,5.5884]]}},{"type":"Feature","properties":{},"geometry":{"type":"LineString","coordinates":[[100.4939,5.5884],[100.4938,5.5887]]}},{"type":"Feature","properties":{},"geometry":{"type":"LineString","coordinates":[[100.4894,5.2088],[100.4915,5.2142],[100.4916,5.2197],[100.4787,5.2773]]}},{"type":"Feature","properties":{},"geometry":{"type":"LineString","coordinates":[[100.489,5.2082],[100.4894,5.2088]]}},{"type":"Feature","properties":{},"geometry":{"type":"LineString","coordinates":[[100.4178,5.3659],[100.4215,5.3645]]}},{"type":"Feature","properties":{},"geometry":{"type":"LineString","coordinates":[[100.4176,5.366],[100.4178,5.3659]]}},{"type":"Feature","properties":{},"geometry":{"type":"LineString","coordinates":[[100.3589,6.2438],[100.3588,6.244]]}},{"type":"Feature","properties":{},"geometry":{"type":"LineString","coordinates":[[100.3591,6.2425],[100.3589,6.2438]]}},{"type":"Feature","properties":{},"geometry":{"type":"LineString","coordinates":[[102.0563,2.6349],[102.0592,2.6337],[102.0645,2.6298],[102.0719,2.6262],[102.0787,2.6181]]}},{"type":"Feature","properties":{},"geometry":{"type":"LineString","coordinates":[[102.0555,2.6351],[102.0563,2.6349]]}},{"type":"Feature","properties":{},"geometry":{"type":"LineString","coordinates":[[102.049,2.6362],[102.0494,2.6362]]}},{"type":"Feature","properties":{},"geometry":{"type":"LineString","coordinates":[[102.0494,2.6362],[102.0555,2.6351]]}},{"type":"Feature","properties":{},"geometry":{"type":"LineString","coordinates":[[101.1773,4.2305],[101.1858,4.1858]]}},{"type":"Feature","properties":{},"geometry":{"type":"LineString","coordinates":[[101.1772,4.2311],[101.1773,4.2305]]}},{"type":"Feature","properties":{},"geometry":{"type":"LineString","coordinates":[[101.1876,4.182],[101.1881,4.1813]]}},{"type":"Feature","properties":{},"geometry":{"type":"LineString","coordinates":[[101.1889,4.1712],[101.1891,4.1654],[101.1918,4.1606],[101.207,4.1426],[101.2202,4.1336]]}},{"type":"Feature","properties":{},"geometry":{"type":"LineString","coordinates":[[101.2202,4.1336],[101.2207,4.1333]]}},{"type":"Feature","properties":{},"geometry":{"type":"LineString","coordinates":[[101.2207,4.1333],[101.2386,4.1228],[101.2491,4.1125]]}},{"type":"Feature","properties":{},"geometry":{"type":"LineString","coordinates":[[101.269,4.0973],[101.2722,4.0821],[101.2811,4.0591]]}},{"type":"Feature","properties":{},"geometry":{"type":"LineString","coordinates":[[101.2689,4.098],[101.269,4.0973]]}},{"type":"Feature","properties":{},"geometry":{"type":"LineString","coordinates":[[101.2851,4.0463],[101.285,4.0373]]}},{"type":"Feature","properties":{},"geometry":{"type":"LineString","coordinates":[[101.285,4.0468],[101.2851,4.0463]]}},{"type":"Feature","properties":{},"geometry":{"type":"LineString","coordinates":[[101.2851,4.0368],[101.286,4.0317],[101.291,4.0186]]}},{"type":"Feature","properties":{},"geometry":{"type":"LineString","coordinates":[[101.285,4.0373],[101.2851,4.0368]]}},{"type":"Feature","properties":{},"geometry":{"type":"LineString","coordinates":[[101.2851,4.0368],[101.2858,4.0323],[101.291,4.0186]]}},{"type":"Feature","properties":{},"geometry":{"type":"LineString","coordinates":[[101.291,4.0186],[101.2913,4.0181]]}},{"type":"Feature","properties":{},"geometry":{"type":"LineString","coordinates":[[101.291,4.0186],[101.2913,4.018]]}},{"type":"Feature","properties":{},"geometry":{"type":"LineString","coordinates":[[101.2913,4.018],[101.2941,4.0137],[101.301,4.0065]]}},{"type":"Feature","properties":{},"geometry":{"type":"LineString","coordinates":[[101.3057,4.0006],[101.306,3.9999]]}},{"type":"Feature","properties":{},"geometry":{"type":"LineString","coordinates":[[101.306,3.9999],[101.3104,3.9881]]}},{"type":"Feature","properties":{},"geometry":{"type":"LineString","coordinates":[[101.3107,3.9871],[101.3163,3.9718],[101.3231,3.9604]]}},{"type":"Feature","properties":{},"geometry":{"type":"LineString","coordinates":[[101.3104,3.9881],[101.3107,3.9871]]}},{"type":"Feature","properties":{},"geometry":{"type":"LineString","coordinates":[[101.3231,3.9604],[101.3235,3.9598]]}},{"type":"Feature","properties":{},"geometry":{"type":"LineString","coordinates":[[101.3235,3.9598],[101.3305,3.9481],[101.3361,3.9427],[101.338,3.9398],[101.3396,3.9339],[101.3439,3.9236],[101.3462,3.913],[101.3484,3.9087],[101.3514,3.9057],[101.3598,3.9002],[101.3659,3.8934],[101.3699,3.8908],[101.377,3.8879],[101.3805,3.8838],[101.3817,3.8806],[101.3818,3.8767],[101.3809,3.8737],[101.378,3.8681],[101.3774,3.8643],[101.3791,3.856],[101.382,3.8513]]}},{"type":"Feature","properties":{},"geometry":{"type":"LineString","coordinates":[[101.3827,3.8507],[101.3878,3.8477],[101.3904,3.8453],[101.4019,3.8274]]}},{"type":"Feature","properties":{},"geometry":{"type":"LineString","coordinates":[[101.382,3.8513],[101.3827,3.8507]]}},{"type":"Feature","properties":{},"geometry":{"type":"LineString","coordinates":[[101.4062,3.822],[101.4128,3.8152],[101.4234,3.8017],[101.4295,3.7966],[101.4318,3.7938],[101.4351,3.7854],[101.4363,3.7605],[101.4389,3.756],[101.4451,3.751]]}},{"type":"Feature","properties":{},"geometry":{"type":"LineString","coordinates":[[101.4055,3.8226],[101.4062,3.822]]}},{"type":"Feature","properties":{},"geometry":{"type":"LineString","coordinates":[[101.5158,3.687],[101.4951,3.7065],[101.4824,3.7139],[101.4745,3.7166],[101.4677,3.7234],[101.4596,3.7278]]}},{"type":"Feature","properties":{},"geometry":{"type":"LineString","coordinates":[[101.4451,3.751],[101.4456,3.7505]]}},{"type":"Feature","properties":{},"geometry":{"type":"LineString","coordinates":[[101.5239,3.6795],[101.5284,3.6745]]}},{"type":"Feature","properties":{},"geometry":{"type":"LineString","coordinates":[[101.5231,3.6802],[101.5239,3.6795]]}},{"type":"Feature","properties":{},"geometry":{"type":"LineString","coordinates":[[101.5284,3.6745],[101.5287,3.674]]}},{"type":"Feature","properties":{},"geometry":{"type":"LineString","coordinates":[[101.5287,3.674],[101.5396,3.6583],[101.553,3.6464],[101.5583,3.6398],[101.5619,3.6333],[101.5724,3.6209],[101.5778,3.6172],[101.5868,3.6089],[101.592,3.6016],[101.5945,3.6001],[101.5982,3.5994]]}},{"type":"Feature","properties":{},"geometry":{"type":"LineString","coordinates":[[101.6138,3.5746],[101.6184,3.5688],[101.6243,3.5644],[101.6371,3.5586],[101.6385,3.5568],[101.6394,3.5539]]}},{"type":"Feature","properties":{},"geometry":{"type":"LineString","coordinates":[[101.608,3.5898],[101.6083,3.5893]]}},{"type":"Feature","properties":{},"geometry":{"type":"LineString","coordinates":[[101.6348,3.5373],[101.6346,3.5367]]}},{"type":"Feature","properties":{},"geometry":{"type":"LineString","coordinates":[[101.6346,3.5367],[101.6334,3.5332],[101.6301,3.5281],[101.6289,3.5208],[101.6289,3.5168]]}},{"type":"Feature","properties":{},"geometry":{"type":"LineString","coordinates":[[101.629,3.5166],[101.6317,3.5126],[101.6327,3.51]]}},{"type":"Feature","properties":{},"geometry":{"type":"LineString","coordinates":[[101.6289,3.5168],[101.629,3.5166]]}},{"type":"Feature","properties":{},"geometry":{"type":"LineString","coordinates":[[101.6331,3.5074],[101.6332,3.5067]]}},{"type":"Feature","properties":{},"geometry":{"type":"LineString","coordinates":[[101.6343,3.4996],[101.6359,3.4909],[101.6396,3.4823],[101.6396,3.4792],[101.638,3.4701]]}},{"type":"Feature","properties":{},"geometry":{"type":"LineString","coordinates":[[101.6376,3.4677],[101.6374,3.4641],[101.6384,3.4597]]}},{"type":"Feature","properties":{},"geometry":{"type":"LineString","coordinates":[[101.638,3.4701],[101.638,3.4697]]}},{"type":"Feature","properties":{},"geometry":{"type":"LineString","coordinates":[[101.6377,3.4677],[101.6374,3.4641],[101.6385,3.4597]]}},{"type":"Feature","properties":{},"geometry":{"type":"LineString","coordinates":[[101.6256,3.417],[101.627,3.4135],[101.628,3.4073],[101.6283,3.3954],[101.6276,3.3915],[101.6252,3.3868],[101.6149,3.3765]]}},{"type":"Feature","properties":{},"geometry":{"type":"LineString","coordinates":[[101.6385,3.4597],[101.6386,3.4593]]}},{"type":"Feature","properties":{},"geometry":{"type":"LineString","coordinates":[[101.6384,3.4597],[101.6386,3.4592]]}},{"type":"Feature","properties":{},"geometry":{"type":"LineString","coordinates":[[101.6061,3.3685],[101.5934,3.3643],[101.5848,3.3628]]}},{"type":"Feature","properties":{},"geometry":{"type":"LineString","coordinates":[[101.6065,3.3688],[101.6061,3.3685]]}},{"type":"Feature","properties":{},"geometry":{"type":"LineString","coordinates":[[101.5711,3.3337],[101.5695,3.3316],[101.5689,3.3297],[101.5693,3.3279],[101.5707,3.3258]]}},{"type":"Feature","properties":{},"geometry":{"type":"LineString","coordinates":[[101.5711,3.3336],[101.5695,3.3316],[101.569,3.3296],[101.5694,3.3279],[101.5708,3.3258]]}},{"type":"Feature","properties":{},"geometry":{"type":"LineString","coordinates":[[101.5726,3.3394],[101.5727,3.3389]]}},{"type":"Feature","properties":{},"geometry":{"type":"LineString","coordinates":[[101.5727,3.3394],[101.5727,3.3389]]}},{"type":"Feature","properties":{},"geometry":{"type":"LineString","coordinates":[[101.5749,3.3164],[101.5749,3.3159]]}},{"type":"Feature","properties":{},"geometry":{"type":"LineString","coordinates":[[101.5749,3.3159],[101.5751,3.297],[101.5745,3.2945],[101.5686,3.2845],[101.5648,3.2793],[101.5624,3.2771],[101.5618,3.2739],[101.5601,3.2711],[101.5579,3.2643]]}},{"type":"Feature","properties":{},"geometry":{"type":"LineString","coordinates":[[101.5724,3.3236],[101.5745,3.3206],[101.5749,3.3179]]}},{"type":"Feature","properties":{},"geometry":{"type":"LineString","coordinates":[[101.5749,3.3171],[101.5748,3.3176]]}},{"type":"Feature","properties":{},"geometry":{"type":"LineString","coordinates":[[101.5748,3.3181],[101.5745,3.3204],[101.5719,3.3242]]}},{"type":"Feature","properties":{},"geometry":{"type":"LineString","coordinates":[[101.5605,3.2426],[101.5594,3.2329],[101.5607,3.2275],[101.562,3.2248],[101.5722,3.2124]]}},{"type":"Feature","properties":{},"geometry":{"type":"LineString","coordinates":[[101.5548,3.2536],[101.5548,3.2533]]}},{"type":"Feature","properties":{},"geometry":{"type":"LineString","coordinates":[[101.5548,3.2536],[101.5549,3.2534]]}},{"type":"Feature","properties":{},"geometry":{"type":"LineString","coordinates":[[101.6031,3.2003],[101.6072,3.1995],[101.6109,3.201]]}},{"type":"Feature","properties":{},"geometry":{"type":"LineString","coordinates":[[101.603,3.2004],[101.6031,3.2003]]}},{"type":"Feature","properties":{},"geometry":{"type":"LineString","coordinates":[[101.6113,3.2013],[101.6163,3.2065]]}},{"type":"Feature","properties":{},"geometry":{"type":"LineString","coordinates":[[101.6109,3.201],[101.6113,3.2013]]}},{"type":"Feature","properties":{},"geometry":{"type":"LineString","coordinates":[[101.6291,3.2086],[101.6298,3.2085]]}},{"type":"Feature","properties":{},"geometry":{"type":"LineString","coordinates":[[101.6298,3.2085],[101.6327,3.2073],[101.6353,3.2048]]}},{"type":"Feature","properties":{},"geometry":{"type":"LineString","coordinates":[[101.6413,3.1985],[101.6496,3.1944]]}},{"type":"Feature","properties":{},"geometry":{"type":"LineString","coordinates":[[101.636,3.204],[101.6364,3.2036]]}},{"type":"Feature","properties":{},"geometry":{"type":"LineString","coordinates":[[101.6497,3.1944],[101.658,3.1907],[101.662,3.188]]}},{"type":"Feature","properties":{},"geometry":{"type":"LineString","coordinates":[[101.6496,3.1944],[101.6497,3.1944]]}},{"type":"Feature","properties":{},"geometry":{"type":"LineString","coordinates":[[101.6621,3.1879],[101.6675,3.1838],[101.674,3.1815],[101.6789,3.178],[101.6834,3.1735]]}},{"type":"Feature","properties":{},"geometry":{"type":"LineString","coordinates":[[101.662,3.188],[101.6621,3.1879]]}},{"type":"Feature","properties":{},"geometry":{"type":"LineString","coordinates":[[101.685,3.1711],[101.6851,3.1709]]}},{"type":"Feature","properties":{},"geometry":{"type":"LineString","coordinates":[[101.6853,3.1705],[101.6853,3.1703]]}},{"type":"Feature","properties":{},"geometry":{"type":"LineString","coordinates":[[101.6792,3.1175],[101.6795,3.1165]]}},{"type":"Feature","properties":{},"geometry":{"type":"LineString","coordinates":[[101.6795,3.1165],[101.6807,3.1142]]}},{"type":"Feature","properties":{},"geometry":{"type":"LineString","coordinates":[[101.6809,3.1141],[101.6831,3.1128],[101.6884,3.1118],[101.6983,3.1039]]}},{"type":"Feature","properties":{},"geometry":{"type":"LineString","coordinates":[[101.6807,3.1142],[101.6809,3.1141]]}},{"type":"Feature","properties":{},"geometry":{"type":"LineString","coordinates":[[101.6988,3.1036],[101.7014,3.1014]]}},{"type":"Feature","properties":{},"geometry":{"type":"LineString","coordinates":[[101.6983,3.1039],[101.6988,3.1036]]}},{"type":"Feature","properties":{},"geometry":{"type":"LineString","coordinates":[[101.7014,3.1014],[101.7018,3.1011]]}},{"type":"Feature","properties":{},"geometry":{"type":"LineString","coordinates":[[101.7018,3.1011],[101.704,3.0994]]}},{"type":"Feature","properties":{},"geometry":{"type":"LineString","coordinates":[[101.7149,3.0795],[101.7106,3.0758],[101.709,3.0724],[101.707,3.0568],[101.7066,3.0484],[101.7088,3.0388],[101.7087,3.033],[101.7139,3.027]]}},{"type":"Feature","properties":{},"geometry":{"type":"LineString","coordinates":[[101.704,3.0994],[101.7042,3.0992]]}},{"type":"Feature","properties":{},"geometry":{"type":"LineString","coordinates":[[101.7625,2.9908],[101.7653,2.9919],[101.7692,2.995],[101.7728,2.996],[101.7752,2.9955],[101.7868,2.9907]]}},{"type":"Feature","properties":{},"geometry":{"type":"LineString","coordinates":[[101.7623,2.9907],[101.7625,2.9908]]}},{"type":"Feature","properties":{},"geometry":{"type":"LineString","coordinates":[[101.7874,2.9905],[101.7882,2.9901]]}},{"type":"Feature","properties":{},"geometry":{"type":"LineString","coordinates":[[101.7868,2.9907],[101.7874,2.9905]]}},{"type":"Feature","properties":{},"geometry":{"type":"LineString","coordinates":[[101.7885,2.99],[101.79,2.9885],[101.7906,2.9867],[101.7903,2.972]]}},{"type":"Feature","properties":{},"geometry":{"type":"LineString","coordinates":[[101.7882,2.9901],[101.7885,2.99]]}},{"type":"Feature","properties":{},"geometry":{"type":"LineString","coordinates":[[101.7903,2.9718],[101.7903,2.9677],[101.7916,2.9637]]}},{"type":"Feature","properties":{},"geometry":{"type":"LineString","coordinates":[[101.7903,2.972],[101.7903,2.9718]]}},{"type":"Feature","properties":{},"geometry":{"type":"LineString","coordinates":[[101.7903,2.9718],[101.7903,2.9677],[101.7915,2.9637]]}},{"type":"Feature","properties":{},"geometry":{"type":"LineString","coordinates":[[101.7903,2.972],[101.7903,2.9718]]}},{"type":"Feature","properties":{},"geometry":{"type":"LineString","coordinates":[[101.7916,2.9635],[101.7928,2.9598],[101.7928,2.9575],[101.7884,2.9483]]}},{"type":"Feature","properties":{},"geometry":{"type":"LineString","coordinates":[[101.7916,2.9637],[101.7916,2.9635]]}},{"type":"Feature","properties":{},"geometry":{"type":"LineString","coordinates":[[101.7884,2.9483],[101.7882,2.9479]]}},{"type":"Feature","properties":{},"geometry":{"type":"LineString","coordinates":[[101.7882,2.9479],[101.7861,2.9434],[101.7869,2.9405]]}},{"type":"Feature","properties":{},"geometry":{"type":"LineString","coordinates":[[101.7872,2.9403],[101.7943,2.9342],[101.7938,2.9275],[101.7958,2.9234],[101.7969,2.9161],[101.794,2.9078],[101.788,2.9059],[101.7862,2.9038]]}},{"type":"Feature","properties":{},"geometry":{"type":"LineString","coordinates":[[101.7869,2.9405],[101.7872,2.9403]]}},{"type":"Feature","properties":{},"geometry":{"type":"LineString","coordinates":[[101.9456,2.7154],[101.9502,2.7122],[101.952,2.7088]]}},{"type":"Feature","properties":{},"geometry":{"type":"LineString","coordinates":[[101.952,2.7088],[101.9522,2.7081]]}},{"type":"Feature","properties":{},"geometry":{"type":"LineString","coordinates":[[101.9522,2.7081],[101.9527,2.707]]}},{"type":"Feature","properties":{},"geometry":{"type":"LineString","coordinates":[[101.9527,2.707],[101.953,2.7062]]}},{"type":"Feature","properties":{},"geometry":{"type":"LineString","coordinates":[[101.9615,2.7],[101.9697,2.6951],[101.9765,2.6794],[101.9814,2.6762],[101.9843,2.6728],[101.9895,2.6702],[101.9941,2.6628]]}},{"type":"Feature","properties":{},"geometry":{"type":"LineString","coordinates":[[101.9981,2.6589],[102.0025,2.6578]]}},{"type":"Feature","properties":{},"geometry":{"type":"LineString","coordinates":[[101.9941,2.6628],[101.9981,2.6589]]}},{"type":"Feature","properties":{},"geometry":{"type":"LineString","coordinates":[[102.0029,2.6577],[102.008,2.6546],[102.0141,2.6555],[102.0201,2.6549],[102.0231,2.6541],[102.0264,2.652]]}},{"type":"Feature","properties":{},"geometry":{"type":"LineString","coordinates":[[102.0025,2.6578],[102.0029,2.6577]]}},{"type":"Feature","properties":{},"geometry":{"type":"LineString","coordinates":[[102.0269,2.6515],[102.0329,2.644],[102.0396,2.638],[102.0437,2.6364],[102.049,2.6363]]}},{"type":"Feature","properties":{},"geometry":{"type":"LineString","coordinates":[[102.0264,2.652],[102.0269,2.6515]]}},{"type":"Feature","properties":{},"geometry":{"type":"LineString","coordinates":[[102.049,2.6363],[102.0494,2.6362]]}},{"type":"Feature","properties":{},"geometry":{"type":"LineString","coordinates":[[102.0494,2.6362],[102.0555,2.6351]]}},{"type":"Feature","properties":{},"geometry":{"type":"LineString","coordinates":[[102.0563,2.635],[102.0592,2.6338],[102.0646,2.6297],[102.0719,2.6262],[102.0787,2.6182]]}},{"type":"Feature","properties":{},"geometry":{"type":"LineString","coordinates":[[102.0555,2.6351],[102.0563,2.635]]}},{"type":"Feature","properties":{},"geometry":{"type":"LineString","coordinates":[[102.0834,2.6119],[102.1022,2.5804]]}},{"type":"Feature","properties":{},"geometry":{"type":"LineString","coordinates":[[102.0832,2.6122],[102.0834,2.6119]]}},{"type":"Feature","properties":{},"geometry":{"type":"LineString","coordinates":[[102.1022,2.5804],[102.1026,2.5798]]}},{"type":"Feature","properties":{},"geometry":{"type":"LineString","coordinates":[[102.1026,2.5798],[102.1054,2.5751]]}},{"type":"Feature","properties":{},"geometry":{"type":"LineString","coordinates":[[102.1054,2.5751],[102.1056,2.5747]]}},{"type":"Feature","properties":{},"geometry":{"type":"LineString","coordinates":[[102.1484,2.5402],[102.1626,2.5288],[102.1659,2.5238]]}},{"type":"Feature","properties":{},"geometry":{"type":"LineString","coordinates":[[102.1732,2.5056],[102.1787,2.4913],[102.1831,2.4593],[102.1843,2.4564],[102.1863,2.4542],[102.1888,2.4528],[102.1918,2.4521],[102.1946,2.4523],[102.198,2.4538],[102.2008,2.4569],[102.2048,2.4664],[102.2067,2.4685],[102.2095,2.4698],[102.2146,2.4698],[102.2219,2.466]]}},{"type":"Feature","properties":{},"geometry":{"type":"LineString","coordinates":[[102.169,2.516],[102.1691,2.5158]]}},{"type":"Feature","properties":{},"geometry":{"type":"LineString","coordinates":[[102.2219,2.466],[102.2223,2.4657]]}},{"type":"Feature","properties":{},"geometry":{"type":"LineString","coordinates":[[102.2262,2.4635],[102.2337,2.4603]]}},{"type":"Feature","properties":{},"geometry":{"type":"LineString","coordinates":[[102.2343,2.4601],[102.2384,2.4594],[102.2459,2.4596]]}},{"type":"Feature","properties":{},"geometry":{"type":"LineString","coordinates":[[102.2337,2.4603],[102.2343,2.4601]]}},{"type":"Feature","properties":{},"geometry":{"type":"LineString","coordinates":[[102.2464,2.4596],[102.2565,2.4593]]}},{"type":"Feature","properties":{},"geometry":{"type":"LineString","coordinates":[[102.2459,2.4596],[102.2464,2.4596]]}},{"type":"Feature","properties":{},"geometry":{"type":"LineString","coordinates":[[102.2565,2.4593],[102.2575,2.4593]]}},{"type":"Feature","properties":{},"geometry":{"type":"LineString","coordinates":[[102.2575,2.4593],[102.2629,2.4591],[102.2697,2.4577],[102.2785,2.4585]]}},{"type":"Feature","properties":{},"geometry":{"type":"LineString","coordinates":[[102.2793,2.4584],[102.3049,2.4552]]}},{"type":"Feature","properties":{},"geometry":{"type":"LineString","coordinates":[[102.2785,2.4585],[102.2793,2.4584]]}},{"type":"Feature","properties":{},"geometry":{"type":"LineString","coordinates":[[102.3049,2.4552],[102.306,2.455]]}},{"type":"Feature","properties":{},"geometry":{"type":"LineString","coordinates":[[102.306,2.455],[102.3156,2.454],[102.3389,2.4578]]}},{"type":"Feature","properties":{},"geometry":{"type":"LineString","coordinates":[[102.3401,2.458],[102.341,2.4581]]}},{"type":"Feature","properties":{},"geometry":{"type":"LineString","coordinates":[[102.3389,2.4578],[102.3396,2.4579]]}},{"type":"Feature","properties":{},"geometry":{"type":"LineString","coordinates":[[102.3396,2.4579],[102.3401,2.458]]}},{"type":"Feature","properties":{},"geometry":{"type":"LineString","coordinates":[[102.341,2.4581],[102.3672,2.4625]]}},{"type":"Feature","properties":{},"geometry":{"type":"LineString","coordinates":[[102.3672,2.4625],[102.3678,2.4626]]}},{"type":"Feature","properties":{},"geometry":{"type":"LineString","coordinates":[[102.3678,2.4626],[102.3716,2.4629],[102.3851,2.4611],[102.4041,2.4654]]}},{"type":"Feature","properties":{},"geometry":{"type":"LineString","coordinates":[[102.3673,2.4625],[102.3678,2.4626]]}},{"type":"Feature","properties":{},"geometry":{"type":"LineString","coordinates":[[102.4041,2.4654],[102.4048,2.4657]]}},{"type":"Feature","properties":{},"geometry":{"type":"LineString","coordinates":[[102.4088,2.4691],[102.413,2.4726],[102.4214,2.4766],[102.4243,2.4775],[102.4309,2.478],[102.4344,2.4794],[102.4403,2.4857],[102.4449,2.4924],[102.4498,2.4966],[102.4529,2.4977],[102.467,2.5006],[102.4796,2.5064],[102.4843,2.5099]]}},{"type":"Feature","properties":{},"geometry":{"type":"LineString","coordinates":[[102.4041,2.4654],[102.4088,2.4691]]}},{"type":"Feature","properties":{},"geometry":{"type":"LineString","coordinates":[[102.4843,2.5099],[102.4846,2.5101]]}},{"type":"Feature","properties":{},"geometry":{"type":"LineString","coordinates":[[102.4846,2.5101],[102.4883,2.5136],[102.4915,2.5204]]}},{"type":"Feature","properties":{},"geometry":{"type":"LineString","coordinates":[[102.4915,2.5204],[102.4917,2.5208]]}},{"type":"Feature","properties":{},"geometry":{"type":"LineString","coordinates":[[102.6087,2.5783],[102.5989,2.5755],[102.5927,2.576],[102.5901,2.5775],[102.5867,2.582],[102.5839,2.5832],[102.5598,2.5805],[102.552,2.5744],[102.52,2.5595],[102.4976,2.5331],[102.4917,2.5208]]}},{"type":"Feature","properties":{},"geometry":{"type":"LineString","coordinates":[[101.6083,3.5893],[101.6126,3.5826],[101.6134,3.5774]]}},{"type":"Feature","properties":{},"geometry":{"type":"LineString","coordinates":[[101.6137,3.5751],[101.6138,3.5746]]}},{"type":"Feature","properties":{},"geometry":{"type":"LineString","coordinates":[[101.6083,3.5893],[101.6126,3.5826],[101.6135,3.5774]]}},{"type":"Feature","properties":{},"geometry":{"type":"LineString","coordinates":[[101.6137,3.5751],[101.6139,3.5746]]}},{"type":"Feature","properties":{},"geometry":{"type":"LineString","coordinates":[[100.3677,6.2005],[100.3592,6.2422]]}},{"type":"Feature","properties":{},"geometry":{"type":"LineString","coordinates":[[100.3677,6.2005],[100.3592,6.2422]]}},{"type":"Feature","properties":{},"geometry":{"type":"LineString","coordinates":[[100.3679,6.1998],[100.3677,6.2005]]}},{"type":"Feature","properties":{},"geometry":{"type":"LineString","coordinates":[[100.3678,6.1998],[100.3677,6.2005]]}},{"type":"Feature","properties":{},"geometry":{"type":"LineString","coordinates":[[100.3591,6.2425],[100.3589,6.2438]]}},{"type":"Feature","properties":{},"geometry":{"type":"LineString","coordinates":[[100.3592,6.2422],[100.3591,6.2425]]}},{"type":"Feature","properties":{},"geometry":{"type":"LineString","coordinates":[[100.3589,6.2438],[100.3588,6.244]]}},{"type":"Feature","properties":{},"geometry":{"type":"LineString","coordinates":[[100.3588,6.244],[100.3496,6.2889]]}},{"type":"Feature","properties":{},"geometry":{"type":"LineString","coordinates":[[100.3496,6.2889],[100.3495,6.2893]]}},{"type":"Feature","properties":{},"geometry":{"type":"LineString","coordinates":[[100.2729,6.4186],[100.2728,6.419]]}},{"type":"Feature","properties":{},"geometry":{"type":"LineString","coordinates":[[100.2728,6.419],[100.2713,6.4234]]}},{"type":"Feature","properties":{},"geometry":{"type":"LineString","coordinates":[[100.2713,6.4234],[100.2711,6.4239]]}},{"type":"Feature","properties":{},"geometry":{"type":"LineString","coordinates":[[100.2681,6.4326],[100.2624,6.4492]]}},{"type":"Feature","properties":{},"geometry":{"type":"LineString","coordinates":[[100.2622,6.4497],[100.2539,6.4745],[100.2534,6.5001]]}},{"type":"Feature","properties":{},"geometry":{"type":"LineString","coordinates":[[100.2624,6.4492],[100.2622,6.4497]]}},{"type":"Feature","properties":{},"geometry":{"type":"LineString","coordinates":[[100.2534,6.5006],[100.26,6.5421],[100.2591,6.5704],[100.2621,6.5811],[100.2632,6.5928],[100.2633,6.6067],[100.2651,6.6197]]}},{"type":"Feature","properties":{},"geometry":{"type":"LineString","coordinates":[[100.2534,6.5001],[100.2534,6.5006]]}},{"type":"Feature","properties":{},"geometry":{"type":"LineString","coordinates":[[100.2854,6.6405],[100.2924,6.6456]]}},{"type":"Feature","properties":{},"geometry":{"type":"LineString","coordinates":[[100.285,6.6402],[100.2854,6.6405]]}},{"type":"Feature","properties":{},"geometry":{"type":"LineString","coordinates":[[100.2928,6.6459],[100.2967,6.6485],[100.303,6.6507],[100.3161,6.6595]]}},{"type":"Feature","properties":{},"geometry":{"type":"LineString","coordinates":[[100.2924,6.6456],[100.2928,6.6459]]}},{"type":"Feature","properties":{},"geometry":{"type":"LineString","coordinates":[[100.4505,5.9545],[100.4412,5.971]]}},{"type":"Feature","properties":{},"geometry":{"type":"LineString","coordinates":[[100.4412,5.971],[100.4411,5.9711]]}},{"type":"Feature","properties":{},"geometry":{"type":"LineString","coordinates":[[100.4601,5.9358],[100.4577,5.9417],[100.4506,5.9544]]}},{"type":"Feature","properties":{},"geometry":{"type":"LineString","coordinates":[[100.4506,5.9544],[100.4505,5.9545]]}},{"type":"Feature","properties":{},"geometry":{"type":"LineString","coordinates":[[100.4601,5.9356],[100.4601,5.9358]]}},{"type":"Feature","properties":{},"geometry":{"type":"LineString","coordinates":[[100.4683,5.9145],[100.4601,5.9356]]}},{"type":"Feature","properties":{},"geometry":{"type":"LineString","coordinates":[[100.4716,5.9058],[100.4683,5.9144]]}},{"type":"Feature","properties":{},"geometry":{"type":"LineString","coordinates":[[100.4683,5.9144],[100.4683,5.9145]]}},{"type":"Feature","properties":{},"geometry":{"type":"LineString","coordinates":[[100.474,5.8996],[100.4718,5.9054]]}},{"type":"Feature","properties":{},"geometry":{"type":"LineString","coordinates":[[100.4718,5.9054],[100.4716,5.9058]]}},{"type":"Feature","properties":{},"geometry":{"type":"LineString","coordinates":[[100.4769,5.8659],[100.4769,5.8906],[100.4742,5.8991]]}},{"type":"Feature","properties":{},"geometry":{"type":"LineString","coordinates":[[100.4742,5.8991],[100.474,5.8996]]}},{"type":"Feature","properties":{},"geometry":{"type":"LineString","coordinates":[[100.4769,5.8656],[100.4769,5.8659]]}},{"type":"Feature","properties":{},"geometry":{"type":"LineString","coordinates":[[100.4792,5.8111],[100.4792,5.8114]]}},{"type":"Feature","properties":{},"geometry":{"type":"LineString","coordinates":[[100.4845,5.7919],[100.483,5.7957],[100.4792,5.8111]]}},{"type":"Feature","properties":{},"geometry":{"type":"LineString","coordinates":[[100.4846,5.7918],[100.4845,5.7919]]}},{"type":"Feature","properties":{},"geometry":{"type":"LineString","coordinates":[[100.491,5.7783],[100.4846,5.7918]]}},{"type":"Feature","properties":{},"geometry":{"type":"LineString","coordinates":[[100.4933,5.7723],[100.4911,5.7781]]}},{"type":"Feature","properties":{},"geometry":{"type":"LineString","coordinates":[[100.4911,5.7781],[100.491,5.7783]]}},{"type":"Feature","properties":{},"geometry":{"type":"LineString","coordinates":[[100.4994,5.7587],[100.4934,5.772]]}},{"type":"Feature","properties":{},"geometry":{"type":"LineString","coordinates":[[100.4934,5.772],[100.4933,5.7723]]}},{"type":"Feature","properties":{},"geometry":{"type":"LineString","coordinates":[[100.4996,5.7584],[100.4994,5.7587]]}},{"type":"Feature","properties":{},"geometry":{"type":"LineString","coordinates":[[100.4862,5.1307],[100.4811,5.1527]]}},{"type":"Feature","properties":{},"geometry":{"type":"LineString","coordinates":[[100.4797,5.1688],[100.4798,5.1605]]}},{"type":"Feature","properties":{},"geometry":{"type":"LineString","coordinates":[[100.4799,5.1605],[100.4797,5.1688]]}},{"type":"Feature","properties":{},"geometry":{"type":"LineString","coordinates":[[100.5273,5.0286],[100.4957,5.0883]]}},{"type":"Feature","properties":{},"geometry":{"type":"LineString","coordinates":[[100.4937,5.0946],[100.4921,5.102]]}},{"type":"Feature","properties":{},"geometry":{"type":"LineString","coordinates":[[100.6256,5.0426],[100.5928,5.0451],[100.586,5.0443],[100.5803,5.0416],[100.5487,5.0204],[100.5438,5.0186],[100.5392,5.0186],[100.5342,5.0203],[100.5305,5.0235],[100.5275,5.0283]]}},{"type":"Feature","properties":{},"geometry":{"type":"LineString","coordinates":[[100.6563,5.04],[100.6492,5.0417],[100.6414,5.0415],[100.6256,5.0426]]}},{"type":"Feature","properties":{},"geometry":{"type":"LineString","coordinates":[[100.6872,5.0393],[100.6616,5.0391]]}},{"type":"Feature","properties":{},"geometry":{"type":"LineString","coordinates":[[100.7316,5.012],[100.7292,5.0157],[100.7198,5.0257],[100.7104,5.0336],[100.6951,5.0389],[100.6872,5.0393]]}},{"type":"Feature","properties":{},"geometry":{"type":"LineString","coordinates":[[100.733,5.0092],[100.7318,5.0115]]}},{"type":"Feature","properties":{},"geometry":{"type":"LineString","coordinates":[[100.7318,5.0115],[100.7316,5.012]]}},{"type":"Feature","properties":{},"geometry":{"type":"LineString","coordinates":[[100.7335,5.0083],[100.733,5.0092]]}},{"type":"Feature","properties":{},"geometry":{"type":"LineString","coordinates":[[100.7166,4.922],[100.717,4.9259],[100.7263,4.961],[100.733,4.9812],[100.7355,5.0007],[100.735,5.0046],[100.7335,5.0083]]}},{"type":"Feature","properties":{},"geometry":{"type":"LineString","coordinates":[[100.7177,4.9116],[100.7166,4.9218]]}},{"type":"Feature","properties":{},"geometry":{"type":"LineString","coordinates":[[100.7166,4.9218],[100.7166,4.922]]}},{"type":"Feature","properties":{},"geometry":{"type":"LineString","coordinates":[[100.7203,4.8876],[100.7178,4.9106]]}},{"type":"Feature","properties":{},"geometry":{"type":"LineString","coordinates":[[100.7178,4.9106],[100.7177,4.9116]]}},{"type":"Feature","properties":{},"geometry":{"type":"LineString","coordinates":[[100.7268,4.8677],[100.7213,4.8806],[100.7203,4.8874]]}},{"type":"Feature","properties":{},"geometry":{"type":"LineString","coordinates":[[100.7203,4.8874],[100.7203,4.8876]]}},{"type":"Feature","properties":{},"geometry":{"type":"LineString","coordinates":[[100.7388,4.8201],[100.7373,4.8256],[100.7303,4.8338]]}},{"type":"Feature","properties":{},"geometry":{"type":"LineString","coordinates":[[100.728,4.84],[100.7281,4.8408]]}},{"type":"Feature","properties":{},"geometry":{"type":"LineString","coordinates":[[100.7491,4.7986],[100.7454,4.802],[100.7422,4.8077],[100.7388,4.8198]]}},{"type":"Feature","properties":{},"geometry":{"type":"LineString","coordinates":[[100.7388,4.8198],[100.7388,4.8201]]}},{"type":"Feature","properties":{},"geometry":{"type":"LineString","coordinates":[[100.7952,4.7776],[100.7649,4.7869],[100.7619,4.7885],[100.7546,4.7942]]}},{"type":"Feature","properties":{},"geometry":{"type":"LineString","coordinates":[[100.7546,4.7942],[100.7518,4.7964]]}},{"type":"Feature","properties":{},"geometry":{"type":"LineString","coordinates":[[100.8243,4.7762],[100.7983,4.7767]]}},{"type":"Feature","properties":{},"geometry":{"type":"LineString","coordinates":[[100.7517,4.7963],[100.7494,4.7983]]}},{"type":"Feature","properties":{},"geometry":{"type":"LineString","coordinates":[[100.7518,4.7964],[100.7494,4.7983]]}},{"type":"Feature","properties":{},"geometry":{"type":"LineString","coordinates":[[100.7494,4.7983],[100.7491,4.7986]]}},{"type":"Feature","properties":{},"geometry":{"type":"LineString","coordinates":[[100.7494,4.7983],[100.7491,4.7986]]}},{"type":"Feature","properties":{},"geometry":{"type":"LineString","coordinates":[[100.8911,4.7727],[100.8846,4.7713],[100.8809,4.7712],[100.8737,4.7723],[100.8682,4.7747]]}},{"type":"Feature","properties":{},"geometry":{"type":"LineString","coordinates":[[100.8682,4.7747],[100.868,4.7748]]}},{"type":"Feature","properties":{},"geometry":{"type":"LineString","coordinates":[[100.8916,4.7728],[100.8911,4.7727]]}},{"type":"Feature","properties":{},"geometry":{"type":"LineString","coordinates":[[100.9038,4.7766],[100.9001,4.7738],[100.8971,4.7732]]}},{"type":"Feature","properties":{},"geometry":{"type":"LineString","coordinates":[[100.9312,4.776],[100.9286,4.7747],[100.9261,4.7743],[100.9067,4.7772],[100.904,4.7767]]}},{"type":"Feature","properties":{},"geometry":{"type":"LineString","coordinates":[[100.904,4.7767],[100.9038,4.7766]]}},{"type":"Feature","properties":{},"geometry":{"type":"LineString","coordinates":[[101.5786,3.2067],[101.5849,3.2039]]}},{"type":"Feature","properties":{},"geometry":{"type":"LineString","coordinates":[[101.5786,3.2067],[101.5849,3.2039]]}},{"type":"Feature","properties":{},"geometry":{"type":"LineString","coordinates":[[101.6937,3.1435],[101.6942,3.141],[101.6932,3.1382]]}},{"type":"Feature","properties":{},"geometry":{"type":"LineString","coordinates":[[102.079,2.6178],[102.0831,2.6122]]}},{"type":"Feature","properties":{},"geometry":{"type":"LineString","coordinates":[[102.0787,2.6181],[102.079,2.6178]]}},{"type":"Feature","properties":{},"geometry":{"type":"LineString","coordinates":[[101.6855,3.1698],[101.6868,3.1681],[101.6904,3.1659]]}},{"type":"Feature","properties":{},"geometry":{"type":"LineString","coordinates":[[101.6856,3.1698],[101.6869,3.1681],[101.6904,3.166]]}},{"type":"Feature","properties":{},"geometry":{"type":"LineString","coordinates":[[101.6904,3.166],[101.6912,3.1652]]}},{"type":"Feature","properties":{},"geometry":{"type":"LineString","coordinates":[[101.6904,3.1659],[101.6912,3.1652]]}},{"type":"Feature","properties":{},"geometry":{"type":"LineString","coordinates":[[100.317,6.6602],[100.3184,6.6613]]}},{"type":"Feature","properties":{},"geometry":{"type":"LineString","coordinates":[[100.3683,6.1101],[100.3694,6.1124]]}},{"type":"Feature","properties":{},"geometry":{"type":"LineString","coordinates":[[100.3683,6.1101],[100.3693,6.1124]]}},{"type":"Feature","properties":{},"geometry":{"type":"LineString","coordinates":[[100.3694,6.1124],[100.3699,6.1136]]}},{"type":"Feature","properties":{},"geometry":{"type":"LineString","coordinates":[[100.3693,6.1124],[100.3699,6.1137]]}},{"type":"Feature","properties":{},"geometry":{"type":"LineString","coordinates":[[103.3144,2.0428],[103.3176,2.0319],[103.3205,2.0176]]}},{"type":"Feature","properties":{},"geometry":{"type":"LineString","coordinates":[[103.6523,1.592],[103.6676,1.5785],[103.673,1.5695],[103.6778,1.5673],[103.6864,1.5653],[103.6922,1.5616],[103.6937,1.5594],[103.6952,1.554],[103.7009,1.5438],[103.7026,1.5419],[103.7071,1.5398],[103.7141,1.5403],[103.729,1.5331]]}},{"type":"Feature","properties":{},"geometry":{"type":"LineString","coordinates":[[103.5263,1.7154],[103.5226,1.7176],[103.5207,1.7197],[103.5108,1.735],[103.5095,1.738],[103.5075,1.7481],[103.4996,1.7589],[103.4971,1.7639],[103.4962,1.7669],[103.4923,1.7964],[103.4914,1.7986],[103.4886,1.8019]]}},{"type":"Feature","properties":{},"geometry":{"type":"LineString","coordinates":[[103.4004,1.891],[103.3961,1.8987],[103.3839,1.9099],[103.3782,1.9192],[103.3756,1.9219],[103.3637,1.9299],[103.3457,1.9508],[103.3426,1.9573]]}},{"type":"Feature","properties":{},"geometry":{"type":"LineString","coordinates":[[103.1336,2.2896],[103.119,2.3126],[103.1162,2.3143],[103.106,2.3175],[103.1006,2.3211]]}},{"type":"Feature","properties":{},"geometry":{"type":"LineString","coordinates":[[103.023,2.3811],[103.0164,2.3861],[103.013,2.3908],[103.0101,2.4036],[103.0037,2.4142],[102.9916,2.4388],[102.9786,2.4503],[102.9611,2.4629],[102.9557,2.4659]]}},{"type":"Feature","properties":{},"geometry":{"type":"LineString","coordinates":[[101.6899,3.1364],[101.6905,3.1367]]}},{"type":"Feature","properties":{},"geometry":{"type":"LineString","coordinates":[[101.6905,3.1367],[101.6907,3.1367]]}},{"type":"Feature","properties":{},"geometry":{"type":"LineString","coordinates":[[101.684,3.1331],[101.6862,3.1347]]}},{"type":"Feature","properties":{},"geometry":{"type":"LineString","coordinates":[[101.5231,3.6802],[101.5196,3.6835]]}},{"type":"Feature","properties":{},"geometry":{"type":"LineString","coordinates":[[101.5162,3.6867],[101.5158,3.687]]}},{"type":"Feature","properties":{},"geometry":{"type":"LineString","coordinates":[[103.3002,2.0652],[103.2851,2.0868],[103.2747,2.0967],[103.2702,2.1063],[103.265,2.1125],[103.2634,2.1161],[103.2604,2.1303],[103.2585,2.1338],[103.2547,2.1368],[103.2419,2.1412],[103.2383,2.1434],[103.2285,2.1546],[103.2273,2.1574],[103.225,2.1666],[103.2167,2.1772],[103.2124,2.1802],[103.1981,2.1842],[103.1957,2.1853],[103.1806,2.1999],[103.1718,2.2118]]}},{"type":"Feature","properties":{},"geometry":{"type":"LineString","coordinates":[[101.6785,3.1259],[101.6784,3.1257]]}},{"type":"Feature","properties":{},"geometry":{"type":"LineString","coordinates":[[101.6894,3.1363],[101.6862,3.1348]]}},{"type":"Feature","properties":{},"geometry":{"type":"LineString","coordinates":[[101.6932,3.1382],[101.693,3.138]]}},{"type":"Feature","properties":{},"geometry":{"type":"LineString","coordinates":[[101.5748,3.3181],[101.5748,3.3176]]}},{"type":"Feature","properties":{},"geometry":{"type":"LineString","coordinates":[[101.5749,3.3171],[101.5749,3.3164]]}},{"type":"Feature","properties":{},"geometry":{"type":"LineString","coordinates":[[101.5551,3.2594],[101.5548,3.2536]]}},{"type":"Feature","properties":{},"geometry":{"type":"LineString","coordinates":[[101.5548,3.2533],[101.5551,3.2524]]}},{"type":"Feature","properties":{},"geometry":{"type":"LineString","coordinates":[[101.5849,3.2039],[101.594,3.2006]]}},{"type":"Feature","properties":{},"geometry":{"type":"LineString","coordinates":[[101.6353,3.2048],[101.636,3.204]]}},{"type":"Feature","properties":{},"geometry":{"type":"LineString","coordinates":[[101.6364,3.2036],[101.6399,3.2]]}},{"type":"Feature","properties":{},"geometry":{"type":"LineString","coordinates":[[101.691,3.1368],[101.6917,3.1371]]}},{"type":"Feature","properties":{},"geometry":{"type":"LineString","coordinates":[[101.6912,3.1369],[101.6903,3.1366]]}},{"type":"Feature","properties":{},"geometry":{"type":"LineString","coordinates":[[101.6907,3.1367],[101.691,3.1368]]}},{"type":"Feature","properties":{},"geometry":{"type":"LineString","coordinates":[[101.6903,3.1366],[101.6896,3.1364]]}},{"type":"Feature","properties":{},"geometry":{"type":"LineString","coordinates":[[101.6934,3.1439],[101.6937,3.1435]]}},{"type":"Feature","properties":{},"geometry":{"type":"LineString","coordinates":[[101.6934,3.1439],[101.6937,3.1435]]}},{"type":"Feature","properties":{},"geometry":{"type":"LineString","coordinates":[[101.6364,3.2037],[101.6399,3.2]]}},{"type":"Feature","properties":{},"geometry":{"type":"LineString","coordinates":[[101.6353,3.2048],[101.636,3.2041]]}},{"type":"Feature","properties":{},"geometry":{"type":"LineString","coordinates":[[101.5849,3.2039],[101.5879,3.2024],[101.594,3.2006]]}},{"type":"Feature","properties":{},"geometry":{"type":"LineString","coordinates":[[101.5749,3.3179],[101.5749,3.3164]]}},{"type":"Feature","properties":{},"geometry":{"type":"LineString","coordinates":[[101.5183,3.6847],[101.5163,3.6866]]}},{"type":"Feature","properties":{},"geometry":{"type":"LineString","coordinates":[[101.6851,3.1709],[101.6853,3.1704]]}},{"type":"Feature","properties":{},"geometry":{"type":"LineString","coordinates":[[101.6848,3.1716],[101.685,3.1711]]}},{"type":"Feature","properties":{},"geometry":{"type":"LineString","coordinates":[[101.6853,3.1703],[101.6855,3.1698]]}},{"type":"Feature","properties":{},"geometry":{"type":"LineString","coordinates":[[101.7041,3.0992],[101.7094,3.0946]]}},{"type":"Feature","properties":{},"geometry":{"type":"LineString","coordinates":[[101.7141,3.0265],[101.7182,3.0191]]}},{"type":"Feature","properties":{},"geometry":{"type":"LineString","coordinates":[[101.7182,3.0191],[101.723,3.0146],[101.7277,3.0056],[101.7336,3.0033],[101.7427,2.9945],[101.7483,2.9922],[101.7623,2.9907]]}},{"type":"Feature","properties":{},"geometry":{"type":"LineString","coordinates":[[101.8323,2.7524],[101.8255,2.7543]]}},{"type":"Feature","properties":{},"geometry":{"type":"LineString","coordinates":[[101.9045,2.7256],[101.9015,2.7277],[101.8958,2.735],[101.8935,2.7398],[101.892,2.7409],[101.8899,2.7411],[101.885,2.7387],[101.8818,2.7386],[101.8323,2.7524]]}},{"type":"Feature","properties":{},"geometry":{"type":"LineString","coordinates":[[102.2223,2.4657],[102.2262,2.4635]]}},{"type":"Feature","properties":{},"geometry":{"type":"LineString","coordinates":[[101.7141,3.0266],[101.7172,3.0209]]}},{"type":"Feature","properties":{},"geometry":{"type":"LineString","coordinates":[[101.7172,3.0209],[101.7187,3.0185],[101.723,3.0146],[101.7276,3.0058],[101.7336,3.0034],[101.7427,2.9945],[101.7483,2.9922],[101.7623,2.9907]]}},{"type":"Feature","properties":{},"geometry":{"type":"LineString","coordinates":[[101.7043,3.0991],[101.7097,3.0942]]}},{"type":"Feature","properties":{},"geometry":{"type":"LineString","coordinates":[[101.7042,3.0992],[101.7043,3.0991]]}},{"type":"Feature","properties":{},"geometry":{"type":"LineString","coordinates":[[101.6933,3.1551],[101.6925,3.1539]]}},{"type":"Feature","properties":{},"geometry":{"type":"LineString","coordinates":[[101.6934,3.155],[101.6926,3.1539]]}},{"type":"Feature","properties":{},"geometry":{"type":"LineString","coordinates":[[101.6926,3.1539],[101.692,3.1532]]}},{"type":"Feature","properties":{},"geometry":{"type":"LineString","coordinates":[[101.6925,3.1539],[101.692,3.1532]]}},{"type":"Feature","properties":{},"geometry":{"type":"LineString","coordinates":[[101.6927,3.1377],[101.6924,3.1375]]}},{"type":"Feature","properties":{},"geometry":{"type":"LineString","coordinates":[[101.6922,3.1374],[101.6919,3.1372]]}},{"type":"Feature","properties":{},"geometry":{"type":"LineString","coordinates":[[100.3689,5.3915],[100.3661,5.3936]]}},{"type":"Feature","properties":{},"geometry":{"type":"LineString","coordinates":[[100.3695,5.3911],[100.3689,5.3915]]}},{"type":"Feature","properties":{},"geometry":{"type":"LineString","coordinates":[[100.3705,5.3903],[100.3697,5.391]]}},{"type":"Feature","properties":{},"geometry":{"type":"LineString","coordinates":[[100.3695,5.3911],[100.3706,5.39]]}},{"type":"Feature","properties":{},"geometry":{"type":"LineString","coordinates":[[101.6896,3.1363],[101.6898,3.1364]]}},{"type":"Feature","properties":{},"geometry":{"type":"LineString","coordinates":[[101.6895,3.1363],[101.6896,3.1363]]}},{"type":"Feature","properties":{},"geometry":{"type":"LineString","coordinates":[[101.6896,3.1364],[101.6894,3.1363]]}},{"type":"Feature","properties":{},"geometry":{"type":"LineString","coordinates":[[101.6824,3.1314],[101.6822,3.131]]}},{"type":"Feature","properties":{},"geometry":{"type":"LineString","coordinates":[[101.6819,3.1307],[101.6813,3.1299]]}},{"type":"Feature","properties":{},"geometry":{"type":"LineString","coordinates":[[101.6813,3.1299],[101.6793,3.1273]]}},{"type":"Feature","properties":{},"geometry":{"type":"LineString","coordinates":[[101.6824,3.1314],[101.683,3.1321]]}},{"type":"Feature","properties":{},"geometry":{"type":"LineString","coordinates":[[101.6822,3.131],[101.6819,3.1307]]}},{"type":"Feature","properties":{},"geometry":{"type":"LineString","coordinates":[[101.684,3.1331],[101.683,3.1321]]}},{"type":"Feature","properties":{},"geometry":{"type":"LineString","coordinates":[[101.6862,3.1347],[101.6895,3.1363]]}},{"type":"Feature","properties":{},"geometry":{"type":"LineString","coordinates":[[101.8265,2.8288],[101.8278,2.8356]]}},{"type":"Feature","properties":{},"geometry":{"type":"LineString","coordinates":[[101.8278,2.8356],[101.8281,2.8397],[101.825,2.8438]]}},{"type":"Feature","properties":{},"geometry":{"type":"LineString","coordinates":[[100.4601,5.3618],[100.4607,5.361]]}},{"type":"Feature","properties":{},"geometry":{"type":"LineString","coordinates":[[100.4178,5.3659],[100.4215,5.3645]]}},{"type":"Feature","properties":{},"geometry":{"type":"LineString","coordinates":[[100.4602,5.3616],[100.4661,5.3536],[100.4682,5.3478]]}},{"type":"Feature","properties":{},"geometry":{"type":"LineString","coordinates":[[100.4855,5.4302],[100.4774,5.4177],[100.4731,5.4064],[100.4679,5.3681]]}},{"type":"Feature","properties":{},"geometry":{"type":"LineString","coordinates":[[100.868,4.7748],[100.864,4.7767],[100.8577,4.778]]}},{"type":"Feature","properties":{},"geometry":{"type":"LineString","coordinates":[[100.8681,4.7749],[100.8641,4.7768],[100.8577,4.7781]]}},{"type":"Feature","properties":{},"geometry":{"type":"LineString","coordinates":[[100.4607,5.361],[100.4613,5.3602]]}},{"type":"Feature","properties":{},"geometry":{"type":"LineString","coordinates":[[100.4694,5.3439],[100.47,5.3404],[100.47,5.3301]]}},{"type":"Feature","properties":{},"geometry":{"type":"LineString","coordinates":[[100.4694,5.3439],[100.47,5.3404],[100.4699,5.3301]]}},{"type":"Feature","properties":{},"geometry":{"type":"LineString","coordinates":[[100.4679,5.3486],[100.4682,5.3478]]}},{"type":"Feature","properties":{},"geometry":{"type":"LineString","coordinates":[[101.693,3.138],[101.6927,3.1377]]}},{"type":"Feature","properties":{},"geometry":{"type":"LineString","coordinates":[[101.6924,3.1375],[101.6922,3.1374]]}},{"type":"Feature","properties":{},"geometry":{"type":"LineString","coordinates":[[101.6917,3.1371],[101.6912,3.1369]]}},{"type":"Feature","properties":{},"geometry":{"type":"LineString","coordinates":[[101.6919,3.1372],[101.6917,3.1371]]}},{"type":"Feature","properties":{},"geometry":{"type":"LineString","coordinates":[[101.6898,3.1364],[101.6899,3.1364]]}},{"type":"Feature","properties":{},"geometry":{"type":"LineString","coordinates":[[100.4678,5.367],[100.4678,5.3668]]}},{"type":"Feature","properties":{},"geometry":{"type":"LineString","coordinates":[[100.4678,5.349],[100.4679,5.3486]]}},{"type":"Feature","properties":{},"geometry":{"type":"LineString","coordinates":[[101.0755,4.6032],[101.0754,4.6029]]}},{"type":"Feature","properties":{},"geometry":{"type":"LineString","coordinates":[[101.0745,4.6002],[101.0731,4.5975]]}},{"type":"Feature","properties":{},"geometry":{"type":"LineString","coordinates":[[101.0757,4.6041],[101.0755,4.6032]]}},{"type":"Feature","properties":{},"geometry":{"type":"LineString","coordinates":[[101.0712,4.5923],[101.0712,4.5919]]}},{"type":"Feature","properties":{},"geometry":{"type":"LineString","coordinates":[[101.0712,4.5919],[101.0708,4.5888]]}},{"type":"Feature","properties":{},"geometry":{"type":"LineString","coordinates":[[101.0711,4.5913],[101.0708,4.5888]]}},{"type":"Feature","properties":{},"geometry":{"type":"LineString","coordinates":[[101.6788,3.1197],[101.6792,3.1175]]}},{"type":"Feature","properties":{},"geometry":{"type":"LineString","coordinates":[[101.6786,3.1204],[101.6786,3.1203]]}},{"type":"Feature","properties":{},"geometry":{"type":"LineString","coordinates":[[101.6786,3.1203],[101.6788,3.1197]]}},{"type":"Feature","properties":{},"geometry":{"type":"LineString","coordinates":[[103.134,2.2888],[103.1336,2.2896]]}},{"type":"Feature","properties":{},"geometry":{"type":"LineString","coordinates":[[103.1397,2.2793],[103.134,2.2888]]}},{"type":"Feature","properties":{},"geometry":{"type":"LineString","coordinates":[[101.0731,4.5975],[101.0744,4.6002]]}},{"type":"Feature","properties":{},"geometry":{"type":"LineString","coordinates":[[103.4669,1.8196],[103.4662,1.8198]]}},{"type":"Feature","properties":{},"geometry":{"type":"LineString","coordinates":[[103.6485,1.6026],[103.6479,1.6141],[103.6466,1.6198],[103.6437,1.6241],[103.6398,1.6277]]}},{"type":"Feature","properties":{},"geometry":{"type":"LineString","coordinates":[[103.729,1.5331],[103.7323,1.5314]]}},{"type":"Feature","properties":{},"geometry":{"type":"LineString","coordinates":[[103.7421,1.5149],[103.7569,1.4926],[103.7573,1.4902],[103.7555,1.4845],[103.7551,1.4768],[103.7573,1.4721],[103.761,1.4677]]}},{"type":"Feature","properties":{},"geometry":{"type":"LineString","coordinates":[[101.7141,3.0266],[101.7141,3.0265]]}},{"type":"Feature","properties":{},"geometry":{"type":"LineString","coordinates":[[101.714,3.0267],[101.7141,3.0266]]}},{"type":"Feature","properties":{},"geometry":{"type":"LineString","coordinates":[[101.7139,3.027],[101.7141,3.0267]]}},{"type":"Feature","properties":{},"geometry":{"type":"LineString","coordinates":[[101.7141,3.0267],[101.7141,3.0266]]}},{"type":"Feature","properties":{},"geometry":{"type":"LineString","coordinates":[[101.6937,3.1435],[101.694,3.1424]]}},{"type":"Feature","properties":{},"geometry":{"type":"LineString","coordinates":[[101.694,3.141],[101.6938,3.1404]]}},{"type":"Feature","properties":{},"geometry":{"type":"LineString","coordinates":[[101.6938,3.1404],[101.6933,3.1388]]}},{"type":"Feature","properties":{},"geometry":{"type":"LineString","coordinates":[[101.6399,3.2],[101.6411,3.1987]]}},{"type":"Feature","properties":{},"geometry":{"type":"LineString","coordinates":[[101.6411,3.1987],[101.6413,3.1985]]}},{"type":"Feature","properties":{},"geometry":{"type":"LineString","coordinates":[[101.6399,3.2],[101.6411,3.1987]]}},{"type":"Feature","properties":{},"geometry":{"type":"LineString","coordinates":[[101.6411,3.1987],[101.6413,3.1985]]}},{"type":"Feature","properties":{},"geometry":{"type":"LineString","coordinates":[[101.7988,2.8012],[101.8098,2.8132],[101.814,2.8152],[101.8212,2.8232],[101.8253,2.8262],[101.8265,2.8288]]}},{"type":"Feature","properties":{},"geometry":{"type":"LineString","coordinates":[[101.7987,2.8011],[101.7988,2.8012]]}},{"type":"Feature","properties":{},"geometry":{"type":"LineString","coordinates":[[101.7847,2.9005],[101.7856,2.8976],[101.7902,2.8948]]}},{"type":"Feature","properties":{},"geometry":{"type":"LineString","coordinates":[[101.7848,2.9007],[101.7847,2.9005]]}},{"type":"Feature","properties":{},"geometry":{"type":"LineString","coordinates":[[103.1401,2.2787],[103.1397,2.2793]]}},{"type":"Feature","properties":{},"geometry":{"type":"LineString","coordinates":[[103.3007,2.0645],[103.3002,2.0652]]}},{"type":"Feature","properties":{},"geometry":{"type":"LineString","coordinates":[[103.3144,2.0428],[103.3126,2.0473],[103.3007,2.0645]]}},{"type":"Feature","properties":{},"geometry":{"type":"LineString","coordinates":[[101.953,2.7062],[101.9552,2.7037],[101.9604,2.7006]]}},{"type":"Feature","properties":{},"geometry":{"type":"LineString","coordinates":[[101.9604,2.7006],[101.9615,2.7]]}},{"type":"Feature","properties":{},"geometry":{"type":"LineString","coordinates":[[101.953,2.7062],[101.9551,2.7037],[101.9604,2.7006]]}},{"type":"Feature","properties":{},"geometry":{"type":"LineString","coordinates":[[101.9604,2.7006],[101.9614,2.6999]]}},{"type":"Feature","properties":{},"geometry":{"type":"LineString","coordinates":[[101.5549,3.2534],[101.5551,3.2524]]}},{"type":"Feature","properties":{},"geometry":{"type":"LineString","coordinates":[[101.5555,3.2601],[101.5546,3.257],[101.5548,3.2536]]}},{"type":"Feature","properties":{},"geometry":{"type":"LineString","coordinates":[[103.6518,1.5927],[103.6523,1.592]]}},{"type":"Feature","properties":{},"geometry":{"type":"LineString","coordinates":[[103.6485,1.6019],[103.6494,1.5973],[103.6518,1.5927]]}},{"type":"Feature","properties":{},"geometry":{"type":"LineString","coordinates":[[103.6484,1.6026],[103.6485,1.6019]]}},{"type":"Feature","properties":{},"geometry":{"type":"LineString","coordinates":[[103.6397,1.6277],[103.6437,1.6241],[103.6466,1.6198],[103.6479,1.6141],[103.6484,1.6026]]}},{"type":"Feature","properties":{},"geometry":{"type":"LineString","coordinates":[[103.6159,1.6489],[103.6287,1.6376]]}},{"type":"Feature","properties":{},"geometry":{"type":"LineString","coordinates":[[103.6287,1.6376],[103.6291,1.6372]]}},{"type":"Feature","properties":{},"geometry":{"type":"LineString","coordinates":[[102.079,2.6178],[102.0832,2.6122]]}},{"type":"Feature","properties":{},"geometry":{"type":"LineString","coordinates":[[102.0787,2.6182],[102.079,2.6178]]}},{"type":"Feature","properties":{},"geometry":{"type":"LineString","coordinates":[[101.8255,2.7543],[101.8148,2.7574],[101.8125,2.7588],[101.8095,2.7621]]}},{"type":"Feature","properties":{},"geometry":{"type":"LineString","coordinates":[[101.8095,2.7621],[101.8093,2.7624]]}},{"type":"Feature","properties":{},"geometry":{"type":"LineString","coordinates":[[103.6106,1.6551],[103.6073,1.6591],[103.6041,1.6617],[103.5957,1.6653],[103.5905,1.6691]]}},{"type":"Feature","properties":{},"geometry":{"type":"LineString","coordinates":[[100.728,4.8407],[100.7292,4.8489],[100.7316,4.8524]]}},{"type":"Feature","properties":{},"geometry":{"type":"LineString","coordinates":[[100.7326,4.8534],[100.7342,4.8562],[100.734,4.8592],[100.7316,4.8628],[100.7278,4.866],[100.7267,4.8677]]}},{"type":"Feature","properties":{},"geometry":{"type":"LineString","coordinates":[[100.7281,4.8408],[100.7293,4.8489],[100.7317,4.8524]]}},{"type":"Feature","properties":{},"geometry":{"type":"LineString","coordinates":[[100.7326,4.8534],[100.7342,4.8562],[100.7339,4.8597],[100.7317,4.8629],[100.7279,4.866],[100.7268,4.8677]]}},{"type":"Feature","properties":{},"geometry":{"type":"LineString","coordinates":[[101.5746,3.2099],[101.5766,3.2075],[101.5786,3.2067]]}},{"type":"Feature","properties":{},"geometry":{"type":"LineString","coordinates":[[101.5722,3.2124],[101.5723,3.2123]]}},{"type":"Feature","properties":{},"geometry":{"type":"LineString","coordinates":[[101.5746,3.2099],[101.5766,3.2075],[101.5786,3.2067]]}},{"type":"Feature","properties":{},"geometry":{"type":"LineString","coordinates":[[101.5722,3.2125],[101.5723,3.2123]]}},{"type":"Feature","properties":{},"geometry":{"type":"LineString","coordinates":[[103.1703,2.2138],[103.1514,2.2405],[103.1505,2.2448],[103.1513,2.2532],[103.1501,2.2573]]}},{"type":"Feature","properties":{},"geometry":{"type":"LineString","coordinates":[[102.7368,2.5655],[102.7301,2.5693],[102.7223,2.5768],[102.7198,2.5781],[102.6897,2.5839],[102.6821,2.5833],[102.6758,2.5842],[102.6615,2.5837],[102.6501,2.5854],[102.621,2.5815]]}},{"type":"Feature","properties":{},"geometry":{"type":"LineString","coordinates":[[102.7441,2.5613],[102.7568,2.5537]]}},{"type":"Feature","properties":{},"geometry":{"type":"LineString","coordinates":[[102.7368,2.5654],[102.7441,2.5613]]}},{"type":"Feature","properties":{},"geometry":{"type":"LineString","coordinates":[[102.7368,2.5655],[102.7441,2.5613]]}},{"type":"Feature","properties":{},"geometry":{"type":"LineString","coordinates":[[102.7441,2.5613],[102.7568,2.5537]]}},{"type":"Feature","properties":{},"geometry":{"type":"LineString","coordinates":[[102.7662,2.5466],[102.7691,2.5406],[102.7722,2.5373],[102.7748,2.5356],[102.7823,2.5326]]}},{"type":"Feature","properties":{},"geometry":{"type":"LineString","coordinates":[[102.7662,2.5466],[102.7691,2.5406],[102.7722,2.5373],[102.7748,2.5356],[102.7823,2.5326]]}},{"type":"Feature","properties":{},"geometry":{"type":"LineString","coordinates":[[102.7658,2.5472],[102.7662,2.5466]]}},{"type":"Feature","properties":{},"geometry":{"type":"LineString","coordinates":[[102.7658,2.5471],[102.7662,2.5466]]}},{"type":"Feature","properties":{},"geometry":{"type":"LineString","coordinates":[[102.7618,2.5502],[102.7658,2.5471]]}},{"type":"Feature","properties":{},"geometry":{"type":"LineString","coordinates":[[102.7618,2.5502],[102.7658,2.5472]]}},{"type":"Feature","properties":{},"geometry":{"type":"LineString","coordinates":[[102.7605,2.5512],[102.7618,2.5502]]}},{"type":"Feature","properties":{},"geometry":{"type":"LineString","coordinates":[[102.7605,2.5511],[102.7618,2.5502]]}},{"type":"Feature","properties":{},"geometry":{"type":"LineString","coordinates":[[102.7574,2.5533],[102.7605,2.5511]]}},{"type":"Feature","properties":{},"geometry":{"type":"LineString","coordinates":[[102.7574,2.5533],[102.7605,2.5512]]}},{"type":"Feature","properties":{},"geometry":{"type":"LineString","coordinates":[[102.7568,2.5537],[102.7574,2.5533]]}},{"type":"Feature","properties":{},"geometry":{"type":"LineString","coordinates":[[102.7568,2.5537],[102.7574,2.5533]]}},{"type":"Feature","properties":{},"geometry":{"type":"LineString","coordinates":[[102.7823,2.5326],[102.783,2.5321]]}},{"type":"Feature","properties":{},"geometry":{"type":"LineString","coordinates":[[102.7823,2.5326],[102.783,2.5321]]}},{"type":"Feature","properties":{},"geometry":{"type":"LineString","coordinates":[[102.783,2.5321],[102.7994,2.5181],[102.807,2.5158],[102.8104,2.5101]]}},{"type":"Feature","properties":{},"geometry":{"type":"LineString","coordinates":[[102.783,2.5321],[102.7995,2.5181],[102.807,2.5158],[102.8104,2.5101]]}},{"type":"Feature","properties":{},"geometry":{"type":"LineString","coordinates":[[102.8104,2.5101],[102.8177,2.5038],[102.8421,2.4915]]}},{"type":"Feature","properties":{},"geometry":{"type":"LineString","coordinates":[[102.8421,2.4915],[102.8459,2.4897]]}},{"type":"Feature","properties":{},"geometry":{"type":"LineString","coordinates":[[102.8459,2.4897],[102.8576,2.4882],[102.8663,2.4908]]}},{"type":"Feature","properties":{},"geometry":{"type":"LineString","coordinates":[[102.8663,2.4908],[102.8705,2.4911],[102.8791,2.4899],[102.891,2.4862],[102.895,2.4839],[102.9043,2.476],[102.9076,2.4745],[102.9145,2.4738],[102.9246,2.4715],[102.9317,2.4724],[102.9435,2.4721],[102.9459,2.4713],[102.955,2.4663]]}},{"type":"Feature","properties":{},"geometry":{"type":"LineString","coordinates":[[102.8459,2.4897],[102.8576,2.4881],[102.8664,2.4908]]}},{"type":"Feature","properties":{},"geometry":{"type":"LineString","coordinates":[[102.8421,2.4915],[102.8459,2.4897]]}},{"type":"Feature","properties":{},"geometry":{"type":"LineString","coordinates":[[102.8664,2.4908],[102.8705,2.4911],[102.8791,2.4899],[102.8922,2.4856],[102.895,2.4839],[102.9036,2.4765],[102.9076,2.4744],[102.9145,2.4737],[102.9245,2.4715],[102.9317,2.4724],[102.9435,2.472],[102.9458,2.4713],[102.955,2.4663]]}},{"type":"Feature","properties":{},"geometry":{"type":"LineString","coordinates":[[103.1497,2.258],[103.1401,2.2787]]}},{"type":"Feature","properties":{},"geometry":{"type":"LineString","coordinates":[[103.1501,2.2573],[103.1497,2.258]]}},{"type":"Feature","properties":{},"geometry":{"type":"LineString","coordinates":[[103.1718,2.2118],[103.1714,2.2123]]}},{"type":"Feature","properties":{},"geometry":{"type":"LineString","coordinates":[[103.0268,2.3783],[103.0237,2.3806]]}},{"type":"Feature","properties":{},"geometry":{"type":"LineString","coordinates":[[103.0274,2.3778],[103.0268,2.3783]]}},{"type":"Feature","properties":{},"geometry":{"type":"LineString","coordinates":[[103.0237,2.3806],[103.023,2.3811]]}},{"type":"Feature","properties":{},"geometry":{"type":"LineString","coordinates":[[102.9557,2.4659],[102.955,2.4663]]}},{"type":"Feature","properties":{},"geometry":{"type":"LineString","coordinates":[[102.9557,2.4659],[102.9611,2.4629],[102.9786,2.4504],[102.9916,2.4389],[103.0037,2.4142],[103.0101,2.4036],[103.0131,2.3908],[103.017,2.3856],[103.023,2.3811]]}},{"type":"Feature","properties":{},"geometry":{"type":"LineString","coordinates":[[102.955,2.4663],[102.9557,2.4659]]}},{"type":"Feature","properties":{},"geometry":{"type":"LineString","coordinates":[[103.023,2.3811],[103.0237,2.3806]]}},{"type":"Feature","properties":{},"geometry":{"type":"LineString","coordinates":[[103.0237,2.3806],[103.0268,2.3783]]}},{"type":"Feature","properties":{},"geometry":{"type":"LineString","coordinates":[[103.0274,2.3779],[103.0548,2.3577],[103.0622,2.3483],[103.066,2.3454]]}},{"type":"Feature","properties":{},"geometry":{"type":"LineString","coordinates":[[103.0268,2.3783],[103.0274,2.3779]]}},{"type":"Feature","properties":{},"geometry":{"type":"LineString","coordinates":[[103.066,2.3454],[103.0622,2.3483],[103.0547,2.3577],[103.0274,2.3778]]}},{"type":"Feature","properties":{},"geometry":{"type":"LineString","coordinates":[[103.0666,2.345],[103.0711,2.3418]]}},{"type":"Feature","properties":{},"geometry":{"type":"LineString","coordinates":[[103.066,2.3454],[103.0666,2.345]]}},{"type":"Feature","properties":{},"geometry":{"type":"LineString","coordinates":[[103.0665,2.345],[103.066,2.3454]]}},{"type":"Feature","properties":{},"geometry":{"type":"LineString","coordinates":[[103.0711,2.3418],[103.0665,2.345]]}},{"type":"Feature","properties":{},"geometry":{"type":"LineString","coordinates":[[103.0716,2.3414],[103.0711,2.3418]]}},{"type":"Feature","properties":{},"geometry":{"type":"LineString","coordinates":[[103.0717,2.3414],[103.1001,2.3215]]}},{"type":"Feature","properties":{},"geometry":{"type":"LineString","coordinates":[[103.0711,2.3418],[103.0717,2.3414]]}},{"type":"Feature","properties":{},"geometry":{"type":"LineString","coordinates":[[103.1001,2.3215],[103.0716,2.3414]]}},{"type":"Feature","properties":{},"geometry":{"type":"LineString","coordinates":[[103.1006,2.3211],[103.1001,2.3215]]}},{"type":"Feature","properties":{},"geometry":{"type":"LineString","coordinates":[[103.1001,2.3215],[103.1007,2.3211]]}},{"type":"Feature","properties":{},"geometry":{"type":"LineString","coordinates":[[103.1007,2.3211],[103.1063,2.3175],[103.116,2.3145],[103.119,2.3127],[103.1336,2.2896]]}},{"type":"Feature","properties":{},"geometry":{"type":"LineString","coordinates":[[103.1341,2.2889],[103.1398,2.2793]]}},{"type":"Feature","properties":{},"geometry":{"type":"LineString","coordinates":[[103.1336,2.2896],[103.1341,2.2889]]}},{"type":"Feature","properties":{},"geometry":{"type":"LineString","coordinates":[[103.1501,2.2573],[103.1513,2.2532],[103.1506,2.2448],[103.1515,2.2405],[103.1704,2.2139]]}},{"type":"Feature","properties":{},"geometry":{"type":"LineString","coordinates":[[103.1398,2.2793],[103.1402,2.2787]]}},{"type":"Feature","properties":{},"geometry":{"type":"LineString","coordinates":[[103.1714,2.2123],[103.1704,2.2137]]}},{"type":"Feature","properties":{},"geometry":{"type":"LineString","coordinates":[[103.1705,2.2137],[103.1715,2.2124]]}},{"type":"Feature","properties":{},"geometry":{"type":"LineString","coordinates":[[103.1704,2.2139],[103.1705,2.2137]]}},{"type":"Feature","properties":{},"geometry":{"type":"LineString","coordinates":[[103.1704,2.2137],[103.1703,2.2138]]}},{"type":"Feature","properties":{},"geometry":{"type":"LineString","coordinates":[[103.1402,2.2787],[103.1498,2.2581]]}},{"type":"Feature","properties":{},"geometry":{"type":"LineString","coordinates":[[103.1498,2.2581],[103.1501,2.2573]]}},{"type":"Feature","properties":{},"geometry":{"type":"LineString","coordinates":[[103.1718,2.2118],[103.1806,2.1999],[103.1953,2.1857],[103.1975,2.1844],[103.2125,2.1803],[103.2167,2.1772],[103.225,2.1666],[103.2273,2.1574],[103.2286,2.1547],[103.2384,2.1435],[103.2419,2.1413],[103.2547,2.1369],[103.2585,2.1339],[103.2605,2.1303],[103.2635,2.1162],[103.265,2.1125],[103.2703,2.1063],[103.2747,2.0968],[103.2852,2.0868],[103.3002,2.0652]]}},{"type":"Feature","properties":{},"geometry":{"type":"LineString","coordinates":[[103.1715,2.2124],[103.1718,2.2118]]}},{"type":"Feature","properties":{},"geometry":{"type":"LineString","coordinates":[[103.3007,2.0645],[103.3126,2.0473],[103.3145,2.0428]]}},{"type":"Feature","properties":{},"geometry":{"type":"LineString","coordinates":[[103.3002,2.0652],[103.3007,2.0645]]}},{"type":"Feature","properties":{},"geometry":{"type":"LineString","coordinates":[[103.3145,2.0428],[103.3176,2.0319],[103.3206,2.0176]]}},{"type":"Feature","properties":{},"geometry":{"type":"LineString","coordinates":[[103.3426,1.9574],[103.346,1.9505],[103.3638,1.9299],[103.3757,1.922],[103.3782,1.9192],[103.384,1.91],[103.3961,1.8987],[103.4004,1.891]]}},{"type":"Feature","properties":{},"geometry":{"type":"LineString","coordinates":[[103.4662,1.8198],[103.4586,1.8229],[103.4447,1.8316],[103.4314,1.8416],[103.4197,1.8492],[103.4163,1.8538],[103.4096,1.8724],[103.4052,1.8815]]}},{"type":"Feature","properties":{},"geometry":{"type":"LineString","coordinates":[[103.4053,1.8815],[103.4096,1.8724],[103.4164,1.8539],[103.4198,1.8493],[103.4314,1.8417],[103.4447,1.8316],[103.4587,1.823],[103.4662,1.8199]]}},{"type":"Feature","properties":{},"geometry":{"type":"LineString","coordinates":[[103.4052,1.8815],[103.4004,1.891]]}},{"type":"Feature","properties":{},"geometry":{"type":"LineString","coordinates":[[103.4004,1.891],[103.4053,1.8815]]}},{"type":"Feature","properties":{},"geometry":{"type":"LineString","coordinates":[[101.0751,4.4096],[101.085,4.3917]]}},{"type":"Feature","properties":{},"geometry":{"type":"LineString","coordinates":[[101.0749,4.41],[101.0751,4.4096]]}},{"type":"Feature","properties":{},"geometry":{"type":"LineString","coordinates":[[103.4662,1.8199],[103.4669,1.8197]]}},{"type":"Feature","properties":{},"geometry":{"type":"LineString","coordinates":[[103.4669,1.8197],[103.4717,1.8172],[103.4884,1.8021]]}},{"type":"Feature","properties":{},"geometry":{"type":"LineString","coordinates":[[103.4884,1.8021],[103.4716,1.8172],[103.4669,1.8196]]}},{"type":"Feature","properties":{},"geometry":{"type":"LineString","coordinates":[[103.4886,1.8019],[103.4884,1.8021]]}},{"type":"Feature","properties":{},"geometry":{"type":"LineString","coordinates":[[103.4884,1.8021],[103.4886,1.802]]}},{"type":"Feature","properties":{},"geometry":{"type":"LineString","coordinates":[[103.4886,1.802],[103.4915,1.7986],[103.4924,1.7964],[103.4963,1.7669],[103.4983,1.7613],[103.5075,1.7481],[103.5096,1.738],[103.5109,1.735],[103.5208,1.7197],[103.5227,1.7177],[103.5263,1.7155]]}},{"type":"Feature","properties":{},"geometry":{"type":"LineString","coordinates":[[103.5269,1.7151],[103.5362,1.7099]]}},{"type":"Feature","properties":{},"geometry":{"type":"LineString","coordinates":[[103.5523,1.6984],[103.5604,1.6913],[103.5712,1.6849],[103.59,1.6695]]}},{"type":"Feature","properties":{},"geometry":{"type":"LineString","coordinates":[[103.5269,1.7151],[103.5263,1.7154]]}},{"type":"Feature","properties":{},"geometry":{"type":"LineString","coordinates":[[103.5263,1.7155],[103.5269,1.7151]]}},{"type":"Feature","properties":{},"geometry":{"type":"LineString","coordinates":[[103.5362,1.7099],[103.5371,1.7094]]}},{"type":"Feature","properties":{},"geometry":{"type":"LineString","coordinates":[[103.5361,1.7099],[103.5269,1.7151]]}},{"type":"Feature","properties":{},"geometry":{"type":"LineString","coordinates":[[103.5371,1.7094],[103.5361,1.7099]]}},{"type":"Feature","properties":{},"geometry":{"type":"LineString","coordinates":[[103.5371,1.7094],[103.5448,1.705],[103.5517,1.6989]]}},{"type":"Feature","properties":{},"geometry":{"type":"LineString","coordinates":[[103.5517,1.6989],[103.5523,1.6984]]}},{"type":"Feature","properties":{},"geometry":{"type":"LineString","coordinates":[[103.5517,1.6989],[103.5448,1.7049],[103.5371,1.7094]]}},{"type":"Feature","properties":{},"geometry":{"type":"LineString","coordinates":[[103.5522,1.6984],[103.5517,1.6989]]}},{"type":"Feature","properties":{},"geometry":{"type":"LineString","coordinates":[[103.5522,1.6984],[103.5604,1.6913],[103.5715,1.6846],[103.59,1.6695]]}},{"type":"Feature","properties":{},"geometry":{"type":"LineString","coordinates":[[103.5905,1.6691],[103.5956,1.6652],[103.6041,1.6617],[103.6072,1.6591],[103.6105,1.6551]]}},{"type":"Feature","properties":{},"geometry":{"type":"LineString","coordinates":[[103.59,1.6695],[103.5905,1.6691]]}},{"type":"Feature","properties":{},"geometry":{"type":"LineString","coordinates":[[103.5905,1.6691],[103.59,1.6695]]}},{"type":"Feature","properties":{},"geometry":{"type":"LineString","coordinates":[[103.6109,1.6545],[103.6155,1.6492]]}},{"type":"Feature","properties":{},"geometry":{"type":"LineString","coordinates":[[103.6105,1.6551],[103.6109,1.6545]]}},{"type":"Feature","properties":{},"geometry":{"type":"LineString","coordinates":[[103.6109,1.6546],[103.6106,1.6551]]}},{"type":"Feature","properties":{},"geometry":{"type":"LineString","coordinates":[[103.6155,1.6493],[103.6109,1.6546]]}},{"type":"Feature","properties":{},"geometry":{"type":"LineString","coordinates":[[103.6159,1.6489],[103.6155,1.6493]]}},{"type":"Feature","properties":{},"geometry":{"type":"LineString","coordinates":[[103.6155,1.6492],[103.6159,1.6489]]}},{"type":"Feature","properties":{},"geometry":{"type":"LineString","coordinates":[[103.6287,1.6377],[103.6159,1.6489]]}},{"type":"Feature","properties":{},"geometry":{"type":"LineString","coordinates":[[103.6291,1.6373],[103.6287,1.6377]]}},{"type":"Feature","properties":{},"geometry":{"type":"LineString","coordinates":[[103.6291,1.6372],[103.6359,1.6311]]}},{"type":"Feature","properties":{},"geometry":{"type":"LineString","coordinates":[[103.6359,1.6312],[103.6291,1.6373]]}},{"type":"Feature","properties":{},"geometry":{"type":"LineString","coordinates":[[103.6362,1.6309],[103.6359,1.6312]]}},{"type":"Feature","properties":{},"geometry":{"type":"LineString","coordinates":[[103.6362,1.6309],[103.6396,1.6279]]}},{"type":"Feature","properties":{},"geometry":{"type":"LineString","coordinates":[[103.6359,1.6311],[103.6362,1.6309]]}},{"type":"Feature","properties":{},"geometry":{"type":"LineString","coordinates":[[103.6396,1.6279],[103.6362,1.6309]]}},{"type":"Feature","properties":{},"geometry":{"type":"LineString","coordinates":[[103.6398,1.6277],[103.6396,1.6279]]}},{"type":"Feature","properties":{},"geometry":{"type":"LineString","coordinates":[[103.6396,1.6279],[103.6397,1.6277]]}},{"type":"Feature","properties":{},"geometry":{"type":"LineString","coordinates":[[103.6518,1.5928],[103.6494,1.5973],[103.6485,1.602]]}},{"type":"Feature","properties":{},"geometry":{"type":"LineString","coordinates":[[103.6485,1.602],[103.6485,1.6026]]}},{"type":"Feature","properties":{},"geometry":{"type":"LineString","coordinates":[[103.6524,1.592],[103.6518,1.5928]]}},{"type":"Feature","properties":{},"geometry":{"type":"LineString","coordinates":[[103.729,1.5331],[103.7141,1.5403],[103.7069,1.5398],[103.7022,1.5422],[103.6953,1.554],[103.6938,1.5594],[103.6922,1.5616],[103.6864,1.5653],[103.6778,1.5673],[103.673,1.5695],[103.6677,1.5785],[103.6524,1.592]]}},{"type":"Feature","properties":{},"geometry":{"type":"LineString","coordinates":[[103.7419,1.5159],[103.7405,1.5192],[103.7362,1.5244],[103.7339,1.5297],[103.7324,1.5314]]}},{"type":"Feature","properties":{},"geometry":{"type":"LineString","coordinates":[[103.7422,1.5149],[103.7419,1.5159]]}},{"type":"Feature","properties":{},"geometry":{"type":"LineString","coordinates":[[103.7323,1.5314],[103.7339,1.5297],[103.736,1.5246],[103.7404,1.5192],[103.7418,1.5159]]}},{"type":"Feature","properties":{},"geometry":{"type":"LineString","coordinates":[[103.7418,1.5159],[103.7421,1.5149]]}},{"type":"Feature","properties":{},"geometry":{"type":"LineString","coordinates":[[103.7608,1.4679],[103.7574,1.4721],[103.7551,1.4768],[103.7555,1.4843],[103.7573,1.4902],[103.7569,1.4926],[103.7422,1.5149]]}},{"type":"Feature","properties":{},"geometry":{"type":"LineString","coordinates":[[103.7324,1.5314],[103.729,1.5331]]}},{"type":"Feature","properties":{},"geometry":{"type":"LineString","coordinates":[[101.7097,3.0942],[101.7111,3.0871],[101.7122,3.0861],[101.7146,3.0854],[101.7157,3.084],[101.715,3.0796]]}},{"type":"Feature","properties":{},"geometry":{"type":"LineString","coordinates":[[101.715,3.0796],[101.7149,3.0795]]}},{"type":"Feature","properties":{},"geometry":{"type":"LineString","coordinates":[[101.7149,3.0795],[101.7115,3.0768]]}},{"type":"Feature","properties":{},"geometry":{"type":"LineString","coordinates":[[101.7149,3.0796],[101.7149,3.0795]]}},{"type":"Feature","properties":{},"geometry":{"type":"LineString","coordinates":[[101.1074,4.6353],[101.1172,4.6489]]}},{"type":"Feature","properties":{},"geometry":{"type":"LineString","coordinates":[[101.1072,4.6351],[101.1074,4.6353]]}},{"type":"Feature","properties":{},"geometry":{"type":"LineString","coordinates":[[101.1172,4.6489],[101.1074,4.6353]]}},{"type":"Feature","properties":{},"geometry":{"type":"LineString","coordinates":[[101.1074,4.6353],[101.1072,4.6351]]}},{"type":"Feature","properties":{},"geometry":{"type":"LineString","coordinates":[[102.1673,2.5201],[102.169,2.516]]}},{"type":"Feature","properties":{},"geometry":{"type":"LineString","coordinates":[[102.1659,2.5238],[102.166,2.5234]]}},{"type":"Feature","properties":{},"geometry":{"type":"LineString","coordinates":[[102.1673,2.5201],[102.169,2.516]]}},{"type":"Feature","properties":{},"geometry":{"type":"LineString","coordinates":[[102.1658,2.5238],[102.166,2.5234]]}},{"type":"Feature","properties":{},"geometry":{"type":"LineString","coordinates":[[102.1731,2.5059],[102.1732,2.5056]]}},{"type":"Feature","properties":{},"geometry":{"type":"LineString","coordinates":[[102.1691,2.5158],[102.1731,2.5059]]}},{"type":"Feature","properties":{},"geometry":{"type":"LineString","coordinates":[[102.1731,2.5059],[102.1732,2.5056]]}},{"type":"Feature","properties":{},"geometry":{"type":"LineString","coordinates":[[102.1691,2.5157],[102.1731,2.5059]]}},{"type":"Feature","properties":{},"geometry":{"type":"LineString","coordinates":[[102.1482,2.5404],[102.1484,2.5402]]}},{"type":"Feature","properties":{},"geometry":{"type":"LineString","coordinates":[[102.1313,2.5544],[102.1482,2.5404]]}},{"type":"Feature","properties":{},"geometry":{"type":"LineString","coordinates":[[102.1482,2.5404],[102.1484,2.5402]]}},{"type":"Feature","properties":{},"geometry":{"type":"LineString","coordinates":[[102.1313,2.5545],[102.1482,2.5404]]}},{"type":"Feature","properties":{},"geometry":{"type":"LineString","coordinates":[[102.131,2.5548],[102.1313,2.5545]]}},{"type":"Feature","properties":{},"geometry":{"type":"LineString","coordinates":[[102.1056,2.5747],[102.1081,2.5706],[102.1103,2.5685],[102.127,2.5582],[102.131,2.5548]]}},{"type":"Feature","properties":{},"geometry":{"type":"LineString","coordinates":[[102.1309,2.5547],[102.1313,2.5544]]}},{"type":"Feature","properties":{},"geometry":{"type":"LineString","coordinates":[[102.1056,2.5747],[102.1081,2.5706],[102.1102,2.5684],[102.1269,2.5582],[102.1309,2.5547]]}},{"type":"Feature","properties":{},"geometry":{"type":"LineString","coordinates":[[102.1673,2.5204],[102.1673,2.5201]]}},{"type":"Feature","properties":{},"geometry":{"type":"LineString","coordinates":[[102.166,2.5234],[102.1673,2.5204]]}},{"type":"Feature","properties":{},"geometry":{"type":"LineString","coordinates":[[102.1672,2.5204],[102.1673,2.5201]]}},{"type":"Feature","properties":{},"geometry":{"type":"LineString","coordinates":[[102.166,2.5234],[102.1672,2.5204]]}},{"type":"Feature","properties":{},"geometry":{"type":"LineString","coordinates":[[101.6834,3.1736],[101.6848,3.1716]]}},{"type":"Feature","properties":{},"geometry":{"type":"LineString","coordinates":[[101.6834,3.1735],[101.6853,3.1705]]}},{"type":"Feature","properties":{},"geometry":{"type":"LineString","coordinates":[[101.6197,3.2083],[101.6291,3.2086]]}},{"type":"Feature","properties":{},"geometry":{"type":"LineString","coordinates":[[101.6197,3.2083],[101.6291,3.2086]]}},{"type":"Feature","properties":{},"geometry":{"type":"LineString","coordinates":[[101.6163,3.2065],[101.618,3.2079],[101.6197,3.2083]]}},{"type":"Feature","properties":{},"geometry":{"type":"LineString","coordinates":[[101.6163,3.2065],[101.618,3.2079],[101.6197,3.2083]]}},{"type":"Feature","properties":{},"geometry":{"type":"LineString","coordinates":[[101.594,3.2006],[101.6006,3.2011],[101.603,3.2004]]}},{"type":"Feature","properties":{},"geometry":{"type":"LineString","coordinates":[[101.594,3.2006],[101.6006,3.2011],[101.603,3.2004]]}},{"type":"Feature","properties":{},"geometry":{"type":"LineString","coordinates":[[101.5723,3.2123],[101.5746,3.2099]]}},{"type":"Feature","properties":{},"geometry":{"type":"LineString","coordinates":[[101.5723,3.2123],[101.5746,3.2099]]}},{"type":"Feature","properties":{},"geometry":{"type":"LineString","coordinates":[[101.5551,3.2524],[101.56,3.245],[101.5605,3.2426]]}},{"type":"Feature","properties":{},"geometry":{"type":"LineString","coordinates":[[101.5551,3.2524],[101.56,3.245],[101.5605,3.2426]]}},{"type":"Feature","properties":{},"geometry":{"type":"LineString","coordinates":[[101.5579,3.2642],[101.5555,3.2601]]}},{"type":"Feature","properties":{},"geometry":{"type":"LineString","coordinates":[[101.5579,3.2643],[101.5551,3.2594]]}},{"type":"Feature","properties":{},"geometry":{"type":"LineString","coordinates":[[101.5708,3.3258],[101.5724,3.3236]]}},{"type":"Feature","properties":{},"geometry":{"type":"LineString","coordinates":[[101.5707,3.3258],[101.5719,3.3242]]}},{"type":"Feature","properties":{},"geometry":{"type":"LineString","coordinates":[[101.5727,3.3389],[101.5725,3.3363],[101.5711,3.3336]]}},{"type":"Feature","properties":{},"geometry":{"type":"LineString","coordinates":[[101.5727,3.3389],[101.5725,3.3363],[101.5711,3.3337]]}},{"type":"Feature","properties":{},"geometry":{"type":"LineString","coordinates":[[101.5715,3.3557],[101.5727,3.3394]]}},{"type":"Feature","properties":{},"geometry":{"type":"LineString","coordinates":[[101.5715,3.3557],[101.5726,3.3394]]}},{"type":"Feature","properties":{},"geometry":{"type":"LineString","coordinates":[[101.5848,3.3628],[101.5776,3.3633],[101.575,3.3626],[101.572,3.3594],[101.5715,3.3557]]}},{"type":"Feature","properties":{},"geometry":{"type":"LineString","coordinates":[[101.5848,3.3628],[101.578,3.3633],[101.575,3.3626],[101.572,3.3594],[101.5715,3.3557]]}},{"type":"Feature","properties":{},"geometry":{"type":"LineString","coordinates":[[101.6386,3.4592],[101.6399,3.4531],[101.6373,3.4395],[101.6359,3.4369],[101.6269,3.4255]]}},{"type":"Feature","properties":{},"geometry":{"type":"LineString","coordinates":[[101.6257,3.4171],[101.6271,3.4135],[101.6281,3.4073],[101.6283,3.3953],[101.6277,3.3915],[101.6252,3.3868],[101.6149,3.3765]]}},{"type":"Feature","properties":{},"geometry":{"type":"LineString","coordinates":[[101.614,3.3756],[101.6065,3.3688]]}},{"type":"Feature","properties":{},"geometry":{"type":"LineString","coordinates":[[101.6149,3.3765],[101.614,3.3756]]}},{"type":"Feature","properties":{},"geometry":{"type":"LineString","coordinates":[[101.6269,3.4254],[101.6248,3.4214],[101.6257,3.4171]]}},{"type":"Feature","properties":{},"geometry":{"type":"LineString","coordinates":[[101.6269,3.4255],[101.6248,3.4214],[101.6256,3.417]]}},{"type":"Feature","properties":{},"geometry":{"type":"LineString","coordinates":[[101.6379,3.4691],[101.6376,3.4677]]}},{"type":"Feature","properties":{},"geometry":{"type":"LineString","coordinates":[[101.638,3.4697],[101.6379,3.4691]]}},{"type":"Feature","properties":{},"geometry":{"type":"LineString","coordinates":[[101.6333,3.5067],[101.6341,3.5009]]}},{"type":"Feature","properties":{},"geometry":{"type":"LineString","coordinates":[[101.6332,3.5067],[101.6341,3.5009]]}},{"type":"Feature","properties":{},"geometry":{"type":"LineString","coordinates":[[101.6341,3.5009],[101.6343,3.4996]]}},{"type":"Feature","properties":{},"geometry":{"type":"LineString","coordinates":[[101.6341,3.5009],[101.6343,3.4996]]}},{"type":"Feature","properties":{},"geometry":{"type":"LineString","coordinates":[[101.6327,3.51],[101.6331,3.5074]]}},{"type":"Feature","properties":{},"geometry":{"type":"LineString","coordinates":[[101.6328,3.51],[101.6332,3.5074]]}},{"type":"Feature","properties":{},"geometry":{"type":"LineString","coordinates":[[101.6135,3.5774],[101.6137,3.5751]]}},{"type":"Feature","properties":{},"geometry":{"type":"LineString","coordinates":[[101.6134,3.5774],[101.6137,3.5751]]}},{"type":"Feature","properties":{},"geometry":{"type":"LineString","coordinates":[[101.6395,3.5525],[101.6395,3.5482],[101.6364,3.5431],[101.6348,3.5373]]}},{"type":"Feature","properties":{},"geometry":{"type":"LineString","coordinates":[[101.6396,3.5525],[101.6395,3.5482],[101.6367,3.5438],[101.6348,3.5373]]}},{"type":"Feature","properties":{},"geometry":{"type":"LineString","coordinates":[[101.6394,3.5539],[101.6396,3.5525]]}},{"type":"Feature","properties":{},"geometry":{"type":"LineString","coordinates":[[101.6394,3.5539],[101.6395,3.5525]]}},{"type":"Feature","properties":{},"geometry":{"type":"LineString","coordinates":[[101.6038,3.5958],[101.608,3.5898]]}},{"type":"Feature","properties":{},"geometry":{"type":"LineString","coordinates":[[101.6038,3.5959],[101.608,3.5898]]}},{"type":"Feature","properties":{},"geometry":{"type":"LineString","coordinates":[[101.5982,3.5994],[101.6014,3.5984],[101.6038,3.5958]]}},{"type":"Feature","properties":{},"geometry":{"type":"LineString","coordinates":[[101.5982,3.5994],[101.6013,3.5984],[101.6038,3.5959]]}},{"type":"Feature","properties":{},"geometry":{"type":"LineString","coordinates":[[101.454,3.74],[101.4554,3.7373],[101.4562,3.7312],[101.4578,3.729],[101.4596,3.7278]]}},{"type":"Feature","properties":{},"geometry":{"type":"LineString","coordinates":[[101.5162,3.6867],[101.5163,3.6866]]}},{"type":"Feature","properties":{},"geometry":{"type":"LineString","coordinates":[[101.5163,3.6866],[101.5162,3.6867]]}},{"type":"Feature","properties":{},"geometry":{"type":"LineString","coordinates":[[101.5183,3.6848],[101.5196,3.6835]]}},{"type":"Feature","properties":{},"geometry":{"type":"LineString","coordinates":[[101.5196,3.6835],[101.5183,3.6847]]}},{"type":"Feature","properties":{},"geometry":{"type":"LineString","coordinates":[[101.4456,3.7505],[101.4494,3.7458]]}},{"type":"Feature","properties":{},"geometry":{"type":"LineString","coordinates":[[101.4456,3.7505],[101.4494,3.7459]]}},{"type":"Feature","properties":{},"geometry":{"type":"LineString","coordinates":[[101.302,4.0055],[101.3057,4.0006]]}},{"type":"Feature","properties":{},"geometry":{"type":"LineString","coordinates":[[101.3019,4.0055],[101.3057,4.0006]]}},{"type":"Feature","properties":{},"geometry":{"type":"LineString","coordinates":[[101.4502,3.7448],[101.454,3.74]]}},{"type":"Feature","properties":{},"geometry":{"type":"LineString","coordinates":[[101.4503,3.7448],[101.4541,3.7401]]}},{"type":"Feature","properties":{},"geometry":{"type":"LineString","coordinates":[[101.4494,3.7459],[101.4503,3.7448]]}},{"type":"Feature","properties":{},"geometry":{"type":"LineString","coordinates":[[101.4494,3.7458],[101.4502,3.7448]]}},{"type":"Feature","properties":{},"geometry":{"type":"LineString","coordinates":[[101.4027,3.8262],[101.4056,3.8227]]}},{"type":"Feature","properties":{},"geometry":{"type":"LineString","coordinates":[[101.4027,3.8262],[101.4055,3.8226]]}},{"type":"Feature","properties":{},"geometry":{"type":"LineString","coordinates":[[101.402,3.8274],[101.4027,3.8262]]}},{"type":"Feature","properties":{},"geometry":{"type":"LineString","coordinates":[[101.4019,3.8274],[101.4027,3.8262]]}},{"type":"Feature","properties":{},"geometry":{"type":"LineString","coordinates":[[101.3011,4.0065],[101.302,4.0055]]}},{"type":"Feature","properties":{},"geometry":{"type":"LineString","coordinates":[[101.301,4.0065],[101.3019,4.0055]]}},{"type":"Feature","properties":{},"geometry":{"type":"LineString","coordinates":[[101.2814,4.0585],[101.2842,4.051],[101.285,4.0468]]}},{"type":"Feature","properties":{},"geometry":{"type":"LineString","coordinates":[[101.2814,4.0586],[101.2845,4.0503],[101.2851,4.0468]]}},{"type":"Feature","properties":{},"geometry":{"type":"LineString","coordinates":[[101.2812,4.0591],[101.2814,4.0586]]}},{"type":"Feature","properties":{},"geometry":{"type":"LineString","coordinates":[[101.2811,4.0591],[101.2814,4.0585]]}},{"type":"Feature","properties":{},"geometry":{"type":"LineString","coordinates":[[101.2491,4.1125],[101.2519,4.1104],[101.2612,4.1063],[101.2646,4.1042],[101.2671,4.1017],[101.2689,4.098]]}},{"type":"Feature","properties":{},"geometry":{"type":"LineString","coordinates":[[101.2491,4.1126],[101.2519,4.1104],[101.2612,4.1064],[101.2646,4.1042],[101.2674,4.1013],[101.2689,4.098]]}},{"type":"Feature","properties":{},"geometry":{"type":"LineString","coordinates":[[101.1881,4.1813],[101.1894,4.1788],[101.1895,4.1758]]}},{"type":"Feature","properties":{},"geometry":{"type":"LineString","coordinates":[[101.1882,4.1813],[101.1895,4.1788],[101.1895,4.1758]]}},{"type":"Feature","properties":{},"geometry":{"type":"LineString","coordinates":[[101.189,4.1712],[101.1887,4.1696]]}},{"type":"Feature","properties":{},"geometry":{"type":"LineString","coordinates":[[101.1895,4.1758],[101.1889,4.1712]]}},{"type":"Feature","properties":{},"geometry":{"type":"LineString","coordinates":[[101.1858,4.1858],[101.1876,4.1821]]}},{"type":"Feature","properties":{},"geometry":{"type":"LineString","coordinates":[[101.1858,4.1858],[101.1876,4.182]]}},{"type":"Feature","properties":{},"geometry":{"type":"LineString","coordinates":[[101.1692,4.2641],[101.1752,4.2512],[101.1772,4.2311]]}},{"type":"Feature","properties":{},"geometry":{"type":"LineString","coordinates":[[101.1692,4.2641],[101.1752,4.2512],[101.1772,4.2311]]}},{"type":"Feature","properties":{},"geometry":{"type":"LineString","coordinates":[[101.1642,4.2823],[101.1648,4.2795],[101.1684,4.2736],[101.1685,4.2667],[101.1692,4.2641]]}},{"type":"Feature","properties":{},"geometry":{"type":"LineString","coordinates":[[101.1642,4.2823],[101.1647,4.2795],[101.1683,4.2736],[101.1685,4.2667],[101.1692,4.2641]]}},{"type":"Feature","properties":{},"geometry":{"type":"LineString","coordinates":[[101.154,4.3023],[101.1581,4.2991],[101.1603,4.2961],[101.1635,4.2881],[101.1642,4.2823]]}},{"type":"Feature","properties":{},"geometry":{"type":"LineString","coordinates":[[101.154,4.3023],[101.1581,4.2991],[101.1603,4.2961],[101.1636,4.2881],[101.1642,4.2823]]}},{"type":"Feature","properties":{},"geometry":{"type":"LineString","coordinates":[[101.1529,4.3031],[101.154,4.3023]]}},{"type":"Feature","properties":{},"geometry":{"type":"LineString","coordinates":[[101.1529,4.3032],[101.154,4.3023]]}},{"type":"Feature","properties":{},"geometry":{"type":"LineString","coordinates":[[101.0437,4.4696],[101.0448,4.4679]]}},{"type":"Feature","properties":{},"geometry":{"type":"LineString","coordinates":[[101.0438,4.4696],[101.0449,4.4679]]}},{"type":"Feature","properties":{},"geometry":{"type":"LineString","coordinates":[[101.0454,4.4671],[101.0491,4.4605]]}},{"type":"Feature","properties":{},"geometry":{"type":"LineString","coordinates":[[101.0453,4.467],[101.049,4.4605]]}},{"type":"Feature","properties":{},"geometry":{"type":"LineString","coordinates":[[101.049,4.4605],[101.0496,4.4593]]}},{"type":"Feature","properties":{},"geometry":{"type":"LineString","coordinates":[[101.0491,4.4605],[101.0496,4.4593]]}},{"type":"Feature","properties":{},"geometry":{"type":"LineString","coordinates":[[101.0422,4.482],[101.042,4.4776],[101.0438,4.4696]]}},{"type":"Feature","properties":{},"geometry":{"type":"LineString","coordinates":[[101.0422,4.482],[101.0419,4.4776],[101.0428,4.4719],[101.0437,4.4696]]}},{"type":"Feature","properties":{},"geometry":{"type":"LineString","coordinates":[[101.0689,4.5837],[101.067,4.5802]]}},{"type":"Feature","properties":{},"geometry":{"type":"LineString","coordinates":[[101.069,4.5837],[101.067,4.5802]]}},{"type":"Feature","properties":{},"geometry":{"type":"LineString","coordinates":[[101.0723,4.5961],[101.0731,4.5975]]}},{"type":"Feature","properties":{},"geometry":{"type":"LineString","coordinates":[[101.0731,4.5975],[101.0724,4.5961]]}},{"type":"Feature","properties":{},"geometry":{"type":"LineString","coordinates":[[101.0744,4.6002],[101.0754,4.6029]]}},{"type":"Feature","properties":{},"geometry":{"type":"LineString","coordinates":[[101.0754,4.6029],[101.0745,4.6002]]}},{"type":"Feature","properties":{},"geometry":{"type":"LineString","coordinates":[[101.0926,4.6151],[101.0906,4.6116],[101.0887,4.6102],[101.0862,4.6099],[101.0818,4.6107],[101.0786,4.6091],[101.0766,4.607],[101.0755,4.6032]]}},{"type":"Feature","properties":{},"geometry":{"type":"LineString","coordinates":[[101.0757,4.6041],[101.077,4.6077],[101.0798,4.61],[101.0823,4.6107],[101.0863,4.6099],[101.0884,4.6102],[101.0905,4.6115],[101.0926,4.6151]]}},{"type":"Feature","properties":{},"geometry":{"type":"LineString","coordinates":[[100.9427,4.8027],[100.939,4.7986],[100.9369,4.7942],[100.9352,4.7856],[100.9352,4.7809]]}},{"type":"Feature","properties":{},"geometry":{"type":"LineString","coordinates":[[101.0714,4.8185],[101.073,4.8174]]}},{"type":"Feature","properties":{},"geometry":{"type":"LineString","coordinates":[[101.0711,4.8187],[101.0714,4.8185]]}},{"type":"Feature","properties":{},"geometry":{"type":"LineString","coordinates":[[101.073,4.8175],[101.0714,4.8185]]}},{"type":"Feature","properties":{},"geometry":{"type":"LineString","coordinates":[[101.0714,4.8185],[101.0711,4.8187]]}},{"type":"Feature","properties":{},"geometry":{"type":"LineString","coordinates":[[101.1201,4.6526],[101.1174,4.649]]}},{"type":"Feature","properties":{},"geometry":{"type":"LineString","coordinates":[[101.1173,4.6491],[101.1201,4.6527]]}},{"type":"Feature","properties":{},"geometry":{"type":"LineString","coordinates":[[101.1204,4.6529],[101.1201,4.6526]]}},{"type":"Feature","properties":{},"geometry":{"type":"LineString","coordinates":[[101.1201,4.6527],[101.1203,4.653]]}},{"type":"Feature","properties":{},"geometry":{"type":"LineString","coordinates":[[100.9352,4.7809],[100.9345,4.7781],[100.9327,4.7767]]}},{"type":"Feature","properties":{},"geometry":{"type":"LineString","coordinates":[[100.9352,4.7809],[100.9348,4.7785],[100.9327,4.7767]]}},{"type":"Feature","properties":{},"geometry":{"type":"LineString","coordinates":[[100.9325,4.7765],[100.9312,4.776]]}},{"type":"Feature","properties":{},"geometry":{"type":"LineString","coordinates":[[100.9325,4.7766],[100.9312,4.776]]}},{"type":"Feature","properties":{},"geometry":{"type":"LineString","coordinates":[[100.9327,4.7767],[100.9325,4.7766]]}},{"type":"Feature","properties":{},"geometry":{"type":"LineString","coordinates":[[100.9327,4.7767],[100.9325,4.7765]]}},{"type":"Feature","properties":{},"geometry":{"type":"LineString","coordinates":[[100.8971,4.7732],[100.8916,4.7728]]}},{"type":"Feature","properties":{},"geometry":{"type":"LineString","coordinates":[[100.7303,4.8338],[100.7282,4.8368],[100.728,4.84]]}},{"type":"Feature","properties":{},"geometry":{"type":"LineString","coordinates":[[100.7302,4.8338],[100.7281,4.8367],[100.7279,4.84]]}},{"type":"Feature","properties":{},"geometry":{"type":"LineString","coordinates":[[100.8574,4.7781],[100.8545,4.7787]]}},{"type":"Feature","properties":{},"geometry":{"type":"LineString","coordinates":[[100.8545,4.7787],[100.8543,4.7787]]}},{"type":"Feature","properties":{},"geometry":{"type":"LineString","coordinates":[[100.8574,4.7781],[100.8544,4.7787]]}},{"type":"Feature","properties":{},"geometry":{"type":"LineString","coordinates":[[100.8544,4.7787],[100.8543,4.7787]]}},{"type":"Feature","properties":{},"geometry":{"type":"LineString","coordinates":[[100.8577,4.778],[100.8575,4.7781]]}},{"type":"Feature","properties":{},"geometry":{"type":"LineString","coordinates":[[100.8577,4.7781],[100.8575,4.7781]]}},{"type":"Feature","properties":{},"geometry":{"type":"LineString","coordinates":[[100.8575,4.7781],[100.8574,4.7781]]}},{"type":"Feature","properties":{},"geometry":{"type":"LineString","coordinates":[[100.8575,4.7781],[100.8574,4.7781]]}},{"type":"Feature","properties":{},"geometry":{"type":"LineString","coordinates":[[100.7316,4.8524],[100.7326,4.8534]]}},{"type":"Feature","properties":{},"geometry":{"type":"LineString","coordinates":[[100.7317,4.8524],[100.7326,4.8534]]}},{"type":"Feature","properties":{},"geometry":{"type":"LineString","coordinates":[[100.6616,5.0391],[100.6563,5.0399]]}},{"type":"Feature","properties":{},"geometry":{"type":"LineString","coordinates":[[100.6616,5.0391],[100.6563,5.04]]}},{"type":"Feature","properties":{},"geometry":{"type":"LineString","coordinates":[[100.4936,5.0945],[100.4957,5.0883]]}},{"type":"Feature","properties":{},"geometry":{"type":"LineString","coordinates":[[100.4957,5.0883],[100.4937,5.0946]]}},{"type":"Feature","properties":{},"geometry":{"type":"LineString","coordinates":[[100.5275,5.0283],[100.5273,5.0286]]}},{"type":"Feature","properties":{},"geometry":{"type":"LineString","coordinates":[[100.5273,5.0286],[100.5274,5.0283]]}},{"type":"Feature","properties":{},"geometry":{"type":"LineString","coordinates":[[100.4921,5.102],[100.4893,5.1157]]}},{"type":"Feature","properties":{},"geometry":{"type":"LineString","coordinates":[[100.4893,5.1157],[100.4863,5.1303]]}},{"type":"Feature","properties":{},"geometry":{"type":"LineString","coordinates":[[100.4862,5.1303],[100.4893,5.1157]]}},{"type":"Feature","properties":{},"geometry":{"type":"LineString","coordinates":[[100.4811,5.1527],[100.4801,5.1562],[100.4799,5.1605]]}},{"type":"Feature","properties":{},"geometry":{"type":"LineString","coordinates":[[100.4861,5.1307],[100.4862,5.1303]]}},{"type":"Feature","properties":{},"geometry":{"type":"LineString","coordinates":[[100.4863,5.1303],[100.4862,5.1307]]}},{"type":"Feature","properties":{},"geometry":{"type":"LineString","coordinates":[[100.4796,5.1701],[100.4797,5.1688]]}},{"type":"Feature","properties":{},"geometry":{"type":"LineString","coordinates":[[100.4797,5.1688],[100.4797,5.1701]]}},{"type":"Feature","properties":{},"geometry":{"type":"LineString","coordinates":[[100.4797,5.1701],[100.4795,5.1795]]}},{"type":"Feature","properties":{},"geometry":{"type":"LineString","coordinates":[[100.483,5.2918],[100.4826,5.2954]]}},{"type":"Feature","properties":{},"geometry":{"type":"LineString","coordinates":[[100.4825,5.2954],[100.483,5.2918]]}},{"type":"Feature","properties":{},"geometry":{"type":"LineString","coordinates":[[100.4824,5.2902],[100.4809,5.2863]]}},{"type":"Feature","properties":{},"geometry":{"type":"LineString","coordinates":[[100.4809,5.2863],[100.4825,5.2902]]}},{"type":"Feature","properties":{},"geometry":{"type":"LineString","coordinates":[[100.4808,5.2859],[100.4809,5.2863]]}},{"type":"Feature","properties":{},"geometry":{"type":"LineString","coordinates":[[100.4809,5.2863],[100.4807,5.2859]]}},{"type":"Feature","properties":{},"geometry":{"type":"LineString","coordinates":[[100.4787,5.2773],[100.4786,5.2797],[100.4793,5.2821]]}},{"type":"Feature","properties":{},"geometry":{"type":"LineString","coordinates":[[100.4792,5.2821],[100.4785,5.2797],[100.4787,5.2773]]}},{"type":"Feature","properties":{},"geometry":{"type":"LineString","coordinates":[[100.4432,5.367],[100.4398,5.3663]]}},{"type":"Feature","properties":{},"geometry":{"type":"LineString","coordinates":[[100.4397,5.3663],[100.4432,5.367]]}},{"type":"Feature","properties":{},"geometry":{"type":"LineString","coordinates":[[100.4488,5.3662],[100.4501,5.366]]}},{"type":"Feature","properties":{},"geometry":{"type":"LineString","coordinates":[[100.4501,5.366],[100.4488,5.3662]]}},{"type":"Feature","properties":{},"geometry":{"type":"LineString","coordinates":[[100.4461,5.3666],[100.4488,5.3662]]}},{"type":"Feature","properties":{},"geometry":{"type":"LineString","coordinates":[[100.4488,5.3662],[100.4461,5.3666]]}},{"type":"Feature","properties":{},"geometry":{"type":"LineString","coordinates":[[100.4461,5.3666],[100.4432,5.367]]}},{"type":"Feature","properties":{},"geometry":{"type":"LineString","coordinates":[[100.4432,5.367],[100.4461,5.3666]]}},{"type":"Feature","properties":{},"geometry":{"type":"LineString","coordinates":[[100.4398,5.3663],[100.4353,5.3642]]}},{"type":"Feature","properties":{},"geometry":{"type":"LineString","coordinates":[[100.4352,5.3642],[100.4397,5.3663]]}},{"type":"Feature","properties":{},"geometry":{"type":"LineString","coordinates":[[100.4218,5.3643],[100.4237,5.3636]]}},{"type":"Feature","properties":{},"geometry":{"type":"LineString","coordinates":[[100.4218,5.3644],[100.4242,5.3635]]}},{"type":"Feature","properties":{},"geometry":{"type":"LineString","coordinates":[[100.4215,5.3645],[100.4218,5.3644]]}},{"type":"Feature","properties":{},"geometry":{"type":"LineString","coordinates":[[100.4215,5.3645],[100.4218,5.3643]]}},{"type":"Feature","properties":{},"geometry":{"type":"LineString","coordinates":[[100.3706,5.39],[100.3707,5.3899]]}},{"type":"Feature","properties":{},"geometry":{"type":"LineString","coordinates":[[100.3705,5.3903],[100.3708,5.3899]]}},{"type":"Feature","properties":{},"geometry":{"type":"LineString","coordinates":[[100.4683,5.3475],[100.4694,5.3439]]}},{"type":"Feature","properties":{},"geometry":{"type":"LineString","coordinates":[[100.4682,5.3478],[100.4694,5.3439]]}},{"type":"Feature","properties":{},"geometry":{"type":"LineString","coordinates":[[100.4661,5.3574],[100.4654,5.3553],[100.4676,5.35]]}},{"type":"Feature","properties":{},"geometry":{"type":"LineString","coordinates":[[100.4661,5.3574],[100.4654,5.3553],[100.4676,5.35]]}},{"type":"Feature","properties":{},"geometry":{"type":"LineString","coordinates":[[100.4676,5.35],[100.4678,5.349]]}},{"type":"Feature","properties":{},"geometry":{"type":"LineString","coordinates":[[100.4676,5.35],[100.4683,5.3475]]}},{"type":"Feature","properties":{},"geometry":{"type":"LineString","coordinates":[[100.4966,5.4771],[100.4979,5.482]]}},{"type":"Feature","properties":{},"geometry":{"type":"LineString","coordinates":[[100.4963,5.4692],[100.4963,5.4642]]}},{"type":"Feature","properties":{},"geometry":{"type":"LineString","coordinates":[[100.4962,5.4642],[100.4962,5.4692]]}},{"type":"Feature","properties":{},"geometry":{"type":"LineString","coordinates":[[100.4893,5.6385],[100.4898,5.6343]]}},{"type":"Feature","properties":{},"geometry":{"type":"LineString","coordinates":[[100.4894,5.6391],[100.4899,5.6424]]}},{"type":"Feature","properties":{},"geometry":{"type":"LineString","coordinates":[[100.49,5.6424],[100.4902,5.6437]]}},{"type":"Feature","properties":{},"geometry":{"type":"LineString","coordinates":[[100.4899,5.6424],[100.4901,5.6437]]}},{"type":"Feature","properties":{},"geometry":{"type":"LineString","coordinates":[[100.3676,6.1018],[100.3666,6.1048],[100.3673,6.1078]]}},{"type":"Feature","properties":{},"geometry":{"type":"LineString","coordinates":[[100.371,6.0956],[100.3675,6.1018]]}},{"type":"Feature","properties":{},"geometry":{"type":"LineString","coordinates":[[100.4792,5.8114],[100.478,5.8244]]}},{"type":"Feature","properties":{},"geometry":{"type":"LineString","coordinates":[[100.478,5.8244],[100.478,5.8248]]}},{"type":"Feature","properties":{},"geometry":{"type":"LineString","coordinates":[[100.477,5.8369],[100.4769,5.8438]]}},{"type":"Feature","properties":{},"geometry":{"type":"LineString","coordinates":[[100.4769,5.8369],[100.4769,5.8438]]}},{"type":"Feature","properties":{},"geometry":{"type":"LineString","coordinates":[[100.477,5.8366],[100.4769,5.8369]]}},{"type":"Feature","properties":{},"geometry":{"type":"LineString","coordinates":[[100.477,5.8366],[100.477,5.8369]]}},{"type":"Feature","properties":{},"geometry":{"type":"LineString","coordinates":[[100.4411,5.9711],[100.4407,5.9719]]}},{"type":"Feature","properties":{},"geometry":{"type":"LineString","coordinates":[[100.4407,5.9719],[100.4405,5.9722]]}},{"type":"Feature","properties":{},"geometry":{"type":"LineString","coordinates":[[100.3673,6.1078],[100.3678,6.109]]}},{"type":"Feature","properties":{},"geometry":{"type":"LineString","coordinates":[[100.3673,6.1078],[100.3678,6.109]]}},{"type":"Feature","properties":{},"geometry":{"type":"LineString","coordinates":[[100.3752,6.1828],[100.3744,6.1838]]}},{"type":"Feature","properties":{},"geometry":{"type":"LineString","coordinates":[[100.3745,6.1839],[100.3752,6.1828]]}},{"type":"Feature","properties":{},"geometry":{"type":"LineString","coordinates":[[100.3744,6.184],[100.3745,6.1839]]}},{"type":"Feature","properties":{},"geometry":{"type":"LineString","coordinates":[[100.3744,6.1838],[100.3744,6.1839]]}},{"type":"Feature","properties":{},"geometry":{"type":"LineString","coordinates":[[100.3027,6.3709],[100.3014,6.3726]]}},{"type":"Feature","properties":{},"geometry":{"type":"LineString","coordinates":[[100.3015,6.3726],[100.3027,6.3709]]}},{"type":"Feature","properties":{},"geometry":{"type":"LineString","coordinates":[[100.3029,6.3706],[100.3027,6.3709]]}},{"type":"Feature","properties":{},"geometry":{"type":"LineString","coordinates":[[100.3027,6.3709],[100.303,6.3706]]}},{"type":"Feature","properties":{},"geometry":{"type":"LineString","coordinates":[[100.2711,6.4239],[100.2686,6.4313]]}},{"type":"Feature","properties":{},"geometry":{"type":"LineString","coordinates":[[100.2711,6.4239],[100.2685,6.4313]]}},{"type":"Feature","properties":{},"geometry":{"type":"LineString","coordinates":[[100.2685,6.4313],[100.2681,6.4326]]}},{"type":"Feature","properties":{},"geometry":{"type":"LineString","coordinates":[[100.2686,6.4313],[100.2681,6.4326]]}},{"type":"Feature","properties":{},"geometry":{"type":"LineString","coordinates":[[100.2651,6.6197],[100.2665,6.6244],[100.2694,6.6284],[100.285,6.6402]]}},{"type":"Feature","properties":{},"geometry":{"type":"LineString","coordinates":[[100.2651,6.6198],[100.2665,6.6245],[100.2693,6.6284],[100.285,6.6402]]}},{"type":"Feature","properties":{},"geometry":{"type":"LineString","coordinates":[[100.3179,6.6608],[100.3161,6.6595]]}},{"type":"Feature","properties":{},"geometry":{"type":"LineString","coordinates":[[100.3223,6.665],[100.3216,6.6638]]}},{"type":"Feature","properties":{},"geometry":{"type":"LineString","coordinates":[[102.6092,2.5785],[102.6102,2.579]]}},{"type":"Feature","properties":{},"geometry":{"type":"LineString","coordinates":[[102.6119,2.579],[102.612,2.5791]]}},{"type":"Feature","properties":{},"geometry":{"type":"LineString","coordinates":[[102.6092,2.5785],[102.6098,2.5786]]}},{"type":"Feature","properties":{},"geometry":{"type":"LineString","coordinates":[[102.6098,2.5786],[102.6103,2.5787]]}},{"type":"Feature","properties":{},"geometry":{"type":"LineString","coordinates":[[102.6103,2.5788],[102.6092,2.5785]]}},{"type":"Feature","properties":{},"geometry":{"type":"LineString","coordinates":[[103.3206,2.0176],[103.3269,1.9908],[103.3423,1.958]]}},{"type":"Feature","properties":{},"geometry":{"type":"LineString","coordinates":[[103.3423,1.958],[103.3426,1.9574]]}},{"type":"Feature","properties":{},"geometry":{"type":"LineString","coordinates":[[103.3422,1.958],[103.3269,1.9908],[103.3205,2.0176]]}},{"type":"Feature","properties":{},"geometry":{"type":"LineString","coordinates":[[103.3426,1.9573],[103.3422,1.958]]}},{"type":"Feature","properties":{},"geometry":{"type":"LineString","coordinates":[[102.6114,2.5791],[102.6107,2.5789]]}},{"type":"Feature","properties":{},"geometry":{"type":"LineString","coordinates":[[102.6203,2.5814],[102.62,2.5813]]}},{"type":"Feature","properties":{},"geometry":{"type":"LineString","coordinates":[[102.6203,2.5813],[102.621,2.5815]]}},{"type":"Feature","properties":{},"geometry":{"type":"LineString","coordinates":[[102.619,2.5809],[102.62,2.5812]]}},{"type":"Feature","properties":{},"geometry":{"type":"LineString","coordinates":[[102.621,2.5815],[102.6203,2.5814]]}},{"type":"Feature","properties":{},"geometry":{"type":"LineString","coordinates":[[102.62,2.5812],[102.6203,2.5813]]}},{"type":"Feature","properties":{},"geometry":{"type":"LineString","coordinates":[[102.6092,2.5785],[102.6087,2.5783]]}},{"type":"Feature","properties":{},"geometry":{"type":"LineString","coordinates":[[102.6092,2.5785],[102.6083,2.5783]]}},{"type":"Feature","properties":{},"geometry":{"type":"LineString","coordinates":[[103.7264,1.5344],[103.7269,1.5341]]}},{"type":"Feature","properties":{},"geometry":{"type":"LineString","coordinates":[[103.7204,1.5373],[103.7259,1.5347]]}},{"type":"Feature","properties":{},"geometry":{"type":"LineString","coordinates":[[103.7264,1.5343],[103.7204,1.5373]]}},{"type":"Feature","properties":{},"geometry":{"type":"LineString","coordinates":[[103.7259,1.5347],[103.7264,1.5344]]}},{"type":"Feature","properties":{},"geometry":{"type":"LineString","coordinates":[[103.6013,1.6629],[103.5945,1.6661]]}},{"type":"Feature","properties":{},"geometry":{"type":"LineString","coordinates":[[102.6107,2.5789],[102.6092,2.5785]]}},{"type":"Feature","properties":{},"geometry":{"type":"LineString","coordinates":[[102.6094,2.5787],[102.6102,2.579]]}},{"type":"Feature","properties":{},"geometry":{"type":"LineString","coordinates":[[102.6163,2.5806],[102.6172,2.5808]]}},{"type":"Feature","properties":{},"geometry":{"type":"LineString","coordinates":[[102.6179,2.5809],[102.6183,2.581]]}}]}