{"type":"FeatureCollection","features":[{"type":"Feature","properties":{},"geometry":{"type":"LineString","coordinates":[[127.3945,36.5305],[127.3942,36.5315]]}},{"type":"Feature","properties":{},"geometry":{"type":"LineString","coordinates":[[127.4143,36.3964],[127.4143,36.3929]]}},{"type":"Feature","properties":{},"geometry":{"type":"LineString","coordinates":[[127.4174,36.3584],[127.417,36.3569]]}},{"type":"Feature","properties":{},"geometry":{"type":"LineString","coordinates":[[127.4176,36.3591],[127.4174,36.3584]]}},{"type":"Feature","properties":{},"geometry":{"type":"LineString","coordinates":[[126.884,37.4151],[126.8848,37.4164]]}},{"type":"Feature","properties":{},"geometry":{"type":"LineString","coordinates":[[126.9712,37.5416],[126.9708,37.5353],[126.9678,37.5322]]}},{"type":"Feature","properties":{},"geometry":{"type":"LineString","coordinates":[[127.431,36.3388],[127.4311,36.3386]]}},{"type":"Feature","properties":{},"geometry":{"type":"LineString","coordinates":[[127.4166,36.4315],[127.4165,36.43]]}},{"type":"Feature","properties":{},"geometry":{"type":"LineString","coordinates":[[127.4174,36.4452],[127.4166,36.4315]]}},{"type":"Feature","properties":{},"geometry":{"type":"LineString","coordinates":[[127.4161,36.4229],[127.4155,36.4118]]}},{"type":"Feature","properties":{},"geometry":{"type":"LineString","coordinates":[[127.4148,36.4038],[127.4143,36.3964]]}},{"type":"Feature","properties":{},"geometry":{"type":"LineString","coordinates":[[127.415,36.4057],[127.4148,36.4038]]}},{"type":"Feature","properties":{},"geometry":{"type":"LineString","coordinates":[[127.4041,36.4978],[127.4064,36.4897]]}},{"type":"Feature","properties":{},"geometry":{"type":"LineString","coordinates":[[127.4174,36.4452],[127.4173,36.4481]]}},{"type":"Feature","properties":{},"geometry":{"type":"LineString","coordinates":[[127.4167,36.3825],[127.4222,36.3797],[127.4238,36.3778],[127.4244,36.3754]]}},{"type":"Feature","properties":{},"geometry":{"type":"LineString","coordinates":[[127.4244,36.3754],[127.4242,36.3738]]}},{"type":"Feature","properties":{},"geometry":{"type":"LineString","coordinates":[[127.43,36.3404],[127.4302,36.34]]}},{"type":"Feature","properties":{},"geometry":{"type":"LineString","coordinates":[[127.4302,36.34],[127.431,36.3388]]}},{"type":"Feature","properties":{},"geometry":{"type":"LineString","coordinates":[[127.4219,36.3728],[127.4176,36.3591]]}},{"type":"Feature","properties":{},"geometry":{"type":"LineString","coordinates":[[127.3863,36.5578],[127.3866,36.557]]}},{"type":"Feature","properties":{},"geometry":{"type":"LineString","coordinates":[[127.4173,36.4481],[127.4164,36.4549],[127.4143,36.4627]]}},{"type":"Feature","properties":{},"geometry":{"type":"LineString","coordinates":[[127.411,36.4741],[127.4101,36.4772]]}},{"type":"Feature","properties":{},"geometry":{"type":"LineString","coordinates":[[127.4128,36.468],[127.411,36.4741]]}},{"type":"Feature","properties":{},"geometry":{"type":"LineString","coordinates":[[127.4096,36.479],[127.4089,36.4814]]}},{"type":"Feature","properties":{},"geometry":{"type":"LineString","coordinates":[[127.4101,36.4772],[127.4096,36.479]]}},{"type":"Feature","properties":{},"geometry":{"type":"LineString","coordinates":[[127.4089,36.4814],[127.4084,36.483]]}},{"type":"Feature","properties":{},"geometry":{"type":"LineString","coordinates":[[127.4084,36.483],[127.4073,36.4867]]}},{"type":"Feature","properties":{},"geometry":{"type":"LineString","coordinates":[[127.4073,36.4867],[127.4064,36.4897]]}},{"type":"Feature","properties":{},"geometry":{"type":"LineString","coordinates":[[127.4031,36.5012],[127.4041,36.4978]]}},{"type":"Feature","properties":{},"geometry":{"type":"LineString","coordinates":[[127.3954,36.5275],[127.4031,36.5012]]}},{"type":"Feature","properties":{},"geometry":{"type":"LineString","coordinates":[[127.3942,36.5315],[127.3866,36.557]]}},{"type":"Feature","properties":{},"geometry":{"type":"LineString","coordinates":[[127.3866,36.557],[127.3864,36.5578]]}},{"type":"Feature","properties":{},"geometry":{"type":"LineString","coordinates":[[127.3864,36.5578],[127.3852,36.5609]]}},{"type":"Feature","properties":{},"geometry":{"type":"LineString","coordinates":[[127.3852,36.5609],[127.3815,36.5681]]}},{"type":"Feature","properties":{},"geometry":{"type":"LineString","coordinates":[[127.3815,36.5681],[127.3793,36.5714]]}},{"type":"Feature","properties":{},"geometry":{"type":"LineString","coordinates":[[127.3791,36.5717],[127.3732,36.5788]]}},{"type":"Feature","properties":{},"geometry":{"type":"LineString","coordinates":[[127.3732,36.5788],[127.3709,36.5812]]}},{"type":"Feature","properties":{},"geometry":{"type":"LineString","coordinates":[[127.3709,36.5812],[127.3624,36.5889]]}},{"type":"Feature","properties":{},"geometry":{"type":"LineString","coordinates":[[127.3557,36.5948],[127.3504,36.5996]]}},{"type":"Feature","properties":{},"geometry":{"type":"LineString","coordinates":[[127.3504,36.5996],[127.3231,36.6241]]}},{"type":"Feature","properties":{},"geometry":{"type":"LineString","coordinates":[[127.3231,36.6241],[127.3206,36.6263]]}},{"type":"Feature","properties":{},"geometry":{"type":"LineString","coordinates":[[127.284,36.6562],[127.2923,36.6511]]}},{"type":"Feature","properties":{},"geometry":{"type":"LineString","coordinates":[[127.2923,36.6511],[127.2953,36.6489]]}},{"type":"Feature","properties":{},"geometry":{"type":"LineString","coordinates":[[127.3044,36.641],[127.2988,36.6459]]}},{"type":"Feature","properties":{},"geometry":{"type":"LineString","coordinates":[[127.2762,36.6604],[127.2782,36.6594]]}},{"type":"Feature","properties":{},"geometry":{"type":"LineString","coordinates":[[127.2782,36.6594],[127.284,36.6562]]}},{"type":"Feature","properties":{},"geometry":{"type":"LineString","coordinates":[[127.2697,36.664],[127.2762,36.6604]]}},{"type":"Feature","properties":{},"geometry":{"type":"LineString","coordinates":[[127.2622,36.6681],[127.2697,36.664]]}},{"type":"Feature","properties":{},"geometry":{"type":"LineString","coordinates":[[127.2559,36.6716],[127.2622,36.6681]]}},{"type":"Feature","properties":{},"geometry":{"type":"LineString","coordinates":[[127.2181,36.6921],[127.2559,36.6716]]}},{"type":"Feature","properties":{},"geometry":{"type":"LineString","coordinates":[[127.2133,36.6948],[127.2175,36.6924]]}},{"type":"Feature","properties":{},"geometry":{"type":"LineString","coordinates":[[127.2121,36.6955],[127.2133,36.6948]]}},{"type":"Feature","properties":{},"geometry":{"type":"LineString","coordinates":[[127.2063,36.6986],[127.2121,36.6955]]}},{"type":"Feature","properties":{},"geometry":{"type":"LineString","coordinates":[[127.2011,36.7015],[127.2063,36.6986]]}},{"type":"Feature","properties":{},"geometry":{"type":"LineString","coordinates":[[127.1961,36.7042],[127.2011,36.7015]]}},{"type":"Feature","properties":{},"geometry":{"type":"LineString","coordinates":[[127.1898,36.7076],[127.1928,36.7059]]}},{"type":"Feature","properties":{},"geometry":{"type":"LineString","coordinates":[[127.1759,36.7151],[127.1898,36.7076]]}},{"type":"Feature","properties":{},"geometry":{"type":"LineString","coordinates":[[127.1732,36.7166],[127.1759,36.7151]]}},{"type":"Feature","properties":{},"geometry":{"type":"LineString","coordinates":[[127.1585,36.7246],[127.1732,36.7166]]}},{"type":"Feature","properties":{},"geometry":{"type":"LineString","coordinates":[[127.157,36.7254],[127.1585,36.7246]]}},{"type":"Feature","properties":{},"geometry":{"type":"LineString","coordinates":[[127.1168,36.7571],[127.124,36.7477],[127.1322,36.7402],[127.1382,36.7359],[127.157,36.7254]]}},{"type":"Feature","properties":{},"geometry":{"type":"LineString","coordinates":[[127.1106,36.7708],[127.1136,36.763],[127.1168,36.7571]]}},{"type":"Feature","properties":{},"geometry":{"type":"LineString","coordinates":[[127.1089,36.7775],[127.1106,36.7708]]}},{"type":"Feature","properties":{},"geometry":{"type":"LineString","coordinates":[[127.1025,36.8022],[127.1062,36.7879]]}},{"type":"Feature","properties":{},"geometry":{"type":"LineString","coordinates":[[127.0977,36.8207],[127.102,36.8039]]}},{"type":"Feature","properties":{},"geometry":{"type":"LineString","coordinates":[[127.096,36.8277],[127.0968,36.8245]]}},{"type":"Feature","properties":{},"geometry":{"type":"LineString","coordinates":[[127.0917,36.844],[127.0935,36.8373]]}},{"type":"Feature","properties":{},"geometry":{"type":"LineString","coordinates":[[127.0935,36.8373],[127.0942,36.8344]]}},{"type":"Feature","properties":{},"geometry":{"type":"LineString","coordinates":[[127.09,36.851],[127.091,36.8471]]}},{"type":"Feature","properties":{},"geometry":{"type":"LineString","coordinates":[[127.091,36.8471],[127.0917,36.844]]}},{"type":"Feature","properties":{},"geometry":{"type":"LineString","coordinates":[[127.0893,36.8537],[127.09,36.851]]}},{"type":"Feature","properties":{},"geometry":{"type":"LineString","coordinates":[[127.0851,36.8693],[127.0892,36.8536]]}},{"type":"Feature","properties":{},"geometry":{"type":"LineString","coordinates":[[127.0842,36.8732],[127.0849,36.8704]]}},{"type":"Feature","properties":{},"geometry":{"type":"LineString","coordinates":[[127.0849,36.8704],[127.0851,36.8693]]}},{"type":"Feature","properties":{},"geometry":{"type":"LineString","coordinates":[[127.0814,36.8839],[127.0842,36.8732]]}},{"type":"Feature","properties":{},"geometry":{"type":"LineString","coordinates":[[127.0775,36.8991],[127.0814,36.8839]]}},{"type":"Feature","properties":{},"geometry":{"type":"LineString","coordinates":[[127.0733,36.9233],[127.075,36.9099],[127.0775,36.8991]]}},{"type":"Feature","properties":{},"geometry":{"type":"LineString","coordinates":[[127.0726,36.9309],[127.0733,36.9233]]}},{"type":"Feature","properties":{},"geometry":{"type":"LineString","coordinates":[[127.0723,36.9333],[127.0726,36.9309]]}},{"type":"Feature","properties":{},"geometry":{"type":"LineString","coordinates":[[127.0708,36.9492],[127.0723,36.9333]]}},{"type":"Feature","properties":{},"geometry":{"type":"LineString","coordinates":[[127.0706,36.9515],[127.0708,36.9492]]}},{"type":"Feature","properties":{},"geometry":{"type":"LineString","coordinates":[[127.0698,36.9586],[127.0702,36.9556]]}},{"type":"Feature","properties":{},"geometry":{"type":"LineString","coordinates":[[127.0693,36.9618],[127.0698,36.9586]]}},{"type":"Feature","properties":{},"geometry":{"type":"LineString","coordinates":[[127.0654,36.9745],[127.0693,36.9618]]}},{"type":"Feature","properties":{},"geometry":{"type":"LineString","coordinates":[[127.0635,36.9783],[127.0654,36.9745]]}},{"type":"Feature","properties":{},"geometry":{"type":"LineString","coordinates":[[127.0195,37.0267],[127.0224,37.0238]]}},{"type":"Feature","properties":{},"geometry":{"type":"LineString","coordinates":[[127.0177,37.0285],[127.0195,37.0267]]}},{"type":"Feature","properties":{},"geometry":{"type":"LineString","coordinates":[[127.0224,37.0238],[127.0536,36.9926],[127.0585,36.9864],[127.0635,36.9783]]}},{"type":"Feature","properties":{},"geometry":{"type":"LineString","coordinates":[[126.9942,37.0519],[127.0135,37.0327]]}},{"type":"Feature","properties":{},"geometry":{"type":"LineString","coordinates":[[126.9936,37.0525],[126.9942,37.0519]]}},{"type":"Feature","properties":{},"geometry":{"type":"LineString","coordinates":[[126.969,37.0799],[126.9715,37.0762]]}},{"type":"Feature","properties":{},"geometry":{"type":"LineString","coordinates":[[126.977,37.0692],[126.9936,37.0525]]}},{"type":"Feature","properties":{},"geometry":{"type":"LineString","coordinates":[[126.9715,37.0762],[126.977,37.0692]]}},{"type":"Feature","properties":{},"geometry":{"type":"LineString","coordinates":[[126.9638,37.0908],[126.969,37.0799]]}},{"type":"Feature","properties":{},"geometry":{"type":"LineString","coordinates":[[126.962,37.0967],[126.9638,37.0908]]}},{"type":"Feature","properties":{},"geometry":{"type":"LineString","coordinates":[[126.9554,37.1307],[126.9577,37.1183]]}},{"type":"Feature","properties":{},"geometry":{"type":"LineString","coordinates":[[126.9548,37.1342],[126.9554,37.1307]]}},{"type":"Feature","properties":{},"geometry":{"type":"LineString","coordinates":[[126.9526,37.1451],[126.9548,37.1342]]}},{"type":"Feature","properties":{},"geometry":{"type":"LineString","coordinates":[[126.9515,37.1506],[126.9526,37.1451]]}},{"type":"Feature","properties":{},"geometry":{"type":"LineString","coordinates":[[126.951,37.1537],[126.9511,37.1533]]}},{"type":"Feature","properties":{},"geometry":{"type":"LineString","coordinates":[[126.9511,37.1533],[126.9515,37.1506]]}},{"type":"Feature","properties":{},"geometry":{"type":"LineString","coordinates":[[126.9508,37.1547],[126.951,37.1537]]}},{"type":"Feature","properties":{},"geometry":{"type":"LineString","coordinates":[[126.9484,37.1668],[126.9508,37.1547]]}},{"type":"Feature","properties":{},"geometry":{"type":"LineString","coordinates":[[126.9464,37.1779],[126.9466,37.1772]]}},{"type":"Feature","properties":{},"geometry":{"type":"LineString","coordinates":[[126.9466,37.1772],[126.9469,37.1755]]}},{"type":"Feature","properties":{},"geometry":{"type":"LineString","coordinates":[[126.9469,37.1755],[126.9471,37.1749]]}},{"type":"Feature","properties":{},"geometry":{"type":"LineString","coordinates":[[126.9471,37.1749],[126.9484,37.1668]]}},{"type":"Feature","properties":{},"geometry":{"type":"LineString","coordinates":[[126.9459,37.1808],[126.9464,37.1779]]}},{"type":"Feature","properties":{},"geometry":{"type":"LineString","coordinates":[[126.9452,37.1861],[126.9459,37.1808]]}},{"type":"Feature","properties":{},"geometry":{"type":"LineString","coordinates":[[126.9449,37.1896],[126.9452,37.1861]]}},{"type":"Feature","properties":{},"geometry":{"type":"LineString","coordinates":[[126.9448,37.1933],[126.9449,37.1896]]}},{"type":"Feature","properties":{},"geometry":{"type":"LineString","coordinates":[[126.9445,37.2037],[126.9446,37.1991]]}},{"type":"Feature","properties":{},"geometry":{"type":"LineString","coordinates":[[126.9432,37.2115],[126.9445,37.2037]]}},{"type":"Feature","properties":{},"geometry":{"type":"LineString","coordinates":[[126.9408,37.2194],[126.9417,37.2166]]}},{"type":"Feature","properties":{},"geometry":{"type":"LineString","coordinates":[[126.9417,37.2166],[126.9432,37.2115]]}},{"type":"Feature","properties":{},"geometry":{"type":"LineString","coordinates":[[126.9364,37.228],[126.9384,37.2245]]}},{"type":"Feature","properties":{},"geometry":{"type":"LineString","coordinates":[[126.9384,37.2245],[126.9408,37.2194]]}},{"type":"Feature","properties":{},"geometry":{"type":"LineString","coordinates":[[126.9078,37.2717],[126.9148,37.2577]]}},{"type":"Feature","properties":{},"geometry":{"type":"LineString","coordinates":[[126.9051,37.2778],[126.9078,37.2717]]}},{"type":"Feature","properties":{},"geometry":{"type":"LineString","coordinates":[[126.9044,37.2795],[126.9051,37.2778]]}},{"type":"Feature","properties":{},"geometry":{"type":"LineString","coordinates":[[126.902,37.2848],[126.9044,37.2795]]}},{"type":"Feature","properties":{},"geometry":{"type":"LineString","coordinates":[[126.9014,37.286],[126.902,37.2848]]}},{"type":"Feature","properties":{},"geometry":{"type":"LineString","coordinates":[[126.9003,37.2883],[126.9007,37.2876]]}},{"type":"Feature","properties":{},"geometry":{"type":"LineString","coordinates":[[126.8982,37.2931],[126.9003,37.2883]]}},{"type":"Feature","properties":{},"geometry":{"type":"LineString","coordinates":[[126.8966,37.2968],[126.8982,37.2931]]}},{"type":"Feature","properties":{},"geometry":{"type":"LineString","coordinates":[[126.8913,37.3084],[126.8921,37.3067]]}},{"type":"Feature","properties":{},"geometry":{"type":"LineString","coordinates":[[126.8868,37.3181],[126.8833,37.3257]]}},{"type":"Feature","properties":{},"geometry":{"type":"LineString","coordinates":[[126.8833,37.3257],[126.8714,37.3531],[126.8693,37.3614],[126.8667,37.379],[126.8722,37.3933],[126.8832,37.4135]]}},{"type":"Feature","properties":{},"geometry":{"type":"LineString","coordinates":[[127.4197,36.3612],[127.4218,36.3649],[127.4229,36.3684]]}},{"type":"Feature","properties":{},"geometry":{"type":"LineString","coordinates":[[127.424,36.3727],[127.4242,36.3738]]}},{"type":"Feature","properties":{},"geometry":{"type":"LineString","coordinates":[[127.4213,36.3802],[127.4223,36.3791]]}},{"type":"Feature","properties":{},"geometry":{"type":"LineString","coordinates":[[127.4223,36.3791],[127.4229,36.3776]]}},{"type":"Feature","properties":{},"geometry":{"type":"LineString","coordinates":[[127.422,36.3732],[127.4219,36.3728]]}},{"type":"Feature","properties":{},"geometry":{"type":"LineString","coordinates":[[127.4229,36.3776],[127.4229,36.3771]]}},{"type":"Feature","properties":{},"geometry":{"type":"LineString","coordinates":[[127.4229,36.3771],[127.422,36.3732]]}},{"type":"Feature","properties":{},"geometry":{"type":"LineString","coordinates":[[127.4165,36.43],[127.4165,36.429]]}},{"type":"Feature","properties":{},"geometry":{"type":"LineString","coordinates":[[127.4165,36.429],[127.4161,36.4229]]}},{"type":"Feature","properties":{},"geometry":{"type":"LineString","coordinates":[[128.4399,35.9965],[128.4351,35.9994]]}},{"type":"Feature","properties":{},"geometry":{"type":"LineString","coordinates":[[128.4549,35.9871],[128.4468,35.9922]]}},{"type":"Feature","properties":{},"geometry":{"type":"LineString","coordinates":[[128.4732,35.9758],[128.4549,35.9871]]}},{"type":"Feature","properties":{},"geometry":{"type":"LineString","coordinates":[[128.4749,35.9747],[128.4732,35.9758]]}},{"type":"Feature","properties":{},"geometry":{"type":"LineString","coordinates":[[128.4788,35.9722],[128.4749,35.9747]]}},{"type":"Feature","properties":{},"geometry":{"type":"LineString","coordinates":[[128.4801,35.9714],[128.4788,35.9722]]}},{"type":"Feature","properties":{},"geometry":{"type":"LineString","coordinates":[[128.4844,35.9687],[128.4801,35.9714]]}},{"type":"Feature","properties":{},"geometry":{"type":"LineString","coordinates":[[128.4351,35.9994],[128.4285,36.0036]]}},{"type":"Feature","properties":{},"geometry":{"type":"LineString","coordinates":[[128.2659,36.0874],[128.2646,36.0878]]}},{"type":"Feature","properties":{},"geometry":{"type":"LineString","coordinates":[[128.3141,36.0714],[128.2987,36.0776],[128.2659,36.0874]]}},{"type":"Feature","properties":{},"geometry":{"type":"LineString","coordinates":[[128.3183,36.0693],[128.3175,36.0697]]}},{"type":"Feature","properties":{},"geometry":{"type":"LineString","coordinates":[[128.3238,36.0663],[128.3183,36.0693]]}},{"type":"Feature","properties":{},"geometry":{"type":"LineString","coordinates":[[128.362,36.045],[128.3325,36.0616]]}},{"type":"Feature","properties":{},"geometry":{"type":"LineString","coordinates":[[128.4034,36.0193],[128.3794,36.0342]]}},{"type":"Feature","properties":{},"geometry":{"type":"LineString","coordinates":[[128.4045,36.0186],[128.4034,36.0193]]}},{"type":"Feature","properties":{},"geometry":{"type":"LineString","coordinates":[[128.257,36.0902],[128.2389,36.0956]]}},{"type":"Feature","properties":{},"geometry":{"type":"LineString","coordinates":[[128.1656,36.1176],[128.1629,36.1184]]}},{"type":"Feature","properties":{},"geometry":{"type":"LineString","coordinates":[[128.1702,36.1162],[128.1656,36.1176]]}},{"type":"Feature","properties":{},"geometry":{"type":"LineString","coordinates":[[128.1912,36.1099],[128.1888,36.1106]]}},{"type":"Feature","properties":{},"geometry":{"type":"LineString","coordinates":[[128.2093,36.1045],[128.1912,36.1099]]}},{"type":"Feature","properties":{},"geometry":{"type":"LineString","coordinates":[[128.2231,36.1003],[128.2174,36.1021]]}},{"type":"Feature","properties":{},"geometry":{"type":"LineString","coordinates":[[128.2371,36.0961],[128.2231,36.1003]]}},{"type":"Feature","properties":{},"geometry":{"type":"LineString","coordinates":[[128.2389,36.0956],[128.2371,36.0961]]}},{"type":"Feature","properties":{},"geometry":{"type":"LineString","coordinates":[[128.0247,36.1389],[127.9141,36.1444]]}},{"type":"Feature","properties":{},"geometry":{"type":"LineString","coordinates":[[127.8936,36.1454],[127.875,36.1481],[127.8269,36.158]]}},{"type":"Feature","properties":{},"geometry":{"type":"LineString","coordinates":[[127.8269,36.158],[127.8244,36.1594]]}},{"type":"Feature","properties":{},"geometry":{"type":"LineString","coordinates":[[127.6141,36.2553],[127.5919,36.2591]]}},{"type":"Feature","properties":{},"geometry":{"type":"LineString","coordinates":[[127.6443,36.2492],[127.6179,36.2547]]}},{"type":"Feature","properties":{},"geometry":{"type":"LineString","coordinates":[[127.6843,36.2383],[127.678,36.2405]]}},{"type":"Feature","properties":{},"geometry":{"type":"LineString","coordinates":[[127.697,36.233],[127.6843,36.2383]]}},{"type":"Feature","properties":{},"geometry":{"type":"LineString","coordinates":[[127.7039,36.2293],[127.697,36.233]]}},{"type":"Feature","properties":{},"geometry":{"type":"LineString","coordinates":[[127.7063,36.2279],[127.7039,36.2293]]}},{"type":"Feature","properties":{},"geometry":{"type":"LineString","coordinates":[[127.7669,36.1908],[127.7666,36.1909]]}},{"type":"Feature","properties":{},"geometry":{"type":"LineString","coordinates":[[127.7747,36.1864],[127.7669,36.1908]]}},{"type":"Feature","properties":{},"geometry":{"type":"LineString","coordinates":[[127.7787,36.1843],[127.777,36.1852]]}},{"type":"Feature","properties":{},"geometry":{"type":"LineString","coordinates":[[127.7946,36.1756],[127.7787,36.1843]]}},{"type":"Feature","properties":{},"geometry":{"type":"LineString","coordinates":[[127.8139,36.1651],[127.8118,36.1662]]}},{"type":"Feature","properties":{},"geometry":{"type":"LineString","coordinates":[[127.8158,36.1641],[127.8139,36.1651]]}},{"type":"Feature","properties":{},"geometry":{"type":"LineString","coordinates":[[127.8183,36.1628],[127.8158,36.1641]]}},{"type":"Feature","properties":{},"geometry":{"type":"LineString","coordinates":[[127.8203,36.1616],[127.8183,36.1628]]}},{"type":"Feature","properties":{},"geometry":{"type":"LineString","coordinates":[[127.8222,36.1606],[127.8203,36.1616]]}},{"type":"Feature","properties":{},"geometry":{"type":"LineString","coordinates":[[127.8232,36.16],[127.8222,36.1606]]}},{"type":"Feature","properties":{},"geometry":{"type":"LineString","coordinates":[[127.5919,36.2591],[127.5899,36.2595]]}},{"type":"Feature","properties":{},"geometry":{"type":"LineString","coordinates":[[128.7164,35.7846],[128.716,35.7812],[128.7165,35.7781]]}},{"type":"Feature","properties":{},"geometry":{"type":"LineString","coordinates":[[127.1345,36.8907],[127.1458,36.8667],[127.1468,36.8632]]}},{"type":"Feature","properties":{},"geometry":{"type":"LineString","coordinates":[[127.4269,36.4551],[127.4279,36.4511]]}},{"type":"Feature","properties":{},"geometry":{"type":"LineString","coordinates":[[127.4264,36.4579],[127.4269,36.4551]]}},{"type":"Feature","properties":{},"geometry":{"type":"LineString","coordinates":[[127.4292,36.4455],[127.4284,36.4426]]}},{"type":"Feature","properties":{},"geometry":{"type":"LineString","coordinates":[[127.6567,36.2461],[127.6443,36.2492]]}},{"type":"Feature","properties":{},"geometry":{"type":"LineString","coordinates":[[127.6716,36.2422],[127.6658,36.2437]]}},{"type":"Feature","properties":{},"geometry":{"type":"LineString","coordinates":[[127.5899,36.2595],[127.5839,36.2606]]}},{"type":"Feature","properties":{},"geometry":{"type":"LineString","coordinates":[[127.6658,36.2437],[127.6586,36.2456]]}},{"type":"Feature","properties":{},"geometry":{"type":"LineString","coordinates":[[127.5839,36.2606],[127.5796,36.2613]]}},{"type":"Feature","properties":{},"geometry":{"type":"LineString","coordinates":[[127.6586,36.2456],[127.6567,36.2461]]}},{"type":"Feature","properties":{},"geometry":{"type":"LineString","coordinates":[[127.3734,36.5279],[127.3734,36.5274]]}},{"type":"Feature","properties":{},"geometry":{"type":"LineString","coordinates":[[127.3734,36.5274],[127.3745,36.522],[127.3777,36.519]]}},{"type":"Feature","properties":{},"geometry":{"type":"LineString","coordinates":[[127.3777,36.519],[127.38,36.5165]]}},{"type":"Feature","properties":{},"geometry":{"type":"LineString","coordinates":[[128.12,36.1284],[128.1186,36.1286]]}},{"type":"Feature","properties":{},"geometry":{"type":"LineString","coordinates":[[128.0805,36.1343],[128.0656,36.1366]]}},{"type":"Feature","properties":{},"geometry":{"type":"LineString","coordinates":[[127.3554,36.5346],[127.3604,36.5335]]}},{"type":"Feature","properties":{},"geometry":{"type":"LineString","coordinates":[[127.3542,36.5349],[127.3554,36.5346]]}},{"type":"Feature","properties":{},"geometry":{"type":"LineString","coordinates":[[127.3343,36.5442],[127.3389,36.5403],[127.3452,36.5371],[127.3542,36.5349]]}},{"type":"Feature","properties":{},"geometry":{"type":"LineString","coordinates":[[127.333,36.5456],[127.3343,36.5442]]}},{"type":"Feature","properties":{},"geometry":{"type":"LineString","coordinates":[[127.3561,36.5945],[127.3557,36.5948]]}},{"type":"Feature","properties":{},"geometry":{"type":"LineString","coordinates":[[127.3624,36.5889],[127.3561,36.5945]]}},{"type":"Feature","properties":{},"geometry":{"type":"LineString","coordinates":[[129.1733,37.4442],[129.1733,37.4439]]}},{"type":"Feature","properties":{},"geometry":{"type":"LineString","coordinates":[[129.1733,37.4439],[129.1733,37.4428]]}},{"type":"Feature","properties":{},"geometry":{"type":"LineString","coordinates":[[129.1699,37.4498],[129.1701,37.4494]]}},{"type":"Feature","properties":{},"geometry":{"type":"LineString","coordinates":[[129.1701,37.4494],[129.1733,37.4442]]}},{"type":"Feature","properties":{},"geometry":{"type":"LineString","coordinates":[[129.1733,37.4428],[129.1723,37.4403]]}},{"type":"Feature","properties":{},"geometry":{"type":"LineString","coordinates":[[129.1723,37.4403],[129.1711,37.4389]]}},{"type":"Feature","properties":{},"geometry":{"type":"LineString","coordinates":[[129.1711,37.4389],[129.1709,37.4382]]}},{"type":"Feature","properties":{},"geometry":{"type":"LineString","coordinates":[[129.1709,37.4382],[129.1709,37.4377]]}},{"type":"Feature","properties":{},"geometry":{"type":"LineString","coordinates":[[129.1711,37.4338],[129.1713,37.4334]]}},{"type":"Feature","properties":{},"geometry":{"type":"LineString","coordinates":[[129.1737,37.4313],[129.1794,37.4296]]}},{"type":"Feature","properties":{},"geometry":{"type":"LineString","coordinates":[[129.1709,37.4377],[129.171,37.4351]]}},{"type":"Feature","properties":{},"geometry":{"type":"LineString","coordinates":[[129.171,37.4351],[129.1711,37.4338]]}},{"type":"Feature","properties":{},"geometry":{"type":"LineString","coordinates":[[129.1711,37.4597],[129.1711,37.4553]]}},{"type":"Feature","properties":{},"geometry":{"type":"LineString","coordinates":[[129.1711,37.4553],[129.1698,37.4515],[129.1699,37.4498]]}},{"type":"Feature","properties":{},"geometry":{"type":"LineString","coordinates":[[129.1719,37.4645],[129.1723,37.4638]]}},{"type":"Feature","properties":{},"geometry":{"type":"LineString","coordinates":[[129.1723,37.4638],[129.1711,37.4597]]}},{"type":"Feature","properties":{},"geometry":{"type":"LineString","coordinates":[[129.1704,37.466],[129.1706,37.4658]]}},{"type":"Feature","properties":{},"geometry":{"type":"LineString","coordinates":[[129.1706,37.4658],[129.1719,37.4645]]}},{"type":"Feature","properties":{},"geometry":{"type":"LineString","coordinates":[[129.1663,37.4682],[129.1664,37.4681]]}},{"type":"Feature","properties":{},"geometry":{"type":"LineString","coordinates":[[129.1664,37.4681],[129.1704,37.466]]}},{"type":"Feature","properties":{},"geometry":{"type":"LineString","coordinates":[[129.1551,37.4805],[129.1575,37.4782]]}},{"type":"Feature","properties":{},"geometry":{"type":"LineString","coordinates":[[129.1584,37.477],[129.1587,37.474]]}},{"type":"Feature","properties":{},"geometry":{"type":"LineString","coordinates":[[127.4143,36.3926],[127.4142,36.3895]]}},{"type":"Feature","properties":{},"geometry":{"type":"LineString","coordinates":[[127.4142,36.3895],[127.4143,36.3852]]}},{"type":"Feature","properties":{},"geometry":{"type":"LineString","coordinates":[[127.4143,36.3929],[127.4143,36.3926]]}},{"type":"Feature","properties":{},"geometry":{"type":"LineString","coordinates":[[128.4249,36.0058],[128.4229,36.0071]]}},{"type":"Feature","properties":{},"geometry":{"type":"LineString","coordinates":[[128.4285,36.0036],[128.4249,36.0058]]}},{"type":"Feature","properties":{},"geometry":{"type":"LineString","coordinates":[[126.9478,37.5163],[126.9443,37.5146],[126.9374,37.5138],[126.9327,37.5144],[126.9289,37.5136]]}},{"type":"Feature","properties":{},"geometry":{"type":"LineString","coordinates":[[126.8895,37.3125],[126.8913,37.3084]]}},{"type":"Feature","properties":{},"geometry":{"type":"LineString","coordinates":[[126.8885,37.3146],[126.8895,37.3125]]}},{"type":"Feature","properties":{},"geometry":{"type":"LineString","coordinates":[[127.6766,36.2409],[127.6716,36.2422]]}},{"type":"Feature","properties":{},"geometry":{"type":"LineString","coordinates":[[127.678,36.2405],[127.6766,36.2409]]}},{"type":"Feature","properties":{},"geometry":{"type":"LineString","coordinates":[[127.4225,36.4779],[127.421,36.4686],[127.4228,36.4648]]}},{"type":"Feature","properties":{},"geometry":{"type":"LineString","coordinates":[[127.4143,36.4627],[127.4128,36.4678]]}},{"type":"Feature","properties":{},"geometry":{"type":"LineString","coordinates":[[127.4128,36.4678],[127.4128,36.468]]}},{"type":"Feature","properties":{},"geometry":{"type":"LineString","coordinates":[[127.4225,36.4791],[127.4225,36.4779]]}},{"type":"Feature","properties":{},"geometry":{"type":"LineString","coordinates":[[127.3158,35.5672],[127.3165,35.5622]]}},{"type":"Feature","properties":{},"geometry":{"type":"LineString","coordinates":[[127.4022,36.4923],[127.4053,36.491],[127.4206,36.4878],[127.4221,36.4857],[127.4225,36.4791]]}},{"type":"Feature","properties":{},"geometry":{"type":"LineString","coordinates":[[127.38,36.5165],[127.3847,36.511],[127.3871,36.5027],[127.3943,36.496],[127.4011,36.4928]]}},{"type":"Feature","properties":{},"geometry":{"type":"LineString","coordinates":[[127.3608,36.5335],[127.3709,36.5312],[127.3726,36.5301],[127.3734,36.5279]]}},{"type":"Feature","properties":{},"geometry":{"type":"LineString","coordinates":[[127.3604,36.5335],[127.3608,36.5335]]}},{"type":"Feature","properties":{},"geometry":{"type":"LineString","coordinates":[[126.9068,37.515],[126.8927,37.5093]]}},{"type":"Feature","properties":{},"geometry":{"type":"LineString","coordinates":[[127.7065,36.2278],[127.7063,36.2279]]}},{"type":"Feature","properties":{},"geometry":{"type":"LineString","coordinates":[[127.7208,36.2181],[127.7065,36.2278]]}},{"type":"Feature","properties":{},"geometry":{"type":"LineString","coordinates":[[127.8118,36.1662],[127.7959,36.1749]]}},{"type":"Feature","properties":{},"geometry":{"type":"LineString","coordinates":[[127.7959,36.1749],[127.7953,36.1752]]}},{"type":"Feature","properties":{},"geometry":{"type":"LineString","coordinates":[[127.7953,36.1752],[127.7946,36.1756]]}},{"type":"Feature","properties":{},"geometry":{"type":"LineString","coordinates":[[127.7405,36.2051],[127.7208,36.2181]]}},{"type":"Feature","properties":{},"geometry":{"type":"LineString","coordinates":[[127.7666,36.1909],[127.7585,36.1953]]}},{"type":"Feature","properties":{},"geometry":{"type":"LineString","coordinates":[[127.7585,36.1953],[127.7551,36.1972]]}},{"type":"Feature","properties":{},"geometry":{"type":"LineString","coordinates":[[127.7551,36.1972],[127.7495,36.2002]]}},{"type":"Feature","properties":{},"geometry":{"type":"LineString","coordinates":[[128.122,36.128],[128.12,36.1284]]}},{"type":"Feature","properties":{},"geometry":{"type":"LineString","coordinates":[[128.0372,36.1386],[128.036,36.1387]]}},{"type":"Feature","properties":{},"geometry":{"type":"LineString","coordinates":[[128.036,36.1387],[128.0274,36.1388]]}},{"type":"Feature","properties":{},"geometry":{"type":"LineString","coordinates":[[128.0274,36.1388],[128.0247,36.1389]]}},{"type":"Feature","properties":{},"geometry":{"type":"LineString","coordinates":[[128.1177,36.1287],[128.0805,36.1343]]}},{"type":"Feature","properties":{},"geometry":{"type":"LineString","coordinates":[[128.145,36.1237],[128.122,36.128]]}},{"type":"Feature","properties":{},"geometry":{"type":"LineString","coordinates":[[128.1186,36.1286],[128.1177,36.1287]]}},{"type":"Feature","properties":{},"geometry":{"type":"LineString","coordinates":[[127.2212,36.6578],[127.2241,36.6575],[127.2277,36.6583],[127.238,36.6638],[127.243,36.6652],[127.252,36.6651],[127.2551,36.6637],[127.2625,36.6562],[127.2705,36.6498]]}},{"type":"Feature","properties":{},"geometry":{"type":"LineString","coordinates":[[127.2187,36.6595],[127.2212,36.6578]]}},{"type":"Feature","properties":{},"geometry":{"type":"LineString","coordinates":[[129.0384,37.6223],[129.0403,37.6184],[129.0426,37.6165]]}},{"type":"Feature","properties":{},"geometry":{"type":"LineString","coordinates":[[129.0381,37.6232],[129.0384,37.6223]]}},{"type":"Feature","properties":{},"geometry":{"type":"LineString","coordinates":[[129.161,37.471],[129.1663,37.4682]]}},{"type":"Feature","properties":{},"geometry":{"type":"LineString","coordinates":[[129.1598,37.4719],[129.161,37.471]]}},{"type":"Feature","properties":{},"geometry":{"type":"LineString","coordinates":[[126.8921,37.3067],[126.8966,37.2968]]}},{"type":"Feature","properties":{},"geometry":{"type":"LineString","coordinates":[[128.2624,36.0885],[128.2599,36.0893]]}},{"type":"Feature","properties":{},"geometry":{"type":"LineString","coordinates":[[128.2599,36.0893],[128.257,36.0902]]}},{"type":"Feature","properties":{},"geometry":{"type":"LineString","coordinates":[[128.1723,36.1156],[128.1702,36.1162]]}},{"type":"Feature","properties":{},"geometry":{"type":"LineString","coordinates":[[128.1723,36.1156],[128.1888,36.1106]]}},{"type":"Feature","properties":{},"geometry":{"type":"LineString","coordinates":[[128.1629,36.1184],[128.1567,36.1203]]}},{"type":"Feature","properties":{},"geometry":{"type":"LineString","coordinates":[[128.1567,36.1203],[128.145,36.1237]]}},{"type":"Feature","properties":{},"geometry":{"type":"LineString","coordinates":[[127.5796,36.2613],[127.5791,36.2614]]}},{"type":"Feature","properties":{},"geometry":{"type":"LineString","coordinates":[[127.5791,36.2614],[127.5762,36.2619]]}},{"type":"Feature","properties":{},"geometry":{"type":"LineString","coordinates":[[129.1321,37.4762],[129.1325,37.4763]]}},{"type":"Feature","properties":{},"geometry":{"type":"LineString","coordinates":[[129.1157,37.4817],[129.1162,37.4804]]}},{"type":"Feature","properties":{},"geometry":{"type":"LineString","coordinates":[[129.1359,37.4776],[129.1469,37.4832],[129.1509,37.4833]]}},{"type":"Feature","properties":{},"geometry":{"type":"LineString","coordinates":[[129.1355,37.4775],[129.1359,37.4776]]}},{"type":"Feature","properties":{},"geometry":{"type":"LineString","coordinates":[[129.1149,37.4839],[129.1157,37.4817]]}},{"type":"Feature","properties":{},"geometry":{"type":"LineString","coordinates":[[129.1325,37.4763],[129.1355,37.4775]]}},{"type":"Feature","properties":{},"geometry":{"type":"LineString","coordinates":[[127.4151,36.4093],[127.415,36.4057]]}},{"type":"Feature","properties":{},"geometry":{"type":"LineString","coordinates":[[127.4155,36.4118],[127.4151,36.4093]]}},{"type":"Feature","properties":{},"geometry":{"type":"LineString","coordinates":[[127.3128,35.5896],[127.3078,35.6166],[127.3055,35.6218],[127.3036,35.6242],[127.2985,35.6286]]}},{"type":"Feature","properties":{},"geometry":{"type":"LineString","coordinates":[[127.3153,35.5715],[127.3152,35.5717]]}},{"type":"Feature","properties":{},"geometry":{"type":"LineString","coordinates":[[127.3178,35.5547],[127.3171,35.558]]}},{"type":"Feature","properties":{},"geometry":{"type":"LineString","coordinates":[[127.1697,35.8402],[127.1725,35.837],[127.1749,35.8327]]}},{"type":"Feature","properties":{},"geometry":{"type":"LineString","coordinates":[[127.3166,35.5621],[127.3159,35.5672]]}},{"type":"Feature","properties":{},"geometry":{"type":"LineString","coordinates":[[127.3159,35.5672],[127.3153,35.5715]]}},{"type":"Feature","properties":{},"geometry":{"type":"LineString","coordinates":[[127.3187,35.5499],[127.3178,35.5547]]}},{"type":"Feature","properties":{},"geometry":{"type":"LineString","coordinates":[[127.3212,35.5391],[127.3207,35.5415]]}},{"type":"Feature","properties":{},"geometry":{"type":"LineString","coordinates":[[127.3171,35.558],[127.3166,35.5621]]}},{"type":"Feature","properties":{},"geometry":{"type":"LineString","coordinates":[[127.3232,35.5295],[127.3212,35.5391]]}},{"type":"Feature","properties":{},"geometry":{"type":"LineString","coordinates":[[127.0268,36.1606],[127.0336,36.162]]}},{"type":"Feature","properties":{},"geometry":{"type":"LineString","coordinates":[[127.0253,36.1599],[127.0268,36.1606]]}},{"type":"Feature","properties":{},"geometry":{"type":"LineString","coordinates":[[127.4162,36.3835],[127.4178,36.3821],[127.4217,36.3803]]}},{"type":"Feature","properties":{},"geometry":{"type":"LineString","coordinates":[[127.4154,36.385],[127.4162,36.3835]]}},{"type":"Feature","properties":{},"geometry":{"type":"LineString","coordinates":[[129.1218,37.4273],[129.1185,37.4346],[129.1201,37.4383],[129.1199,37.4397],[129.1098,37.4453],[129.1079,37.4496],[129.1036,37.4525],[129.1014,37.4555]]}},{"type":"Feature","properties":{},"geometry":{"type":"LineString","coordinates":[[129.1218,37.427],[129.1218,37.4273]]}},{"type":"Feature","properties":{},"geometry":{"type":"LineString","coordinates":[[127.3152,35.5717],[127.313,35.5879]]}},{"type":"Feature","properties":{},"geometry":{"type":"LineString","coordinates":[[127.313,35.5879],[127.3128,35.5896]]}},{"type":"Feature","properties":{},"geometry":{"type":"LineString","coordinates":[[128.7067,35.8545],[128.6888,35.8552]]}},{"type":"Feature","properties":{},"geometry":{"type":"LineString","coordinates":[[127.3094,36.5803],[127.3107,36.5776],[127.333,36.5456]]}},{"type":"Feature","properties":{},"geometry":{"type":"LineString","coordinates":[[127.3079,36.5841],[127.3094,36.5803]]}},{"type":"Feature","properties":{},"geometry":{"type":"LineString","coordinates":[[127.4011,36.4928],[127.4022,36.4923]]}},{"type":"Feature","properties":{},"geometry":{"type":"LineString","coordinates":[[127.4237,36.4633],[127.4264,36.4579]]}},{"type":"Feature","properties":{},"geometry":{"type":"LineString","coordinates":[[127.4228,36.4648],[127.4237,36.4633]]}},{"type":"Feature","properties":{},"geometry":{"type":"LineString","coordinates":[[127.4279,36.4511],[127.428,36.4508]]}},{"type":"Feature","properties":{},"geometry":{"type":"LineString","coordinates":[[127.4144,36.3843],[127.4149,36.3837]]}},{"type":"Feature","properties":{},"geometry":{"type":"LineString","coordinates":[[127.4095,36.479],[127.41,36.4772]]}},{"type":"Feature","properties":{},"geometry":{"type":"LineString","coordinates":[[127.4064,36.4897],[127.4073,36.4867]]}},{"type":"Feature","properties":{},"geometry":{"type":"LineString","coordinates":[[127.416,36.4229],[127.4154,36.4118]]}},{"type":"Feature","properties":{},"geometry":{"type":"LineString","coordinates":[[127.4143,36.4627],[127.4163,36.4549],[127.4172,36.448]]}},{"type":"Feature","properties":{},"geometry":{"type":"LineString","coordinates":[[127.4141,36.393],[127.4141,36.3927]]}},{"type":"Feature","properties":{},"geometry":{"type":"LineString","coordinates":[[127.4142,36.3964],[127.4141,36.393]]}},{"type":"Feature","properties":{},"geometry":{"type":"LineString","coordinates":[[127.3866,36.557],[127.3941,36.5314]]}},{"type":"Feature","properties":{},"geometry":{"type":"LineString","coordinates":[[127.4073,36.4867],[127.4083,36.483]]}},{"type":"Feature","properties":{},"geometry":{"type":"LineString","coordinates":[[127.4128,36.4678],[127.4143,36.4627]]}},{"type":"Feature","properties":{},"geometry":{"type":"LineString","coordinates":[[127.4088,36.4814],[127.4095,36.479]]}},{"type":"Feature","properties":{},"geometry":{"type":"LineString","coordinates":[[127.3954,36.5275],[127.3953,36.5278]]}},{"type":"Feature","properties":{},"geometry":{"type":"LineString","coordinates":[[127.4149,36.3837],[127.4213,36.3802]]}},{"type":"Feature","properties":{},"geometry":{"type":"LineString","coordinates":[[127.4143,36.3852],[127.4147,36.3842]]}},{"type":"Feature","properties":{},"geometry":{"type":"LineString","coordinates":[[127.4165,36.43],[127.4164,36.429]]}},{"type":"Feature","properties":{},"geometry":{"type":"LineString","coordinates":[[127.4172,36.448],[127.4173,36.4452]]}},{"type":"Feature","properties":{},"geometry":{"type":"LineString","coordinates":[[127.3941,36.5314],[127.3944,36.5305]]}},{"type":"Feature","properties":{},"geometry":{"type":"LineString","coordinates":[[127.4173,36.4452],[127.4165,36.4315]]}},{"type":"Feature","properties":{},"geometry":{"type":"LineString","coordinates":[[127.4141,36.3848],[127.4144,36.3843]]}},{"type":"Feature","properties":{},"geometry":{"type":"LineString","coordinates":[[127.4147,36.3842],[127.4151,36.3838]]}},{"type":"Feature","properties":{},"geometry":{"type":"LineString","coordinates":[[127.3944,36.5305],[127.3952,36.5278]]}},{"type":"Feature","properties":{},"geometry":{"type":"LineString","coordinates":[[127.404,36.4977],[127.4064,36.4897]]}},{"type":"Feature","properties":{},"geometry":{"type":"LineString","coordinates":[[127.4109,36.4741],[127.4127,36.468]]}},{"type":"Feature","properties":{},"geometry":{"type":"LineString","coordinates":[[127.403,36.5012],[127.404,36.4977]]}},{"type":"Feature","properties":{},"geometry":{"type":"LineString","coordinates":[[127.415,36.4058],[127.4147,36.4038]]}},{"type":"Feature","properties":{},"geometry":{"type":"LineString","coordinates":[[127.4141,36.3927],[127.4138,36.3901]]}},{"type":"Feature","properties":{},"geometry":{"type":"LineString","coordinates":[[127.4127,36.468],[127.4128,36.4678]]}},{"type":"Feature","properties":{},"geometry":{"type":"LineString","coordinates":[[127.4151,36.3838],[127.4167,36.3825]]}},{"type":"Feature","properties":{},"geometry":{"type":"LineString","coordinates":[[127.3953,36.5278],[127.3945,36.5305]]}},{"type":"Feature","properties":{},"geometry":{"type":"LineString","coordinates":[[127.3952,36.5278],[127.3953,36.5275]]}},{"type":"Feature","properties":{},"geometry":{"type":"LineString","coordinates":[[127.4083,36.483],[127.4088,36.4814]]}},{"type":"Feature","properties":{},"geometry":{"type":"LineString","coordinates":[[127.4164,36.429],[127.416,36.4229]]}},{"type":"Feature","properties":{},"geometry":{"type":"LineString","coordinates":[[127.4147,36.4038],[127.4142,36.3964]]}},{"type":"Feature","properties":{},"geometry":{"type":"LineString","coordinates":[[127.41,36.4772],[127.4109,36.4741]]}},{"type":"Feature","properties":{},"geometry":{"type":"LineString","coordinates":[[127.4138,36.3901],[127.4135,36.387],[127.4141,36.3848]]}},{"type":"Feature","properties":{},"geometry":{"type":"LineString","coordinates":[[127.4165,36.4315],[127.4165,36.43]]}},{"type":"Feature","properties":{},"geometry":{"type":"LineString","coordinates":[[127.3953,36.5275],[127.403,36.5012]]}},{"type":"Feature","properties":{},"geometry":{"type":"LineString","coordinates":[[126.9445,35.8541],[126.9378,35.8422],[126.9372,35.8308],[126.9331,35.8249]]}},{"type":"Feature","properties":{},"geometry":{"type":"LineString","coordinates":[[127.5718,36.2625],[127.576,36.2618]]}},{"type":"Feature","properties":{},"geometry":{"type":"LineString","coordinates":[[127.5791,36.2613],[127.5796,36.2613]]}},{"type":"Feature","properties":{},"geometry":{"type":"LineString","coordinates":[[127.5839,36.2605],[127.5899,36.2595]]}},{"type":"Feature","properties":{},"geometry":{"type":"LineString","coordinates":[[127.5918,36.2591],[127.6141,36.2552]]}},{"type":"Feature","properties":{},"geometry":{"type":"LineString","coordinates":[[127.6179,36.2547],[127.6141,36.2553]]}},{"type":"Feature","properties":{},"geometry":{"type":"LineString","coordinates":[[127.5899,36.2595],[127.5918,36.2591]]}},{"type":"Feature","properties":{},"geometry":{"type":"LineString","coordinates":[[127.6141,36.2552],[127.6179,36.2546]]}},{"type":"Feature","properties":{},"geometry":{"type":"LineString","coordinates":[[127.5796,36.2613],[127.5839,36.2605]]}},{"type":"Feature","properties":{},"geometry":{"type":"LineString","coordinates":[[127.7039,36.2292],[127.7063,36.2278]]}},{"type":"Feature","properties":{},"geometry":{"type":"LineString","coordinates":[[127.6766,36.2408],[127.6779,36.2404]]}},{"type":"Feature","properties":{},"geometry":{"type":"LineString","coordinates":[[127.6779,36.2404],[127.6843,36.2383]]}},{"type":"Feature","properties":{},"geometry":{"type":"LineString","coordinates":[[127.7063,36.2278],[127.7064,36.2277]]}},{"type":"Feature","properties":{},"geometry":{"type":"LineString","coordinates":[[127.6442,36.2492],[127.6567,36.246]]}},{"type":"Feature","properties":{},"geometry":{"type":"LineString","coordinates":[[127.7064,36.2277],[127.7208,36.2181]]}},{"type":"Feature","properties":{},"geometry":{"type":"LineString","coordinates":[[127.6843,36.2383],[127.697,36.2329]]}},{"type":"Feature","properties":{},"geometry":{"type":"LineString","coordinates":[[127.6567,36.246],[127.6586,36.2455]]}},{"type":"Feature","properties":{},"geometry":{"type":"LineString","coordinates":[[127.7495,36.2002],[127.755,36.1971]]}},{"type":"Feature","properties":{},"geometry":{"type":"LineString","coordinates":[[127.6658,36.2436],[127.6716,36.2422]]}},{"type":"Feature","properties":{},"geometry":{"type":"LineString","coordinates":[[127.697,36.2329],[127.7039,36.2292]]}},{"type":"Feature","properties":{},"geometry":{"type":"LineString","coordinates":[[127.755,36.1971],[127.7584,36.1953]]}},{"type":"Feature","properties":{},"geometry":{"type":"LineString","coordinates":[[127.6179,36.2546],[127.6442,36.2492]]}},{"type":"Feature","properties":{},"geometry":{"type":"LineString","coordinates":[[127.7208,36.2181],[127.7405,36.2051]]}},{"type":"Feature","properties":{},"geometry":{"type":"LineString","coordinates":[[127.6586,36.2455],[127.6658,36.2436]]}},{"type":"Feature","properties":{},"geometry":{"type":"LineString","coordinates":[[127.6716,36.2422],[127.6766,36.2408]]}},{"type":"Feature","properties":{},"geometry":{"type":"LineString","coordinates":[[127.3485,36.2816],[127.347,36.2796]]}},{"type":"Feature","properties":{},"geometry":{"type":"LineString","coordinates":[[127.4111,36.3493],[127.4112,36.3494]]}},{"type":"Feature","properties":{},"geometry":{"type":"LineString","coordinates":[[127.3454,36.2744],[127.3453,36.2723],[127.3463,36.2688]]}},{"type":"Feature","properties":{},"geometry":{"type":"LineString","coordinates":[[127.3631,36.3083],[127.362,36.3076]]}},{"type":"Feature","properties":{},"geometry":{"type":"LineString","coordinates":[[127.3459,36.2668],[127.3457,36.2663]]}},{"type":"Feature","properties":{},"geometry":{"type":"LineString","coordinates":[[127.3606,36.3063],[127.3594,36.3051]]}},{"type":"Feature","properties":{},"geometry":{"type":"LineString","coordinates":[[127.4092,36.3471],[127.407,36.3441],[127.4044,36.3382],[127.4001,36.334],[127.3998,36.3319],[127.4012,36.3277]]}},{"type":"Feature","properties":{},"geometry":{"type":"LineString","coordinates":[[127.3834,36.3093],[127.3806,36.3108],[127.378,36.3111]]}},{"type":"Feature","properties":{},"geometry":{"type":"LineString","coordinates":[[127.3702,36.31],[127.3675,36.3097]]}},{"type":"Feature","properties":{},"geometry":{"type":"LineString","coordinates":[[127.4092,36.3471],[127.4106,36.3487]]}},{"type":"Feature","properties":{},"geometry":{"type":"LineString","coordinates":[[127.4036,36.3213],[127.4038,36.3189],[127.4028,36.3145],[127.4004,36.3113],[127.3941,36.3082],[127.3885,36.3074],[127.3853,36.3083]]}},{"type":"Feature","properties":{},"geometry":{"type":"LineString","coordinates":[[127.339,36.2554],[127.3388,36.255]]}},{"type":"Feature","properties":{},"geometry":{"type":"LineString","coordinates":[[127.3673,36.3097],[127.3659,36.3092]]}},{"type":"Feature","properties":{},"geometry":{"type":"LineString","coordinates":[[127.3675,36.3097],[127.3673,36.3097]]}},{"type":"Feature","properties":{},"geometry":{"type":"LineString","coordinates":[[127.3463,36.2688],[127.3459,36.2668]]}},{"type":"Feature","properties":{},"geometry":{"type":"LineString","coordinates":[[127.4014,36.3274],[127.4019,36.326]]}},{"type":"Feature","properties":{},"geometry":{"type":"LineString","coordinates":[[127.4019,36.326],[127.4019,36.3259]]}},{"type":"Feature","properties":{},"geometry":{"type":"LineString","coordinates":[[127.3594,36.3051],[127.3568,36.3011],[127.358,36.2948],[127.3578,36.2932],[127.3523,36.2845],[127.3496,36.2825]]}},{"type":"Feature","properties":{},"geometry":{"type":"LineString","coordinates":[[127.3756,36.3105],[127.3729,36.3099]]}},{"type":"Feature","properties":{},"geometry":{"type":"LineString","coordinates":[[127.4112,36.3494],[127.412,36.3503]]}},{"type":"Feature","properties":{},"geometry":{"type":"LineString","coordinates":[[127.3388,36.255],[127.3383,36.2538]]}},{"type":"Feature","properties":{},"geometry":{"type":"LineString","coordinates":[[127.4012,36.3277],[127.4014,36.3274]]}},{"type":"Feature","properties":{},"geometry":{"type":"LineString","coordinates":[[127.4106,36.3487],[127.4111,36.3493]]}},{"type":"Feature","properties":{},"geometry":{"type":"LineString","coordinates":[[127.347,36.2796],[127.3461,36.2767]]}},{"type":"Feature","properties":{},"geometry":{"type":"LineString","coordinates":[[127.3853,36.3083],[127.3834,36.3093]]}},{"type":"Feature","properties":{},"geometry":{"type":"LineString","coordinates":[[127.3639,36.3086],[127.3631,36.3083]]}},{"type":"Feature","properties":{},"geometry":{"type":"LineString","coordinates":[[127.3729,36.3099],[127.3702,36.31]]}},{"type":"Feature","properties":{},"geometry":{"type":"LineString","coordinates":[[127.3383,36.2538],[127.3383,36.2536]]}},{"type":"Feature","properties":{},"geometry":{"type":"LineString","coordinates":[[127.3659,36.3092],[127.3639,36.3086]]}},{"type":"Feature","properties":{},"geometry":{"type":"LineString","coordinates":[[127.3758,36.3106],[127.3756,36.3105]]}},{"type":"Feature","properties":{},"geometry":{"type":"LineString","coordinates":[[127.412,36.3503],[127.4166,36.3554],[127.4185,36.3592]]}},{"type":"Feature","properties":{},"geometry":{"type":"LineString","coordinates":[[127.3461,36.2767],[127.3454,36.2744]]}},{"type":"Feature","properties":{},"geometry":{"type":"LineString","coordinates":[[127.362,36.3076],[127.3606,36.3063]]}},{"type":"Feature","properties":{},"geometry":{"type":"LineString","coordinates":[[127.3456,36.2661],[127.3416,36.2614],[127.339,36.2554]]}},{"type":"Feature","properties":{},"geometry":{"type":"LineString","coordinates":[[127.3457,36.2663],[127.3456,36.2661]]}},{"type":"Feature","properties":{},"geometry":{"type":"LineString","coordinates":[[127.6312,34.8079],[127.6321,34.8067]]}},{"type":"Feature","properties":{},"geometry":{"type":"LineString","coordinates":[[127.6358,34.8018],[127.6382,34.7987]]}},{"type":"Feature","properties":{},"geometry":{"type":"LineString","coordinates":[[127.6341,34.8041],[127.6358,34.8018]]}},{"type":"Feature","properties":{},"geometry":{"type":"LineString","coordinates":[[127.6627,34.7796],[127.6656,34.7793]]}},{"type":"Feature","properties":{},"geometry":{"type":"LineString","coordinates":[[127.6143,34.8351],[127.6115,34.8427]]}},{"type":"Feature","properties":{},"geometry":{"type":"LineString","coordinates":[[127.7485,34.7534],[127.7502,34.7594]]}},{"type":"Feature","properties":{},"geometry":{"type":"LineString","coordinates":[[127.6321,34.8067],[127.6327,34.8059]]}},{"type":"Feature","properties":{},"geometry":{"type":"LineString","coordinates":[[127.6249,34.816],[127.6199,34.8228]]}},{"type":"Feature","properties":{},"geometry":{"type":"LineString","coordinates":[[127.6382,34.7987],[127.6402,34.796]]}},{"type":"Feature","properties":{},"geometry":{"type":"LineString","coordinates":[[127.2948,36.607],[127.2949,36.6067]]}},{"type":"Feature","properties":{},"geometry":{"type":"LineString","coordinates":[[127.3033,36.5908],[127.3041,36.5901]]}},{"type":"Feature","properties":{},"geometry":{"type":"LineString","coordinates":[[127.3041,36.5901],[127.3069,36.5867]]}},{"type":"Feature","properties":{},"geometry":{"type":"LineString","coordinates":[[127.2952,36.6488],[127.2923,36.651]]}},{"type":"Feature","properties":{},"geometry":{"type":"LineString","coordinates":[[127.2281,36.2626],[127.2282,36.2482],[127.2267,36.2401],[127.2278,36.2337],[127.2262,36.2242],[127.2231,36.2209],[127.2121,36.2158]]}},{"type":"Feature","properties":{},"geometry":{"type":"LineString","coordinates":[[127.0572,36.1643],[127.0543,36.1635],[127.0445,36.1628]]}},{"type":"Feature","properties":{},"geometry":{"type":"LineString","coordinates":[[127.0686,36.1781],[127.068,36.1747],[127.0656,36.1714],[127.0614,36.1664],[127.0579,36.1646]]}},{"type":"Feature","properties":{},"geometry":{"type":"LineString","coordinates":[[127.0687,36.1786],[127.0686,36.1781]]}},{"type":"Feature","properties":{},"geometry":{"type":"LineString","coordinates":[[127.0579,36.1646],[127.0572,36.1643]]}},{"type":"Feature","properties":{},"geometry":{"type":"LineString","coordinates":[[127.1122,36.2135],[127.1101,36.2119]]}},{"type":"Feature","properties":{},"geometry":{"type":"LineString","coordinates":[[127.378,36.3111],[127.3779,36.3111]]}},{"type":"Feature","properties":{},"geometry":{"type":"LineString","coordinates":[[127.3779,36.3111],[127.3758,36.3106]]}},{"type":"Feature","properties":{},"geometry":{"type":"LineString","coordinates":[[128.8996,35.8499],[128.8983,35.8497]]}},{"type":"Feature","properties":{},"geometry":{"type":"LineString","coordinates":[[128.9082,35.8508],[128.9072,35.8506]]}},{"type":"Feature","properties":{},"geometry":{"type":"LineString","coordinates":[[128.8874,35.8487],[128.8862,35.8485]]}},{"type":"Feature","properties":{},"geometry":{"type":"LineString","coordinates":[[128.909,35.8508],[128.9085,35.8508]]}},{"type":"Feature","properties":{},"geometry":{"type":"LineString","coordinates":[[128.8904,35.8489],[128.8897,35.8489]]}},{"type":"Feature","properties":{},"geometry":{"type":"LineString","coordinates":[[128.9361,35.8536],[128.9267,35.8527]]}},{"type":"Feature","properties":{},"geometry":{"type":"LineString","coordinates":[[128.9072,35.8506],[128.903,35.8502]]}},{"type":"Feature","properties":{},"geometry":{"type":"LineString","coordinates":[[128.8862,35.8485],[128.8666,35.8479]]}},{"type":"Feature","properties":{},"geometry":{"type":"LineString","coordinates":[[128.9267,35.8527],[128.9254,35.8526]]}},{"type":"Feature","properties":{},"geometry":{"type":"LineString","coordinates":[[128.9085,35.8508],[128.9082,35.8508]]}},{"type":"Feature","properties":{},"geometry":{"type":"LineString","coordinates":[[128.8983,35.8497],[128.8943,35.8493]]}},{"type":"Feature","properties":{},"geometry":{"type":"LineString","coordinates":[[128.903,35.8502],[128.9025,35.8502]]}},{"type":"Feature","properties":{},"geometry":{"type":"LineString","coordinates":[[128.8943,35.8493],[128.8908,35.849]]}},{"type":"Feature","properties":{},"geometry":{"type":"LineString","coordinates":[[128.8908,35.849],[128.8904,35.8489]]}},{"type":"Feature","properties":{},"geometry":{"type":"LineString","coordinates":[[128.9025,35.8502],[128.8996,35.8499]]}},{"type":"Feature","properties":{},"geometry":{"type":"LineString","coordinates":[[128.8897,35.8489],[128.8874,35.8487]]}},{"type":"Feature","properties":{},"geometry":{"type":"LineString","coordinates":[[128.9171,35.8517],[128.909,35.8508]]}},{"type":"Feature","properties":{},"geometry":{"type":"LineString","coordinates":[[129.1374,35.5416],[129.1376,35.5465]]}},{"type":"Feature","properties":{},"geometry":{"type":"LineString","coordinates":[[129.1437,35.5895],[129.1443,35.5911]]}},{"type":"Feature","properties":{},"geometry":{"type":"LineString","coordinates":[[129.1216,35.3278],[129.1227,35.3308]]}},{"type":"Feature","properties":{},"geometry":{"type":"LineString","coordinates":[[129.1376,35.5465],[129.1381,35.5541]]}},{"type":"Feature","properties":{},"geometry":{"type":"LineString","coordinates":[[129.1883,35.7331],[129.1883,35.7328]]}},{"type":"Feature","properties":{},"geometry":{"type":"LineString","coordinates":[[129.1849,35.7065],[129.185,35.7072]]}},{"type":"Feature","properties":{},"geometry":{"type":"LineString","coordinates":[[129.1843,35.7023],[129.1844,35.703]]}},{"type":"Feature","properties":{},"geometry":{"type":"LineString","coordinates":[[129.1752,35.6532],[129.1754,35.6535]]}},{"type":"Feature","properties":{},"geometry":{"type":"LineString","coordinates":[[129.179,35.6639],[129.1791,35.6642]]}},{"type":"Feature","properties":{},"geometry":{"type":"LineString","coordinates":[[129.1363,35.5256],[129.1364,35.5259]]}},{"type":"Feature","properties":{},"geometry":{"type":"LineString","coordinates":[[129.1347,35.4995],[129.1348,35.5004]]}},{"type":"Feature","properties":{},"geometry":{"type":"LineString","coordinates":[[129.1486,35.6032],[129.1495,35.6058]]}},{"type":"Feature","properties":{},"geometry":{"type":"LineString","coordinates":[[129.1821,35.7624],[129.1814,35.7637]]}},{"type":"Feature","properties":{},"geometry":{"type":"LineString","coordinates":[[129.1804,35.6722],[129.1843,35.7021]]}},{"type":"Feature","properties":{},"geometry":{"type":"LineString","coordinates":[[129.1495,35.6058],[129.1504,35.6084]]}},{"type":"Feature","properties":{},"geometry":{"type":"LineString","coordinates":[[129.1412,35.797],[129.1475,35.7935]]}},{"type":"Feature","properties":{},"geometry":{"type":"LineString","coordinates":[[129.1724,35.6481],[129.1738,35.6505]]}},{"type":"Feature","properties":{},"geometry":{"type":"LineString","coordinates":[[129.1843,35.7021],[129.1843,35.7023]]}},{"type":"Feature","properties":{},"geometry":{"type":"LineString","coordinates":[[129.177,35.6574],[129.1773,35.6582]]}},{"type":"Feature","properties":{},"geometry":{"type":"LineString","coordinates":[[129.1254,35.3472],[129.1256,35.352]]}},{"type":"Feature","properties":{},"geometry":{"type":"LineString","coordinates":[[129.1878,35.745],[129.1877,35.7456]]}},{"type":"Feature","properties":{},"geometry":{"type":"LineString","coordinates":[[129.1467,35.5979],[129.1486,35.6032]]}},{"type":"Feature","properties":{},"geometry":{"type":"LineString","coordinates":[[129.0976,35.8218],[129.0792,35.8321]]}},{"type":"Feature","properties":{},"geometry":{"type":"LineString","coordinates":[[129.1366,35.5305],[129.1367,35.532]]}},{"type":"Feature","properties":{},"geometry":{"type":"LineString","coordinates":[[129.1353,35.5087],[129.1354,35.5105]]}},{"type":"Feature","properties":{},"geometry":{"type":"LineString","coordinates":[[129.1844,35.703],[129.1846,35.7043]]}},{"type":"Feature","properties":{},"geometry":{"type":"LineString","coordinates":[[129.1381,35.5541],[129.1386,35.5617]]}},{"type":"Feature","properties":{},"geometry":{"type":"LineString","coordinates":[[129.1227,35.3308],[129.1238,35.3348]]}},{"type":"Feature","properties":{},"geometry":{"type":"LineString","coordinates":[[129.1589,35.6274],[129.1607,35.6302]]}},{"type":"Feature","properties":{},"geometry":{"type":"LineString","coordinates":[[129.1238,35.3348],[129.1249,35.3414]]}},{"type":"Feature","properties":{},"geometry":{"type":"LineString","coordinates":[[129.1006,35.8202],[129.0976,35.8218]]}},{"type":"Feature","properties":{},"geometry":{"type":"LineString","coordinates":[[129.0971,35.2943],[129.1001,35.2977]]}},{"type":"Feature","properties":{},"geometry":{"type":"LineString","coordinates":[[129.1847,35.7055],[129.1849,35.7065]]}},{"type":"Feature","properties":{},"geometry":{"type":"LineString","coordinates":[[129.1797,35.6675],[129.1799,35.6681]]}},{"type":"Feature","properties":{},"geometry":{"type":"LineString","coordinates":[[129.1363,35.525],[129.1363,35.5256]]}},{"type":"Feature","properties":{},"geometry":{"type":"LineString","coordinates":[[129.14,35.5768],[129.1401,35.5769]]}},{"type":"Feature","properties":{},"geometry":{"type":"LineString","coordinates":[[129.1355,35.5124],[129.1356,35.5136]]}},{"type":"Feature","properties":{},"geometry":{"type":"LineString","coordinates":[[129.1401,35.5774],[129.1402,35.5775]]}},{"type":"Feature","properties":{},"geometry":{"type":"LineString","coordinates":[[129.1773,35.6582],[129.1782,35.6607]]}},{"type":"Feature","properties":{},"geometry":{"type":"LineString","coordinates":[[129.1746,35.6519],[129.1746,35.652]]}},{"type":"Feature","properties":{},"geometry":{"type":"LineString","coordinates":[[129.1877,35.7456],[129.1869,35.7499]]}},{"type":"Feature","properties":{},"geometry":{"type":"LineString","coordinates":[[129.1402,35.5775],[129.1406,35.5794]]}},{"type":"Feature","properties":{},"geometry":{"type":"LineString","coordinates":[[129.1361,35.5217],[129.1362,35.5239]]}},{"type":"Feature","properties":{},"geometry":{"type":"LineString","coordinates":[[129.1272,35.3768],[129.1273,35.3794]]}},{"type":"Feature","properties":{},"geometry":{"type":"LineString","coordinates":[[129.1661,35.6383],[129.1668,35.6395]]}},{"type":"Feature","properties":{},"geometry":{"type":"LineString","coordinates":[[129.1006,35.2983],[129.1134,35.3132]]}},{"type":"Feature","properties":{},"geometry":{"type":"LineString","coordinates":[[129.1366,35.5296],[129.1366,35.5305]]}},{"type":"Feature","properties":{},"geometry":{"type":"LineString","coordinates":[[129.1801,35.6696],[129.1804,35.6722]]}},{"type":"Feature","properties":{},"geometry":{"type":"LineString","coordinates":[[129.1356,35.5136],[129.1359,35.519]]}},{"type":"Feature","properties":{},"geometry":{"type":"LineString","coordinates":[[129.1794,35.767],[129.1741,35.7739]]}},{"type":"Feature","properties":{},"geometry":{"type":"LineString","coordinates":[[129.0788,35.8323],[129.0763,35.8334]]}},{"type":"Feature","properties":{},"geometry":{"type":"LineString","coordinates":[[129.1348,35.5004],[129.1349,35.5027]]}},{"type":"Feature","properties":{},"geometry":{"type":"LineString","coordinates":[[129.1353,35.5084],[129.1353,35.5087]]}},{"type":"Feature","properties":{},"geometry":{"type":"LineString","coordinates":[[129.0792,35.8321],[129.0788,35.8323]]}},{"type":"Feature","properties":{},"geometry":{"type":"LineString","coordinates":[[129.1529,35.6154],[129.154,35.6183]]}},{"type":"Feature","properties":{},"geometry":{"type":"LineString","coordinates":[[129.1555,35.6215],[129.1576,35.6252]]}},{"type":"Feature","properties":{},"geometry":{"type":"LineString","coordinates":[[129.1249,35.3414],[129.1252,35.3454]]}},{"type":"Feature","properties":{},"geometry":{"type":"LineString","coordinates":[[129.1883,35.7331],[129.1885,35.7373]]}},{"type":"Feature","properties":{},"geometry":{"type":"LineString","coordinates":[[129.1828,35.7609],[129.1821,35.7624]]}},{"type":"Feature","properties":{},"geometry":{"type":"LineString","coordinates":[[129.1313,35.8029],[129.1366,35.7996]]}},{"type":"Feature","properties":{},"geometry":{"type":"LineString","coordinates":[[129.1401,35.5769],[129.1401,35.5774]]}},{"type":"Feature","properties":{},"geometry":{"type":"LineString","coordinates":[[129.1869,35.7499],[129.1863,35.7519]]}},{"type":"Feature","properties":{},"geometry":{"type":"LineString","coordinates":[[129.174,35.6509],[129.1746,35.6519]]}},{"type":"Feature","properties":{},"geometry":{"type":"LineString","coordinates":[[129.1367,35.532],[129.1369,35.5348]]}},{"type":"Feature","properties":{},"geometry":{"type":"LineString","coordinates":[[129.1252,35.3454],[129.1254,35.3472]]}},{"type":"Feature","properties":{},"geometry":{"type":"LineString","coordinates":[[129.1364,35.5259],[129.1366,35.5296]]}},{"type":"Feature","properties":{},"geometry":{"type":"LineString","coordinates":[[129.1707,35.6453],[129.1709,35.6456]]}},{"type":"Feature","properties":{},"geometry":{"type":"LineString","coordinates":[[129.1754,35.6535],[129.1768,35.6567]]}},{"type":"Feature","properties":{},"geometry":{"type":"LineString","coordinates":[[129.1616,35.6316],[129.1619,35.632]]}},{"type":"Feature","properties":{},"geometry":{"type":"LineString","coordinates":[[129.1799,35.6681],[129.1801,35.6696]]}},{"type":"Feature","properties":{},"geometry":{"type":"LineString","coordinates":[[129.1707,35.7775],[129.1653,35.7822]]}},{"type":"Feature","properties":{},"geometry":{"type":"LineString","coordinates":[[129.1863,35.7519],[129.1828,35.7609]]}},{"type":"Feature","properties":{},"geometry":{"type":"LineString","coordinates":[[129.1386,35.5618],[129.1393,35.571]]}},{"type":"Feature","properties":{},"geometry":{"type":"LineString","coordinates":[[129.1653,35.7822],[129.1475,35.7935]]}},{"type":"Feature","properties":{},"geometry":{"type":"LineString","coordinates":[[129.1814,35.7637],[129.1794,35.767]]}},{"type":"Feature","properties":{},"geometry":{"type":"LineString","coordinates":[[129.1551,35.6207],[129.1555,35.6215]]}},{"type":"Feature","properties":{},"geometry":{"type":"LineString","coordinates":[[129.0071,35.8548],[129.0025,35.8556]]}},{"type":"Feature","properties":{},"geometry":{"type":"LineString","coordinates":[[129.1271,35.3763],[129.1272,35.3768]]}},{"type":"Feature","properties":{},"geometry":{"type":"LineString","coordinates":[[129.1741,35.7739],[129.1725,35.7756]]}},{"type":"Feature","properties":{},"geometry":{"type":"LineString","coordinates":[[129.185,35.7072],[129.1851,35.7085]]}},{"type":"Feature","properties":{},"geometry":{"type":"LineString","coordinates":[[129.0763,35.8334],[129.0746,35.8342]]}},{"type":"Feature","properties":{},"geometry":{"type":"LineString","coordinates":[[129.1369,35.5348],[129.1374,35.5413]]}},{"type":"Feature","properties":{},"geometry":{"type":"LineString","coordinates":[[129.1851,35.7085],[129.188,35.7291]]}},{"type":"Feature","properties":{},"geometry":{"type":"LineString","coordinates":[[129.0951,35.292],[129.0954,35.2923]]}},{"type":"Feature","properties":{},"geometry":{"type":"LineString","coordinates":[[129.1313,35.8029],[129.1087,35.8155]]}},{"type":"Feature","properties":{},"geometry":{"type":"LineString","coordinates":[[129.1768,35.6567],[129.177,35.6574]]}},{"type":"Feature","properties":{},"geometry":{"type":"LineString","coordinates":[[129.1386,35.5617],[129.1386,35.5618]]}},{"type":"Feature","properties":{},"geometry":{"type":"LineString","coordinates":[[129.1795,35.6663],[129.1797,35.6675]]}},{"type":"Feature","properties":{},"geometry":{"type":"LineString","coordinates":[[129.1709,35.6456],[129.1714,35.6464]]}},{"type":"Feature","properties":{},"geometry":{"type":"LineString","coordinates":[[129.1714,35.6464],[129.1724,35.6481]]}},{"type":"Feature","properties":{},"geometry":{"type":"LineString","coordinates":[[129.1846,35.7043],[129.1847,35.7055]]}},{"type":"Feature","properties":{},"geometry":{"type":"LineString","coordinates":[[129.1354,35.5107],[129.1355,35.5124]]}},{"type":"Feature","properties":{},"geometry":{"type":"LineString","coordinates":[[129.1746,35.652],[129.1752,35.6532]]}},{"type":"Feature","properties":{},"geometry":{"type":"LineString","coordinates":[[129.1087,35.8155],[129.104,35.8183]]}},{"type":"Feature","properties":{},"geometry":{"type":"LineString","coordinates":[[129.0936,35.2902],[129.0951,35.292]]}},{"type":"Feature","properties":{},"geometry":{"type":"LineString","coordinates":[[129.1449,35.5927],[129.1467,35.5979]]}},{"type":"Feature","properties":{},"geometry":{"type":"LineString","coordinates":[[129.1412,35.797],[129.1366,35.7996]]}},{"type":"Feature","properties":{},"geometry":{"type":"LineString","coordinates":[[129.1256,35.352],[129.1271,35.3763]]}},{"type":"Feature","properties":{},"geometry":{"type":"LineString","coordinates":[[129.1406,35.5794],[129.1437,35.5895]]}},{"type":"Feature","properties":{},"geometry":{"type":"LineString","coordinates":[[129.1374,35.5413],[129.1374,35.5416]]}},{"type":"Feature","properties":{},"geometry":{"type":"LineString","coordinates":[[129.1395,35.5733],[129.1395,35.5735]]}},{"type":"Feature","properties":{},"geometry":{"type":"LineString","coordinates":[[129.1885,35.7373],[129.1884,35.7386]]}},{"type":"Feature","properties":{},"geometry":{"type":"LineString","coordinates":[[129.1443,35.5911],[129.1445,35.5918]]}},{"type":"Feature","properties":{},"geometry":{"type":"LineString","coordinates":[[129.1738,35.6505],[129.174,35.6509]]}},{"type":"Feature","properties":{},"geometry":{"type":"LineString","coordinates":[[129.1791,35.6642],[129.1795,35.6663]]}},{"type":"Feature","properties":{},"geometry":{"type":"LineString","coordinates":[[129.1789,35.6631],[129.179,35.6639]]}},{"type":"Feature","properties":{},"geometry":{"type":"LineString","coordinates":[[129.104,35.8183],[129.1006,35.8202]]}},{"type":"Feature","properties":{},"geometry":{"type":"LineString","coordinates":[[129.1395,35.5735],[129.14,35.5768]]}},{"type":"Feature","properties":{},"geometry":{"type":"LineString","coordinates":[[129.135,35.5036],[129.1353,35.5084]]}},{"type":"Feature","properties":{},"geometry":{"type":"LineString","coordinates":[[129.1884,35.7386],[129.1878,35.745]]}},{"type":"Feature","properties":{},"geometry":{"type":"LineString","coordinates":[[129.1354,35.5105],[129.1354,35.5107]]}},{"type":"Feature","properties":{},"geometry":{"type":"LineString","coordinates":[[128.988,35.8573],[128.9709,35.8572],[128.9361,35.8536]]}},{"type":"Feature","properties":{},"geometry":{"type":"LineString","coordinates":[[129.1001,35.2977],[129.1006,35.2983]]}},{"type":"Feature","properties":{},"geometry":{"type":"LineString","coordinates":[[129.1134,35.3132],[129.1157,35.3164]]}},{"type":"Feature","properties":{},"geometry":{"type":"LineString","coordinates":[[129.1274,35.3798],[129.1347,35.4995]]}},{"type":"Feature","properties":{},"geometry":{"type":"LineString","coordinates":[[129.1881,35.7309],[129.1883,35.7328]]}},{"type":"Feature","properties":{},"geometry":{"type":"LineString","coordinates":[[129.1668,35.6395],[129.1707,35.6453]]}},{"type":"Feature","properties":{},"geometry":{"type":"LineString","coordinates":[[129.154,35.6183],[129.1551,35.6207]]}},{"type":"Feature","properties":{},"geometry":{"type":"LineString","coordinates":[[129.188,35.7291],[129.1881,35.7309]]}},{"type":"Feature","properties":{},"geometry":{"type":"LineString","coordinates":[[129.1504,35.6084],[129.1529,35.6154]]}},{"type":"Feature","properties":{},"geometry":{"type":"LineString","coordinates":[[129.0746,35.8342],[129.0627,35.8396],[129.0456,35.8456],[129.0277,35.8503],[129.0071,35.8548]]}},{"type":"Feature","properties":{},"geometry":{"type":"LineString","coordinates":[[129.1359,35.519],[129.1361,35.5217]]}},{"type":"Feature","properties":{},"geometry":{"type":"LineString","coordinates":[[129.1619,35.632],[129.1661,35.6383]]}},{"type":"Feature","properties":{},"geometry":{"type":"LineString","coordinates":[[129.1607,35.6302],[129.1616,35.6316]]}},{"type":"Feature","properties":{},"geometry":{"type":"LineString","coordinates":[[129.1782,35.6607],[129.1789,35.6631]]}},{"type":"Feature","properties":{},"geometry":{"type":"LineString","coordinates":[[129.1576,35.6252],[129.1589,35.6274]]}},{"type":"Feature","properties":{},"geometry":{"type":"LineString","coordinates":[[129.1273,35.3794],[129.1274,35.3798]]}},{"type":"Feature","properties":{},"geometry":{"type":"LineString","coordinates":[[129.1725,35.7756],[129.1707,35.7775]]}},{"type":"Feature","properties":{},"geometry":{"type":"LineString","coordinates":[[129.0931,35.2897],[129.0936,35.2902]]}},{"type":"Feature","properties":{},"geometry":{"type":"LineString","coordinates":[[129.1445,35.5918],[129.1449,35.5927]]}},{"type":"Feature","properties":{},"geometry":{"type":"LineString","coordinates":[[129.1362,35.5239],[129.1363,35.525]]}},{"type":"Feature","properties":{},"geometry":{"type":"LineString","coordinates":[[129.1349,35.5027],[129.135,35.5036]]}},{"type":"Feature","properties":{},"geometry":{"type":"LineString","coordinates":[[126.5519,35.0314],[126.5638,35.0343],[126.5692,35.0347],[126.5752,35.0338],[126.589,35.03]]}},{"type":"Feature","properties":{},"geometry":{"type":"LineString","coordinates":[[127.4151,36.4093],[127.415,36.4058]]}},{"type":"Feature","properties":{},"geometry":{"type":"LineString","coordinates":[[127.4154,36.4118],[127.4151,36.4093]]}},{"type":"Feature","properties":{},"geometry":{"type":"LineString","coordinates":[[127.4183,36.3591],[127.4179,36.3585]]}},{"type":"Feature","properties":{},"geometry":{"type":"LineString","coordinates":[[127.4179,36.3585],[127.4176,36.3576]]}},{"type":"Feature","properties":{},"geometry":{"type":"LineString","coordinates":[[127.4302,36.3405],[127.4237,36.3461],[127.4199,36.3507],[127.4176,36.3548],[127.4181,36.3584]]}},{"type":"Feature","properties":{},"geometry":{"type":"LineString","coordinates":[[127.4185,36.3591],[127.4181,36.3584]]}},{"type":"Feature","properties":{},"geometry":{"type":"LineString","coordinates":[[127.4235,36.37],[127.4232,36.3692]]}},{"type":"Feature","properties":{},"geometry":{"type":"LineString","coordinates":[[127.4238,36.3724],[127.422,36.3655],[127.4183,36.3591]]}},{"type":"Feature","properties":{},"geometry":{"type":"LineString","coordinates":[[127.4353,36.3303],[127.4332,36.3344]]}},{"type":"Feature","properties":{},"geometry":{"type":"LineString","coordinates":[[127.4228,36.3795],[127.424,36.3777]]}},{"type":"Feature","properties":{},"geometry":{"type":"LineString","coordinates":[[127.4225,36.3798],[127.4228,36.3795]]}},{"type":"Feature","properties":{},"geometry":{"type":"LineString","coordinates":[[127.4235,36.37],[127.424,36.3727]]}},{"type":"Feature","properties":{},"geometry":{"type":"LineString","coordinates":[[126.4302,34.8203],[126.4479,34.8208],[126.4533,34.8219]]}},{"type":"Feature","properties":{},"geometry":{"type":"LineString","coordinates":[[126.5357,35.0212],[126.5422,35.0258]]}},{"type":"Feature","properties":{},"geometry":{"type":"LineString","coordinates":[[126.4939,34.8785],[126.4946,34.883]]}},{"type":"Feature","properties":{},"geometry":{"type":"LineString","coordinates":[[126.4965,34.8962],[126.5,34.9125]]}},{"type":"Feature","properties":{},"geometry":{"type":"LineString","coordinates":[[126.4921,34.8688],[126.4938,34.8774]]}},{"type":"Feature","properties":{},"geometry":{"type":"LineString","coordinates":[[126.5,34.9125],[126.5006,34.9151]]}},{"type":"Feature","properties":{},"geometry":{"type":"LineString","coordinates":[[126.5006,34.9151],[126.5017,34.9204]]}},{"type":"Feature","properties":{},"geometry":{"type":"LineString","coordinates":[[126.4938,34.8774],[126.4939,34.8785]]}},{"type":"Feature","properties":{},"geometry":{"type":"LineString","coordinates":[[126.8095,35.4356],[126.8138,35.4469],[126.8131,35.4501],[126.8093,35.4574]]}},{"type":"Feature","properties":{},"geometry":{"type":"LineString","coordinates":[[126.4533,34.8219],[126.4581,34.8246],[126.4632,34.8306]]}},{"type":"Feature","properties":{},"geometry":{"type":"LineString","coordinates":[[126.5017,34.9204],[126.5018,34.9211]]}},{"type":"Feature","properties":{},"geometry":{"type":"LineString","coordinates":[[126.4954,34.8893],[126.496,34.8936]]}},{"type":"Feature","properties":{},"geometry":{"type":"LineString","coordinates":[[126.4897,34.8648],[126.4921,34.8688]]}},{"type":"Feature","properties":{},"geometry":{"type":"LineString","coordinates":[[126.4821,34.855],[126.4897,34.8648]]}},{"type":"Feature","properties":{},"geometry":{"type":"LineString","coordinates":[[126.5287,35.0148],[126.5317,35.0182],[126.5357,35.0212]]}},{"type":"Feature","properties":{},"geometry":{"type":"LineString","coordinates":[[128.9195,35.9616],[128.9191,35.9623]]}},{"type":"Feature","properties":{},"geometry":{"type":"LineString","coordinates":[[128.9187,35.9632],[128.919,35.9627]]}},{"type":"Feature","properties":{},"geometry":{"type":"LineString","coordinates":[[126.3872,34.7907],[126.3886,34.7953]]}},{"type":"Feature","properties":{},"geometry":{"type":"LineString","coordinates":[[126.8093,35.4574],[126.797,35.4756]]}},{"type":"Feature","properties":{},"geometry":{"type":"LineString","coordinates":[[126.7964,35.4843],[126.7953,35.4817],[126.7953,35.4791]]}},{"type":"Feature","properties":{},"geometry":{"type":"LineString","coordinates":[[128.1006,35.1464],[128.0972,35.1463]]}},{"type":"Feature","properties":{},"geometry":{"type":"LineString","coordinates":[[128.1109,35.1481],[128.1234,35.1516]]}},{"type":"Feature","properties":{},"geometry":{"type":"LineString","coordinates":[[127.1649,35.8464],[127.165,35.8462]]}},{"type":"Feature","properties":{},"geometry":{"type":"LineString","coordinates":[[127.1666,35.844],[127.167,35.8434]]}},{"type":"Feature","properties":{},"geometry":{"type":"LineString","coordinates":[[127.167,35.8434],[127.1693,35.8406]]}},{"type":"Feature","properties":{},"geometry":{"type":"LineString","coordinates":[[127.1693,35.8406],[127.1697,35.8402]]}},{"type":"Feature","properties":{},"geometry":{"type":"LineString","coordinates":[[127.165,35.8462],[127.1666,35.844]]}},{"type":"Feature","properties":{},"geometry":{"type":"LineString","coordinates":[[129.3624,35.5556],[129.3612,35.5522]]}},{"type":"Feature","properties":{},"geometry":{"type":"LineString","coordinates":[[129.3625,35.5561],[129.3624,35.5556]]}},{"type":"Feature","properties":{},"geometry":{"type":"LineString","coordinates":[[129.3433,35.5202],[129.3428,35.5195]]}},{"type":"Feature","properties":{},"geometry":{"type":"LineString","coordinates":[[129.3358,35.5118],[129.3329,35.5111]]}},{"type":"Feature","properties":{},"geometry":{"type":"LineString","coordinates":[[129.3309,35.511],[129.3281,35.5104]]}},{"type":"Feature","properties":{},"geometry":{"type":"LineString","coordinates":[[129.0574,35.1398],[129.0575,35.1448]]}},{"type":"Feature","properties":{},"geometry":{"type":"LineString","coordinates":[[128.7255,35.8238],[128.729,35.816]]}},{"type":"Feature","properties":{},"geometry":{"type":"LineString","coordinates":[[128.7255,35.824],[128.7255,35.8238]]}},{"type":"Feature","properties":{},"geometry":{"type":"LineString","coordinates":[[129.3595,35.5491],[129.3563,35.5431]]}},{"type":"Feature","properties":{},"geometry":{"type":"LineString","coordinates":[[128.5673,35.2282],[128.5678,35.2285]]}},{"type":"Feature","properties":{},"geometry":{"type":"LineString","coordinates":[[128.6588,35.2696],[128.6548,35.2706],[128.6447,35.2715]]}},{"type":"Feature","properties":{},"geometry":{"type":"LineString","coordinates":[[128.6611,35.2686],[128.6588,35.2696]]}},{"type":"Feature","properties":{},"geometry":{"type":"LineString","coordinates":[[127.1564,36.2243],[127.1506,36.226],[127.1443,36.2289],[127.1394,36.2291],[127.127,36.2215],[127.1173,36.2171],[127.1122,36.2135]]}},{"type":"Feature","properties":{},"geometry":{"type":"LineString","coordinates":[[129.0109,35.2883],[129.0129,35.2864]]}},{"type":"Feature","properties":{},"geometry":{"type":"LineString","coordinates":[[128.9953,35.2035],[128.9921,35.2001],[128.9906,35.1939]]}},{"type":"Feature","properties":{},"geometry":{"type":"LineString","coordinates":[[129.0129,35.2864],[129.0131,35.2862]]}},{"type":"Feature","properties":{},"geometry":{"type":"LineString","coordinates":[[129.0021,35.2097],[129.0017,35.2091]]}},{"type":"Feature","properties":{},"geometry":{"type":"LineString","coordinates":[[129.0133,35.2859],[129.0146,35.2828]]}},{"type":"Feature","properties":{},"geometry":{"type":"LineString","coordinates":[[129.0017,35.2091],[129.0007,35.2083]]}},{"type":"Feature","properties":{},"geometry":{"type":"LineString","coordinates":[[129.017,35.2753],[129.018,35.2702],[129.0102,35.2543],[129.0091,35.2424]]}},{"type":"Feature","properties":{},"geometry":{"type":"LineString","coordinates":[[129.0091,35.2424],[129.0086,35.2397]]}},{"type":"Feature","properties":{},"geometry":{"type":"LineString","coordinates":[[129.0131,35.2862],[129.0133,35.2859]]}},{"type":"Feature","properties":{},"geometry":{"type":"LineString","coordinates":[[129.0086,35.2397],[129.0076,35.2343]]}},{"type":"Feature","properties":{},"geometry":{"type":"LineString","coordinates":[[129.0147,35.2827],[129.0169,35.2755]]}},{"type":"Feature","properties":{},"geometry":{"type":"LineString","coordinates":[[129.0146,35.2828],[129.0147,35.2827]]}},{"type":"Feature","properties":{},"geometry":{"type":"LineString","coordinates":[[129.0169,35.2755],[129.017,35.2753]]}},{"type":"Feature","properties":{},"geometry":{"type":"LineString","coordinates":[[129.0076,35.2343],[129.0047,35.2181],[129.0021,35.2097]]}},{"type":"Feature","properties":{},"geometry":{"type":"LineString","coordinates":[[129.0567,35.1509],[129.0554,35.1532]]}},{"type":"Feature","properties":{},"geometry":{"type":"LineString","coordinates":[[129.057,35.1503],[129.0567,35.1509]]}},{"type":"Feature","properties":{},"geometry":{"type":"LineString","coordinates":[[128.9891,35.1867],[128.9883,35.1831],[128.9882,35.1785]]}},{"type":"Feature","properties":{},"geometry":{"type":"LineString","coordinates":[[128.9882,35.1785],[128.988,35.1748]]}},{"type":"Feature","properties":{},"geometry":{"type":"LineString","coordinates":[[129.025,35.1548],[129.0252,35.1548]]}},{"type":"Feature","properties":{},"geometry":{"type":"LineString","coordinates":[[128.9906,35.1937],[128.9895,35.1888]]}},{"type":"Feature","properties":{},"geometry":{"type":"LineString","coordinates":[[129.0252,35.1548],[129.0377,35.157]]}},{"type":"Feature","properties":{},"geometry":{"type":"LineString","coordinates":[[128.9873,35.1675],[128.9908,35.1578],[128.9972,35.1528],[129.0037,35.1515],[129.0082,35.1524],[129.0151,35.1526],[129.025,35.1548]]}},{"type":"Feature","properties":{},"geometry":{"type":"LineString","coordinates":[[128.9892,35.1872],[128.9891,35.1867]]}},{"type":"Feature","properties":{},"geometry":{"type":"LineString","coordinates":[[128.988,35.1748],[128.988,35.1748]]}},{"type":"Feature","properties":{},"geometry":{"type":"LineString","coordinates":[[128.9882,35.1785],[128.9882,35.1785]]}},{"type":"Feature","properties":{},"geometry":{"type":"LineString","coordinates":[[128.988,35.1748],[128.9873,35.1677]]}},{"type":"Feature","properties":{},"geometry":{"type":"LineString","coordinates":[[128.9906,35.1939],[128.9906,35.1937]]}},{"type":"Feature","properties":{},"geometry":{"type":"LineString","coordinates":[[128.9873,35.1677],[128.9873,35.1675]]}},{"type":"Feature","properties":{},"geometry":{"type":"LineString","coordinates":[[129.0007,35.2083],[129.0005,35.2081]]}},{"type":"Feature","properties":{},"geometry":{"type":"LineString","coordinates":[[129.0005,35.2081],[128.9986,35.2064]]}},{"type":"Feature","properties":{},"geometry":{"type":"LineString","coordinates":[[129.0554,35.1532],[129.0553,35.1533]]}},{"type":"Feature","properties":{},"geometry":{"type":"LineString","coordinates":[[129.0527,35.1579],[129.053,35.1602],[129.0549,35.1618]]}},{"type":"Feature","properties":{},"geometry":{"type":"LineString","coordinates":[[129.0529,35.1574],[129.0527,35.1579]]}},{"type":"Feature","properties":{},"geometry":{"type":"LineString","coordinates":[[129.0553,35.1533],[129.0529,35.1574]]}},{"type":"Feature","properties":{},"geometry":{"type":"LineString","coordinates":[[129.0378,35.157],[129.0386,35.1571]]}},{"type":"Feature","properties":{},"geometry":{"type":"LineString","coordinates":[[129.0461,35.1567],[129.0467,35.1563]]}},{"type":"Feature","properties":{},"geometry":{"type":"LineString","coordinates":[[129.0467,35.1563],[129.057,35.1459],[129.0574,35.1371],[129.0557,35.1338]]}},{"type":"Feature","properties":{},"geometry":{"type":"LineString","coordinates":[[129.0377,35.157],[129.0378,35.157]]}},{"type":"Feature","properties":{},"geometry":{"type":"LineString","coordinates":[[129.0388,35.1571],[129.0437,35.1576],[129.0461,35.1567]]}},{"type":"Feature","properties":{},"geometry":{"type":"LineString","coordinates":[[129.0386,35.1571],[129.0388,35.1571]]}},{"type":"Feature","properties":{},"geometry":{"type":"LineString","coordinates":[[129.0551,35.1619],[129.0606,35.1646]]}},{"type":"Feature","properties":{},"geometry":{"type":"LineString","coordinates":[[129.0549,35.1618],[129.0551,35.1619]]}},{"type":"Feature","properties":{},"geometry":{"type":"LineString","coordinates":[[129.0617,35.1651],[129.0611,35.1648]]}},{"type":"Feature","properties":{},"geometry":{"type":"LineString","coordinates":[[129.0433,35.1173],[129.0441,35.1188]]}},{"type":"Feature","properties":{},"geometry":{"type":"LineString","coordinates":[[129.0434,35.1172],[129.0441,35.1188]]}},{"type":"Feature","properties":{},"geometry":{"type":"LineString","coordinates":[[129.0421,35.1147],[129.0432,35.1173]]}},{"type":"Feature","properties":{},"geometry":{"type":"LineString","coordinates":[[129.0452,35.1216],[129.0432,35.1173]]}},{"type":"Feature","properties":{},"geometry":{"type":"LineString","coordinates":[[129.0421,35.1147],[129.0433,35.1173]]}},{"type":"Feature","properties":{},"geometry":{"type":"LineString","coordinates":[[129.0435,35.1172],[129.0445,35.1195]]}},{"type":"Feature","properties":{},"geometry":{"type":"LineString","coordinates":[[129.0501,35.1286],[129.0478,35.1265]]}},{"type":"Feature","properties":{},"geometry":{"type":"LineString","coordinates":[[129.0445,35.1197],[129.0448,35.1203]]}},{"type":"Feature","properties":{},"geometry":{"type":"LineString","coordinates":[[129.0557,35.1338],[129.0477,35.1266],[129.0452,35.1216]]}},{"type":"Feature","properties":{},"geometry":{"type":"LineString","coordinates":[[129.0535,35.1318],[129.057,35.1354],[129.0574,35.1398]]}},{"type":"Feature","properties":{},"geometry":{"type":"LineString","coordinates":[[129.05,35.1286],[129.0515,35.1299]]}},{"type":"Feature","properties":{},"geometry":{"type":"LineString","coordinates":[[129.0501,35.1286],[129.0516,35.1299]]}},{"type":"Feature","properties":{},"geometry":{"type":"LineString","coordinates":[[129.0515,35.1299],[129.056,35.134],[129.0574,35.1374],[129.0572,35.1495],[129.053,35.1572],[129.0527,35.1596],[129.0552,35.1621],[129.0656,35.1673],[129.0668,35.1694],[129.0669,35.1725]]}},{"type":"Feature","properties":{},"geometry":{"type":"LineString","coordinates":[[129.061,35.1647],[129.0571,35.1628]]}},{"type":"Feature","properties":{},"geometry":{"type":"LineString","coordinates":[[129.0606,35.1646],[129.0616,35.1651]]}},{"type":"Feature","properties":{},"geometry":{"type":"LineString","coordinates":[[129.1315,35.803],[129.1333,35.8019]]}},{"type":"Feature","properties":{},"geometry":{"type":"LineString","coordinates":[[129.1333,35.8019],[129.1369,35.7999]]}},{"type":"Feature","properties":{},"geometry":{"type":"LineString","coordinates":[[129.1478,35.7938],[129.1655,35.7832]]}},{"type":"Feature","properties":{},"geometry":{"type":"LineString","coordinates":[[129.1414,35.7973],[129.1478,35.7938]]}},{"type":"Feature","properties":{},"geometry":{"type":"LineString","coordinates":[[127.5718,36.2625],[127.5577,36.2661],[127.5521,36.2687],[127.5278,36.2847]]}},{"type":"Feature","properties":{},"geometry":{"type":"LineString","coordinates":[[126.8976,37.4399],[126.8986,37.4438],[126.8972,37.4484]]}},{"type":"Feature","properties":{},"geometry":{"type":"LineString","coordinates":[[126.8972,37.4484],[126.8987,37.4436],[126.8977,37.4399]]}},{"type":"Feature","properties":{},"geometry":{"type":"LineString","coordinates":[[127.5113,36.2953],[127.4742,36.3139]]}},{"type":"Feature","properties":{},"geometry":{"type":"LineString","coordinates":[[127.5278,36.2847],[127.5242,36.2875]]}},{"type":"Feature","properties":{},"geometry":{"type":"LineString","coordinates":[[127.4742,36.3139],[127.4718,36.3148]]}},{"type":"Feature","properties":{},"geometry":{"type":"LineString","coordinates":[[128.5055,35.9535],[128.5046,35.9544]]}},{"type":"Feature","properties":{},"geometry":{"type":"LineString","coordinates":[[128.6888,35.8552],[128.6873,35.8553]]}},{"type":"Feature","properties":{},"geometry":{"type":"LineString","coordinates":[[128.7164,35.8541],[128.7122,35.8543]]}},{"type":"Feature","properties":{},"geometry":{"type":"LineString","coordinates":[[128.7344,35.8534],[128.7245,35.8538]]}},{"type":"Feature","properties":{},"geometry":{"type":"LineString","coordinates":[[128.6873,35.8553],[128.6843,35.8561]]}},{"type":"Feature","properties":{},"geometry":{"type":"LineString","coordinates":[[128.6612,35.8708],[128.648,35.8745],[128.6461,35.8758],[128.642,35.8806],[128.6391,35.8816],[128.6364,35.8814]]}},{"type":"Feature","properties":{},"geometry":{"type":"LineString","coordinates":[[128.6633,35.8699],[128.6612,35.8708]]}},{"type":"Feature","properties":{},"geometry":{"type":"LineString","coordinates":[[128.6805,35.8581],[128.6778,35.8608]]}},{"type":"Feature","properties":{},"geometry":{"type":"LineString","coordinates":[[128.6843,35.8561],[128.6811,35.8576]]}},{"type":"Feature","properties":{},"geometry":{"type":"LineString","coordinates":[[127.379,36.5717],[127.3793,36.5713]]}},{"type":"Feature","properties":{},"geometry":{"type":"LineString","coordinates":[[127.3793,36.5714],[127.3791,36.5717]]}},{"type":"Feature","properties":{},"geometry":{"type":"LineString","coordinates":[[127.3732,36.5788],[127.379,36.5717]]}},{"type":"Feature","properties":{},"geometry":{"type":"LineString","coordinates":[[127.3851,36.5609],[127.3863,36.5578]]}},{"type":"Feature","properties":{},"geometry":{"type":"LineString","coordinates":[[127.3561,36.5945],[127.3623,36.5889]]}},{"type":"Feature","properties":{},"geometry":{"type":"LineString","coordinates":[[127.3623,36.5889],[127.3708,36.5811]]}},{"type":"Feature","properties":{},"geometry":{"type":"LineString","coordinates":[[127.3708,36.5811],[127.3732,36.5788]]}},{"type":"Feature","properties":{},"geometry":{"type":"LineString","coordinates":[[127.3814,36.5681],[127.3851,36.5609]]}},{"type":"Feature","properties":{},"geometry":{"type":"LineString","coordinates":[[127.3793,36.5713],[127.3814,36.5681]]}},{"type":"Feature","properties":{},"geometry":{"type":"LineString","coordinates":[[127.0947,36.8327],[127.096,36.8277]]}},{"type":"Feature","properties":{},"geometry":{"type":"LineString","coordinates":[[127.0942,36.8344],[127.0947,36.8327]]}},{"type":"Feature","properties":{},"geometry":{"type":"LineString","coordinates":[[129.1406,35.1695],[129.143,35.1695],[129.1497,35.1712],[129.1583,35.1793],[129.1622,35.1816],[129.1684,35.183],[129.1743,35.1825]]}},{"type":"Feature","properties":{},"geometry":{"type":"LineString","coordinates":[[127.0892,36.2048],[127.0865,36.2032]]}},{"type":"Feature","properties":{},"geometry":{"type":"LineString","coordinates":[[127.0865,36.2032],[127.0861,36.203]]}},{"type":"Feature","properties":{},"geometry":{"type":"LineString","coordinates":[[127.0861,36.203],[127.0824,36.2003]]}},{"type":"Feature","properties":{},"geometry":{"type":"LineString","coordinates":[[129.1472,35.7937],[129.1411,35.797]]}},{"type":"Feature","properties":{},"geometry":{"type":"LineString","coordinates":[[129.1367,35.7996],[129.1412,35.797]]}},{"type":"Feature","properties":{},"geometry":{"type":"LineString","coordinates":[[129.1745,35.7741],[129.1738,35.7749]]}},{"type":"Feature","properties":{},"geometry":{"type":"LineString","coordinates":[[129.1439,35.7958],[129.1473,35.7937]]}},{"type":"Feature","properties":{},"geometry":{"type":"LineString","coordinates":[[127.3496,36.2825],[127.3485,36.2816]]}},{"type":"Feature","properties":{},"geometry":{"type":"LineString","coordinates":[[129.3466,35.525],[129.3443,35.5217]]}},{"type":"Feature","properties":{},"geometry":{"type":"LineString","coordinates":[[126.9462,35.9739],[126.9474,35.9844],[126.9511,35.9926]]}},{"type":"Feature","properties":{},"geometry":{"type":"LineString","coordinates":[[126.9602,36.0106],[126.9618,36.0138]]}},{"type":"Feature","properties":{},"geometry":{"type":"LineString","coordinates":[[126.9756,36.0385],[126.9834,36.0501]]}},{"type":"Feature","properties":{},"geometry":{"type":"LineString","coordinates":[[126.8883,35.652],[126.8897,35.6548]]}},{"type":"Feature","properties":{},"geometry":{"type":"LineString","coordinates":[[126.9272,35.7852],[126.9262,35.7804]]}},{"type":"Feature","properties":{},"geometry":{"type":"LineString","coordinates":[[126.9032,35.6927],[126.9,35.6781],[126.8961,35.667]]}},{"type":"Feature","properties":{},"geometry":{"type":"LineString","coordinates":[[126.9432,35.9333],[126.9419,35.9285]]}},{"type":"Feature","properties":{},"geometry":{"type":"LineString","coordinates":[[126.8773,35.6326],[126.8778,35.6334]]}},{"type":"Feature","properties":{},"geometry":{"type":"LineString","coordinates":[[126.8759,35.6301],[126.8773,35.6326]]}},{"type":"Feature","properties":{},"geometry":{"type":"LineString","coordinates":[[126.8778,35.6334],[126.8792,35.636]]}},{"type":"Feature","properties":{},"geometry":{"type":"LineString","coordinates":[[126.9047,35.6991],[126.9032,35.6927]]}},{"type":"Feature","properties":{},"geometry":{"type":"LineString","coordinates":[[126.8897,35.6548],[126.8922,35.6593]]}},{"type":"Feature","properties":{},"geometry":{"type":"LineString","coordinates":[[126.8708,35.6207],[126.8723,35.6235]]}},{"type":"Feature","properties":{},"geometry":{"type":"LineString","coordinates":[[126.8587,35.5992],[126.862,35.605]]}},{"type":"Feature","properties":{},"geometry":{"type":"LineString","coordinates":[[129.2911,36.0025],[129.2909,36.0025]]}},{"type":"Feature","properties":{},"geometry":{"type":"LineString","coordinates":[[128.224,35.1719],[128.1916,35.1645],[128.1747,35.1572]]}},{"type":"Feature","properties":{},"geometry":{"type":"LineString","coordinates":[[127.3142,36.4746],[127.317,36.4761]]}},{"type":"Feature","properties":{},"geometry":{"type":"LineString","coordinates":[[127.2762,36.4537],[127.2766,36.4539]]}},{"type":"Feature","properties":{},"geometry":{"type":"LineString","coordinates":[[126.7736,35.2175],[126.7714,35.2223]]}},{"type":"Feature","properties":{},"geometry":{"type":"LineString","coordinates":[[127.3553,36.5815],[127.3546,36.585]]}},{"type":"Feature","properties":{},"geometry":{"type":"LineString","coordinates":[[127.3553,36.5815],[127.3556,36.5802]]}},{"type":"Feature","properties":{},"geometry":{"type":"LineString","coordinates":[[127.3387,36.494],[127.3282,36.4835]]}},{"type":"Feature","properties":{},"geometry":{"type":"LineString","coordinates":[[127.3142,36.4746],[127.2831,36.4576]]}},{"type":"Feature","properties":{},"geometry":{"type":"LineString","coordinates":[[127.0712,36.267],[127.0719,36.2687]]}},{"type":"Feature","properties":{},"geometry":{"type":"LineString","coordinates":[[126.8721,35.6321],[126.8711,35.6312]]}},{"type":"Feature","properties":{},"geometry":{"type":"LineString","coordinates":[[128.9033,37.7676],[128.9014,37.7661]]}},{"type":"Feature","properties":{},"geometry":{"type":"LineString","coordinates":[[128.9206,37.7427],[128.9291,37.7405]]}},{"type":"Feature","properties":{},"geometry":{"type":"LineString","coordinates":[[128.9316,37.7401],[128.9318,37.74]]}},{"type":"Feature","properties":{},"geometry":{"type":"LineString","coordinates":[[128.9192,37.7433],[128.9204,37.7428]]}},{"type":"Feature","properties":{},"geometry":{"type":"LineString","coordinates":[[128.9609,37.7372],[128.9641,37.7374],[128.9705,37.7402]]}},{"type":"Feature","properties":{},"geometry":{"type":"LineString","coordinates":[[128.9291,37.7405],[128.9293,37.7405]]}},{"type":"Feature","properties":{},"geometry":{"type":"LineString","coordinates":[[128.9318,37.74],[128.948,37.7377]]}},{"type":"Feature","properties":{},"geometry":{"type":"LineString","coordinates":[[128.9293,37.7405],[128.9316,37.7401]]}},{"type":"Feature","properties":{},"geometry":{"type":"LineString","coordinates":[[128.9607,37.7372],[128.9609,37.7372]]}},{"type":"Feature","properties":{},"geometry":{"type":"LineString","coordinates":[[127.418,36.3979],[127.4157,36.3941],[127.4151,36.3879],[127.4154,36.385]]}},{"type":"Feature","properties":{},"geometry":{"type":"LineString","coordinates":[[128.3434,36.9775],[128.3429,36.9817]]}},{"type":"Feature","properties":{},"geometry":{"type":"LineString","coordinates":[[128.3436,36.9764],[128.3434,36.9775]]}},{"type":"Feature","properties":{},"geometry":{"type":"LineString","coordinates":[[128.7083,35.85],[128.7107,35.8485]]}},{"type":"Feature","properties":{},"geometry":{"type":"LineString","coordinates":[[129.1798,35.1809],[129.1854,35.1794],[129.1895,35.179],[129.1935,35.1794],[129.1973,35.1811]]}},{"type":"Feature","properties":{},"geometry":{"type":"LineString","coordinates":[[127.1058,36.7895],[127.1034,36.7989]]}},{"type":"Feature","properties":{},"geometry":{"type":"LineString","coordinates":[[126.9397,35.9203],[126.9387,35.9141],[126.9386,35.9068]]}},{"type":"Feature","properties":{},"geometry":{"type":"LineString","coordinates":[[126.945,35.9289],[126.9513,35.9246]]}},{"type":"Feature","properties":{},"geometry":{"type":"LineString","coordinates":[[126.9448,35.9289],[126.9428,35.932],[126.9436,35.9355]]}},{"type":"Feature","properties":{},"geometry":{"type":"LineString","coordinates":[[127.0213,36.1575],[127.0119,36.1509],[127.011,36.1486],[127.0117,36.1445],[127.0113,36.1423]]}},{"type":"Feature","properties":{},"geometry":{"type":"LineString","coordinates":[[126.9436,35.9355],[126.9447,35.9382]]}},{"type":"Feature","properties":{},"geometry":{"type":"LineString","coordinates":[[128.9975,37.724],[128.9982,37.7234]]}},{"type":"Feature","properties":{},"geometry":{"type":"LineString","coordinates":[[129.0229,37.699],[129.0358,37.6889]]}},{"type":"Feature","properties":{},"geometry":{"type":"LineString","coordinates":[[129.0025,37.72],[129.0129,37.7085]]}},{"type":"Feature","properties":{},"geometry":{"type":"LineString","coordinates":[[128.9982,37.7234],[129.0025,37.72]]}},{"type":"Feature","properties":{},"geometry":{"type":"LineString","coordinates":[[129.0381,37.6232],[129.0352,37.6262]]}},{"type":"Feature","properties":{},"geometry":{"type":"LineString","coordinates":[[129.0448,35.1203],[129.0477,35.1265]]}},{"type":"Feature","properties":{},"geometry":{"type":"LineString","coordinates":[[128.7642,35.4835],[128.7644,35.4798],[128.7669,35.4773]]}},{"type":"Feature","properties":{},"geometry":{"type":"LineString","coordinates":[[128.919,35.9627],[128.9205,35.9605],[128.9225,35.9592]]}},{"type":"Feature","properties":{},"geometry":{"type":"LineString","coordinates":[[128.9225,35.9592],[128.9243,35.9587]]}},{"type":"Feature","properties":{},"geometry":{"type":"LineString","coordinates":[[128.7511,35.6344],[128.7545,35.6329]]}},{"type":"Feature","properties":{},"geometry":{"type":"LineString","coordinates":[[128.9744,35.3164],[128.979,35.3107],[128.999,35.2983],[129.0109,35.2883]]}},{"type":"Feature","properties":{},"geometry":{"type":"LineString","coordinates":[[128.9746,35.3224],[128.9744,35.3164]]}},{"type":"Feature","properties":{},"geometry":{"type":"LineString","coordinates":[[126.4632,34.8306],[126.4652,34.8332]]}},{"type":"Feature","properties":{},"geometry":{"type":"LineString","coordinates":[[126.4652,34.8332],[126.4672,34.8357]]}},{"type":"Feature","properties":{},"geometry":{"type":"LineString","coordinates":[[128.7264,35.7585],[128.7346,35.7531]]}},{"type":"Feature","properties":{},"geometry":{"type":"LineString","coordinates":[[128.7182,35.7703],[128.7194,35.7669],[128.7244,35.7605]]}},{"type":"Feature","properties":{},"geometry":{"type":"LineString","coordinates":[[126.8874,35.6758],[126.8878,35.6649],[126.8836,35.6552]]}},{"type":"Feature","properties":{},"geometry":{"type":"LineString","coordinates":[[126.8863,35.6835],[126.8864,35.6833]]}},{"type":"Feature","properties":{},"geometry":{"type":"LineString","coordinates":[[126.3894,34.7982],[126.3886,34.7953]]}},{"type":"Feature","properties":{},"geometry":{"type":"LineString","coordinates":[[128.7074,35.8506],[128.7083,35.85]]}},{"type":"Feature","properties":{},"geometry":{"type":"LineString","coordinates":[[128.7056,35.8517],[128.7074,35.8506]]}},{"type":"Feature","properties":{},"geometry":{"type":"LineString","coordinates":[[128.6324,35.8806],[128.6375,35.8817],[128.6403,35.8815],[128.6428,35.8801],[128.646,35.876],[128.6482,35.8745],[128.6631,35.8712],[128.6743,35.8645],[128.6813,35.8562],[128.6866,35.8547]]}},{"type":"Feature","properties":{},"geometry":{"type":"LineString","coordinates":[[128.7051,35.8519],[128.7056,35.8517]]}},{"type":"Feature","properties":{},"geometry":{"type":"LineString","coordinates":[[128.6778,35.8608],[128.6734,35.8653],[128.6658,35.8688]]}},{"type":"Feature","properties":{},"geometry":{"type":"LineString","coordinates":[[128.6658,35.8688],[128.6633,35.8699]]}},{"type":"Feature","properties":{},"geometry":{"type":"LineString","coordinates":[[126.8864,37.4193],[126.8859,37.4182]]}},{"type":"Feature","properties":{},"geometry":{"type":"LineString","coordinates":[[126.884,37.4152],[126.8854,37.4177]]}},{"type":"Feature","properties":{},"geometry":{"type":"LineString","coordinates":[[126.8855,37.4177],[126.8848,37.4164]]}},{"type":"Feature","properties":{},"geometry":{"type":"LineString","coordinates":[[126.8883,37.4225],[126.8865,37.4189]]}},{"type":"Feature","properties":{},"geometry":{"type":"LineString","coordinates":[[126.8838,37.4152],[126.8852,37.4178]]}},{"type":"Feature","properties":{},"geometry":{"type":"LineString","coordinates":[[126.8962,37.4507],[126.8972,37.4484]]}},{"type":"Feature","properties":{},"geometry":{"type":"LineString","coordinates":[[126.8972,37.4484],[126.8961,37.4507]]}},{"type":"Feature","properties":{},"geometry":{"type":"LineString","coordinates":[[126.8961,37.4507],[126.8956,37.452]]}},{"type":"Feature","properties":{},"geometry":{"type":"LineString","coordinates":[[126.8956,37.452],[126.8962,37.4507]]}},{"type":"Feature","properties":{},"geometry":{"type":"LineString","coordinates":[[126.9011,35.7703],[126.9027,35.7606]]}},{"type":"Feature","properties":{},"geometry":{"type":"LineString","coordinates":[[126.9011,35.7705],[126.9011,35.7703]]}},{"type":"Feature","properties":{},"geometry":{"type":"LineString","coordinates":[[126.9001,35.7771],[126.9002,35.7762]]}},{"type":"Feature","properties":{},"geometry":{"type":"LineString","coordinates":[[126.9002,35.7762],[126.9011,35.7705]]}},{"type":"Feature","properties":{},"geometry":{"type":"LineString","coordinates":[[126.8992,35.7875],[126.8991,35.7872]]}},{"type":"Feature","properties":{},"geometry":{"type":"LineString","coordinates":[[126.8991,35.7872],[126.8989,35.784],[126.9001,35.7771]]}},{"type":"Feature","properties":{},"geometry":{"type":"LineString","coordinates":[[126.9031,35.7485],[126.8963,35.7305]]}},{"type":"Feature","properties":{},"geometry":{"type":"LineString","coordinates":[[126.9027,35.7606],[126.9027,35.7604]]}},{"type":"Feature","properties":{},"geometry":{"type":"LineString","coordinates":[[126.9036,35.75],[126.9031,35.7485]]}},{"type":"Feature","properties":{},"geometry":{"type":"LineString","coordinates":[[126.9027,35.7604],[126.904,35.7526],[126.9036,35.75]]}},{"type":"Feature","properties":{},"geometry":{"type":"LineString","coordinates":[[126.8961,35.73],[126.8939,35.7241]]}},{"type":"Feature","properties":{},"geometry":{"type":"LineString","coordinates":[[126.8963,35.7305],[126.8961,35.73]]}},{"type":"Feature","properties":{},"geometry":{"type":"LineString","coordinates":[[126.8917,35.7182],[126.8881,35.7088],[126.8814,35.6967],[126.8816,35.6931]]}},{"type":"Feature","properties":{},"geometry":{"type":"LineString","coordinates":[[126.8918,35.7185],[126.8917,35.7182]]}},{"type":"Feature","properties":{},"geometry":{"type":"LineString","coordinates":[[126.893,35.7215],[126.8918,35.7185]]}},{"type":"Feature","properties":{},"geometry":{"type":"LineString","coordinates":[[126.8932,35.7221],[126.893,35.7215]]}},{"type":"Feature","properties":{},"geometry":{"type":"LineString","coordinates":[[128.6809,35.8578],[128.6805,35.8581]]}},{"type":"Feature","properties":{},"geometry":{"type":"LineString","coordinates":[[128.6811,35.8576],[128.6809,35.8578]]}},{"type":"Feature","properties":{},"geometry":{"type":"LineString","coordinates":[[126.9289,37.5136],[126.927,37.5131]]}},{"type":"Feature","properties":{},"geometry":{"type":"LineString","coordinates":[[126.927,37.5131],[126.9236,37.5135],[126.9174,37.5169]]}},{"type":"Feature","properties":{},"geometry":{"type":"LineString","coordinates":[[129.0478,35.1265],[129.0447,35.12]]}},{"type":"Feature","properties":{},"geometry":{"type":"LineString","coordinates":[[129.0477,35.1265],[129.05,35.1286]]}},{"type":"Feature","properties":{},"geometry":{"type":"LineString","coordinates":[[126.9563,37.5238],[126.9478,37.5163]]}},{"type":"Feature","properties":{},"geometry":{"type":"LineString","coordinates":[[126.9604,37.5268],[126.9563,37.5238]]}},{"type":"Feature","properties":{},"geometry":{"type":"LineString","coordinates":[[126.9137,37.4131],[126.9159,37.4104]]}},{"type":"Feature","properties":{},"geometry":{"type":"LineString","coordinates":[[126.9136,37.4133],[126.9137,37.4131]]}},{"type":"Feature","properties":{},"geometry":{"type":"LineString","coordinates":[[126.9111,37.4163],[126.9113,37.4161]]}},{"type":"Feature","properties":{},"geometry":{"type":"LineString","coordinates":[[126.9113,37.4161],[126.9136,37.4133]]}},{"type":"Feature","properties":{},"geometry":{"type":"LineString","coordinates":[[127.3254,36.4814],[127.3258,36.4817]]}},{"type":"Feature","properties":{},"geometry":{"type":"LineString","coordinates":[[127.3258,36.4817],[127.3269,36.4826]]}},{"type":"Feature","properties":{},"geometry":{"type":"LineString","coordinates":[[127.0253,36.1599],[127.0216,36.1577]]}},{"type":"Feature","properties":{},"geometry":{"type":"LineString","coordinates":[[127.0216,36.1577],[127.0213,36.1575]]}},{"type":"Feature","properties":{},"geometry":{"type":"LineString","coordinates":[[127.4594,36.3141],[127.4571,36.3142]]}},{"type":"Feature","properties":{},"geometry":{"type":"LineString","coordinates":[[127.0814,36.1991],[127.073,36.19],[127.0687,36.1786]]}},{"type":"Feature","properties":{},"geometry":{"type":"LineString","coordinates":[[127.0824,36.2003],[127.0814,36.1991]]}},{"type":"Feature","properties":{},"geometry":{"type":"LineString","coordinates":[[127.0696,36.9798],[127.0677,36.9693],[127.0683,36.9628]]}},{"type":"Feature","properties":{},"geometry":{"type":"LineString","coordinates":[[127.1187,37.4503],[127.1187,37.4377],[127.1177,37.417],[127.1202,37.3977]]}},{"type":"Feature","properties":{},"geometry":{"type":"LineString","coordinates":[[127.1101,36.2119],[127.1081,36.211],[127.0982,36.2098],[127.0892,36.2048]]}},{"type":"Feature","properties":{},"geometry":{"type":"LineString","coordinates":[[126.7778,35.2079],[126.7762,35.2116]]}},{"type":"Feature","properties":{},"geometry":{"type":"LineString","coordinates":[[126.7762,35.2116],[126.7779,35.208]]}},{"type":"Feature","properties":{},"geometry":{"type":"LineString","coordinates":[[126.7796,35.2039],[126.7778,35.2079]]}},{"type":"Feature","properties":{},"geometry":{"type":"LineString","coordinates":[[126.7751,35.214],[126.7742,35.2159]]}},{"type":"Feature","properties":{},"geometry":{"type":"LineString","coordinates":[[126.7743,35.2159],[126.7751,35.2141]]}},{"type":"Feature","properties":{},"geometry":{"type":"LineString","coordinates":[[126.7821,35.1982],[126.7796,35.2039]]}},{"type":"Feature","properties":{},"geometry":{"type":"LineString","coordinates":[[126.7779,35.208],[126.7797,35.204]]}},{"type":"Feature","properties":{},"geometry":{"type":"LineString","coordinates":[[126.7828,35.1967],[126.7821,35.1982]]}},{"type":"Feature","properties":{},"geometry":{"type":"LineString","coordinates":[[126.7797,35.204],[126.7822,35.1982]]}},{"type":"Feature","properties":{},"geometry":{"type":"LineString","coordinates":[[126.7822,35.1982],[126.7828,35.1967]]}},{"type":"Feature","properties":{},"geometry":{"type":"LineString","coordinates":[[126.7855,35.1905],[126.7828,35.1967]]}},{"type":"Feature","properties":{},"geometry":{"type":"LineString","coordinates":[[126.7828,35.1967],[126.7863,35.1891]]}},{"type":"Feature","properties":{},"geometry":{"type":"LineString","coordinates":[[126.7855,35.1905],[126.7862,35.1891]]}},{"type":"Feature","properties":{},"geometry":{"type":"LineString","coordinates":[[126.7742,35.2159],[126.7736,35.2175]]}},{"type":"Feature","properties":{},"geometry":{"type":"LineString","coordinates":[[126.7736,35.2175],[126.7743,35.2159]]}},{"type":"Feature","properties":{},"geometry":{"type":"LineString","coordinates":[[126.7715,35.2224],[126.7736,35.2175]]}},{"type":"Feature","properties":{},"geometry":{"type":"LineString","coordinates":[[126.7714,35.2223],[126.7705,35.2245]]}},{"type":"Feature","properties":{},"geometry":{"type":"LineString","coordinates":[[126.7705,35.2245],[126.7715,35.2224]]}},{"type":"Feature","properties":{},"geometry":{"type":"LineString","coordinates":[[126.7955,35.4884],[126.7925,35.481]]}},{"type":"Feature","properties":{},"geometry":{"type":"LineString","coordinates":[[126.7705,35.2245],[126.7666,35.2361]]}},{"type":"Feature","properties":{},"geometry":{"type":"LineString","coordinates":[[126.7663,35.238],[126.7659,35.2412]]}},{"type":"Feature","properties":{},"geometry":{"type":"LineString","coordinates":[[126.7664,35.238],[126.7667,35.2361]]}},{"type":"Feature","properties":{},"geometry":{"type":"LineString","coordinates":[[126.7644,35.2684],[126.7655,35.2462]]}},{"type":"Feature","properties":{},"geometry":{"type":"LineString","coordinates":[[126.7643,35.2684],[126.764,35.2705]]}},{"type":"Feature","properties":{},"geometry":{"type":"LineString","coordinates":[[126.7655,35.2462],[126.7656,35.2455]]}},{"type":"Feature","properties":{},"geometry":{"type":"LineString","coordinates":[[126.7655,35.2462],[126.7643,35.2684]]}},{"type":"Feature","properties":{},"geometry":{"type":"LineString","coordinates":[[126.7656,35.2455],[126.7657,35.2438]]}},{"type":"Feature","properties":{},"geometry":{"type":"LineString","coordinates":[[126.7655,35.2455],[126.7655,35.2462]]}},{"type":"Feature","properties":{},"geometry":{"type":"LineString","coordinates":[[126.764,35.2738],[126.7641,35.271]]}},{"type":"Feature","properties":{},"geometry":{"type":"LineString","coordinates":[[126.7639,35.2738],[126.7637,35.2765]]}},{"type":"Feature","properties":{},"geometry":{"type":"LineString","coordinates":[[126.7638,35.2765],[126.764,35.2738]]}},{"type":"Feature","properties":{},"geometry":{"type":"LineString","coordinates":[[126.7637,35.2765],[126.7637,35.2766]]}},{"type":"Feature","properties":{},"geometry":{"type":"LineString","coordinates":[[126.7619,35.3085],[126.762,35.3114]]}},{"type":"Feature","properties":{},"geometry":{"type":"LineString","coordinates":[[126.7625,35.3159],[126.762,35.3114]]}},{"type":"Feature","properties":{},"geometry":{"type":"LineString","coordinates":[[126.7624,35.3159],[126.7629,35.3191]]}},{"type":"Feature","properties":{},"geometry":{"type":"LineString","coordinates":[[126.762,35.3114],[126.7624,35.3159]]}},{"type":"Feature","properties":{},"geometry":{"type":"LineString","coordinates":[[126.762,35.3114],[126.762,35.3085]]}},{"type":"Feature","properties":{},"geometry":{"type":"LineString","coordinates":[[126.762,35.3085],[126.762,35.3079]]}},{"type":"Feature","properties":{},"geometry":{"type":"LineString","coordinates":[[126.7629,35.3191],[126.7625,35.3159]]}},{"type":"Feature","properties":{},"geometry":{"type":"LineString","coordinates":[[126.7629,35.3191],[126.7633,35.3219]]}},{"type":"Feature","properties":{},"geometry":{"type":"LineString","coordinates":[[126.7633,35.3219],[126.7639,35.3261]]}},{"type":"Feature","properties":{},"geometry":{"type":"LineString","coordinates":[[126.7633,35.3219],[126.7629,35.3191]]}},{"type":"Feature","properties":{},"geometry":{"type":"LineString","coordinates":[[126.7639,35.3261],[126.7641,35.3277]]}},{"type":"Feature","properties":{},"geometry":{"type":"LineString","coordinates":[[126.7642,35.3277],[126.764,35.3261]]}},{"type":"Feature","properties":{},"geometry":{"type":"LineString","coordinates":[[126.764,35.3261],[126.7633,35.3219]]}},{"type":"Feature","properties":{},"geometry":{"type":"LineString","coordinates":[[126.7641,35.3277],[126.7644,35.3299]]}},{"type":"Feature","properties":{},"geometry":{"type":"LineString","coordinates":[[126.7644,35.3299],[126.765,35.3339]]}},{"type":"Feature","properties":{},"geometry":{"type":"LineString","coordinates":[[126.7654,35.3359],[126.7651,35.3339]]}},{"type":"Feature","properties":{},"geometry":{"type":"LineString","coordinates":[[126.7653,35.3359],[126.7654,35.3361]]}},{"type":"Feature","properties":{},"geometry":{"type":"LineString","coordinates":[[126.765,35.3339],[126.7653,35.3359]]}},{"type":"Feature","properties":{},"geometry":{"type":"LineString","coordinates":[[126.7651,35.3339],[126.7645,35.3299]]}},{"type":"Feature","properties":{},"geometry":{"type":"LineString","coordinates":[[126.7689,35.3597],[126.7677,35.3515]]}},{"type":"Feature","properties":{},"geometry":{"type":"LineString","coordinates":[[126.7688,35.3597],[126.7693,35.3631]]}},{"type":"Feature","properties":{},"geometry":{"type":"LineString","coordinates":[[126.7676,35.3515],[126.7688,35.3597]]}},{"type":"Feature","properties":{},"geometry":{"type":"LineString","coordinates":[[126.7677,35.3515],[126.7675,35.3505]]}},{"type":"Feature","properties":{},"geometry":{"type":"LineString","coordinates":[[126.7674,35.3505],[126.7676,35.3515]]}},{"type":"Feature","properties":{},"geometry":{"type":"LineString","coordinates":[[126.7675,35.3505],[126.7673,35.3493]]}},{"type":"Feature","properties":{},"geometry":{"type":"LineString","coordinates":[[126.7673,35.3493],[126.7674,35.3505]]}},{"type":"Feature","properties":{},"geometry":{"type":"LineString","coordinates":[[126.7673,35.3493],[126.7656,35.3376]]}},{"type":"Feature","properties":{},"geometry":{"type":"LineString","coordinates":[[126.7693,35.3631],[126.7727,35.3866]]}},{"type":"Feature","properties":{},"geometry":{"type":"LineString","coordinates":[[126.7694,35.3631],[126.7689,35.3597]]}},{"type":"Feature","properties":{},"geometry":{"type":"LineString","coordinates":[[126.7656,35.3376],[126.7673,35.3493]]}},{"type":"Feature","properties":{},"geometry":{"type":"LineString","coordinates":[[126.7656,35.3376],[126.7654,35.3361]]}},{"type":"Feature","properties":{},"geometry":{"type":"LineString","coordinates":[[126.7737,35.3925],[126.7728,35.3866]]}},{"type":"Feature","properties":{},"geometry":{"type":"LineString","coordinates":[[126.7736,35.3926],[126.7737,35.3933]]}},{"type":"Feature","properties":{},"geometry":{"type":"LineString","coordinates":[[126.7727,35.3866],[126.7736,35.3926]]}},{"type":"Feature","properties":{},"geometry":{"type":"LineString","coordinates":[[126.7728,35.3866],[126.7694,35.3631]]}},{"type":"Feature","properties":{},"geometry":{"type":"LineString","coordinates":[[126.7748,35.4004],[126.7743,35.3972]]}},{"type":"Feature","properties":{},"geometry":{"type":"LineString","coordinates":[[126.7747,35.4004],[126.7766,35.4128]]}},{"type":"Feature","properties":{},"geometry":{"type":"LineString","coordinates":[[126.7743,35.3972],[126.7747,35.4004]]}},{"type":"Feature","properties":{},"geometry":{"type":"LineString","coordinates":[[126.7741,35.3958],[126.7739,35.3943]]}},{"type":"Feature","properties":{},"geometry":{"type":"LineString","coordinates":[[126.7743,35.3972],[126.7741,35.3958]]}},{"type":"Feature","properties":{},"geometry":{"type":"LineString","coordinates":[[126.7741,35.3958],[126.7743,35.3972]]}},{"type":"Feature","properties":{},"geometry":{"type":"LineString","coordinates":[[126.7766,35.4128],[126.7748,35.4004]]}},{"type":"Feature","properties":{},"geometry":{"type":"LineString","coordinates":[[126.7766,35.4128],[126.7767,35.4137]]}},{"type":"Feature","properties":{},"geometry":{"type":"LineString","coordinates":[[126.7768,35.4137],[126.7766,35.4128]]}},{"type":"Feature","properties":{},"geometry":{"type":"LineString","coordinates":[[126.777,35.4152],[126.7768,35.4137]]}},{"type":"Feature","properties":{},"geometry":{"type":"LineString","coordinates":[[126.7767,35.4137],[126.777,35.4152]]}},{"type":"Feature","properties":{},"geometry":{"type":"LineString","coordinates":[[126.777,35.4152],[126.7772,35.4162]]}},{"type":"Feature","properties":{},"geometry":{"type":"LineString","coordinates":[[126.7772,35.4162],[126.7802,35.4282]]}},{"type":"Feature","properties":{},"geometry":{"type":"LineString","coordinates":[[126.7772,35.4162],[126.777,35.4152]]}},{"type":"Feature","properties":{},"geometry":{"type":"LineString","coordinates":[[126.763,35.2899],[126.7638,35.2766]]}},{"type":"Feature","properties":{},"geometry":{"type":"LineString","coordinates":[[126.7629,35.2899],[126.7627,35.2938]]}},{"type":"Feature","properties":{},"geometry":{"type":"LineString","coordinates":[[126.7627,35.2938],[126.763,35.2899]]}},{"type":"Feature","properties":{},"geometry":{"type":"LineString","coordinates":[[126.7627,35.2938],[126.762,35.3054]]}},{"type":"Feature","properties":{},"geometry":{"type":"LineString","coordinates":[[126.7619,35.308],[126.7619,35.3085]]}},{"type":"Feature","properties":{},"geometry":{"type":"LineString","coordinates":[[126.762,35.3079],[126.7621,35.3054]]}},{"type":"Feature","properties":{},"geometry":{"type":"LineString","coordinates":[[126.7621,35.3054],[126.7627,35.2938]]}},{"type":"Feature","properties":{},"geometry":{"type":"LineString","coordinates":[[126.762,35.3054],[126.7619,35.308]]}},{"type":"Feature","properties":{},"geometry":{"type":"LineString","coordinates":[[126.7645,35.3299],[126.7642,35.3277]]}},{"type":"Feature","properties":{},"geometry":{"type":"LineString","coordinates":[[126.7803,35.4282],[126.7772,35.4162]]}},{"type":"Feature","properties":{},"geometry":{"type":"LineString","coordinates":[[126.7802,35.4282],[126.7809,35.4304]]}},{"type":"Feature","properties":{},"geometry":{"type":"LineString","coordinates":[[126.7809,35.4304],[126.7836,35.4396]]}},{"type":"Feature","properties":{},"geometry":{"type":"LineString","coordinates":[[126.7809,35.4304],[126.7803,35.4282]]}},{"type":"Feature","properties":{},"geometry":{"type":"LineString","coordinates":[[126.7862,35.1891],[126.79,35.1823]]}},{"type":"Feature","properties":{},"geometry":{"type":"LineString","coordinates":[[126.7863,35.1891],[126.7901,35.1824]]}},{"type":"Feature","properties":{},"geometry":{"type":"LineString","coordinates":[[126.7901,35.1824],[126.7993,35.1675],[126.8004,35.1646],[126.7967,35.1491]]}},{"type":"Feature","properties":{},"geometry":{"type":"LineString","coordinates":[[126.79,35.1823],[126.7999,35.1662],[126.8004,35.1638],[126.7998,35.161]]}},{"type":"Feature","properties":{},"geometry":{"type":"LineString","coordinates":[[129.3449,36.0752],[129.3502,36.0841]]}},{"type":"Feature","properties":{},"geometry":{"type":"LineString","coordinates":[[129.3379,36.063],[129.3363,36.0601]]}},{"type":"Feature","properties":{},"geometry":{"type":"LineString","coordinates":[[129.3438,36.0732],[129.3379,36.063]]}},{"type":"Feature","properties":{},"geometry":{"type":"LineString","coordinates":[[129.3363,36.0601],[129.3338,36.056]]}},{"type":"Feature","properties":{},"geometry":{"type":"LineString","coordinates":[[129.3338,36.056],[129.3313,36.0523]]}},{"type":"Feature","properties":{},"geometry":{"type":"LineString","coordinates":[[129.3305,36.0515],[129.3306,36.0517]]}},{"type":"Feature","properties":{},"geometry":{"type":"LineString","coordinates":[[129.3338,36.056],[129.3361,36.0601]]}},{"type":"Feature","properties":{},"geometry":{"type":"LineString","coordinates":[[129.3361,36.0601],[129.3379,36.063]]}},{"type":"Feature","properties":{},"geometry":{"type":"LineString","coordinates":[[129.3379,36.063],[129.3449,36.0752]]}},{"type":"Feature","properties":{},"geometry":{"type":"LineString","coordinates":[[129.3306,36.0515],[129.3288,36.0498]]}},{"type":"Feature","properties":{},"geometry":{"type":"LineString","coordinates":[[129.3287,36.0499],[129.3305,36.0515]]}},{"type":"Feature","properties":{},"geometry":{"type":"LineString","coordinates":[[129.3086,36.0313],[129.3077,36.03]]}},{"type":"Feature","properties":{},"geometry":{"type":"LineString","coordinates":[[129.3025,36.0223],[129.3038,36.0243]]}},{"type":"Feature","properties":{},"geometry":{"type":"LineString","coordinates":[[129.3057,36.0273],[129.3038,36.0243]]}},{"type":"Feature","properties":{},"geometry":{"type":"LineString","coordinates":[[129.3038,36.0243],[129.3026,36.0223]]}},{"type":"Feature","properties":{},"geometry":{"type":"LineString","coordinates":[[129.3038,36.0243],[129.3057,36.0273]]}},{"type":"Feature","properties":{},"geometry":{"type":"LineString","coordinates":[[129.3057,36.0273],[129.3076,36.03]]}},{"type":"Feature","properties":{},"geometry":{"type":"LineString","coordinates":[[129.3076,36.03],[129.3085,36.0314]]}},{"type":"Feature","properties":{},"geometry":{"type":"LineString","coordinates":[[129.3077,36.03],[129.3057,36.0273]]}},{"type":"Feature","properties":{},"geometry":{"type":"LineString","coordinates":[[129.3288,36.0498],[129.3187,36.0458],[129.3169,36.0445],[129.315,36.0427],[129.3086,36.0313]]}},{"type":"Feature","properties":{},"geometry":{"type":"LineString","coordinates":[[129.3085,36.0314],[129.315,36.0427],[129.317,36.0447],[129.3287,36.0499]]}},{"type":"Feature","properties":{},"geometry":{"type":"LineString","coordinates":[[129.3026,36.0223],[129.3023,36.0218]]}},{"type":"Feature","properties":{},"geometry":{"type":"LineString","coordinates":[[129.2911,36.0026],[129.2934,36.0042]]}},{"type":"Feature","properties":{},"geometry":{"type":"LineString","coordinates":[[128.4904,35.965],[128.493,35.9635]]}},{"type":"Feature","properties":{},"geometry":{"type":"LineString","coordinates":[[128.4896,35.9403],[128.4907,35.9424]]}},{"type":"Feature","properties":{},"geometry":{"type":"LineString","coordinates":[[128.4907,35.9424],[128.4937,35.9477],[128.4988,35.9524]]}},{"type":"Feature","properties":{},"geometry":{"type":"LineString","coordinates":[[128.4908,35.9424],[128.49,35.9409]]}},{"type":"Feature","properties":{},"geometry":{"type":"LineString","coordinates":[[128.4988,35.9524],[128.4998,35.9544]]}},{"type":"Feature","properties":{},"geometry":{"type":"LineString","coordinates":[[127.3581,36.5626],[127.3579,36.5643]]}},{"type":"Feature","properties":{},"geometry":{"type":"LineString","coordinates":[[127.3593,36.5495],[127.3581,36.5626]]}},{"type":"Feature","properties":{},"geometry":{"type":"LineString","coordinates":[[127.3556,36.5802],[127.3573,36.5698]]}},{"type":"Feature","properties":{},"geometry":{"type":"LineString","coordinates":[[127.3593,36.5495],[127.3593,36.5482]]}},{"type":"Feature","properties":{},"geometry":{"type":"LineString","coordinates":[[127.359,36.5459],[127.3592,36.5475]]}},{"type":"Feature","properties":{},"geometry":{"type":"LineString","coordinates":[[127.359,36.5459],[127.3589,36.5447]]}},{"type":"Feature","properties":{},"geometry":{"type":"LineString","coordinates":[[127.3592,36.5482],[127.3593,36.5495]]}},{"type":"Feature","properties":{},"geometry":{"type":"LineString","coordinates":[[127.3592,36.5475],[127.359,36.5459]]}},{"type":"Feature","properties":{},"geometry":{"type":"LineString","coordinates":[[126.7916,35.4781],[126.7919,35.4793]]}},{"type":"Feature","properties":{},"geometry":{"type":"LineString","coordinates":[[126.7919,35.4793],[126.7924,35.4809]]}},{"type":"Feature","properties":{},"geometry":{"type":"LineString","coordinates":[[127.8535,37.3392],[127.8497,37.3416]]}},{"type":"Feature","properties":{},"geometry":{"type":"LineString","coordinates":[[127.7834,37.3905],[127.7875,37.3886]]}},{"type":"Feature","properties":{},"geometry":{"type":"LineString","coordinates":[[127.8295,37.3551],[127.8346,37.3517]]}},{"type":"Feature","properties":{},"geometry":{"type":"LineString","coordinates":[[127.8295,37.3551],[127.8277,37.3563]]}},{"type":"Feature","properties":{},"geometry":{"type":"LineString","coordinates":[[127.8277,37.3563],[127.8161,37.3646]]}},{"type":"Feature","properties":{},"geometry":{"type":"LineString","coordinates":[[127.8277,37.3563],[127.8295,37.3551]]}},{"type":"Feature","properties":{},"geometry":{"type":"LineString","coordinates":[[127.8161,37.3646],[127.8277,37.3563]]}},{"type":"Feature","properties":{},"geometry":{"type":"LineString","coordinates":[[127.8161,37.3646],[127.8159,37.3647]]}},{"type":"Feature","properties":{},"geometry":{"type":"LineString","coordinates":[[127.8128,37.3675],[127.8105,37.3693]]}},{"type":"Feature","properties":{},"geometry":{"type":"LineString","coordinates":[[127.8106,37.3694],[127.8128,37.3675]]}},{"type":"Feature","properties":{},"geometry":{"type":"LineString","coordinates":[[127.8105,37.3693],[127.8096,37.3702]]}},{"type":"Feature","properties":{},"geometry":{"type":"LineString","coordinates":[[127.8096,37.3702],[127.8106,37.3694]]}},{"type":"Feature","properties":{},"geometry":{"type":"LineString","coordinates":[[127.8096,37.3702],[127.8047,37.3744]]}},{"type":"Feature","properties":{},"geometry":{"type":"LineString","coordinates":[[127.8047,37.3744],[127.8096,37.3702]]}},{"type":"Feature","properties":{},"geometry":{"type":"LineString","coordinates":[[127.8047,37.3744],[127.803,37.3758]]}},{"type":"Feature","properties":{},"geometry":{"type":"LineString","coordinates":[[127.8031,37.3759],[127.8047,37.3744]]}},{"type":"Feature","properties":{},"geometry":{"type":"LineString","coordinates":[[127.8023,37.3765],[127.8028,37.3761]]}},{"type":"Feature","properties":{},"geometry":{"type":"LineString","coordinates":[[127.8019,37.3769],[127.8023,37.3765]]}},{"type":"Feature","properties":{},"geometry":{"type":"LineString","coordinates":[[127.8022,37.3765],[127.8019,37.3768]]}},{"type":"Feature","properties":{},"geometry":{"type":"LineString","coordinates":[[127.8019,37.3768],[127.8016,37.3771]]}},{"type":"Feature","properties":{},"geometry":{"type":"LineString","coordinates":[[127.803,37.3758],[127.8027,37.3761]]}},{"type":"Feature","properties":{},"geometry":{"type":"LineString","coordinates":[[128.7385,35.8532],[128.7344,35.8534]]}},{"type":"Feature","properties":{},"geometry":{"type":"LineString","coordinates":[[128.7476,35.8529],[128.7425,35.8531]]}},{"type":"Feature","properties":{},"geometry":{"type":"LineString","coordinates":[[128.7425,35.8531],[128.7405,35.8531]]}},{"type":"Feature","properties":{},"geometry":{"type":"LineString","coordinates":[[128.7389,35.8532],[128.7385,35.8532]]}},{"type":"Feature","properties":{},"geometry":{"type":"LineString","coordinates":[[128.7405,35.8531],[128.7389,35.8532]]}},{"type":"Feature","properties":{},"geometry":{"type":"LineString","coordinates":[[128.8666,35.8479],[128.8584,35.8482]]}},{"type":"Feature","properties":{},"geometry":{"type":"LineString","coordinates":[[126.7843,35.4427],[126.7916,35.4781]]}},{"type":"Feature","properties":{},"geometry":{"type":"LineString","coordinates":[[126.7844,35.4427],[126.7841,35.4418]]}},{"type":"Feature","properties":{},"geometry":{"type":"LineString","coordinates":[[126.7841,35.4418],[126.7838,35.4406]]}},{"type":"Feature","properties":{},"geometry":{"type":"LineString","coordinates":[[126.7841,35.4418],[126.7843,35.4427]]}},{"type":"Feature","properties":{},"geometry":{"type":"LineString","coordinates":[[126.7838,35.4406],[126.7841,35.4418]]}},{"type":"Feature","properties":{},"geometry":{"type":"LineString","coordinates":[[126.7838,35.4406],[126.7836,35.4396]]}},{"type":"Feature","properties":{},"geometry":{"type":"LineString","coordinates":[[126.7836,35.4396],[126.7838,35.4406]]}},{"type":"Feature","properties":{},"geometry":{"type":"LineString","coordinates":[[126.7836,35.4396],[126.7809,35.4304]]}},{"type":"Feature","properties":{},"geometry":{"type":"LineString","coordinates":[[126.7925,35.481],[126.7844,35.4427]]}},{"type":"Feature","properties":{},"geometry":{"type":"LineString","coordinates":[[126.7924,35.4809],[126.7954,35.4884]]}},{"type":"Feature","properties":{},"geometry":{"type":"LineString","coordinates":[[127.7959,37.3821],[127.7972,37.3809]]}},{"type":"Feature","properties":{},"geometry":{"type":"LineString","coordinates":[[127.7959,37.382],[127.7881,37.3882]]}},{"type":"Feature","properties":{},"geometry":{"type":"LineString","coordinates":[[127.7976,37.3806],[127.8006,37.378]]}},{"type":"Feature","properties":{},"geometry":{"type":"LineString","coordinates":[[127.7975,37.3805],[127.7972,37.3808]]}},{"type":"Feature","properties":{},"geometry":{"type":"LineString","coordinates":[[127.8006,37.378],[127.8016,37.3771]]}},{"type":"Feature","properties":{},"geometry":{"type":"LineString","coordinates":[[127.8005,37.3779],[127.7975,37.3805]]}},{"type":"Feature","properties":{},"geometry":{"type":"LineString","coordinates":[[127.7972,37.3808],[127.7959,37.382]]}},{"type":"Feature","properties":{},"geometry":{"type":"LineString","coordinates":[[127.7972,37.3809],[127.7976,37.3806]]}},{"type":"Feature","properties":{},"geometry":{"type":"LineString","coordinates":[[127.7881,37.3883],[127.7959,37.3821]]}},{"type":"Feature","properties":{},"geometry":{"type":"LineString","coordinates":[[127.7881,37.3882],[127.7875,37.3885]]}},{"type":"Feature","properties":{},"geometry":{"type":"LineString","coordinates":[[127.7875,37.3885],[127.7834,37.3904]]}},{"type":"Feature","properties":{},"geometry":{"type":"LineString","coordinates":[[127.7875,37.3886],[127.7881,37.3883]]}},{"type":"Feature","properties":{},"geometry":{"type":"LineString","coordinates":[[127.7834,37.3904],[127.7813,37.3915]]}},{"type":"Feature","properties":{},"geometry":{"type":"LineString","coordinates":[[127.7673,37.4012],[127.7706,37.3971],[127.7754,37.3944]]}},{"type":"Feature","properties":{},"geometry":{"type":"LineString","coordinates":[[127.7754,37.3944],[127.7706,37.397],[127.7672,37.4012]]}},{"type":"Feature","properties":{},"geometry":{"type":"LineString","coordinates":[[127.7672,37.4012],[127.767,37.4014]]}},{"type":"Feature","properties":{},"geometry":{"type":"LineString","coordinates":[[127.767,37.4014],[127.7595,37.4124]]}},{"type":"Feature","properties":{},"geometry":{"type":"LineString","coordinates":[[127.767,37.4015],[127.7673,37.4012]]}},{"type":"Feature","properties":{},"geometry":{"type":"LineString","coordinates":[[127.7595,37.4124],[127.7588,37.4137]]}},{"type":"Feature","properties":{},"geometry":{"type":"LineString","coordinates":[[127.7596,37.4125],[127.767,37.4015]]}},{"type":"Feature","properties":{},"geometry":{"type":"LineString","coordinates":[[127.7588,37.4137],[127.7575,37.4159]]}},{"type":"Feature","properties":{},"geometry":{"type":"LineString","coordinates":[[127.7589,37.4137],[127.7596,37.4125]]}},{"type":"Feature","properties":{},"geometry":{"type":"LineString","coordinates":[[127.7575,37.4159],[127.7529,37.4232]]}},{"type":"Feature","properties":{},"geometry":{"type":"LineString","coordinates":[[127.7575,37.4159],[127.7589,37.4137]]}},{"type":"Feature","properties":{},"geometry":{"type":"LineString","coordinates":[[127.7484,37.43],[127.7481,37.4303]]}},{"type":"Feature","properties":{},"geometry":{"type":"LineString","coordinates":[[127.753,37.4233],[127.7575,37.4159]]}},{"type":"Feature","properties":{},"geometry":{"type":"LineString","coordinates":[[127.7481,37.4304],[127.7485,37.4301]]}},{"type":"Feature","properties":{},"geometry":{"type":"LineString","coordinates":[[127.7481,37.4303],[127.7463,37.4317]]}},{"type":"Feature","properties":{},"geometry":{"type":"LineString","coordinates":[[127.7463,37.4318],[127.7481,37.4304]]}},{"type":"Feature","properties":{},"geometry":{"type":"LineString","coordinates":[[127.7463,37.4317],[127.7387,37.4345]]}},{"type":"Feature","properties":{},"geometry":{"type":"LineString","coordinates":[[127.7387,37.4346],[127.7463,37.4318]]}},{"type":"Feature","properties":{},"geometry":{"type":"LineString","coordinates":[[127.7387,37.4345],[127.7364,37.4351]]}},{"type":"Feature","properties":{},"geometry":{"type":"LineString","coordinates":[[127.7364,37.4351],[127.7387,37.4346]]}},{"type":"Feature","properties":{},"geometry":{"type":"LineString","coordinates":[[127.7364,37.4351],[127.7359,37.4352]]}},{"type":"Feature","properties":{},"geometry":{"type":"LineString","coordinates":[[127.7359,37.4352],[127.7317,37.4362]]}},{"type":"Feature","properties":{},"geometry":{"type":"LineString","coordinates":[[127.7317,37.4362],[127.7364,37.4351]]}},{"type":"Feature","properties":{},"geometry":{"type":"LineString","coordinates":[[127.7266,37.4375],[127.7289,37.4369]]}},{"type":"Feature","properties":{},"geometry":{"type":"LineString","coordinates":[[127.7266,37.4375],[127.7221,37.4386]]}},{"type":"Feature","properties":{},"geometry":{"type":"LineString","coordinates":[[127.7221,37.4386],[127.6927,37.4446]]}},{"type":"Feature","properties":{},"geometry":{"type":"LineString","coordinates":[[127.7221,37.4386],[127.7266,37.4375]]}},{"type":"Feature","properties":{},"geometry":{"type":"LineString","coordinates":[[127.6927,37.4447],[127.7221,37.4386]]}},{"type":"Feature","properties":{},"geometry":{"type":"LineString","coordinates":[[127.6927,37.4446],[127.6903,37.4451]]}},{"type":"Feature","properties":{},"geometry":{"type":"LineString","coordinates":[[127.6046,37.4867],[127.6082,37.4878]]}},{"type":"Feature","properties":{},"geometry":{"type":"LineString","coordinates":[[127.8346,37.3517],[127.8295,37.3551]]}},{"type":"Feature","properties":{},"geometry":{"type":"LineString","coordinates":[[127.8346,37.3517],[127.8362,37.3506]]}},{"type":"Feature","properties":{},"geometry":{"type":"LineString","coordinates":[[127.8497,37.3416],[127.8472,37.3433]]}},{"type":"Feature","properties":{},"geometry":{"type":"LineString","coordinates":[[127.8497,37.3417],[127.8536,37.3393]]}},{"type":"Feature","properties":{},"geometry":{"type":"LineString","coordinates":[[127.8453,37.3447],[127.8499,37.3425]]}},{"type":"Feature","properties":{},"geometry":{"type":"LineString","coordinates":[[127.8499,37.3425],[127.8537,37.3424]]}},{"type":"Feature","properties":{},"geometry":{"type":"LineString","coordinates":[[129.2735,36.0024],[129.2646,36.0023],[129.2544,35.9935]]}},{"type":"Feature","properties":{},"geometry":{"type":"LineString","coordinates":[[129.2779,36.0023],[129.2869,36.0022]]}},{"type":"Feature","properties":{},"geometry":{"type":"LineString","coordinates":[[129.2544,35.9936],[129.2646,36.0023],[129.2735,36.0024]]}},{"type":"Feature","properties":{},"geometry":{"type":"LineString","coordinates":[[129.2544,35.9935],[129.2377,35.9796]]}},{"type":"Feature","properties":{},"geometry":{"type":"LineString","coordinates":[[128.2809,37.07],[128.2685,37.0805]]}},{"type":"Feature","properties":{},"geometry":{"type":"LineString","coordinates":[[128.2564,37.0949],[128.2474,37.1056]]}},{"type":"Feature","properties":{},"geometry":{"type":"LineString","coordinates":[[128.2565,37.0949],[128.2587,37.0924]]}},{"type":"Feature","properties":{},"geometry":{"type":"LineString","coordinates":[[128.2475,37.1056],[128.2565,37.0949]]}},{"type":"Feature","properties":{},"geometry":{"type":"LineString","coordinates":[[128.2474,37.1056],[128.246,37.1077]]}},{"type":"Feature","properties":{},"geometry":{"type":"LineString","coordinates":[[128.2586,37.0923],[128.2564,37.0949]]}},{"type":"Feature","properties":{},"geometry":{"type":"LineString","coordinates":[[128.2587,37.0924],[128.2607,37.0898]]}},{"type":"Feature","properties":{},"geometry":{"type":"LineString","coordinates":[[128.2607,37.0898],[128.2612,37.089]]}},{"type":"Feature","properties":{},"geometry":{"type":"LineString","coordinates":[[128.2606,37.0898],[128.2586,37.0923]]}},{"type":"Feature","properties":{},"geometry":{"type":"LineString","coordinates":[[128.3207,37.0292],[128.3178,37.0318]]}},{"type":"Feature","properties":{},"geometry":{"type":"LineString","coordinates":[[128.2811,37.0699],[128.2825,37.0686]]}},{"type":"Feature","properties":{},"geometry":{"type":"LineString","coordinates":[[128.2935,37.0594],[128.3016,37.0516]]}},{"type":"Feature","properties":{},"geometry":{"type":"LineString","coordinates":[[128.2934,37.0594],[128.2929,37.0599]]}},{"type":"Feature","properties":{},"geometry":{"type":"LineString","coordinates":[[128.3031,37.0501],[128.3037,37.0495]]}},{"type":"Feature","properties":{},"geometry":{"type":"LineString","coordinates":[[128.3026,37.0507],[128.3031,37.0501]]}},{"type":"Feature","properties":{},"geometry":{"type":"LineString","coordinates":[[128.3025,37.0506],[128.3016,37.0516]]}},{"type":"Feature","properties":{},"geometry":{"type":"LineString","coordinates":[[128.3031,37.0501],[128.3025,37.0506]]}},{"type":"Feature","properties":{},"geometry":{"type":"LineString","coordinates":[[128.3037,37.0495],[128.3031,37.0501]]}},{"type":"Feature","properties":{},"geometry":{"type":"LineString","coordinates":[[128.3037,37.0495],[128.3042,37.0491]]}},{"type":"Feature","properties":{},"geometry":{"type":"LineString","coordinates":[[128.3085,37.0435],[128.3088,37.0431]]}},{"type":"Feature","properties":{},"geometry":{"type":"LineString","coordinates":[[128.3085,37.0435],[128.307,37.0456]]}},{"type":"Feature","properties":{},"geometry":{"type":"LineString","coordinates":[[128.307,37.0456],[128.3066,37.0461]]}},{"type":"Feature","properties":{},"geometry":{"type":"LineString","coordinates":[[128.307,37.0456],[128.3085,37.0435]]}},{"type":"Feature","properties":{},"geometry":{"type":"LineString","coordinates":[[128.3042,37.0491],[128.3067,37.0461]]}},{"type":"Feature","properties":{},"geometry":{"type":"LineString","coordinates":[[128.3041,37.0491],[128.3037,37.0495]]}},{"type":"Feature","properties":{},"geometry":{"type":"LineString","coordinates":[[128.3067,37.0461],[128.307,37.0456]]}},{"type":"Feature","properties":{},"geometry":{"type":"LineString","coordinates":[[128.3066,37.0461],[128.3041,37.0491]]}},{"type":"Feature","properties":{},"geometry":{"type":"LineString","coordinates":[[128.3088,37.0431],[128.3102,37.0411]]}},{"type":"Feature","properties":{},"geometry":{"type":"LineString","coordinates":[[128.3087,37.0431],[128.3085,37.0435]]}},{"type":"Feature","properties":{},"geometry":{"type":"LineString","coordinates":[[128.3102,37.0411],[128.3087,37.0431]]}},{"type":"Feature","properties":{},"geometry":{"type":"LineString","coordinates":[[128.3102,37.0411],[128.3106,37.0407]]}},{"type":"Feature","properties":{},"geometry":{"type":"LineString","coordinates":[[128.3105,37.0406],[128.3102,37.0411]]}},{"type":"Feature","properties":{},"geometry":{"type":"LineString","coordinates":[[128.3106,37.0407],[128.3112,37.0398]]}},{"type":"Feature","properties":{},"geometry":{"type":"LineString","coordinates":[[128.3111,37.0398],[128.3105,37.0406]]}},{"type":"Feature","properties":{},"geometry":{"type":"LineString","coordinates":[[128.3112,37.0398],[128.3113,37.0395]]}},{"type":"Feature","properties":{},"geometry":{"type":"LineString","coordinates":[[128.3123,37.0382],[128.3126,37.0378]]}},{"type":"Feature","properties":{},"geometry":{"type":"LineString","coordinates":[[128.3123,37.0382],[128.3113,37.0395]]}},{"type":"Feature","properties":{},"geometry":{"type":"LineString","coordinates":[[128.3126,37.0378],[128.3151,37.0346]]}},{"type":"Feature","properties":{},"geometry":{"type":"LineString","coordinates":[[128.3125,37.0378],[128.3123,37.0382]]}},{"type":"Feature","properties":{},"geometry":{"type":"LineString","coordinates":[[128.3168,37.0328],[128.3152,37.0343]]}},{"type":"Feature","properties":{},"geometry":{"type":"LineString","coordinates":[[128.3152,37.0343],[128.315,37.0346]]}},{"type":"Feature","properties":{},"geometry":{"type":"LineString","coordinates":[[128.3153,37.0344],[128.3168,37.0328]]}},{"type":"Feature","properties":{},"geometry":{"type":"LineString","coordinates":[[128.3151,37.0346],[128.3153,37.0344]]}},{"type":"Feature","properties":{},"geometry":{"type":"LineString","coordinates":[[128.315,37.0346],[128.3125,37.0378]]}},{"type":"Feature","properties":{},"geometry":{"type":"LineString","coordinates":[[128.3298,37.0208],[128.3212,37.0287]]}},{"type":"Feature","properties":{},"geometry":{"type":"LineString","coordinates":[[128.2929,37.0599],[128.2935,37.0594]]}},{"type":"Feature","properties":{},"geometry":{"type":"LineString","coordinates":[[128.3168,37.0328],[128.319,37.0308]]}},{"type":"Feature","properties":{},"geometry":{"type":"LineString","coordinates":[[128.2612,37.089],[128.266,37.0828],[128.2685,37.0805]]}},{"type":"Feature","properties":{},"geometry":{"type":"LineString","coordinates":[[128.2612,37.089],[128.2606,37.0898]]}},{"type":"Feature","properties":{},"geometry":{"type":"LineString","coordinates":[[128.2685,37.0805],[128.2662,37.0825],[128.2612,37.089]]}},{"type":"Feature","properties":{},"geometry":{"type":"LineString","coordinates":[[128.2685,37.0805],[128.2811,37.0699]]}},{"type":"Feature","properties":{},"geometry":{"type":"LineString","coordinates":[[128.2929,37.0599],[128.2857,37.066]]}},{"type":"Feature","properties":{},"geometry":{"type":"LineString","coordinates":[[128.2825,37.0686],[128.2844,37.0672]]}},{"type":"Feature","properties":{},"geometry":{"type":"LineString","coordinates":[[128.2825,37.0685],[128.2809,37.07]]}},{"type":"Feature","properties":{},"geometry":{"type":"LineString","coordinates":[[128.2844,37.0671],[128.2825,37.0685]]}},{"type":"Feature","properties":{},"geometry":{"type":"LineString","coordinates":[[128.2844,37.0672],[128.2845,37.0671]]}},{"type":"Feature","properties":{},"geometry":{"type":"LineString","coordinates":[[128.2857,37.0661],[128.2929,37.0599]]}},{"type":"Feature","properties":{},"geometry":{"type":"LineString","coordinates":[[128.2857,37.066],[128.285,37.0666]]}},{"type":"Feature","properties":{},"geometry":{"type":"LineString","coordinates":[[128.2845,37.0671],[128.285,37.0666]]}},{"type":"Feature","properties":{},"geometry":{"type":"LineString","coordinates":[[128.2844,37.0671],[128.2844,37.0671]]}},{"type":"Feature","properties":{},"geometry":{"type":"LineString","coordinates":[[128.285,37.0666],[128.2857,37.0661]]}},{"type":"Feature","properties":{},"geometry":{"type":"LineString","coordinates":[[128.285,37.0666],[128.2844,37.0671]]}},{"type":"Feature","properties":{},"geometry":{"type":"LineString","coordinates":[[128.5128,35.8885],[128.5121,35.8891]]}},{"type":"Feature","properties":{},"geometry":{"type":"LineString","coordinates":[[128.5068,35.8988],[128.5072,35.8969]]}},{"type":"Feature","properties":{},"geometry":{"type":"LineString","coordinates":[[128.5121,35.8892],[128.5129,35.8885]]}},{"type":"Feature","properties":{},"geometry":{"type":"LineString","coordinates":[[128.5072,35.8969],[128.5074,35.8963]]}},{"type":"Feature","properties":{},"geometry":{"type":"LineString","coordinates":[[128.5072,35.8969],[128.5067,35.8988]]}},{"type":"Feature","properties":{},"geometry":{"type":"LineString","coordinates":[[128.5074,35.8963],[128.5095,35.8924],[128.5121,35.8892]]}},{"type":"Feature","properties":{},"geometry":{"type":"LineString","coordinates":[[128.5074,35.8963],[128.5072,35.8969]]}},{"type":"Feature","properties":{},"geometry":{"type":"LineString","coordinates":[[128.5121,35.8891],[128.5096,35.8921],[128.5074,35.8963]]}},{"type":"Feature","properties":{},"geometry":{"type":"LineString","coordinates":[[128.5725,35.8829],[128.5701,35.884],[128.5671,35.8842],[128.5553,35.8807]]}},{"type":"Feature","properties":{},"geometry":{"type":"LineString","coordinates":[[128.5129,35.8885],[128.5169,35.8855],[128.5215,35.8836],[128.5269,35.8826],[128.5399,35.8815]]}},{"type":"Feature","properties":{},"geometry":{"type":"LineString","coordinates":[[128.5399,35.8814],[128.5219,35.8834],[128.517,35.8854],[128.5128,35.8885]]}},{"type":"Feature","properties":{},"geometry":{"type":"LineString","coordinates":[[128.5399,35.8815],[128.5465,35.8811]]}},{"type":"Feature","properties":{},"geometry":{"type":"LineString","coordinates":[[128.5004,35.9555],[128.5001,35.9544]]}},{"type":"Feature","properties":{},"geometry":{"type":"LineString","coordinates":[[128.5001,35.9544],[128.4989,35.9523]]}},{"type":"Feature","properties":{},"geometry":{"type":"LineString","coordinates":[[128.4981,35.9605],[128.4986,35.9601]]}},{"type":"Feature","properties":{},"geometry":{"type":"LineString","coordinates":[[128.493,35.9635],[128.4981,35.9605]]}},{"type":"Feature","properties":{},"geometry":{"type":"LineString","coordinates":[[128.5,35.9554],[128.4995,35.9579],[128.4977,35.9602]]}},{"type":"Feature","properties":{},"geometry":{"type":"LineString","coordinates":[[128.4977,35.9602],[128.4927,35.9633]]}},{"type":"Feature","properties":{},"geometry":{"type":"LineString","coordinates":[[128.4927,35.9633],[128.4903,35.965]]}},{"type":"Feature","properties":{},"geometry":{"type":"LineString","coordinates":[[127.3582,36.5626],[127.3593,36.5495]]}},{"type":"Feature","properties":{},"geometry":{"type":"LineString","coordinates":[[127.3579,36.5644],[127.3575,36.5671]]}},{"type":"Feature","properties":{},"geometry":{"type":"LineString","coordinates":[[127.3579,36.5643],[127.3579,36.5644]]}},{"type":"Feature","properties":{},"geometry":{"type":"LineString","coordinates":[[127.358,36.5643],[127.3582,36.5626]]}},{"type":"Feature","properties":{},"geometry":{"type":"LineString","coordinates":[[127.358,36.5644],[127.358,36.5643]]}},{"type":"Feature","properties":{},"geometry":{"type":"LineString","coordinates":[[127.3575,36.5671],[127.3574,36.5682]]}},{"type":"Feature","properties":{},"geometry":{"type":"LineString","coordinates":[[127.3576,36.5671],[127.358,36.5644]]}},{"type":"Feature","properties":{},"geometry":{"type":"LineString","coordinates":[[127.3575,36.5683],[127.3576,36.5671]]}},{"type":"Feature","properties":{},"geometry":{"type":"LineString","coordinates":[[127.3574,36.5682],[127.3572,36.5698]]}},{"type":"Feature","properties":{},"geometry":{"type":"LineString","coordinates":[[127.3572,36.5698],[127.3555,36.5802]]}},{"type":"Feature","properties":{},"geometry":{"type":"LineString","coordinates":[[127.3573,36.5698],[127.3575,36.5683]]}},{"type":"Feature","properties":{},"geometry":{"type":"LineString","coordinates":[[127.3555,36.5802],[127.3553,36.5815]]}},{"type":"Feature","properties":{},"geometry":{"type":"LineString","coordinates":[[127.3232,36.6241],[127.3249,36.6228]]}},{"type":"Feature","properties":{},"geometry":{"type":"LineString","coordinates":[[127.3548,36.585],[127.3553,36.5815]]}},{"type":"Feature","properties":{},"geometry":{"type":"LineString","coordinates":[[127.3546,36.585],[127.3544,36.5861]]}},{"type":"Feature","properties":{},"geometry":{"type":"LineString","coordinates":[[127.3545,36.5862],[127.3548,36.585]]}},{"type":"Feature","properties":{},"geometry":{"type":"LineString","coordinates":[[127.3544,36.5861],[127.3519,36.5931],[127.3485,36.599]]}},{"type":"Feature","properties":{},"geometry":{"type":"LineString","coordinates":[[127.3485,36.599],[127.3428,36.6058],[127.323,36.624]]}},{"type":"Feature","properties":{},"geometry":{"type":"LineString","coordinates":[[127.3492,36.599],[127.353,36.5916],[127.3545,36.5862]]}},{"type":"Feature","properties":{},"geometry":{"type":"LineString","coordinates":[[127.3589,36.5447],[127.3582,36.5417]]}},{"type":"Feature","properties":{},"geometry":{"type":"LineString","coordinates":[[127.3588,36.5447],[127.359,36.5459]]}},{"type":"Feature","properties":{},"geometry":{"type":"LineString","coordinates":[[127.3387,36.494],[127.3404,36.4962]]}},{"type":"Feature","properties":{},"geometry":{"type":"LineString","coordinates":[[127.3582,36.5417],[127.351,36.5192]]}},{"type":"Feature","properties":{},"geometry":{"type":"LineString","coordinates":[[127.3581,36.5417],[127.3588,36.5447]]}},{"type":"Feature","properties":{},"geometry":{"type":"LineString","coordinates":[[128.5067,35.8988],[128.5064,35.9014],[128.5078,35.9136]]}},{"type":"Feature","properties":{},"geometry":{"type":"LineString","coordinates":[[128.5085,35.9198],[128.5085,35.9195]]}},{"type":"Feature","properties":{},"geometry":{"type":"LineString","coordinates":[[128.5078,35.9144],[128.5079,35.9154]]}},{"type":"Feature","properties":{},"geometry":{"type":"LineString","coordinates":[[128.5079,35.9144],[128.5078,35.9136]]}},{"type":"Feature","properties":{},"geometry":{"type":"LineString","coordinates":[[128.5079,35.9154],[128.5079,35.9144]]}},{"type":"Feature","properties":{},"geometry":{"type":"LineString","coordinates":[[128.5079,35.9154],[128.5084,35.9195]]}},{"type":"Feature","properties":{},"geometry":{"type":"LineString","coordinates":[[128.5085,35.9195],[128.5079,35.9154]]}},{"type":"Feature","properties":{},"geometry":{"type":"LineString","coordinates":[[128.5084,35.9195],[128.5084,35.9198]]}},{"type":"Feature","properties":{},"geometry":{"type":"LineString","coordinates":[[128.5078,35.9136],[128.5065,35.9015],[128.5068,35.8988]]}},{"type":"Feature","properties":{},"geometry":{"type":"LineString","coordinates":[[128.5078,35.9136],[128.5078,35.9144]]}},{"type":"Feature","properties":{},"geometry":{"type":"LineString","coordinates":[[127.7754,37.3944],[127.7772,37.3935]]}},{"type":"Feature","properties":{},"geometry":{"type":"LineString","coordinates":[[127.7813,37.3915],[127.7834,37.3905]]}},{"type":"Feature","properties":{},"geometry":{"type":"LineString","coordinates":[[127.7813,37.3915],[127.7772,37.3935]]}},{"type":"Feature","properties":{},"geometry":{"type":"LineString","coordinates":[[127.7772,37.3935],[127.7754,37.3944]]}},{"type":"Feature","properties":{},"geometry":{"type":"LineString","coordinates":[[127.7772,37.3935],[127.7813,37.3915]]}},{"type":"Feature","properties":{},"geometry":{"type":"LineString","coordinates":[[126.8774,35.6325],[126.876,35.63]]}},{"type":"Feature","properties":{},"geometry":{"type":"LineString","coordinates":[[126.8779,35.6334],[126.8774,35.6325]]}},{"type":"Feature","properties":{},"geometry":{"type":"LineString","coordinates":[[126.8792,35.636],[126.8809,35.6391]]}},{"type":"Feature","properties":{},"geometry":{"type":"LineString","coordinates":[[126.881,35.6391],[126.8793,35.636]]}},{"type":"Feature","properties":{},"geometry":{"type":"LineString","coordinates":[[126.8793,35.636],[126.8779,35.6334]]}},{"type":"Feature","properties":{},"geometry":{"type":"LineString","coordinates":[[127.351,36.5192],[127.3509,36.519]]}},{"type":"Feature","properties":{},"geometry":{"type":"LineString","coordinates":[[127.3509,36.5192],[127.3581,36.5417]]}},{"type":"Feature","properties":{},"geometry":{"type":"LineString","coordinates":[[127.3509,36.519],[127.3492,36.5134]]}},{"type":"Feature","properties":{},"geometry":{"type":"LineString","coordinates":[[127.3492,36.5134],[127.349,36.513]]}},{"type":"Feature","properties":{},"geometry":{"type":"LineString","coordinates":[[127.3491,36.5134],[127.3509,36.519]]}},{"type":"Feature","properties":{},"geometry":{"type":"LineString","coordinates":[[127.3509,36.519],[127.3509,36.5192]]}},{"type":"Feature","properties":{},"geometry":{"type":"LineString","coordinates":[[127.3422,36.4986],[127.3413,36.4974]]}},{"type":"Feature","properties":{},"geometry":{"type":"LineString","coordinates":[[127.3422,36.4987],[127.3463,36.5055],[127.349,36.513]]}},{"type":"Feature","properties":{},"geometry":{"type":"LineString","coordinates":[[127.349,36.513],[127.3464,36.5054],[127.3422,36.4986]]}},{"type":"Feature","properties":{},"geometry":{"type":"LineString","coordinates":[[127.349,36.513],[127.3491,36.5134]]}},{"type":"Feature","properties":{},"geometry":{"type":"LineString","coordinates":[[127.3413,36.4974],[127.3404,36.4962]]}},{"type":"Feature","properties":{},"geometry":{"type":"LineString","coordinates":[[127.3412,36.4974],[127.3422,36.4987]]}},{"type":"Feature","properties":{},"geometry":{"type":"LineString","coordinates":[[127.3404,36.4962],[127.3412,36.4974]]}},{"type":"Feature","properties":{},"geometry":{"type":"LineString","coordinates":[[127.3404,36.4962],[127.3388,36.4939]]}},{"type":"Feature","properties":{},"geometry":{"type":"LineString","coordinates":[[128.4616,35.2526],[128.4667,35.2534],[128.5108,35.2539]]}},{"type":"Feature","properties":{},"geometry":{"type":"LineString","coordinates":[[128.4616,35.2526],[128.4597,35.2522]]}},{"type":"Feature","properties":{},"geometry":{"type":"LineString","coordinates":[[128.4575,35.2517],[128.4471,35.2496],[128.4351,35.2494]]}},{"type":"Feature","properties":{},"geometry":{"type":"LineString","coordinates":[[128.4351,35.2495],[128.4471,35.2497],[128.4575,35.2518]]}},{"type":"Feature","properties":{},"geometry":{"type":"LineString","coordinates":[[128.2238,35.1719],[128.2246,35.1721]]}},{"type":"Feature","properties":{},"geometry":{"type":"LineString","coordinates":[[128.4351,35.2494],[128.4313,35.2494]]}},{"type":"Feature","properties":{},"geometry":{"type":"LineString","coordinates":[[128.5126,35.2534],[128.5146,35.2525]]}},{"type":"Feature","properties":{},"geometry":{"type":"LineString","coordinates":[[127.6903,37.4452],[127.6927,37.4447]]}},{"type":"Feature","properties":{},"geometry":{"type":"LineString","coordinates":[[127.6858,37.446],[127.6722,37.4503],[127.6603,37.4561]]}},{"type":"Feature","properties":{},"geometry":{"type":"LineString","coordinates":[[127.6603,37.4561],[127.6503,37.4631]]}},{"type":"Feature","properties":{},"geometry":{"type":"LineString","coordinates":[[127.6604,37.4562],[127.6714,37.4507],[127.6858,37.4461]]}},{"type":"Feature","properties":{},"geometry":{"type":"LineString","coordinates":[[127.6403,37.4699],[127.6503,37.4631]]}},{"type":"Feature","properties":{},"geometry":{"type":"LineString","coordinates":[[127.6402,37.4698],[127.6392,37.4705]]}},{"type":"Feature","properties":{},"geometry":{"type":"LineString","coordinates":[[127.6503,37.4631],[127.6604,37.4562]]}},{"type":"Feature","properties":{},"geometry":{"type":"LineString","coordinates":[[127.6503,37.4631],[127.6402,37.4698]]}},{"type":"Feature","properties":{},"geometry":{"type":"LineString","coordinates":[[127.6392,37.4705],[127.636,37.4725]]}},{"type":"Feature","properties":{},"geometry":{"type":"LineString","coordinates":[[127.6391,37.4706],[127.6403,37.4699]]}},{"type":"Feature","properties":{},"geometry":{"type":"LineString","coordinates":[[127.636,37.4725],[127.6391,37.4706]]}},{"type":"Feature","properties":{},"geometry":{"type":"LineString","coordinates":[[127.636,37.4725],[127.635,37.4731]]}},{"type":"Feature","properties":{},"geometry":{"type":"LineString","coordinates":[[127.6351,37.4731],[127.636,37.4725]]}},{"type":"Feature","properties":{},"geometry":{"type":"LineString","coordinates":[[127.635,37.4731],[127.626,37.4787]]}},{"type":"Feature","properties":{},"geometry":{"type":"LineString","coordinates":[[129.229,35.9585],[129.2296,35.9599]]}},{"type":"Feature","properties":{},"geometry":{"type":"LineString","coordinates":[[128.1234,35.1516],[128.1248,35.152]]}},{"type":"Feature","properties":{},"geometry":{"type":"LineString","coordinates":[[128.1713,35.1557],[128.1687,35.1545]]}},{"type":"Feature","properties":{},"geometry":{"type":"LineString","coordinates":[[128.1687,35.1545],[128.1636,35.1525]]}},{"type":"Feature","properties":{},"geometry":{"type":"LineString","coordinates":[[128.173,35.1564],[128.1713,35.1557]]}},{"type":"Feature","properties":{},"geometry":{"type":"LineString","coordinates":[[128.1686,35.1546],[128.1712,35.1557]]}},{"type":"Feature","properties":{},"geometry":{"type":"LineString","coordinates":[[128.1712,35.1557],[128.1729,35.1564]]}},{"type":"Feature","properties":{},"geometry":{"type":"LineString","coordinates":[[128.1729,35.1564],[128.1747,35.1572]]}},{"type":"Feature","properties":{},"geometry":{"type":"LineString","coordinates":[[128.1747,35.1572],[128.173,35.1564]]}},{"type":"Feature","properties":{},"geometry":{"type":"LineString","coordinates":[[128.1747,35.1572],[128.1916,35.1646],[128.2238,35.1719]]}},{"type":"Feature","properties":{},"geometry":{"type":"LineString","coordinates":[[128.1621,35.1521],[128.1543,35.1513]]}},{"type":"Feature","properties":{},"geometry":{"type":"LineString","coordinates":[[128.1621,35.1522],[128.1635,35.1526]]}},{"type":"Feature","properties":{},"geometry":{"type":"LineString","coordinates":[[128.1635,35.1526],[128.1686,35.1546]]}},{"type":"Feature","properties":{},"geometry":{"type":"LineString","coordinates":[[128.1636,35.1525],[128.1621,35.1521]]}},{"type":"Feature","properties":{},"geometry":{"type":"LineString","coordinates":[[128.1543,35.1514],[128.1621,35.1522]]}},{"type":"Feature","properties":{},"geometry":{"type":"LineString","coordinates":[[128.1543,35.1513],[128.1499,35.1517]]}},{"type":"Feature","properties":{},"geometry":{"type":"LineString","coordinates":[[128.1499,35.1518],[128.1543,35.1514]]}},{"type":"Feature","properties":{},"geometry":{"type":"LineString","coordinates":[[128.1444,35.1522],[128.1397,35.1527]]}},{"type":"Feature","properties":{},"geometry":{"type":"LineString","coordinates":[[128.138,35.1528],[128.1314,35.1534],[128.1285,35.1529]]}},{"type":"Feature","properties":{},"geometry":{"type":"LineString","coordinates":[[128.138,35.1529],[128.1397,35.1527]]}},{"type":"Feature","properties":{},"geometry":{"type":"LineString","coordinates":[[128.1397,35.1527],[128.1444,35.1523]]}},{"type":"Feature","properties":{},"geometry":{"type":"LineString","coordinates":[[128.1397,35.1527],[128.138,35.1528]]}},{"type":"Feature","properties":{},"geometry":{"type":"LineString","coordinates":[[128.1248,35.1519],[128.1234,35.1515]]}},{"type":"Feature","properties":{},"geometry":{"type":"LineString","coordinates":[[128.1248,35.152],[128.1262,35.1523]]}},{"type":"Feature","properties":{},"geometry":{"type":"LineString","coordinates":[[128.1285,35.1529],[128.1315,35.1534],[128.138,35.1529]]}},{"type":"Feature","properties":{},"geometry":{"type":"LineString","coordinates":[[128.1285,35.1529],[128.1266,35.1524]]}},{"type":"Feature","properties":{},"geometry":{"type":"LineString","coordinates":[[128.4615,35.2526],[128.4664,35.2535],[128.5108,35.2539]]}},{"type":"Feature","properties":{},"geometry":{"type":"LineString","coordinates":[[128.4575,35.2518],[128.4594,35.2522]]}},{"type":"Feature","properties":{},"geometry":{"type":"LineString","coordinates":[[126.8856,37.4177],[126.8842,37.4151]]}},{"type":"Feature","properties":{},"geometry":{"type":"LineString","coordinates":[[126.8857,37.4183],[126.8863,37.4193]]}},{"type":"Feature","properties":{},"geometry":{"type":"LineString","coordinates":[[126.8857,37.4176],[126.8843,37.415]]}},{"type":"Feature","properties":{},"geometry":{"type":"LineString","coordinates":[[126.886,37.419],[126.8881,37.4225]]}},{"type":"Feature","properties":{},"geometry":{"type":"LineString","coordinates":[[128.4313,35.2494],[128.4295,35.2494]]}},{"type":"Feature","properties":{},"geometry":{"type":"LineString","coordinates":[[128.4313,35.2494],[128.4351,35.2495]]}},{"type":"Feature","properties":{},"geometry":{"type":"LineString","coordinates":[[127.2012,37.4075],[127.2024,37.4082]]}},{"type":"Feature","properties":{},"geometry":{"type":"LineString","coordinates":[[127.2056,37.41],[127.2109,37.4131],[127.2168,37.4132],[127.2247,37.4109],[127.2496,37.4006]]}},{"type":"Feature","properties":{},"geometry":{"type":"LineString","coordinates":[[127.2496,37.4006],[127.2511,37.3999]]}},{"type":"Feature","properties":{},"geometry":{"type":"LineString","coordinates":[[127.5278,36.2848],[127.5532,36.2684],[127.5627,36.2647],[127.5718,36.2626]]}},{"type":"Feature","properties":{},"geometry":{"type":"LineString","coordinates":[[127.5219,36.2891],[127.5243,36.2875]]}},{"type":"Feature","properties":{},"geometry":{"type":"LineString","coordinates":[[127.4743,36.314],[127.5114,36.2954]]}},{"type":"Feature","properties":{},"geometry":{"type":"LineString","coordinates":[[127.461,36.3144],[127.4647,36.3152],[127.4694,36.3153]]}},{"type":"Feature","properties":{},"geometry":{"type":"LineString","coordinates":[[127.2609,37.3956],[127.2768,37.3885],[127.2821,37.3849],[127.2849,37.3816],[127.2912,37.3772],[127.2994,37.3736]]}},{"type":"Feature","properties":{},"geometry":{"type":"LineString","coordinates":[[127.2994,37.3736],[127.302,37.3725]]}},{"type":"Feature","properties":{},"geometry":{"type":"LineString","coordinates":[[127.3244,37.3629],[127.3293,37.3599]]}},{"type":"Feature","properties":{},"geometry":{"type":"LineString","coordinates":[[127.3293,37.3599],[127.33,37.3593]]}},{"type":"Feature","properties":{},"geometry":{"type":"LineString","coordinates":[[128.9718,37.7402],[128.9829,37.7366]]}},{"type":"Feature","properties":{},"geometry":{"type":"LineString","coordinates":[[129.1159,37.4887],[129.1146,37.4864],[129.1149,37.4839]]}},{"type":"Feature","properties":{},"geometry":{"type":"LineString","coordinates":[[129.1161,37.489],[129.1159,37.4887]]}},{"type":"Feature","properties":{},"geometry":{"type":"LineString","coordinates":[[129.125,37.5002],[129.1161,37.489]]}},{"type":"Feature","properties":{},"geometry":{"type":"LineString","coordinates":[[129.1149,37.4839],[129.1145,37.4867],[129.1156,37.4889]]}},{"type":"Feature","properties":{},"geometry":{"type":"LineString","coordinates":[[129.1156,37.4817],[129.1149,37.4839]]}},{"type":"Feature","properties":{},"geometry":{"type":"LineString","coordinates":[[129.1156,37.4889],[129.1158,37.4892]]}},{"type":"Feature","properties":{},"geometry":{"type":"LineString","coordinates":[[129.1137,37.4161],[129.1139,37.4182],[129.1177,37.4201],[129.1212,37.4249]]}},{"type":"Feature","properties":{},"geometry":{"type":"LineString","coordinates":[[129.1192,37.4934],[129.1203,37.4946]]}},{"type":"Feature","properties":{},"geometry":{"type":"LineString","coordinates":[[129.1044,37.4613],[129.105,37.4625],[129.1047,37.4654],[129.1083,37.4709],[129.1164,37.476],[129.1168,37.4778],[129.1161,37.4801]]}},{"type":"Feature","properties":{},"geometry":{"type":"LineString","coordinates":[[129.1158,37.4892],[129.1192,37.4934]]}},{"type":"Feature","properties":{},"geometry":{"type":"LineString","coordinates":[[129.1014,37.4555],[129.1023,37.4591],[129.1044,37.4613]]}},{"type":"Feature","properties":{},"geometry":{"type":"LineString","coordinates":[[128.103,35.1465],[128.1006,35.1464]]}},{"type":"Feature","properties":{},"geometry":{"type":"LineString","coordinates":[[128.1073,35.147],[128.103,35.1465]]}},{"type":"Feature","properties":{},"geometry":{"type":"LineString","coordinates":[[128.103,35.1465],[128.1073,35.147]]}},{"type":"Feature","properties":{},"geometry":{"type":"LineString","coordinates":[[128.1073,35.147],[128.1109,35.1481]]}},{"type":"Feature","properties":{},"geometry":{"type":"LineString","coordinates":[[128.1109,35.148],[128.1073,35.147]]}},{"type":"Feature","properties":{},"geometry":{"type":"LineString","coordinates":[[128.423,36.0071],[128.4249,36.0059]]}},{"type":"Feature","properties":{},"geometry":{"type":"LineString","coordinates":[[128.4928,35.9634],[128.4903,35.965]]}},{"type":"Feature","properties":{},"geometry":{"type":"LineString","coordinates":[[128.4994,35.9592],[128.5004,35.9555]]}},{"type":"Feature","properties":{},"geometry":{"type":"LineString","coordinates":[[128.4986,35.9601],[128.4994,35.9592]]}},{"type":"Feature","properties":{},"geometry":{"type":"LineString","coordinates":[[128.5047,35.9545],[128.5056,35.9535]]}},{"type":"Feature","properties":{},"geometry":{"type":"LineString","coordinates":[[128.5046,35.9544],[128.5023,35.9569]]}},{"type":"Feature","properties":{},"geometry":{"type":"LineString","coordinates":[[128.5023,35.9569],[128.5047,35.9545]]}},{"type":"Feature","properties":{},"geometry":{"type":"LineString","coordinates":[[128.5023,35.9569],[128.4979,35.9602]]}},{"type":"Feature","properties":{},"geometry":{"type":"LineString","coordinates":[[128.498,35.9603],[128.5023,35.9569]]}},{"type":"Feature","properties":{},"geometry":{"type":"LineString","coordinates":[[128.4979,35.9602],[128.4928,35.9634]]}},{"type":"Feature","properties":{},"geometry":{"type":"LineString","coordinates":[[128.4929,35.9634],[128.498,35.9603]]}},{"type":"Feature","properties":{},"geometry":{"type":"LineString","coordinates":[[128.5056,35.9535],[128.5085,35.949],[128.5098,35.9439],[128.5097,35.9305],[128.5085,35.9198]]}},{"type":"Feature","properties":{},"geometry":{"type":"LineString","coordinates":[[128.5084,35.9198],[128.5096,35.9307],[128.5098,35.9437],[128.5084,35.949],[128.5055,35.9535]]}},{"type":"Feature","properties":{},"geometry":{"type":"LineString","coordinates":[[126.9712,37.5519],[126.9712,37.5504]]}},{"type":"Feature","properties":{},"geometry":{"type":"LineString","coordinates":[[126.9712,37.5419],[126.9712,37.5416]]}},{"type":"Feature","properties":{},"geometry":{"type":"LineString","coordinates":[[126.9693,37.5331],[126.9695,37.534]]}},{"type":"Feature","properties":{},"geometry":{"type":"LineString","coordinates":[[126.9695,37.534],[126.9701,37.5349]]}},{"type":"Feature","properties":{},"geometry":{"type":"LineString","coordinates":[[126.9709,37.5484],[126.9708,37.5493]]}},{"type":"Feature","properties":{},"geometry":{"type":"LineString","coordinates":[[126.9711,37.5416],[126.9711,37.5419]]}},{"type":"Feature","properties":{},"geometry":{"type":"LineString","coordinates":[[126.9701,37.5349],[126.9709,37.5365],[126.9711,37.5416]]}},{"type":"Feature","properties":{},"geometry":{"type":"LineString","coordinates":[[126.9703,37.5519],[126.9704,37.5503]]}},{"type":"Feature","properties":{},"geometry":{"type":"LineString","coordinates":[[127.1639,35.8479],[127.1649,35.8464]]}},{"type":"Feature","properties":{},"geometry":{"type":"LineString","coordinates":[[127.1571,35.8573],[127.1573,35.8571]]}},{"type":"Feature","properties":{},"geometry":{"type":"LineString","coordinates":[[127.3158,35.5672],[127.3152,35.5715]]}},{"type":"Feature","properties":{},"geometry":{"type":"LineString","coordinates":[[127.1573,35.857],[127.1571,35.8573]]}},{"type":"Feature","properties":{},"geometry":{"type":"LineString","coordinates":[[127.1669,35.8434],[127.1665,35.844]]}},{"type":"Feature","properties":{},"geometry":{"type":"LineString","coordinates":[[127.1614,35.8513],[127.1639,35.8479]]}},{"type":"Feature","properties":{},"geometry":{"type":"LineString","coordinates":[[127.165,35.8462],[127.1649,35.8464]]}},{"type":"Feature","properties":{},"geometry":{"type":"LineString","coordinates":[[127.1665,35.844],[127.165,35.8462]]}},{"type":"Feature","properties":{},"geometry":{"type":"LineString","coordinates":[[127.1623,35.85],[127.1614,35.8513]]}},{"type":"Feature","properties":{},"geometry":{"type":"LineString","coordinates":[[127.1649,35.8464],[127.1623,35.85]]}},{"type":"Feature","properties":{},"geometry":{"type":"LineString","coordinates":[[127.1573,35.8571],[127.1582,35.8557]]}},{"type":"Feature","properties":{},"geometry":{"type":"LineString","coordinates":[[127.1614,35.8513],[127.1591,35.8545]]}},{"type":"Feature","properties":{},"geometry":{"type":"LineString","coordinates":[[128.1892,37.1277],[128.1718,37.1267]]}},{"type":"Feature","properties":{},"geometry":{"type":"LineString","coordinates":[[129.313,35.5053],[129.3158,35.5061]]}},{"type":"Feature","properties":{},"geometry":{"type":"LineString","coordinates":[[129.3159,35.506],[129.313,35.5051]]}},{"type":"Feature","properties":{},"geometry":{"type":"LineString","coordinates":[[129.3326,35.5113],[129.3358,35.5119]]}},{"type":"Feature","properties":{},"geometry":{"type":"LineString","coordinates":[[129.328,35.5105],[129.3306,35.5112]]}},{"type":"Feature","properties":{},"geometry":{"type":"LineString","coordinates":[[129.3432,35.5202],[129.3442,35.5217]]}},{"type":"Feature","properties":{},"geometry":{"type":"LineString","coordinates":[[129.3427,35.5195],[129.3432,35.5202]]}},{"type":"Feature","properties":{},"geometry":{"type":"LineString","coordinates":[[129.3437,35.5208],[129.3433,35.5202]]}},{"type":"Feature","properties":{},"geometry":{"type":"LineString","coordinates":[[129.3442,35.5217],[129.3465,35.5249]]}},{"type":"Feature","properties":{},"geometry":{"type":"LineString","coordinates":[[126.8564,35.5951],[126.8587,35.5992]]}},{"type":"Feature","properties":{},"geometry":{"type":"LineString","coordinates":[[126.8558,35.594],[126.8564,35.5951]]}},{"type":"Feature","properties":{},"geometry":{"type":"LineString","coordinates":[[126.862,35.605],[126.8634,35.6074]]}},{"type":"Feature","properties":{},"geometry":{"type":"LineString","coordinates":[[126.8518,35.588],[126.8475,35.5825]]}},{"type":"Feature","properties":{},"geometry":{"type":"LineString","coordinates":[[126.831,35.5609],[126.8322,35.5626]]}},{"type":"Feature","properties":{},"geometry":{"type":"LineString","coordinates":[[126.8266,35.5528],[126.824,35.5477]]}},{"type":"Feature","properties":{},"geometry":{"type":"LineString","coordinates":[[126.824,35.5477],[126.8211,35.5416]]}},{"type":"Feature","properties":{},"geometry":{"type":"LineString","coordinates":[[126.824,35.5477],[126.8265,35.5528]]}},{"type":"Feature","properties":{},"geometry":{"type":"LineString","coordinates":[[126.8265,35.5528],[126.8291,35.5577]]}},{"type":"Feature","properties":{},"geometry":{"type":"LineString","coordinates":[[126.821,35.5416],[126.824,35.5477]]}},{"type":"Feature","properties":{},"geometry":{"type":"LineString","coordinates":[[126.8134,35.5256],[126.821,35.5416]]}},{"type":"Feature","properties":{},"geometry":{"type":"LineString","coordinates":[[126.8135,35.5255],[126.7995,35.4968]]}},{"type":"Feature","properties":{},"geometry":{"type":"LineString","coordinates":[[126.8211,35.5416],[126.8135,35.5255]]}},{"type":"Feature","properties":{},"geometry":{"type":"LineString","coordinates":[[128.6446,35.2714],[128.6334,35.2709]]}},{"type":"Feature","properties":{},"geometry":{"type":"LineString","coordinates":[[128.661,35.2686],[128.6588,35.2696]]}},{"type":"Feature","properties":{},"geometry":{"type":"LineString","coordinates":[[128.6588,35.2696],[128.6548,35.2705],[128.6446,35.2714]]}},{"type":"Feature","properties":{},"geometry":{"type":"LineString","coordinates":[[128.673,36.4345],[128.674,36.4283]]}},{"type":"Feature","properties":{},"geometry":{"type":"LineString","coordinates":[[129.3306,36.0517],[129.3312,36.0523]]}},{"type":"Feature","properties":{},"geometry":{"type":"LineString","coordinates":[[129.3307,36.0516],[129.3306,36.0515]]}},{"type":"Feature","properties":{},"geometry":{"type":"LineString","coordinates":[[129.3312,36.0523],[129.3338,36.056]]}},{"type":"Feature","properties":{},"geometry":{"type":"LineString","coordinates":[[129.3313,36.0523],[129.3307,36.0516]]}},{"type":"Feature","properties":{},"geometry":{"type":"LineString","coordinates":[[129.0447,35.12],[129.0448,35.1203]]}},{"type":"Feature","properties":{},"geometry":{"type":"LineString","coordinates":[[128.2461,37.1077],[128.2475,37.1056]]}},{"type":"Feature","properties":{},"geometry":{"type":"LineString","coordinates":[[128.246,37.1077],[128.2408,37.1165]]}},{"type":"Feature","properties":{},"geometry":{"type":"LineString","coordinates":[[128.2408,37.1165],[128.2461,37.1077]]}},{"type":"Feature","properties":{},"geometry":{"type":"LineString","coordinates":[[128.2408,37.1165],[128.2381,37.1204],[128.2347,37.1223],[128.2207,37.1225],[128.2148,37.1239]]}},{"type":"Feature","properties":{},"geometry":{"type":"LineString","coordinates":[[127.5947,37.4822],[127.5891,37.4797]]}},{"type":"Feature","properties":{},"geometry":{"type":"LineString","coordinates":[[127.3834,37.515],[127.3822,37.5155]]}},{"type":"Feature","properties":{},"geometry":{"type":"LineString","coordinates":[[127.3835,37.515],[127.3837,37.5149]]}},{"type":"Feature","properties":{},"geometry":{"type":"LineString","coordinates":[[127.3822,37.5155],[127.3835,37.515]]}},{"type":"Feature","properties":{},"geometry":{"type":"LineString","coordinates":[[127.3822,37.5155],[127.3817,37.5157]]}},{"type":"Feature","properties":{},"geometry":{"type":"LineString","coordinates":[[127.3789,37.5182],[127.3817,37.5158]]}},{"type":"Feature","properties":{},"geometry":{"type":"LineString","coordinates":[[127.3788,37.5181],[127.3761,37.5217]]}},{"type":"Feature","properties":{},"geometry":{"type":"LineString","coordinates":[[127.3817,37.5158],[127.3822,37.5155]]}},{"type":"Feature","properties":{},"geometry":{"type":"LineString","coordinates":[[127.3817,37.5157],[127.3788,37.5181]]}},{"type":"Feature","properties":{},"geometry":{"type":"LineString","coordinates":[[127.391,37.5144],[127.411,37.5186]]}},{"type":"Feature","properties":{},"geometry":{"type":"LineString","coordinates":[[127.391,37.5144],[127.3869,37.5141],[127.3837,37.5148]]}},{"type":"Feature","properties":{},"geometry":{"type":"LineString","coordinates":[[127.3837,37.5149],[127.3872,37.5141],[127.391,37.5144]]}},{"type":"Feature","properties":{},"geometry":{"type":"LineString","coordinates":[[127.3837,37.5148],[127.3834,37.515]]}},{"type":"Feature","properties":{},"geometry":{"type":"LineString","coordinates":[[127.3761,37.5217],[127.3789,37.5182]]}},{"type":"Feature","properties":{},"geometry":{"type":"LineString","coordinates":[[127.3761,37.5217],[127.3745,37.5237]]}},{"type":"Feature","properties":{},"geometry":{"type":"LineString","coordinates":[[127.3746,37.5237],[127.3761,37.5217]]}},{"type":"Feature","properties":{},"geometry":{"type":"LineString","coordinates":[[127.3745,37.5237],[127.3709,37.5282]]}},{"type":"Feature","properties":{},"geometry":{"type":"LineString","coordinates":[[127.3668,37.5329],[127.3688,37.5308]]}},{"type":"Feature","properties":{},"geometry":{"type":"LineString","coordinates":[[127.3668,37.5329],[127.3663,37.5332]]}},{"type":"Feature","properties":{},"geometry":{"type":"LineString","coordinates":[[127.3688,37.5308],[127.369,37.5306]]}},{"type":"Feature","properties":{},"geometry":{"type":"LineString","coordinates":[[127.3688,37.5308],[127.3668,37.5329]]}},{"type":"Feature","properties":{},"geometry":{"type":"LineString","coordinates":[[127.369,37.5306],[127.3709,37.5282]]}},{"type":"Feature","properties":{},"geometry":{"type":"LineString","coordinates":[[127.369,37.5305],[127.3688,37.5308]]}},{"type":"Feature","properties":{},"geometry":{"type":"LineString","coordinates":[[127.3709,37.5282],[127.369,37.5305]]}},{"type":"Feature","properties":{},"geometry":{"type":"LineString","coordinates":[[127.3709,37.5282],[127.3746,37.5237]]}},{"type":"Feature","properties":{},"geometry":{"type":"LineString","coordinates":[[127.3663,37.5332],[127.3621,37.5355],[127.3549,37.5375]]}},{"type":"Feature","properties":{},"geometry":{"type":"LineString","coordinates":[[127.3663,37.5332],[127.3668,37.5329]]}},{"type":"Feature","properties":{},"geometry":{"type":"LineString","coordinates":[[127.3549,37.5375],[127.3549,37.5376]]}},{"type":"Feature","properties":{},"geometry":{"type":"LineString","coordinates":[[127.3549,37.5376],[127.3619,37.5356],[127.3663,37.5332]]}},{"type":"Feature","properties":{},"geometry":{"type":"LineString","coordinates":[[127.3549,37.5376],[127.3549,37.5376]]}},{"type":"Feature","properties":{},"geometry":{"type":"LineString","coordinates":[[127.3549,37.5376],[127.3538,37.5379]]}},{"type":"Feature","properties":{},"geometry":{"type":"LineString","coordinates":[[127.3538,37.5379],[127.3549,37.5376]]}},{"type":"Feature","properties":{},"geometry":{"type":"LineString","coordinates":[[127.3538,37.5379],[127.3537,37.5379]]}},{"type":"Feature","properties":{},"geometry":{"type":"LineString","coordinates":[[127.3537,37.538],[127.3538,37.5379]]}},{"type":"Feature","properties":{},"geometry":{"type":"LineString","coordinates":[[127.3537,37.5379],[127.336,37.5427]]}},{"type":"Feature","properties":{},"geometry":{"type":"LineString","coordinates":[[127.332,37.5446],[127.3328,37.5442]]}},{"type":"Feature","properties":{},"geometry":{"type":"LineString","coordinates":[[127.3319,37.5446],[127.3246,37.5481]]}},{"type":"Feature","properties":{},"geometry":{"type":"LineString","coordinates":[[127.3328,37.5442],[127.3319,37.5446]]}},{"type":"Feature","properties":{},"geometry":{"type":"LineString","coordinates":[[127.3328,37.5442],[127.3361,37.5428]]}},{"type":"Feature","properties":{},"geometry":{"type":"LineString","coordinates":[[127.336,37.5427],[127.3328,37.5442]]}},{"type":"Feature","properties":{},"geometry":{"type":"LineString","coordinates":[[127.3361,37.5428],[127.3537,37.538]]}},{"type":"Feature","properties":{},"geometry":{"type":"LineString","coordinates":[[127.3127,37.5535],[127.3219,37.5494]]}},{"type":"Feature","properties":{},"geometry":{"type":"LineString","coordinates":[[127.3066,37.5563],[127.306,37.5565]]}},{"type":"Feature","properties":{},"geometry":{"type":"LineString","coordinates":[[127.306,37.5565],[127.3043,37.5573]]}},{"type":"Feature","properties":{},"geometry":{"type":"LineString","coordinates":[[127.306,37.5565],[127.3066,37.5563]]}},{"type":"Feature","properties":{},"geometry":{"type":"LineString","coordinates":[[127.301,37.5581],[127.2982,37.5581]]}},{"type":"Feature","properties":{},"geometry":{"type":"LineString","coordinates":[[127.3039,37.5574],[127.301,37.5581]]}},{"type":"Feature","properties":{},"geometry":{"type":"LineString","coordinates":[[127.3043,37.5573],[127.3039,37.5574]]}},{"type":"Feature","properties":{},"geometry":{"type":"LineString","coordinates":[[127.3011,37.5581],[127.304,37.5574]]}},{"type":"Feature","properties":{},"geometry":{"type":"LineString","coordinates":[[127.304,37.5574],[127.3043,37.5573]]}},{"type":"Feature","properties":{},"geometry":{"type":"LineString","coordinates":[[127.3043,37.5573],[127.306,37.5565]]}},{"type":"Feature","properties":{},"geometry":{"type":"LineString","coordinates":[[127.411,37.5185],[127.391,37.5144]]}},{"type":"Feature","properties":{},"geometry":{"type":"LineString","coordinates":[[127.411,37.5186],[127.4124,37.5187]]}},{"type":"Feature","properties":{},"geometry":{"type":"LineString","coordinates":[[127.4134,37.5188],[127.4143,37.5189]]}},{"type":"Feature","properties":{},"geometry":{"type":"LineString","coordinates":[[127.4124,37.5187],[127.411,37.5185]]}},{"type":"Feature","properties":{},"geometry":{"type":"LineString","coordinates":[[127.4143,37.5188],[127.4134,37.5188]]}},{"type":"Feature","properties":{},"geometry":{"type":"LineString","coordinates":[[127.4362,37.5157],[127.4489,37.5125]]}},{"type":"Feature","properties":{},"geometry":{"type":"LineString","coordinates":[[127.4362,37.5157],[127.435,37.5159]]}},{"type":"Feature","properties":{},"geometry":{"type":"LineString","coordinates":[[127.435,37.5159],[127.4244,37.5184],[127.4143,37.5188]]}},{"type":"Feature","properties":{},"geometry":{"type":"LineString","coordinates":[[127.435,37.516],[127.4362,37.5157]]}},{"type":"Feature","properties":{},"geometry":{"type":"LineString","coordinates":[[127.4489,37.5125],[127.4534,37.5113]]}},{"type":"Feature","properties":{},"geometry":{"type":"LineString","coordinates":[[127.4488,37.5125],[127.4362,37.5157]]}},{"type":"Feature","properties":{},"geometry":{"type":"LineString","coordinates":[[127.4534,37.5113],[127.4488,37.5125]]}},{"type":"Feature","properties":{},"geometry":{"type":"LineString","coordinates":[[127.4534,37.5113],[127.4536,37.5113]]}},{"type":"Feature","properties":{},"geometry":{"type":"LineString","coordinates":[[127.4536,37.5112],[127.4534,37.5113]]}},{"type":"Feature","properties":{},"geometry":{"type":"LineString","coordinates":[[127.4536,37.5113],[127.4644,37.5085]]}},{"type":"Feature","properties":{},"geometry":{"type":"LineString","coordinates":[[127.4143,37.5189],[127.4246,37.5184],[127.435,37.516]]}},{"type":"Feature","properties":{},"geometry":{"type":"LineString","coordinates":[[127.4669,37.5079],[127.4646,37.5084]]}},{"type":"Feature","properties":{},"geometry":{"type":"LineString","coordinates":[[127.4669,37.5079],[127.4682,37.5076]]}},{"type":"Feature","properties":{},"geometry":{"type":"LineString","coordinates":[[127.4647,37.5085],[127.4669,37.5079]]}},{"type":"Feature","properties":{},"geometry":{"type":"LineString","coordinates":[[127.4646,37.5084],[127.4644,37.5085]]}},{"type":"Feature","properties":{},"geometry":{"type":"LineString","coordinates":[[127.4644,37.5085],[127.4536,37.5112]]}},{"type":"Feature","properties":{},"geometry":{"type":"LineString","coordinates":[[127.4644,37.5085],[127.4647,37.5085]]}},{"type":"Feature","properties":{},"geometry":{"type":"LineString","coordinates":[[127.4682,37.5076],[127.4669,37.5079]]}},{"type":"Feature","properties":{},"geometry":{"type":"LineString","coordinates":[[127.4682,37.5076],[127.472,37.5066]]}},{"type":"Feature","properties":{},"geometry":{"type":"LineString","coordinates":[[127.4749,37.5059],[127.472,37.5066]]}},{"type":"Feature","properties":{},"geometry":{"type":"LineString","coordinates":[[127.472,37.5066],[127.4682,37.5076]]}},{"type":"Feature","properties":{},"geometry":{"type":"LineString","coordinates":[[127.472,37.5066],[127.475,37.5059]]}},{"type":"Feature","properties":{},"geometry":{"type":"LineString","coordinates":[[127.475,37.5059],[127.4833,37.502]]}},{"type":"Feature","properties":{},"geometry":{"type":"LineString","coordinates":[[127.4833,37.502],[127.4839,37.5017]]}},{"type":"Feature","properties":{},"geometry":{"type":"LineString","coordinates":[[127.4833,37.502],[127.4749,37.5059]]}},{"type":"Feature","properties":{},"geometry":{"type":"LineString","coordinates":[[127.4839,37.5017],[127.4841,37.5016]]}},{"type":"Feature","properties":{},"geometry":{"type":"LineString","coordinates":[[127.4838,37.5017],[127.4833,37.502]]}},{"type":"Feature","properties":{},"geometry":{"type":"LineString","coordinates":[[127.4841,37.5016],[127.4872,37.4989]]}},{"type":"Feature","properties":{},"geometry":{"type":"LineString","coordinates":[[127.484,37.5015],[127.4838,37.5017]]}},{"type":"Feature","properties":{},"geometry":{"type":"LineString","coordinates":[[127.4872,37.4989],[127.484,37.5015]]}},{"type":"Feature","properties":{},"geometry":{"type":"LineString","coordinates":[[127.4872,37.4989],[127.4886,37.4972]]}},{"type":"Feature","properties":{},"geometry":{"type":"LineString","coordinates":[[127.5009,37.485],[127.5105,37.4835]]}},{"type":"Feature","properties":{},"geometry":{"type":"LineString","coordinates":[[127.5009,37.485],[127.4975,37.4861],[127.4945,37.4894]]}},{"type":"Feature","properties":{},"geometry":{"type":"LineString","coordinates":[[127.5177,37.4823],[127.5218,37.4813],[127.5248,37.4793]]}},{"type":"Feature","properties":{},"geometry":{"type":"LineString","coordinates":[[127.5177,37.4823],[127.5145,37.4828]]}},{"type":"Feature","properties":{},"geometry":{"type":"LineString","coordinates":[[127.5145,37.4828],[127.5105,37.4834]]}},{"type":"Feature","properties":{},"geometry":{"type":"LineString","coordinates":[[127.5145,37.4828],[127.5177,37.4823]]}},{"type":"Feature","properties":{},"geometry":{"type":"LineString","coordinates":[[127.5105,37.4835],[127.5145,37.4828]]}},{"type":"Feature","properties":{},"geometry":{"type":"LineString","coordinates":[[127.5105,37.4834],[127.5009,37.485]]}},{"type":"Feature","properties":{},"geometry":{"type":"LineString","coordinates":[[127.5255,37.4787],[127.5262,37.4778]]}},{"type":"Feature","properties":{},"geometry":{"type":"LineString","coordinates":[[127.5248,37.4793],[127.5255,37.4787]]}},{"type":"Feature","properties":{},"geometry":{"type":"LineString","coordinates":[[127.5254,37.4786],[127.5224,37.481],[127.5177,37.4823]]}},{"type":"Feature","properties":{},"geometry":{"type":"LineString","coordinates":[[127.5262,37.4778],[127.5254,37.4786]]}},{"type":"Feature","properties":{},"geometry":{"type":"LineString","coordinates":[[127.5262,37.4778],[127.5267,37.4773]]}},{"type":"Feature","properties":{},"geometry":{"type":"LineString","coordinates":[[127.5267,37.4773],[127.5288,37.4751]]}},{"type":"Feature","properties":{},"geometry":{"type":"LineString","coordinates":[[127.5266,37.4773],[127.5262,37.4778]]}},{"type":"Feature","properties":{},"geometry":{"type":"LineString","coordinates":[[127.5288,37.4751],[127.5351,37.4711]]}},{"type":"Feature","properties":{},"geometry":{"type":"LineString","coordinates":[[127.5287,37.475],[127.5266,37.4773]]}},{"type":"Feature","properties":{},"geometry":{"type":"LineString","coordinates":[[127.541,37.4697],[127.5515,37.4681]]}},{"type":"Feature","properties":{},"geometry":{"type":"LineString","coordinates":[[127.5351,37.4711],[127.5287,37.475]]}},{"type":"Feature","properties":{},"geometry":{"type":"LineString","coordinates":[[127.5515,37.468],[127.541,37.4697]]}},{"type":"Feature","properties":{},"geometry":{"type":"LineString","coordinates":[[127.5686,37.4695],[127.5743,37.4724]]}},{"type":"Feature","properties":{},"geometry":{"type":"LineString","coordinates":[[127.5679,37.4692],[127.5686,37.4695]]}},{"type":"Feature","properties":{},"geometry":{"type":"LineString","coordinates":[[127.5515,37.4681],[127.5598,37.4675]]}},{"type":"Feature","properties":{},"geometry":{"type":"LineString","coordinates":[[127.5598,37.4675],[127.5679,37.4692]]}},{"type":"Feature","properties":{},"geometry":{"type":"LineString","coordinates":[[127.5598,37.4675],[127.5515,37.468]]}},{"type":"Feature","properties":{},"geometry":{"type":"LineString","coordinates":[[127.568,37.4692],[127.5598,37.4675]]}},{"type":"Feature","properties":{},"geometry":{"type":"LineString","coordinates":[[127.5757,37.4732],[127.5762,37.4734]]}},{"type":"Feature","properties":{},"geometry":{"type":"LineString","coordinates":[[127.5757,37.4731],[127.5743,37.4724]]}},{"type":"Feature","properties":{},"geometry":{"type":"LineString","coordinates":[[127.5743,37.4724],[127.5757,37.4732]]}},{"type":"Feature","properties":{},"geometry":{"type":"LineString","coordinates":[[127.5743,37.4724],[127.5686,37.4694]]}},{"type":"Feature","properties":{},"geometry":{"type":"LineString","coordinates":[[127.5686,37.4694],[127.568,37.4692]]}},{"type":"Feature","properties":{},"geometry":{"type":"LineString","coordinates":[[127.5763,37.4734],[127.5757,37.4731]]}},{"type":"Feature","properties":{},"geometry":{"type":"LineString","coordinates":[[127.5762,37.4734],[127.5836,37.4772]]}},{"type":"Feature","properties":{},"geometry":{"type":"LineString","coordinates":[[127.5836,37.4772],[127.5763,37.4734]]}},{"type":"Feature","properties":{},"geometry":{"type":"LineString","coordinates":[[127.5836,37.4772],[127.589,37.4797]]}},{"type":"Feature","properties":{},"geometry":{"type":"LineString","coordinates":[[129.1352,35.172],[129.1321,35.1736]]}},{"type":"Feature","properties":{},"geometry":{"type":"LineString","coordinates":[[129.0616,35.1651],[129.065,35.1668],[129.0665,35.1683],[129.0675,35.177],[129.071,35.1862],[129.0772,35.1923],[129.0845,35.1976],[129.0871,35.1982],[129.0952,35.1963],[129.1059,35.1958],[129.1096,35.1948]]}},{"type":"Feature","properties":{},"geometry":{"type":"LineString","coordinates":[[129.1321,35.1736],[129.1315,35.1739]]}},{"type":"Feature","properties":{},"geometry":{"type":"LineString","coordinates":[[129.1321,35.1737],[129.1353,35.172]]}},{"type":"Feature","properties":{},"geometry":{"type":"LineString","coordinates":[[129.1353,35.172],[129.1377,35.1707]]}},{"type":"Feature","properties":{},"geometry":{"type":"LineString","coordinates":[[129.1314,35.174],[129.1321,35.1737]]}},{"type":"Feature","properties":{},"geometry":{"type":"LineString","coordinates":[[129.1315,35.1739],[129.1278,35.1755]]}},{"type":"Feature","properties":{},"geometry":{"type":"LineString","coordinates":[[129.1277,35.1756],[129.1314,35.174]]}},{"type":"Feature","properties":{},"geometry":{"type":"LineString","coordinates":[[129.1278,35.1755],[129.127,35.1764]]}},{"type":"Feature","properties":{},"geometry":{"type":"LineString","coordinates":[[129.1221,35.1825],[129.1224,35.1821]]}},{"type":"Feature","properties":{},"geometry":{"type":"LineString","coordinates":[[129.1221,35.1825],[129.1206,35.1845],[129.1202,35.1873]]}},{"type":"Feature","properties":{},"geometry":{"type":"LineString","coordinates":[[129.127,35.1764],[129.1262,35.1773]]}},{"type":"Feature","properties":{},"geometry":{"type":"LineString","coordinates":[[129.127,35.1764],[129.1277,35.1756]]}},{"type":"Feature","properties":{},"geometry":{"type":"LineString","coordinates":[[129.1262,35.1774],[129.127,35.1764]]}},{"type":"Feature","properties":{},"geometry":{"type":"LineString","coordinates":[[129.1262,35.1773],[129.1259,35.1777]]}},{"type":"Feature","properties":{},"geometry":{"type":"LineString","coordinates":[[129.126,35.1777],[129.1262,35.1774]]}},{"type":"Feature","properties":{},"geometry":{"type":"LineString","coordinates":[[129.1259,35.1777],[129.1227,35.1817]]}},{"type":"Feature","properties":{},"geometry":{"type":"LineString","coordinates":[[129.1227,35.1817],[129.126,35.1777]]}},{"type":"Feature","properties":{},"geometry":{"type":"LineString","coordinates":[[129.1227,35.1817],[129.1224,35.1821]]}},{"type":"Feature","properties":{},"geometry":{"type":"LineString","coordinates":[[129.1224,35.1821],[129.1227,35.1817]]}},{"type":"Feature","properties":{},"geometry":{"type":"LineString","coordinates":[[129.1224,35.1821],[129.1221,35.1825]]}},{"type":"Feature","properties":{},"geometry":{"type":"LineString","coordinates":[[129.1202,35.1873],[129.12,35.1888]]}},{"type":"Feature","properties":{},"geometry":{"type":"LineString","coordinates":[[129.12,35.1888],[129.12,35.189]]}},{"type":"Feature","properties":{},"geometry":{"type":"LineString","coordinates":[[129.12,35.189],[129.1199,35.1902]]}},{"type":"Feature","properties":{},"geometry":{"type":"LineString","coordinates":[[129.1199,35.1902],[129.1198,35.1905]]}},{"type":"Feature","properties":{},"geometry":{"type":"LineString","coordinates":[[129.1199,35.1902],[129.12,35.189]]}},{"type":"Feature","properties":{},"geometry":{"type":"LineString","coordinates":[[129.12,35.189],[129.12,35.1888]]}},{"type":"Feature","properties":{},"geometry":{"type":"LineString","coordinates":[[129.1202,35.1873],[129.1206,35.1847],[129.1221,35.1825]]}},{"type":"Feature","properties":{},"geometry":{"type":"LineString","coordinates":[[129.12,35.1888],[129.1202,35.1873]]}},{"type":"Feature","properties":{},"geometry":{"type":"LineString","coordinates":[[129.1406,35.1694],[129.1402,35.1695]]}},{"type":"Feature","properties":{},"geometry":{"type":"LineString","coordinates":[[129.1398,35.1697],[129.1402,35.1696]]}},{"type":"Feature","properties":{},"geometry":{"type":"LineString","coordinates":[[129.1402,35.1696],[129.1406,35.1695]]}},{"type":"Feature","properties":{},"geometry":{"type":"LineString","coordinates":[[129.1387,35.1702],[129.1398,35.1697]]}},{"type":"Feature","properties":{},"geometry":{"type":"LineString","coordinates":[[129.1377,35.1707],[129.1387,35.1702]]}},{"type":"Feature","properties":{},"geometry":{"type":"LineString","coordinates":[[129.1398,35.1696],[129.1387,35.1701]]}},{"type":"Feature","properties":{},"geometry":{"type":"LineString","coordinates":[[129.1387,35.1701],[129.1377,35.1707]]}},{"type":"Feature","properties":{},"geometry":{"type":"LineString","coordinates":[[129.1377,35.1707],[129.1352,35.172]]}},{"type":"Feature","properties":{},"geometry":{"type":"LineString","coordinates":[[129.1199,35.1905],[129.1199,35.1902]]}},{"type":"Feature","properties":{},"geometry":{"type":"LineString","coordinates":[[129.1175,35.1932],[129.1193,35.1921],[129.1199,35.1905]]}},{"type":"Feature","properties":{},"geometry":{"type":"LineString","coordinates":[[129.1173,35.1932],[129.1175,35.1932]]}},{"type":"Feature","properties":{},"geometry":{"type":"LineString","coordinates":[[129.1175,35.1931],[129.1173,35.1932]]}},{"type":"Feature","properties":{},"geometry":{"type":"LineString","coordinates":[[129.1198,35.1905],[129.1193,35.192],[129.1175,35.1931]]}},{"type":"Feature","properties":{},"geometry":{"type":"LineString","coordinates":[[128.5465,35.8811],[128.5548,35.8807]]}},{"type":"Feature","properties":{},"geometry":{"type":"LineString","coordinates":[[128.5465,35.8811],[128.5399,35.8814]]}},{"type":"Feature","properties":{},"geometry":{"type":"LineString","coordinates":[[128.5553,35.8808],[128.5673,35.8842],[128.5704,35.884],[128.5725,35.883]]}},{"type":"Feature","properties":{},"geometry":{"type":"LineString","coordinates":[[128.5548,35.8807],[128.5553,35.8808]]}},{"type":"Feature","properties":{},"geometry":{"type":"LineString","coordinates":[[128.5553,35.8807],[128.5547,35.8807]]}},{"type":"Feature","properties":{},"geometry":{"type":"LineString","coordinates":[[128.5547,35.8807],[128.5465,35.8811]]}},{"type":"Feature","properties":{},"geometry":{"type":"LineString","coordinates":[[129.1173,35.1932],[129.1153,35.1935]]}},{"type":"Feature","properties":{},"geometry":{"type":"LineString","coordinates":[[129.1153,35.1935],[129.1133,35.1937]]}},{"type":"Feature","properties":{},"geometry":{"type":"LineString","coordinates":[[129.1153,35.1935],[129.1173,35.1932]]}},{"type":"Feature","properties":{},"geometry":{"type":"LineString","coordinates":[[129.1133,35.1937],[129.1095,35.1947]]}},{"type":"Feature","properties":{},"geometry":{"type":"LineString","coordinates":[[129.1133,35.1938],[129.1153,35.1935]]}},{"type":"Feature","properties":{},"geometry":{"type":"LineString","coordinates":[[129.1095,35.1947],[129.106,35.1958],[129.0953,35.1963],[129.0871,35.1982],[129.0847,35.1977],[129.0773,35.1923],[129.0711,35.1862],[129.0674,35.1767],[129.0668,35.169],[129.0656,35.1671],[129.0622,35.1653]]}},{"type":"Feature","properties":{},"geometry":{"type":"LineString","coordinates":[[129.1096,35.1948],[129.1133,35.1938]]}},{"type":"Feature","properties":{},"geometry":{"type":"LineString","coordinates":[[126.8172,37.6215],[126.8145,37.624],[126.8117,37.6285]]}},{"type":"Feature","properties":{},"geometry":{"type":"LineString","coordinates":[[127.2982,37.5581],[127.2928,37.5568],[127.2595,37.5437],[127.2558,37.5431],[127.252,37.5436]]}},{"type":"Feature","properties":{},"geometry":{"type":"LineString","coordinates":[[127.2982,37.5581],[127.3011,37.5581]]}},{"type":"Feature","properties":{},"geometry":{"type":"LineString","coordinates":[[127.252,37.5436],[127.2556,37.5432],[127.2593,37.5437],[127.2925,37.5568],[127.2982,37.5581]]}},{"type":"Feature","properties":{},"geometry":{"type":"LineString","coordinates":[[127.252,37.5436],[127.2512,37.5438]]}},{"type":"Feature","properties":{},"geometry":{"type":"LineString","coordinates":[[127.2513,37.5439],[127.252,37.5436]]}},{"type":"Feature","properties":{},"geometry":{"type":"LineString","coordinates":[[127.2512,37.5438],[127.25,37.5443]]}},{"type":"Feature","properties":{},"geometry":{"type":"LineString","coordinates":[[127.25,37.5443],[127.2477,37.5454]]}},{"type":"Feature","properties":{},"geometry":{"type":"LineString","coordinates":[[127.25,37.5444],[127.2513,37.5439]]}},{"type":"Feature","properties":{},"geometry":{"type":"LineString","coordinates":[[127.238,37.5557],[127.2353,37.5611]]}},{"type":"Feature","properties":{},"geometry":{"type":"LineString","coordinates":[[127.2381,37.5554],[127.238,37.5557]]}},{"type":"Feature","properties":{},"geometry":{"type":"LineString","coordinates":[[127.238,37.5557],[127.2382,37.5554]]}},{"type":"Feature","properties":{},"geometry":{"type":"LineString","coordinates":[[127.2382,37.5554],[127.2424,37.5487],[127.2471,37.5457]]}},{"type":"Feature","properties":{},"geometry":{"type":"LineString","coordinates":[[127.2398,37.5526],[127.2381,37.5554]]}},{"type":"Feature","properties":{},"geometry":{"type":"LineString","coordinates":[[127.2399,37.5524],[127.2398,37.5526]]}},{"type":"Feature","properties":{},"geometry":{"type":"LineString","coordinates":[[127.2477,37.5454],[127.2472,37.5456]]}},{"type":"Feature","properties":{},"geometry":{"type":"LineString","coordinates":[[127.2471,37.5457],[127.2428,37.5483],[127.2399,37.5524]]}},{"type":"Feature","properties":{},"geometry":{"type":"LineString","coordinates":[[127.235,37.5619],[127.235,37.5618]]}},{"type":"Feature","properties":{},"geometry":{"type":"LineString","coordinates":[[127.2349,37.5619],[127.2339,37.564]]}},{"type":"Feature","properties":{},"geometry":{"type":"LineString","coordinates":[[127.235,37.5618],[127.2354,37.5611]]}},{"type":"Feature","properties":{},"geometry":{"type":"LineString","coordinates":[[127.235,37.5618],[127.2349,37.5619]]}},{"type":"Feature","properties":{},"geometry":{"type":"LineString","coordinates":[[127.2353,37.5611],[127.235,37.5618]]}},{"type":"Feature","properties":{},"geometry":{"type":"LineString","coordinates":[[127.2354,37.5611],[127.238,37.5557]]}},{"type":"Feature","properties":{},"geometry":{"type":"LineString","coordinates":[[127.2339,37.5641],[127.235,37.5619]]}},{"type":"Feature","properties":{},"geometry":{"type":"LineString","coordinates":[[127.2339,37.564],[127.2339,37.5641]]}},{"type":"Feature","properties":{},"geometry":{"type":"LineString","coordinates":[[127.2339,37.5641],[127.2334,37.5651]]}},{"type":"Feature","properties":{},"geometry":{"type":"LineString","coordinates":[[127.2339,37.5642],[127.2339,37.5641]]}},{"type":"Feature","properties":{},"geometry":{"type":"LineString","coordinates":[[127.2335,37.5651],[127.2339,37.5642]]}},{"type":"Feature","properties":{},"geometry":{"type":"LineString","coordinates":[[127.2334,37.5651],[127.2325,37.5669]]}},{"type":"Feature","properties":{},"geometry":{"type":"LineString","coordinates":[[127.2326,37.5669],[127.2335,37.5651]]}},{"type":"Feature","properties":{},"geometry":{"type":"LineString","coordinates":[[127.2325,37.5669],[127.2322,37.5676]]}},{"type":"Feature","properties":{},"geometry":{"type":"LineString","coordinates":[[127.2316,37.5693],[127.2317,37.5689]]}},{"type":"Feature","properties":{},"geometry":{"type":"LineString","coordinates":[[127.2318,37.5687],[127.232,37.5681]]}},{"type":"Feature","properties":{},"geometry":{"type":"LineString","coordinates":[[127.2317,37.5689],[127.2318,37.5687]]}},{"type":"Feature","properties":{},"geometry":{"type":"LineString","coordinates":[[127.2323,37.5676],[127.2326,37.5669]]}},{"type":"Feature","properties":{},"geometry":{"type":"LineString","coordinates":[[127.232,37.5681],[127.2323,37.5676]]}},{"type":"Feature","properties":{},"geometry":{"type":"LineString","coordinates":[[127.2316,37.5692],[127.2312,37.5701]]}},{"type":"Feature","properties":{},"geometry":{"type":"LineString","coordinates":[[127.2317,37.5689],[127.2316,37.5692]]}},{"type":"Feature","properties":{},"geometry":{"type":"LineString","coordinates":[[127.2318,37.5687],[127.2317,37.5689]]}},{"type":"Feature","properties":{},"geometry":{"type":"LineString","coordinates":[[127.232,37.5681],[127.2318,37.5687]]}},{"type":"Feature","properties":{},"geometry":{"type":"LineString","coordinates":[[127.2322,37.5676],[127.232,37.5681]]}},{"type":"Feature","properties":{},"geometry":{"type":"LineString","coordinates":[[127.2313,37.5703],[127.2316,37.5693]]}},{"type":"Feature","properties":{},"geometry":{"type":"LineString","coordinates":[[127.2305,37.5722],[127.2301,37.5736]]}},{"type":"Feature","properties":{},"geometry":{"type":"LineString","coordinates":[[127.2312,37.5701],[127.2305,37.5722]]}},{"type":"Feature","properties":{},"geometry":{"type":"LineString","coordinates":[[127.2306,37.5723],[127.2313,37.5703]]}},{"type":"Feature","properties":{},"geometry":{"type":"LineString","coordinates":[[127.2301,37.5737],[127.2306,37.5723]]}},{"type":"Feature","properties":{},"geometry":{"type":"LineString","coordinates":[[127.2301,37.5736],[127.2299,37.5742]]}},{"type":"Feature","properties":{},"geometry":{"type":"LineString","coordinates":[[127.2293,37.5755],[127.229,37.576]]}},{"type":"Feature","properties":{},"geometry":{"type":"LineString","coordinates":[[127.2299,37.5742],[127.2293,37.5755]]}},{"type":"Feature","properties":{},"geometry":{"type":"LineString","coordinates":[[127.2293,37.5755],[127.2299,37.5742]]}},{"type":"Feature","properties":{},"geometry":{"type":"LineString","coordinates":[[127.2299,37.5742],[127.2301,37.5737]]}},{"type":"Feature","properties":{},"geometry":{"type":"LineString","coordinates":[[127.2277,37.5774],[127.229,37.576]]}},{"type":"Feature","properties":{},"geometry":{"type":"LineString","coordinates":[[127.229,37.576],[127.2293,37.5755]]}},{"type":"Feature","properties":{},"geometry":{"type":"LineString","coordinates":[[127.2277,37.5774],[127.2215,37.5799]]}},{"type":"Feature","properties":{},"geometry":{"type":"LineString","coordinates":[[127.229,37.576],[127.2277,37.5774]]}},{"type":"Feature","properties":{},"geometry":{"type":"LineString","coordinates":[[127.8027,37.3761],[127.8022,37.3765]]}},{"type":"Feature","properties":{},"geometry":{"type":"LineString","coordinates":[[127.8028,37.3761],[127.8031,37.3759]]}},{"type":"Feature","properties":{},"geometry":{"type":"LineString","coordinates":[[127.8016,37.3771],[127.8005,37.3779]]}},{"type":"Feature","properties":{},"geometry":{"type":"LineString","coordinates":[[127.8016,37.3771],[127.8019,37.3769]]}},{"type":"Feature","properties":{},"geometry":{"type":"LineString","coordinates":[[127.8159,37.3647],[127.8128,37.3675]]}},{"type":"Feature","properties":{},"geometry":{"type":"LineString","coordinates":[[127.816,37.3647],[127.8161,37.3646]]}},{"type":"Feature","properties":{},"geometry":{"type":"LineString","coordinates":[[127.6094,37.4877],[127.6134,37.4864]]}},{"type":"Feature","properties":{},"geometry":{"type":"LineString","coordinates":[[127.6192,37.4828],[127.6226,37.4808]]}},{"type":"Feature","properties":{},"geometry":{"type":"LineString","coordinates":[[127.6094,37.4876],[127.6082,37.4877]]}},{"type":"Feature","properties":{},"geometry":{"type":"LineString","coordinates":[[127.6134,37.4863],[127.6094,37.4876]]}},{"type":"Feature","properties":{},"geometry":{"type":"LineString","coordinates":[[127.6082,37.4877],[127.6046,37.4867]]}},{"type":"Feature","properties":{},"geometry":{"type":"LineString","coordinates":[[127.6082,37.4878],[127.6094,37.4877]]}},{"type":"Feature","properties":{},"geometry":{"type":"LineString","coordinates":[[127.6232,37.4804],[127.6245,37.4796]]}},{"type":"Feature","properties":{},"geometry":{"type":"LineString","coordinates":[[127.6232,37.4804],[127.6225,37.4808]]}},{"type":"Feature","properties":{},"geometry":{"type":"LineString","coordinates":[[127.6226,37.4808],[127.6232,37.4804]]}},{"type":"Feature","properties":{},"geometry":{"type":"LineString","coordinates":[[127.6225,37.4808],[127.6192,37.4828]]}},{"type":"Feature","properties":{},"geometry":{"type":"LineString","coordinates":[[127.6259,37.4788],[127.6351,37.4731]]}},{"type":"Feature","properties":{},"geometry":{"type":"LineString","coordinates":[[127.6259,37.4787],[127.6253,37.4791]]}},{"type":"Feature","properties":{},"geometry":{"type":"LineString","coordinates":[[127.6254,37.4791],[127.6259,37.4788]]}},{"type":"Feature","properties":{},"geometry":{"type":"LineString","coordinates":[[127.625,37.4793],[127.6232,37.4804]]}},{"type":"Feature","properties":{},"geometry":{"type":"LineString","coordinates":[[127.2215,37.5799],[127.2207,37.5802]]}},{"type":"Feature","properties":{},"geometry":{"type":"LineString","coordinates":[[127.2215,37.58],[127.2277,37.5774]]}},{"type":"Feature","properties":{},"geometry":{"type":"LineString","coordinates":[[127.2207,37.5802],[127.2215,37.58]]}},{"type":"Feature","properties":{},"geometry":{"type":"LineString","coordinates":[[127.2207,37.5802],[127.2194,37.5808]]}},{"type":"Feature","properties":{},"geometry":{"type":"LineString","coordinates":[[127.2194,37.5808],[127.2158,37.583]]}},{"type":"Feature","properties":{},"geometry":{"type":"LineString","coordinates":[[127.2195,37.5808],[127.2207,37.5802]]}},{"type":"Feature","properties":{},"geometry":{"type":"LineString","coordinates":[[127.2158,37.5831],[127.2195,37.5808]]}},{"type":"Feature","properties":{},"geometry":{"type":"LineString","coordinates":[[127.2158,37.583],[127.2156,37.5832]]}},{"type":"Feature","properties":{},"geometry":{"type":"LineString","coordinates":[[127.2156,37.5832],[127.2148,37.5836]]}},{"type":"Feature","properties":{},"geometry":{"type":"LineString","coordinates":[[127.2156,37.5832],[127.2158,37.5831]]}},{"type":"Feature","properties":{},"geometry":{"type":"LineString","coordinates":[[127.2149,37.5836],[127.2156,37.5832]]}},{"type":"Feature","properties":{},"geometry":{"type":"LineString","coordinates":[[127.2148,37.5836],[127.2123,37.585]]}},{"type":"Feature","properties":{},"geometry":{"type":"LineString","coordinates":[[127.2052,37.5889],[127.2088,37.5869]]}},{"type":"Feature","properties":{},"geometry":{"type":"LineString","coordinates":[[127.2051,37.5889],[127.204,37.5895]]}},{"type":"Feature","properties":{},"geometry":{"type":"LineString","coordinates":[[127.2041,37.5896],[127.2052,37.5889]]}},{"type":"Feature","properties":{},"geometry":{"type":"LineString","coordinates":[[127.204,37.5895],[127.2011,37.5918]]}},{"type":"Feature","properties":{},"geometry":{"type":"LineString","coordinates":[[127.2004,37.5929],[127.2005,37.5926]]}},{"type":"Feature","properties":{},"geometry":{"type":"LineString","coordinates":[[127.2005,37.5926],[127.2012,37.5918]]}},{"type":"Feature","properties":{},"geometry":{"type":"LineString","coordinates":[[127.2012,37.5918],[127.2041,37.5896]]}},{"type":"Feature","properties":{},"geometry":{"type":"LineString","coordinates":[[127.2003,37.5929],[127.1998,37.5938]]}},{"type":"Feature","properties":{},"geometry":{"type":"LineString","coordinates":[[127.2005,37.5926],[127.2003,37.5929]]}},{"type":"Feature","properties":{},"geometry":{"type":"LineString","coordinates":[[127.2011,37.5918],[127.2005,37.5926]]}},{"type":"Feature","properties":{},"geometry":{"type":"LineString","coordinates":[[127.1998,37.5938],[127.2004,37.5929]]}},{"type":"Feature","properties":{},"geometry":{"type":"LineString","coordinates":[[127.1997,37.5941],[127.1998,37.5938]]}},{"type":"Feature","properties":{},"geometry":{"type":"LineString","coordinates":[[127.1998,37.5938],[127.1996,37.5941]]}},{"type":"Feature","properties":{},"geometry":{"type":"LineString","coordinates":[[127.1996,37.5941],[127.1992,37.5949]]}},{"type":"Feature","properties":{},"geometry":{"type":"LineString","coordinates":[[127.1987,37.596],[127.1993,37.5949]]}},{"type":"Feature","properties":{},"geometry":{"type":"LineString","coordinates":[[127.1987,37.596],[127.1971,37.5991]]}},{"type":"Feature","properties":{},"geometry":{"type":"LineString","coordinates":[[127.1992,37.5949],[127.1987,37.596]]}},{"type":"Feature","properties":{},"geometry":{"type":"LineString","coordinates":[[127.1993,37.5949],[127.1997,37.5941]]}},{"type":"Feature","properties":{},"geometry":{"type":"LineString","coordinates":[[127.196,37.6014],[127.1972,37.5991]]}},{"type":"Feature","properties":{},"geometry":{"type":"LineString","coordinates":[[127.1956,37.6022],[127.1955,37.6023]]}},{"type":"Feature","properties":{},"geometry":{"type":"LineString","coordinates":[[127.1955,37.6023],[127.1954,37.6026]]}},{"type":"Feature","properties":{},"geometry":{"type":"LineString","coordinates":[[127.1956,37.6024],[127.1956,37.6022]]}},{"type":"Feature","properties":{},"geometry":{"type":"LineString","coordinates":[[127.1954,37.6026],[127.1939,37.6051]]}},{"type":"Feature","properties":{},"geometry":{"type":"LineString","coordinates":[[127.1955,37.6026],[127.1956,37.6024]]}},{"type":"Feature","properties":{},"geometry":{"type":"LineString","coordinates":[[127.1972,37.5991],[127.1987,37.596]]}},{"type":"Feature","properties":{},"geometry":{"type":"LineString","coordinates":[[127.1971,37.5991],[127.196,37.6014]]}},{"type":"Feature","properties":{},"geometry":{"type":"LineString","coordinates":[[127.1939,37.6051],[127.1955,37.6026]]}},{"type":"Feature","properties":{},"geometry":{"type":"LineString","coordinates":[[127.1933,37.6057],[127.193,37.6062]]}},{"type":"Feature","properties":{},"geometry":{"type":"LineString","coordinates":[[127.1926,37.6066],[127.1894,37.6105]]}},{"type":"Feature","properties":{},"geometry":{"type":"LineString","coordinates":[[127.193,37.6062],[127.1934,37.6058]]}},{"type":"Feature","properties":{},"geometry":{"type":"LineString","coordinates":[[127.1894,37.6105],[127.1879,37.6119]]}},{"type":"Feature","properties":{},"geometry":{"type":"LineString","coordinates":[[127.1894,37.6105],[127.1926,37.6067]]}},{"type":"Feature","properties":{},"geometry":{"type":"LineString","coordinates":[[127.1879,37.612],[127.1894,37.6105]]}},{"type":"Feature","properties":{},"geometry":{"type":"LineString","coordinates":[[127.1879,37.6119],[127.1864,37.6129]]}},{"type":"Feature","properties":{},"geometry":{"type":"LineString","coordinates":[[127.1864,37.6129],[127.1835,37.6141]]}},{"type":"Feature","properties":{},"geometry":{"type":"LineString","coordinates":[[127.1864,37.613],[127.1879,37.612]]}},{"type":"Feature","properties":{},"geometry":{"type":"LineString","coordinates":[[127.1827,37.6143],[127.1835,37.6141]]}},{"type":"Feature","properties":{},"geometry":{"type":"LineString","coordinates":[[127.1827,37.6143],[127.1762,37.6141]]}},{"type":"Feature","properties":{},"geometry":{"type":"LineString","coordinates":[[127.1835,37.6141],[127.1864,37.613]]}},{"type":"Feature","properties":{},"geometry":{"type":"LineString","coordinates":[[127.1835,37.6141],[127.1827,37.6143]]}},{"type":"Feature","properties":{},"geometry":{"type":"LineString","coordinates":[[127.1762,37.6141],[127.1736,37.6134]]}},{"type":"Feature","properties":{},"geometry":{"type":"LineString","coordinates":[[127.1762,37.6142],[127.1827,37.6143]]}},{"type":"Feature","properties":{},"geometry":{"type":"LineString","coordinates":[[127.1574,37.6072],[127.1635,37.6099]]}},{"type":"Feature","properties":{},"geometry":{"type":"LineString","coordinates":[[127.1569,37.6069],[127.1639,37.61]]}},{"type":"Feature","properties":{},"geometry":{"type":"LineString","coordinates":[[127.153,37.6055],[127.1534,37.6056]]}},{"type":"Feature","properties":{},"geometry":{"type":"LineString","coordinates":[[127.1534,37.6055],[127.153,37.6054]]}},{"type":"Feature","properties":{},"geometry":{"type":"LineString","coordinates":[[127.153,37.6054],[127.1504,37.6049]]}},{"type":"Feature","properties":{},"geometry":{"type":"LineString","coordinates":[[127.1475,37.6042],[127.1453,37.6037]]}},{"type":"Feature","properties":{},"geometry":{"type":"LineString","coordinates":[[127.1504,37.6049],[127.1475,37.6042]]}},{"type":"Feature","properties":{},"geometry":{"type":"LineString","coordinates":[[127.1475,37.6042],[127.1504,37.6049]]}},{"type":"Feature","properties":{},"geometry":{"type":"LineString","coordinates":[[127.1504,37.6049],[127.153,37.6055]]}},{"type":"Feature","properties":{},"geometry":{"type":"LineString","coordinates":[[127.5891,37.4797],[127.5946,37.4822]]}},{"type":"Feature","properties":{},"geometry":{"type":"LineString","coordinates":[[127.589,37.4797],[127.5836,37.4772]]}},{"type":"Feature","properties":{},"geometry":{"type":"LineString","coordinates":[[127.1409,37.6027],[127.1412,37.6028]]}},{"type":"Feature","properties":{},"geometry":{"type":"LineString","coordinates":[[127.1409,37.6027],[127.1373,37.6023],[127.1321,37.6037]]}},{"type":"Feature","properties":{},"geometry":{"type":"LineString","coordinates":[[127.1322,37.6037],[127.1373,37.6024],[127.1409,37.6027]]}},{"type":"Feature","properties":{},"geometry":{"type":"LineString","coordinates":[[127.1321,37.6037],[127.1313,37.6039]]}},{"type":"Feature","properties":{},"geometry":{"type":"LineString","coordinates":[[127.1138,37.6075],[127.1051,37.6057],[127.1007,37.6027],[127.0944,37.6001]]}},{"type":"Feature","properties":{},"geometry":{"type":"LineString","coordinates":[[127.1137,37.6075],[127.1215,37.6068],[127.1313,37.604]]}},{"type":"Feature","properties":{},"geometry":{"type":"LineString","coordinates":[[127.1313,37.604],[127.1322,37.6037]]}},{"type":"Feature","properties":{},"geometry":{"type":"LineString","coordinates":[[127.1313,37.6039],[127.1215,37.6068],[127.1138,37.6075]]}},{"type":"Feature","properties":{},"geometry":{"type":"LineString","coordinates":[[127.0898,37.5983],[127.0887,37.5979]]}},{"type":"Feature","properties":{},"geometry":{"type":"LineString","coordinates":[[127.0944,37.6001],[127.0898,37.5983]]}},{"type":"Feature","properties":{},"geometry":{"type":"LineString","coordinates":[[127.0887,37.5979],[127.0815,37.596]]}},{"type":"Feature","properties":{},"geometry":{"type":"LineString","coordinates":[[127.0983,37.6017],[127.105,37.6058],[127.1137,37.6075]]}},{"type":"Feature","properties":{},"geometry":{"type":"LineString","coordinates":[[127.0806,37.5958],[127.0789,37.5955]]}},{"type":"Feature","properties":{},"geometry":{"type":"LineString","coordinates":[[127.0908,37.5996],[127.0851,37.5969]]}},{"type":"Feature","properties":{},"geometry":{"type":"LineString","coordinates":[[127.0866,37.5975],[127.0912,37.5998]]}},{"type":"Feature","properties":{},"geometry":{"type":"LineString","coordinates":[[127.074,37.5945],[127.0727,37.5942]]}},{"type":"Feature","properties":{},"geometry":{"type":"LineString","coordinates":[[127.074,37.5945],[127.0742,37.5945]]}},{"type":"Feature","properties":{},"geometry":{"type":"LineString","coordinates":[[127.0727,37.5942],[127.0608,37.5911]]}},{"type":"Feature","properties":{},"geometry":{"type":"LineString","coordinates":[[127.0727,37.5942],[127.074,37.5945]]}},{"type":"Feature","properties":{},"geometry":{"type":"LineString","coordinates":[[127.0742,37.5945],[127.074,37.5945]]}},{"type":"Feature","properties":{},"geometry":{"type":"LineString","coordinates":[[127.0742,37.5945],[127.0788,37.5955]]}},{"type":"Feature","properties":{},"geometry":{"type":"LineString","coordinates":[[127.0788,37.5955],[127.0806,37.5959]]}},{"type":"Feature","properties":{},"geometry":{"type":"LineString","coordinates":[[127.0789,37.5955],[127.0742,37.5945]]}},{"type":"Feature","properties":{},"geometry":{"type":"LineString","coordinates":[[127.0607,37.5911],[127.0727,37.5942]]}},{"type":"Feature","properties":{},"geometry":{"type":"LineString","coordinates":[[127.0608,37.5911],[127.0538,37.5873],[127.0513,37.5846]]}},{"type":"Feature","properties":{},"geometry":{"type":"LineString","coordinates":[[127.0508,37.584],[127.0512,37.5845]]}},{"type":"Feature","properties":{},"geometry":{"type":"LineString","coordinates":[[127.0513,37.5846],[127.0516,37.585]]}},{"type":"Feature","properties":{},"geometry":{"type":"LineString","coordinates":[[127.0512,37.5846],[127.0516,37.5851]]}},{"type":"Feature","properties":{},"geometry":{"type":"LineString","coordinates":[[127.0495,37.5818],[127.0505,37.5835]]}},{"type":"Feature","properties":{},"geometry":{"type":"LineString","coordinates":[[127.0456,37.5775],[127.0472,37.5796]]}},{"type":"Feature","properties":{},"geometry":{"type":"LineString","coordinates":[[127.052,37.5856],[127.0524,37.5862]]}},{"type":"Feature","properties":{},"geometry":{"type":"LineString","coordinates":[[127.0518,37.5853],[127.052,37.5856]]}},{"type":"Feature","properties":{},"geometry":{"type":"LineString","coordinates":[[127.0524,37.5862],[127.0602,37.5913],[127.0671,37.6012]]}},{"type":"Feature","properties":{},"geometry":{"type":"LineString","coordinates":[[127.0511,37.5844],[127.0512,37.5846]]}},{"type":"Feature","properties":{},"geometry":{"type":"LineString","coordinates":[[127.0512,37.5845],[127.0513,37.5846]]}},{"type":"Feature","properties":{},"geometry":{"type":"LineString","coordinates":[[127.0503,37.5835],[127.0511,37.5844]]}},{"type":"Feature","properties":{},"geometry":{"type":"LineString","coordinates":[[127.0504,37.5835],[127.0499,37.5828]]}},{"type":"Feature","properties":{},"geometry":{"type":"LineString","coordinates":[[127.0507,37.5838],[127.0508,37.584]]}},{"type":"Feature","properties":{},"geometry":{"type":"LineString","coordinates":[[127.0492,37.582],[127.0473,37.5796]]}},{"type":"Feature","properties":{},"geometry":{"type":"LineString","coordinates":[[127.0508,37.584],[127.0512,37.5844]]}},{"type":"Feature","properties":{},"geometry":{"type":"LineString","coordinates":[[127.0505,37.5835],[127.0507,37.5838]]}},{"type":"Feature","properties":{},"geometry":{"type":"LineString","coordinates":[[127.0507,37.5838],[127.0508,37.584]]}},{"type":"Feature","properties":{},"geometry":{"type":"LineString","coordinates":[[127.0513,37.5846],[127.0512,37.5844]]}},{"type":"Feature","properties":{},"geometry":{"type":"LineString","coordinates":[[127.0513,37.5846],[127.0516,37.5851]]}},{"type":"Feature","properties":{},"geometry":{"type":"LineString","coordinates":[[127.0516,37.5851],[127.0541,37.5875],[127.0607,37.5911]]}},{"type":"Feature","properties":{},"geometry":{"type":"LineString","coordinates":[[127.0512,37.5846],[127.0518,37.5853]]}},{"type":"Feature","properties":{},"geometry":{"type":"LineString","coordinates":[[127.0508,37.584],[127.0512,37.5845]]}},{"type":"Feature","properties":{},"geometry":{"type":"LineString","coordinates":[[127.0457,37.5773],[127.0449,37.5763]]}},{"type":"Feature","properties":{},"geometry":{"type":"LineString","coordinates":[[127.0449,37.5763],[127.0424,37.573]]}},{"type":"Feature","properties":{},"geometry":{"type":"LineString","coordinates":[[127.045,37.5765],[127.0456,37.5775]]}},{"type":"Feature","properties":{},"geometry":{"type":"LineString","coordinates":[[127.0423,37.573],[127.0445,37.5758]]}},{"type":"Feature","properties":{},"geometry":{"type":"LineString","coordinates":[[127.0424,37.573],[127.042,37.5725]]}},{"type":"Feature","properties":{},"geometry":{"type":"LineString","coordinates":[[127.0411,37.5713],[127.0418,37.5723]]}},{"type":"Feature","properties":{},"geometry":{"type":"LineString","coordinates":[[127.0411,37.5713],[127.0399,37.5697]]}},{"type":"Feature","properties":{},"geometry":{"type":"LineString","coordinates":[[127.0419,37.5725],[127.0423,37.573]]}},{"type":"Feature","properties":{},"geometry":{"type":"LineString","coordinates":[[127.042,37.5725],[127.0418,37.5723]]}},{"type":"Feature","properties":{},"geometry":{"type":"LineString","coordinates":[[127.0418,37.5723],[127.0411,37.5713]]}},{"type":"Feature","properties":{},"geometry":{"type":"LineString","coordinates":[[127.0418,37.5723],[127.0419,37.5725]]}},{"type":"Feature","properties":{},"geometry":{"type":"LineString","coordinates":[[127.0399,37.5697],[127.0398,37.5696]]}},{"type":"Feature","properties":{},"geometry":{"type":"LineString","coordinates":[[127.0398,37.5698],[127.0411,37.5713]]}},{"type":"Feature","properties":{},"geometry":{"type":"LineString","coordinates":[[127.0398,37.5696],[127.0393,37.5689]]}},{"type":"Feature","properties":{},"geometry":{"type":"LineString","coordinates":[[127.0397,37.5697],[127.0398,37.5698]]}},{"type":"Feature","properties":{},"geometry":{"type":"LineString","coordinates":[[127.0205,37.5416],[127.0246,37.5445],[127.0326,37.5479],[127.0355,37.5512],[127.0384,37.5532],[127.0395,37.5555],[127.0387,37.5602]]}},{"type":"Feature","properties":{},"geometry":{"type":"LineString","coordinates":[[127.0393,37.5689],[127.0377,37.5661]]}},{"type":"Feature","properties":{},"geometry":{"type":"LineString","coordinates":[[127.0392,37.569],[127.0397,37.5697]]}},{"type":"Feature","properties":{},"geometry":{"type":"LineString","coordinates":[[127.0173,37.5395],[127.0205,37.5416]]}},{"type":"Feature","properties":{},"geometry":{"type":"LineString","coordinates":[[126.9618,37.5231],[126.9624,37.5227]]}},{"type":"Feature","properties":{},"geometry":{"type":"LineString","coordinates":[[126.9624,37.5227],[126.9654,37.5221],[126.9718,37.5228],[126.9833,37.5195],[126.9949,37.5201],[127.0005,37.5224],[127.0038,37.5262],[127.0112,37.5305],[127.0173,37.5395]]}},{"type":"Feature","properties":{},"geometry":{"type":"LineString","coordinates":[[126.8116,37.6292],[126.8144,37.6243],[126.8168,37.622]]}},{"type":"Feature","properties":{},"geometry":{"type":"LineString","coordinates":[[126.8572,37.609],[126.8527,37.6117],[126.8486,37.6123]]}},{"type":"Feature","properties":{},"geometry":{"type":"LineString","coordinates":[[126.9473,37.56],[126.947,37.56]]}},{"type":"Feature","properties":{},"geometry":{"type":"LineString","coordinates":[[126.947,37.56],[126.9413,37.5597]]}},{"type":"Feature","properties":{},"geometry":{"type":"LineString","coordinates":[[126.9472,37.5601],[126.9525,37.5612]]}},{"type":"Feature","properties":{},"geometry":{"type":"LineString","coordinates":[[126.9469,37.56],[126.9472,37.5601]]}},{"type":"Feature","properties":{},"geometry":{"type":"LineString","coordinates":[[126.9413,37.5598],[126.9469,37.56]]}},{"type":"Feature","properties":{},"geometry":{"type":"LineString","coordinates":[[126.9413,37.5597],[126.9371,37.5596]]}},{"type":"Feature","properties":{},"geometry":{"type":"LineString","coordinates":[[126.9367,37.5597],[126.9371,37.5597]]}},{"type":"Feature","properties":{},"geometry":{"type":"LineString","coordinates":[[126.9371,37.5597],[126.9402,37.5598]]}},{"type":"Feature","properties":{},"geometry":{"type":"LineString","coordinates":[[126.9367,37.5596],[126.9338,37.5597],[126.9314,37.5607]]}},{"type":"Feature","properties":{},"geometry":{"type":"LineString","coordinates":[[126.9371,37.5596],[126.9367,37.5596]]}},{"type":"Feature","properties":{},"geometry":{"type":"LineString","coordinates":[[126.9315,37.5607],[126.9338,37.5597],[126.9367,37.5597]]}},{"type":"Feature","properties":{},"geometry":{"type":"LineString","coordinates":[[126.9307,37.5613],[126.9315,37.5607]]}},{"type":"Feature","properties":{},"geometry":{"type":"LineString","coordinates":[[126.9307,37.5613],[126.9284,37.5632]]}},{"type":"Feature","properties":{},"geometry":{"type":"LineString","coordinates":[[126.9314,37.5607],[126.9307,37.5613]]}},{"type":"Feature","properties":{},"geometry":{"type":"LineString","coordinates":[[126.9284,37.5632],[126.9281,37.5634]]}},{"type":"Feature","properties":{},"geometry":{"type":"LineString","coordinates":[[126.9281,37.5635],[126.9284,37.5632]]}},{"type":"Feature","properties":{},"geometry":{"type":"LineString","coordinates":[[126.9284,37.5632],[126.9307,37.5613]]}},{"type":"Feature","properties":{},"geometry":{"type":"LineString","coordinates":[[126.9525,37.5612],[126.9558,37.5616]]}},{"type":"Feature","properties":{},"geometry":{"type":"LineString","coordinates":[[126.9526,37.5611],[126.9473,37.56]]}},{"type":"Feature","properties":{},"geometry":{"type":"LineString","coordinates":[[126.9621,37.5624],[126.9673,37.5623],[126.9703,37.5606]]}},{"type":"Feature","properties":{},"geometry":{"type":"LineString","coordinates":[[126.9577,37.5618],[126.9621,37.5624]]}},{"type":"Feature","properties":{},"geometry":{"type":"LineString","coordinates":[[126.9577,37.5617],[126.9559,37.5615]]}},{"type":"Feature","properties":{},"geometry":{"type":"LineString","coordinates":[[126.9622,37.5623],[126.9577,37.5617]]}},{"type":"Feature","properties":{},"geometry":{"type":"LineString","coordinates":[[126.9711,37.5581],[126.9708,37.557]]}},{"type":"Feature","properties":{},"geometry":{"type":"LineString","coordinates":[[126.9706,37.5568],[126.9711,37.5582]]}},{"type":"Feature","properties":{},"geometry":{"type":"LineString","coordinates":[[126.9711,37.5592],[126.9709,37.5597]]}},{"type":"Feature","properties":{},"geometry":{"type":"LineString","coordinates":[[126.9705,37.5565],[126.9706,37.5568]]}},{"type":"Feature","properties":{},"geometry":{"type":"LineString","coordinates":[[126.9708,37.557],[126.9705,37.5562]]}},{"type":"Feature","properties":{},"geometry":{"type":"LineString","coordinates":[[126.9711,37.5591],[126.9711,37.5582]]}},{"type":"Feature","properties":{},"geometry":{"type":"LineString","coordinates":[[126.9706,37.5603],[126.9711,37.5591]]}},{"type":"Feature","properties":{},"geometry":{"type":"LineString","coordinates":[[126.9704,37.5562],[126.9705,37.5565]]}},{"type":"Feature","properties":{},"geometry":{"type":"LineString","coordinates":[[126.9711,37.5456],[126.9709,37.5484]]}},{"type":"Feature","properties":{},"geometry":{"type":"LineString","coordinates":[[126.9672,37.5311],[126.9664,37.5306]]}},{"type":"Feature","properties":{},"geometry":{"type":"LineString","coordinates":[[126.9677,37.5314],[126.9693,37.5331]]}},{"type":"Feature","properties":{},"geometry":{"type":"LineString","coordinates":[[126.9635,37.5284],[126.9664,37.5305]]}},{"type":"Feature","properties":{},"geometry":{"type":"LineString","coordinates":[[126.9629,37.5281],[126.9608,37.5258],[126.9618,37.5231]]}},{"type":"Feature","properties":{},"geometry":{"type":"LineString","coordinates":[[126.8561,37.6098],[126.8573,37.6091]]}},{"type":"Feature","properties":{},"geometry":{"type":"LineString","coordinates":[[126.854,37.6113],[126.8561,37.6098]]}},{"type":"Feature","properties":{},"geometry":{"type":"LineString","coordinates":[[126.8242,37.6161],[126.8278,37.6133],[126.8306,37.6123],[126.8508,37.6126],[126.854,37.6113]]}},{"type":"Feature","properties":{},"geometry":{"type":"LineString","coordinates":[[126.8573,37.6091],[126.8589,37.6084]]}},{"type":"Feature","properties":{},"geometry":{"type":"LineString","coordinates":[[126.8589,37.6084],[126.8651,37.6055],[126.8821,37.591]]}},{"type":"Feature","properties":{},"geometry":{"type":"LineString","coordinates":[[126.882,37.591],[126.8657,37.605],[126.8588,37.6083]]}},{"type":"Feature","properties":{},"geometry":{"type":"LineString","coordinates":[[126.8588,37.6083],[126.8572,37.609]]}},{"type":"Feature","properties":{},"geometry":{"type":"LineString","coordinates":[[126.8821,37.591],[126.8652,37.6056],[126.859,37.6086]]}},{"type":"Feature","properties":{},"geometry":{"type":"LineString","coordinates":[[126.8242,37.6161],[126.8278,37.6132],[126.8302,37.6123],[126.8507,37.6124],[126.8577,37.6092]]}},{"type":"Feature","properties":{},"geometry":{"type":"LineString","coordinates":[[126.8577,37.6092],[126.859,37.6086]]}},{"type":"Feature","properties":{},"geometry":{"type":"LineString","coordinates":[[127.443,36.3198],[127.4402,36.3213],[127.4385,36.3242]]}},{"type":"Feature","properties":{},"geometry":{"type":"LineString","coordinates":[[127.4365,36.3289],[127.436,36.3304]]}},{"type":"Feature","properties":{},"geometry":{"type":"LineString","coordinates":[[127.4311,36.3389],[127.4313,36.3386]]}},{"type":"Feature","properties":{},"geometry":{"type":"LineString","coordinates":[[127.4435,36.3197],[127.443,36.3198]]}},{"type":"Feature","properties":{},"geometry":{"type":"LineString","coordinates":[[127.4313,36.3386],[127.4312,36.3389]]}},{"type":"Feature","properties":{},"geometry":{"type":"LineString","coordinates":[[127.4301,36.3405],[127.4304,36.3401]]}},{"type":"Feature","properties":{},"geometry":{"type":"LineString","coordinates":[[127.424,36.3734],[127.424,36.3729]]}},{"type":"Feature","properties":{},"geometry":{"type":"LineString","coordinates":[[127.4304,36.3402],[127.4302,36.3405]]}},{"type":"Feature","properties":{},"geometry":{"type":"LineString","coordinates":[[127.4242,36.3744],[127.424,36.3734]]}},{"type":"Feature","properties":{},"geometry":{"type":"LineString","coordinates":[[127.4304,36.3401],[127.4311,36.3389]]}},{"type":"Feature","properties":{},"geometry":{"type":"LineString","coordinates":[[127.4312,36.3389],[127.4304,36.3402]]}},{"type":"Feature","properties":{},"geometry":{"type":"LineString","coordinates":[[127.465,36.315],[127.4598,36.3139]]}},{"type":"Feature","properties":{},"geometry":{"type":"LineString","coordinates":[[127.4311,36.3386],[127.4317,36.3375]]}},{"type":"Feature","properties":{},"geometry":{"type":"LineString","coordinates":[[127.4313,36.3386],[127.4314,36.3383]]}},{"type":"Feature","properties":{},"geometry":{"type":"LineString","coordinates":[[127.4344,36.3342],[127.4362,36.3306]]}},{"type":"Feature","properties":{},"geometry":{"type":"LineString","coordinates":[[127.4341,36.3341],[127.436,36.3304]]}},{"type":"Feature","properties":{},"geometry":{"type":"LineString","coordinates":[[127.4341,36.3341],[127.4334,36.3352]]}},{"type":"Feature","properties":{},"geometry":{"type":"LineString","coordinates":[[127.4334,36.3355],[127.4344,36.3342]]}},{"type":"Feature","properties":{},"geometry":{"type":"LineString","coordinates":[[127.424,36.3729],[127.4238,36.3724]]}},{"type":"Feature","properties":{},"geometry":{"type":"LineString","coordinates":[[127.4023,36.325],[127.4036,36.3213]]}},{"type":"Feature","properties":{},"geometry":{"type":"LineString","coordinates":[[127.4019,36.3259],[127.4023,36.325]]}},{"type":"Feature","properties":{},"geometry":{"type":"LineString","coordinates":[[127.436,36.3286],[127.4352,36.3301]]}},{"type":"Feature","properties":{},"geometry":{"type":"LineString","coordinates":[[127.4352,36.3301],[127.4331,36.3343]]}},{"type":"Feature","properties":{},"geometry":{"type":"LineString","coordinates":[[127.4429,36.3196],[127.4397,36.3215],[127.4377,36.3253]]}},{"type":"Feature","properties":{},"geometry":{"type":"LineString","coordinates":[[127.4434,36.3195],[127.4429,36.3196]]}},{"type":"Feature","properties":{},"geometry":{"type":"LineString","coordinates":[[127.4377,36.3253],[127.4353,36.3303]]}},{"type":"Feature","properties":{},"geometry":{"type":"LineString","coordinates":[[127.4598,36.3139],[127.4586,36.3138]]}},{"type":"Feature","properties":{},"geometry":{"type":"LineString","coordinates":[[127.4313,36.3386],[127.433,36.336]]}},{"type":"Feature","properties":{},"geometry":{"type":"LineString","coordinates":[[127.3295,36.6184],[127.3346,36.6138]]}},{"type":"Feature","properties":{},"geometry":{"type":"LineString","coordinates":[[127.3241,36.6232],[127.3261,36.6217]]}},{"type":"Feature","properties":{},"geometry":{"type":"LineString","coordinates":[[127.3345,36.6137],[127.3294,36.6183]]}},{"type":"Feature","properties":{},"geometry":{"type":"LineString","coordinates":[[127.3257,36.6214],[127.324,36.6231]]}},{"type":"Feature","properties":{},"geometry":{"type":"LineString","coordinates":[[127.3557,36.5948],[127.3561,36.5945]]}},{"type":"Feature","properties":{},"geometry":{"type":"LineString","coordinates":[[127.2952,36.6488],[127.298,36.6464]]}},{"type":"Feature","properties":{},"geometry":{"type":"LineString","coordinates":[[127.3504,36.5996],[127.3557,36.5948]]}},{"type":"Feature","properties":{},"geometry":{"type":"LineString","coordinates":[[127.323,36.624],[127.3206,36.6263]]}},{"type":"Feature","properties":{},"geometry":{"type":"LineString","coordinates":[[127.3231,36.624],[127.3504,36.5996]]}},{"type":"Feature","properties":{},"geometry":{"type":"LineString","coordinates":[[127.3206,36.6263],[127.3225,36.6248]]}},{"type":"Feature","properties":{},"geometry":{"type":"LineString","coordinates":[[127.31,36.6358],[127.3206,36.6263]]}},{"type":"Feature","properties":{},"geometry":{"type":"LineString","coordinates":[[127.3256,36.6213],[127.3245,36.6224]]}},{"type":"Feature","properties":{},"geometry":{"type":"LineString","coordinates":[[127.3327,36.6149],[127.3293,36.6181]]}},{"type":"Feature","properties":{},"geometry":{"type":"LineString","coordinates":[[127.3249,36.6228],[127.3262,36.6217]]}},{"type":"Feature","properties":{},"geometry":{"type":"LineString","coordinates":[[127.3293,36.6182],[127.3257,36.6214]]}},{"type":"Feature","properties":{},"geometry":{"type":"LineString","coordinates":[[127.3261,36.6217],[127.3296,36.6185]]}},{"type":"Feature","properties":{},"geometry":{"type":"LineString","coordinates":[[127.326,36.6216],[127.3295,36.6184]]}},{"type":"Feature","properties":{},"geometry":{"type":"LineString","coordinates":[[127.3294,36.6183],[127.3258,36.6215]]}},{"type":"Feature","properties":{},"geometry":{"type":"LineString","coordinates":[[127.3232,36.6241],[127.326,36.6216]]}},{"type":"Feature","properties":{},"geometry":{"type":"LineString","coordinates":[[127.3296,36.6185],[127.3317,36.6165]]}},{"type":"Feature","properties":{},"geometry":{"type":"LineString","coordinates":[[127.3313,36.6166],[127.3293,36.6182]]}},{"type":"Feature","properties":{},"geometry":{"type":"LineString","coordinates":[[127.3258,36.6215],[127.323,36.624]]}},{"type":"Feature","properties":{},"geometry":{"type":"LineString","coordinates":[[127.3262,36.6217],[127.3298,36.6186]]}},{"type":"Feature","properties":{},"geometry":{"type":"LineString","coordinates":[[127.3318,36.6158],[127.3292,36.6182]]}},{"type":"Feature","properties":{},"geometry":{"type":"LineString","coordinates":[[127.3292,36.6182],[127.3256,36.6213]]}},{"type":"Feature","properties":{},"geometry":{"type":"LineString","coordinates":[[127.3298,36.6186],[127.335,36.6139]]}},{"type":"Feature","properties":{},"geometry":{"type":"LineString","coordinates":[[127.2963,36.5991],[127.2962,36.5993]]}},{"type":"Feature","properties":{},"geometry":{"type":"LineString","coordinates":[[127.2949,36.6067],[127.2949,36.6064]]}},{"type":"Feature","properties":{},"geometry":{"type":"LineString","coordinates":[[127.2949,36.6064],[127.2961,36.5996]]}},{"type":"Feature","properties":{},"geometry":{"type":"LineString","coordinates":[[126.9406,35.9237],[126.9402,35.9224]]}},{"type":"Feature","properties":{},"geometry":{"type":"LineString","coordinates":[[126.9431,35.9334],[126.9431,35.9336]]}},{"type":"Feature","properties":{},"geometry":{"type":"LineString","coordinates":[[126.9432,35.9336],[126.9431,35.9334]]}},{"type":"Feature","properties":{},"geometry":{"type":"LineString","coordinates":[[126.9436,35.9351],[126.9437,35.9354]]}},{"type":"Feature","properties":{},"geometry":{"type":"LineString","coordinates":[[126.9381,35.9092],[126.9381,35.9087]]}},{"type":"Feature","properties":{},"geometry":{"type":"LineString","coordinates":[[126.9438,35.9354],[126.9437,35.9351]]}},{"type":"Feature","properties":{},"geometry":{"type":"LineString","coordinates":[[126.9402,35.9224],[126.9397,35.9203]]}},{"type":"Feature","properties":{},"geometry":{"type":"LineString","coordinates":[[126.9405,35.9237],[126.9417,35.9282]]}},{"type":"Feature","properties":{},"geometry":{"type":"LineString","coordinates":[[126.9419,35.9285],[126.9418,35.9283]]}},{"type":"Feature","properties":{},"geometry":{"type":"LineString","coordinates":[[126.9393,35.8882],[126.9394,35.888]]}},{"type":"Feature","properties":{},"geometry":{"type":"LineString","coordinates":[[126.937,35.8948],[126.937,35.8945]]}},{"type":"Feature","properties":{},"geometry":{"type":"LineString","coordinates":[[126.9374,35.8998],[126.9374,35.8995]]}},{"type":"Feature","properties":{},"geometry":{"type":"LineString","coordinates":[[126.9382,35.9093],[126.9381,35.9092]]}},{"type":"Feature","properties":{},"geometry":{"type":"LineString","coordinates":[[126.9397,35.9203],[126.9402,35.9224]]}},{"type":"Feature","properties":{},"geometry":{"type":"LineString","coordinates":[[126.9386,35.9145],[126.9382,35.9093]]}},{"type":"Feature","properties":{},"geometry":{"type":"LineString","coordinates":[[126.9402,35.9224],[126.9405,35.9237]]}},{"type":"Feature","properties":{},"geometry":{"type":"LineString","coordinates":[[126.9431,35.9334],[126.9423,35.9301]]}},{"type":"Feature","properties":{},"geometry":{"type":"LineString","coordinates":[[126.9437,35.9351],[126.9432,35.9336]]}},{"type":"Feature","properties":{},"geometry":{"type":"LineString","coordinates":[[126.9431,35.9336],[126.9436,35.9351]]}},{"type":"Feature","properties":{},"geometry":{"type":"LineString","coordinates":[[126.9381,35.9087],[126.9374,35.8998]]}},{"type":"Feature","properties":{},"geometry":{"type":"LineString","coordinates":[[126.9374,35.8995],[126.937,35.8948]]}},{"type":"Feature","properties":{},"geometry":{"type":"LineString","coordinates":[[126.9466,35.9427],[126.949,35.9501],[126.9487,35.9575],[126.9459,35.9676],[126.946,35.972]]}},{"type":"Feature","properties":{},"geometry":{"type":"LineString","coordinates":[[126.9461,35.972],[126.946,35.9673],[126.9488,35.9566],[126.9491,35.9498],[126.9484,35.9474]]}},{"type":"Feature","properties":{},"geometry":{"type":"LineString","coordinates":[[126.937,35.8945],[126.9393,35.8882]]}},{"type":"Feature","properties":{},"geometry":{"type":"LineString","coordinates":[[126.9421,35.9294],[126.9431,35.9334]]}},{"type":"Feature","properties":{},"geometry":{"type":"LineString","coordinates":[[126.9439,35.9354],[126.9438,35.9351]]}},{"type":"Feature","properties":{},"geometry":{"type":"LineString","coordinates":[[126.9474,35.9446],[126.9467,35.9427]]}},{"type":"Feature","properties":{},"geometry":{"type":"LineString","coordinates":[[126.9438,35.9351],[126.9433,35.9336]]}},{"type":"Feature","properties":{},"geometry":{"type":"LineString","coordinates":[[126.9438,35.9354],[126.9437,35.9351]]}},{"type":"Feature","properties":{},"geometry":{"type":"LineString","coordinates":[[126.9433,35.9336],[126.9432,35.9333]]}},{"type":"Feature","properties":{},"geometry":{"type":"LineString","coordinates":[[126.9408,35.9237],[126.9405,35.9225]]}},{"type":"Feature","properties":{},"geometry":{"type":"LineString","coordinates":[[126.9398,35.9203],[126.9398,35.9201]]}},{"type":"Feature","properties":{},"geometry":{"type":"LineString","coordinates":[[126.9437,35.9351],[126.9433,35.9336]]}},{"type":"Feature","properties":{},"geometry":{"type":"LineString","coordinates":[[126.9405,35.9225],[126.9398,35.9203]]}},{"type":"Feature","properties":{},"geometry":{"type":"LineString","coordinates":[[126.9451,35.9387],[126.9447,35.9377]]}},{"type":"Feature","properties":{},"geometry":{"type":"LineString","coordinates":[[126.9446,35.9373],[126.9455,35.9389]]}},{"type":"Feature","properties":{},"geometry":{"type":"LineString","coordinates":[[126.9419,35.9283],[126.9408,35.9237]]}},{"type":"Feature","properties":{},"geometry":{"type":"LineString","coordinates":[[126.9447,35.9376],[126.9444,35.9369]]}},{"type":"Feature","properties":{},"geometry":{"type":"LineString","coordinates":[[126.9444,35.9368],[126.9438,35.9354]]}},{"type":"Feature","properties":{},"geometry":{"type":"LineString","coordinates":[[126.9398,35.9201],[126.9386,35.9145]]}},{"type":"Feature","properties":{},"geometry":{"type":"LineString","coordinates":[[126.9444,35.9368],[126.9439,35.9354]]}},{"type":"Feature","properties":{},"geometry":{"type":"LineString","coordinates":[[126.8809,35.6391],[126.883,35.6428]]}},{"type":"Feature","properties":{},"geometry":{"type":"LineString","coordinates":[[126.9451,35.9387],[126.9438,35.9354]]}},{"type":"Feature","properties":{},"geometry":{"type":"LineString","coordinates":[[126.9484,35.9474],[126.9486,35.9478]]}},{"type":"Feature","properties":{},"geometry":{"type":"LineString","coordinates":[[126.942,36.0081],[126.9441,35.989]]}},{"type":"Feature","properties":{},"geometry":{"type":"LineString","coordinates":[[126.9465,35.9741],[126.9465,35.9739]]}},{"type":"Feature","properties":{},"geometry":{"type":"LineString","coordinates":[[126.9465,35.9739],[126.9462,35.9719]]}},{"type":"Feature","properties":{},"geometry":{"type":"LineString","coordinates":[[126.9512,35.9925],[126.9472,35.9833],[126.9463,35.9739]]}},{"type":"Feature","properties":{},"geometry":{"type":"LineString","coordinates":[[126.946,35.972],[126.9462,35.9739]]}},{"type":"Feature","properties":{},"geometry":{"type":"LineString","coordinates":[[126.9463,35.9739],[126.9461,35.972]]}},{"type":"Feature","properties":{},"geometry":{"type":"LineString","coordinates":[[127.1077,36.3541],[127.1054,36.351]]}},{"type":"Feature","properties":{},"geometry":{"type":"LineString","coordinates":[[126.9511,35.9926],[126.9538,35.9978]]}},{"type":"Feature","properties":{},"geometry":{"type":"LineString","coordinates":[[126.9467,35.9427],[126.9453,35.939]]}},{"type":"Feature","properties":{},"geometry":{"type":"LineString","coordinates":[[126.9455,35.9389],[126.9469,35.9426]]}},{"type":"Feature","properties":{},"geometry":{"type":"LineString","coordinates":[[126.9469,35.9426],[126.9473,35.9442]]}},{"type":"Feature","properties":{},"geometry":{"type":"LineString","coordinates":[[126.9453,35.939],[126.9447,35.9376]]}},{"type":"Feature","properties":{},"geometry":{"type":"LineString","coordinates":[[126.945,35.9391],[126.9464,35.9428]]}},{"type":"Feature","properties":{},"geometry":{"type":"LineString","coordinates":[[126.9464,35.9428],[126.9476,35.9454]]}},{"type":"Feature","properties":{},"geometry":{"type":"LineString","coordinates":[[126.9466,35.9427],[126.9452,35.939]]}},{"type":"Feature","properties":{},"geometry":{"type":"LineString","coordinates":[[126.9451,35.9391],[126.9466,35.9427]]}},{"type":"Feature","properties":{},"geometry":{"type":"LineString","coordinates":[[126.9452,35.939],[126.9451,35.9387]]}},{"type":"Feature","properties":{},"geometry":{"type":"LineString","coordinates":[[126.9437,35.9354],[126.9451,35.9391]]}},{"type":"Feature","properties":{},"geometry":{"type":"LineString","coordinates":[[128.6659,35.8688],[128.6734,35.8653],[128.6779,35.8608]]}},{"type":"Feature","properties":{},"geometry":{"type":"LineString","coordinates":[[129.1661,35.6383],[129.162,35.632]]}},{"type":"Feature","properties":{},"geometry":{"type":"LineString","coordinates":[[129.1401,35.5769],[129.1401,35.5768]]}},{"type":"Feature","properties":{},"geometry":{"type":"LineString","coordinates":[[129.1006,35.8203],[129.104,35.8183]]}},{"type":"Feature","properties":{},"geometry":{"type":"LineString","coordinates":[[129.1364,35.5256],[129.1364,35.525]]}},{"type":"Feature","properties":{},"geometry":{"type":"LineString","coordinates":[[129.1364,35.525],[129.1363,35.5239]]}},{"type":"Feature","properties":{},"geometry":{"type":"LineString","coordinates":[[129.104,35.8183],[129.1087,35.8156]]}},{"type":"Feature","properties":{},"geometry":{"type":"LineString","coordinates":[[129.1802,35.6696],[129.1799,35.668]]}},{"type":"Feature","properties":{},"geometry":{"type":"LineString","coordinates":[[128.9025,35.8502],[128.903,35.8503]]}},{"type":"Feature","properties":{},"geometry":{"type":"LineString","coordinates":[[129.1356,35.5136],[129.1356,35.5124]]}},{"type":"Feature","properties":{},"geometry":{"type":"LineString","coordinates":[[128.8983,35.8498],[128.8996,35.8499]]}},{"type":"Feature","properties":{},"geometry":{"type":"LineString","coordinates":[[129.1387,35.5618],[129.1387,35.5617]]}},{"type":"Feature","properties":{},"geometry":{"type":"LineString","coordinates":[[129.135,35.5036],[129.135,35.5027]]}},{"type":"Feature","properties":{},"geometry":{"type":"LineString","coordinates":[[129.1774,35.6582],[129.1771,35.6574]]}},{"type":"Feature","properties":{},"geometry":{"type":"LineString","coordinates":[[129.1864,35.7519],[129.1869,35.7499]]}},{"type":"Feature","properties":{},"geometry":{"type":"LineString","coordinates":[[129.1849,35.7065],[129.1848,35.7055]]}},{"type":"Feature","properties":{},"geometry":{"type":"LineString","coordinates":[[129.1001,35.2977],[129.0972,35.2942]]}},{"type":"Feature","properties":{},"geometry":{"type":"LineString","coordinates":[[129.1845,35.703],[129.1844,35.7023]]}},{"type":"Feature","properties":{},"geometry":{"type":"LineString","coordinates":[[128.7405,35.8532],[128.7425,35.8531]]}},{"type":"Feature","properties":{},"geometry":{"type":"LineString","coordinates":[[129.1313,35.8028],[129.1305,35.8033]]}},{"type":"Feature","properties":{},"geometry":{"type":"LineString","coordinates":[[129.0951,35.292],[129.0936,35.2902]]}},{"type":"Feature","properties":{},"geometry":{"type":"LineString","coordinates":[[129.1529,35.6154],[129.1504,35.6083]]}},{"type":"Feature","properties":{},"geometry":{"type":"LineString","coordinates":[[129.0789,35.8323],[129.0792,35.8321]]}},{"type":"Feature","properties":{},"geometry":{"type":"LineString","coordinates":[[129.1753,35.6532],[129.1747,35.652]]}},{"type":"Feature","properties":{},"geometry":{"type":"LineString","coordinates":[[129.1843,35.7021],[129.1805,35.6722]]}},{"type":"Feature","properties":{},"geometry":{"type":"LineString","coordinates":[[129.1814,35.7637],[129.1822,35.7624]]}},{"type":"Feature","properties":{},"geometry":{"type":"LineString","coordinates":[[129.1402,35.5775],[129.1402,35.5774]]}},{"type":"Feature","properties":{},"geometry":{"type":"LineString","coordinates":[[128.7385,35.8533],[128.7389,35.8533]]}},{"type":"Feature","properties":{},"geometry":{"type":"LineString","coordinates":[[129.1878,35.7456],[129.1879,35.7451]]}},{"type":"Feature","properties":{},"geometry":{"type":"LineString","coordinates":[[128.8897,35.8489],[128.8904,35.849]]}},{"type":"Feature","properties":{},"geometry":{"type":"LineString","coordinates":[[129.1374,35.5416],[129.1374,35.5413]]}},{"type":"Feature","properties":{},"geometry":{"type":"LineString","coordinates":[[128.6873,35.8554],[128.6888,35.8552]]}},{"type":"Feature","properties":{},"geometry":{"type":"LineString","coordinates":[[129.1782,35.6607],[129.1774,35.6582]]}},{"type":"Feature","properties":{},"geometry":{"type":"LineString","coordinates":[[129.1617,35.6316],[129.1607,35.6301]]}},{"type":"Feature","properties":{},"geometry":{"type":"LineString","coordinates":[[129.1883,35.7328],[129.1883,35.7331]]}},{"type":"Feature","properties":{},"geometry":{"type":"LineString","coordinates":[[129.0746,35.8343],[129.0764,35.8334]]}},{"type":"Feature","properties":{},"geometry":{"type":"LineString","coordinates":[[129.1771,35.6574],[129.1768,35.6567]]}},{"type":"Feature","properties":{},"geometry":{"type":"LineString","coordinates":[[129.1367,35.5305],[129.1366,35.5296]]}},{"type":"Feature","properties":{},"geometry":{"type":"LineString","coordinates":[[129.1402,35.5774],[129.1401,35.5769]]}},{"type":"Feature","properties":{},"geometry":{"type":"LineString","coordinates":[[129.1366,35.5296],[129.1364,35.5258]]}},{"type":"Feature","properties":{},"geometry":{"type":"LineString","coordinates":[[129.1356,35.5124],[129.1355,35.5107]]}},{"type":"Feature","properties":{},"geometry":{"type":"LineString","coordinates":[[129.1374,35.5413],[129.137,35.5348]]}},{"type":"Feature","properties":{},"geometry":{"type":"LineString","coordinates":[[129.1377,35.5465],[129.1374,35.5416]]}},{"type":"Feature","properties":{},"geometry":{"type":"LineString","coordinates":[[129.1354,35.5087],[129.1353,35.5084]]}},{"type":"Feature","properties":{},"geometry":{"type":"LineString","coordinates":[[129.0764,35.8334],[129.0789,35.8323]]}},{"type":"Feature","properties":{},"geometry":{"type":"LineString","coordinates":[[129.1387,35.5617],[129.1382,35.5541]]}},{"type":"Feature","properties":{},"geometry":{"type":"LineString","coordinates":[[129.1669,35.6394],[129.1661,35.6383]]}},{"type":"Feature","properties":{},"geometry":{"type":"LineString","coordinates":[[129.1254,35.3472],[129.1253,35.3454]]}},{"type":"Feature","properties":{},"geometry":{"type":"LineString","coordinates":[[129.1883,35.7328],[129.1881,35.7309]]}},{"type":"Feature","properties":{},"geometry":{"type":"LineString","coordinates":[[128.6612,35.8708],[128.6633,35.8699]]}},{"type":"Feature","properties":{},"geometry":{"type":"LineString","coordinates":[[129.1707,35.6453],[129.1669,35.6394]]}},{"type":"Feature","properties":{},"geometry":{"type":"LineString","coordinates":[[129.1367,35.7997],[129.1371,35.7994]]}},{"type":"Feature","properties":{},"geometry":{"type":"LineString","coordinates":[[129.0936,35.2902],[129.0932,35.2896]]}},{"type":"Feature","properties":{},"geometry":{"type":"LineString","coordinates":[[129.1444,35.5911],[129.1438,35.5894]]}},{"type":"Feature","properties":{},"geometry":{"type":"LineString","coordinates":[[129.1725,35.6481],[129.1714,35.6464]]}},{"type":"Feature","properties":{},"geometry":{"type":"LineString","coordinates":[[128.7344,35.8534],[128.7385,35.8533]]}},{"type":"Feature","properties":{},"geometry":{"type":"LineString","coordinates":[[129.1885,35.7373],[129.1883,35.7331]]}},{"type":"Feature","properties":{},"geometry":{"type":"LineString","coordinates":[[129.1227,35.3308],[129.1217,35.3278]]}},{"type":"Feature","properties":{},"geometry":{"type":"LineString","coordinates":[[129.1274,35.3798],[129.1274,35.3794]]}},{"type":"Feature","properties":{},"geometry":{"type":"LineString","coordinates":[[129.1486,35.6032],[129.1468,35.5979]]}},{"type":"Feature","properties":{},"geometry":{"type":"LineString","coordinates":[[129.1306,35.8033],[129.1314,35.803]]}},{"type":"Feature","properties":{},"geometry":{"type":"LineString","coordinates":[[128.9082,35.8508],[128.9085,35.8508]]}},{"type":"Feature","properties":{},"geometry":{"type":"LineString","coordinates":[[129.1541,35.6183],[129.1529,35.6154]]}},{"type":"Feature","properties":{},"geometry":{"type":"LineString","coordinates":[[129.1407,35.7972],[129.137,35.7993]]}},{"type":"Feature","properties":{},"geometry":{"type":"LineString","coordinates":[[129.1798,35.6675],[129.1796,35.6663]]}},{"type":"Feature","properties":{},"geometry":{"type":"LineString","coordinates":[[129.1707,35.7775],[129.1726,35.7756]]}},{"type":"Feature","properties":{},"geometry":{"type":"LineString","coordinates":[[128.7244,35.8538],[128.7344,35.8534]]}},{"type":"Feature","properties":{},"geometry":{"type":"LineString","coordinates":[[128.6805,35.8581],[128.6809,35.8578]]}},{"type":"Feature","properties":{},"geometry":{"type":"LineString","coordinates":[[129.1754,35.6534],[129.1753,35.6532]]}},{"type":"Feature","properties":{},"geometry":{"type":"LineString","coordinates":[[129.1368,35.532],[129.1367,35.5305]]}},{"type":"Feature","properties":{},"geometry":{"type":"LineString","coordinates":[[129.1313,35.8029],[129.1367,35.7996]]}},{"type":"Feature","properties":{},"geometry":{"type":"LineString","coordinates":[[129.1607,35.6301],[129.159,35.6274]]}},{"type":"Feature","properties":{},"geometry":{"type":"LineString","coordinates":[[129.1395,35.5735],[129.1395,35.5733]]}},{"type":"Feature","properties":{},"geometry":{"type":"LineString","coordinates":[[129.1881,35.7291],[129.1852,35.7085]]}},{"type":"Feature","properties":{},"geometry":{"type":"LineString","coordinates":[[128.7389,35.8533],[128.7405,35.8532]]}},{"type":"Feature","properties":{},"geometry":{"type":"LineString","coordinates":[[129.1257,35.352],[129.1254,35.3472]]}},{"type":"Feature","properties":{},"geometry":{"type":"LineString","coordinates":[[129.1881,35.7309],[129.1881,35.7291]]}},{"type":"Feature","properties":{},"geometry":{"type":"LineString","coordinates":[[129.1468,35.5979],[129.1449,35.5927]]}},{"type":"Feature","properties":{},"geometry":{"type":"LineString","coordinates":[[129.1353,35.5084],[129.135,35.5036]]}},{"type":"Feature","properties":{},"geometry":{"type":"LineString","coordinates":[[128.6809,35.8578],[128.6812,35.8577]]}},{"type":"Feature","properties":{},"geometry":{"type":"LineString","coordinates":[[129.185,35.7072],[129.1849,35.7065]]}},{"type":"Feature","properties":{},"geometry":{"type":"LineString","coordinates":[[129.1272,35.3767],[129.1272,35.3763]]}},{"type":"Feature","properties":{},"geometry":{"type":"LineString","coordinates":[[129.1714,35.6464],[129.1709,35.6456]]}},{"type":"Feature","properties":{},"geometry":{"type":"LineString","coordinates":[[129.1395,35.5733],[129.1394,35.5722]]}},{"type":"Feature","properties":{},"geometry":{"type":"LineString","coordinates":[[129.1407,35.5793],[129.1402,35.5775]]}},{"type":"Feature","properties":{},"geometry":{"type":"LineString","coordinates":[[128.8904,35.849],[128.8908,35.849]]}},{"type":"Feature","properties":{},"geometry":{"type":"LineString","coordinates":[[129.1355,35.5107],[129.1355,35.5105]]}},{"type":"Feature","properties":{},"geometry":{"type":"LineString","coordinates":[[129.159,35.6274],[129.1576,35.6252]]}},{"type":"Feature","properties":{},"geometry":{"type":"LineString","coordinates":[[129.1792,35.6642],[129.1791,35.6639]]}},{"type":"Feature","properties":{},"geometry":{"type":"LineString","coordinates":[[129.1348,35.5004],[129.1348,35.4995]]}},{"type":"Feature","properties":{},"geometry":{"type":"LineString","coordinates":[[128.8874,35.8487],[128.8897,35.8489]]}},{"type":"Feature","properties":{},"geometry":{"type":"LineString","coordinates":[[129.1393,35.571],[129.1387,35.5618]]}},{"type":"Feature","properties":{},"geometry":{"type":"LineString","coordinates":[[129.1768,35.6567],[129.1754,35.6534]]}},{"type":"Feature","properties":{},"geometry":{"type":"LineString","coordinates":[[129.1364,35.5258],[129.1364,35.5256]]}},{"type":"Feature","properties":{},"geometry":{"type":"LineString","coordinates":[[129.1799,35.668],[129.1798,35.6675]]}},{"type":"Feature","properties":{},"geometry":{"type":"LineString","coordinates":[[129.1885,35.7386],[129.1885,35.7373]]}},{"type":"Feature","properties":{},"geometry":{"type":"LineString","coordinates":[[128.909,35.8509],[128.9171,35.8518]]}},{"type":"Feature","properties":{},"geometry":{"type":"LineString","coordinates":[[129.162,35.632],[129.1617,35.6316]]}},{"type":"Feature","properties":{},"geometry":{"type":"LineString","coordinates":[[129.1805,35.6722],[129.1802,35.6696]]}},{"type":"Feature","properties":{},"geometry":{"type":"LineString","coordinates":[[129.1739,35.6505],[129.1725,35.6481]]}},{"type":"Feature","properties":{},"geometry":{"type":"LineString","coordinates":[[129.1495,35.6058],[129.1486,35.6032]]}},{"type":"Feature","properties":{},"geometry":{"type":"LineString","coordinates":[[129.136,35.519],[129.1356,35.5136]]}},{"type":"Feature","properties":{},"geometry":{"type":"LineString","coordinates":[[129.1274,35.3794],[129.1272,35.3767]]}},{"type":"Feature","properties":{},"geometry":{"type":"LineString","coordinates":[[129.1789,35.6631],[129.1782,35.6607]]}},{"type":"Feature","properties":{},"geometry":{"type":"LineString","coordinates":[[129.1746,35.6519],[129.1741,35.6508]]}},{"type":"Feature","properties":{},"geometry":{"type":"LineString","coordinates":[[129.1504,35.6083],[129.1495,35.6058]]}},{"type":"Feature","properties":{},"geometry":{"type":"LineString","coordinates":[[128.9266,35.8528],[128.9366,35.8537]]}},{"type":"Feature","properties":{},"geometry":{"type":"LineString","coordinates":[[129.1822,35.7624],[129.1829,35.7609]]}},{"type":"Feature","properties":{},"geometry":{"type":"LineString","coordinates":[[129.1355,35.5105],[129.1354,35.5087]]}},{"type":"Feature","properties":{},"geometry":{"type":"LineString","coordinates":[[129.1741,35.6508],[129.1739,35.6505]]}},{"type":"Feature","properties":{},"geometry":{"type":"LineString","coordinates":[[129.137,35.5348],[129.1368,35.532]]}},{"type":"Feature","properties":{},"geometry":{"type":"LineString","coordinates":[[129.135,35.5027],[129.1348,35.5004]]}},{"type":"Feature","properties":{},"geometry":{"type":"LineString","coordinates":[[128.903,35.8503],[128.9072,35.8507]]}},{"type":"Feature","properties":{},"geometry":{"type":"LineString","coordinates":[[129.1848,35.7055],[129.1847,35.7043]]}},{"type":"Feature","properties":{},"geometry":{"type":"LineString","coordinates":[[129.1709,35.6456],[129.1707,35.6453]]}},{"type":"Feature","properties":{},"geometry":{"type":"LineString","coordinates":[[129.1401,35.5768],[129.1395,35.5735]]}},{"type":"Feature","properties":{},"geometry":{"type":"LineString","coordinates":[[129.1363,35.5239],[129.1362,35.5217]]}},{"type":"Feature","properties":{},"geometry":{"type":"LineString","coordinates":[[128.9072,35.8507],[128.9082,35.8508]]}},{"type":"Feature","properties":{},"geometry":{"type":"LineString","coordinates":[[129.1796,35.6663],[129.1792,35.6642]]}},{"type":"Feature","properties":{},"geometry":{"type":"LineString","coordinates":[[129.1362,35.5217],[129.136,35.519]]}},{"type":"Feature","properties":{},"geometry":{"type":"LineString","coordinates":[[129.1556,35.6215],[129.1551,35.6207]]}},{"type":"Feature","properties":{},"geometry":{"type":"LineString","coordinates":[[128.8862,35.8486],[128.8874,35.8487]]}},{"type":"Feature","properties":{},"geometry":{"type":"LineString","coordinates":[[129.1449,35.5927],[129.1446,35.5918]]}},{"type":"Feature","properties":{},"geometry":{"type":"LineString","coordinates":[[129.1791,35.6639],[129.1789,35.6631]]}},{"type":"Feature","properties":{},"geometry":{"type":"LineString","coordinates":[[129.1394,35.5722],[129.1393,35.571]]}},{"type":"Feature","properties":{},"geometry":{"type":"LineString","coordinates":[[129.1847,35.7043],[129.1845,35.703]]}},{"type":"Feature","properties":{},"geometry":{"type":"LineString","coordinates":[[129.0976,35.8219],[129.1006,35.8203]]}},{"type":"Feature","properties":{},"geometry":{"type":"LineString","coordinates":[[129.1272,35.3763],[129.1257,35.352]]}},{"type":"Feature","properties":{},"geometry":{"type":"LineString","coordinates":[[129.1852,35.7085],[129.185,35.7072]]}},{"type":"Feature","properties":{},"geometry":{"type":"LineString","coordinates":[[129.1348,35.4995],[129.1274,35.3798]]}},{"type":"Feature","properties":{},"geometry":{"type":"LineString","coordinates":[[129.1844,35.7023],[129.1843,35.7021]]}},{"type":"Feature","properties":{},"geometry":{"type":"LineString","coordinates":[[129.1007,35.2983],[129.1001,35.2977]]}},{"type":"Feature","properties":{},"geometry":{"type":"LineString","coordinates":[[128.9085,35.8508],[128.909,35.8509]]}},{"type":"Feature","properties":{},"geometry":{"type":"LineString","coordinates":[[129.1794,35.767],[129.1814,35.7637]]}},{"type":"Feature","properties":{},"geometry":{"type":"LineString","coordinates":[[129.1446,35.5918],[129.1444,35.5911]]}},{"type":"Feature","properties":{},"geometry":{"type":"LineString","coordinates":[[129.1747,35.652],[129.1746,35.6519]]}},{"type":"Feature","properties":{},"geometry":{"type":"LineString","coordinates":[[129.1087,35.8156],[129.1313,35.8029]]}},{"type":"Feature","properties":{},"geometry":{"type":"LineString","coordinates":[[128.6888,35.8552],[128.7067,35.8546]]}},{"type":"Feature","properties":{},"geometry":{"type":"LineString","coordinates":[[128.9171,35.8518],[128.918,35.8519]]}},{"type":"Feature","properties":{},"geometry":{"type":"LineString","coordinates":[[129.1869,35.7499],[129.1878,35.7456]]}},{"type":"Feature","properties":{},"geometry":{"type":"LineString","coordinates":[[129.1366,35.7996],[129.1313,35.8028]]}},{"type":"Feature","properties":{},"geometry":{"type":"LineString","coordinates":[[129.1879,35.7451],[129.1885,35.7386]]}},{"type":"Feature","properties":{},"geometry":{"type":"LineString","coordinates":[[129.1576,35.6252],[129.1556,35.6215]]}},{"type":"Feature","properties":{},"geometry":{"type":"LineString","coordinates":[[129.1239,35.3348],[129.1227,35.3308]]}},{"type":"Feature","properties":{},"geometry":{"type":"LineString","coordinates":[[128.8666,35.848],[128.8862,35.8486]]}},{"type":"Feature","properties":{},"geometry":{"type":"LineString","coordinates":[[129.1253,35.3454],[129.125,35.3414]]}},{"type":"Feature","properties":{},"geometry":{"type":"LineString","coordinates":[[128.8943,35.8493],[128.8983,35.8498]]}},{"type":"Feature","properties":{},"geometry":{"type":"LineString","coordinates":[[129.1654,35.7822],[129.1707,35.7775]]}},{"type":"Feature","properties":{},"geometry":{"type":"LineString","coordinates":[[128.7123,35.8543],[128.7164,35.8542]]}},{"type":"Feature","properties":{},"geometry":{"type":"LineString","coordinates":[[128.6633,35.8699],[128.6659,35.8688]]}},{"type":"Feature","properties":{},"geometry":{"type":"LineString","coordinates":[[128.8996,35.8499],[128.9025,35.8502]]}},{"type":"Feature","properties":{},"geometry":{"type":"LineString","coordinates":[[129.1551,35.6207],[129.1541,35.6183]]}},{"type":"Feature","properties":{},"geometry":{"type":"LineString","coordinates":[[129.0972,35.2942],[129.097,35.2941]]}},{"type":"Feature","properties":{},"geometry":{"type":"LineString","coordinates":[[129.0792,35.8321],[129.0976,35.8219]]}},{"type":"Feature","properties":{},"geometry":{"type":"LineString","coordinates":[[129.1476,35.7936],[129.1654,35.7822]]}},{"type":"Feature","properties":{},"geometry":{"type":"LineString","coordinates":[[129.125,35.3414],[129.1239,35.3348]]}},{"type":"Feature","properties":{},"geometry":{"type":"LineString","coordinates":[[129.1742,35.7739],[129.1794,35.767]]}},{"type":"Feature","properties":{},"geometry":{"type":"LineString","coordinates":[[128.6364,35.8815],[128.6395,35.8816],[128.6419,35.8807],[128.6462,35.8757],[128.648,35.8745],[128.6612,35.8708]]}},{"type":"Feature","properties":{},"geometry":{"type":"LineString","coordinates":[[129.1314,35.803],[129.1341,35.8012]]}},{"type":"Feature","properties":{},"geometry":{"type":"LineString","coordinates":[[129.1438,35.5894],[129.1407,35.5793]]}},{"type":"Feature","properties":{},"geometry":{"type":"LineString","coordinates":[[128.7477,35.8529],[128.788,35.8512]]}},{"type":"Feature","properties":{},"geometry":{"type":"LineString","coordinates":[[129.1412,35.797],[129.1476,35.7936]]}},{"type":"Feature","properties":{},"geometry":{"type":"LineString","coordinates":[[129.0071,35.8548],[129.0277,35.8503],[129.0457,35.8456],[129.0628,35.8397],[129.0746,35.8343]]}},{"type":"Feature","properties":{},"geometry":{"type":"LineString","coordinates":[[128.9366,35.8537],[128.9709,35.8573],[128.988,35.8574]]}},{"type":"Feature","properties":{},"geometry":{"type":"LineString","coordinates":[[128.6843,35.8561],[128.6873,35.8554]]}},{"type":"Feature","properties":{},"geometry":{"type":"LineString","coordinates":[[128.6779,35.8608],[128.6805,35.8581]]}},{"type":"Feature","properties":{},"geometry":{"type":"LineString","coordinates":[[128.988,35.8574],[128.9886,35.8573]]}},{"type":"Feature","properties":{},"geometry":{"type":"LineString","coordinates":[[129.1829,35.7609],[129.1864,35.7519]]}},{"type":"Feature","properties":{},"geometry":{"type":"LineString","coordinates":[[128.6812,35.8577],[128.6843,35.8561]]}},{"type":"Feature","properties":{},"geometry":{"type":"LineString","coordinates":[[128.8908,35.849],[128.8943,35.8493]]}},{"type":"Feature","properties":{},"geometry":{"type":"LineString","coordinates":[[129.1217,35.3278],[129.1189,35.3217]]}},{"type":"Feature","properties":{},"geometry":{"type":"LineString","coordinates":[[129.1134,35.3132],[129.1007,35.2983]]}},{"type":"Feature","properties":{},"geometry":{"type":"LineString","coordinates":[[129.067,35.1725],[129.0668,35.1694],[129.0656,35.1673],[129.0552,35.1621],[129.0528,35.1596],[129.053,35.1572],[129.0573,35.1495],[129.0574,35.1374],[129.0561,35.134],[129.0516,35.1299]]}},{"type":"Feature","properties":{},"geometry":{"type":"LineString","coordinates":[[129.0416,35.1136],[129.0421,35.1147]]}},{"type":"Feature","properties":{},"geometry":{"type":"LineString","coordinates":[[129.0441,35.1188],[129.0445,35.1197]]}},{"type":"Feature","properties":{},"geometry":{"type":"LineString","coordinates":[[129.042,35.1138],[129.0435,35.1172]]}},{"type":"Feature","properties":{},"geometry":{"type":"LineString","coordinates":[[129.1406,35.797],[129.1363,35.7995]]}},{"type":"Feature","properties":{},"geometry":{"type":"LineString","coordinates":[[129.1376,35.7995],[129.1409,35.7976]]}},{"type":"Feature","properties":{},"geometry":{"type":"LineString","coordinates":[[129.1411,35.7968],[129.1406,35.797]]}},{"type":"Feature","properties":{},"geometry":{"type":"LineString","coordinates":[[129.1409,35.7976],[129.1414,35.7973]]}},{"type":"Feature","properties":{},"geometry":{"type":"LineString","coordinates":[[129.1363,35.7995],[129.1313,35.8025]]}},{"type":"Feature","properties":{},"geometry":{"type":"LineString","coordinates":[[129.1474,35.7934],[129.1411,35.7968]]}},{"type":"Feature","properties":{},"geometry":{"type":"LineString","coordinates":[[129.1376,35.5477],[129.1374,35.5506]]}},{"type":"Feature","properties":{},"geometry":{"type":"LineString","coordinates":[[129.1377,35.5487],[129.138,35.5525]]}},{"type":"Feature","properties":{},"geometry":{"type":"LineString","coordinates":[[129.1411,35.797],[129.1407,35.7972]]}},{"type":"Feature","properties":{},"geometry":{"type":"LineString","coordinates":[[129.1408,35.7973],[129.1413,35.7971]]}},{"type":"Feature","properties":{},"geometry":{"type":"LineString","coordinates":[[129.137,35.7993],[129.1366,35.7996]]}},{"type":"Feature","properties":{},"geometry":{"type":"LineString","coordinates":[[129.1381,35.5525],[129.1379,35.5487]]}},{"type":"Feature","properties":{},"geometry":{"type":"LineString","coordinates":[[129.1371,35.7994],[129.1408,35.7973]]}},{"type":"Feature","properties":{},"geometry":{"type":"LineString","coordinates":[[129.1379,35.5487],[129.1377,35.5465]]}},{"type":"Feature","properties":{},"geometry":{"type":"LineString","coordinates":[[129.1377,35.5465],[129.1375,35.5439]]}},{"type":"Feature","properties":{},"geometry":{"type":"LineString","coordinates":[[129.1376,35.5487],[129.1378,35.5525]]}},{"type":"Feature","properties":{},"geometry":{"type":"LineString","coordinates":[[129.1378,35.5525],[129.138,35.5535]]}},{"type":"Feature","properties":{},"geometry":{"type":"LineString","coordinates":[[129.1385,35.5602],[129.1382,35.5541]]}},{"type":"Feature","properties":{},"geometry":{"type":"LineString","coordinates":[[129.1375,35.5465],[129.1377,35.5487]]}},{"type":"Feature","properties":{},"geometry":{"type":"LineString","coordinates":[[129.1375,35.5506],[129.1375,35.5488]]}},{"type":"Feature","properties":{},"geometry":{"type":"LineString","coordinates":[[129.1382,35.5541],[129.1377,35.5465]]}},{"type":"Feature","properties":{},"geometry":{"type":"LineString","coordinates":[[129.1376,35.5471],[129.1376,35.5487]]}},{"type":"Feature","properties":{},"geometry":{"type":"LineString","coordinates":[[129.1374,35.5418],[129.1375,35.5465]]}},{"type":"Feature","properties":{},"geometry":{"type":"LineString","coordinates":[[129.1381,35.5541],[129.1385,35.5599]]}},{"type":"Feature","properties":{},"geometry":{"type":"LineString","coordinates":[[129.1375,35.5484],[129.1377,35.5523]]}},{"type":"Feature","properties":{},"geometry":{"type":"LineString","coordinates":[[129.1382,35.5541],[129.1381,35.5525]]}},{"type":"Feature","properties":{},"geometry":{"type":"LineString","coordinates":[[129.138,35.5525],[129.1381,35.5541]]}},{"type":"Feature","properties":{},"geometry":{"type":"LineString","coordinates":[[126.9163,37.5682],[126.9173,37.5677]]}},{"type":"Feature","properties":{},"geometry":{"type":"LineString","coordinates":[[126.9173,37.5677],[126.9246,37.5657],[126.9281,37.5635]]}},{"type":"Feature","properties":{},"geometry":{"type":"LineString","coordinates":[[126.9172,37.5677],[126.9162,37.5681]]}},{"type":"Feature","properties":{},"geometry":{"type":"LineString","coordinates":[[128.6012,35.8746],[128.5982,35.8754]]}},{"type":"Feature","properties":{},"geometry":{"type":"LineString","coordinates":[[128.6053,35.8737],[128.6088,35.8743]]}},{"type":"Feature","properties":{},"geometry":{"type":"LineString","coordinates":[[128.6088,35.8743],[128.6053,35.8737]]}},{"type":"Feature","properties":{},"geometry":{"type":"LineString","coordinates":[[128.5885,35.8774],[128.5923,35.8767]]}},{"type":"Feature","properties":{},"geometry":{"type":"LineString","coordinates":[[128.6088,35.8743],[128.6111,35.8749]]}},{"type":"Feature","properties":{},"geometry":{"type":"LineString","coordinates":[[128.6015,35.8745],[128.6012,35.8746]]}},{"type":"Feature","properties":{},"geometry":{"type":"LineString","coordinates":[[128.6111,35.8749],[128.6088,35.8743]]}},{"type":"Feature","properties":{},"geometry":{"type":"LineString","coordinates":[[128.6012,35.8747],[128.6015,35.8746]]}},{"type":"Feature","properties":{},"geometry":{"type":"LineString","coordinates":[[128.6301,35.88],[128.6364,35.8815]]}},{"type":"Feature","properties":{},"geometry":{"type":"LineString","coordinates":[[128.6214,35.8777],[128.622,35.8778]]}},{"type":"Feature","properties":{},"geometry":{"type":"LineString","coordinates":[[128.6047,35.8738],[128.6053,35.8737]]}},{"type":"Feature","properties":{},"geometry":{"type":"LineString","coordinates":[[128.6053,35.8737],[128.6047,35.8737]]}},{"type":"Feature","properties":{},"geometry":{"type":"LineString","coordinates":[[128.6364,35.8814],[128.6302,35.8795]]}},{"type":"Feature","properties":{},"geometry":{"type":"LineString","coordinates":[[128.6047,35.8737],[128.6015,35.8745]]}},{"type":"Feature","properties":{},"geometry":{"type":"LineString","coordinates":[[128.6015,35.8746],[128.6047,35.8738]]}},{"type":"Feature","properties":{},"geometry":{"type":"LineString","coordinates":[[128.623,35.8782],[128.6259,35.8787]]}},{"type":"Feature","properties":{},"geometry":{"type":"LineString","coordinates":[[128.5729,35.8827],[128.5775,35.8796]]}},{"type":"Feature","properties":{},"geometry":{"type":"LineString","coordinates":[[128.5775,35.8796],[128.5729,35.8826]]}},{"type":"Feature","properties":{},"geometry":{"type":"LineString","coordinates":[[128.5885,35.8774],[128.5881,35.8774]]}},{"type":"Feature","properties":{},"geometry":{"type":"LineString","coordinates":[[128.5881,35.8774],[128.5809,35.8788]]}},{"type":"Feature","properties":{},"geometry":{"type":"LineString","coordinates":[[128.5809,35.8788],[128.5805,35.8789]]}},{"type":"Feature","properties":{},"geometry":{"type":"LineString","coordinates":[[128.5805,35.879],[128.5809,35.8789]]}},{"type":"Feature","properties":{},"geometry":{"type":"LineString","coordinates":[[128.5805,35.8789],[128.5781,35.8794]]}},{"type":"Feature","properties":{},"geometry":{"type":"LineString","coordinates":[[128.5775,35.8796],[128.5782,35.8794]]}},{"type":"Feature","properties":{},"geometry":{"type":"LineString","coordinates":[[128.5725,35.883],[128.5729,35.8827]]}},{"type":"Feature","properties":{},"geometry":{"type":"LineString","coordinates":[[128.5729,35.8826],[128.5725,35.8829]]}},{"type":"Feature","properties":{},"geometry":{"type":"LineString","coordinates":[[128.5782,35.8794],[128.5805,35.879]]}},{"type":"Feature","properties":{},"geometry":{"type":"LineString","coordinates":[[128.5809,35.8789],[128.5881,35.8775]]}},{"type":"Feature","properties":{},"geometry":{"type":"LineString","coordinates":[[128.5781,35.8794],[128.5775,35.8796]]}},{"type":"Feature","properties":{},"geometry":{"type":"LineString","coordinates":[[128.6111,35.8749],[128.6162,35.8763]]}},{"type":"Feature","properties":{},"geometry":{"type":"LineString","coordinates":[[128.6302,35.8798],[128.6329,35.8806]]}},{"type":"Feature","properties":{},"geometry":{"type":"LineString","coordinates":[[128.6313,35.8802],[128.6322,35.8804]]}},{"type":"Feature","properties":{},"geometry":{"type":"LineString","coordinates":[[128.627,35.8791],[128.6286,35.8795]]}},{"type":"Feature","properties":{},"geometry":{"type":"LineString","coordinates":[[128.6317,35.8801],[128.6303,35.8796]]}},{"type":"Feature","properties":{},"geometry":{"type":"LineString","coordinates":[[128.6312,35.8799],[128.6302,35.8797]]}},{"type":"Feature","properties":{},"geometry":{"type":"LineString","coordinates":[[128.621,35.8776],[128.6206,35.8775]]}},{"type":"Feature","properties":{},"geometry":{"type":"LineString","coordinates":[[128.626,35.8787],[128.6302,35.8798]]}},{"type":"Feature","properties":{},"geometry":{"type":"LineString","coordinates":[[128.6259,35.8787],[128.6302,35.8798]]}},{"type":"Feature","properties":{},"geometry":{"type":"LineString","coordinates":[[128.6302,35.8795],[128.626,35.8784]]}},{"type":"Feature","properties":{},"geometry":{"type":"LineString","coordinates":[[128.6301,35.8796],[128.626,35.8786]]}},{"type":"Feature","properties":{},"geometry":{"type":"LineString","coordinates":[[128.6268,35.8787],[128.626,35.8785]]}},{"type":"Feature","properties":{},"geometry":{"type":"LineString","coordinates":[[128.6858,35.8548],[128.6866,35.8547]]}},{"type":"Feature","properties":{},"geometry":{"type":"LineString","coordinates":[[128.6269,35.8792],[128.6286,35.8796]]}},{"type":"Feature","properties":{},"geometry":{"type":"LineString","coordinates":[[128.5881,35.8775],[128.5885,35.8774]]}},{"type":"Feature","properties":{},"geometry":{"type":"LineString","coordinates":[[128.5974,35.8756],[128.5923,35.8766]]}},{"type":"Feature","properties":{},"geometry":{"type":"LineString","coordinates":[[128.5923,35.8766],[128.5885,35.8774]]}},{"type":"Feature","properties":{},"geometry":{"type":"LineString","coordinates":[[128.5923,35.8767],[128.5953,35.8761]]}},{"type":"Feature","properties":{},"geometry":{"type":"LineString","coordinates":[[128.5982,35.8755],[128.6012,35.8747]]}},{"type":"Feature","properties":{},"geometry":{"type":"LineString","coordinates":[[128.7067,35.8546],[128.7123,35.8543]]}},{"type":"Feature","properties":{},"geometry":{"type":"LineString","coordinates":[[128.7122,35.8543],[128.7067,35.8545]]}},{"type":"Feature","properties":{},"geometry":{"type":"LineString","coordinates":[[126.8117,37.6285],[126.8109,37.6299]]}},{"type":"Feature","properties":{},"geometry":{"type":"LineString","coordinates":[[126.859,37.6086],[126.8577,37.6092]]}},{"type":"Feature","properties":{},"geometry":{"type":"LineString","coordinates":[[126.859,37.6086],[126.8644,37.6063],[126.8821,37.591]]}},{"type":"Feature","properties":{},"geometry":{"type":"LineString","coordinates":[[126.8087,37.6341],[126.8108,37.6306]]}},{"type":"Feature","properties":{},"geometry":{"type":"LineString","coordinates":[[126.9538,35.9978],[126.9512,35.9925]]}},{"type":"Feature","properties":{},"geometry":{"type":"LineString","coordinates":[[126.9538,35.9978],[126.9573,36.0049]]}},{"type":"Feature","properties":{},"geometry":{"type":"LineString","coordinates":[[126.9573,36.0049],[126.9597,36.0097]]}},{"type":"Feature","properties":{},"geometry":{"type":"LineString","coordinates":[[126.9574,36.0049],[126.9538,35.9978]]}},{"type":"Feature","properties":{},"geometry":{"type":"LineString","coordinates":[[126.9598,36.0097],[126.9574,36.0049]]}},{"type":"Feature","properties":{},"geometry":{"type":"LineString","coordinates":[[126.9618,36.0138],[126.9631,36.0164]]}},{"type":"Feature","properties":{},"geometry":{"type":"LineString","coordinates":[[126.9619,36.0138],[126.9603,36.0106]]}},{"type":"Feature","properties":{},"geometry":{"type":"LineString","coordinates":[[126.9632,36.0164],[126.9619,36.0138]]}},{"type":"Feature","properties":{},"geometry":{"type":"LineString","coordinates":[[126.9631,36.0164],[126.966,36.0221]]}},{"type":"Feature","properties":{},"geometry":{"type":"LineString","coordinates":[[126.9661,36.0221],[126.9632,36.0164]]}},{"type":"Feature","properties":{},"geometry":{"type":"LineString","coordinates":[[126.966,36.0221],[126.9669,36.0238]]}},{"type":"Feature","properties":{},"geometry":{"type":"LineString","coordinates":[[126.9685,36.027],[126.9688,36.0277]]}},{"type":"Feature","properties":{},"geometry":{"type":"LineString","coordinates":[[126.9688,36.0277],[126.9756,36.0385]]}},{"type":"Feature","properties":{},"geometry":{"type":"LineString","coordinates":[[126.9685,36.027],[126.9676,36.0251]]}},{"type":"Feature","properties":{},"geometry":{"type":"LineString","coordinates":[[126.9689,36.0277],[126.9685,36.027]]}},{"type":"Feature","properties":{},"geometry":{"type":"LineString","coordinates":[[126.9757,36.0385],[126.9689,36.0277]]}},{"type":"Feature","properties":{},"geometry":{"type":"LineString","coordinates":[[126.9834,36.0501],[126.9859,36.0536]]}},{"type":"Feature","properties":{},"geometry":{"type":"LineString","coordinates":[[126.9859,36.0536],[126.9899,36.0593]]}},{"type":"Feature","properties":{},"geometry":{"type":"LineString","coordinates":[[126.9859,36.0535],[126.9757,36.0385]]}},{"type":"Feature","properties":{},"geometry":{"type":"LineString","coordinates":[[126.9906,36.0603],[126.9916,36.0616]]}},{"type":"Feature","properties":{},"geometry":{"type":"LineString","coordinates":[[126.9916,36.0616],[126.9907,36.0603]]}},{"type":"Feature","properties":{},"geometry":{"type":"LineString","coordinates":[[127.0041,36.0795],[126.9916,36.0616]]}},{"type":"Feature","properties":{},"geometry":{"type":"LineString","coordinates":[[127.01,36.0881],[127.0118,36.0906]]}},{"type":"Feature","properties":{},"geometry":{"type":"LineString","coordinates":[[127.0079,36.0851],[127.0096,36.0875]]}},{"type":"Feature","properties":{},"geometry":{"type":"LineString","coordinates":[[127.008,36.0851],[127.0041,36.0795]]}},{"type":"Feature","properties":{},"geometry":{"type":"LineString","coordinates":[[127.0176,36.1006],[127.0172,36.0996]]}},{"type":"Feature","properties":{},"geometry":{"type":"LineString","coordinates":[[127.02,36.1065],[127.0237,36.1189]]}},{"type":"Feature","properties":{},"geometry":{"type":"LineString","coordinates":[[127.0237,36.1189],[127.0285,36.1355]]}},{"type":"Feature","properties":{},"geometry":{"type":"LineString","coordinates":[[127.0238,36.1188],[127.0201,36.1066]]}},{"type":"Feature","properties":{},"geometry":{"type":"LineString","coordinates":[[127.0289,36.1368],[127.0292,36.1378]]}},{"type":"Feature","properties":{},"geometry":{"type":"LineString","coordinates":[[127.0286,36.1355],[127.0238,36.1188]]}},{"type":"Feature","properties":{},"geometry":{"type":"LineString","coordinates":[[127.0304,36.1418],[127.0415,36.1806],[127.0457,36.1987],[127.0524,36.2197]]}},{"type":"Feature","properties":{},"geometry":{"type":"LineString","coordinates":[[127.0304,36.1418],[127.0292,36.1378]]}},{"type":"Feature","properties":{},"geometry":{"type":"LineString","coordinates":[[127.0558,36.2301],[127.0556,36.2297]]}},{"type":"Feature","properties":{},"geometry":{"type":"LineString","coordinates":[[127.0557,36.2301],[127.0565,36.2323]]}},{"type":"Feature","properties":{},"geometry":{"type":"LineString","coordinates":[[127.0565,36.2323],[127.06,36.2408]]}},{"type":"Feature","properties":{},"geometry":{"type":"LineString","coordinates":[[127.0565,36.2322],[127.0558,36.2301]]}},{"type":"Feature","properties":{},"geometry":{"type":"LineString","coordinates":[[127.06,36.2408],[127.0606,36.2422]]}},{"type":"Feature","properties":{},"geometry":{"type":"LineString","coordinates":[[127.0601,36.2407],[127.0565,36.2322]]}},{"type":"Feature","properties":{},"geometry":{"type":"LineString","coordinates":[[126.9843,36.0981],[126.9635,36.094]]}},{"type":"Feature","properties":{},"geometry":{"type":"LineString","coordinates":[[127.0336,36.162],[127.0339,36.162]]}},{"type":"Feature","properties":{},"geometry":{"type":"LineString","coordinates":[[127.0719,36.2687],[127.0726,36.2702]]}},{"type":"Feature","properties":{},"geometry":{"type":"LineString","coordinates":[[127.0726,36.2702],[127.0749,36.276]]}},{"type":"Feature","properties":{},"geometry":{"type":"LineString","coordinates":[[127.0749,36.276],[127.0803,36.2918]]}},{"type":"Feature","properties":{},"geometry":{"type":"LineString","coordinates":[[127.075,36.276],[127.0727,36.2702]]}},{"type":"Feature","properties":{},"geometry":{"type":"LineString","coordinates":[[127.0727,36.2702],[127.072,36.2686]]}},{"type":"Feature","properties":{},"geometry":{"type":"LineString","coordinates":[[127.072,36.2686],[127.0713,36.267]]}},{"type":"Feature","properties":{},"geometry":{"type":"LineString","coordinates":[[127.0713,36.267],[127.0699,36.2636]]}},{"type":"Feature","properties":{},"geometry":{"type":"LineString","coordinates":[[127.0886,36.313],[127.0894,36.315]]}},{"type":"Feature","properties":{},"geometry":{"type":"LineString","coordinates":[[127.0911,36.319],[127.0919,36.3208]]}},{"type":"Feature","properties":{},"geometry":{"type":"LineString","coordinates":[[127.0894,36.315],[127.0898,36.3158]]}},{"type":"Feature","properties":{},"geometry":{"type":"LineString","coordinates":[[127.0895,36.315],[127.0886,36.313]]}},{"type":"Feature","properties":{},"geometry":{"type":"LineString","coordinates":[[127.0886,36.313],[127.0835,36.3006]]}},{"type":"Feature","properties":{},"geometry":{"type":"LineString","coordinates":[[127.0912,36.3189],[127.0901,36.3163]]}},{"type":"Feature","properties":{},"geometry":{"type":"LineString","coordinates":[[127.0919,36.3208],[127.0928,36.323]]}},{"type":"Feature","properties":{},"geometry":{"type":"LineString","coordinates":[[127.092,36.3208],[127.0912,36.3189]]}},{"type":"Feature","properties":{},"geometry":{"type":"LineString","coordinates":[[127.0928,36.323],[127.0949,36.3282]]}},{"type":"Feature","properties":{},"geometry":{"type":"LineString","coordinates":[[127.0929,36.3229],[127.092,36.3208]]}},{"type":"Feature","properties":{},"geometry":{"type":"LineString","coordinates":[[127.2911,36.264],[127.2866,36.265],[127.2818,36.2643],[127.2794,36.2647],[127.2767,36.2659],[127.2723,36.2694],[127.2626,36.2745],[127.2599,36.2752]]}},{"type":"Feature","properties":{},"geometry":{"type":"LineString","coordinates":[[127.2596,36.2753],[127.2553,36.2765]]}},{"type":"Feature","properties":{},"geometry":{"type":"LineString","coordinates":[[127.2599,36.2752],[127.2596,36.2753]]}},{"type":"Feature","properties":{},"geometry":{"type":"LineString","coordinates":[[127.2552,36.2766],[127.252,36.2789]]}},{"type":"Feature","properties":{},"geometry":{"type":"LineString","coordinates":[[127.2553,36.2765],[127.2552,36.2766]]}},{"type":"Feature","properties":{},"geometry":{"type":"LineString","coordinates":[[127.2514,36.2792],[127.2444,36.2827],[127.233,36.286],[127.2291,36.2863]]}},{"type":"Feature","properties":{},"geometry":{"type":"LineString","coordinates":[[127.252,36.2789],[127.2514,36.2792]]}},{"type":"Feature","properties":{},"geometry":{"type":"LineString","coordinates":[[126.8821,37.591],[126.8887,37.5853],[126.8955,37.5807]]}},{"type":"Feature","properties":{},"geometry":{"type":"LineString","coordinates":[[126.8955,37.5807],[126.8887,37.5852],[126.882,37.591]]}},{"type":"Feature","properties":{},"geometry":{"type":"LineString","coordinates":[[127.3195,36.2497],[127.3193,36.2497]]}},{"type":"Feature","properties":{},"geometry":{"type":"LineString","coordinates":[[127.3166,36.2501],[127.3087,36.2521],[127.3056,36.2536],[127.3036,36.2557],[127.3001,36.2629],[127.2974,36.2644]]}},{"type":"Feature","properties":{},"geometry":{"type":"LineString","coordinates":[[127.3193,36.2497],[127.318,36.2498]]}},{"type":"Feature","properties":{},"geometry":{"type":"LineString","coordinates":[[127.3383,36.2536],[127.3365,36.2512],[127.3332,36.2497],[127.3255,36.2508],[127.3195,36.2497]]}},{"type":"Feature","properties":{},"geometry":{"type":"LineString","coordinates":[[127.318,36.2498],[127.3166,36.2501]]}},{"type":"Feature","properties":{},"geometry":{"type":"LineString","coordinates":[[127.2974,36.2644],[127.2961,36.2645]]}},{"type":"Feature","properties":{},"geometry":{"type":"LineString","coordinates":[[127.2923,36.2639],[127.2911,36.264]]}},{"type":"Feature","properties":{},"geometry":{"type":"LineString","coordinates":[[127.2961,36.2645],[127.2923,36.2639]]}},{"type":"Feature","properties":{},"geometry":{"type":"LineString","coordinates":[[127.0657,37.6148],[127.0649,37.6167]]}},{"type":"Feature","properties":{},"geometry":{"type":"LineString","coordinates":[[127.0659,37.6149],[127.0662,37.6141]]}},{"type":"Feature","properties":{},"geometry":{"type":"LineString","coordinates":[[127.0676,37.6103],[127.0677,37.603]]}},{"type":"Feature","properties":{},"geometry":{"type":"LineString","coordinates":[[127.0661,37.614],[127.0657,37.6148]]}},{"type":"Feature","properties":{},"geometry":{"type":"LineString","coordinates":[[127.0649,37.617],[127.065,37.6168]]}},{"type":"Feature","properties":{},"geometry":{"type":"LineString","coordinates":[[127.065,37.6168],[127.0659,37.6149]]}},{"type":"Feature","properties":{},"geometry":{"type":"LineString","coordinates":[[127.0649,37.6167],[127.0648,37.617]]}},{"type":"Feature","properties":{},"geometry":{"type":"LineString","coordinates":[[127.069,37.0266],[127.0686,37.0299]]}},{"type":"Feature","properties":{},"geometry":{"type":"LineString","coordinates":[[127.0684,37.0332],[127.0687,37.0299]]}},{"type":"Feature","properties":{},"geometry":{"type":"LineString","coordinates":[[127.069,37.0266],[127.0691,37.0262]]}},{"type":"Feature","properties":{},"geometry":{"type":"LineString","coordinates":[[127.069,37.0262],[127.069,37.0266]]}},{"type":"Feature","properties":{},"geometry":{"type":"LineString","coordinates":[[127.0691,37.0262],[127.0692,37.025]]}},{"type":"Feature","properties":{},"geometry":{"type":"LineString","coordinates":[[127.0692,37.025],[127.0693,37.0246]]}},{"type":"Feature","properties":{},"geometry":{"type":"LineString","coordinates":[[127.0692,37.025],[127.069,37.0262]]}},{"type":"Feature","properties":{},"geometry":{"type":"LineString","coordinates":[[127.0692,37.0246],[127.0692,37.025]]}},{"type":"Feature","properties":{},"geometry":{"type":"LineString","coordinates":[[127.0693,37.0246],[127.0696,37.0216]]}},{"type":"Feature","properties":{},"geometry":{"type":"LineString","coordinates":[[127.0714,37.0039],[127.0718,36.9912],[127.0698,36.9798]]}},{"type":"Feature","properties":{},"geometry":{"type":"LineString","coordinates":[[127.0713,37.0039],[127.0712,37.0052]]}},{"type":"Feature","properties":{},"geometry":{"type":"LineString","coordinates":[[127.0712,37.0052],[127.0711,37.0067]]}},{"type":"Feature","properties":{},"geometry":{"type":"LineString","coordinates":[[127.0713,37.0052],[127.0714,37.0039]]}},{"type":"Feature","properties":{},"geometry":{"type":"LineString","coordinates":[[126.8868,37.3181],[126.8885,37.3146]]}},{"type":"Feature","properties":{},"geometry":{"type":"LineString","coordinates":[[126.9712,37.5449],[126.9712,37.5444]]}},{"type":"Feature","properties":{},"geometry":{"type":"LineString","coordinates":[[126.9712,37.5452],[126.9712,37.5449]]}},{"type":"Feature","properties":{},"geometry":{"type":"LineString","coordinates":[[126.9712,37.5444],[126.9712,37.5419]]}},{"type":"Feature","properties":{},"geometry":{"type":"LineString","coordinates":[[126.9711,37.5419],[126.9711,37.5456]]}},{"type":"Feature","properties":{},"geometry":{"type":"LineString","coordinates":[[126.9712,37.5484],[126.9712,37.5452]]}},{"type":"Feature","properties":{},"geometry":{"type":"LineString","coordinates":[[126.9709,37.5597],[126.9701,37.5608]]}},{"type":"Feature","properties":{},"geometry":{"type":"LineString","coordinates":[[128.2094,37.1259],[128.2029,37.1283]]}},{"type":"Feature","properties":{},"geometry":{"type":"LineString","coordinates":[[127.3634,37.3466],[127.3716,37.344],[127.3968,37.3278],[127.4019,37.3234],[127.4043,37.3181]]}},{"type":"Feature","properties":{},"geometry":{"type":"LineString","coordinates":[[127.4117,37.2999],[127.4132,37.2961],[127.4135,37.2937],[127.4118,37.2792],[127.4125,37.2747],[127.4159,37.2707],[127.421,37.2668],[127.4267,37.2646],[127.4299,37.2642]]}},{"type":"Feature","properties":{},"geometry":{"type":"LineString","coordinates":[[127.4299,37.2642],[127.4331,37.2642]]}},{"type":"Feature","properties":{},"geometry":{"type":"LineString","coordinates":[[127.6063,37.2896],[127.6104,37.2886],[127.6156,37.2852]]}},{"type":"Feature","properties":{},"geometry":{"type":"LineString","coordinates":[[127.5906,37.2922],[127.6063,37.2896]]}},{"type":"Feature","properties":{},"geometry":{"type":"LineString","coordinates":[[127.7434,36.2035],[127.7405,36.2051]]}},{"type":"Feature","properties":{},"geometry":{"type":"LineString","coordinates":[[127.7405,36.2051],[127.7434,36.2035]]}},{"type":"Feature","properties":{},"geometry":{"type":"LineString","coordinates":[[127.7434,36.2035],[127.7495,36.2002]]}},{"type":"Feature","properties":{},"geometry":{"type":"LineString","coordinates":[[127.7495,36.2002],[127.7434,36.2035]]}},{"type":"Feature","properties":{},"geometry":{"type":"LineString","coordinates":[[128.7425,35.8531],[128.7477,35.8529]]}},{"type":"Feature","properties":{},"geometry":{"type":"LineString","coordinates":[[127.2875,36.6355],[127.2892,36.6328],[127.2937,36.6134]]}},{"type":"Feature","properties":{},"geometry":{"type":"LineString","coordinates":[[127.2705,36.6498],[127.2707,36.6497]]}},{"type":"Feature","properties":{},"geometry":{"type":"LineString","coordinates":[[127.2864,36.6363],[127.2875,36.6355]]}},{"type":"Feature","properties":{},"geometry":{"type":"LineString","coordinates":[[127.2707,36.6497],[127.2782,36.6417],[127.2864,36.6363]]}},{"type":"Feature","properties":{},"geometry":{"type":"LineString","coordinates":[[128.3113,37.0395],[128.3123,37.0382]]}},{"type":"Feature","properties":{},"geometry":{"type":"LineString","coordinates":[[128.3113,37.0395],[128.3111,37.0398]]}},{"type":"Feature","properties":{},"geometry":{"type":"LineString","coordinates":[[128.7648,35.4983],[128.7648,35.4949]]}},{"type":"Feature","properties":{},"geometry":{"type":"LineString","coordinates":[[128.765,35.4894],[128.7642,35.4835]]}},{"type":"Feature","properties":{},"geometry":{"type":"LineString","coordinates":[[128.7684,35.4765],[128.7801,35.47],[128.7839,35.467]]}},{"type":"Feature","properties":{},"geometry":{"type":"LineString","coordinates":[[129.1742,35.1824],[129.1693,35.1829],[129.1623,35.1816],[129.1583,35.1793],[129.1496,35.1711],[129.1432,35.1695],[129.1406,35.1694]]}},{"type":"Feature","properties":{},"geometry":{"type":"LineString","coordinates":[[129.1973,35.1811],[129.1936,35.1794],[129.1896,35.179],[129.1854,35.1794],[129.1797,35.1809]]}},{"type":"Feature","properties":{},"geometry":{"type":"LineString","coordinates":[[126.3929,34.8159],[126.3866,34.8061],[126.3867,34.8047],[126.3894,34.7982]]}},{"type":"Feature","properties":{},"geometry":{"type":"LineString","coordinates":[[126.425,34.8212],[126.4213,34.8231]]}},{"type":"Feature","properties":{},"geometry":{"type":"LineString","coordinates":[[126.3979,34.8213],[126.3955,34.8195],[126.393,34.8161]]}},{"type":"Feature","properties":{},"geometry":{"type":"LineString","coordinates":[[126.4213,34.8231],[126.4163,34.824],[126.4056,34.8238],[126.4011,34.8229],[126.3979,34.8213]]}},{"type":"Feature","properties":{},"geometry":{"type":"LineString","coordinates":[[128.9986,35.2064],[128.9953,35.2035]]}},{"type":"Feature","properties":{},"geometry":{"type":"LineString","coordinates":[[128.7448,35.6417],[128.7496,35.6354]]}},{"type":"Feature","properties":{},"geometry":{"type":"LineString","coordinates":[[128.7223,35.7099],[128.7206,35.7073],[128.7161,35.7047],[128.7145,35.7029]]}},{"type":"Feature","properties":{},"geometry":{"type":"LineString","coordinates":[[128.7165,35.7849],[128.7164,35.7846]]}},{"type":"Feature","properties":{},"geometry":{"type":"LineString","coordinates":[[128.7327,35.731],[128.7223,35.7099]]}},{"type":"Feature","properties":{},"geometry":{"type":"LineString","coordinates":[[128.3794,36.0342],[128.3755,36.0366]]}},{"type":"Feature","properties":{},"geometry":{"type":"LineString","coordinates":[[128.3325,36.0616],[128.3293,36.0634]]}},{"type":"Feature","properties":{},"geometry":{"type":"LineString","coordinates":[[126.4946,34.883],[126.4948,34.885]]}},{"type":"Feature","properties":{},"geometry":{"type":"LineString","coordinates":[[126.4948,34.885],[126.4954,34.8893]]}},{"type":"Feature","properties":{},"geometry":{"type":"LineString","coordinates":[[129.0358,37.6889],[129.036,37.6883]]}},{"type":"Feature","properties":{},"geometry":{"type":"LineString","coordinates":[[129.036,37.6883],[129.0362,37.6853],[129.0351,37.6836],[129.0327,37.6825],[129.0271,37.6817],[129.0241,37.6785]]}},{"type":"Feature","properties":{},"geometry":{"type":"LineString","coordinates":[[129.0958,35.2929],[129.097,35.2941]]}},{"type":"Feature","properties":{},"geometry":{"type":"LineString","coordinates":[[129.0959,35.2928],[129.0954,35.2923]]}},{"type":"Feature","properties":{},"geometry":{"type":"LineString","coordinates":[[129.097,35.2941],[129.0971,35.2943]]}},{"type":"Feature","properties":{},"geometry":{"type":"LineString","coordinates":[[129.097,35.2941],[129.0959,35.2928]]}},{"type":"Feature","properties":{},"geometry":{"type":"LineString","coordinates":[[129.0954,35.2923],[129.0958,35.2929]]}},{"type":"Feature","properties":{},"geometry":{"type":"LineString","coordinates":[[129.0954,35.2923],[129.0951,35.292]]}},{"type":"Feature","properties":{},"geometry":{"type":"LineString","coordinates":[[129.1157,35.3164],[129.116,35.3168]]}},{"type":"Feature","properties":{},"geometry":{"type":"LineString","coordinates":[[129.1157,35.3163],[129.1134,35.3132]]}},{"type":"Feature","properties":{},"geometry":{"type":"LineString","coordinates":[[129.116,35.3168],[129.1167,35.318]]}},{"type":"Feature","properties":{},"geometry":{"type":"LineString","coordinates":[[129.116,35.3168],[129.1157,35.3163]]}},{"type":"Feature","properties":{},"geometry":{"type":"LineString","coordinates":[[129.1167,35.318],[129.116,35.3168]]}},{"type":"Feature","properties":{},"geometry":{"type":"LineString","coordinates":[[129.1167,35.318],[129.1189,35.3217]]}},{"type":"Feature","properties":{},"geometry":{"type":"LineString","coordinates":[[129.1189,35.3217],[129.1167,35.318]]}},{"type":"Feature","properties":{},"geometry":{"type":"LineString","coordinates":[[129.1189,35.3217],[129.1216,35.3278]]}},{"type":"Feature","properties":{},"geometry":{"type":"LineString","coordinates":[[128.6866,35.8547],[128.7051,35.8519]]}},{"type":"Feature","properties":{},"geometry":{"type":"LineString","coordinates":[[128.4998,35.9544],[128.5,35.9554]]}},{"type":"Feature","properties":{},"geometry":{"type":"LineString","coordinates":[[128.4989,35.9523],[128.4937,35.9477],[128.4908,35.9424]]}},{"type":"Feature","properties":{},"geometry":{"type":"LineString","coordinates":[[128.1006,35.1464],[128.103,35.1465]]}},{"type":"Feature","properties":{},"geometry":{"type":"LineString","coordinates":[[128.0972,35.1464],[128.1006,35.1464]]}},{"type":"Feature","properties":{},"geometry":{"type":"LineString","coordinates":[[128.0972,35.1463],[128.0958,35.1463]]}},{"type":"Feature","properties":{},"geometry":{"type":"LineString","coordinates":[[128.0958,35.1464],[128.0972,35.1464]]}},{"type":"Feature","properties":{},"geometry":{"type":"LineString","coordinates":[[127.5938,34.8612],[127.5908,34.8639]]}},{"type":"Feature","properties":{},"geometry":{"type":"LineString","coordinates":[[127.364,35.4387],[127.3666,35.4359]]}},{"type":"Feature","properties":{},"geometry":{"type":"LineString","coordinates":[[127.5419,34.9377],[127.5407,34.9398],[127.539,34.941],[127.5327,34.9423]]}},{"type":"Feature","properties":{},"geometry":{"type":"LineString","coordinates":[[127.5087,34.9435],[127.4953,34.9504]]}},{"type":"Feature","properties":{},"geometry":{"type":"LineString","coordinates":[[127.5327,34.9423],[127.5392,34.941],[127.541,34.9395],[127.5419,34.9377]]}},{"type":"Feature","properties":{},"geometry":{"type":"LineString","coordinates":[[127.5431,34.9309],[127.548,34.9207]]}},{"type":"Feature","properties":{},"geometry":{"type":"LineString","coordinates":[[127.548,34.9207],[127.5431,34.9309]]}},{"type":"Feature","properties":{},"geometry":{"type":"LineString","coordinates":[[127.548,34.9207],[127.5482,34.9202]]}},{"type":"Feature","properties":{},"geometry":{"type":"LineString","coordinates":[[127.5482,34.9202],[127.5487,34.9192]]}},{"type":"Feature","properties":{},"geometry":{"type":"LineString","coordinates":[[127.5482,34.9202],[127.548,34.9207]]}},{"type":"Feature","properties":{},"geometry":{"type":"LineString","coordinates":[[127.549,34.9187],[127.5502,34.9162]]}},{"type":"Feature","properties":{},"geometry":{"type":"LineString","coordinates":[[127.5489,34.9187],[127.5487,34.9191]]}},{"type":"Feature","properties":{},"geometry":{"type":"LineString","coordinates":[[127.5487,34.9191],[127.5482,34.9202]]}},{"type":"Feature","properties":{},"geometry":{"type":"LineString","coordinates":[[127.5487,34.9192],[127.549,34.9187]]}},{"type":"Feature","properties":{},"geometry":{"type":"LineString","coordinates":[[127.5502,34.9162],[127.5595,34.8961]]}},{"type":"Feature","properties":{},"geometry":{"type":"LineString","coordinates":[[127.5501,34.9162],[127.5489,34.9187]]}},{"type":"Feature","properties":{},"geometry":{"type":"LineString","coordinates":[[127.5595,34.8961],[127.5597,34.8955]]}},{"type":"Feature","properties":{},"geometry":{"type":"LineString","coordinates":[[127.5594,34.8961],[127.5501,34.9162]]}},{"type":"Feature","properties":{},"geometry":{"type":"LineString","coordinates":[[127.5604,34.8939],[127.5597,34.8955]]}},{"type":"Feature","properties":{},"geometry":{"type":"LineString","coordinates":[[127.5604,34.8939],[127.561,34.8925]]}},{"type":"Feature","properties":{},"geometry":{"type":"LineString","coordinates":[[127.5597,34.8955],[127.5604,34.8939]]}},{"type":"Feature","properties":{},"geometry":{"type":"LineString","coordinates":[[127.5597,34.8955],[127.5594,34.8961]]}},{"type":"Feature","properties":{},"geometry":{"type":"LineString","coordinates":[[127.4953,34.9504],[127.5085,34.9437]]}},{"type":"Feature","properties":{},"geometry":{"type":"LineString","coordinates":[[127.4953,34.9504],[127.4925,34.9525],[127.4915,34.9568]]}},{"type":"Feature","properties":{},"geometry":{"type":"LineString","coordinates":[[127.4915,34.9568],[127.4926,34.9525],[127.4953,34.9504]]}},{"type":"Feature","properties":{},"geometry":{"type":"LineString","coordinates":[[127.4915,34.9568],[127.4906,34.9628]]}},{"type":"Feature","properties":{},"geometry":{"type":"LineString","coordinates":[[127.4906,34.9628],[127.4915,34.9568]]}},{"type":"Feature","properties":{},"geometry":{"type":"LineString","coordinates":[[127.4906,34.9628],[127.4908,34.9669]]}},{"type":"Feature","properties":{},"geometry":{"type":"LineString","coordinates":[[127.4908,34.9669],[127.4906,34.9628]]}},{"type":"Feature","properties":{},"geometry":{"type":"LineString","coordinates":[[127.4908,34.9669],[127.4911,34.9749]]}},{"type":"Feature","properties":{},"geometry":{"type":"LineString","coordinates":[[127.4912,34.9749],[127.4908,34.9669]]}},{"type":"Feature","properties":{},"geometry":{"type":"LineString","coordinates":[[127.4911,34.9749],[127.4912,34.9752]]}},{"type":"Feature","properties":{},"geometry":{"type":"LineString","coordinates":[[127.4912,34.9752],[127.4912,34.9757]]}},{"type":"Feature","properties":{},"geometry":{"type":"LineString","coordinates":[[127.4912,34.9752],[127.4912,34.9749]]}},{"type":"Feature","properties":{},"geometry":{"type":"LineString","coordinates":[[127.4912,34.9757],[127.4912,34.9752]]}},{"type":"Feature","properties":{},"geometry":{"type":"LineString","coordinates":[[127.4912,34.9757],[127.4914,34.9806]]}},{"type":"Feature","properties":{},"geometry":{"type":"LineString","coordinates":[[127.4915,34.9806],[127.4912,34.9757]]}},{"type":"Feature","properties":{},"geometry":{"type":"LineString","coordinates":[[127.4914,34.9806],[127.4914,34.9811]]}},{"type":"Feature","properties":{},"geometry":{"type":"LineString","coordinates":[[127.4915,34.9811],[127.4915,34.9806]]}},{"type":"Feature","properties":{},"geometry":{"type":"LineString","coordinates":[[127.4914,34.9811],[127.4919,34.9901]]}},{"type":"Feature","properties":{},"geometry":{"type":"LineString","coordinates":[[127.4919,34.9901],[127.4915,34.9811]]}},{"type":"Feature","properties":{},"geometry":{"type":"LineString","coordinates":[[127.4919,34.9901],[127.4919,34.9907]]}},{"type":"Feature","properties":{},"geometry":{"type":"LineString","coordinates":[[127.4918,34.9923],[127.4919,34.9907]]}},{"type":"Feature","properties":{},"geometry":{"type":"LineString","coordinates":[[127.4918,34.9923],[127.4913,34.9938]]}},{"type":"Feature","properties":{},"geometry":{"type":"LineString","coordinates":[[127.4919,34.9907],[127.4918,34.9923]]}},{"type":"Feature","properties":{},"geometry":{"type":"LineString","coordinates":[[127.4919,34.9907],[127.4919,34.9901]]}},{"type":"Feature","properties":{},"geometry":{"type":"LineString","coordinates":[[127.4913,34.9938],[127.4887,35.0001],[127.4851,35.0043]]}},{"type":"Feature","properties":{},"geometry":{"type":"LineString","coordinates":[[127.4914,34.9939],[127.4918,34.9923]]}},{"type":"Feature","properties":{},"geometry":{"type":"LineString","coordinates":[[127.4851,35.0043],[127.4888,35.0002],[127.4914,34.9939]]}},{"type":"Feature","properties":{},"geometry":{"type":"LineString","coordinates":[[127.4851,35.0043],[127.4846,35.0048]]}},{"type":"Feature","properties":{},"geometry":{"type":"LineString","coordinates":[[127.5609,34.8925],[127.5604,34.8939]]}},{"type":"Feature","properties":{},"geometry":{"type":"LineString","coordinates":[[127.5683,34.8813],[127.5647,34.8845],[127.5635,34.8864]]}},{"type":"Feature","properties":{},"geometry":{"type":"LineString","coordinates":[[127.5683,34.8813],[127.5707,34.8794]]}},{"type":"Feature","properties":{},"geometry":{"type":"LineString","coordinates":[[127.5636,34.8865],[127.5647,34.8845],[127.5683,34.8813]]}},{"type":"Feature","properties":{},"geometry":{"type":"LineString","coordinates":[[127.5707,34.8794],[127.5712,34.8791]]}},{"type":"Feature","properties":{},"geometry":{"type":"LineString","coordinates":[[127.5707,34.8794],[127.5683,34.8813]]}},{"type":"Feature","properties":{},"geometry":{"type":"LineString","coordinates":[[127.5711,34.879],[127.5707,34.8794]]}},{"type":"Feature","properties":{},"geometry":{"type":"LineString","coordinates":[[127.5712,34.8791],[127.5814,34.8715]]}},{"type":"Feature","properties":{},"geometry":{"type":"LineString","coordinates":[[127.4846,35.0048],[127.4851,35.0043]]}},{"type":"Feature","properties":{},"geometry":{"type":"LineString","coordinates":[[127.4756,35.0103],[127.4819,35.0065]]}},{"type":"Feature","properties":{},"geometry":{"type":"LineString","coordinates":[[127.4756,35.0103],[127.4743,35.0111]]}},{"type":"Feature","properties":{},"geometry":{"type":"LineString","coordinates":[[127.4743,35.0111],[127.4756,35.0103]]}},{"type":"Feature","properties":{},"geometry":{"type":"LineString","coordinates":[[127.4743,35.0111],[127.4725,35.0121]]}},{"type":"Feature","properties":{},"geometry":{"type":"LineString","coordinates":[[127.4693,35.0142],[127.4689,35.0145]]}},{"type":"Feature","properties":{},"geometry":{"type":"LineString","coordinates":[[127.4693,35.0143],[127.4725,35.0121]]}},{"type":"Feature","properties":{},"geometry":{"type":"LineString","coordinates":[[127.4689,35.0145],[127.4658,35.0168]]}},{"type":"Feature","properties":{},"geometry":{"type":"LineString","coordinates":[[127.4689,35.0145],[127.4693,35.0143]]}},{"type":"Feature","properties":{},"geometry":{"type":"LineString","coordinates":[[127.4658,35.0169],[127.4689,35.0145]]}},{"type":"Feature","properties":{},"geometry":{"type":"LineString","coordinates":[[127.4632,35.0187],[127.4631,35.0188]]}},{"type":"Feature","properties":{},"geometry":{"type":"LineString","coordinates":[[127.4632,35.0188],[127.4658,35.0169]]}},{"type":"Feature","properties":{},"geometry":{"type":"LineString","coordinates":[[127.4658,35.0168],[127.4632,35.0187]]}},{"type":"Feature","properties":{},"geometry":{"type":"LineString","coordinates":[[127.4619,35.0198],[127.4631,35.0189]]}},{"type":"Feature","properties":{},"geometry":{"type":"LineString","coordinates":[[127.4618,35.0198],[127.4584,35.0223]]}},{"type":"Feature","properties":{},"geometry":{"type":"LineString","coordinates":[[127.4631,35.0189],[127.4632,35.0188]]}},{"type":"Feature","properties":{},"geometry":{"type":"LineString","coordinates":[[127.4631,35.0188],[127.4618,35.0198]]}},{"type":"Feature","properties":{},"geometry":{"type":"LineString","coordinates":[[127.4584,35.0223],[127.446,35.0341]]}},{"type":"Feature","properties":{},"geometry":{"type":"LineString","coordinates":[[127.4584,35.0224],[127.4619,35.0198]]}},{"type":"Feature","properties":{},"geometry":{"type":"LineString","coordinates":[[127.446,35.0342],[127.4584,35.0224]]}},{"type":"Feature","properties":{},"geometry":{"type":"LineString","coordinates":[[127.446,35.0341],[127.4457,35.0345]]}},{"type":"Feature","properties":{},"geometry":{"type":"LineString","coordinates":[[127.4457,35.0345],[127.4443,35.0362]]}},{"type":"Feature","properties":{},"geometry":{"type":"LineString","coordinates":[[127.4457,35.0345],[127.446,35.0342]]}},{"type":"Feature","properties":{},"geometry":{"type":"LineString","coordinates":[[127.4443,35.0363],[127.4457,35.0345]]}},{"type":"Feature","properties":{},"geometry":{"type":"LineString","coordinates":[[127.4443,35.0362],[127.4439,35.0367]]}},{"type":"Feature","properties":{},"geometry":{"type":"LineString","coordinates":[[127.444,35.0367],[127.4443,35.0363]]}},{"type":"Feature","properties":{},"geometry":{"type":"LineString","coordinates":[[127.4439,35.0367],[127.4419,35.0397]]}},{"type":"Feature","properties":{},"geometry":{"type":"LineString","coordinates":[[127.4419,35.0397],[127.444,35.0367]]}},{"type":"Feature","properties":{},"geometry":{"type":"LineString","coordinates":[[127.4419,35.0397],[127.4252,35.0844]]}},{"type":"Feature","properties":{},"geometry":{"type":"LineString","coordinates":[[127.4252,35.0844],[127.4419,35.0397]]}},{"type":"Feature","properties":{},"geometry":{"type":"LineString","coordinates":[[127.4249,35.0885],[127.4252,35.0897]]}},{"type":"Feature","properties":{},"geometry":{"type":"LineString","coordinates":[[127.4252,35.0897],[127.4249,35.0884]]}},{"type":"Feature","properties":{},"geometry":{"type":"LineString","coordinates":[[127.4252,35.0897],[127.4254,35.0905]]}},{"type":"Feature","properties":{},"geometry":{"type":"LineString","coordinates":[[127.4254,35.0905],[127.428,35.0978]]}},{"type":"Feature","properties":{},"geometry":{"type":"LineString","coordinates":[[127.4254,35.0905],[127.4252,35.0897]]}},{"type":"Feature","properties":{},"geometry":{"type":"LineString","coordinates":[[127.4281,35.0979],[127.4254,35.0905]]}},{"type":"Feature","properties":{},"geometry":{"type":"LineString","coordinates":[[127.4315,35.1029],[127.4388,35.1082]]}},{"type":"Feature","properties":{},"geometry":{"type":"LineString","coordinates":[[127.4389,35.1082],[127.4315,35.1029]]}},{"type":"Feature","properties":{},"geometry":{"type":"LineString","coordinates":[[127.4388,35.1082],[127.4405,35.1102]]}},{"type":"Feature","properties":{},"geometry":{"type":"LineString","coordinates":[[127.4406,35.1102],[127.4389,35.1082]]}},{"type":"Feature","properties":{},"geometry":{"type":"LineString","coordinates":[[127.4405,35.1102],[127.4425,35.1127]]}},{"type":"Feature","properties":{},"geometry":{"type":"LineString","coordinates":[[127.4425,35.1127],[127.4406,35.1102]]}},{"type":"Feature","properties":{},"geometry":{"type":"LineString","coordinates":[[127.4425,35.1127],[127.4434,35.1139]]}},{"type":"Feature","properties":{},"geometry":{"type":"LineString","coordinates":[[127.4434,35.1139],[127.4435,35.114]]}},{"type":"Feature","properties":{},"geometry":{"type":"LineString","coordinates":[[127.4435,35.1139],[127.4425,35.1127]]}},{"type":"Feature","properties":{},"geometry":{"type":"LineString","coordinates":[[127.4436,35.114],[127.4435,35.1139]]}},{"type":"Feature","properties":{},"geometry":{"type":"LineString","coordinates":[[127.4435,35.114],[127.4449,35.1158]]}},{"type":"Feature","properties":{},"geometry":{"type":"LineString","coordinates":[[127.445,35.1158],[127.4436,35.114]]}},{"type":"Feature","properties":{},"geometry":{"type":"LineString","coordinates":[[127.4449,35.1158],[127.4452,35.1161]]}},{"type":"Feature","properties":{},"geometry":{"type":"LineString","coordinates":[[127.4452,35.1161],[127.446,35.1171]]}},{"type":"Feature","properties":{},"geometry":{"type":"LineString","coordinates":[[127.4452,35.116],[127.445,35.1158]]}},{"type":"Feature","properties":{},"geometry":{"type":"LineString","coordinates":[[127.4485,35.1203],[127.4488,35.1206]]}},{"type":"Feature","properties":{},"geometry":{"type":"LineString","coordinates":[[127.4486,35.1202],[127.447,35.1183]]}},{"type":"Feature","properties":{},"geometry":{"type":"LineString","coordinates":[[127.4469,35.1183],[127.4485,35.1203]]}},{"type":"Feature","properties":{},"geometry":{"type":"LineString","coordinates":[[127.447,35.1183],[127.4462,35.1172]]}},{"type":"Feature","properties":{},"geometry":{"type":"LineString","coordinates":[[127.4513,35.1244],[127.4488,35.1206]]}},{"type":"Feature","properties":{},"geometry":{"type":"LineString","coordinates":[[127.4512,35.1244],[127.4518,35.1254]]}},{"type":"Feature","properties":{},"geometry":{"type":"LineString","coordinates":[[127.4488,35.1206],[127.4512,35.1244]]}},{"type":"Feature","properties":{},"geometry":{"type":"LineString","coordinates":[[127.4488,35.1206],[127.4486,35.1202]]}},{"type":"Feature","properties":{},"geometry":{"type":"LineString","coordinates":[[127.4518,35.1254],[127.4513,35.1244]]}},{"type":"Feature","properties":{},"geometry":{"type":"LineString","coordinates":[[127.4521,35.126],[127.4518,35.1254]]}},{"type":"Feature","properties":{},"geometry":{"type":"LineString","coordinates":[[127.4521,35.126],[127.4527,35.1271]]}},{"type":"Feature","properties":{},"geometry":{"type":"LineString","coordinates":[[127.4518,35.1254],[127.4521,35.126]]}},{"type":"Feature","properties":{},"geometry":{"type":"LineString","coordinates":[[127.4534,35.1281],[127.4528,35.1271]]}},{"type":"Feature","properties":{},"geometry":{"type":"LineString","coordinates":[[127.4534,35.1282],[127.4534,35.1283]]}},{"type":"Feature","properties":{},"geometry":{"type":"LineString","coordinates":[[127.4528,35.1271],[127.4521,35.126]]}},{"type":"Feature","properties":{},"geometry":{"type":"LineString","coordinates":[[127.4527,35.1271],[127.4534,35.1282]]}},{"type":"Feature","properties":{},"geometry":{"type":"LineString","coordinates":[[127.4535,35.1283],[127.4534,35.1281]]}},{"type":"Feature","properties":{},"geometry":{"type":"LineString","coordinates":[[127.4534,35.1283],[127.4549,35.1309]]}},{"type":"Feature","properties":{},"geometry":{"type":"LineString","coordinates":[[127.455,35.1308],[127.4535,35.1283]]}},{"type":"Feature","properties":{},"geometry":{"type":"LineString","coordinates":[[127.4549,35.1309],[127.4556,35.132]]}},{"type":"Feature","properties":{},"geometry":{"type":"LineString","coordinates":[[127.4559,35.1325],[127.4557,35.1321]]}},{"type":"Feature","properties":{},"geometry":{"type":"LineString","coordinates":[[127.4564,35.1336],[127.4586,35.1372]]}},{"type":"Feature","properties":{},"geometry":{"type":"LineString","coordinates":[[127.4557,35.1322],[127.4559,35.1325]]}},{"type":"Feature","properties":{},"geometry":{"type":"LineString","coordinates":[[127.4556,35.132],[127.4557,35.1322]]}},{"type":"Feature","properties":{},"geometry":{"type":"LineString","coordinates":[[127.4557,35.1321],[127.4556,35.132]]}},{"type":"Feature","properties":{},"geometry":{"type":"LineString","coordinates":[[127.4556,35.132],[127.455,35.1308]]}},{"type":"Feature","properties":{},"geometry":{"type":"LineString","coordinates":[[127.4597,35.1391],[127.4605,35.1414]]}},{"type":"Feature","properties":{},"geometry":{"type":"LineString","coordinates":[[127.4597,35.1391],[127.4586,35.1372]]}},{"type":"Feature","properties":{},"geometry":{"type":"LineString","coordinates":[[127.4586,35.1372],[127.4565,35.1335]]}},{"type":"Feature","properties":{},"geometry":{"type":"LineString","coordinates":[[127.4586,35.1372],[127.4597,35.1391]]}},{"type":"Feature","properties":{},"geometry":{"type":"LineString","coordinates":[[127.4606,35.1414],[127.4597,35.1391]]}},{"type":"Feature","properties":{},"geometry":{"type":"LineString","coordinates":[[127.4605,35.1414],[127.4614,35.1458]]}},{"type":"Feature","properties":{},"geometry":{"type":"LineString","coordinates":[[127.4614,35.1458],[127.4616,35.1471]]}},{"type":"Feature","properties":{},"geometry":{"type":"LineString","coordinates":[[127.4615,35.1458],[127.4606,35.1414]]}},{"type":"Feature","properties":{},"geometry":{"type":"LineString","coordinates":[[127.4617,35.1486],[127.4616,35.1472]]}},{"type":"Feature","properties":{},"geometry":{"type":"LineString","coordinates":[[127.4616,35.1489],[127.4617,35.1486]]}},{"type":"Feature","properties":{},"geometry":{"type":"LineString","coordinates":[[127.4616,35.1472],[127.4616,35.1486]]}},{"type":"Feature","properties":{},"geometry":{"type":"LineString","coordinates":[[127.4616,35.1471],[127.4616,35.1472]]}},{"type":"Feature","properties":{},"geometry":{"type":"LineString","coordinates":[[127.4616,35.1471],[127.4615,35.1458]]}},{"type":"Feature","properties":{},"geometry":{"type":"LineString","coordinates":[[127.4616,35.1472],[127.4616,35.1471]]}},{"type":"Feature","properties":{},"geometry":{"type":"LineString","coordinates":[[127.4616,35.1489],[127.461,35.1513]]}},{"type":"Feature","properties":{},"geometry":{"type":"LineString","coordinates":[[127.4616,35.1486],[127.4616,35.1489]]}},{"type":"Feature","properties":{},"geometry":{"type":"LineString","coordinates":[[127.4609,35.1516],[127.4601,35.1532]]}},{"type":"Feature","properties":{},"geometry":{"type":"LineString","coordinates":[[127.4609,35.1516],[127.461,35.1514]]}},{"type":"Feature","properties":{},"geometry":{"type":"LineString","coordinates":[[127.461,35.1513],[127.4609,35.1516]]}},{"type":"Feature","properties":{},"geometry":{"type":"LineString","coordinates":[[127.461,35.1514],[127.4616,35.1489]]}},{"type":"Feature","properties":{},"geometry":{"type":"LineString","coordinates":[[127.4601,35.1532],[127.46,35.1534]]}},{"type":"Feature","properties":{},"geometry":{"type":"LineString","coordinates":[[127.4602,35.1532],[127.4609,35.1516]]}},{"type":"Feature","properties":{},"geometry":{"type":"LineString","coordinates":[[127.4599,35.1538],[127.4601,35.1534]]}},{"type":"Feature","properties":{},"geometry":{"type":"LineString","coordinates":[[127.4598,35.1538],[127.4597,35.1541]]}},{"type":"Feature","properties":{},"geometry":{"type":"LineString","coordinates":[[127.46,35.1534],[127.4598,35.1538]]}},{"type":"Feature","properties":{},"geometry":{"type":"LineString","coordinates":[[127.4601,35.1534],[127.4602,35.1532]]}},{"type":"Feature","properties":{},"geometry":{"type":"LineString","coordinates":[[127.4597,35.1541],[127.4599,35.1538]]}},{"type":"Feature","properties":{},"geometry":{"type":"LineString","coordinates":[[127.4597,35.1541],[127.4585,35.1565]]}},{"type":"Feature","properties":{},"geometry":{"type":"LineString","coordinates":[[127.4585,35.1565],[127.4597,35.1541]]}},{"type":"Feature","properties":{},"geometry":{"type":"LineString","coordinates":[[127.4585,35.1565],[127.4579,35.1577]]}},{"type":"Feature","properties":{},"geometry":{"type":"LineString","coordinates":[[127.4579,35.1578],[127.4585,35.1565]]}},{"type":"Feature","properties":{},"geometry":{"type":"LineString","coordinates":[[127.4551,35.1615],[127.4479,35.166]]}},{"type":"Feature","properties":{},"geometry":{"type":"LineString","coordinates":[[127.4479,35.166],[127.4478,35.1661]]}},{"type":"Feature","properties":{},"geometry":{"type":"LineString","coordinates":[[127.4479,35.1661],[127.4551,35.1615]]}},{"type":"Feature","properties":{},"geometry":{"type":"LineString","coordinates":[[127.4478,35.1662],[127.4479,35.1661]]}},{"type":"Feature","properties":{},"geometry":{"type":"LineString","coordinates":[[127.4478,35.1661],[127.4453,35.1677]]}},{"type":"Feature","properties":{},"geometry":{"type":"LineString","coordinates":[[127.4453,35.1677],[127.4447,35.1681]]}},{"type":"Feature","properties":{},"geometry":{"type":"LineString","coordinates":[[127.4454,35.1677],[127.4478,35.1662]]}},{"type":"Feature","properties":{},"geometry":{"type":"LineString","coordinates":[[127.4448,35.1681],[127.4454,35.1677]]}},{"type":"Feature","properties":{},"geometry":{"type":"LineString","coordinates":[[127.4447,35.1681],[127.4366,35.1744]]}},{"type":"Feature","properties":{},"geometry":{"type":"LineString","coordinates":[[127.4365,35.1745],[127.4318,35.1776]]}},{"type":"Feature","properties":{},"geometry":{"type":"LineString","coordinates":[[127.4366,35.1744],[127.4365,35.1745]]}},{"type":"Feature","properties":{},"geometry":{"type":"LineString","coordinates":[[127.4367,35.1744],[127.4448,35.1681]]}},{"type":"Feature","properties":{},"geometry":{"type":"LineString","coordinates":[[127.4365,35.1745],[127.4367,35.1744]]}},{"type":"Feature","properties":{},"geometry":{"type":"LineString","coordinates":[[127.4318,35.1776],[127.4308,35.1781]]}},{"type":"Feature","properties":{},"geometry":{"type":"LineString","coordinates":[[127.4318,35.1777],[127.4365,35.1745]]}},{"type":"Feature","properties":{},"geometry":{"type":"LineString","coordinates":[[127.4309,35.1782],[127.4318,35.1777]]}},{"type":"Feature","properties":{},"geometry":{"type":"LineString","coordinates":[[127.4308,35.1781],[127.4172,35.1855]]}},{"type":"Feature","properties":{},"geometry":{"type":"LineString","coordinates":[[127.4172,35.1855],[127.4164,35.1858]]}},{"type":"Feature","properties":{},"geometry":{"type":"LineString","coordinates":[[127.4172,35.1855],[127.4309,35.1782]]}},{"type":"Feature","properties":{},"geometry":{"type":"LineString","coordinates":[[127.4164,35.1858],[127.4159,35.186]]}},{"type":"Feature","properties":{},"geometry":{"type":"LineString","coordinates":[[127.4164,35.1858],[127.4172,35.1855]]}},{"type":"Feature","properties":{},"geometry":{"type":"LineString","coordinates":[[127.4159,35.1861],[127.4164,35.1858]]}},{"type":"Feature","properties":{},"geometry":{"type":"LineString","coordinates":[[127.4151,35.1864],[127.4159,35.1861]]}},{"type":"Feature","properties":{},"geometry":{"type":"LineString","coordinates":[[127.4159,35.186],[127.4151,35.1863]]}},{"type":"Feature","properties":{},"geometry":{"type":"LineString","coordinates":[[127.4151,35.1863],[127.4139,35.1867]]}},{"type":"Feature","properties":{},"geometry":{"type":"LineString","coordinates":[[127.4024,35.1873],[127.4088,35.1876],[127.4139,35.1867]]}},{"type":"Feature","properties":{},"geometry":{"type":"LineString","coordinates":[[127.4017,35.1872],[127.401,35.1871]]}},{"type":"Feature","properties":{},"geometry":{"type":"LineString","coordinates":[[127.4017,35.1872],[127.4024,35.1873]]}},{"type":"Feature","properties":{},"geometry":{"type":"LineString","coordinates":[[127.4024,35.1872],[127.4017,35.1872]]}},{"type":"Feature","properties":{},"geometry":{"type":"LineString","coordinates":[[127.4139,35.1867],[127.4087,35.1876],[127.4024,35.1872]]}},{"type":"Feature","properties":{},"geometry":{"type":"LineString","coordinates":[[127.4139,35.1867],[127.4151,35.1864]]}},{"type":"Feature","properties":{},"geometry":{"type":"LineString","coordinates":[[127.401,35.1871],[127.4017,35.1872]]}},{"type":"Feature","properties":{},"geometry":{"type":"LineString","coordinates":[[127.401,35.1871],[127.3939,35.1869]]}},{"type":"Feature","properties":{},"geometry":{"type":"LineString","coordinates":[[127.3939,35.187],[127.401,35.1871]]}},{"type":"Feature","properties":{},"geometry":{"type":"LineString","coordinates":[[127.3939,35.1869],[127.3928,35.1871]]}},{"type":"Feature","properties":{},"geometry":{"type":"LineString","coordinates":[[127.3889,35.1876],[127.3813,35.1891],[127.3768,35.192]]}},{"type":"Feature","properties":{},"geometry":{"type":"LineString","coordinates":[[127.3889,35.1877],[127.3928,35.1871]]}},{"type":"Feature","properties":{},"geometry":{"type":"LineString","coordinates":[[127.3928,35.1871],[127.3939,35.187]]}},{"type":"Feature","properties":{},"geometry":{"type":"LineString","coordinates":[[127.3928,35.1871],[127.3889,35.1876]]}},{"type":"Feature","properties":{},"geometry":{"type":"LineString","coordinates":[[127.3768,35.192],[127.3816,35.1891],[127.3889,35.1877]]}},{"type":"Feature","properties":{},"geometry":{"type":"LineString","coordinates":[[127.3768,35.192],[127.3751,35.1941]]}},{"type":"Feature","properties":{},"geometry":{"type":"LineString","coordinates":[[127.3751,35.1941],[127.374,35.1965],[127.3709,35.2074]]}},{"type":"Feature","properties":{},"geometry":{"type":"LineString","coordinates":[[127.3752,35.1941],[127.3768,35.192]]}},{"type":"Feature","properties":{},"geometry":{"type":"LineString","coordinates":[[127.371,35.2074],[127.3739,35.1967],[127.3752,35.1941]]}},{"type":"Feature","properties":{},"geometry":{"type":"LineString","coordinates":[[127.3709,35.2074],[127.3705,35.21]]}},{"type":"Feature","properties":{},"geometry":{"type":"LineString","coordinates":[[127.3705,35.21],[127.37,35.2162]]}},{"type":"Feature","properties":{},"geometry":{"type":"LineString","coordinates":[[127.3706,35.21],[127.371,35.2074]]}},{"type":"Feature","properties":{},"geometry":{"type":"LineString","coordinates":[[127.3699,35.2168],[127.37,35.2162]]}},{"type":"Feature","properties":{},"geometry":{"type":"LineString","coordinates":[[127.3698,35.2168],[127.3693,35.2183]]}},{"type":"Feature","properties":{},"geometry":{"type":"LineString","coordinates":[[127.37,35.2162],[127.3706,35.21]]}},{"type":"Feature","properties":{},"geometry":{"type":"LineString","coordinates":[[127.37,35.2162],[127.3698,35.2168]]}},{"type":"Feature","properties":{},"geometry":{"type":"LineString","coordinates":[[127.3693,35.2185],[127.3694,35.2183]]}},{"type":"Feature","properties":{},"geometry":{"type":"LineString","coordinates":[[127.3692,35.2185],[127.3676,35.2216]]}},{"type":"Feature","properties":{},"geometry":{"type":"LineString","coordinates":[[127.3694,35.2183],[127.3699,35.2168]]}},{"type":"Feature","properties":{},"geometry":{"type":"LineString","coordinates":[[127.3693,35.2183],[127.3692,35.2185]]}},{"type":"Feature","properties":{},"geometry":{"type":"LineString","coordinates":[[127.3661,35.2235],[127.3656,35.2242]]}},{"type":"Feature","properties":{},"geometry":{"type":"LineString","coordinates":[[127.3661,35.2235],[127.3676,35.2216]]}},{"type":"Feature","properties":{},"geometry":{"type":"LineString","coordinates":[[127.3676,35.2216],[127.3661,35.2235]]}},{"type":"Feature","properties":{},"geometry":{"type":"LineString","coordinates":[[127.3676,35.2216],[127.3693,35.2185]]}},{"type":"Feature","properties":{},"geometry":{"type":"LineString","coordinates":[[127.3656,35.2242],[127.3661,35.2235]]}},{"type":"Feature","properties":{},"geometry":{"type":"LineString","coordinates":[[127.3548,35.248],[127.3656,35.2242]]}},{"type":"Feature","properties":{},"geometry":{"type":"LineString","coordinates":[[127.3547,35.248],[127.3516,35.2522]]}},{"type":"Feature","properties":{},"geometry":{"type":"LineString","coordinates":[[127.3656,35.2242],[127.3547,35.248]]}},{"type":"Feature","properties":{},"geometry":{"type":"LineString","coordinates":[[127.3516,35.2522],[127.3511,35.2527]]}},{"type":"Feature","properties":{},"geometry":{"type":"LineString","coordinates":[[127.3516,35.2522],[127.3548,35.248]]}},{"type":"Feature","properties":{},"geometry":{"type":"LineString","coordinates":[[127.3511,35.2527],[127.3516,35.2522]]}},{"type":"Feature","properties":{},"geometry":{"type":"LineString","coordinates":[[127.3511,35.2527],[127.3489,35.2546]]}},{"type":"Feature","properties":{},"geometry":{"type":"LineString","coordinates":[[127.3489,35.2546],[127.3436,35.2578]]}},{"type":"Feature","properties":{},"geometry":{"type":"LineString","coordinates":[[127.3489,35.2547],[127.3511,35.2527]]}},{"type":"Feature","properties":{},"geometry":{"type":"LineString","coordinates":[[127.3436,35.2578],[127.3489,35.2547]]}},{"type":"Feature","properties":{},"geometry":{"type":"LineString","coordinates":[[127.3436,35.2578],[127.3425,35.2584]]}},{"type":"Feature","properties":{},"geometry":{"type":"LineString","coordinates":[[126.9615,35.9176],[126.9603,35.9184]]}},{"type":"Feature","properties":{},"geometry":{"type":"LineString","coordinates":[[126.9973,35.9033],[127.036,35.9074]]}},{"type":"Feature","properties":{},"geometry":{"type":"LineString","coordinates":[[126.9604,35.9184],[126.9616,35.9176]]}},{"type":"Feature","properties":{},"geometry":{"type":"LineString","coordinates":[[126.9603,35.9184],[126.96,35.9186]]}},{"type":"Feature","properties":{},"geometry":{"type":"LineString","coordinates":[[126.96,35.9186],[126.9546,35.9223]]}},{"type":"Feature","properties":{},"geometry":{"type":"LineString","coordinates":[[126.96,35.9186],[126.9604,35.9184]]}},{"type":"Feature","properties":{},"geometry":{"type":"LineString","coordinates":[[126.9513,35.9246],[126.9541,35.9227]]}},{"type":"Feature","properties":{},"geometry":{"type":"LineString","coordinates":[[127.1506,35.8663],[127.1463,35.8692],[127.1411,35.87]]}},{"type":"Feature","properties":{},"geometry":{"type":"LineString","coordinates":[[127.036,35.9073],[126.9971,35.9032]]}},{"type":"Feature","properties":{},"geometry":{"type":"LineString","coordinates":[[127.036,35.9074],[127.0578,35.9096]]}},{"type":"Feature","properties":{},"geometry":{"type":"LineString","coordinates":[[127.0579,35.9095],[127.036,35.9073]]}},{"type":"Feature","properties":{},"geometry":{"type":"LineString","coordinates":[[127.0594,35.9096],[127.0601,35.9095]]}},{"type":"Feature","properties":{},"geometry":{"type":"LineString","coordinates":[[127.0631,35.9077],[127.0659,35.9039]]}},{"type":"Feature","properties":{},"geometry":{"type":"LineString","coordinates":[[127.0601,35.9095],[127.0594,35.9096]]}},{"type":"Feature","properties":{},"geometry":{"type":"LineString","coordinates":[[127.0686,35.9002],[127.0663,35.9033]]}},{"type":"Feature","properties":{},"geometry":{"type":"LineString","coordinates":[[127.0687,35.9002],[127.0691,35.8996]]}},{"type":"Feature","properties":{},"geometry":{"type":"LineString","coordinates":[[127.0691,35.8995],[127.0686,35.9002]]}},{"type":"Feature","properties":{},"geometry":{"type":"LineString","coordinates":[[127.0691,35.8996],[127.0724,35.8939]]}},{"type":"Feature","properties":{},"geometry":{"type":"LineString","coordinates":[[127.0724,35.8939],[127.0728,35.8925]]}},{"type":"Feature","properties":{},"geometry":{"type":"LineString","coordinates":[[127.0723,35.8939],[127.0691,35.8995]]}},{"type":"Feature","properties":{},"geometry":{"type":"LineString","coordinates":[[127.0728,35.8925],[127.0729,35.8914]]}},{"type":"Feature","properties":{},"geometry":{"type":"LineString","coordinates":[[127.0727,35.8925],[127.0723,35.8939]]}},{"type":"Feature","properties":{},"geometry":{"type":"LineString","coordinates":[[127.0729,35.8914],[127.0731,35.89]]}},{"type":"Feature","properties":{},"geometry":{"type":"LineString","coordinates":[[127.0729,35.8914],[127.0727,35.8925]]}},{"type":"Feature","properties":{},"geometry":{"type":"LineString","coordinates":[[127.073,35.89],[127.0729,35.8914]]}},{"type":"Feature","properties":{},"geometry":{"type":"LineString","coordinates":[[127.0731,35.89],[127.0731,35.8897]]}},{"type":"Feature","properties":{},"geometry":{"type":"LineString","coordinates":[[127.0731,35.8897],[127.0732,35.8875]]}},{"type":"Feature","properties":{},"geometry":{"type":"LineString","coordinates":[[127.073,35.8897],[127.073,35.89]]}},{"type":"Feature","properties":{},"geometry":{"type":"LineString","coordinates":[[127.0732,35.8875],[127.073,35.8897]]}},{"type":"Feature","properties":{},"geometry":{"type":"LineString","coordinates":[[127.0732,35.8875],[127.0732,35.8872]]}},{"type":"Feature","properties":{},"geometry":{"type":"LineString","coordinates":[[127.0732,35.8873],[127.0732,35.8875]]}},{"type":"Feature","properties":{},"geometry":{"type":"LineString","coordinates":[[127.0732,35.8872],[127.0736,35.8855]]}},{"type":"Feature","properties":{},"geometry":{"type":"LineString","coordinates":[[127.0736,35.8855],[127.0732,35.8873]]}},{"type":"Feature","properties":{},"geometry":{"type":"LineString","coordinates":[[127.0736,35.8855],[127.0738,35.885]]}},{"type":"Feature","properties":{},"geometry":{"type":"LineString","coordinates":[[127.0738,35.885],[127.0736,35.8855]]}},{"type":"Feature","properties":{},"geometry":{"type":"LineString","coordinates":[[127.0806,35.8786],[127.0979,35.8716]]}},{"type":"Feature","properties":{},"geometry":{"type":"LineString","coordinates":[[127.5852,34.8687],[127.5892,34.8654]]}},{"type":"Feature","properties":{},"geometry":{"type":"LineString","coordinates":[[127.5813,34.8714],[127.5711,34.879]]}},{"type":"Feature","properties":{},"geometry":{"type":"LineString","coordinates":[[127.6164,34.8297],[127.6199,34.8228],[127.6249,34.8161]]}},{"type":"Feature","properties":{},"geometry":{"type":"LineString","coordinates":[[127.5891,34.8654],[127.5851,34.8686]]}},{"type":"Feature","properties":{},"geometry":{"type":"LineString","coordinates":[[127.0979,35.8716],[127.0806,35.8786]]}},{"type":"Feature","properties":{},"geometry":{"type":"LineString","coordinates":[[127.0979,35.8716],[127.0984,35.8715]]}},{"type":"Feature","properties":{},"geometry":{"type":"LineString","coordinates":[[127.0984,35.8715],[127.1007,35.871]]}},{"type":"Feature","properties":{},"geometry":{"type":"LineString","coordinates":[[127.0984,35.8714],[127.0979,35.8716]]}},{"type":"Feature","properties":{},"geometry":{"type":"LineString","coordinates":[[127.1006,35.8709],[127.0984,35.8714]]}},{"type":"Feature","properties":{},"geometry":{"type":"LineString","coordinates":[[127.1007,35.871],[127.1009,35.8709]]}},{"type":"Feature","properties":{},"geometry":{"type":"LineString","coordinates":[[127.1009,35.8709],[127.1006,35.8709]]}},{"type":"Feature","properties":{},"geometry":{"type":"LineString","coordinates":[[127.1009,35.8709],[127.1014,35.8709]]}},{"type":"Feature","properties":{},"geometry":{"type":"LineString","coordinates":[[127.1014,35.8709],[127.1057,35.8707]]}},{"type":"Feature","properties":{},"geometry":{"type":"LineString","coordinates":[[127.1014,35.8708],[127.1009,35.8709]]}},{"type":"Feature","properties":{},"geometry":{"type":"LineString","coordinates":[[127.1057,35.8706],[127.1014,35.8708]]}},{"type":"Feature","properties":{},"geometry":{"type":"LineString","coordinates":[[127.1057,35.8707],[127.1077,35.8706]]}},{"type":"Feature","properties":{},"geometry":{"type":"LineString","coordinates":[[127.1083,35.8706],[127.1102,35.8706]]}},{"type":"Feature","properties":{},"geometry":{"type":"LineString","coordinates":[[127.1077,35.8706],[127.1083,35.8706]]}},{"type":"Feature","properties":{},"geometry":{"type":"LineString","coordinates":[[127.1083,35.8706],[127.1077,35.8706]]}},{"type":"Feature","properties":{},"geometry":{"type":"LineString","coordinates":[[127.1077,35.8706],[127.1057,35.8706]]}},{"type":"Feature","properties":{},"geometry":{"type":"LineString","coordinates":[[127.1102,35.8706],[127.1106,35.8706]]}},{"type":"Feature","properties":{},"geometry":{"type":"LineString","coordinates":[[127.1102,35.8706],[127.1083,35.8706]]}},{"type":"Feature","properties":{},"geometry":{"type":"LineString","coordinates":[[127.1106,35.8706],[127.1102,35.8706]]}},{"type":"Feature","properties":{},"geometry":{"type":"LineString","coordinates":[[127.1106,35.8706],[127.1217,35.8705]]}},{"type":"Feature","properties":{},"geometry":{"type":"LineString","coordinates":[[127.1217,35.8705],[127.1106,35.8706]]}},{"type":"Feature","properties":{},"geometry":{"type":"LineString","coordinates":[[127.1217,35.8705],[127.1362,35.87]]}},{"type":"Feature","properties":{},"geometry":{"type":"LineString","coordinates":[[127.1693,35.8406],[127.1669,35.8434]]}},{"type":"Feature","properties":{},"geometry":{"type":"LineString","coordinates":[[127.1697,35.8402],[127.1693,35.8406]]}},{"type":"Feature","properties":{},"geometry":{"type":"LineString","coordinates":[[127.1749,35.8327],[127.1751,35.8323]]}},{"type":"Feature","properties":{},"geometry":{"type":"LineString","coordinates":[[127.1751,35.8323],[127.1756,35.8314]]}},{"type":"Feature","properties":{},"geometry":{"type":"LineString","coordinates":[[127.1751,35.8323],[127.1749,35.8326]]}},{"type":"Feature","properties":{},"geometry":{"type":"LineString","coordinates":[[127.1749,35.8326],[127.1727,35.8367],[127.1697,35.8402]]}},{"type":"Feature","properties":{},"geometry":{"type":"LineString","coordinates":[[127.1755,35.8314],[127.1751,35.8323]]}},{"type":"Feature","properties":{},"geometry":{"type":"LineString","coordinates":[[127.1756,35.8314],[127.1758,35.8311]]}},{"type":"Feature","properties":{},"geometry":{"type":"LineString","coordinates":[[127.1757,35.8311],[127.1755,35.8314]]}},{"type":"Feature","properties":{},"geometry":{"type":"LineString","coordinates":[[127.1758,35.8311],[127.1794,35.8243]]}},{"type":"Feature","properties":{},"geometry":{"type":"LineString","coordinates":[[127.1794,35.8243],[127.1803,35.8227]]}},{"type":"Feature","properties":{},"geometry":{"type":"LineString","coordinates":[[127.1793,35.8243],[127.1757,35.8311]]}},{"type":"Feature","properties":{},"geometry":{"type":"LineString","coordinates":[[127.1802,35.8227],[127.1793,35.8243]]}},{"type":"Feature","properties":{},"geometry":{"type":"LineString","coordinates":[[127.1803,35.8227],[127.181,35.8215]]}},{"type":"Feature","properties":{},"geometry":{"type":"LineString","coordinates":[[127.181,35.8215],[127.1818,35.8198]]}},{"type":"Feature","properties":{},"geometry":{"type":"LineString","coordinates":[[127.1809,35.8214],[127.1802,35.8227]]}},{"type":"Feature","properties":{},"geometry":{"type":"LineString","coordinates":[[127.1818,35.8198],[127.1809,35.8214]]}},{"type":"Feature","properties":{},"geometry":{"type":"LineString","coordinates":[[127.1818,35.8198],[127.1836,35.8165]]}},{"type":"Feature","properties":{},"geometry":{"type":"LineString","coordinates":[[127.1913,35.8035],[127.1926,35.8013]]}},{"type":"Feature","properties":{},"geometry":{"type":"LineString","coordinates":[[127.1913,35.8034],[127.1852,35.8137]]}},{"type":"Feature","properties":{},"geometry":{"type":"LineString","coordinates":[[127.1852,35.8137],[127.184,35.8158]]}},{"type":"Feature","properties":{},"geometry":{"type":"LineString","coordinates":[[127.1852,35.8137],[127.1913,35.8035]]}},{"type":"Feature","properties":{},"geometry":{"type":"LineString","coordinates":[[127.1955,35.796],[127.1965,35.7943]]}},{"type":"Feature","properties":{},"geometry":{"type":"LineString","coordinates":[[127.1955,35.796],[127.1928,35.8008]]}},{"type":"Feature","properties":{},"geometry":{"type":"LineString","coordinates":[[127.1965,35.7943],[127.199,35.7888]]}},{"type":"Feature","properties":{},"geometry":{"type":"LineString","coordinates":[[127.1964,35.7942],[127.1955,35.796]]}},{"type":"Feature","properties":{},"geometry":{"type":"LineString","coordinates":[[127.1927,35.801],[127.1955,35.796]]}},{"type":"Feature","properties":{},"geometry":{"type":"LineString","coordinates":[[127.1928,35.8008],[127.1925,35.8013]]}},{"type":"Feature","properties":{},"geometry":{"type":"LineString","coordinates":[[127.1925,35.8013],[127.1913,35.8034]]}},{"type":"Feature","properties":{},"geometry":{"type":"LineString","coordinates":[[127.1926,35.8013],[127.1927,35.801]]}},{"type":"Feature","properties":{},"geometry":{"type":"LineString","coordinates":[[127.1999,35.7869],[127.2002,35.7861]]}},{"type":"Feature","properties":{},"geometry":{"type":"LineString","coordinates":[[127.2,35.7866],[127.1991,35.7885]]}},{"type":"Feature","properties":{},"geometry":{"type":"LineString","coordinates":[[127.199,35.7888],[127.1999,35.7869]]}},{"type":"Feature","properties":{},"geometry":{"type":"LineString","coordinates":[[127.1991,35.7885],[127.1964,35.7942]]}},{"type":"Feature","properties":{},"geometry":{"type":"LineString","coordinates":[[127.2002,35.7861],[127.2,35.7866]]}},{"type":"Feature","properties":{},"geometry":{"type":"LineString","coordinates":[[127.2002,35.7861],[127.2005,35.7855]]}},{"type":"Feature","properties":{},"geometry":{"type":"LineString","coordinates":[[127.2005,35.7853],[127.2002,35.7861]]}},{"type":"Feature","properties":{},"geometry":{"type":"LineString","coordinates":[[127.203,35.7804],[127.2052,35.7757],[127.2104,35.7687]]}},{"type":"Feature","properties":{},"geometry":{"type":"LineString","coordinates":[[127.2138,35.7661],[127.2145,35.7657]]}},{"type":"Feature","properties":{},"geometry":{"type":"LineString","coordinates":[[127.2103,35.7687],[127.2052,35.7756],[127.2029,35.7804]]}},{"type":"Feature","properties":{},"geometry":{"type":"LineString","coordinates":[[127.2145,35.7657],[127.217,35.7631],[127.2178,35.7599]]}},{"type":"Feature","properties":{},"geometry":{"type":"LineString","coordinates":[[127.2145,35.7656],[127.2138,35.7661]]}},{"type":"Feature","properties":{},"geometry":{"type":"LineString","coordinates":[[127.2185,35.7554],[127.2184,35.7559]]}},{"type":"Feature","properties":{},"geometry":{"type":"LineString","coordinates":[[127.2177,35.7608],[127.2167,35.7634],[127.2145,35.7656]]}},{"type":"Feature","properties":{},"geometry":{"type":"LineString","coordinates":[[127.2185,35.7554],[127.2198,35.7517]]}},{"type":"Feature","properties":{},"geometry":{"type":"LineString","coordinates":[[127.2184,35.756],[127.2185,35.7554]]}},{"type":"Feature","properties":{},"geometry":{"type":"LineString","coordinates":[[127.2197,35.7516],[127.2185,35.7554]]}},{"type":"Feature","properties":{},"geometry":{"type":"LineString","coordinates":[[127.2198,35.7517],[127.2204,35.75]]}},{"type":"Feature","properties":{},"geometry":{"type":"LineString","coordinates":[[127.2204,35.7499],[127.2204,35.75]]}},{"type":"Feature","properties":{},"geometry":{"type":"LineString","coordinates":[[127.2204,35.75],[127.2197,35.7516]]}},{"type":"Feature","properties":{},"geometry":{"type":"LineString","coordinates":[[127.2204,35.75],[127.2204,35.7499]]}},{"type":"Feature","properties":{},"geometry":{"type":"LineString","coordinates":[[127.2204,35.7499],[127.2206,35.7496]]}},{"type":"Feature","properties":{},"geometry":{"type":"LineString","coordinates":[[127.2212,35.7479],[127.2211,35.7481]]}},{"type":"Feature","properties":{},"geometry":{"type":"LineString","coordinates":[[127.2211,35.7481],[127.2205,35.7496]]}},{"type":"Feature","properties":{},"geometry":{"type":"LineString","coordinates":[[127.2212,35.7481],[127.2212,35.7479]]}},{"type":"Feature","properties":{},"geometry":{"type":"LineString","coordinates":[[127.2212,35.7479],[127.2228,35.744]]}},{"type":"Feature","properties":{},"geometry":{"type":"LineString","coordinates":[[127.2205,35.7496],[127.2204,35.7499]]}},{"type":"Feature","properties":{},"geometry":{"type":"LineString","coordinates":[[127.2206,35.7496],[127.2212,35.7481]]}},{"type":"Feature","properties":{},"geometry":{"type":"LineString","coordinates":[[127.2227,35.7439],[127.2212,35.7479]]}},{"type":"Feature","properties":{},"geometry":{"type":"LineString","coordinates":[[127.2228,35.744],[127.2236,35.7419]]}},{"type":"Feature","properties":{},"geometry":{"type":"LineString","coordinates":[[127.2236,35.7419],[127.2227,35.7439]]}},{"type":"Feature","properties":{},"geometry":{"type":"LineString","coordinates":[[127.2236,35.7419],[127.2238,35.7415]]}},{"type":"Feature","properties":{},"geometry":{"type":"LineString","coordinates":[[127.2238,35.7415],[127.2236,35.7419]]}},{"type":"Feature","properties":{},"geometry":{"type":"LineString","coordinates":[[127.2238,35.7415],[127.2288,35.7333]]}},{"type":"Feature","properties":{},"geometry":{"type":"LineString","coordinates":[[127.2288,35.7333],[127.2238,35.7415]]}},{"type":"Feature","properties":{},"geometry":{"type":"LineString","coordinates":[[127.2288,35.7333],[127.2296,35.7319]]}},{"type":"Feature","properties":{},"geometry":{"type":"LineString","coordinates":[[127.2312,35.7293],[127.2319,35.7281]]}},{"type":"Feature","properties":{},"geometry":{"type":"LineString","coordinates":[[127.2312,35.7293],[127.2296,35.7319]]}},{"type":"Feature","properties":{},"geometry":{"type":"LineString","coordinates":[[127.2296,35.7319],[127.2288,35.7333]]}},{"type":"Feature","properties":{},"geometry":{"type":"LineString","coordinates":[[127.2296,35.7319],[127.2312,35.7293]]}},{"type":"Feature","properties":{},"geometry":{"type":"LineString","coordinates":[[127.2318,35.7282],[127.2312,35.7293]]}},{"type":"Feature","properties":{},"geometry":{"type":"LineString","coordinates":[[127.2319,35.7281],[127.2325,35.7272]]}},{"type":"Feature","properties":{},"geometry":{"type":"LineString","coordinates":[[127.2325,35.7272],[127.2339,35.7248]]}},{"type":"Feature","properties":{},"geometry":{"type":"LineString","coordinates":[[127.2324,35.7273],[127.2318,35.7282]]}},{"type":"Feature","properties":{},"geometry":{"type":"LineString","coordinates":[[127.2343,35.7241],[127.2351,35.7228]]}},{"type":"Feature","properties":{},"geometry":{"type":"LineString","coordinates":[[127.2343,35.724],[127.2339,35.7247]]}},{"type":"Feature","properties":{},"geometry":{"type":"LineString","coordinates":[[127.2339,35.7248],[127.2343,35.7241]]}},{"type":"Feature","properties":{},"geometry":{"type":"LineString","coordinates":[[127.2339,35.7247],[127.2324,35.7273]]}},{"type":"Feature","properties":{},"geometry":{"type":"LineString","coordinates":[[127.3425,35.2584],[127.3436,35.2578]]}},{"type":"Feature","properties":{},"geometry":{"type":"LineString","coordinates":[[127.3425,35.2584],[127.3275,35.2658]]}},{"type":"Feature","properties":{},"geometry":{"type":"LineString","coordinates":[[127.3275,35.2658],[127.3207,35.2707]]}},{"type":"Feature","properties":{},"geometry":{"type":"LineString","coordinates":[[127.3276,35.2659],[127.3425,35.2584]]}},{"type":"Feature","properties":{},"geometry":{"type":"LineString","coordinates":[[127.3132,35.2766],[127.3051,35.2829]]}},{"type":"Feature","properties":{},"geometry":{"type":"LineString","coordinates":[[127.3198,35.2715],[127.3208,35.2707]]}},{"type":"Feature","properties":{},"geometry":{"type":"LineString","coordinates":[[127.3033,35.2844],[127.3027,35.2848]]}},{"type":"Feature","properties":{},"geometry":{"type":"LineString","coordinates":[[127.3052,35.2829],[127.3132,35.2766]]}},{"type":"Feature","properties":{},"geometry":{"type":"LineString","coordinates":[[127.3027,35.2848],[127.3008,35.2863]]}},{"type":"Feature","properties":{},"geometry":{"type":"LineString","coordinates":[[127.3028,35.2848],[127.3033,35.2844]]}},{"type":"Feature","properties":{},"geometry":{"type":"LineString","coordinates":[[127.3008,35.2863],[127.3,35.2869]]}},{"type":"Feature","properties":{},"geometry":{"type":"LineString","coordinates":[[127.3009,35.2863],[127.3028,35.2848]]}},{"type":"Feature","properties":{},"geometry":{"type":"LineString","coordinates":[[127.3001,35.2869],[127.3009,35.2863]]}},{"type":"Feature","properties":{},"geometry":{"type":"LineString","coordinates":[[127.3,35.2869],[127.2955,35.2909],[127.289,35.299]]}},{"type":"Feature","properties":{},"geometry":{"type":"LineString","coordinates":[[127.2867,35.3041],[127.2862,35.3061]]}},{"type":"Feature","properties":{},"geometry":{"type":"LineString","coordinates":[[127.2868,35.3041],[127.2889,35.2992]]}},{"type":"Feature","properties":{},"geometry":{"type":"LineString","coordinates":[[127.2861,35.3075],[127.2861,35.3077]]}},{"type":"Feature","properties":{},"geometry":{"type":"LineString","coordinates":[[127.2862,35.3075],[127.2863,35.3061]]}},{"type":"Feature","properties":{},"geometry":{"type":"LineString","coordinates":[[127.2861,35.3082],[127.2862,35.3077]]}},{"type":"Feature","properties":{},"geometry":{"type":"LineString","coordinates":[[127.2861,35.3082],[127.2861,35.3091]]}},{"type":"Feature","properties":{},"geometry":{"type":"LineString","coordinates":[[127.2861,35.3091],[127.2861,35.3082]]}},{"type":"Feature","properties":{},"geometry":{"type":"LineString","coordinates":[[127.2861,35.3091],[127.2861,35.3096]]}},{"type":"Feature","properties":{},"geometry":{"type":"LineString","coordinates":[[127.2862,35.3096],[127.2861,35.3091]]}},{"type":"Feature","properties":{},"geometry":{"type":"LineString","coordinates":[[127.2861,35.3096],[127.2863,35.3118]]}},{"type":"Feature","properties":{},"geometry":{"type":"LineString","coordinates":[[127.2863,35.3118],[127.2863,35.312]]}},{"type":"Feature","properties":{},"geometry":{"type":"LineString","coordinates":[[127.2863,35.3118],[127.2862,35.3096]]}},{"type":"Feature","properties":{},"geometry":{"type":"LineString","coordinates":[[127.2869,35.3152],[127.287,35.316]]}},{"type":"Feature","properties":{},"geometry":{"type":"LineString","coordinates":[[127.2869,35.3152],[127.2864,35.312]]}},{"type":"Feature","properties":{},"geometry":{"type":"LineString","coordinates":[[127.2864,35.312],[127.2863,35.3118]]}},{"type":"Feature","properties":{},"geometry":{"type":"LineString","coordinates":[[127.2863,35.312],[127.2869,35.3152]]}},{"type":"Feature","properties":{},"geometry":{"type":"LineString","coordinates":[[127.287,35.316],[127.2871,35.3161]]}},{"type":"Feature","properties":{},"geometry":{"type":"LineString","coordinates":[[127.2871,35.316],[127.2869,35.3152]]}},{"type":"Feature","properties":{},"geometry":{"type":"LineString","coordinates":[[127.2889,35.3252],[127.2928,35.3438]]}},{"type":"Feature","properties":{},"geometry":{"type":"LineString","coordinates":[[127.2871,35.3161],[127.2871,35.316]]}},{"type":"Feature","properties":{},"geometry":{"type":"LineString","coordinates":[[126.966,37.5309],[126.9631,37.5288]]}},{"type":"Feature","properties":{},"geometry":{"type":"LineString","coordinates":[[126.9711,37.5582],[126.9711,37.5592]]}},{"type":"Feature","properties":{},"geometry":{"type":"LineString","coordinates":[[126.9705,37.5562],[126.9705,37.5538]]}},{"type":"Feature","properties":{},"geometry":{"type":"LineString","coordinates":[[126.9705,37.5538],[126.9704,37.5562]]}},{"type":"Feature","properties":{},"geometry":{"type":"LineString","coordinates":[[126.9712,37.5538],[126.9712,37.5524]]}},{"type":"Feature","properties":{},"geometry":{"type":"LineString","coordinates":[[127.3038,35.3682],[127.3074,35.3705]]}},{"type":"Feature","properties":{},"geometry":{"type":"LineString","coordinates":[[127.3038,35.3681],[127.2999,35.3646],[127.2976,35.3604]]}},{"type":"Feature","properties":{},"geometry":{"type":"LineString","coordinates":[[129.3465,35.5249],[129.3476,35.5268]]}},{"type":"Feature","properties":{},"geometry":{"type":"LineString","coordinates":[[128.6611,35.2686],[128.6868,35.2573],[128.6908,35.2547],[128.6951,35.2504]]}},{"type":"Feature","properties":{},"geometry":{"type":"LineString","coordinates":[[128.8169,35.3788],[128.8152,35.3696]]}},{"type":"Feature","properties":{},"geometry":{"type":"LineString","coordinates":[[128.8151,35.3696],[128.8168,35.3786]]}},{"type":"Feature","properties":{},"geometry":{"type":"LineString","coordinates":[[128.8152,35.3696],[128.815,35.3686]]}},{"type":"Feature","properties":{},"geometry":{"type":"LineString","coordinates":[[128.8149,35.3686],[128.8151,35.3696]]}},{"type":"Feature","properties":{},"geometry":{"type":"LineString","coordinates":[[128.815,35.3686],[128.8141,35.3631]]}},{"type":"Feature","properties":{},"geometry":{"type":"LineString","coordinates":[[128.8141,35.3631],[128.8149,35.3686]]}},{"type":"Feature","properties":{},"geometry":{"type":"LineString","coordinates":[[128.8141,35.3631],[128.814,35.3625]]}},{"type":"Feature","properties":{},"geometry":{"type":"LineString","coordinates":[[128.814,35.3625],[128.8136,35.3602]]}},{"type":"Feature","properties":{},"geometry":{"type":"LineString","coordinates":[[128.8139,35.3625],[128.8141,35.3631]]}},{"type":"Feature","properties":{},"geometry":{"type":"LineString","coordinates":[[128.8136,35.3602],[128.8134,35.3589]]}},{"type":"Feature","properties":{},"geometry":{"type":"LineString","coordinates":[[128.8135,35.3602],[128.8139,35.3625]]}},{"type":"Feature","properties":{},"geometry":{"type":"LineString","coordinates":[[128.8112,35.3489],[128.8133,35.3589]]}},{"type":"Feature","properties":{},"geometry":{"type":"LineString","coordinates":[[128.8113,35.3489],[128.8096,35.3435]]}},{"type":"Feature","properties":{},"geometry":{"type":"LineString","coordinates":[[128.8134,35.3589],[128.8113,35.3489]]}},{"type":"Feature","properties":{},"geometry":{"type":"LineString","coordinates":[[128.8133,35.3589],[128.8135,35.3602]]}},{"type":"Feature","properties":{},"geometry":{"type":"LineString","coordinates":[[128.8095,35.3435],[128.8112,35.3489]]}},{"type":"Feature","properties":{},"geometry":{"type":"LineString","coordinates":[[128.8096,35.3435],[128.8091,35.3416]]}},{"type":"Feature","properties":{},"geometry":{"type":"LineString","coordinates":[[128.809,35.3416],[128.8095,35.3435]]}},{"type":"Feature","properties":{},"geometry":{"type":"LineString","coordinates":[[128.8091,35.3416],[128.8076,35.3363]]}},{"type":"Feature","properties":{},"geometry":{"type":"LineString","coordinates":[[128.8029,35.3185],[128.8059,35.3304]]}},{"type":"Feature","properties":{},"geometry":{"type":"LineString","coordinates":[[128.803,35.3185],[128.8016,35.3161],[128.7991,35.3146]]}},{"type":"Feature","properties":{},"geometry":{"type":"LineString","coordinates":[[128.7991,35.3146],[128.8014,35.316],[128.8029,35.3185]]}},{"type":"Feature","properties":{},"geometry":{"type":"LineString","coordinates":[[128.7991,35.3146],[128.7882,35.3139]]}},{"type":"Feature","properties":{},"geometry":{"type":"LineString","coordinates":[[128.7882,35.314],[128.7991,35.3146]]}},{"type":"Feature","properties":{},"geometry":{"type":"LineString","coordinates":[[128.7877,35.3138],[128.7882,35.314]]}},{"type":"Feature","properties":{},"geometry":{"type":"LineString","coordinates":[[128.7882,35.3139],[128.7877,35.3138]]}},{"type":"Feature","properties":{},"geometry":{"type":"LineString","coordinates":[[128.7877,35.3138],[128.7826,35.3109],[128.7799,35.3085]]}},{"type":"Feature","properties":{},"geometry":{"type":"LineString","coordinates":[[128.8075,35.3358],[128.8071,35.3345]]}},{"type":"Feature","properties":{},"geometry":{"type":"LineString","coordinates":[[128.8074,35.3359],[128.8075,35.3363]]}},{"type":"Feature","properties":{},"geometry":{"type":"LineString","coordinates":[[128.8075,35.3363],[128.809,35.3416]]}},{"type":"Feature","properties":{},"geometry":{"type":"LineString","coordinates":[[128.8076,35.3363],[128.8075,35.3358]]}},{"type":"Feature","properties":{},"geometry":{"type":"LineString","coordinates":[[128.8071,35.3345],[128.807,35.3341]]}},{"type":"Feature","properties":{},"geometry":{"type":"LineString","coordinates":[[128.807,35.3345],[128.8074,35.3359]]}},{"type":"Feature","properties":{},"geometry":{"type":"LineString","coordinates":[[128.807,35.3341],[128.8061,35.3308]]}},{"type":"Feature","properties":{},"geometry":{"type":"LineString","coordinates":[[128.8069,35.3341],[128.807,35.3345]]}},{"type":"Feature","properties":{},"geometry":{"type":"LineString","coordinates":[[128.806,35.3308],[128.8069,35.3341]]}},{"type":"Feature","properties":{},"geometry":{"type":"LineString","coordinates":[[128.8061,35.3308],[128.806,35.3304]]}},{"type":"Feature","properties":{},"geometry":{"type":"LineString","coordinates":[[128.806,35.3304],[128.803,35.3185]]}},{"type":"Feature","properties":{},"geometry":{"type":"LineString","coordinates":[[128.8059,35.3304],[128.806,35.3308]]}},{"type":"Feature","properties":{},"geometry":{"type":"LineString","coordinates":[[128.7799,35.3085],[128.7771,35.3042]]}},{"type":"Feature","properties":{},"geometry":{"type":"LineString","coordinates":[[128.7799,35.3085],[128.7818,35.3104],[128.7877,35.3138]]}},{"type":"Feature","properties":{},"geometry":{"type":"LineString","coordinates":[[128.5266,35.2452],[128.5541,35.2283],[128.5574,35.2271],[128.5613,35.2267],[128.5673,35.2282]]}},{"type":"Feature","properties":{},"geometry":{"type":"LineString","coordinates":[[128.5146,35.2525],[128.516,35.2517]]}},{"type":"Feature","properties":{},"geometry":{"type":"LineString","coordinates":[[128.5146,35.2525],[128.5126,35.2533]]}},{"type":"Feature","properties":{},"geometry":{"type":"LineString","coordinates":[[128.516,35.2517],[128.5166,35.2513]]}},{"type":"Feature","properties":{},"geometry":{"type":"LineString","coordinates":[[128.516,35.2517],[128.5146,35.2525]]}},{"type":"Feature","properties":{},"geometry":{"type":"LineString","coordinates":[[128.4206,35.2493],[128.4313,35.2494]]}},{"type":"Feature","properties":{},"geometry":{"type":"LineString","coordinates":[[128.4206,35.2492],[128.4178,35.2492]]}},{"type":"Feature","properties":{},"geometry":{"type":"LineString","coordinates":[[128.4145,35.2494],[128.4161,35.2493]]}},{"type":"Feature","properties":{},"geometry":{"type":"LineString","coordinates":[[128.4145,35.2494],[128.4135,35.2495]]}},{"type":"Feature","properties":{},"geometry":{"type":"LineString","coordinates":[[128.4135,35.2495],[128.4145,35.2494]]}},{"type":"Feature","properties":{},"geometry":{"type":"LineString","coordinates":[[128.4135,35.2495],[128.4128,35.2496]]}},{"type":"Feature","properties":{},"geometry":{"type":"LineString","coordinates":[[128.4178,35.2492],[128.4206,35.2493]]}},{"type":"Feature","properties":{},"geometry":{"type":"LineString","coordinates":[[128.4161,35.2492],[128.4145,35.2494]]}},{"type":"Feature","properties":{},"geometry":{"type":"LineString","coordinates":[[128.4128,35.2496],[128.4135,35.2495]]}},{"type":"Feature","properties":{},"geometry":{"type":"LineString","coordinates":[[128.4128,35.2496],[128.4118,35.2498]]}},{"type":"Feature","properties":{},"geometry":{"type":"LineString","coordinates":[[128.4118,35.2498],[128.4128,35.2496]]}},{"type":"Feature","properties":{},"geometry":{"type":"LineString","coordinates":[[128.4118,35.2498],[128.4095,35.2504]]}},{"type":"Feature","properties":{},"geometry":{"type":"LineString","coordinates":[[128.4095,35.2504],[128.4118,35.2498]]}},{"type":"Feature","properties":{},"geometry":{"type":"LineString","coordinates":[[128.4095,35.2504],[128.4082,35.2508]]}},{"type":"Feature","properties":{},"geometry":{"type":"LineString","coordinates":[[128.4082,35.2508],[128.4071,35.2511]]}},{"type":"Feature","properties":{},"geometry":{"type":"LineString","coordinates":[[128.4082,35.2508],[128.4095,35.2504]]}},{"type":"Feature","properties":{},"geometry":{"type":"LineString","coordinates":[[128.4071,35.2511],[128.389,35.2567]]}},{"type":"Feature","properties":{},"geometry":{"type":"LineString","coordinates":[[128.4072,35.2512],[128.4082,35.2508]]}},{"type":"Feature","properties":{},"geometry":{"type":"LineString","coordinates":[[128.7771,35.3042],[128.776,35.3025]]}},{"type":"Feature","properties":{},"geometry":{"type":"LineString","coordinates":[[128.777,35.3042],[128.7799,35.3085]]}},{"type":"Feature","properties":{},"geometry":{"type":"LineString","coordinates":[[128.7714,35.2954],[128.7646,35.2847],[128.7639,35.2803]]}},{"type":"Feature","properties":{},"geometry":{"type":"LineString","coordinates":[[128.7713,35.2954],[128.7718,35.2961]]}},{"type":"Feature","properties":{},"geometry":{"type":"LineString","coordinates":[[128.7639,35.2803],[128.7651,35.2768]]}},{"type":"Feature","properties":{},"geometry":{"type":"LineString","coordinates":[[128.7639,35.2803],[128.7645,35.2846],[128.7713,35.2954]]}},{"type":"Feature","properties":{},"geometry":{"type":"LineString","coordinates":[[128.765,35.2768],[128.7639,35.2803]]}},{"type":"Feature","properties":{},"geometry":{"type":"LineString","coordinates":[[128.7651,35.2768],[128.7656,35.2745],[128.7653,35.2721]]}},{"type":"Feature","properties":{},"geometry":{"type":"LineString","coordinates":[[128.7653,35.2721],[128.7656,35.2743],[128.765,35.2768]]}},{"type":"Feature","properties":{},"geometry":{"type":"LineString","coordinates":[[128.7653,35.2721],[128.7651,35.2716]]}},{"type":"Feature","properties":{},"geometry":{"type":"LineString","coordinates":[[128.7651,35.2716],[128.765,35.2712]]}},{"type":"Feature","properties":{},"geometry":{"type":"LineString","coordinates":[[128.7651,35.2716],[128.7653,35.2721]]}},{"type":"Feature","properties":{},"geometry":{"type":"LineString","coordinates":[[128.7649,35.2712],[128.7651,35.2716]]}},{"type":"Feature","properties":{},"geometry":{"type":"LineString","coordinates":[[128.7607,35.262],[128.7586,35.2568]]}},{"type":"Feature","properties":{},"geometry":{"type":"LineString","coordinates":[[128.7586,35.2568],[128.7606,35.262]]}},{"type":"Feature","properties":{},"geometry":{"type":"LineString","coordinates":[[128.7609,35.2443],[128.7635,35.2367],[128.7602,35.2299]]}},{"type":"Feature","properties":{},"geometry":{"type":"LineString","coordinates":[[128.7602,35.2299],[128.7582,35.2278],[128.7556,35.2268]]}},{"type":"Feature","properties":{},"geometry":{"type":"LineString","coordinates":[[128.7601,35.2299],[128.7635,35.2366],[128.7609,35.244]]}},{"type":"Feature","properties":{},"geometry":{"type":"LineString","coordinates":[[128.7424,35.2285],[128.7147,35.2331],[128.7091,35.2355],[128.7046,35.2389]]}},{"type":"Feature","properties":{},"geometry":{"type":"LineString","coordinates":[[128.7555,35.2268],[128.7581,35.2278],[128.7601,35.2299]]}},{"type":"Feature","properties":{},"geometry":{"type":"LineString","coordinates":[[128.7047,35.2389],[128.7091,35.2356],[128.7145,35.2332],[128.7425,35.2285]]}},{"type":"Feature","properties":{},"geometry":{"type":"LineString","coordinates":[[128.7046,35.2389],[128.695,35.2504]]}},{"type":"Feature","properties":{},"geometry":{"type":"LineString","coordinates":[[128.695,35.2504],[128.6907,35.2546],[128.6866,35.2572],[128.661,35.2686]]}},{"type":"Feature","properties":{},"geometry":{"type":"LineString","coordinates":[[128.6951,35.2504],[128.7047,35.2389]]}},{"type":"Feature","properties":{},"geometry":{"type":"LineString","coordinates":[[128.6334,35.2709],[128.6447,35.2715]]}},{"type":"Feature","properties":{},"geometry":{"type":"LineString","coordinates":[[128.6258,35.2703],[128.6222,35.2692],[128.6188,35.2668]]}},{"type":"Feature","properties":{},"geometry":{"type":"LineString","coordinates":[[128.616,35.2651],[128.6188,35.2668]]}},{"type":"Feature","properties":{},"geometry":{"type":"LineString","coordinates":[[128.616,35.2651],[128.613,35.2635],[128.6023,35.2539]]}},{"type":"Feature","properties":{},"geometry":{"type":"LineString","coordinates":[[128.6188,35.2668],[128.616,35.2651]]}},{"type":"Feature","properties":{},"geometry":{"type":"LineString","coordinates":[[128.6188,35.2668],[128.6222,35.2692],[128.6258,35.2703]]}},{"type":"Feature","properties":{},"geometry":{"type":"LineString","coordinates":[[128.6023,35.2539],[128.6129,35.2635],[128.616,35.2651]]}},{"type":"Feature","properties":{},"geometry":{"type":"LineString","coordinates":[[128.6018,35.2535],[128.6023,35.2539]]}},{"type":"Feature","properties":{},"geometry":{"type":"LineString","coordinates":[[128.6019,35.2535],[128.5994,35.2513],[128.594,35.2484]]}},{"type":"Feature","properties":{},"geometry":{"type":"LineString","coordinates":[[128.6023,35.2539],[128.6019,35.2535]]}},{"type":"Feature","properties":{},"geometry":{"type":"LineString","coordinates":[[128.594,35.2484],[128.5862,35.2442]]}},{"type":"Feature","properties":{},"geometry":{"type":"LineString","coordinates":[[128.594,35.2484],[128.5995,35.2515],[128.6018,35.2535]]}},{"type":"Feature","properties":{},"geometry":{"type":"LineString","coordinates":[[128.5862,35.2443],[128.594,35.2484]]}},{"type":"Feature","properties":{},"geometry":{"type":"LineString","coordinates":[[128.5862,35.2442],[128.5839,35.2427]]}},{"type":"Feature","properties":{},"geometry":{"type":"LineString","coordinates":[[128.5833,35.2423],[128.5838,35.2427]]}},{"type":"Feature","properties":{},"geometry":{"type":"LineString","coordinates":[[128.5833,35.2423],[128.5799,35.2394]]}},{"type":"Feature","properties":{},"geometry":{"type":"LineString","coordinates":[[128.5838,35.2427],[128.5862,35.2443]]}},{"type":"Feature","properties":{},"geometry":{"type":"LineString","coordinates":[[128.5839,35.2427],[128.5833,35.2423]]}},{"type":"Feature","properties":{},"geometry":{"type":"LineString","coordinates":[[128.5712,35.2311],[128.5678,35.2285]]}},{"type":"Feature","properties":{},"geometry":{"type":"LineString","coordinates":[[128.5799,35.2394],[128.58,35.2395]]}},{"type":"Feature","properties":{},"geometry":{"type":"LineString","coordinates":[[128.5678,35.2285],[128.5673,35.2282]]}},{"type":"Feature","properties":{},"geometry":{"type":"LineString","coordinates":[[128.5678,35.2285],[128.5712,35.2312]]}},{"type":"Feature","properties":{},"geometry":{"type":"LineString","coordinates":[[128.5266,35.2452],[128.5171,35.251]]}},{"type":"Feature","properties":{},"geometry":{"type":"LineString","coordinates":[[128.5673,35.2282],[128.5613,35.2266],[128.5555,35.2276],[128.5266,35.2452]]}},{"type":"Feature","properties":{},"geometry":{"type":"LineString","coordinates":[[128.389,35.2568],[128.4072,35.2512]]}},{"type":"Feature","properties":{},"geometry":{"type":"LineString","coordinates":[[128.389,35.2567],[128.3858,35.2577]]}},{"type":"Feature","properties":{},"geometry":{"type":"LineString","coordinates":[[128.3859,35.2577],[128.389,35.2568]]}},{"type":"Feature","properties":{},"geometry":{"type":"LineString","coordinates":[[128.3858,35.2577],[128.3804,35.2592]]}},{"type":"Feature","properties":{},"geometry":{"type":"LineString","coordinates":[[128.3804,35.2592],[128.3798,35.2593]]}},{"type":"Feature","properties":{},"geometry":{"type":"LineString","coordinates":[[128.3804,35.2592],[128.3859,35.2577]]}},{"type":"Feature","properties":{},"geometry":{"type":"LineString","coordinates":[[128.3798,35.2593],[128.3784,35.2594]]}},{"type":"Feature","properties":{},"geometry":{"type":"LineString","coordinates":[[128.3799,35.2593],[128.3804,35.2592]]}},{"type":"Feature","properties":{},"geometry":{"type":"LineString","coordinates":[[128.3784,35.2595],[128.3799,35.2593]]}},{"type":"Feature","properties":{},"geometry":{"type":"LineString","coordinates":[[128.3784,35.2594],[128.377,35.2595]]}},{"type":"Feature","properties":{},"geometry":{"type":"LineString","coordinates":[[128.377,35.2595],[128.3759,35.2595]]}},{"type":"Feature","properties":{},"geometry":{"type":"LineString","coordinates":[[128.377,35.2595],[128.3784,35.2595]]}},{"type":"Feature","properties":{},"geometry":{"type":"LineString","coordinates":[[128.373,35.2592],[128.3759,35.2595]]}},{"type":"Feature","properties":{},"geometry":{"type":"LineString","coordinates":[[128.373,35.2592],[128.371,35.2587]]}},{"type":"Feature","properties":{},"geometry":{"type":"LineString","coordinates":[[128.3759,35.2595],[128.373,35.2592]]}},{"type":"Feature","properties":{},"geometry":{"type":"LineString","coordinates":[[128.3759,35.2595],[128.377,35.2595]]}},{"type":"Feature","properties":{},"geometry":{"type":"LineString","coordinates":[[128.371,35.2587],[128.3675,35.2575]]}},{"type":"Feature","properties":{},"geometry":{"type":"LineString","coordinates":[[128.371,35.2587],[128.373,35.2592]]}},{"type":"Feature","properties":{},"geometry":{"type":"LineString","coordinates":[[128.3675,35.2575],[128.371,35.2587]]}},{"type":"Feature","properties":{},"geometry":{"type":"LineString","coordinates":[[128.3675,35.2575],[128.3636,35.2561]]}},{"type":"Feature","properties":{},"geometry":{"type":"LineString","coordinates":[[128.3635,35.2561],[128.3675,35.2575]]}},{"type":"Feature","properties":{},"geometry":{"type":"LineString","coordinates":[[128.3636,35.2561],[128.3558,35.2534]]}},{"type":"Feature","properties":{},"geometry":{"type":"LineString","coordinates":[[128.3437,35.2491],[128.3374,35.2468]]}},{"type":"Feature","properties":{},"geometry":{"type":"LineString","coordinates":[[128.3437,35.2492],[128.3451,35.2497]]}},{"type":"Feature","properties":{},"geometry":{"type":"LineString","coordinates":[[128.3357,35.2459],[128.3362,35.2462]]}},{"type":"Feature","properties":{},"geometry":{"type":"LineString","coordinates":[[128.3357,35.2459],[128.3338,35.2445]]}},{"type":"Feature","properties":{},"geometry":{"type":"LineString","coordinates":[[128.3362,35.2462],[128.3374,35.2468]]}},{"type":"Feature","properties":{},"geometry":{"type":"LineString","coordinates":[[128.3362,35.2462],[128.3357,35.2459]]}},{"type":"Feature","properties":{},"geometry":{"type":"LineString","coordinates":[[128.3374,35.2468],[128.3362,35.2462]]}},{"type":"Feature","properties":{},"geometry":{"type":"LineString","coordinates":[[128.3374,35.2468],[128.3437,35.2492]]}},{"type":"Feature","properties":{},"geometry":{"type":"LineString","coordinates":[[128.3329,35.2438],[128.3337,35.2445]]}},{"type":"Feature","properties":{},"geometry":{"type":"LineString","coordinates":[[128.333,35.2438],[128.3323,35.2431]]}},{"type":"Feature","properties":{},"geometry":{"type":"LineString","coordinates":[[128.3338,35.2445],[128.333,35.2438]]}},{"type":"Feature","properties":{},"geometry":{"type":"LineString","coordinates":[[128.3337,35.2445],[128.3357,35.2459]]}},{"type":"Feature","properties":{},"geometry":{"type":"LineString","coordinates":[[128.3319,35.2427],[128.3322,35.2431]]}},{"type":"Feature","properties":{},"geometry":{"type":"LineString","coordinates":[[128.332,35.2427],[128.3314,35.242]]}},{"type":"Feature","properties":{},"geometry":{"type":"LineString","coordinates":[[128.3322,35.2431],[128.3329,35.2438]]}},{"type":"Feature","properties":{},"geometry":{"type":"LineString","coordinates":[[128.3323,35.2431],[128.332,35.2427]]}},{"type":"Feature","properties":{},"geometry":{"type":"LineString","coordinates":[[128.3314,35.242],[128.3312,35.2416]]}},{"type":"Feature","properties":{},"geometry":{"type":"LineString","coordinates":[[128.3314,35.242],[128.3319,35.2427]]}},{"type":"Feature","properties":{},"geometry":{"type":"LineString","coordinates":[[128.3311,35.2417],[128.3314,35.242]]}},{"type":"Feature","properties":{},"geometry":{"type":"LineString","coordinates":[[128.3312,35.2416],[128.3295,35.2381],[128.3257,35.2245]]}},{"type":"Feature","properties":{},"geometry":{"type":"LineString","coordinates":[[128.3255,35.2238],[128.3252,35.2226]]}},{"type":"Feature","properties":{},"geometry":{"type":"LineString","coordinates":[[128.3255,35.2239],[128.3257,35.2245]]}},{"type":"Feature","properties":{},"geometry":{"type":"LineString","coordinates":[[128.3257,35.2245],[128.3295,35.2381],[128.3311,35.2417]]}},{"type":"Feature","properties":{},"geometry":{"type":"LineString","coordinates":[[128.3257,35.2245],[128.3255,35.2238]]}},{"type":"Feature","properties":{},"geometry":{"type":"LineString","coordinates":[[128.3187,35.2115],[128.3179,35.2104]]}},{"type":"Feature","properties":{},"geometry":{"type":"LineString","coordinates":[[128.3186,35.2115],[128.3228,35.2172],[128.3251,35.2226]]}},{"type":"Feature","properties":{},"geometry":{"type":"LineString","coordinates":[[128.3252,35.2226],[128.3229,35.2172],[128.3187,35.2115]]}},{"type":"Feature","properties":{},"geometry":{"type":"LineString","coordinates":[[128.3251,35.2226],[128.3255,35.2239]]}},{"type":"Feature","properties":{},"geometry":{"type":"LineString","coordinates":[[128.3148,35.2057],[128.3158,35.2074]]}},{"type":"Feature","properties":{},"geometry":{"type":"LineString","coordinates":[[128.3149,35.2057],[128.3103,35.1989]]}},{"type":"Feature","properties":{},"geometry":{"type":"LineString","coordinates":[[128.3159,35.2074],[128.3149,35.2057]]}},{"type":"Feature","properties":{},"geometry":{"type":"LineString","coordinates":[[128.3158,35.2074],[128.3178,35.2104]]}},{"type":"Feature","properties":{},"geometry":{"type":"LineString","coordinates":[[128.3178,35.2104],[128.3186,35.2115]]}},{"type":"Feature","properties":{},"geometry":{"type":"LineString","coordinates":[[128.3179,35.2104],[128.3159,35.2074]]}},{"type":"Feature","properties":{},"geometry":{"type":"LineString","coordinates":[[128.303,35.1881],[128.3056,35.1918]]}},{"type":"Feature","properties":{},"geometry":{"type":"LineString","coordinates":[[128.303,35.188],[128.3014,35.1857]]}},{"type":"Feature","properties":{},"geometry":{"type":"LineString","coordinates":[[128.3014,35.1857],[128.3005,35.1846]]}},{"type":"Feature","properties":{},"geometry":{"type":"LineString","coordinates":[[128.3014,35.1858],[128.303,35.1881]]}},{"type":"Feature","properties":{},"geometry":{"type":"LineString","coordinates":[[128.2994,35.1834],[128.3004,35.1847]]}},{"type":"Feature","properties":{},"geometry":{"type":"LineString","coordinates":[[128.2995,35.1834],[128.2988,35.1828]]}},{"type":"Feature","properties":{},"geometry":{"type":"LineString","coordinates":[[128.3005,35.1846],[128.2995,35.1834]]}},{"type":"Feature","properties":{},"geometry":{"type":"LineString","coordinates":[[128.3004,35.1847],[128.3014,35.1858]]}},{"type":"Feature","properties":{},"geometry":{"type":"LineString","coordinates":[[128.2979,35.1819],[128.2974,35.1815]]}},{"type":"Feature","properties":{},"geometry":{"type":"LineString","coordinates":[[128.2988,35.1828],[128.2979,35.1819]]}},{"type":"Feature","properties":{},"geometry":{"type":"LineString","coordinates":[[128.2978,35.1819],[128.2988,35.1828]]}},{"type":"Feature","properties":{},"geometry":{"type":"LineString","coordinates":[[128.2988,35.1828],[128.2994,35.1834]]}},{"type":"Feature","properties":{},"geometry":{"type":"LineString","coordinates":[[128.2974,35.1815],[128.2907,35.1772],[128.283,35.1748]]}},{"type":"Feature","properties":{},"geometry":{"type":"LineString","coordinates":[[128.2974,35.1815],[128.2978,35.1819]]}},{"type":"Feature","properties":{},"geometry":{"type":"LineString","coordinates":[[128.283,35.1749],[128.2905,35.1772],[128.2974,35.1815]]}},{"type":"Feature","properties":{},"geometry":{"type":"LineString","coordinates":[[128.283,35.1748],[128.2817,35.1746]]}},{"type":"Feature","properties":{},"geometry":{"type":"LineString","coordinates":[[128.2814,35.1746],[128.2778,35.1742]]}},{"type":"Feature","properties":{},"geometry":{"type":"LineString","coordinates":[[128.2817,35.1746],[128.2814,35.1746]]}},{"type":"Feature","properties":{},"geometry":{"type":"LineString","coordinates":[[128.2813,35.1746],[128.2818,35.1747]]}},{"type":"Feature","properties":{},"geometry":{"type":"LineString","coordinates":[[128.2818,35.1747],[128.283,35.1749]]}},{"type":"Feature","properties":{},"geometry":{"type":"LineString","coordinates":[[128.2777,35.1742],[128.2813,35.1746]]}},{"type":"Feature","properties":{},"geometry":{"type":"LineString","coordinates":[[128.2771,35.1742],[128.2777,35.1742]]}},{"type":"Feature","properties":{},"geometry":{"type":"LineString","coordinates":[[128.2778,35.1742],[128.2771,35.1742]]}},{"type":"Feature","properties":{},"geometry":{"type":"LineString","coordinates":[[128.2771,35.1742],[128.2753,35.1742]]}},{"type":"Feature","properties":{},"geometry":{"type":"LineString","coordinates":[[128.2753,35.1742],[128.2771,35.1742]]}},{"type":"Feature","properties":{},"geometry":{"type":"LineString","coordinates":[[128.2753,35.1742],[128.2712,35.1743]]}},{"type":"Feature","properties":{},"geometry":{"type":"LineString","coordinates":[[128.2712,35.1743],[128.2753,35.1742]]}},{"type":"Feature","properties":{},"geometry":{"type":"LineString","coordinates":[[128.2643,35.1745],[128.2712,35.1743]]}},{"type":"Feature","properties":{},"geometry":{"type":"LineString","coordinates":[[128.2643,35.1745],[128.2637,35.1745]]}},{"type":"Feature","properties":{},"geometry":{"type":"LineString","coordinates":[[128.2638,35.1745],[128.2643,35.1745]]}},{"type":"Feature","properties":{},"geometry":{"type":"LineString","coordinates":[[128.2637,35.1745],[128.2537,35.1748]]}},{"type":"Feature","properties":{},"geometry":{"type":"LineString","coordinates":[[128.2712,35.1743],[128.2643,35.1745]]}},{"type":"Feature","properties":{},"geometry":{"type":"LineString","coordinates":[[128.2623,35.1746],[128.2632,35.1746]]}},{"type":"Feature","properties":{},"geometry":{"type":"LineString","coordinates":[[128.2526,35.1749],[128.2534,35.1748]]}},{"type":"Feature","properties":{},"geometry":{"type":"LineString","coordinates":[[128.2537,35.1749],[128.2638,35.1745]]}},{"type":"Feature","properties":{},"geometry":{"type":"LineString","coordinates":[[128.2537,35.1748],[128.2518,35.1749]]}},{"type":"Feature","properties":{},"geometry":{"type":"LineString","coordinates":[[128.2518,35.1749],[128.2537,35.1749]]}},{"type":"Feature","properties":{},"geometry":{"type":"LineString","coordinates":[[128.2518,35.1749],[128.2486,35.1749]]}},{"type":"Feature","properties":{},"geometry":{"type":"LineString","coordinates":[[128.2486,35.175],[128.2518,35.1749]]}},{"type":"Feature","properties":{},"geometry":{"type":"LineString","coordinates":[[128.2486,35.1749],[128.2381,35.1751],[128.2286,35.173]]}},{"type":"Feature","properties":{},"geometry":{"type":"LineString","coordinates":[[128.2286,35.173],[128.2269,35.1727]]}},{"type":"Feature","properties":{},"geometry":{"type":"LineString","coordinates":[[128.2286,35.1731],[128.2381,35.1751],[128.2486,35.175]]}},{"type":"Feature","properties":{},"geometry":{"type":"LineString","coordinates":[[128.2252,35.1723],[128.2269,35.1727]]}},{"type":"Feature","properties":{},"geometry":{"type":"LineString","coordinates":[[128.2252,35.1722],[128.2246,35.1721]]}},{"type":"Feature","properties":{},"geometry":{"type":"LineString","coordinates":[[128.2269,35.1727],[128.2286,35.1731]]}},{"type":"Feature","properties":{},"geometry":{"type":"LineString","coordinates":[[128.2269,35.1727],[128.2252,35.1722]]}},{"type":"Feature","properties":{},"geometry":{"type":"LineString","coordinates":[[128.1234,35.1515],[128.1109,35.148]]}},{"type":"Feature","properties":{},"geometry":{"type":"LineString","coordinates":[[127.3105,35.3726],[127.3138,35.3747]]}},{"type":"Feature","properties":{},"geometry":{"type":"LineString","coordinates":[[127.3074,35.3705],[127.3038,35.3681]]}},{"type":"Feature","properties":{},"geometry":{"type":"LineString","coordinates":[[127.3139,35.3747],[127.3105,35.3725]]}},{"type":"Feature","properties":{},"geometry":{"type":"LineString","coordinates":[[127.3138,35.3747],[127.3146,35.3752]]}},{"type":"Feature","properties":{},"geometry":{"type":"LineString","coordinates":[[127.3203,35.3788],[127.3233,35.381],[127.3264,35.3854]]}},{"type":"Feature","properties":{},"geometry":{"type":"LineString","coordinates":[[127.3146,35.3752],[127.3139,35.3747]]}},{"type":"Feature","properties":{},"geometry":{"type":"LineString","coordinates":[[127.3264,35.3854],[127.327,35.3866]]}},{"type":"Feature","properties":{},"geometry":{"type":"LineString","coordinates":[[127.3264,35.3854],[127.3233,35.381],[127.3203,35.3788]]}},{"type":"Feature","properties":{},"geometry":{"type":"LineString","coordinates":[[127.3271,35.3866],[127.3264,35.3854]]}},{"type":"Feature","properties":{},"geometry":{"type":"LineString","coordinates":[[127.327,35.3866],[127.3292,35.3899],[127.3326,35.393]]}},{"type":"Feature","properties":{},"geometry":{"type":"LineString","coordinates":[[127.3336,35.3936],[127.3327,35.393]]}},{"type":"Feature","properties":{},"geometry":{"type":"LineString","coordinates":[[127.3327,35.393],[127.3292,35.3898],[127.3271,35.3866]]}},{"type":"Feature","properties":{},"geometry":{"type":"LineString","coordinates":[[127.3336,35.3937],[127.3384,35.3958]]}},{"type":"Feature","properties":{},"geometry":{"type":"LineString","coordinates":[[127.3326,35.393],[127.3336,35.3937]]}},{"type":"Feature","properties":{},"geometry":{"type":"LineString","coordinates":[[127.3384,35.3958],[127.3531,35.4],[127.356,35.4023],[127.3583,35.4061]]}},{"type":"Feature","properties":{},"geometry":{"type":"LineString","coordinates":[[127.3384,35.3958],[127.3336,35.3936]]}},{"type":"Feature","properties":{},"geometry":{"type":"LineString","coordinates":[[127.3583,35.4061],[127.356,35.4022],[127.3531,35.4],[127.3384,35.3958]]}},{"type":"Feature","properties":{},"geometry":{"type":"LineString","coordinates":[[127.3583,35.4061],[127.3626,35.4151]]}},{"type":"Feature","properties":{},"geometry":{"type":"LineString","coordinates":[[127.3626,35.4151],[127.3583,35.4061]]}},{"type":"Feature","properties":{},"geometry":{"type":"LineString","coordinates":[[127.3626,35.4151],[127.3679,35.4286]]}},{"type":"Feature","properties":{},"geometry":{"type":"LineString","coordinates":[[127.3679,35.4286],[127.3682,35.4317],[127.3673,35.4347]]}},{"type":"Feature","properties":{},"geometry":{"type":"LineString","coordinates":[[127.3679,35.4286],[127.3626,35.4151]]}},{"type":"Feature","properties":{},"geometry":{"type":"LineString","coordinates":[[127.3674,35.4347],[127.3683,35.4317],[127.3679,35.4286]]}},{"type":"Feature","properties":{},"geometry":{"type":"LineString","coordinates":[[127.3673,35.4347],[127.3672,35.4349]]}},{"type":"Feature","properties":{},"geometry":{"type":"LineString","coordinates":[[127.3668,35.4356],[127.3672,35.4349]]}},{"type":"Feature","properties":{},"geometry":{"type":"LineString","coordinates":[[127.3666,35.4359],[127.3668,35.4356]]}},{"type":"Feature","properties":{},"geometry":{"type":"LineString","coordinates":[[127.3665,35.4359],[127.3639,35.4387]]}},{"type":"Feature","properties":{},"geometry":{"type":"LineString","coordinates":[[127.3668,35.4355],[127.3665,35.4359]]}},{"type":"Feature","properties":{},"geometry":{"type":"LineString","coordinates":[[127.3672,35.4349],[127.3668,35.4355]]}},{"type":"Feature","properties":{},"geometry":{"type":"LineString","coordinates":[[127.3672,35.4349],[127.3674,35.4347]]}},{"type":"Feature","properties":{},"geometry":{"type":"LineString","coordinates":[[127.3308,35.4934],[127.3325,35.4893]]}},{"type":"Feature","properties":{},"geometry":{"type":"LineString","coordinates":[[127.3292,35.4976],[127.3285,35.4995]]}},{"type":"Feature","properties":{},"geometry":{"type":"LineString","coordinates":[[127.3324,35.4892],[127.3307,35.4934]]}},{"type":"Feature","properties":{},"geometry":{"type":"LineString","coordinates":[[127.3325,35.4893],[127.3325,35.4891]]}},{"type":"Feature","properties":{},"geometry":{"type":"LineString","coordinates":[[127.3325,35.4891],[127.3324,35.4892]]}},{"type":"Feature","properties":{},"geometry":{"type":"LineString","coordinates":[[127.3325,35.4891],[127.3349,35.4826]]}},{"type":"Feature","properties":{},"geometry":{"type":"LineString","coordinates":[[127.3639,35.4387],[127.3609,35.4418]]}},{"type":"Feature","properties":{},"geometry":{"type":"LineString","coordinates":[[127.3354,35.4812],[127.3355,35.4809]]}},{"type":"Feature","properties":{},"geometry":{"type":"LineString","coordinates":[[127.3348,35.4826],[127.3325,35.4891]]}},{"type":"Feature","properties":{},"geometry":{"type":"LineString","coordinates":[[127.3355,35.4809],[127.3362,35.4789]]}},{"type":"Feature","properties":{},"geometry":{"type":"LineString","coordinates":[[127.3355,35.4808],[127.3353,35.4812]]}},{"type":"Feature","properties":{},"geometry":{"type":"LineString","coordinates":[[127.3362,35.4789],[127.337,35.477]]}},{"type":"Feature","properties":{},"geometry":{"type":"LineString","coordinates":[[127.3362,35.4789],[127.3355,35.4808]]}},{"type":"Feature","properties":{},"geometry":{"type":"LineString","coordinates":[[127.337,35.477],[127.3375,35.4756]]}},{"type":"Feature","properties":{},"geometry":{"type":"LineString","coordinates":[[127.3369,35.477],[127.3362,35.4789]]}},{"type":"Feature","properties":{},"geometry":{"type":"LineString","coordinates":[[127.3375,35.4756],[127.3369,35.477]]}},{"type":"Feature","properties":{},"geometry":{"type":"LineString","coordinates":[[127.3384,35.4732],[127.3398,35.4696]]}},{"type":"Feature","properties":{},"geometry":{"type":"LineString","coordinates":[[127.3398,35.4696],[127.3427,35.4628],[127.3458,35.4582]]}},{"type":"Feature","properties":{},"geometry":{"type":"LineString","coordinates":[[127.3397,35.4696],[127.3384,35.4732]]}},{"type":"Feature","properties":{},"geometry":{"type":"LineString","coordinates":[[127.3458,35.4581],[127.3426,35.4628],[127.3397,35.4696]]}},{"type":"Feature","properties":{},"geometry":{"type":"LineString","coordinates":[[127.3464,35.4574],[127.3474,35.4561]]}},{"type":"Feature","properties":{},"geometry":{"type":"LineString","coordinates":[[127.3474,35.4561],[127.3581,35.4448]]}},{"type":"Feature","properties":{},"geometry":{"type":"LineString","coordinates":[[127.3474,35.4561],[127.3464,35.4574]]}},{"type":"Feature","properties":{},"geometry":{"type":"LineString","coordinates":[[127.358,35.4448],[127.3474,35.4561]]}},{"type":"Feature","properties":{},"geometry":{"type":"LineString","coordinates":[[127.361,35.4418],[127.364,35.4387]]}},{"type":"Feature","properties":{},"geometry":{"type":"LineString","coordinates":[[127.235,35.7228],[127.2343,35.724]]}},{"type":"Feature","properties":{},"geometry":{"type":"LineString","coordinates":[[127.2351,35.7228],[127.2663,35.6758]]}},{"type":"Feature","properties":{},"geometry":{"type":"LineString","coordinates":[[127.2671,35.6742],[127.268,35.6717]]}},{"type":"Feature","properties":{},"geometry":{"type":"LineString","coordinates":[[127.2662,35.6758],[127.235,35.7228]]}},{"type":"Feature","properties":{},"geometry":{"type":"LineString","coordinates":[[127.2709,35.6681],[127.2691,35.6699]]}},{"type":"Feature","properties":{},"geometry":{"type":"LineString","coordinates":[[127.2679,35.6716],[127.267,35.6742]]}},{"type":"Feature","properties":{},"geometry":{"type":"LineString","coordinates":[[127.2708,35.6682],[127.2792,35.66]]}},{"type":"Feature","properties":{},"geometry":{"type":"LineString","coordinates":[[127.2692,35.6699],[127.2708,35.6682]]}},{"type":"Feature","properties":{},"geometry":{"type":"LineString","coordinates":[[127.2792,35.66],[127.2813,35.6579]]}},{"type":"Feature","properties":{},"geometry":{"type":"LineString","coordinates":[[127.2813,35.6579],[127.282,35.6567]]}},{"type":"Feature","properties":{},"geometry":{"type":"LineString","coordinates":[[127.2812,35.6579],[127.2792,35.66]]}},{"type":"Feature","properties":{},"geometry":{"type":"LineString","coordinates":[[127.2792,35.66],[127.2709,35.6681]]}},{"type":"Feature","properties":{},"geometry":{"type":"LineString","coordinates":[[127.2822,35.6563],[127.2824,35.656]]}},{"type":"Feature","properties":{},"geometry":{"type":"LineString","coordinates":[[127.282,35.6567],[127.2822,35.6563]]}},{"type":"Feature","properties":{},"geometry":{"type":"LineString","coordinates":[[127.282,35.6567],[127.2812,35.6579]]}},{"type":"Feature","properties":{},"geometry":{"type":"LineString","coordinates":[[127.2822,35.6563],[127.282,35.6567]]}},{"type":"Feature","properties":{},"geometry":{"type":"LineString","coordinates":[[127.2828,35.6516],[127.2824,35.656]]}},{"type":"Feature","properties":{},"geometry":{"type":"LineString","coordinates":[[127.2824,35.656],[127.2822,35.6563]]}},{"type":"Feature","properties":{},"geometry":{"type":"LineString","coordinates":[[127.2829,35.6516],[127.2829,35.6513]]}},{"type":"Feature","properties":{},"geometry":{"type":"LineString","coordinates":[[127.2824,35.656],[127.2829,35.6516]]}},{"type":"Feature","properties":{},"geometry":{"type":"LineString","coordinates":[[127.2822,35.6474],[127.2816,35.6427]]}},{"type":"Feature","properties":{},"geometry":{"type":"LineString","coordinates":[[127.2822,35.6474],[127.2828,35.6514]]}},{"type":"Feature","properties":{},"geometry":{"type":"LineString","coordinates":[[127.2829,35.6513],[127.2822,35.6474]]}},{"type":"Feature","properties":{},"geometry":{"type":"LineString","coordinates":[[127.2828,35.6514],[127.2828,35.6516]]}},{"type":"Feature","properties":{},"geometry":{"type":"LineString","coordinates":[[127.2816,35.6427],[127.2818,35.6412]]}},{"type":"Feature","properties":{},"geometry":{"type":"LineString","coordinates":[[127.2818,35.6412],[127.2823,35.6395]]}},{"type":"Feature","properties":{},"geometry":{"type":"LineString","coordinates":[[127.2817,35.6412],[127.2815,35.6427]]}},{"type":"Feature","properties":{},"geometry":{"type":"LineString","coordinates":[[127.2815,35.6427],[127.2822,35.6474]]}},{"type":"Feature","properties":{},"geometry":{"type":"LineString","coordinates":[[127.2823,35.6395],[127.2817,35.6412]]}},{"type":"Feature","properties":{},"geometry":{"type":"LineString","coordinates":[[127.2823,35.6395],[127.2829,35.6386]]}},{"type":"Feature","properties":{},"geometry":{"type":"LineString","coordinates":[[127.2831,35.6382],[127.2856,35.6359],[127.2915,35.6325]]}},{"type":"Feature","properties":{},"geometry":{"type":"LineString","coordinates":[[127.2828,35.6386],[127.2823,35.6395]]}},{"type":"Feature","properties":{},"geometry":{"type":"LineString","coordinates":[[129.3288,35.7045],[129.3159,35.7102]]}},{"type":"Feature","properties":{},"geometry":{"type":"LineString","coordinates":[[128.7598,35.5455],[128.7665,35.5295]]}},{"type":"Feature","properties":{},"geometry":{"type":"LineString","coordinates":[[128.7599,35.5524],[128.7594,35.5498]]}},{"type":"Feature","properties":{},"geometry":{"type":"LineString","coordinates":[[128.7614,35.5615],[128.7599,35.5524]]}},{"type":"Feature","properties":{},"geometry":{"type":"LineString","coordinates":[[128.7617,35.5646],[128.7614,35.5615]]}},{"type":"Feature","properties":{},"geometry":{"type":"LineString","coordinates":[[128.7617,35.565],[128.7617,35.5646]]}},{"type":"Feature","properties":{},"geometry":{"type":"LineString","coordinates":[[128.7608,35.5711],[128.7617,35.565]]}},{"type":"Feature","properties":{},"geometry":{"type":"LineString","coordinates":[[128.7608,35.5715],[128.7608,35.5711]]}},{"type":"Feature","properties":{},"geometry":{"type":"LineString","coordinates":[[128.7604,35.5734],[128.7608,35.5715]]}},{"type":"Feature","properties":{},"geometry":{"type":"LineString","coordinates":[[128.7604,35.5734],[128.7604,35.5734]]}},{"type":"Feature","properties":{},"geometry":{"type":"LineString","coordinates":[[128.7597,35.5863],[128.7604,35.5734]]}},{"type":"Feature","properties":{},"geometry":{"type":"LineString","coordinates":[[128.7598,35.587],[128.7597,35.5863]]}},{"type":"Feature","properties":{},"geometry":{"type":"LineString","coordinates":[[128.761,35.5909],[128.7598,35.587]]}},{"type":"Feature","properties":{},"geometry":{"type":"LineString","coordinates":[[128.7652,35.612],[128.7656,35.6117]]}},{"type":"Feature","properties":{},"geometry":{"type":"LineString","coordinates":[[128.7191,35.84],[128.7194,35.8395]]}},{"type":"Feature","properties":{},"geometry":{"type":"LineString","coordinates":[[128.7194,35.8395],[128.7217,35.8352],[128.7232,35.8291],[128.7254,35.8241]]}},{"type":"Feature","properties":{},"geometry":{"type":"LineString","coordinates":[[128.729,35.816],[128.7292,35.8157]]}},{"type":"Feature","properties":{},"geometry":{"type":"LineString","coordinates":[[128.7292,35.8157],[128.7329,35.8073],[128.7339,35.8024]]}},{"type":"Feature","properties":{},"geometry":{"type":"LineString","coordinates":[[128.7247,35.7915],[128.723,35.7906]]}},{"type":"Feature","properties":{},"geometry":{"type":"LineString","coordinates":[[128.723,35.7906],[128.7182,35.7879],[128.7165,35.7849]]}},{"type":"Feature","properties":{},"geometry":{"type":"LineString","coordinates":[[128.7165,35.7779],[128.7182,35.7703]]}},{"type":"Feature","properties":{},"geometry":{"type":"LineString","coordinates":[[128.7165,35.7781],[128.7165,35.7779]]}},{"type":"Feature","properties":{},"geometry":{"type":"LineString","coordinates":[[128.4845,35.9687],[128.4904,35.965]]}},{"type":"Feature","properties":{},"geometry":{"type":"LineString","coordinates":[[128.4801,35.9715],[128.4845,35.9687]]}},{"type":"Feature","properties":{},"geometry":{"type":"LineString","coordinates":[[128.4789,35.9723],[128.4801,35.9715]]}},{"type":"Feature","properties":{},"geometry":{"type":"LineString","coordinates":[[128.475,35.9747],[128.4789,35.9723]]}},{"type":"Feature","properties":{},"geometry":{"type":"LineString","coordinates":[[126.9864,37.2888],[126.9977,37.2696]]}},{"type":"Feature","properties":{},"geometry":{"type":"LineString","coordinates":[[128.1266,35.1524],[128.1285,35.1529]]}},{"type":"Feature","properties":{},"geometry":{"type":"LineString","coordinates":[[128.1262,35.1523],[128.1266,35.1524]]}},{"type":"Feature","properties":{},"geometry":{"type":"LineString","coordinates":[[128.1262,35.1523],[128.1248,35.1519]]}},{"type":"Feature","properties":{},"geometry":{"type":"LineString","coordinates":[[128.1266,35.1524],[128.1262,35.1523]]}},{"type":"Feature","properties":{},"geometry":{"type":"LineString","coordinates":[[127.0266,37.2196],[127.0363,37.2008]]}},{"type":"Feature","properties":{},"geometry":{"type":"LineString","coordinates":[[126.9159,37.4104],[126.9168,37.4093]]}},{"type":"Feature","properties":{},"geometry":{"type":"LineString","coordinates":[[126.9168,37.4093],[126.9263,37.3975],[126.9328,37.3918],[126.9368,37.3816],[126.9412,37.3767],[126.9484,37.3618],[126.9478,37.3239],[126.9484,37.3163],[126.9493,37.3141],[126.9538,37.3075],[126.961,37.3023],[126.9636,37.3012],[126.9765,37.2992],[126.986,37.2893]]}},{"type":"Feature","properties":{},"geometry":{"type":"LineString","coordinates":[[127.8536,37.3393],[127.8544,37.3388]]}},{"type":"Feature","properties":{},"geometry":{"type":"LineString","coordinates":[[127.8602,37.3361],[127.8682,37.3324]]}},{"type":"Feature","properties":{},"geometry":{"type":"LineString","coordinates":[[127.8601,37.3361],[127.8595,37.3363]]}},{"type":"Feature","properties":{},"geometry":{"type":"LineString","coordinates":[[127.8682,37.3324],[127.8724,37.3303]]}},{"type":"Feature","properties":{},"geometry":{"type":"LineString","coordinates":[[127.8681,37.3324],[127.8601,37.3361]]}},{"type":"Feature","properties":{},"geometry":{"type":"LineString","coordinates":[[127.8724,37.3303],[127.8681,37.3324]]}},{"type":"Feature","properties":{},"geometry":{"type":"LineString","coordinates":[[127.8724,37.3303],[127.8861,37.3241]]}},{"type":"Feature","properties":{},"geometry":{"type":"LineString","coordinates":[[127.8861,37.3241],[127.8724,37.3303]]}},{"type":"Feature","properties":{},"geometry":{"type":"LineString","coordinates":[[127.8861,37.3241],[127.8882,37.3232]]}},{"type":"Feature","properties":{},"geometry":{"type":"LineString","coordinates":[[127.8891,37.3227],[127.8919,37.3215]]}},{"type":"Feature","properties":{},"geometry":{"type":"LineString","coordinates":[[127.8891,37.3227],[127.8881,37.3231]]}},{"type":"Feature","properties":{},"geometry":{"type":"LineString","coordinates":[[127.8881,37.3231],[127.8861,37.3241]]}},{"type":"Feature","properties":{},"geometry":{"type":"LineString","coordinates":[[127.8882,37.3232],[127.8891,37.3227]]}},{"type":"Feature","properties":{},"geometry":{"type":"LineString","coordinates":[[127.893,37.3209],[127.8952,37.3199]]}},{"type":"Feature","properties":{},"geometry":{"type":"LineString","coordinates":[[127.893,37.3209],[127.8918,37.3214]]}},{"type":"Feature","properties":{},"geometry":{"type":"LineString","coordinates":[[127.8952,37.3199],[127.9046,37.3166],[127.919,37.3164]]}},{"type":"Feature","properties":{},"geometry":{"type":"LineString","coordinates":[[127.8952,37.3198],[127.893,37.3209]]}},{"type":"Feature","properties":{},"geometry":{"type":"LineString","coordinates":[[126.986,37.2893],[126.9864,37.2888]]}},{"type":"Feature","properties":{},"geometry":{"type":"LineString","coordinates":[[128.7346,35.7531],[128.7353,35.7522]]}},{"type":"Feature","properties":{},"geometry":{"type":"LineString","coordinates":[[128.7353,35.7522],[128.7354,35.7519]]}},{"type":"Feature","properties":{},"geometry":{"type":"LineString","coordinates":[[128.7359,35.7471],[128.7349,35.7413]]}},{"type":"Feature","properties":{},"geometry":{"type":"LineString","coordinates":[[128.7349,35.7413],[128.7349,35.7412]]}},{"type":"Feature","properties":{},"geometry":{"type":"LineString","coordinates":[[128.7349,35.7412],[128.7347,35.7386]]}},{"type":"Feature","properties":{},"geometry":{"type":"LineString","coordinates":[[128.7347,35.7386],[128.7347,35.7385]]}},{"type":"Feature","properties":{},"geometry":{"type":"LineString","coordinates":[[128.7347,35.7385],[128.7342,35.7345],[128.7327,35.731]]}},{"type":"Feature","properties":{},"geometry":{"type":"LineString","coordinates":[[128.7165,35.6885],[128.7167,35.6882]]}},{"type":"Feature","properties":{},"geometry":{"type":"LineString","coordinates":[[128.7202,35.684],[128.722,35.6813],[128.7232,35.6769],[128.7247,35.6751]]}},{"type":"Feature","properties":{},"geometry":{"type":"LineString","coordinates":[[126.8324,37.1753],[126.834,37.1742]]}},{"type":"Feature","properties":{},"geometry":{"type":"LineString","coordinates":[[126.9451,37.1078],[126.9512,37.1002]]}},{"type":"Feature","properties":{},"geometry":{"type":"LineString","coordinates":[[126.8106,37.2049],[126.8151,37.1981]]}},{"type":"Feature","properties":{},"geometry":{"type":"LineString","coordinates":[[126.9365,36.9672],[126.9326,36.9576]]}},{"type":"Feature","properties":{},"geometry":{"type":"LineString","coordinates":[[127.991,37.4667],[127.9895,37.4643],[127.9882,37.4604]]}},{"type":"Feature","properties":{},"geometry":{"type":"LineString","coordinates":[[128.003,37.4777],[128.0034,37.4779]]}},{"type":"Feature","properties":{},"geometry":{"type":"LineString","coordinates":[[128.0067,37.4802],[128.0056,37.4794]]}},{"type":"Feature","properties":{},"geometry":{"type":"LineString","coordinates":[[128.0149,37.4857],[128.0188,37.4884]]}},{"type":"Feature","properties":{},"geometry":{"type":"LineString","coordinates":[[128.1675,37.5188],[128.1648,37.5197]]}},{"type":"Feature","properties":{},"geometry":{"type":"LineString","coordinates":[[128.0188,37.4884],[128.0149,37.4857]]}},{"type":"Feature","properties":{},"geometry":{"type":"LineString","coordinates":[[128.0188,37.4884],[128.0225,37.491]]}},{"type":"Feature","properties":{},"geometry":{"type":"LineString","coordinates":[[128.0226,37.4909],[128.0188,37.4884]]}},{"type":"Feature","properties":{},"geometry":{"type":"LineString","coordinates":[[128.0252,37.4927],[128.0267,37.4938]]}},{"type":"Feature","properties":{},"geometry":{"type":"LineString","coordinates":[[128.0056,37.4795],[128.0066,37.4802]]}},{"type":"Feature","properties":{},"geometry":{"type":"LineString","coordinates":[[128.0056,37.4794],[128.0035,37.4779]]}},{"type":"Feature","properties":{},"geometry":{"type":"LineString","coordinates":[[127.9874,37.4573],[127.9851,37.4464]]}},{"type":"Feature","properties":{},"geometry":{"type":"LineString","coordinates":[[127.9873,37.4573],[127.9881,37.4604]]}},{"type":"Feature","properties":{},"geometry":{"type":"LineString","coordinates":[[127.9882,37.4604],[127.9874,37.4573]]}},{"type":"Feature","properties":{},"geometry":{"type":"LineString","coordinates":[[127.9133,37.3648],[127.9147,37.3654]]}},{"type":"Feature","properties":{},"geometry":{"type":"LineString","coordinates":[[127.9355,37.3983],[127.9377,37.4014]]}},{"type":"Feature","properties":{},"geometry":{"type":"LineString","coordinates":[[127.9356,37.3983],[127.934,37.3952]]}},{"type":"Feature","properties":{},"geometry":{"type":"LineString","coordinates":[[127.9325,37.3916],[127.9316,37.3894]]}},{"type":"Feature","properties":{},"geometry":{"type":"LineString","coordinates":[[127.9324,37.3916],[127.934,37.3952]]}},{"type":"Feature","properties":{},"geometry":{"type":"LineString","coordinates":[[127.934,37.3952],[127.9355,37.3983]]}},{"type":"Feature","properties":{},"geometry":{"type":"LineString","coordinates":[[127.934,37.3952],[127.9325,37.3916]]}},{"type":"Feature","properties":{},"geometry":{"type":"LineString","coordinates":[[127.9284,37.3819],[127.9281,37.3812]]}},{"type":"Feature","properties":{},"geometry":{"type":"LineString","coordinates":[[127.9315,37.3895],[127.9324,37.3916]]}},{"type":"Feature","properties":{},"geometry":{"type":"LineString","coordinates":[[127.9316,37.3894],[127.9303,37.3864]]}},{"type":"Feature","properties":{},"geometry":{"type":"LineString","coordinates":[[127.9286,37.3824],[127.9284,37.3819]]}},{"type":"Feature","properties":{},"geometry":{"type":"LineString","coordinates":[[127.9285,37.3824],[127.9302,37.3864]]}},{"type":"Feature","properties":{},"geometry":{"type":"LineString","coordinates":[[127.9284,37.3819],[127.9285,37.3824]]}},{"type":"Feature","properties":{},"geometry":{"type":"LineString","coordinates":[[128.0267,37.4938],[128.0286,37.4951]]}},{"type":"Feature","properties":{},"geometry":{"type":"LineString","coordinates":[[128.0268,37.4937],[128.0253,37.4927]]}},{"type":"Feature","properties":{},"geometry":{"type":"LineString","coordinates":[[128.0344,37.4991],[128.0363,37.5003]]}},{"type":"Feature","properties":{},"geometry":{"type":"LineString","coordinates":[[128.0345,37.499],[128.0328,37.4978]]}},{"type":"Feature","properties":{},"geometry":{"type":"LineString","coordinates":[[128.0287,37.495],[128.0268,37.4937]]}},{"type":"Feature","properties":{},"geometry":{"type":"LineString","coordinates":[[128.0286,37.4951],[128.0327,37.4979]]}},{"type":"Feature","properties":{},"geometry":{"type":"LineString","coordinates":[[128.0328,37.4978],[128.0287,37.495]]}},{"type":"Feature","properties":{},"geometry":{"type":"LineString","coordinates":[[128.0327,37.4979],[128.0344,37.4991]]}},{"type":"Feature","properties":{},"geometry":{"type":"LineString","coordinates":[[128.0363,37.5003],[128.0367,37.5006]]}},{"type":"Feature","properties":{},"geometry":{"type":"LineString","coordinates":[[128.0363,37.5002],[128.0345,37.499]]}},{"type":"Feature","properties":{},"geometry":{"type":"LineString","coordinates":[[129.1644,35.783],[129.1474,35.7934]]}},{"type":"Feature","properties":{},"geometry":{"type":"LineString","coordinates":[[129.1655,35.7832],[129.1676,35.7816]]}},{"type":"Feature","properties":{},"geometry":{"type":"LineString","coordinates":[[129.2075,35.7397],[129.2146,35.737],[129.222,35.736]]}},{"type":"Feature","properties":{},"geometry":{"type":"LineString","coordinates":[[129.1745,35.7741],[129.1801,35.7664]]}},{"type":"Feature","properties":{},"geometry":{"type":"LineString","coordinates":[[129.2075,35.7397],[129.2062,35.7402]]}},{"type":"Feature","properties":{},"geometry":{"type":"LineString","coordinates":[[129.2232,35.736],[129.2256,35.7359]]}},{"type":"Feature","properties":{},"geometry":{"type":"LineString","coordinates":[[129.2232,35.7359],[129.222,35.736]]}},{"type":"Feature","properties":{},"geometry":{"type":"LineString","coordinates":[[129.2256,35.7359],[129.2262,35.7359]]}},{"type":"Feature","properties":{},"geometry":{"type":"LineString","coordinates":[[129.2256,35.7359],[129.2232,35.7359]]}},{"type":"Feature","properties":{},"geometry":{"type":"LineString","coordinates":[[129.2262,35.7359],[129.2277,35.7358]]}},{"type":"Feature","properties":{},"geometry":{"type":"LineString","coordinates":[[129.2262,35.7358],[129.2256,35.7359]]}},{"type":"Feature","properties":{},"geometry":{"type":"LineString","coordinates":[[129.2277,35.7358],[129.2283,35.7358]]}},{"type":"Feature","properties":{},"geometry":{"type":"LineString","coordinates":[[129.2277,35.7358],[129.2262,35.7358]]}},{"type":"Feature","properties":{},"geometry":{"type":"LineString","coordinates":[[129.2379,35.7346],[129.2361,35.7351]]}},{"type":"Feature","properties":{},"geometry":{"type":"LineString","coordinates":[[129.2922,35.7209],[129.2932,35.7204]]}},{"type":"Feature","properties":{},"geometry":{"type":"LineString","coordinates":[[129.1194,35.8081],[129.1164,35.81],[129.1154,35.8123],[129.1158,35.8144],[129.1177,35.817]]}},{"type":"Feature","properties":{},"geometry":{"type":"LineString","coordinates":[[129.1769,35.8802],[129.1356,35.8386]]}},{"type":"Feature","properties":{},"geometry":{"type":"LineString","coordinates":[[129.1323,35.8349],[129.1336,35.8365]]}},{"type":"Feature","properties":{},"geometry":{"type":"LineString","coordinates":[[129.1202,35.82],[129.1179,35.8169]]}},{"type":"Feature","properties":{},"geometry":{"type":"LineString","coordinates":[[129.1202,35.8201],[129.1209,35.8209]]}},{"type":"Feature","properties":{},"geometry":{"type":"LineString","coordinates":[[129.1209,35.8209],[129.122,35.8222]]}},{"type":"Feature","properties":{},"geometry":{"type":"LineString","coordinates":[[129.1209,35.8209],[129.1202,35.82]]}},{"type":"Feature","properties":{},"geometry":{"type":"LineString","coordinates":[[129.122,35.8222],[129.1209,35.8209]]}},{"type":"Feature","properties":{},"geometry":{"type":"LineString","coordinates":[[129.122,35.8222],[129.1323,35.8349]]}},{"type":"Feature","properties":{},"geometry":{"type":"LineString","coordinates":[[129.1236,35.8242],[129.1296,35.8318]]}},{"type":"Feature","properties":{},"geometry":{"type":"LineString","coordinates":[[129.0983,35.8215],[129.1005,35.8204]]}},{"type":"Feature","properties":{},"geometry":{"type":"LineString","coordinates":[[129.1194,35.8198],[129.1206,35.8211]]}},{"type":"Feature","properties":{},"geometry":{"type":"LineString","coordinates":[[129.1206,35.8211],[129.1215,35.822]]}},{"type":"Feature","properties":{},"geometry":{"type":"LineString","coordinates":[[129.1215,35.822],[129.1235,35.8242]]}},{"type":"Feature","properties":{},"geometry":{"type":"LineString","coordinates":[[129.124,35.8247],[129.1219,35.8217]]}},{"type":"Feature","properties":{},"geometry":{"type":"LineString","coordinates":[[129.1205,35.8197],[129.1179,35.8163]]}},{"type":"Feature","properties":{},"geometry":{"type":"LineString","coordinates":[[129.1215,35.8211],[129.1205,35.8197]]}},{"type":"Feature","properties":{},"geometry":{"type":"LineString","coordinates":[[129.1219,35.8217],[129.1215,35.8211]]}},{"type":"Feature","properties":{},"geometry":{"type":"LineString","coordinates":[[129.1102,35.8156],[129.1156,35.8164],[129.1194,35.8198]]}},{"type":"Feature","properties":{},"geometry":{"type":"LineString","coordinates":[[129.1087,35.816],[129.1102,35.8156]]}},{"type":"Feature","properties":{},"geometry":{"type":"LineString","coordinates":[[129.1005,35.8204],[129.1048,35.8181]]}},{"type":"Feature","properties":{},"geometry":{"type":"LineString","coordinates":[[129.1048,35.8181],[129.1062,35.8173]]}},{"type":"Feature","properties":{},"geometry":{"type":"LineString","coordinates":[[129.1062,35.8173],[129.1078,35.8164]]}},{"type":"Feature","properties":{},"geometry":{"type":"LineString","coordinates":[[129.1078,35.8164],[129.1087,35.816]]}},{"type":"Feature","properties":{},"geometry":{"type":"LineString","coordinates":[[129.1047,35.8174],[129.1026,35.8187]]}},{"type":"Feature","properties":{},"geometry":{"type":"LineString","coordinates":[[129.1065,35.8162],[129.1047,35.8174]]}},{"type":"Feature","properties":{},"geometry":{"type":"LineString","coordinates":[[129.1026,35.8187],[129.1004,35.8202]]}},{"type":"Feature","properties":{},"geometry":{"type":"LineString","coordinates":[[129.1004,35.8202],[129.0983,35.8215]]}},{"type":"Feature","properties":{},"geometry":{"type":"LineString","coordinates":[[129.1086,35.815],[129.1065,35.8162]]}},{"type":"Feature","properties":{},"geometry":{"type":"LineString","coordinates":[[129.1179,35.8163],[129.1145,35.8144],[129.1086,35.815]]}},{"type":"Feature","properties":{},"geometry":{"type":"LineString","coordinates":[[129.1323,35.8349],[129.122,35.8222]]}},{"type":"Feature","properties":{},"geometry":{"type":"LineString","coordinates":[[129.3543,36.091],[129.3552,36.0929]]}},{"type":"Feature","properties":{},"geometry":{"type":"LineString","coordinates":[[129.1179,35.8169],[129.1174,35.8145],[129.1178,35.8126],[129.1206,35.8093]]}},{"type":"Feature","properties":{},"geometry":{"type":"LineString","coordinates":[[129.1177,35.817],[129.1202,35.8201]]}},{"type":"Feature","properties":{},"geometry":{"type":"LineString","coordinates":[[127.0097,36.0875],[127.008,36.0851]]}},{"type":"Feature","properties":{},"geometry":{"type":"LineString","coordinates":[[127.0118,36.0906],[127.0101,36.0881]]}},{"type":"Feature","properties":{},"geometry":{"type":"LineString","coordinates":[[127.0118,36.0906],[127.0145,36.0947]]}},{"type":"Feature","properties":{},"geometry":{"type":"LineString","coordinates":[[127.0145,36.0947],[127.0149,36.0954]]}},{"type":"Feature","properties":{},"geometry":{"type":"LineString","coordinates":[[127.0145,36.0946],[127.0118,36.0906]]}},{"type":"Feature","properties":{},"geometry":{"type":"LineString","coordinates":[[127.0172,36.0996],[127.0152,36.0958]]}},{"type":"Feature","properties":{},"geometry":{"type":"LineString","coordinates":[[127.017,36.0996],[127.0175,36.1006]]}},{"type":"Feature","properties":{},"geometry":{"type":"LineString","coordinates":[[128.1659,37.1277],[128.1889,37.1288]]}},{"type":"Feature","properties":{},"geometry":{"type":"LineString","coordinates":[[128.2092,37.1261],[128.2128,37.1248]]}},{"type":"Feature","properties":{},"geometry":{"type":"LineString","coordinates":[[127.0699,36.9626],[127.0706,36.9533]]}},{"type":"Feature","properties":{},"geometry":{"type":"LineString","coordinates":[[129.1768,35.8803],[129.1842,35.8882]]}},{"type":"Feature","properties":{},"geometry":{"type":"LineString","coordinates":[[129.1843,35.8882],[129.1769,35.8802]]}},{"type":"Feature","properties":{},"geometry":{"type":"LineString","coordinates":[[129.1842,35.8882],[129.185,35.889]]}},{"type":"Feature","properties":{},"geometry":{"type":"LineString","coordinates":[[129.1851,35.8889],[129.1843,35.8882]]}},{"type":"Feature","properties":{},"geometry":{"type":"LineString","coordinates":[[129.185,35.889],[129.186,35.89]]}},{"type":"Feature","properties":{},"geometry":{"type":"LineString","coordinates":[[129.1861,35.89],[129.1851,35.8889]]}},{"type":"Feature","properties":{},"geometry":{"type":"LineString","coordinates":[[129.186,35.89],[129.1862,35.8902]]}},{"type":"Feature","properties":{},"geometry":{"type":"LineString","coordinates":[[129.1863,35.8902],[129.1861,35.89]]}},{"type":"Feature","properties":{},"geometry":{"type":"LineString","coordinates":[[129.1862,35.8902],[129.1868,35.8908]]}},{"type":"Feature","properties":{},"geometry":{"type":"LineString","coordinates":[[129.2035,35.9086],[129.2091,35.9153],[129.2188,35.9344]]}},{"type":"Feature","properties":{},"geometry":{"type":"LineString","coordinates":[[129.2021,35.9071],[129.1872,35.8912]]}},{"type":"Feature","properties":{},"geometry":{"type":"LineString","coordinates":[[129.2021,35.9071],[129.2025,35.9076]]}},{"type":"Feature","properties":{},"geometry":{"type":"LineString","coordinates":[[129.1871,35.8912],[129.2021,35.9071]]}},{"type":"Feature","properties":{},"geometry":{"type":"LineString","coordinates":[[129.2189,35.9343],[129.2091,35.9152],[129.2035,35.9086]]}},{"type":"Feature","properties":{},"geometry":{"type":"LineString","coordinates":[[129.2291,35.9585],[129.2211,35.939]]}},{"type":"Feature","properties":{},"geometry":{"type":"LineString","coordinates":[[129.2204,35.9377],[129.2196,35.9361]]}},{"type":"Feature","properties":{},"geometry":{"type":"LineString","coordinates":[[129.2204,35.9377],[129.221,35.939]]}},{"type":"Feature","properties":{},"geometry":{"type":"LineString","coordinates":[[129.2196,35.9361],[129.2189,35.9343]]}},{"type":"Feature","properties":{},"geometry":{"type":"LineString","coordinates":[[129.2196,35.9361],[129.2204,35.9377]]}},{"type":"Feature","properties":{},"geometry":{"type":"LineString","coordinates":[[129.2377,35.9796],[129.2356,35.9764],[129.2324,35.9675]]}},{"type":"Feature","properties":{},"geometry":{"type":"LineString","coordinates":[[129.2376,35.9796],[129.2544,35.9936]]}},{"type":"Feature","properties":{},"geometry":{"type":"LineString","coordinates":[[129.2306,35.9626],[129.232,35.9664]]}},{"type":"Feature","properties":{},"geometry":{"type":"LineString","coordinates":[[129.2306,35.9625],[129.2298,35.9605]]}},{"type":"Feature","properties":{},"geometry":{"type":"LineString","coordinates":[[129.2323,35.9675],[129.2355,35.9764],[129.2376,35.9796]]}},{"type":"Feature","properties":{},"geometry":{"type":"LineString","coordinates":[[129.2324,35.9675],[129.2321,35.9664]]}},{"type":"Feature","properties":{},"geometry":{"type":"LineString","coordinates":[[129.2321,35.9664],[129.2306,35.9625]]}},{"type":"Feature","properties":{},"geometry":{"type":"LineString","coordinates":[[129.232,35.9664],[129.2323,35.9675]]}},{"type":"Feature","properties":{},"geometry":{"type":"LineString","coordinates":[[129.2296,35.9599],[129.2291,35.9585]]}},{"type":"Feature","properties":{},"geometry":{"type":"LineString","coordinates":[[129.2296,35.9599],[129.2298,35.9605]]}},{"type":"Feature","properties":{},"geometry":{"type":"LineString","coordinates":[[129.2298,35.9605],[129.2296,35.9599]]}},{"type":"Feature","properties":{},"geometry":{"type":"LineString","coordinates":[[129.2298,35.9605],[129.2306,35.9626]]}},{"type":"Feature","properties":{},"geometry":{"type":"LineString","coordinates":[[129.221,35.939],[129.229,35.9585]]}},{"type":"Feature","properties":{},"geometry":{"type":"LineString","coordinates":[[129.2211,35.939],[129.2204,35.9377]]}},{"type":"Feature","properties":{},"geometry":{"type":"LineString","coordinates":[[129.1356,35.8387],[129.1768,35.8803]]}},{"type":"Feature","properties":{},"geometry":{"type":"LineString","coordinates":[[129.1356,35.8386],[129.1337,35.8365]]}},{"type":"Feature","properties":{},"geometry":{"type":"LineString","coordinates":[[129.3502,36.0841],[129.3529,36.0888]]}},{"type":"Feature","properties":{},"geometry":{"type":"LineString","coordinates":[[129.3529,36.0888],[129.3536,36.0898]]}},{"type":"Feature","properties":{},"geometry":{"type":"LineString","coordinates":[[129.3536,36.0898],[129.3543,36.091]]}},{"type":"Feature","properties":{},"geometry":{"type":"LineString","coordinates":[[129.3159,35.7103],[129.3288,35.7046]]}},{"type":"Feature","properties":{},"geometry":{"type":"LineString","coordinates":[[129.3125,35.7118],[129.3038,35.7156]]}},{"type":"Feature","properties":{},"geometry":{"type":"LineString","coordinates":[[129.3038,35.7156],[129.3021,35.7164]]}},{"type":"Feature","properties":{},"geometry":{"type":"LineString","coordinates":[[129.3039,35.7157],[129.3125,35.7118]]}},{"type":"Feature","properties":{},"geometry":{"type":"LineString","coordinates":[[129.3021,35.7164],[129.2951,35.7195]]}},{"type":"Feature","properties":{},"geometry":{"type":"LineString","coordinates":[[129.3021,35.7165],[129.3039,35.7157]]}},{"type":"Feature","properties":{},"geometry":{"type":"LineString","coordinates":[[129.2951,35.7196],[129.3021,35.7165]]}},{"type":"Feature","properties":{},"geometry":{"type":"LineString","coordinates":[[129.2951,35.7195],[129.2932,35.7204]]}},{"type":"Feature","properties":{},"geometry":{"type":"LineString","coordinates":[[129.2932,35.7204],[129.2951,35.7196]]}},{"type":"Feature","properties":{},"geometry":{"type":"LineString","coordinates":[[129.2932,35.7204],[129.2921,35.7208]]}},{"type":"Feature","properties":{},"geometry":{"type":"LineString","coordinates":[[129.222,35.736],[129.2232,35.736]]}},{"type":"Feature","properties":{},"geometry":{"type":"LineString","coordinates":[[129.222,35.736],[129.2142,35.737],[129.2075,35.7397]]}},{"type":"Feature","properties":{},"geometry":{"type":"LineString","coordinates":[[127.4846,35.0048],[127.4819,35.0065]]}},{"type":"Feature","properties":{},"geometry":{"type":"LineString","coordinates":[[126.8005,35.1629],[126.7978,35.1526]]}},{"type":"Feature","properties":{},"geometry":{"type":"LineString","coordinates":[[128.7169,36.6612],[128.7182,36.6562],[128.7181,36.6508],[128.7163,36.6445],[128.7144,36.6408]]}},{"type":"Feature","properties":{},"geometry":{"type":"LineString","coordinates":[[128.7019,36.6772],[128.7063,36.6742]]}},{"type":"Feature","properties":{},"geometry":{"type":"LineString","coordinates":[[128.6458,36.7162],[128.6462,36.7158]]}},{"type":"Feature","properties":{},"geometry":{"type":"LineString","coordinates":[[128.6965,36.6807],[128.6554,36.7082],[128.6461,36.7158]]}},{"type":"Feature","properties":{},"geometry":{"type":"LineString","coordinates":[[128.6461,36.7158],[128.6458,36.7161]]}},{"type":"Feature","properties":{},"geometry":{"type":"LineString","coordinates":[[128.6425,36.7205],[128.6458,36.7162]]}},{"type":"Feature","properties":{},"geometry":{"type":"LineString","coordinates":[[128.6462,36.7158],[128.6554,36.7082],[128.6965,36.6807]]}},{"type":"Feature","properties":{},"geometry":{"type":"LineString","coordinates":[[128.7,36.6784],[128.6965,36.6807]]}},{"type":"Feature","properties":{},"geometry":{"type":"LineString","coordinates":[[128.7,36.6784],[128.7019,36.6772]]}},{"type":"Feature","properties":{},"geometry":{"type":"LineString","coordinates":[[128.7019,36.6771],[128.7,36.6784]]}},{"type":"Feature","properties":{},"geometry":{"type":"LineString","coordinates":[[128.6965,36.6807],[128.7,36.6784]]}},{"type":"Feature","properties":{},"geometry":{"type":"LineString","coordinates":[[128.6423,36.7208],[128.6353,36.7305]]}},{"type":"Feature","properties":{},"geometry":{"type":"LineString","coordinates":[[128.6338,36.7331],[128.6353,36.7305]]}},{"type":"Feature","properties":{},"geometry":{"type":"LineString","coordinates":[[128.6353,36.7305],[128.6423,36.7208]]}},{"type":"Feature","properties":{},"geometry":{"type":"LineString","coordinates":[[128.6423,36.7208],[128.6425,36.7205]]}},{"type":"Feature","properties":{},"geometry":{"type":"LineString","coordinates":[[128.6458,36.7161],[128.6425,36.7205]]}},{"type":"Feature","properties":{},"geometry":{"type":"LineString","coordinates":[[128.6425,36.7205],[128.6423,36.7208]]}},{"type":"Feature","properties":{},"geometry":{"type":"LineString","coordinates":[[128.6328,36.7355],[128.6338,36.7331]]}},{"type":"Feature","properties":{},"geometry":{"type":"LineString","coordinates":[[128.6338,36.7331],[128.6327,36.7354]]}},{"type":"Feature","properties":{},"geometry":{"type":"LineString","coordinates":[[128.6326,36.736],[128.6328,36.7355]]}},{"type":"Feature","properties":{},"geometry":{"type":"LineString","coordinates":[[128.6353,36.7305],[128.6338,36.7331]]}},{"type":"Feature","properties":{},"geometry":{"type":"LineString","coordinates":[[128.6308,36.742],[128.6322,36.737]]}},{"type":"Feature","properties":{},"geometry":{"type":"LineString","coordinates":[[128.6327,36.7354],[128.6325,36.736]]}},{"type":"Feature","properties":{},"geometry":{"type":"LineString","coordinates":[[128.6321,36.737],[128.6297,36.7474]]}},{"type":"Feature","properties":{},"geometry":{"type":"LineString","coordinates":[[129.2035,35.9086],[129.2028,35.9078]]}},{"type":"Feature","properties":{},"geometry":{"type":"LineString","coordinates":[[129.2188,35.9344],[129.2196,35.9361]]}},{"type":"Feature","properties":{},"geometry":{"type":"LineString","coordinates":[[126.9285,37.2388],[126.9364,37.228]]}},{"type":"Feature","properties":{},"geometry":{"type":"LineString","coordinates":[[126.9206,37.2492],[126.9285,37.2388]]}},{"type":"Feature","properties":{},"geometry":{"type":"LineString","coordinates":[[126.9193,37.2508],[126.9206,37.2492]]}},{"type":"Feature","properties":{},"geometry":{"type":"LineString","coordinates":[[126.9148,37.2577],[126.9193,37.2508]]}},{"type":"Feature","properties":{},"geometry":{"type":"LineString","coordinates":[[129.1266,35.8385],[129.1301,35.8357],[129.1309,35.8336],[129.1303,35.8318],[129.1257,35.8267]]}},{"type":"Feature","properties":{},"geometry":{"type":"LineString","coordinates":[[128.6289,36.8045],[128.6303,36.8012]]}},{"type":"Feature","properties":{},"geometry":{"type":"LineString","coordinates":[[128.6284,36.8057],[128.6241,36.8137]]}},{"type":"Feature","properties":{},"geometry":{"type":"LineString","coordinates":[[128.6303,36.8012],[128.6304,36.8008]]}},{"type":"Feature","properties":{},"geometry":{"type":"LineString","coordinates":[[127.1551,36.7001],[127.1628,36.691],[127.1672,36.6869],[127.1842,36.68],[127.194,36.6804]]}},{"type":"Feature","properties":{},"geometry":{"type":"LineString","coordinates":[[127.8936,36.1454],[127.8938,36.1455]]}},{"type":"Feature","properties":{},"geometry":{"type":"LineString","coordinates":[[128.4229,36.0071],[128.4045,36.0186]]}},{"type":"Feature","properties":{},"geometry":{"type":"LineString","coordinates":[[127.914,36.1443],[127.9141,36.1444]]}},{"type":"Feature","properties":{},"geometry":{"type":"LineString","coordinates":[[127.8938,36.1455],[127.8947,36.1454]]}},{"type":"Feature","properties":{},"geometry":{"type":"LineString","coordinates":[[127.8967,36.1453],[127.9011,36.1451]]}},{"type":"Feature","properties":{},"geometry":{"type":"LineString","coordinates":[[127.8967,36.1453],[127.8947,36.1454]]}},{"type":"Feature","properties":{},"geometry":{"type":"LineString","coordinates":[[127.9011,36.1451],[127.914,36.1443]]}},{"type":"Feature","properties":{},"geometry":{"type":"LineString","coordinates":[[127.9011,36.145],[127.8967,36.1453]]}},{"type":"Feature","properties":{},"geometry":{"type":"LineString","coordinates":[[127.8947,36.1454],[127.8936,36.1453]]}},{"type":"Feature","properties":{},"geometry":{"type":"LineString","coordinates":[[127.8947,36.1454],[127.8967,36.1453]]}},{"type":"Feature","properties":{},"geometry":{"type":"LineString","coordinates":[[127.0262,37.2202],[127.0266,37.2196]]}},{"type":"Feature","properties":{},"geometry":{"type":"LineString","coordinates":[[128.4733,35.9758],[128.475,35.9747]]}},{"type":"Feature","properties":{},"geometry":{"type":"LineString","coordinates":[[128.455,35.9871],[128.4733,35.9758]]}},{"type":"Feature","properties":{},"geometry":{"type":"LineString","coordinates":[[128.4468,35.9922],[128.4442,35.9938]]}},{"type":"Feature","properties":{},"geometry":{"type":"LineString","coordinates":[[128.4469,35.9922],[128.455,35.9871]]}},{"type":"Feature","properties":{},"geometry":{"type":"LineString","coordinates":[[128.4442,35.9938],[128.4399,35.9965]]}},{"type":"Feature","properties":{},"geometry":{"type":"LineString","coordinates":[[128.4442,35.9939],[128.4469,35.9922]]}},{"type":"Feature","properties":{},"geometry":{"type":"LineString","coordinates":[[128.4352,35.9995],[128.4399,35.9965]]}},{"type":"Feature","properties":{},"geometry":{"type":"LineString","coordinates":[[128.4249,36.0059],[128.4285,36.0036]]}},{"type":"Feature","properties":{},"geometry":{"type":"LineString","coordinates":[[128.4285,36.0036],[128.4352,35.9995]]}},{"type":"Feature","properties":{},"geometry":{"type":"LineString","coordinates":[[128.4399,35.9965],[128.4442,35.9939]]}},{"type":"Feature","properties":{},"geometry":{"type":"LineString","coordinates":[[127.1024,36.8022],[127.1016,36.8053]]}},{"type":"Feature","properties":{},"geometry":{"type":"LineString","coordinates":[[127.0977,36.8207],[127.0967,36.8244]]}},{"type":"Feature","properties":{},"geometry":{"type":"LineString","coordinates":[[127.0967,36.8244],[127.0959,36.8277]]}},{"type":"Feature","properties":{},"geometry":{"type":"LineString","coordinates":[[127.0899,36.851],[127.0892,36.8536]]}},{"type":"Feature","properties":{},"geometry":{"type":"LineString","coordinates":[[127.0909,36.8471],[127.0899,36.851]]}},{"type":"Feature","properties":{},"geometry":{"type":"LineString","coordinates":[[127.0917,36.844],[127.0909,36.8471]]}},{"type":"Feature","properties":{},"geometry":{"type":"LineString","coordinates":[[127.0934,36.8373],[127.0917,36.844]]}},{"type":"Feature","properties":{},"geometry":{"type":"LineString","coordinates":[[127.0946,36.8327],[127.0934,36.8373]]}},{"type":"Feature","properties":{},"geometry":{"type":"LineString","coordinates":[[127.0959,36.8277],[127.0946,36.8327]]}},{"type":"Feature","properties":{},"geometry":{"type":"LineString","coordinates":[[127.0968,36.8245],[127.0977,36.8207]]}},{"type":"Feature","properties":{},"geometry":{"type":"LineString","coordinates":[[127.009,37.2521],[127.0095,37.2515]]}},{"type":"Feature","properties":{},"geometry":{"type":"LineString","coordinates":[[127.0095,37.2515],[127.0189,37.2343]]}},{"type":"Feature","properties":{},"geometry":{"type":"LineString","coordinates":[[127.1055,36.7898],[127.1032,36.7989]]}},{"type":"Feature","properties":{},"geometry":{"type":"LineString","coordinates":[[127.1026,36.8022],[127.1034,36.7989]]}},{"type":"Feature","properties":{},"geometry":{"type":"LineString","coordinates":[[127.1067,36.7858],[127.1055,36.7898]]}},{"type":"Feature","properties":{},"geometry":{"type":"LineString","coordinates":[[128.0371,37.5009],[128.0424,37.5043],[128.0498,37.5079],[128.063,37.5116]]}},{"type":"Feature","properties":{},"geometry":{"type":"LineString","coordinates":[[127.0189,37.2343],[127.0191,37.2339]]}},{"type":"Feature","properties":{},"geometry":{"type":"LineString","coordinates":[[127.0191,37.2339],[127.023,37.2264]]}},{"type":"Feature","properties":{},"geometry":{"type":"LineString","coordinates":[[127.023,37.2264],[127.0232,37.2261]]}},{"type":"Feature","properties":{},"geometry":{"type":"LineString","coordinates":[[127.0232,37.2261],[127.0236,37.2253]]}},{"type":"Feature","properties":{},"geometry":{"type":"LineString","coordinates":[[126.9677,37.5314],[126.9672,37.5311]]}},{"type":"Feature","properties":{},"geometry":{"type":"LineString","coordinates":[[126.7099,35.0079],[126.7117,35.0092]]}},{"type":"Feature","properties":{},"geometry":{"type":"LineString","coordinates":[[126.7065,35.0065],[126.7099,35.0079]]}},{"type":"Feature","properties":{},"geometry":{"type":"LineString","coordinates":[[126.7053,35.0063],[126.7065,35.0065]]}},{"type":"Feature","properties":{},"geometry":{"type":"LineString","coordinates":[[126.7034,35.006],[126.7053,35.0063]]}},{"type":"Feature","properties":{},"geometry":{"type":"LineString","coordinates":[[126.7014,35.006],[126.7031,35.006]]}},{"type":"Feature","properties":{},"geometry":{"type":"LineString","coordinates":[[126.7031,35.006],[126.7034,35.006]]}},{"type":"Feature","properties":{},"geometry":{"type":"LineString","coordinates":[[126.6991,35.0061],[126.7014,35.006]]}},{"type":"Feature","properties":{},"geometry":{"type":"LineString","coordinates":[[126.6971,35.0062],[126.6991,35.0061]]}},{"type":"Feature","properties":{},"geometry":{"type":"LineString","coordinates":[[126.7206,35.0164],[126.7211,35.0169]]}},{"type":"Feature","properties":{},"geometry":{"type":"LineString","coordinates":[[127.428,36.4508],[127.4292,36.4455]]}},{"type":"Feature","properties":{},"geometry":{"type":"LineString","coordinates":[[127.461,36.3144],[127.4594,36.3141]]}},{"type":"Feature","properties":{},"geometry":{"type":"LineString","coordinates":[[128.8977,37.7631],[128.8989,37.7641]]}},{"type":"Feature","properties":{},"geometry":{"type":"LineString","coordinates":[[128.9033,37.7676],[128.9014,37.7661]]}},{"type":"Feature","properties":{},"geometry":{"type":"LineString","coordinates":[[129.0197,37.6609],[129.0179,37.6642],[129.0181,37.6676],[129.0168,37.6723]]}},{"type":"Feature","properties":{},"geometry":{"type":"LineString","coordinates":[[129.0199,37.66],[129.0197,37.6609]]}},{"type":"Feature","properties":{},"geometry":{"type":"LineString","coordinates":[[129.0182,37.6508],[129.0199,37.66]]}},{"type":"Feature","properties":{},"geometry":{"type":"LineString","coordinates":[[129.0215,37.6358],[129.0185,37.6399],[129.0177,37.6425],[129.0175,37.647],[129.0182,37.6508]]}},{"type":"Feature","properties":{},"geometry":{"type":"LineString","coordinates":[[126.6039,35.0258],[126.6273,35.0185],[126.6327,35.0175]]}},{"type":"Feature","properties":{},"geometry":{"type":"LineString","coordinates":[[126.5977,35.0275],[126.6036,35.026]]}},{"type":"Feature","properties":{},"geometry":{"type":"LineString","coordinates":[[126.5924,35.0291],[126.5956,35.0282]]}},{"type":"Feature","properties":{},"geometry":{"type":"LineString","coordinates":[[126.5144,34.9589],[126.5147,34.9593]]}},{"type":"Feature","properties":{},"geometry":{"type":"LineString","coordinates":[[126.5147,34.9593],[126.5259,34.9731]]}},{"type":"Feature","properties":{},"geometry":{"type":"LineString","coordinates":[[126.7117,35.0092],[126.7145,35.0114]]}},{"type":"Feature","properties":{},"geometry":{"type":"LineString","coordinates":[[129.3563,35.5431],[129.3595,35.5491]]}},{"type":"Feature","properties":{},"geometry":{"type":"LineString","coordinates":[[129.3516,35.5344],[129.3523,35.5357]]}},{"type":"Feature","properties":{},"geometry":{"type":"LineString","coordinates":[[129.3512,35.5337],[129.3516,35.5344]]}},{"type":"Feature","properties":{},"geometry":{"type":"LineString","coordinates":[[129.3479,35.5275],[129.3512,35.5337]]}},{"type":"Feature","properties":{},"geometry":{"type":"LineString","coordinates":[[129.3476,35.5268],[129.3479,35.5275]]}},{"type":"Feature","properties":{},"geometry":{"type":"LineString","coordinates":[[126.7947,35.1455],[126.7967,35.1491],[126.7998,35.161]]}},{"type":"Feature","properties":{},"geometry":{"type":"LineString","coordinates":[[127.8928,37.3537],[127.8994,37.3588],[127.9056,37.3616]]}},{"type":"Feature","properties":{},"geometry":{"type":"LineString","coordinates":[[127.8878,37.3498],[127.8907,37.3519]]}},{"type":"Feature","properties":{},"geometry":{"type":"LineString","coordinates":[[127.8857,37.3483],[127.8878,37.3498]]}},{"type":"Feature","properties":{},"geometry":{"type":"LineString","coordinates":[[127.8907,37.3519],[127.8879,37.3498]]}},{"type":"Feature","properties":{},"geometry":{"type":"LineString","coordinates":[[127.8879,37.3498],[127.8858,37.3482]]}},{"type":"Feature","properties":{},"geometry":{"type":"LineString","coordinates":[[127.8537,37.3424],[127.8633,37.3423]]}},{"type":"Feature","properties":{},"geometry":{"type":"LineString","coordinates":[[127.8749,37.3438],[127.8766,37.3443]]}},{"type":"Feature","properties":{},"geometry":{"type":"LineString","coordinates":[[127.8853,37.3479],[127.8778,37.3447]]}},{"type":"Feature","properties":{},"geometry":{"type":"LineString","coordinates":[[127.8633,37.3423],[127.8638,37.3423]]}},{"type":"Feature","properties":{},"geometry":{"type":"LineString","coordinates":[[127.8673,37.3422],[127.8652,37.3422]]}},{"type":"Feature","properties":{},"geometry":{"type":"LineString","coordinates":[[127.8673,37.3423],[127.8749,37.3438]]}},{"type":"Feature","properties":{},"geometry":{"type":"LineString","coordinates":[[127.8749,37.3437],[127.8673,37.3422]]}},{"type":"Feature","properties":{},"geometry":{"type":"LineString","coordinates":[[127.8907,37.3519],[127.891,37.3523]]}},{"type":"Feature","properties":{},"geometry":{"type":"LineString","coordinates":[[126.7796,35.2983],[126.7803,35.3044]]}},{"type":"Feature","properties":{},"geometry":{"type":"LineString","coordinates":[[128.5789,37.6471],[128.5824,37.6508]]}},{"type":"Feature","properties":{},"geometry":{"type":"LineString","coordinates":[[128.5824,37.6508],[128.5837,37.6522]]}},{"type":"Feature","properties":{},"geometry":{"type":"LineString","coordinates":[[128.5716,37.6391],[128.5728,37.6404]]}},{"type":"Feature","properties":{},"geometry":{"type":"LineString","coordinates":[[128.5686,37.6359],[128.57,37.6375]]}},{"type":"Feature","properties":{},"geometry":{"type":"LineString","coordinates":[[128.5661,37.6334],[128.5676,37.6348]]}},{"type":"Feature","properties":{},"geometry":{"type":"LineString","coordinates":[[128.5643,37.6314],[128.5661,37.6334]]}},{"type":"Feature","properties":{},"geometry":{"type":"LineString","coordinates":[[128.5773,37.6452],[128.5755,37.6433]]}},{"type":"Feature","properties":{},"geometry":{"type":"LineString","coordinates":[[128.9152,37.7451],[128.9192,37.7433]]}},{"type":"Feature","properties":{},"geometry":{"type":"LineString","coordinates":[[126.7952,37.4824],[126.7956,37.4715],[126.7988,37.4658],[126.7989,37.4641],[126.7952,37.4545],[126.7853,37.4367],[126.7842,37.4308],[126.7842,37.4254],[126.787,37.4158],[126.7886,37.405]]}},{"type":"Feature","properties":{},"geometry":{"type":"LineString","coordinates":[[128.9241,37.7196],[128.9277,37.722],[128.9298,37.7268]]}},{"type":"Feature","properties":{},"geometry":{"type":"LineString","coordinates":[[128.9128,37.7196],[128.907,37.72]]}},{"type":"Feature","properties":{},"geometry":{"type":"LineString","coordinates":[[128.907,37.7201],[128.9128,37.7196]]}},{"type":"Feature","properties":{},"geometry":{"type":"LineString","coordinates":[[128.9049,37.7202],[128.907,37.7201]]}},{"type":"Feature","properties":{},"geometry":{"type":"LineString","coordinates":[[128.907,37.72],[128.9049,37.7202]]}},{"type":"Feature","properties":{},"geometry":{"type":"LineString","coordinates":[[128.8855,37.7197],[128.8949,37.7201]]}},{"type":"Feature","properties":{},"geometry":{"type":"LineString","coordinates":[[128.8998,37.7203],[128.9017,37.7203]]}},{"type":"Feature","properties":{},"geometry":{"type":"LineString","coordinates":[[128.9017,37.7203],[128.8998,37.7202]]}},{"type":"Feature","properties":{},"geometry":{"type":"LineString","coordinates":[[128.8949,37.72],[128.8855,37.7196]]}},{"type":"Feature","properties":{},"geometry":{"type":"LineString","coordinates":[[128.8832,37.7196],[128.8839,37.7196]]}},{"type":"Feature","properties":{},"geometry":{"type":"LineString","coordinates":[[128.8855,37.7196],[128.8843,37.7196]]}},{"type":"Feature","properties":{},"geometry":{"type":"LineString","coordinates":[[128.8763,37.7194],[128.8832,37.7196]]}},{"type":"Feature","properties":{},"geometry":{"type":"LineString","coordinates":[[128.8832,37.7195],[128.8763,37.7194]]}},{"type":"Feature","properties":{},"geometry":{"type":"LineString","coordinates":[[128.8763,37.7194],[128.8747,37.7193]]}},{"type":"Feature","properties":{},"geometry":{"type":"LineString","coordinates":[[128.8639,37.7191],[128.8676,37.7192]]}},{"type":"Feature","properties":{},"geometry":{"type":"LineString","coordinates":[[128.8611,37.719],[128.8639,37.7191]]}},{"type":"Feature","properties":{},"geometry":{"type":"LineString","coordinates":[[128.8639,37.7191],[128.8611,37.719]]}},{"type":"Feature","properties":{},"geometry":{"type":"LineString","coordinates":[[128.8611,37.719],[128.8582,37.7191]]}},{"type":"Feature","properties":{},"geometry":{"type":"LineString","coordinates":[[128.84,37.7227],[128.8582,37.7191]]}},{"type":"Feature","properties":{},"geometry":{"type":"LineString","coordinates":[[128.8582,37.7191],[128.8611,37.719]]}},{"type":"Feature","properties":{},"geometry":{"type":"LineString","coordinates":[[128.8582,37.7191],[128.8516,37.7199],[128.84,37.7226]]}},{"type":"Feature","properties":{},"geometry":{"type":"LineString","coordinates":[[128.8384,37.7231],[128.8396,37.7228]]}},{"type":"Feature","properties":{},"geometry":{"type":"LineString","coordinates":[[128.8396,37.7228],[128.84,37.7227]]}},{"type":"Feature","properties":{},"geometry":{"type":"LineString","coordinates":[[128.8396,37.7227],[128.8384,37.7231]]}},{"type":"Feature","properties":{},"geometry":{"type":"LineString","coordinates":[[128.84,37.7226],[128.8396,37.7227]]}},{"type":"Feature","properties":{},"geometry":{"type":"LineString","coordinates":[[128.8321,37.7245],[128.8384,37.7231]]}},{"type":"Feature","properties":{},"geometry":{"type":"LineString","coordinates":[[128.832,37.7245],[128.8228,37.7245],[128.8153,37.7236]]}},{"type":"Feature","properties":{},"geometry":{"type":"LineString","coordinates":[[128.8384,37.7231],[128.832,37.7245]]}},{"type":"Feature","properties":{},"geometry":{"type":"LineString","coordinates":[[128.8119,37.7227],[128.8138,37.7232]]}},{"type":"Feature","properties":{},"geometry":{"type":"LineString","coordinates":[[128.8153,37.7236],[128.8278,37.7249],[128.8321,37.7245]]}},{"type":"Feature","properties":{},"geometry":{"type":"LineString","coordinates":[[128.8153,37.7236],[128.8152,37.7236]]}},{"type":"Feature","properties":{},"geometry":{"type":"LineString","coordinates":[[128.812,37.7226],[128.7728,37.7069],[128.7093,37.6859],[128.6568,37.6747],[128.6149,37.6682],[128.6049,37.666],[128.5949,37.6614],[128.5899,37.658],[128.5849,37.6534]]}},{"type":"Feature","properties":{},"geometry":{"type":"LineString","coordinates":[[128.5849,37.6535],[128.5898,37.6582],[128.5947,37.6615],[128.6047,37.6661],[128.6149,37.6683],[128.6568,37.6748],[128.7093,37.686],[128.7728,37.707],[128.8119,37.7227]]}},{"type":"Feature","properties":{},"geometry":{"type":"LineString","coordinates":[[128.5849,37.6534],[128.5844,37.6528]]}},{"type":"Feature","properties":{},"geometry":{"type":"LineString","coordinates":[[128.5824,37.6508],[128.579,37.6471]]}},{"type":"Feature","properties":{},"geometry":{"type":"LineString","coordinates":[[128.5644,37.6313],[128.5638,37.6307]]}},{"type":"Feature","properties":{},"geometry":{"type":"LineString","coordinates":[[128.5662,37.6333],[128.5644,37.6313]]}},{"type":"Feature","properties":{},"geometry":{"type":"LineString","coordinates":[[128.5686,37.6359],[128.5685,37.6357]]}},{"type":"Feature","properties":{},"geometry":{"type":"LineString","coordinates":[[128.5701,37.6375],[128.5686,37.6359]]}},{"type":"Feature","properties":{},"geometry":{"type":"LineString","coordinates":[[128.5728,37.6404],[128.5734,37.6411]]}},{"type":"Feature","properties":{},"geometry":{"type":"LineString","coordinates":[[128.5728,37.6403],[128.5716,37.639]]}},{"type":"Feature","properties":{},"geometry":{"type":"LineString","coordinates":[[128.5735,37.641],[128.5728,37.6403]]}},{"type":"Feature","properties":{},"geometry":{"type":"LineString","coordinates":[[128.5734,37.6411],[128.5755,37.6433]]}},{"type":"Feature","properties":{},"geometry":{"type":"LineString","coordinates":[[128.5626,37.6296],[128.5634,37.6304]]}},{"type":"Feature","properties":{},"geometry":{"type":"LineString","coordinates":[[128.5585,37.6251],[128.5626,37.6296]]}},{"type":"Feature","properties":{},"geometry":{"type":"LineString","coordinates":[[128.5586,37.625],[128.5576,37.624]]}},{"type":"Feature","properties":{},"geometry":{"type":"LineString","coordinates":[[128.5576,37.624],[128.5563,37.6226]]}},{"type":"Feature","properties":{},"geometry":{"type":"LineString","coordinates":[[128.5575,37.624],[128.5585,37.6251]]}},{"type":"Feature","properties":{},"geometry":{"type":"LineString","coordinates":[[128.5562,37.6227],[128.5575,37.624]]}},{"type":"Feature","properties":{},"geometry":{"type":"LineString","coordinates":[[128.5563,37.6226],[128.5558,37.6221]]}},{"type":"Feature","properties":{},"geometry":{"type":"LineString","coordinates":[[128.5558,37.6221],[128.5546,37.6207]]}},{"type":"Feature","properties":{},"geometry":{"type":"LineString","coordinates":[[128.5545,37.6207],[128.5558,37.6221]]}},{"type":"Feature","properties":{},"geometry":{"type":"LineString","coordinates":[[128.5546,37.6207],[128.5507,37.6173]]}},{"type":"Feature","properties":{},"geometry":{"type":"LineString","coordinates":[[128.5506,37.6173],[128.5545,37.6207]]}},{"type":"Feature","properties":{},"geometry":{"type":"LineString","coordinates":[[128.5468,37.6149],[128.5506,37.6173]]}},{"type":"Feature","properties":{},"geometry":{"type":"LineString","coordinates":[[128.5507,37.6173],[128.5468,37.6149]]}},{"type":"Feature","properties":{},"geometry":{"type":"LineString","coordinates":[[128.5468,37.6149],[128.5466,37.6148]]}},{"type":"Feature","properties":{},"geometry":{"type":"LineString","coordinates":[[128.5351,37.6091],[128.5463,37.6147]]}},{"type":"Feature","properties":{},"geometry":{"type":"LineString","coordinates":[[128.5463,37.6147],[128.5466,37.6148]]}},{"type":"Feature","properties":{},"geometry":{"type":"LineString","coordinates":[[128.5463,37.6146],[128.5351,37.6091]]}},{"type":"Feature","properties":{},"geometry":{"type":"LineString","coordinates":[[128.5343,37.6088],[128.5351,37.6091]]}},{"type":"Feature","properties":{},"geometry":{"type":"LineString","coordinates":[[128.5321,37.6078],[128.5343,37.6088]]}},{"type":"Feature","properties":{},"geometry":{"type":"LineString","coordinates":[[128.5344,37.6088],[128.5321,37.6077]]}},{"type":"Feature","properties":{},"geometry":{"type":"LineString","coordinates":[[128.5351,37.6091],[128.5344,37.6088]]}},{"type":"Feature","properties":{},"geometry":{"type":"LineString","coordinates":[[128.5264,37.6048],[128.5316,37.6075]]}},{"type":"Feature","properties":{},"geometry":{"type":"LineString","coordinates":[[128.5316,37.6075],[128.5321,37.6078]]}},{"type":"Feature","properties":{},"geometry":{"type":"LineString","coordinates":[[128.5316,37.6075],[128.5264,37.6048]]}},{"type":"Feature","properties":{},"geometry":{"type":"LineString","coordinates":[[128.5321,37.6077],[128.5316,37.6075]]}},{"type":"Feature","properties":{},"geometry":{"type":"LineString","coordinates":[[128.5247,37.6038],[128.5211,37.6015]]}},{"type":"Feature","properties":{},"geometry":{"type":"LineString","coordinates":[[128.5203,37.601],[128.5005,37.5867],[128.4689,37.5653],[128.4656,37.5638],[128.4595,37.5623],[128.4391,37.5615]]}},{"type":"Feature","properties":{},"geometry":{"type":"LineString","coordinates":[[128.5211,37.6016],[128.5246,37.6038]]}},{"type":"Feature","properties":{},"geometry":{"type":"LineString","coordinates":[[128.4391,37.5616],[128.4593,37.5624],[128.4672,37.5646],[128.4991,37.5859],[128.5203,37.601]]}},{"type":"Feature","properties":{},"geometry":{"type":"LineString","coordinates":[[128.4362,37.5617],[128.4368,37.5617]]}},{"type":"Feature","properties":{},"geometry":{"type":"LineString","coordinates":[[128.4349,37.5618],[128.4362,37.5617]]}},{"type":"Feature","properties":{},"geometry":{"type":"LineString","coordinates":[[128.426,37.5622],[128.4349,37.5618]]}},{"type":"Feature","properties":{},"geometry":{"type":"LineString","coordinates":[[128.4349,37.5617],[128.426,37.5621]]}},{"type":"Feature","properties":{},"geometry":{"type":"LineString","coordinates":[[128.4362,37.5617],[128.4349,37.5617]]}},{"type":"Feature","properties":{},"geometry":{"type":"LineString","coordinates":[[128.4391,37.5615],[128.4368,37.5616]]}},{"type":"Feature","properties":{},"geometry":{"type":"LineString","coordinates":[[128.426,37.5621],[128.4024,37.5632]]}},{"type":"Feature","properties":{},"geometry":{"type":"LineString","coordinates":[[128.4024,37.5633],[128.426,37.5622]]}},{"type":"Feature","properties":{},"geometry":{"type":"LineString","coordinates":[[128.4015,37.5633],[128.4024,37.5633]]}},{"type":"Feature","properties":{},"geometry":{"type":"LineString","coordinates":[[128.3986,37.5632],[128.4015,37.5633]]}},{"type":"Feature","properties":{},"geometry":{"type":"LineString","coordinates":[[128.3986,37.5632],[128.3983,37.5632]]}},{"type":"Feature","properties":{},"geometry":{"type":"LineString","coordinates":[[128.4015,37.5632],[128.3986,37.5632]]}},{"type":"Feature","properties":{},"geometry":{"type":"LineString","coordinates":[[128.4024,37.5632],[128.4015,37.5632]]}},{"type":"Feature","properties":{},"geometry":{"type":"LineString","coordinates":[[128.3983,37.5632],[128.3986,37.5632]]}},{"type":"Feature","properties":{},"geometry":{"type":"LineString","coordinates":[[128.3983,37.5632],[128.3884,37.5619]]}},{"type":"Feature","properties":{},"geometry":{"type":"LineString","coordinates":[[128.3884,37.562],[128.3983,37.5632]]}},{"type":"Feature","properties":{},"geometry":{"type":"LineString","coordinates":[[128.38,37.5605],[128.3863,37.5616]]}},{"type":"Feature","properties":{},"geometry":{"type":"LineString","coordinates":[[128.3863,37.5616],[128.3884,37.562]]}},{"type":"Feature","properties":{},"geometry":{"type":"LineString","coordinates":[[128.3863,37.5615],[128.38,37.5604]]}},{"type":"Feature","properties":{},"geometry":{"type":"LineString","coordinates":[[128.3884,37.5619],[128.3863,37.5615]]}},{"type":"Feature","properties":{},"geometry":{"type":"LineString","coordinates":[[128.38,37.5604],[128.3679,37.5597]]}},{"type":"Feature","properties":{},"geometry":{"type":"LineString","coordinates":[[128.3551,37.5602],[128.3559,37.5602]]}},{"type":"Feature","properties":{},"geometry":{"type":"LineString","coordinates":[[128.3478,37.5597],[128.3551,37.5602]]}},{"type":"Feature","properties":{},"geometry":{"type":"LineString","coordinates":[[128.3551,37.5602],[128.3478,37.5596]]}},{"type":"Feature","properties":{},"geometry":{"type":"LineString","coordinates":[[128.2489,37.5166],[128.3073,37.5512],[128.3274,37.5558]]}},{"type":"Feature","properties":{},"geometry":{"type":"LineString","coordinates":[[128.3419,37.5586],[128.3426,37.5588]]}},{"type":"Feature","properties":{},"geometry":{"type":"LineString","coordinates":[[128.3403,37.5583],[128.3419,37.5586]]}},{"type":"Feature","properties":{},"geometry":{"type":"LineString","coordinates":[[128.3447,37.5592],[128.3456,37.5593]]}},{"type":"Feature","properties":{},"geometry":{"type":"LineString","coordinates":[[128.347,37.5596],[128.3478,37.5597]]}},{"type":"Feature","properties":{},"geometry":{"type":"LineString","coordinates":[[128.3478,37.5596],[128.347,37.5595]]}},{"type":"Feature","properties":{},"geometry":{"type":"LineString","coordinates":[[128.3403,37.5583],[128.3332,37.5569]]}},{"type":"Feature","properties":{},"geometry":{"type":"LineString","coordinates":[[128.342,37.5586],[128.3403,37.5583]]}},{"type":"Feature","properties":{},"geometry":{"type":"LineString","coordinates":[[128.3426,37.5587],[128.342,37.5586]]}},{"type":"Feature","properties":{},"geometry":{"type":"LineString","coordinates":[[128.3447,37.5591],[128.3426,37.5587]]}},{"type":"Feature","properties":{},"geometry":{"type":"LineString","coordinates":[[127.0499,37.5828],[127.0494,37.5823]]}},{"type":"Feature","properties":{},"geometry":{"type":"LineString","coordinates":[[128.2061,37.1273],[128.2092,37.1261]]}},{"type":"Feature","properties":{},"geometry":{"type":"LineString","coordinates":[[128.2277,37.1226],[128.2334,37.1226],[128.2361,37.1218],[128.2384,37.1201],[128.2408,37.1165]]}},{"type":"Feature","properties":{},"geometry":{"type":"LineString","coordinates":[[128.3274,37.5558],[128.3332,37.5569]]}},{"type":"Feature","properties":{},"geometry":{"type":"LineString","coordinates":[[128.3274,37.5557],[128.3074,37.5511],[128.249,37.5166]]}},{"type":"Feature","properties":{},"geometry":{"type":"LineString","coordinates":[[128.897,37.7625],[128.8951,37.76],[128.8961,37.7572],[128.9053,37.7488],[128.9152,37.7451]]}},{"type":"Feature","properties":{},"geometry":{"type":"LineString","coordinates":[[128.8989,37.7641],[128.8977,37.7631]]}},{"type":"Feature","properties":{},"geometry":{"type":"LineString","coordinates":[[128.8989,37.7641],[128.9001,37.765]]}},{"type":"Feature","properties":{},"geometry":{"type":"LineString","coordinates":[[128.9001,37.7651],[128.8989,37.7641]]}},{"type":"Feature","properties":{},"geometry":{"type":"LineString","coordinates":[[128.9005,37.7654],[128.9001,37.765]]}},{"type":"Feature","properties":{},"geometry":{"type":"LineString","coordinates":[[128.9005,37.7654],[128.9001,37.7651]]}},{"type":"Feature","properties":{},"geometry":{"type":"LineString","coordinates":[[128.9014,37.7661],[128.9005,37.7654]]}},{"type":"Feature","properties":{},"geometry":{"type":"LineString","coordinates":[[128.9014,37.7661],[128.9005,37.7654]]}},{"type":"Feature","properties":{},"geometry":{"type":"LineString","coordinates":[[126.7963,35.38],[126.804,35.4005]]}},{"type":"Feature","properties":{},"geometry":{"type":"LineString","coordinates":[[126.7503,35.2159],[126.7433,35.2187]]}},{"type":"Feature","properties":{},"geometry":{"type":"LineString","coordinates":[[128.5627,37.6295],[128.5586,37.625]]}},{"type":"Feature","properties":{},"geometry":{"type":"LineString","coordinates":[[128.5638,37.6307],[128.5635,37.6304]]}},{"type":"Feature","properties":{},"geometry":{"type":"LineString","coordinates":[[128.5635,37.6304],[128.5627,37.6295]]}},{"type":"Feature","properties":{},"geometry":{"type":"LineString","coordinates":[[128.5634,37.6304],[128.5637,37.6307]]}},{"type":"Feature","properties":{},"geometry":{"type":"LineString","coordinates":[[128.5637,37.6307],[128.5643,37.6314]]}},{"type":"Feature","properties":{},"geometry":{"type":"LineString","coordinates":[[128.1675,37.5188],[128.2033,37.508],[128.2082,37.5078]]}},{"type":"Feature","properties":{},"geometry":{"type":"LineString","coordinates":[[128.249,37.5166],[128.2406,37.513]]}},{"type":"Feature","properties":{},"geometry":{"type":"LineString","coordinates":[[127.5892,37.2924],[127.5906,37.2922]]}},{"type":"Feature","properties":{},"geometry":{"type":"LineString","coordinates":[[127.5887,37.2925],[127.5892,37.2924]]}},{"type":"Feature","properties":{},"geometry":{"type":"LineString","coordinates":[[128.9298,37.7268],[128.9309,37.7293]]}},{"type":"Feature","properties":{},"geometry":{"type":"LineString","coordinates":[[128.9245,37.7409],[128.9206,37.7427]]}},{"type":"Feature","properties":{},"geometry":{"type":"LineString","coordinates":[[129.1703,35.7792],[129.1739,35.7749]]}},{"type":"Feature","properties":{},"geometry":{"type":"LineString","coordinates":[[129.1702,35.7792],[129.1679,35.7811]]}},{"type":"Feature","properties":{},"geometry":{"type":"LineString","coordinates":[[129.1679,35.7814],[129.1703,35.7792]]}},{"type":"Feature","properties":{},"geometry":{"type":"LineString","coordinates":[[129.1676,35.7816],[129.1679,35.7814]]}},{"type":"Feature","properties":{},"geometry":{"type":"LineString","coordinates":[[129.1679,35.7811],[129.1675,35.7814]]}},{"type":"Feature","properties":{},"geometry":{"type":"LineString","coordinates":[[129.1675,35.7814],[129.1644,35.783]]}},{"type":"Feature","properties":{},"geometry":{"type":"LineString","coordinates":[[127.1574,36.7238],[127.1518,36.7073],[127.1522,36.7047],[127.1551,36.7001]]}},{"type":"Feature","properties":{},"geometry":{"type":"LineString","coordinates":[[127.1274,36.9094],[127.1279,36.9048],[127.1328,36.8942]]}},{"type":"Feature","properties":{},"geometry":{"type":"LineString","coordinates":[[127.1194,36.9551],[127.1228,36.9515],[127.1243,36.9489],[127.1253,36.9374]]}},{"type":"Feature","properties":{},"geometry":{"type":"LineString","coordinates":[[127.1184,36.9561],[127.1194,36.9551]]}},{"type":"Feature","properties":{},"geometry":{"type":"LineString","coordinates":[[127.0363,37.2008],[127.0428,37.1883]]}},{"type":"Feature","properties":{},"geometry":{"type":"LineString","coordinates":[[127.1328,36.8942],[127.1345,36.8907]]}},{"type":"Feature","properties":{},"geometry":{"type":"LineString","coordinates":[[128.0116,37.4835],[128.0067,37.4802]]}},{"type":"Feature","properties":{},"geometry":{"type":"LineString","coordinates":[[127.1058,36.9694],[127.1086,36.9664]]}},{"type":"Feature","properties":{},"geometry":{"type":"LineString","coordinates":[[127.1086,36.9664],[127.1184,36.9561]]}},{"type":"Feature","properties":{},"geometry":{"type":"LineString","coordinates":[[126.7882,35.1344],[126.7927,35.1417]]}},{"type":"Feature","properties":{},"geometry":{"type":"LineString","coordinates":[[129.3683,36.2702],[129.3688,36.2786]]}},{"type":"Feature","properties":{},"geometry":{"type":"LineString","coordinates":[[129.3701,36.2417],[129.3684,36.2451]]}},{"type":"Feature","properties":{},"geometry":{"type":"LineString","coordinates":[[126.6722,35.0086],[126.6783,35.0073]]}},{"type":"Feature","properties":{},"geometry":{"type":"LineString","coordinates":[[126.6783,35.0073],[126.6811,35.0068]]}},{"type":"Feature","properties":{},"geometry":{"type":"LineString","coordinates":[[127.6327,34.8059],[127.6336,34.8047]]}},{"type":"Feature","properties":{},"geometry":{"type":"LineString","coordinates":[[128.6303,35.8796],[128.6268,35.8787]]}},{"type":"Feature","properties":{},"geometry":{"type":"LineString","coordinates":[[128.6302,35.8797],[128.6301,35.8796]]}},{"type":"Feature","properties":{},"geometry":{"type":"LineString","coordinates":[[128.626,35.8784],[128.6242,35.8783]]}},{"type":"Feature","properties":{},"geometry":{"type":"LineString","coordinates":[[128.6242,35.8783],[128.6163,35.8763]]}},{"type":"Feature","properties":{},"geometry":{"type":"LineString","coordinates":[[128.626,35.8785],[128.6242,35.8783]]}},{"type":"Feature","properties":{},"geometry":{"type":"LineString","coordinates":[[128.6225,35.878],[128.6243,35.8783]]}},{"type":"Feature","properties":{},"geometry":{"type":"LineString","coordinates":[[128.626,35.8786],[128.6243,35.8783]]}},{"type":"Feature","properties":{},"geometry":{"type":"LineString","coordinates":[[128.6286,35.8796],[128.6288,35.8796]]}},{"type":"Feature","properties":{},"geometry":{"type":"LineString","coordinates":[[128.6288,35.8796],[128.6301,35.88]]}},{"type":"Feature","properties":{},"geometry":{"type":"LineString","coordinates":[[128.6286,35.8795],[128.6288,35.8796]]}},{"type":"Feature","properties":{},"geometry":{"type":"LineString","coordinates":[[128.6288,35.8796],[128.6301,35.88]]}},{"type":"Feature","properties":{},"geometry":{"type":"LineString","coordinates":[[128.6302,35.8798],[128.6313,35.8802]]}},{"type":"Feature","properties":{},"geometry":{"type":"LineString","coordinates":[[128.6259,35.8789],[128.6269,35.8792]]}},{"type":"Feature","properties":{},"geometry":{"type":"LineString","coordinates":[[128.6259,35.8789],[128.627,35.8791]]}},{"type":"Feature","properties":{},"geometry":{"type":"LineString","coordinates":[[128.6162,35.8763],[128.6225,35.878]]}},{"type":"Feature","properties":{},"geometry":{"type":"LineString","coordinates":[[128.6163,35.8763],[128.6111,35.8749]]}},{"type":"Feature","properties":{},"geometry":{"type":"LineString","coordinates":[[127.1054,36.351],[127.1077,36.3541]]}},{"type":"Feature","properties":{},"geometry":{"type":"LineString","coordinates":[[127.1019,36.3447],[127.1054,36.351]]}},{"type":"Feature","properties":{},"geometry":{"type":"LineString","coordinates":[[127.09,36.3163],[127.0911,36.319]]}},{"type":"Feature","properties":{},"geometry":{"type":"LineString","coordinates":[[127.0901,36.3163],[127.0898,36.3158]]}},{"type":"Feature","properties":{},"geometry":{"type":"LineString","coordinates":[[127.0898,36.3158],[127.0895,36.315]]}},{"type":"Feature","properties":{},"geometry":{"type":"LineString","coordinates":[[127.0898,36.3158],[127.09,36.3163]]}},{"type":"Feature","properties":{},"geometry":{"type":"LineString","coordinates":[[127.0982,36.3359],[127.0981,36.3356]]}},{"type":"Feature","properties":{},"geometry":{"type":"LineString","coordinates":[[127.0949,36.3282],[127.0954,36.3295]]}},{"type":"Feature","properties":{},"geometry":{"type":"LineString","coordinates":[[127.102,36.3447],[127.1004,36.341]]}},{"type":"Feature","properties":{},"geometry":{"type":"LineString","coordinates":[[127.1077,36.3541],[127.1085,36.3551]]}},{"type":"Feature","properties":{},"geometry":{"type":"LineString","coordinates":[[127.1054,36.351],[127.102,36.3447]]}},{"type":"Feature","properties":{},"geometry":{"type":"LineString","coordinates":[[127.1004,36.341],[127.1002,36.3406]]}},{"type":"Feature","properties":{},"geometry":{"type":"LineString","coordinates":[[127.1003,36.341],[127.1019,36.3447]]}},{"type":"Feature","properties":{},"geometry":{"type":"LineString","coordinates":[[127.1001,36.3406],[127.1003,36.341]]}},{"type":"Feature","properties":{},"geometry":{"type":"LineString","coordinates":[[127.1002,36.3406],[127.0997,36.3394]]}},{"type":"Feature","properties":{},"geometry":{"type":"LineString","coordinates":[[127.0997,36.3394],[127.0995,36.339]]}},{"type":"Feature","properties":{},"geometry":{"type":"LineString","coordinates":[[127.0996,36.3394],[127.1001,36.3406]]}},{"type":"Feature","properties":{},"geometry":{"type":"LineString","coordinates":[[127.0995,36.3391],[127.0996,36.3394]]}},{"type":"Feature","properties":{},"geometry":{"type":"LineString","coordinates":[[127.0995,36.339],[127.0989,36.3376]]}},{"type":"Feature","properties":{},"geometry":{"type":"LineString","coordinates":[[127.098,36.3352],[127.0976,36.3343]]}},{"type":"Feature","properties":{},"geometry":{"type":"LineString","coordinates":[[127.0979,36.3352],[127.0976,36.3344]]}},{"type":"Feature","properties":{},"geometry":{"type":"LineString","coordinates":[[127.0978,36.3352],[127.098,36.3356]]}},{"type":"Feature","properties":{},"geometry":{"type":"LineString","coordinates":[[127.0978,36.3352],[127.098,36.3356]]}},{"type":"Feature","properties":{},"geometry":{"type":"LineString","coordinates":[[127.098,36.3356],[127.0982,36.336]]}},{"type":"Feature","properties":{},"geometry":{"type":"LineString","coordinates":[[127.098,36.3356],[127.0982,36.336]]}},{"type":"Feature","properties":{},"geometry":{"type":"LineString","coordinates":[[127.0981,36.3356],[127.0979,36.3352]]}},{"type":"Feature","properties":{},"geometry":{"type":"LineString","coordinates":[[127.0981,36.3356],[127.098,36.3352]]}},{"type":"Feature","properties":{},"geometry":{"type":"LineString","coordinates":[[127.0957,36.3302],[127.0975,36.3344]]}},{"type":"Feature","properties":{},"geometry":{"type":"LineString","coordinates":[[127.0958,36.3302],[127.0975,36.3344]]}},{"type":"Feature","properties":{},"geometry":{"type":"LineString","coordinates":[[127.0959,36.3303],[127.0955,36.3295]]}},{"type":"Feature","properties":{},"geometry":{"type":"LineString","coordinates":[[127.096,36.3303],[127.0956,36.3296]]}},{"type":"Feature","properties":{},"geometry":{"type":"LineString","coordinates":[[127.0975,36.3344],[127.0978,36.3352]]}},{"type":"Feature","properties":{},"geometry":{"type":"LineString","coordinates":[[127.0975,36.3344],[127.0978,36.3352]]}},{"type":"Feature","properties":{},"geometry":{"type":"LineString","coordinates":[[127.0976,36.3344],[127.0959,36.3303]]}},{"type":"Feature","properties":{},"geometry":{"type":"LineString","coordinates":[[127.0976,36.3343],[127.096,36.3303]]}},{"type":"Feature","properties":{},"geometry":{"type":"LineString","coordinates":[[127.0954,36.3295],[127.0957,36.3302]]}},{"type":"Feature","properties":{},"geometry":{"type":"LineString","coordinates":[[127.0955,36.3295],[127.0958,36.3302]]}},{"type":"Feature","properties":{},"geometry":{"type":"LineString","coordinates":[[127.0955,36.3295],[127.095,36.3281]]}},{"type":"Feature","properties":{},"geometry":{"type":"LineString","coordinates":[[127.0956,36.3296],[127.095,36.3281]]}},{"type":"Feature","properties":{},"geometry":{"type":"LineString","coordinates":[[127.0687,37.0299],[127.069,37.0266]]}},{"type":"Feature","properties":{},"geometry":{"type":"LineString","coordinates":[[127.0686,37.0299],[127.0681,37.0356],[127.0685,37.0378]]}},{"type":"Feature","properties":{},"geometry":{"type":"LineString","coordinates":[[127.9455,37.4089],[127.9418,37.4057]]}},{"type":"Feature","properties":{},"geometry":{"type":"LineString","coordinates":[[127.9532,37.4156],[127.9516,37.4141]]}},{"type":"Feature","properties":{},"geometry":{"type":"LineString","coordinates":[[127.9532,37.4156],[127.954,37.4163]]}},{"type":"Feature","properties":{},"geometry":{"type":"LineString","coordinates":[[127.9515,37.4142],[127.9532,37.4156]]}},{"type":"Feature","properties":{},"geometry":{"type":"LineString","coordinates":[[127.9562,37.4182],[127.9555,37.4176]]}},{"type":"Feature","properties":{},"geometry":{"type":"LineString","coordinates":[[127.9561,37.4182],[127.9591,37.4208]]}},{"type":"Feature","properties":{},"geometry":{"type":"LineString","coordinates":[[127.9591,37.4208],[127.9599,37.4215]]}},{"type":"Feature","properties":{},"geometry":{"type":"LineString","coordinates":[[127.9592,37.4208],[127.9562,37.4182]]}},{"type":"Feature","properties":{},"geometry":{"type":"LineString","coordinates":[[127.9614,37.4227],[127.9604,37.4218]]}},{"type":"Feature","properties":{},"geometry":{"type":"LineString","coordinates":[[127.9604,37.4218],[127.96,37.4215]]}},{"type":"Feature","properties":{},"geometry":{"type":"LineString","coordinates":[[127.96,37.4215],[127.9592,37.4208]]}},{"type":"Feature","properties":{},"geometry":{"type":"LineString","coordinates":[[127.9603,37.4219],[127.9613,37.4227]]}},{"type":"Feature","properties":{},"geometry":{"type":"LineString","coordinates":[[127.9599,37.4215],[127.9603,37.4219]]}},{"type":"Feature","properties":{},"geometry":{"type":"LineString","coordinates":[[127.9766,37.4326],[127.9614,37.4227]]}},{"type":"Feature","properties":{},"geometry":{"type":"LineString","coordinates":[[127.9765,37.4327],[127.978,37.4339]]}},{"type":"Feature","properties":{},"geometry":{"type":"LineString","coordinates":[[127.9838,37.4416],[127.9788,37.4345]]}},{"type":"Feature","properties":{},"geometry":{"type":"LineString","coordinates":[[127.978,37.4339],[127.9766,37.4326]]}},{"type":"Feature","properties":{},"geometry":{"type":"LineString","coordinates":[[127.9837,37.4416],[127.9838,37.442]]}},{"type":"Feature","properties":{},"geometry":{"type":"LineString","coordinates":[[128.0034,37.4779],[128.0056,37.4795]]}},{"type":"Feature","properties":{},"geometry":{"type":"LineString","coordinates":[[128.0035,37.4779],[127.9964,37.4728]]}},{"type":"Feature","properties":{},"geometry":{"type":"LineString","coordinates":[[127.9964,37.4728],[127.9954,37.4719]]}},{"type":"Feature","properties":{},"geometry":{"type":"LineString","coordinates":[[127.9954,37.4719],[127.9922,37.4681]]}},{"type":"Feature","properties":{},"geometry":{"type":"LineString","coordinates":[[127.9953,37.472],[127.9963,37.4729]]}},{"type":"Feature","properties":{},"geometry":{"type":"LineString","coordinates":[[127.9963,37.4729],[128.003,37.4777]]}},{"type":"Feature","properties":{},"geometry":{"type":"LineString","coordinates":[[128.0115,37.4835],[128.0123,37.4841]]}},{"type":"Feature","properties":{},"geometry":{"type":"LineString","coordinates":[[128.063,37.5116],[128.0634,37.5117]]}},{"type":"Feature","properties":{},"geometry":{"type":"LineString","coordinates":[[128.0372,37.5008],[128.0368,37.5006]]}},{"type":"Feature","properties":{},"geometry":{"type":"LineString","coordinates":[[128.0655,37.5122],[128.1022,37.5226]]}},{"type":"Feature","properties":{},"geometry":{"type":"LineString","coordinates":[[128.0646,37.512],[128.0655,37.5122]]}},{"type":"Feature","properties":{},"geometry":{"type":"LineString","coordinates":[[128.0634,37.5117],[128.0646,37.512]]}},{"type":"Feature","properties":{},"geometry":{"type":"LineString","coordinates":[[128.0631,37.5115],[128.0498,37.5078],[128.0425,37.5043],[128.0372,37.5008]]}},{"type":"Feature","properties":{},"geometry":{"type":"LineString","coordinates":[[128.0634,37.5116],[128.0631,37.5115]]}},{"type":"Feature","properties":{},"geometry":{"type":"LineString","coordinates":[[128.0646,37.5119],[128.0634,37.5116]]}},{"type":"Feature","properties":{},"geometry":{"type":"LineString","coordinates":[[128.1022,37.5226],[128.1055,37.5236]]}},{"type":"Feature","properties":{},"geometry":{"type":"LineString","coordinates":[[128.0656,37.5122],[128.0646,37.5119]]}},{"type":"Feature","properties":{},"geometry":{"type":"LineString","coordinates":[[128.1022,37.5226],[128.0656,37.5122]]}},{"type":"Feature","properties":{},"geometry":{"type":"LineString","coordinates":[[128.1129,37.5256],[128.1205,37.5266],[128.1388,37.5255],[128.1538,37.5232],[128.1648,37.5198]]}},{"type":"Feature","properties":{},"geometry":{"type":"LineString","coordinates":[[128.1648,37.5198],[128.1675,37.5188]]}},{"type":"Feature","properties":{},"geometry":{"type":"LineString","coordinates":[[128.113,37.5256],[128.112,37.5253]]}},{"type":"Feature","properties":{},"geometry":{"type":"LineString","coordinates":[[128.1648,37.5197],[128.1538,37.5231],[128.1388,37.5253],[128.1205,37.5266],[128.113,37.5256]]}},{"type":"Feature","properties":{},"geometry":{"type":"LineString","coordinates":[[128.2082,37.5078],[128.2086,37.5079]]}},{"type":"Feature","properties":{},"geometry":{"type":"LineString","coordinates":[[128.2082,37.5078],[128.2033,37.5079],[128.1675,37.5188]]}},{"type":"Feature","properties":{},"geometry":{"type":"LineString","coordinates":[[127.9205,37.3687],[127.9239,37.372],[127.9272,37.3788]]}},{"type":"Feature","properties":{},"geometry":{"type":"LineString","coordinates":[[127.918,37.3671],[127.9185,37.3673]]}},{"type":"Feature","properties":{},"geometry":{"type":"LineString","coordinates":[[127.9185,37.3673],[127.9205,37.3687]]}},{"type":"Feature","properties":{},"geometry":{"type":"LineString","coordinates":[[127.9272,37.3788],[127.9281,37.3812]]}},{"type":"Feature","properties":{},"geometry":{"type":"LineString","coordinates":[[127.9272,37.3788],[127.924,37.372],[127.9206,37.3686]]}},{"type":"Feature","properties":{},"geometry":{"type":"LineString","coordinates":[[127.9206,37.3686],[127.9185,37.3673]]}},{"type":"Feature","properties":{},"geometry":{"type":"LineString","coordinates":[[127.9169,37.3664],[127.9153,37.3656]]}},{"type":"Feature","properties":{},"geometry":{"type":"LineString","coordinates":[[127.9185,37.3673],[127.918,37.367]]}},{"type":"Feature","properties":{},"geometry":{"type":"LineString","coordinates":[[127.8499,37.3424],[127.8462,37.344]]}},{"type":"Feature","properties":{},"geometry":{"type":"LineString","coordinates":[[127.8537,37.3423],[127.8499,37.3424]]}},{"type":"Feature","properties":{},"geometry":{"type":"LineString","coordinates":[[127.9147,37.3654],[127.9153,37.3656]]}},{"type":"Feature","properties":{},"geometry":{"type":"LineString","coordinates":[[127.9147,37.3653],[127.9126,37.3644]]}},{"type":"Feature","properties":{},"geometry":{"type":"LineString","coordinates":[[127.9153,37.3656],[127.9168,37.3664]]}},{"type":"Feature","properties":{},"geometry":{"type":"LineString","coordinates":[[127.9153,37.3656],[127.9147,37.3653]]}},{"type":"Feature","properties":{},"geometry":{"type":"LineString","coordinates":[[127.0683,36.9628],[127.0703,36.9533]]}},{"type":"Feature","properties":{},"geometry":{"type":"LineString","coordinates":[[126.8836,35.6552],[126.8824,35.6527]]}},{"type":"Feature","properties":{},"geometry":{"type":"LineString","coordinates":[[126.8796,35.6461],[126.8744,35.6347],[126.8721,35.6321]]}},{"type":"Feature","properties":{},"geometry":{"type":"LineString","coordinates":[[126.8723,35.6235],[126.8724,35.6237]]}},{"type":"Feature","properties":{},"geometry":{"type":"LineString","coordinates":[[126.8724,35.6237],[126.8728,35.6244]]}},{"type":"Feature","properties":{},"geometry":{"type":"LineString","coordinates":[[126.8649,35.6101],[126.8708,35.6207]]}},{"type":"Feature","properties":{},"geometry":{"type":"LineString","coordinates":[[126.8634,35.6074],[126.8649,35.6101]]}},{"type":"Feature","properties":{},"geometry":{"type":"LineString","coordinates":[[126.8385,35.5709],[126.8377,35.5699]]}},{"type":"Feature","properties":{},"geometry":{"type":"LineString","coordinates":[[126.8377,35.57],[126.8384,35.571]]}},{"type":"Feature","properties":{},"geometry":{"type":"LineString","coordinates":[[126.8377,35.5699],[126.833,35.5635]]}},{"type":"Feature","properties":{},"geometry":{"type":"LineString","coordinates":[[126.8329,35.5636],[126.8377,35.57]]}},{"type":"Feature","properties":{},"geometry":{"type":"LineString","coordinates":[[126.8322,35.5626],[126.8329,35.5636]]}},{"type":"Feature","properties":{},"geometry":{"type":"LineString","coordinates":[[126.8311,35.5607],[126.8292,35.5576]]}},{"type":"Feature","properties":{},"geometry":{"type":"LineString","coordinates":[[126.833,35.5635],[126.8323,35.5626]]}},{"type":"Feature","properties":{},"geometry":{"type":"LineString","coordinates":[[126.8149,35.519],[126.8147,35.5187]]}},{"type":"Feature","properties":{},"geometry":{"type":"LineString","coordinates":[[126.8147,35.5187],[126.8127,35.5156]]}},{"type":"Feature","properties":{},"geometry":{"type":"LineString","coordinates":[[126.7995,35.4968],[126.8134,35.5256]]}},{"type":"Feature","properties":{},"geometry":{"type":"LineString","coordinates":[[126.6036,35.026],[126.6039,35.0258]]}},{"type":"Feature","properties":{},"geometry":{"type":"LineString","coordinates":[[126.6327,35.0175],[126.6389,35.0167]]}},{"type":"Feature","properties":{},"geometry":{"type":"LineString","coordinates":[[126.6389,35.0167],[126.6435,35.0161]]}},{"type":"Feature","properties":{},"geometry":{"type":"LineString","coordinates":[[127.1568,36.2243],[127.1564,36.2243]]}},{"type":"Feature","properties":{},"geometry":{"type":"LineString","coordinates":[[127.1966,36.2101],[127.1935,36.2092],[127.1909,36.2093],[127.178,36.213],[127.1756,36.2145],[127.1709,36.2204],[127.1683,36.2222],[127.1568,36.2243]]}},{"type":"Feature","properties":{},"geometry":{"type":"LineString","coordinates":[[129.3682,36.268],[129.3683,36.2691]]}},{"type":"Feature","properties":{},"geometry":{"type":"LineString","coordinates":[[129.3684,36.2451],[129.3679,36.2469]]}},{"type":"Feature","properties":{},"geometry":{"type":"LineString","coordinates":[[128.8639,35.3996],[128.8694,35.3948],[128.8724,35.3894],[128.8763,35.3791],[128.8822,35.3739],[128.8852,35.3726],[128.9123,35.3683],[128.9151,35.3673],[128.9168,35.3659]]}},{"type":"Feature","properties":{},"geometry":{"type":"LineString","coordinates":[[128.8176,35.4021],[128.82,35.4015]]}},{"type":"Feature","properties":{},"geometry":{"type":"LineString","coordinates":[[128.8129,35.4041],[128.8176,35.4021]]}},{"type":"Feature","properties":{},"geometry":{"type":"LineString","coordinates":[[128.8038,35.408],[128.8129,35.4041]]}},{"type":"Feature","properties":{},"geometry":{"type":"LineString","coordinates":[[127.104,37.2971],[127.1042,37.2516],[127.1035,37.2452],[127.0965,37.2198],[127.0957,37.2073]]}},{"type":"Feature","properties":{},"geometry":{"type":"LineString","coordinates":[[128.3486,35.2509],[128.3547,35.2531]]}},{"type":"Feature","properties":{},"geometry":{"type":"LineString","coordinates":[[128.3451,35.2497],[128.3486,35.2509]]}},{"type":"Feature","properties":{},"geometry":{"type":"LineString","coordinates":[[128.3451,35.2496],[128.3437,35.2491]]}},{"type":"Feature","properties":{},"geometry":{"type":"LineString","coordinates":[[128.3486,35.2509],[128.3451,35.2496]]}},{"type":"Feature","properties":{},"geometry":{"type":"LineString","coordinates":[[128.3557,35.2535],[128.3635,35.2561]]}},{"type":"Feature","properties":{},"geometry":{"type":"LineString","coordinates":[[128.3547,35.2531],[128.3557,35.2535]]}},{"type":"Feature","properties":{},"geometry":{"type":"LineString","coordinates":[[128.3547,35.253],[128.3486,35.2509]]}},{"type":"Feature","properties":{},"geometry":{"type":"LineString","coordinates":[[128.3558,35.2534],[128.3547,35.253]]}},{"type":"Feature","properties":{},"geometry":{"type":"LineString","coordinates":[[127.2067,36.6771],[127.2091,36.6759],[127.2141,36.6714],[127.2174,36.6612],[127.2187,36.6595]]}},{"type":"Feature","properties":{},"geometry":{"type":"LineString","coordinates":[[127.194,36.6804],[127.1944,36.6804]]}},{"type":"Feature","properties":{},"geometry":{"type":"LineString","coordinates":[[127.6422,34.7935],[127.6471,34.786]]}},{"type":"Feature","properties":{},"geometry":{"type":"LineString","coordinates":[[127.6402,34.796],[127.6422,34.7935]]}},{"type":"Feature","properties":{},"geometry":{"type":"LineString","coordinates":[[127.6336,34.8047],[127.6341,34.8041]]}},{"type":"Feature","properties":{},"geometry":{"type":"LineString","coordinates":[[127.6249,34.8161],[127.6264,34.8142]]}},{"type":"Feature","properties":{},"geometry":{"type":"LineString","coordinates":[[127.6272,34.8132],[127.6309,34.8082]]}},{"type":"Feature","properties":{},"geometry":{"type":"LineString","coordinates":[[127.6264,34.8142],[127.6272,34.8132]]}},{"type":"Feature","properties":{},"geometry":{"type":"LineString","coordinates":[[127.6309,34.8082],[127.6271,34.8132]]}},{"type":"Feature","properties":{},"geometry":{"type":"LineString","coordinates":[[127.6263,34.8142],[127.6249,34.816]]}},{"type":"Feature","properties":{},"geometry":{"type":"LineString","coordinates":[[127.6271,34.8132],[127.6263,34.8142]]}},{"type":"Feature","properties":{},"geometry":{"type":"LineString","coordinates":[[129.3798,36.3952],[129.3803,36.4],[129.3795,36.4039]]}},{"type":"Feature","properties":{},"geometry":{"type":"LineString","coordinates":[[129.3838,36.4384],[129.3959,36.4686],[129.3969,36.474]]}},{"type":"Feature","properties":{},"geometry":{"type":"LineString","coordinates":[[129.3771,36.4169],[129.3774,36.4154]]}},{"type":"Feature","properties":{},"geometry":{"type":"LineString","coordinates":[[129.3688,36.2786],[129.3692,36.287]]}},{"type":"Feature","properties":{},"geometry":{"type":"LineString","coordinates":[[129.3675,36.2514],[129.3682,36.268]]}},{"type":"Feature","properties":{},"geometry":{"type":"LineString","coordinates":[[127.157,36.7261],[127.1574,36.7238]]}},{"type":"Feature","properties":{},"geometry":{"type":"LineString","coordinates":[[127.1568,36.7265],[127.157,36.7261]]}},{"type":"Feature","properties":{},"geometry":{"type":"LineString","coordinates":[[127.1496,36.8232],[127.1484,36.816]]}},{"type":"Feature","properties":{},"geometry":{"type":"LineString","coordinates":[[127.1496,36.8234],[127.1496,36.8232]]}},{"type":"Feature","properties":{},"geometry":{"type":"LineString","coordinates":[[127.1472,36.8097],[127.1459,36.8032],[127.1477,36.794]]}},{"type":"Feature","properties":{},"geometry":{"type":"LineString","coordinates":[[127.1484,36.816],[127.1482,36.8155]]}},{"type":"Feature","properties":{},"geometry":{"type":"LineString","coordinates":[[127.147,36.846],[127.1474,36.844]]}},{"type":"Feature","properties":{},"geometry":{"type":"LineString","coordinates":[[127.147,36.8462],[127.147,36.846]]}},{"type":"Feature","properties":{},"geometry":{"type":"LineString","coordinates":[[127.1477,36.7935],[127.1471,36.7895],[127.1416,36.7761]]}},{"type":"Feature","properties":{},"geometry":{"type":"LineString","coordinates":[[127.1477,36.794],[127.1477,36.7935]]}},{"type":"Feature","properties":{},"geometry":{"type":"LineString","coordinates":[[127.1413,36.7652],[127.1425,36.7613],[127.1427,36.7571],[127.1425,36.7548],[127.1404,36.7503],[127.1408,36.7433],[127.143,36.7384],[127.1467,36.735]]}},{"type":"Feature","properties":{},"geometry":{"type":"LineString","coordinates":[[127.1416,36.7761],[127.1416,36.7759]]}},{"type":"Feature","properties":{},"geometry":{"type":"LineString","coordinates":[[127.1468,36.8625],[127.146,36.8582]]}},{"type":"Feature","properties":{},"geometry":{"type":"LineString","coordinates":[[127.1468,36.8632],[127.1468,36.8625]]}},{"type":"Feature","properties":{},"geometry":{"type":"LineString","coordinates":[[126.9448,35.8547],[126.9445,35.8541]]}},{"type":"Feature","properties":{},"geometry":{"type":"LineString","coordinates":[[126.9404,35.8859],[126.947,35.8671],[126.9468,35.8634],[126.9448,35.8547]]}},{"type":"Feature","properties":{},"geometry":{"type":"LineString","coordinates":[[126.986,36.0984],[126.9843,36.0981]]}},{"type":"Feature","properties":{},"geometry":{"type":"LineString","coordinates":[[127.0065,36.1323],[126.9957,36.1265],[126.9942,36.1245],[126.9922,36.1181]]}},{"type":"Feature","properties":{},"geometry":{"type":"LineString","coordinates":[[128.1892,37.1277],[128.191,37.1283]]}},{"type":"Feature","properties":{},"geometry":{"type":"LineString","coordinates":[[128.2138,37.1244],[128.2149,37.124]]}},{"type":"Feature","properties":{},"geometry":{"type":"LineString","coordinates":[[128.2029,37.1283],[128.2014,37.129]]}},{"type":"Feature","properties":{},"geometry":{"type":"LineString","coordinates":[[128.2149,37.124],[128.2202,37.1226],[128.2277,37.1226]]}},{"type":"Feature","properties":{},"geometry":{"type":"LineString","coordinates":[[128.9293,35.9587],[128.9265,35.9585]]}},{"type":"Feature","properties":{},"geometry":{"type":"LineString","coordinates":[[128.5797,35.2392],[128.5799,35.2394]]}},{"type":"Feature","properties":{},"geometry":{"type":"LineString","coordinates":[[128.5797,35.2392],[128.5712,35.2311]]}},{"type":"Feature","properties":{},"geometry":{"type":"LineString","coordinates":[[128.5799,35.2394],[128.5797,35.2392]]}},{"type":"Feature","properties":{},"geometry":{"type":"LineString","coordinates":[[128.5712,35.2312],[128.5797,35.2392]]}},{"type":"Feature","properties":{},"geometry":{"type":"LineString","coordinates":[[128.7614,35.2637],[128.7649,35.2712]]}},{"type":"Feature","properties":{},"geometry":{"type":"LineString","coordinates":[[128.7606,35.262],[128.7614,35.2637]]}},{"type":"Feature","properties":{},"geometry":{"type":"LineString","coordinates":[[128.7614,35.2636],[128.7607,35.262]]}},{"type":"Feature","properties":{},"geometry":{"type":"LineString","coordinates":[[128.765,35.2712],[128.7614,35.2636]]}},{"type":"Feature","properties":{},"geometry":{"type":"LineString","coordinates":[[127.2064,36.6772],[127.2067,36.6771]]}},{"type":"Feature","properties":{},"geometry":{"type":"LineString","coordinates":[[127.1944,36.6804],[127.1968,36.6803],[127.2064,36.6772]]}},{"type":"Feature","properties":{},"geometry":{"type":"LineString","coordinates":[[127.0575,37.0881],[127.0572,37.0875]]}},{"type":"Feature","properties":{},"geometry":{"type":"LineString","coordinates":[[127.0587,37.0911],[127.0575,37.0881]]}},{"type":"Feature","properties":{},"geometry":{"type":"LineString","coordinates":[[127.0635,37.168],[127.0666,37.1553]]}},{"type":"Feature","properties":{},"geometry":{"type":"LineString","coordinates":[[127.0634,37.1682],[127.0635,37.168]]}},{"type":"Feature","properties":{},"geometry":{"type":"LineString","coordinates":[[127.067,37.1536],[127.0674,37.1506],[127.0659,37.1382]]}},{"type":"Feature","properties":{},"geometry":{"type":"LineString","coordinates":[[127.0666,37.1553],[127.067,37.1536]]}},{"type":"Feature","properties":{},"geometry":{"type":"LineString","coordinates":[[127.064,37.1226],[127.0617,37.1044]]}},{"type":"Feature","properties":{},"geometry":{"type":"LineString","coordinates":[[127.064,37.1228],[127.064,37.1226]]}},{"type":"Feature","properties":{},"geometry":{"type":"LineString","coordinates":[[127.0608,37.0971],[127.0589,37.0916]]}},{"type":"Feature","properties":{},"geometry":{"type":"LineString","coordinates":[[127.0617,37.1044],[127.0617,37.1041]]}},{"type":"Feature","properties":{},"geometry":{"type":"LineString","coordinates":[[127.0529,37.0565],[127.0523,37.0508],[127.053,37.0481],[127.0551,37.0459],[127.067,37.038],[127.0685,37.0353],[127.0692,37.03]]}},{"type":"Feature","properties":{},"geometry":{"type":"LineString","coordinates":[[127.0589,37.0916],[127.0587,37.0911]]}},{"type":"Feature","properties":{},"geometry":{"type":"LineString","coordinates":[[127.0692,37.0296],[127.0698,37.0248]]}},{"type":"Feature","properties":{},"geometry":{"type":"LineString","coordinates":[[127.0692,37.03],[127.0692,37.0296]]}},{"type":"Feature","properties":{},"geometry":{"type":"LineString","coordinates":[[127.0698,37.0246],[127.0709,37.0154]]}},{"type":"Feature","properties":{},"geometry":{"type":"LineString","coordinates":[[127.0698,37.0248],[127.0698,37.0246]]}},{"type":"Feature","properties":{},"geometry":{"type":"LineString","coordinates":[[127.0709,37.0153],[127.0722,37.0051],[127.0785,36.998]]}},{"type":"Feature","properties":{},"geometry":{"type":"LineString","coordinates":[[127.0709,37.0154],[127.0709,37.0153]]}},{"type":"Feature","properties":{},"geometry":{"type":"LineString","coordinates":[[127.0811,36.9952],[127.0926,36.9832]]}},{"type":"Feature","properties":{},"geometry":{"type":"LineString","coordinates":[[127.0785,36.998],[127.0795,36.9969]]}},{"type":"Feature","properties":{},"geometry":{"type":"LineString","coordinates":[[127.0993,36.9761],[127.1058,36.9694]]}},{"type":"Feature","properties":{},"geometry":{"type":"LineString","coordinates":[[127.099,36.9764],[127.0993,36.9761]]}},{"type":"Feature","properties":{},"geometry":{"type":"LineString","coordinates":[[127.1253,36.9372],[127.126,36.9278]]}},{"type":"Feature","properties":{},"geometry":{"type":"LineString","coordinates":[[127.1253,36.9374],[127.1253,36.9372]]}},{"type":"Feature","properties":{},"geometry":{"type":"LineString","coordinates":[[127.1274,36.9095],[127.1274,36.9094]]}},{"type":"Feature","properties":{},"geometry":{"type":"LineString","coordinates":[[127.1261,36.9272],[127.1274,36.9095]]}},{"type":"Feature","properties":{},"geometry":{"type":"LineString","coordinates":[[128.4593,35.2521],[128.4575,35.2517]]}},{"type":"Feature","properties":{},"geometry":{"type":"LineString","coordinates":[[128.4597,35.2522],[128.4593,35.2521]]}},{"type":"Feature","properties":{},"geometry":{"type":"LineString","coordinates":[[128.4597,35.2522],[128.4615,35.2526]]}},{"type":"Feature","properties":{},"geometry":{"type":"LineString","coordinates":[[128.4594,35.2522],[128.4597,35.2522]]}},{"type":"Feature","properties":{},"geometry":{"type":"LineString","coordinates":[[129.3658,36.1641],[129.3659,36.1721]]}},{"type":"Feature","properties":{},"geometry":{"type":"LineString","coordinates":[[129.3666,36.1404],[129.3658,36.1526]]}},{"type":"Feature","properties":{},"geometry":{"type":"LineString","coordinates":[[129.3659,36.1721],[129.3661,36.1935]]}},{"type":"Feature","properties":{},"geometry":{"type":"LineString","coordinates":[[129.3664,36.2102],[129.3675,36.2148],[129.3713,36.2214]]}},{"type":"Feature","properties":{},"geometry":{"type":"LineString","coordinates":[[129.3742,36.2323],[129.3734,36.2357]]}},{"type":"Feature","properties":{},"geometry":{"type":"LineString","coordinates":[[129.3734,36.2357],[129.3713,36.2398]]}},{"type":"Feature","properties":{},"geometry":{"type":"LineString","coordinates":[[129.3675,36.2498],[129.3675,36.2502]]}},{"type":"Feature","properties":{},"geometry":{"type":"LineString","coordinates":[[129.3675,36.2502],[129.3675,36.2514]]}},{"type":"Feature","properties":{},"geometry":{"type":"LineString","coordinates":[[129.3709,36.3212],[129.3714,36.333]]}},{"type":"Feature","properties":{},"geometry":{"type":"LineString","coordinates":[[129.3708,36.3201],[129.3709,36.3212]]}},{"type":"Feature","properties":{},"geometry":{"type":"LineString","coordinates":[[129.3695,36.2933],[129.3702,36.3065]]}},{"type":"Feature","properties":{},"geometry":{"type":"LineString","coordinates":[[129.3716,36.3368],[129.3721,36.347]]}},{"type":"Feature","properties":{},"geometry":{"type":"LineString","coordinates":[[129.3714,36.3333],[129.3716,36.3363]]}},{"type":"Feature","properties":{},"geometry":{"type":"LineString","coordinates":[[129.3721,36.347],[129.3721,36.3484]]}},{"type":"Feature","properties":{},"geometry":{"type":"LineString","coordinates":[[129.3722,36.3692],[129.3717,36.3715]]}},{"type":"Feature","properties":{},"geometry":{"type":"LineString","coordinates":[[129.3726,36.357],[129.3729,36.3634]]}},{"type":"Feature","properties":{},"geometry":{"type":"LineString","coordinates":[[129.3712,36.3754],[129.3713,36.3772]]}},{"type":"Feature","properties":{},"geometry":{"type":"LineString","coordinates":[[129.3713,36.3772],[129.3728,36.3821]]}},{"type":"Feature","properties":{},"geometry":{"type":"LineString","coordinates":[[127.0614,37.1021],[127.0612,37.1005]]}},{"type":"Feature","properties":{},"geometry":{"type":"LineString","coordinates":[[127.0617,37.1041],[127.0614,37.1021]]}},{"type":"Feature","properties":{},"geometry":{"type":"LineString","coordinates":[[129.1161,37.4801],[129.1161,37.4803]]}},{"type":"Feature","properties":{},"geometry":{"type":"LineString","coordinates":[[129.1161,37.4803],[129.1156,37.4817]]}},{"type":"Feature","properties":{},"geometry":{"type":"LineString","coordinates":[[129.1163,37.4802],[129.1191,37.4782],[129.1321,37.4762]]}},{"type":"Feature","properties":{},"geometry":{"type":"LineString","coordinates":[[129.1162,37.4804],[129.1163,37.4802]]}},{"type":"Feature","properties":{},"geometry":{"type":"LineString","coordinates":[[129.1217,37.4264],[129.1218,37.427]]}},{"type":"Feature","properties":{},"geometry":{"type":"LineString","coordinates":[[129.1212,37.4249],[129.1217,37.4264]]}},{"type":"Feature","properties":{},"geometry":{"type":"LineString","coordinates":[[129.1587,37.4737],[129.1598,37.4719]]}},{"type":"Feature","properties":{},"geometry":{"type":"LineString","coordinates":[[129.1587,37.474],[129.1587,37.4737]]}},{"type":"Feature","properties":{},"geometry":{"type":"LineString","coordinates":[[129.1509,37.4833],[129.1522,37.4828]]}},{"type":"Feature","properties":{},"geometry":{"type":"LineString","coordinates":[[129.1212,37.5209],[129.1214,37.5207]]}},{"type":"Feature","properties":{},"geometry":{"type":"LineString","coordinates":[[129.1214,37.5207],[129.125,37.5148],[129.1273,37.5044]]}},{"type":"Feature","properties":{},"geometry":{"type":"LineString","coordinates":[[129.1166,37.5332],[129.1199,37.5299],[129.1197,37.5249],[129.1212,37.5209]]}},{"type":"Feature","properties":{},"geometry":{"type":"LineString","coordinates":[[129.1166,37.5332],[129.1144,37.536]]}},{"type":"Feature","properties":{},"geometry":{"type":"LineString","coordinates":[[129.1127,37.5369],[129.1109,37.5385]]}},{"type":"Feature","properties":{},"geometry":{"type":"LineString","coordinates":[[129.113,37.5368],[129.1127,37.5369]]}},{"type":"Feature","properties":{},"geometry":{"type":"LineString","coordinates":[[129.1141,37.5362],[129.113,37.5368]]}},{"type":"Feature","properties":{},"geometry":{"type":"LineString","coordinates":[[129.1144,37.536],[129.1141,37.5362]]}},{"type":"Feature","properties":{},"geometry":{"type":"LineString","coordinates":[[129.1072,37.5493],[129.1071,37.5494]]}},{"type":"Feature","properties":{},"geometry":{"type":"LineString","coordinates":[[129.1112,37.5627],[129.114,37.5643],[129.1158,37.5673],[129.1164,37.5747],[129.1156,37.5773]]}},{"type":"Feature","properties":{},"geometry":{"type":"LineString","coordinates":[[129.1078,37.5472],[129.1077,37.5475]]}},{"type":"Feature","properties":{},"geometry":{"type":"LineString","coordinates":[[129.1077,37.5475],[129.1074,37.5487]]}},{"type":"Feature","properties":{},"geometry":{"type":"LineString","coordinates":[[129.1109,37.5385],[129.1108,37.5386]]}},{"type":"Feature","properties":{},"geometry":{"type":"LineString","coordinates":[[129.1108,37.5386],[129.1103,37.5402]]}},{"type":"Feature","properties":{},"geometry":{"type":"LineString","coordinates":[[129.1098,37.5417],[129.1095,37.5426]]}},{"type":"Feature","properties":{},"geometry":{"type":"LineString","coordinates":[[129.1103,37.5402],[129.1098,37.5417]]}},{"type":"Feature","properties":{},"geometry":{"type":"LineString","coordinates":[[129.1095,37.5426],[129.1094,37.5427]]}},{"type":"Feature","properties":{},"geometry":{"type":"LineString","coordinates":[[129.1094,37.5427],[129.109,37.5439]]}},{"type":"Feature","properties":{},"geometry":{"type":"LineString","coordinates":[[129.1156,37.5773],[129.1155,37.5774]]}},{"type":"Feature","properties":{},"geometry":{"type":"LineString","coordinates":[[129.1155,37.5774],[129.103,37.5842]]}},{"type":"Feature","properties":{},"geometry":{"type":"LineString","coordinates":[[129.103,37.5842],[129.1026,37.5844]]}},{"type":"Feature","properties":{},"geometry":{"type":"LineString","coordinates":[[129.1026,37.5844],[129.1014,37.5852]]}},{"type":"Feature","properties":{},"geometry":{"type":"LineString","coordinates":[[129.1014,37.5852],[129.1008,37.5855]]}},{"type":"Feature","properties":{},"geometry":{"type":"LineString","coordinates":[[129.1008,37.5855],[129.0855,37.5947]]}},{"type":"Feature","properties":{},"geometry":{"type":"LineString","coordinates":[[129.0238,37.6781],[129.0241,37.6785]]}},{"type":"Feature","properties":{},"geometry":{"type":"LineString","coordinates":[[129.0213,37.6761],[129.0219,37.6764]]}},{"type":"Feature","properties":{},"geometry":{"type":"LineString","coordinates":[[129.0219,37.6764],[129.0238,37.6781]]}},{"type":"Feature","properties":{},"geometry":{"type":"LineString","coordinates":[[129.0169,37.673],[129.0172,37.6737]]}},{"type":"Feature","properties":{},"geometry":{"type":"LineString","coordinates":[[129.0172,37.6737],[129.0187,37.6752],[129.0213,37.6761]]}},{"type":"Feature","properties":{},"geometry":{"type":"LineString","coordinates":[[129.0168,37.6724],[129.0169,37.673]]}},{"type":"Feature","properties":{},"geometry":{"type":"LineString","coordinates":[[129.0168,37.6723],[129.0168,37.6724]]}},{"type":"Feature","properties":{},"geometry":{"type":"LineString","coordinates":[[128.9838,37.7363],[128.99,37.7338],[128.9949,37.7264],[128.9975,37.724]]}},{"type":"Feature","properties":{},"geometry":{"type":"LineString","coordinates":[[128.9829,37.7366],[128.9838,37.7363]]}},{"type":"Feature","properties":{},"geometry":{"type":"LineString","coordinates":[[128.1889,37.1288],[128.1905,37.129]]}},{"type":"Feature","properties":{},"geometry":{"type":"LineString","coordinates":[[128.1905,37.129],[128.1976,37.1302]]}},{"type":"Feature","properties":{},"geometry":{"type":"LineString","coordinates":[[128.1976,37.1302],[128.1987,37.13]]}},{"type":"Feature","properties":{},"geometry":{"type":"LineString","coordinates":[[128.1987,37.13],[128.2021,37.1288]]}},{"type":"Feature","properties":{},"geometry":{"type":"LineString","coordinates":[[127.9787,37.4345],[127.9837,37.4416]]}},{"type":"Feature","properties":{},"geometry":{"type":"LineString","coordinates":[[127.9398,37.4039],[127.9417,37.4057]]}},{"type":"Feature","properties":{},"geometry":{"type":"LineString","coordinates":[[127.9417,37.4057],[127.9454,37.4089]]}},{"type":"Feature","properties":{},"geometry":{"type":"LineString","coordinates":[[127.9398,37.4038],[127.9378,37.4014]]}},{"type":"Feature","properties":{},"geometry":{"type":"LineString","coordinates":[[127.9418,37.4057],[127.9398,37.4038]]}},{"type":"Feature","properties":{},"geometry":{"type":"LineString","coordinates":[[127.8778,37.3447],[127.8766,37.3443]]}},{"type":"Feature","properties":{},"geometry":{"type":"LineString","coordinates":[[127.8777,37.3447],[127.8852,37.3479]]}},{"type":"Feature","properties":{},"geometry":{"type":"LineString","coordinates":[[127.8766,37.3443],[127.8777,37.3447]]}},{"type":"Feature","properties":{},"geometry":{"type":"LineString","coordinates":[[127.8766,37.3443],[127.8749,37.3437]]}},{"type":"Feature","properties":{},"geometry":{"type":"LineString","coordinates":[[127.8544,37.3387],[127.8535,37.3392]]}},{"type":"Feature","properties":{},"geometry":{"type":"LineString","coordinates":[[127.8544,37.3388],[127.8595,37.3364]]}},{"type":"Feature","properties":{},"geometry":{"type":"LineString","coordinates":[[127.8595,37.3363],[127.8544,37.3387]]}},{"type":"Feature","properties":{},"geometry":{"type":"LineString","coordinates":[[127.8595,37.3364],[127.8602,37.3361]]}},{"type":"Feature","properties":{},"geometry":{"type":"LineString","coordinates":[[127.6201,37.2839],[127.6245,37.2834]]}},{"type":"Feature","properties":{},"geometry":{"type":"LineString","coordinates":[[127.6295,37.2828],[127.63,37.2827]]}},{"type":"Feature","properties":{},"geometry":{"type":"LineString","coordinates":[[127.63,37.2827],[127.6349,37.2821]]}},{"type":"Feature","properties":{},"geometry":{"type":"LineString","coordinates":[[127.4903,37.2604],[127.4931,37.2612]]}},{"type":"Feature","properties":{},"geometry":{"type":"LineString","coordinates":[[127.5067,37.2637],[127.5032,37.2645],[127.4996,37.2637]]}},{"type":"Feature","properties":{},"geometry":{"type":"LineString","coordinates":[[127.4996,37.2637],[127.4957,37.262]]}},{"type":"Feature","properties":{},"geometry":{"type":"LineString","coordinates":[[127.5039,37.2644],[127.5043,37.2645]]}},{"type":"Feature","properties":{},"geometry":{"type":"LineString","coordinates":[[127.5043,37.2645],[127.5095,37.2661]]}},{"type":"Feature","properties":{},"geometry":{"type":"LineString","coordinates":[[127.5109,37.2606],[127.5124,37.2582]]}},{"type":"Feature","properties":{},"geometry":{"type":"LineString","coordinates":[[127.511,37.2606],[127.5086,37.2624]]}},{"type":"Feature","properties":{},"geometry":{"type":"LineString","coordinates":[[127.5124,37.2582],[127.512,37.2487]]}},{"type":"Feature","properties":{},"geometry":{"type":"LineString","coordinates":[[127.5124,37.2582],[127.511,37.2606]]}},{"type":"Feature","properties":{},"geometry":{"type":"LineString","coordinates":[[127.8757,37.0667],[127.8825,37.0643],[127.8903,37.0587]]}},{"type":"Feature","properties":{},"geometry":{"type":"LineString","coordinates":[[127.5002,37.2633],[127.5033,37.2642]]}},{"type":"Feature","properties":{},"geometry":{"type":"LineString","coordinates":[[127.5033,37.2642],[127.5039,37.2644]]}},{"type":"Feature","properties":{},"geometry":{"type":"LineString","coordinates":[[127.5095,37.2661],[127.5127,37.2674]]}},{"type":"Feature","properties":{},"geometry":{"type":"LineString","coordinates":[[127.5127,37.2674],[127.5182,37.2697]]}},{"type":"Feature","properties":{},"geometry":{"type":"LineString","coordinates":[[127.4903,37.2604],[127.4931,37.2612]]}},{"type":"Feature","properties":{},"geometry":{"type":"LineString","coordinates":[[127.4822,37.2581],[127.4846,37.2588]]}},{"type":"Feature","properties":{},"geometry":{"type":"LineString","coordinates":[[127.4772,37.2573],[127.4801,37.2575]]}},{"type":"Feature","properties":{},"geometry":{"type":"LineString","coordinates":[[127.4767,37.2573],[127.4772,37.2573]]}},{"type":"Feature","properties":{},"geometry":{"type":"LineString","coordinates":[[127.4688,37.2604],[127.4736,37.258],[127.4767,37.2573]]}},{"type":"Feature","properties":{},"geometry":{"type":"LineString","coordinates":[[127.4665,37.2613],[127.4688,37.2604]]}},{"type":"Feature","properties":{},"geometry":{"type":"LineString","coordinates":[[127.4622,37.2624],[127.4665,37.2613]]}},{"type":"Feature","properties":{},"geometry":{"type":"LineString","coordinates":[[127.4454,37.2643],[127.4534,37.264],[127.4622,37.2624]]}},{"type":"Feature","properties":{},"geometry":{"type":"LineString","coordinates":[[127.4335,37.2642],[127.4454,37.2643]]}},{"type":"Feature","properties":{},"geometry":{"type":"LineString","coordinates":[[127.4331,37.2642],[127.4335,37.2642]]}},{"type":"Feature","properties":{},"geometry":{"type":"LineString","coordinates":[[127.4104,37.3026],[127.4107,37.302]]}},{"type":"Feature","properties":{},"geometry":{"type":"LineString","coordinates":[[127.4107,37.302],[127.4117,37.2999]]}},{"type":"Feature","properties":{},"geometry":{"type":"LineString","coordinates":[[127.41,37.3037],[127.4104,37.3026]]}},{"type":"Feature","properties":{},"geometry":{"type":"LineString","coordinates":[[127.4096,37.3046],[127.41,37.3037]]}},{"type":"Feature","properties":{},"geometry":{"type":"LineString","coordinates":[[127.4094,37.3053],[127.4096,37.3046]]}},{"type":"Feature","properties":{},"geometry":{"type":"LineString","coordinates":[[127.4085,37.3073],[127.4086,37.3073]]}},{"type":"Feature","properties":{},"geometry":{"type":"LineString","coordinates":[[127.4086,37.3073],[127.4094,37.3053]]}},{"type":"Feature","properties":{},"geometry":{"type":"LineString","coordinates":[[127.4043,37.3181],[127.4085,37.3073]]}},{"type":"Feature","properties":{},"geometry":{"type":"LineString","coordinates":[[127.3611,37.3471],[127.3634,37.3466]]}},{"type":"Feature","properties":{},"geometry":{"type":"LineString","coordinates":[[127.3565,37.348],[127.3611,37.3471]]}},{"type":"Feature","properties":{},"geometry":{"type":"LineString","coordinates":[[127.3489,37.3498],[127.3565,37.348]]}},{"type":"Feature","properties":{},"geometry":{"type":"LineString","coordinates":[[127.3214,37.3641],[127.3244,37.3629]]}},{"type":"Feature","properties":{},"geometry":{"type":"LineString","coordinates":[[127.302,37.3725],[127.3214,37.3641]]}},{"type":"Feature","properties":{},"geometry":{"type":"LineString","coordinates":[[127.2605,37.3958],[127.2609,37.3956]]}},{"type":"Feature","properties":{},"geometry":{"type":"LineString","coordinates":[[127.2511,37.3999],[127.2605,37.3958]]}},{"type":"Feature","properties":{},"geometry":{"type":"LineString","coordinates":[[127.2048,37.4095],[127.2056,37.41]]}},{"type":"Feature","properties":{},"geometry":{"type":"LineString","coordinates":[[127.2024,37.4082],[127.2048,37.4095]]}},{"type":"Feature","properties":{},"geometry":{"type":"LineString","coordinates":[[127.6156,37.2852],[127.6201,37.2839]]}},{"type":"Feature","properties":{},"geometry":{"type":"LineString","coordinates":[[128.7669,35.4773],[128.7684,35.4765]]}},{"type":"Feature","properties":{},"geometry":{"type":"LineString","coordinates":[[127.1928,36.7059],[127.1961,36.7042]]}},{"type":"Feature","properties":{},"geometry":{"type":"LineString","coordinates":[[127.8362,37.3506],[127.8346,37.3517]]}},{"type":"Feature","properties":{},"geometry":{"type":"LineString","coordinates":[[127.9098,37.3633],[127.9073,37.3623]]}},{"type":"Feature","properties":{},"geometry":{"type":"LineString","coordinates":[[127.9056,37.3616],[127.9126,37.3645]]}},{"type":"Feature","properties":{},"geometry":{"type":"LineString","coordinates":[[127.9126,37.3644],[127.9098,37.3633]]}},{"type":"Feature","properties":{},"geometry":{"type":"LineString","coordinates":[[127.0696,36.9798],[127.0717,36.9912],[127.0713,37.0039]]}},{"type":"Feature","properties":{},"geometry":{"type":"LineString","coordinates":[[127.0711,37.0067],[127.0713,37.0052]]}},{"type":"Feature","properties":{},"geometry":{"type":"LineString","coordinates":[[127.071,37.0074],[127.0711,37.0067]]}},{"type":"Feature","properties":{},"geometry":{"type":"LineString","coordinates":[[127.071,37.0074],[127.0704,37.0133]]}},{"type":"Feature","properties":{},"geometry":{"type":"LineString","coordinates":[[127.0711,37.0067],[127.071,37.0074]]}},{"type":"Feature","properties":{},"geometry":{"type":"LineString","coordinates":[[126.8838,37.4145],[126.8833,37.4135]]}},{"type":"Feature","properties":{},"geometry":{"type":"LineString","coordinates":[[126.8834,37.3257],[126.8869,37.3181]]}},{"type":"Feature","properties":{},"geometry":{"type":"LineString","coordinates":[[126.8869,37.3181],[126.8895,37.3125]]}},{"type":"Feature","properties":{},"geometry":{"type":"LineString","coordinates":[[126.8922,37.3067],[126.8966,37.2968]]}},{"type":"Feature","properties":{},"geometry":{"type":"LineString","coordinates":[[126.8914,37.3084],[126.8922,37.3067]]}},{"type":"Feature","properties":{},"geometry":{"type":"LineString","coordinates":[[126.8983,37.2931],[126.9004,37.2883]]}},{"type":"Feature","properties":{},"geometry":{"type":"LineString","coordinates":[[126.8966,37.2968],[126.8983,37.2931]]}},{"type":"Feature","properties":{},"geometry":{"type":"LineString","coordinates":[[126.9004,37.2883],[126.9007,37.2876]]}},{"type":"Feature","properties":{},"geometry":{"type":"LineString","coordinates":[[126.9007,37.2876],[126.9015,37.286]]}},{"type":"Feature","properties":{},"geometry":{"type":"LineString","coordinates":[[126.9015,37.286],[126.9021,37.2848]]}},{"type":"Feature","properties":{},"geometry":{"type":"LineString","coordinates":[[126.9007,37.2876],[126.9014,37.286]]}},{"type":"Feature","properties":{},"geometry":{"type":"LineString","coordinates":[[126.9052,37.2778],[126.9079,37.2717]]}},{"type":"Feature","properties":{},"geometry":{"type":"LineString","coordinates":[[126.9044,37.2796],[126.9052,37.2778]]}},{"type":"Feature","properties":{},"geometry":{"type":"LineString","coordinates":[[126.9021,37.2848],[126.9044,37.2796]]}},{"type":"Feature","properties":{},"geometry":{"type":"LineString","coordinates":[[126.9079,37.2717],[126.9149,37.2578]]}},{"type":"Feature","properties":{},"geometry":{"type":"LineString","coordinates":[[126.9194,37.2509],[126.9207,37.2492]]}},{"type":"Feature","properties":{},"geometry":{"type":"LineString","coordinates":[[126.9149,37.2578],[126.9194,37.2509]]}},{"type":"Feature","properties":{},"geometry":{"type":"LineString","coordinates":[[126.9286,37.2388],[126.9365,37.228]]}},{"type":"Feature","properties":{},"geometry":{"type":"LineString","coordinates":[[126.9207,37.2492],[126.9286,37.2388]]}},{"type":"Feature","properties":{},"geometry":{"type":"LineString","coordinates":[[126.9365,37.228],[126.9385,37.2246]]}},{"type":"Feature","properties":{},"geometry":{"type":"LineString","coordinates":[[126.9385,37.2246],[126.9409,37.2194]]}},{"type":"Feature","properties":{},"geometry":{"type":"LineString","coordinates":[[126.9418,37.2166],[126.9433,37.2115]]}},{"type":"Feature","properties":{},"geometry":{"type":"LineString","coordinates":[[126.9409,37.2194],[126.9418,37.2166]]}},{"type":"Feature","properties":{},"geometry":{"type":"LineString","coordinates":[[126.9446,37.2037],[126.9448,37.1991]]}},{"type":"Feature","properties":{},"geometry":{"type":"LineString","coordinates":[[126.9433,37.2115],[126.9446,37.2037]]}},{"type":"Feature","properties":{},"geometry":{"type":"LineString","coordinates":[[126.9449,37.1933],[126.9451,37.1896]]}},{"type":"Feature","properties":{},"geometry":{"type":"LineString","coordinates":[[126.9451,37.1896],[126.9453,37.1861]]}},{"type":"Feature","properties":{},"geometry":{"type":"LineString","coordinates":[[126.946,37.1808],[126.9465,37.1779]]}},{"type":"Feature","properties":{},"geometry":{"type":"LineString","coordinates":[[126.9453,37.1861],[126.946,37.1808]]}},{"type":"Feature","properties":{},"geometry":{"type":"LineString","coordinates":[[126.9472,37.1748],[126.9485,37.1668]]}},{"type":"Feature","properties":{},"geometry":{"type":"LineString","coordinates":[[126.947,37.1755],[126.9472,37.1748]]}},{"type":"Feature","properties":{},"geometry":{"type":"LineString","coordinates":[[126.9466,37.1773],[126.947,37.1755]]}},{"type":"Feature","properties":{},"geometry":{"type":"LineString","coordinates":[[126.9465,37.1779],[126.9466,37.1773]]}},{"type":"Feature","properties":{},"geometry":{"type":"LineString","coordinates":[[126.9512,37.1533],[126.9516,37.1506]]}},{"type":"Feature","properties":{},"geometry":{"type":"LineString","coordinates":[[126.9511,37.1537],[126.9512,37.1533]]}},{"type":"Feature","properties":{},"geometry":{"type":"LineString","coordinates":[[126.9509,37.1547],[126.9511,37.1537]]}},{"type":"Feature","properties":{},"geometry":{"type":"LineString","coordinates":[[126.9485,37.1668],[126.9509,37.1547]]}},{"type":"Feature","properties":{},"geometry":{"type":"LineString","coordinates":[[126.9548,37.1342],[126.9554,37.1307]]}},{"type":"Feature","properties":{},"geometry":{"type":"LineString","coordinates":[[126.9527,37.1451],[126.9548,37.1342]]}},{"type":"Feature","properties":{},"geometry":{"type":"LineString","coordinates":[[126.9516,37.1506],[126.9527,37.1451]]}},{"type":"Feature","properties":{},"geometry":{"type":"LineString","coordinates":[[126.9579,37.1181],[126.9621,37.0967]]}},{"type":"Feature","properties":{},"geometry":{"type":"LineString","coordinates":[[126.9578,37.1184],[126.9579,37.1181]]}},{"type":"Feature","properties":{},"geometry":{"type":"LineString","coordinates":[[126.9578,37.1181],[126.962,37.0967]]}},{"type":"Feature","properties":{},"geometry":{"type":"LineString","coordinates":[[126.9577,37.1183],[126.9578,37.1181]]}},{"type":"Feature","properties":{},"geometry":{"type":"LineString","coordinates":[[126.9554,37.1307],[126.9578,37.1184]]}},{"type":"Feature","properties":{},"geometry":{"type":"LineString","coordinates":[[126.9639,37.0908],[126.9691,37.0799]]}},{"type":"Feature","properties":{},"geometry":{"type":"LineString","coordinates":[[126.9621,37.0967],[126.9639,37.0908]]}},{"type":"Feature","properties":{},"geometry":{"type":"LineString","coordinates":[[126.9716,37.0762],[126.9771,37.0692]]}},{"type":"Feature","properties":{},"geometry":{"type":"LineString","coordinates":[[126.9691,37.0799],[126.9716,37.0762]]}},{"type":"Feature","properties":{},"geometry":{"type":"LineString","coordinates":[[126.9771,37.0692],[127.0136,37.0327]]}},{"type":"Feature","properties":{},"geometry":{"type":"LineString","coordinates":[[127.0178,37.0285],[127.0196,37.0267]]}},{"type":"Feature","properties":{},"geometry":{"type":"LineString","coordinates":[[127.0136,37.0327],[127.0178,37.0285]]}},{"type":"Feature","properties":{},"geometry":{"type":"LineString","coordinates":[[127.0135,37.0327],[127.0177,37.0285]]}},{"type":"Feature","properties":{},"geometry":{"type":"LineString","coordinates":[[127.0196,37.0267],[127.0224,37.0239]]}},{"type":"Feature","properties":{},"geometry":{"type":"LineString","coordinates":[[127.0224,37.0239],[127.054,36.9922],[127.0596,36.985],[127.0636,36.9784]]}},{"type":"Feature","properties":{},"geometry":{"type":"LineString","coordinates":[[127.0636,36.9784],[127.0654,36.9746]]}},{"type":"Feature","properties":{},"geometry":{"type":"LineString","coordinates":[[127.0654,36.9746],[127.0677,36.9685],[127.0694,36.9618]]}},{"type":"Feature","properties":{},"geometry":{"type":"LineString","coordinates":[[127.0699,36.9586],[127.0702,36.9556]]}},{"type":"Feature","properties":{},"geometry":{"type":"LineString","coordinates":[[127.0694,36.9618],[127.0699,36.9586]]}},{"type":"Feature","properties":{},"geometry":{"type":"LineString","coordinates":[[127.0699,36.9626],[127.0698,36.9798]]}},{"type":"Feature","properties":{},"geometry":{"type":"LineString","coordinates":[[127.0702,36.9556],[127.0705,36.9533]]}},{"type":"Feature","properties":{},"geometry":{"type":"LineString","coordinates":[[127.0702,36.9556],[127.0704,36.9533]]}},{"type":"Feature","properties":{},"geometry":{"type":"LineString","coordinates":[[126.786,35.1889],[126.7885,35.1876],[126.7909,35.185],[126.8,35.1665],[126.8005,35.1629]]}},{"type":"Feature","properties":{},"geometry":{"type":"LineString","coordinates":[[126.787,35.1324],[126.7849,35.1291],[126.7828,35.1271]]}},{"type":"Feature","properties":{},"geometry":{"type":"LineString","coordinates":[[126.7949,35.1454],[126.7968,35.149],[126.7978,35.1526]]}},{"type":"Feature","properties":{},"geometry":{"type":"LineString","coordinates":[[126.7877,35.1339],[126.7844,35.1288]]}},{"type":"Feature","properties":{},"geometry":{"type":"LineString","coordinates":[[127.0709,36.9492],[127.0724,36.9333]]}},{"type":"Feature","properties":{},"geometry":{"type":"LineString","coordinates":[[127.0726,36.9309],[127.0734,36.9233]]}},{"type":"Feature","properties":{},"geometry":{"type":"LineString","coordinates":[[127.0724,36.9333],[127.0726,36.9309]]}},{"type":"Feature","properties":{},"geometry":{"type":"LineString","coordinates":[[127.0734,36.9233],[127.0751,36.9099],[127.0776,36.8991]]}},{"type":"Feature","properties":{},"geometry":{"type":"LineString","coordinates":[[127.0776,36.8991],[127.0815,36.8839]]}},{"type":"Feature","properties":{},"geometry":{"type":"LineString","coordinates":[[127.0815,36.8839],[127.0842,36.8732]]}},{"type":"Feature","properties":{},"geometry":{"type":"LineString","coordinates":[[127.0849,36.8704],[127.0852,36.8693]]}},{"type":"Feature","properties":{},"geometry":{"type":"LineString","coordinates":[[127.0842,36.8732],[127.0849,36.8704]]}},{"type":"Feature","properties":{},"geometry":{"type":"LineString","coordinates":[[127.0852,36.8693],[127.0893,36.8537]]}},{"type":"Feature","properties":{},"geometry":{"type":"LineString","coordinates":[[127.1088,36.7774],[127.1024,36.8022]]}},{"type":"Feature","properties":{},"geometry":{"type":"LineString","coordinates":[[127.1105,36.7708],[127.1088,36.7774]]}},{"type":"Feature","properties":{},"geometry":{"type":"LineString","coordinates":[[127.1167,36.7571],[127.1125,36.7651],[127.1105,36.7708]]}},{"type":"Feature","properties":{},"geometry":{"type":"LineString","coordinates":[[127.157,36.7253],[127.1397,36.7349],[127.132,36.7402],[127.123,36.7488],[127.1167,36.7571]]}},{"type":"Feature","properties":{},"geometry":{"type":"LineString","coordinates":[[127.1584,36.7246],[127.157,36.7253]]}},{"type":"Feature","properties":{},"geometry":{"type":"LineString","coordinates":[[127.1758,36.715],[127.1732,36.7165]]}},{"type":"Feature","properties":{},"geometry":{"type":"LineString","coordinates":[[127.1732,36.7165],[127.1584,36.7246]]}},{"type":"Feature","properties":{},"geometry":{"type":"LineString","coordinates":[[127.1897,36.7075],[127.1758,36.715]]}},{"type":"Feature","properties":{},"geometry":{"type":"LineString","coordinates":[[127.1927,36.7059],[127.1897,36.7075]]}},{"type":"Feature","properties":{},"geometry":{"type":"LineString","coordinates":[[127.1961,36.7041],[127.1927,36.7059]]}},{"type":"Feature","properties":{},"geometry":{"type":"LineString","coordinates":[[127.2121,36.6954],[127.2062,36.6986]]}},{"type":"Feature","properties":{},"geometry":{"type":"LineString","coordinates":[[127.2062,36.6986],[127.1961,36.7041]]}},{"type":"Feature","properties":{},"geometry":{"type":"LineString","coordinates":[[127.2174,36.6924],[127.2133,36.6947]]}},{"type":"Feature","properties":{},"geometry":{"type":"LineString","coordinates":[[127.2133,36.6947],[127.2121,36.6954]]}},{"type":"Feature","properties":{},"geometry":{"type":"LineString","coordinates":[[127.2175,36.6924],[127.2181,36.6921]]}},{"type":"Feature","properties":{},"geometry":{"type":"LineString","coordinates":[[127.2181,36.692],[127.2174,36.6924]]}},{"type":"Feature","properties":{},"geometry":{"type":"LineString","coordinates":[[127.2557,36.6716],[127.2181,36.692]]}},{"type":"Feature","properties":{},"geometry":{"type":"LineString","coordinates":[[127.2621,36.668],[127.2557,36.6716]]}},{"type":"Feature","properties":{},"geometry":{"type":"LineString","coordinates":[[127.2696,36.6639],[127.2621,36.668]]}},{"type":"Feature","properties":{},"geometry":{"type":"LineString","coordinates":[[127.2781,36.6593],[127.2761,36.6604]]}},{"type":"Feature","properties":{},"geometry":{"type":"LineString","coordinates":[[127.2761,36.6604],[127.2696,36.6639]]}},{"type":"Feature","properties":{},"geometry":{"type":"LineString","coordinates":[[127.2839,36.6561],[127.2781,36.6593]]}},{"type":"Feature","properties":{},"geometry":{"type":"LineString","coordinates":[[127.2923,36.651],[127.2839,36.6561]]}},{"type":"Feature","properties":{},"geometry":{"type":"LineString","coordinates":[[127.298,36.6465],[127.2953,36.6489]]}},{"type":"Feature","properties":{},"geometry":{"type":"LineString","coordinates":[[127.2988,36.6459],[127.298,36.6465]]}},{"type":"Feature","properties":{},"geometry":{"type":"LineString","coordinates":[[127.298,36.6464],[127.2987,36.6458]]}},{"type":"Feature","properties":{},"geometry":{"type":"LineString","coordinates":[[127.2987,36.6458],[127.3043,36.641]]}},{"type":"Feature","properties":{},"geometry":{"type":"LineString","coordinates":[[127.3445,36.6052],[127.346,36.6033]]}},{"type":"Feature","properties":{},"geometry":{"type":"LineString","coordinates":[[127.346,36.6033],[127.3492,36.599]]}},{"type":"Feature","properties":{},"geometry":{"type":"LineString","coordinates":[[127.3388,36.4939],[127.3283,36.4835]]}},{"type":"Feature","properties":{},"geometry":{"type":"LineString","coordinates":[[127.3283,36.4835],[127.327,36.4825]]}},{"type":"Feature","properties":{},"geometry":{"type":"LineString","coordinates":[[127.327,36.4825],[127.3171,36.4761]]}},{"type":"Feature","properties":{},"geometry":{"type":"LineString","coordinates":[[127.3269,36.4826],[127.3282,36.4835]]}},{"type":"Feature","properties":{},"geometry":{"type":"LineString","coordinates":[[127.3142,36.4746],[127.2832,36.4576]]}},{"type":"Feature","properties":{},"geometry":{"type":"LineString","coordinates":[[127.3171,36.4761],[127.3142,36.4746]]}},{"type":"Feature","properties":{},"geometry":{"type":"LineString","coordinates":[[127.317,36.4761],[127.3254,36.4814]]}},{"type":"Feature","properties":{},"geometry":{"type":"LineString","coordinates":[[127.2832,36.4576],[127.2829,36.4574]]}},{"type":"Feature","properties":{},"geometry":{"type":"LineString","coordinates":[[127.2762,36.4537],[127.2181,36.4208]]}},{"type":"Feature","properties":{},"geometry":{"type":"LineString","coordinates":[[127.218,36.4208],[127.2762,36.4537]]}},{"type":"Feature","properties":{},"geometry":{"type":"LineString","coordinates":[[127.2146,36.4188],[127.2153,36.4193]]}},{"type":"Feature","properties":{},"geometry":{"type":"LineString","coordinates":[[127.2153,36.4193],[127.2177,36.4206]]}},{"type":"Feature","properties":{},"geometry":{"type":"LineString","coordinates":[[127.2177,36.4206],[127.218,36.4208]]}},{"type":"Feature","properties":{},"geometry":{"type":"LineString","coordinates":[[127.2154,36.4192],[127.2146,36.4188]]}},{"type":"Feature","properties":{},"geometry":{"type":"LineString","coordinates":[[127.2177,36.4206],[127.2154,36.4192]]}},{"type":"Feature","properties":{},"geometry":{"type":"LineString","coordinates":[[127.2181,36.4208],[127.2177,36.4206]]}},{"type":"Feature","properties":{},"geometry":{"type":"LineString","coordinates":[[127.2146,36.4188],[127.1483,36.3813]]}},{"type":"Feature","properties":{},"geometry":{"type":"LineString","coordinates":[[127.1483,36.3813],[127.2146,36.4188]]}},{"type":"Feature","properties":{},"geometry":{"type":"LineString","coordinates":[[127.1435,36.3786],[127.1443,36.379]]}},{"type":"Feature","properties":{},"geometry":{"type":"LineString","coordinates":[[127.1443,36.379],[127.1468,36.3804]]}},{"type":"Feature","properties":{},"geometry":{"type":"LineString","coordinates":[[127.1468,36.3804],[127.1483,36.3813]]}},{"type":"Feature","properties":{},"geometry":{"type":"LineString","coordinates":[[127.1469,36.3804],[127.1444,36.379]]}},{"type":"Feature","properties":{},"geometry":{"type":"LineString","coordinates":[[127.1444,36.379],[127.1435,36.3785]]}},{"type":"Feature","properties":{},"geometry":{"type":"LineString","coordinates":[[127.1435,36.3785],[127.1361,36.3743]]}},{"type":"Feature","properties":{},"geometry":{"type":"LineString","coordinates":[[127.1483,36.3813],[127.1469,36.3804]]}},{"type":"Feature","properties":{},"geometry":{"type":"LineString","coordinates":[[127.1335,36.3729],[127.1344,36.3734]]}},{"type":"Feature","properties":{},"geometry":{"type":"LineString","coordinates":[[127.136,36.3743],[127.1435,36.3786]]}},{"type":"Feature","properties":{},"geometry":{"type":"LineString","coordinates":[[127.1361,36.3743],[127.1349,36.3736]]}},{"type":"Feature","properties":{},"geometry":{"type":"LineString","coordinates":[[127.1335,36.3728],[127.1161,36.3624]]}},{"type":"Feature","properties":{},"geometry":{"type":"LineString","coordinates":[[127.1344,36.3734],[127.1348,36.3736]]}},{"type":"Feature","properties":{},"geometry":{"type":"LineString","coordinates":[[127.1348,36.3736],[127.136,36.3743]]}},{"type":"Feature","properties":{},"geometry":{"type":"LineString","coordinates":[[127.1349,36.3736],[127.1345,36.3734]]}},{"type":"Feature","properties":{},"geometry":{"type":"LineString","coordinates":[[127.1345,36.3734],[127.1335,36.3728]]}},{"type":"Feature","properties":{},"geometry":{"type":"LineString","coordinates":[[127.1131,36.3599],[127.116,36.3625]]}},{"type":"Feature","properties":{},"geometry":{"type":"LineString","coordinates":[[127.116,36.3625],[127.1335,36.3729]]}},{"type":"Feature","properties":{},"geometry":{"type":"LineString","coordinates":[[127.1132,36.3599],[127.1114,36.3583]]}},{"type":"Feature","properties":{},"geometry":{"type":"LineString","coordinates":[[127.1161,36.3624],[127.1132,36.3599]]}},{"type":"Feature","properties":{},"geometry":{"type":"LineString","coordinates":[[127.1114,36.3583],[127.1085,36.3551]]}},{"type":"Feature","properties":{},"geometry":{"type":"LineString","coordinates":[[127.1113,36.3584],[127.1131,36.3599]]}},{"type":"Feature","properties":{},"geometry":{"type":"LineString","coordinates":[[127.1085,36.3551],[127.1077,36.3541]]}},{"type":"Feature","properties":{},"geometry":{"type":"LineString","coordinates":[[127.1085,36.3551],[127.1113,36.3584]]}},{"type":"Feature","properties":{},"geometry":{"type":"LineString","coordinates":[[127.0834,36.3005],[127.0886,36.313]]}},{"type":"Feature","properties":{},"geometry":{"type":"LineString","coordinates":[[127.0835,36.3006],[127.0822,36.2971]]}},{"type":"Feature","properties":{},"geometry":{"type":"LineString","coordinates":[[127.0822,36.2971],[127.0818,36.2961]]}},{"type":"Feature","properties":{},"geometry":{"type":"LineString","coordinates":[[127.0822,36.2972],[127.0834,36.3005]]}},{"type":"Feature","properties":{},"geometry":{"type":"LineString","coordinates":[[127.0818,36.2961],[127.0804,36.2918]]}},{"type":"Feature","properties":{},"geometry":{"type":"LineString","coordinates":[[127.0818,36.2961],[127.0822,36.2972]]}},{"type":"Feature","properties":{},"geometry":{"type":"LineString","coordinates":[[127.0803,36.2918],[127.0818,36.2961]]}},{"type":"Feature","properties":{},"geometry":{"type":"LineString","coordinates":[[127.0804,36.2918],[127.075,36.276]]}},{"type":"Feature","properties":{},"geometry":{"type":"LineString","coordinates":[[127.0699,36.2636],[127.069,36.2616]]}},{"type":"Feature","properties":{},"geometry":{"type":"LineString","coordinates":[[127.0698,36.2636],[127.0712,36.267]]}},{"type":"Feature","properties":{},"geometry":{"type":"LineString","coordinates":[[127.0689,36.2616],[127.0698,36.2636]]}},{"type":"Feature","properties":{},"geometry":{"type":"LineString","coordinates":[[127.069,36.2616],[127.0646,36.2514]]}},{"type":"Feature","properties":{},"geometry":{"type":"LineString","coordinates":[[127.0645,36.2514],[127.0689,36.2616]]}},{"type":"Feature","properties":{},"geometry":{"type":"LineString","coordinates":[[127.0646,36.2514],[127.0609,36.2427]]}},{"type":"Feature","properties":{},"geometry":{"type":"LineString","coordinates":[[127.0608,36.2428],[127.0645,36.2514]]}},{"type":"Feature","properties":{},"geometry":{"type":"LineString","coordinates":[[127.0609,36.2427],[127.0607,36.2422]]}},{"type":"Feature","properties":{},"geometry":{"type":"LineString","coordinates":[[127.0606,36.2422],[127.0608,36.2428]]}},{"type":"Feature","properties":{},"geometry":{"type":"LineString","coordinates":[[127.0607,36.2422],[127.0601,36.2407]]}},{"type":"Feature","properties":{},"geometry":{"type":"LineString","coordinates":[[127.0551,36.228],[127.0532,36.2219]]}},{"type":"Feature","properties":{},"geometry":{"type":"LineString","coordinates":[[127.055,36.228],[127.0556,36.2297]]}},{"type":"Feature","properties":{},"geometry":{"type":"LineString","coordinates":[[127.0556,36.2297],[127.0557,36.2301]]}},{"type":"Feature","properties":{},"geometry":{"type":"LineString","coordinates":[[127.0556,36.2297],[127.0551,36.228]]}},{"type":"Feature","properties":{},"geometry":{"type":"LineString","coordinates":[[127.0532,36.2219],[127.0525,36.2196]]}},{"type":"Feature","properties":{},"geometry":{"type":"LineString","coordinates":[[127.0531,36.2219],[127.055,36.228]]}},{"type":"Feature","properties":{},"geometry":{"type":"LineString","coordinates":[[127.0524,36.2197],[127.0531,36.2219]]}},{"type":"Feature","properties":{},"geometry":{"type":"LineString","coordinates":[[127.0525,36.2196],[127.0457,36.1987],[127.0416,36.1807],[127.0304,36.1418]]}},{"type":"Feature","properties":{},"geometry":{"type":"LineString","coordinates":[[127.0292,36.1378],[127.029,36.1368]]}},{"type":"Feature","properties":{},"geometry":{"type":"LineString","coordinates":[[127.0292,36.1378],[127.0304,36.1418]]}},{"type":"Feature","properties":{},"geometry":{"type":"LineString","coordinates":[[127.0149,36.0954],[127.0151,36.0958]]}},{"type":"Feature","properties":{},"geometry":{"type":"LineString","coordinates":[[127.0151,36.0958],[127.017,36.0996]]}},{"type":"Feature","properties":{},"geometry":{"type":"LineString","coordinates":[[127.015,36.0954],[127.0145,36.0946]]}},{"type":"Feature","properties":{},"geometry":{"type":"LineString","coordinates":[[127.0152,36.0958],[127.015,36.0954]]}},{"type":"Feature","properties":{},"geometry":{"type":"LineString","coordinates":[[127.004,36.0796],[127.0079,36.0851]]}},{"type":"Feature","properties":{},"geometry":{"type":"LineString","coordinates":[[126.9916,36.0616],[127.004,36.0796]]}},{"type":"Feature","properties":{},"geometry":{"type":"LineString","coordinates":[[126.9899,36.0593],[126.9906,36.0603]]}},{"type":"Feature","properties":{},"geometry":{"type":"LineString","coordinates":[[126.99,36.0593],[126.9859,36.0535]]}},{"type":"Feature","properties":{},"geometry":{"type":"LineString","coordinates":[[126.9675,36.0251],[126.9685,36.027]]}},{"type":"Feature","properties":{},"geometry":{"type":"LineString","coordinates":[[126.9676,36.0251],[126.9669,36.0238]]}},{"type":"Feature","properties":{},"geometry":{"type":"LineString","coordinates":[[126.9669,36.0238],[126.9675,36.0251]]}},{"type":"Feature","properties":{},"geometry":{"type":"LineString","coordinates":[[126.9669,36.0238],[126.9661,36.0221]]}},{"type":"Feature","properties":{},"geometry":{"type":"LineString","coordinates":[[126.9447,35.9834],[126.9468,35.9775],[126.9465,35.9741]]}},{"type":"Feature","properties":{},"geometry":{"type":"LineString","coordinates":[[126.9441,35.989],[126.9441,35.9883]]}},{"type":"Feature","properties":{},"geometry":{"type":"LineString","coordinates":[[126.9386,35.9068],[126.9386,35.9003]]}},{"type":"Feature","properties":{},"geometry":{"type":"LineString","coordinates":[[126.9386,35.9068],[126.9386,35.9141],[126.9397,35.9203]]}},{"type":"Feature","properties":{},"geometry":{"type":"LineString","coordinates":[[126.9386,35.9003],[126.9383,35.8615],[126.9343,35.8334]]}},{"type":"Feature","properties":{},"geometry":{"type":"LineString","coordinates":[[126.9385,35.9003],[126.9386,35.9068]]}},{"type":"Feature","properties":{},"geometry":{"type":"LineString","coordinates":[[126.9343,35.8334],[126.9339,35.8307]]}},{"type":"Feature","properties":{},"geometry":{"type":"LineString","coordinates":[[126.9342,35.8334],[126.9382,35.8615],[126.9385,35.9003]]}},{"type":"Feature","properties":{},"geometry":{"type":"LineString","coordinates":[[126.9338,35.8307],[126.9342,35.8334]]}},{"type":"Feature","properties":{},"geometry":{"type":"LineString","coordinates":[[126.9339,35.8307],[126.9329,35.8241]]}},{"type":"Feature","properties":{},"geometry":{"type":"LineString","coordinates":[[126.9328,35.8241],[126.9338,35.8307]]}},{"type":"Feature","properties":{},"geometry":{"type":"LineString","coordinates":[[126.9329,35.8241],[126.932,35.818]]}},{"type":"Feature","properties":{},"geometry":{"type":"LineString","coordinates":[[126.9331,35.8249],[126.9154,35.8027],[126.9012,35.7905],[126.8992,35.7875]]}},{"type":"Feature","properties":{},"geometry":{"type":"LineString","coordinates":[[126.932,35.818],[126.9317,35.816]]}},{"type":"Feature","properties":{},"geometry":{"type":"LineString","coordinates":[[126.9319,35.818],[126.9328,35.8241]]}},{"type":"Feature","properties":{},"geometry":{"type":"LineString","coordinates":[[126.9316,35.816],[126.9319,35.818]]}},{"type":"Feature","properties":{},"geometry":{"type":"LineString","coordinates":[[126.9317,35.816],[126.9303,35.8068]]}},{"type":"Feature","properties":{},"geometry":{"type":"LineString","coordinates":[[126.9303,35.8068],[126.9272,35.7852]]}},{"type":"Feature","properties":{},"geometry":{"type":"LineString","coordinates":[[126.9303,35.8069],[126.9316,35.816]]}},{"type":"Feature","properties":{},"geometry":{"type":"LineString","coordinates":[[126.9271,35.7852],[126.9303,35.8069]]}},{"type":"Feature","properties":{},"geometry":{"type":"LineString","coordinates":[[126.9262,35.7804],[126.9243,35.7736]]}},{"type":"Feature","properties":{},"geometry":{"type":"LineString","coordinates":[[126.9261,35.7805],[126.9271,35.7852]]}},{"type":"Feature","properties":{},"geometry":{"type":"LineString","coordinates":[[126.9242,35.7736],[126.9261,35.7805]]}},{"type":"Feature","properties":{},"geometry":{"type":"LineString","coordinates":[[126.9243,35.7736],[126.9192,35.7578]]}},{"type":"Feature","properties":{},"geometry":{"type":"LineString","coordinates":[[126.9191,35.7578],[126.9242,35.7736]]}},{"type":"Feature","properties":{},"geometry":{"type":"LineString","coordinates":[[126.9192,35.7578],[126.9153,35.7463],[126.9124,35.7344]]}},{"type":"Feature","properties":{},"geometry":{"type":"LineString","coordinates":[[126.9124,35.7344],[126.9093,35.7204]]}},{"type":"Feature","properties":{},"geometry":{"type":"LineString","coordinates":[[126.9123,35.7344],[126.9153,35.7464],[126.9191,35.7578]]}},{"type":"Feature","properties":{},"geometry":{"type":"LineString","coordinates":[[126.9092,35.7204],[126.9123,35.7344]]}},{"type":"Feature","properties":{},"geometry":{"type":"LineString","coordinates":[[126.9093,35.7204],[126.9076,35.7127]]}},{"type":"Feature","properties":{},"geometry":{"type":"LineString","coordinates":[[126.9076,35.7127],[126.9047,35.6991]]}},{"type":"Feature","properties":{},"geometry":{"type":"LineString","coordinates":[[126.9076,35.7127],[126.9092,35.7204]]}},{"type":"Feature","properties":{},"geometry":{"type":"LineString","coordinates":[[126.9032,35.6927],[126.9076,35.7127]]}},{"type":"Feature","properties":{},"geometry":{"type":"LineString","coordinates":[[126.8961,35.667],[126.8922,35.6593]]}},{"type":"Feature","properties":{},"geometry":{"type":"LineString","coordinates":[[126.8961,35.667],[126.8997,35.6773],[126.9032,35.6927]]}},{"type":"Feature","properties":{},"geometry":{"type":"LineString","coordinates":[[126.8922,35.6593],[126.8961,35.667]]}},{"type":"Feature","properties":{},"geometry":{"type":"LineString","coordinates":[[126.8882,35.652],[126.8897,35.6548]]}},{"type":"Feature","properties":{},"geometry":{"type":"LineString","coordinates":[[126.881,35.6391],[126.8831,35.6427]]}},{"type":"Feature","properties":{},"geometry":{"type":"LineString","coordinates":[[126.8831,35.6427],[126.8883,35.652]]}},{"type":"Feature","properties":{},"geometry":{"type":"LineString","coordinates":[[126.883,35.6428],[126.8882,35.652]]}},{"type":"Feature","properties":{},"geometry":{"type":"LineString","coordinates":[[126.876,35.63],[126.873,35.6247]]}},{"type":"Feature","properties":{},"geometry":{"type":"LineString","coordinates":[[126.8724,35.6235],[126.8708,35.6207]]}},{"type":"Feature","properties":{},"geometry":{"type":"LineString","coordinates":[[126.8725,35.6236],[126.8724,35.6235]]}},{"type":"Feature","properties":{},"geometry":{"type":"LineString","coordinates":[[126.8728,35.6244],[126.8729,35.6246]]}},{"type":"Feature","properties":{},"geometry":{"type":"LineString","coordinates":[[126.8729,35.6246],[126.8759,35.6301]]}},{"type":"Feature","properties":{},"geometry":{"type":"LineString","coordinates":[[126.8729,35.6244],[126.8725,35.6236]]}},{"type":"Feature","properties":{},"geometry":{"type":"LineString","coordinates":[[126.873,35.6247],[126.8729,35.6244]]}},{"type":"Feature","properties":{},"geometry":{"type":"LineString","coordinates":[[126.8708,35.6207],[126.8649,35.6101]]}},{"type":"Feature","properties":{},"geometry":{"type":"LineString","coordinates":[[126.8649,35.6101],[126.8634,35.6073]]}},{"type":"Feature","properties":{},"geometry":{"type":"LineString","coordinates":[[126.862,35.605],[126.8588,35.5992]]}},{"type":"Feature","properties":{},"geometry":{"type":"LineString","coordinates":[[126.8634,35.6073],[126.862,35.605]]}},{"type":"Feature","properties":{},"geometry":{"type":"LineString","coordinates":[[126.8558,35.594],[126.8549,35.5924]]}},{"type":"Feature","properties":{},"geometry":{"type":"LineString","coordinates":[[126.8588,35.5992],[126.8558,35.594]]}},{"type":"Feature","properties":{},"geometry":{"type":"LineString","coordinates":[[126.8149,35.519],[126.8222,35.5306],[126.8252,35.5434],[126.8297,35.553]]}},{"type":"Feature","properties":{},"geometry":{"type":"LineString","coordinates":[[126.8468,35.5817],[126.8384,35.571]]}},{"type":"Feature","properties":{},"geometry":{"type":"LineString","coordinates":[[126.8468,35.5817],[126.8518,35.588]]}},{"type":"Feature","properties":{},"geometry":{"type":"LineString","coordinates":[[126.8594,35.6152],[126.8535,35.6047],[126.8506,35.5937]]}},{"type":"Feature","properties":{},"geometry":{"type":"LineString","coordinates":[[126.8454,35.5797],[126.8391,35.5715]]}},{"type":"Feature","properties":{},"geometry":{"type":"LineString","coordinates":[[126.8346,35.5664],[126.8374,35.57]]}},{"type":"Feature","properties":{},"geometry":{"type":"LineString","coordinates":[[126.8321,35.5611],[126.8328,35.5636],[126.8346,35.5664]]}},{"type":"Feature","properties":{},"geometry":{"type":"LineString","coordinates":[[126.8297,35.553],[126.8304,35.5544]]}},{"type":"Feature","properties":{},"geometry":{"type":"LineString","coordinates":[[126.8304,35.5544],[126.8316,35.5576],[126.8321,35.5611]]}},{"type":"Feature","properties":{},"geometry":{"type":"LineString","coordinates":[[126.8291,35.5577],[126.8305,35.5601]]}},{"type":"Feature","properties":{},"geometry":{"type":"LineString","coordinates":[[126.8292,35.5576],[126.8266,35.5528]]}},{"type":"Feature","properties":{},"geometry":{"type":"LineString","coordinates":[[126.7995,35.4968],[126.7984,35.4943]]}},{"type":"Feature","properties":{},"geometry":{"type":"LineString","coordinates":[[126.7983,35.4943],[126.7995,35.4968]]}},{"type":"Feature","properties":{},"geometry":{"type":"LineString","coordinates":[[126.7984,35.4943],[126.7962,35.4898]]}},{"type":"Feature","properties":{},"geometry":{"type":"LineString","coordinates":[[126.7962,35.4898],[126.7983,35.4943]]}},{"type":"Feature","properties":{},"geometry":{"type":"LineString","coordinates":[[126.7739,35.3943],[126.7738,35.3933]]}},{"type":"Feature","properties":{},"geometry":{"type":"LineString","coordinates":[[126.7738,35.3943],[126.7741,35.3958]]}},{"type":"Feature","properties":{},"geometry":{"type":"LineString","coordinates":[[126.7738,35.3933],[126.7737,35.3925]]}},{"type":"Feature","properties":{},"geometry":{"type":"LineString","coordinates":[[126.7737,35.3933],[126.7738,35.3943]]}},{"type":"Feature","properties":{},"geometry":{"type":"LineString","coordinates":[[126.7654,35.3361],[126.7656,35.3376]]}},{"type":"Feature","properties":{},"geometry":{"type":"LineString","coordinates":[[126.7654,35.3361],[126.7654,35.3359]]}},{"type":"Feature","properties":{},"geometry":{"type":"LineString","coordinates":[[126.7637,35.2766],[126.7629,35.2899]]}},{"type":"Feature","properties":{},"geometry":{"type":"LineString","coordinates":[[126.7638,35.2766],[126.7638,35.2765]]}},{"type":"Feature","properties":{},"geometry":{"type":"LineString","coordinates":[[126.764,35.2705],[126.764,35.271]]}},{"type":"Feature","properties":{},"geometry":{"type":"LineString","coordinates":[[126.764,35.271],[126.7639,35.2738]]}},{"type":"Feature","properties":{},"geometry":{"type":"LineString","coordinates":[[126.7641,35.2705],[126.7644,35.2684]]}},{"type":"Feature","properties":{},"geometry":{"type":"LineString","coordinates":[[126.7641,35.271],[126.7641,35.2705]]}},{"type":"Feature","properties":{},"geometry":{"type":"LineString","coordinates":[[126.7659,35.2412],[126.7664,35.238]]}},{"type":"Feature","properties":{},"geometry":{"type":"LineString","coordinates":[[126.7659,35.2412],[126.7657,35.2438]]}},{"type":"Feature","properties":{},"geometry":{"type":"LineString","coordinates":[[126.7657,35.2438],[126.7655,35.2455]]}},{"type":"Feature","properties":{},"geometry":{"type":"LineString","coordinates":[[126.7657,35.2438],[126.7659,35.2412]]}},{"type":"Feature","properties":{},"geometry":{"type":"LineString","coordinates":[[126.7666,35.2361],[126.7663,35.238]]}},{"type":"Feature","properties":{},"geometry":{"type":"LineString","coordinates":[[126.7667,35.2361],[126.7705,35.2245]]}},{"type":"Feature","properties":{},"geometry":{"type":"LineString","coordinates":[[127.141,35.8701],[127.1463,35.8692],[127.1506,35.8663]]}},{"type":"Feature","properties":{},"geometry":{"type":"LineString","coordinates":[[127.1362,35.87],[127.1217,35.8705]]}},{"type":"Feature","properties":{},"geometry":{"type":"LineString","coordinates":[[127.1582,35.8557],[127.1591,35.8545]]}},{"type":"Feature","properties":{},"geometry":{"type":"LineString","coordinates":[[127.1601,35.8531],[127.1614,35.8513]]}},{"type":"Feature","properties":{},"geometry":{"type":"LineString","coordinates":[[127.1591,35.8545],[127.1582,35.8557]]}},{"type":"Feature","properties":{},"geometry":{"type":"LineString","coordinates":[[127.1582,35.8557],[127.1573,35.857]]}},{"type":"Feature","properties":{},"geometry":{"type":"LineString","coordinates":[[127.1836,35.8165],[127.184,35.8158]]}},{"type":"Feature","properties":{},"geometry":{"type":"LineString","coordinates":[[127.184,35.8158],[127.1852,35.8137]]}},{"type":"Feature","properties":{},"geometry":{"type":"LineString","coordinates":[[127.184,35.8158],[127.1835,35.8165]]}},{"type":"Feature","properties":{},"geometry":{"type":"LineString","coordinates":[[127.1835,35.8165],[127.1818,35.8198]]}},{"type":"Feature","properties":{},"geometry":{"type":"LineString","coordinates":[[128.911,35.9753],[128.9101,35.9762]]}},{"type":"Feature","properties":{},"geometry":{"type":"LineString","coordinates":[[128.2021,37.1288],[128.2061,37.1273]]}},{"type":"Feature","properties":{},"geometry":{"type":"LineString","coordinates":[[128.2029,37.1283],[128.2138,37.1244]]}},{"type":"Feature","properties":{},"geometry":{"type":"LineString","coordinates":[[127.2915,35.6325],[127.2924,35.632]]}},{"type":"Feature","properties":{},"geometry":{"type":"LineString","coordinates":[[127.2924,35.632],[127.2985,35.6286]]}},{"type":"Feature","properties":{},"geometry":{"type":"LineString","coordinates":[[127.2914,35.6325],[127.2852,35.6361],[127.2831,35.6382]]}},{"type":"Feature","properties":{},"geometry":{"type":"LineString","coordinates":[[127.2923,35.632],[127.2914,35.6325]]}},{"type":"Feature","properties":{},"geometry":{"type":"LineString","coordinates":[[127.2985,35.6286],[127.2923,35.632]]}},{"type":"Feature","properties":{},"geometry":{"type":"LineString","coordinates":[[127.3129,35.5878],[127.3127,35.5896]]}},{"type":"Feature","properties":{},"geometry":{"type":"LineString","coordinates":[[127.3127,35.5896],[127.3077,35.6166],[127.3054,35.6219],[127.3035,35.6242],[127.2985,35.6286]]}},{"type":"Feature","properties":{},"geometry":{"type":"LineString","coordinates":[[127.3152,35.5715],[127.3152,35.5717]]}},{"type":"Feature","properties":{},"geometry":{"type":"LineString","coordinates":[[127.3152,35.5717],[127.3129,35.5878]]}},{"type":"Feature","properties":{},"geometry":{"type":"LineString","coordinates":[[127.3177,35.5547],[127.3187,35.5499]]}},{"type":"Feature","properties":{},"geometry":{"type":"LineString","coordinates":[[127.3171,35.558],[127.3177,35.5547]]}},{"type":"Feature","properties":{},"geometry":{"type":"LineString","coordinates":[[127.3165,35.5622],[127.3171,35.558]]}},{"type":"Feature","properties":{},"geometry":{"type":"LineString","coordinates":[[127.3187,35.5499],[127.3193,35.547]]}},{"type":"Feature","properties":{},"geometry":{"type":"LineString","coordinates":[[127.3194,35.547],[127.3187,35.5499]]}},{"type":"Feature","properties":{},"geometry":{"type":"LineString","coordinates":[[127.3198,35.5452],[127.3194,35.547]]}},{"type":"Feature","properties":{},"geometry":{"type":"LineString","coordinates":[[127.3205,35.542],[127.3206,35.5415]]}},{"type":"Feature","properties":{},"geometry":{"type":"LineString","coordinates":[[127.3205,35.542],[127.3198,35.5452]]}},{"type":"Feature","properties":{},"geometry":{"type":"LineString","coordinates":[[127.3206,35.5415],[127.3211,35.5391]]}},{"type":"Feature","properties":{},"geometry":{"type":"LineString","coordinates":[[127.3207,35.5415],[127.3205,35.542]]}},{"type":"Feature","properties":{},"geometry":{"type":"LineString","coordinates":[[127.3197,35.5452],[127.3205,35.542]]}},{"type":"Feature","properties":{},"geometry":{"type":"LineString","coordinates":[[127.3193,35.547],[127.3197,35.5452]]}},{"type":"Feature","properties":{},"geometry":{"type":"LineString","coordinates":[[127.3211,35.5391],[127.3232,35.5295]]}},{"type":"Feature","properties":{},"geometry":{"type":"LineString","coordinates":[[127.3232,35.5295],[127.3243,35.5226]]}},{"type":"Feature","properties":{},"geometry":{"type":"LineString","coordinates":[[127.3243,35.5227],[127.3232,35.5295]]}},{"type":"Feature","properties":{},"geometry":{"type":"LineString","coordinates":[[127.3243,35.5226],[127.325,35.5171]]}},{"type":"Feature","properties":{},"geometry":{"type":"LineString","coordinates":[[127.3251,35.5171],[127.3243,35.5227]]}},{"type":"Feature","properties":{},"geometry":{"type":"LineString","coordinates":[[127.3263,35.5077],[127.3279,35.5009]]}},{"type":"Feature","properties":{},"geometry":{"type":"LineString","coordinates":[[127.3263,35.5077],[127.3251,35.5171]]}},{"type":"Feature","properties":{},"geometry":{"type":"LineString","coordinates":[[127.325,35.5171],[127.3263,35.5077]]}},{"type":"Feature","properties":{},"geometry":{"type":"LineString","coordinates":[[127.3284,35.4995],[127.3291,35.4976]]}},{"type":"Feature","properties":{},"geometry":{"type":"LineString","coordinates":[[127.3285,35.4995],[127.328,35.5009]]}},{"type":"Feature","properties":{},"geometry":{"type":"LineString","coordinates":[[127.3279,35.5009],[127.3284,35.4995]]}},{"type":"Feature","properties":{},"geometry":{"type":"LineString","coordinates":[[127.328,35.5009],[127.3263,35.5077]]}},{"type":"Feature","properties":{},"geometry":{"type":"LineString","coordinates":[[127.2976,35.3604],[127.2999,35.3647],[127.3038,35.3682]]}},{"type":"Feature","properties":{},"geometry":{"type":"LineString","coordinates":[[127.2966,35.3574],[127.2967,35.3576]]}},{"type":"Feature","properties":{},"geometry":{"type":"LineString","coordinates":[[127.2959,35.355],[127.2948,35.3514]]}},{"type":"Feature","properties":{},"geometry":{"type":"LineString","coordinates":[[127.2967,35.3576],[127.2967,35.3573]]}},{"type":"Feature","properties":{},"geometry":{"type":"LineString","coordinates":[[127.2947,35.3515],[127.2959,35.355]]}},{"type":"Feature","properties":{},"geometry":{"type":"LineString","coordinates":[[127.2944,35.3506],[127.2947,35.3515]]}},{"type":"Feature","properties":{},"geometry":{"type":"LineString","coordinates":[[127.2945,35.3505],[127.294,35.3491]]}},{"type":"Feature","properties":{},"geometry":{"type":"LineString","coordinates":[[127.2948,35.3514],[127.2945,35.3505]]}},{"type":"Feature","properties":{},"geometry":{"type":"LineString","coordinates":[[127.2938,35.3486],[127.294,35.3492]]}},{"type":"Feature","properties":{},"geometry":{"type":"LineString","coordinates":[[127.294,35.3492],[127.2944,35.3506]]}},{"type":"Feature","properties":{},"geometry":{"type":"LineString","coordinates":[[127.294,35.3491],[127.2939,35.3485]]}},{"type":"Feature","properties":{},"geometry":{"type":"LineString","coordinates":[[127.2939,35.3485],[127.2929,35.3441]]}},{"type":"Feature","properties":{},"geometry":{"type":"LineString","coordinates":[[127.2929,35.3441],[127.2938,35.3486]]}},{"type":"Feature","properties":{},"geometry":{"type":"LineString","coordinates":[[127.2929,35.3441],[127.2929,35.3438]]}},{"type":"Feature","properties":{},"geometry":{"type":"LineString","coordinates":[[127.2928,35.3438],[127.2929,35.3441]]}},{"type":"Feature","properties":{},"geometry":{"type":"LineString","coordinates":[[127.2929,35.3438],[127.289,35.3252]]}},{"type":"Feature","properties":{},"geometry":{"type":"LineString","coordinates":[[127.2863,35.3061],[127.2868,35.3041]]}},{"type":"Feature","properties":{},"geometry":{"type":"LineString","coordinates":[[127.2862,35.3061],[127.2861,35.3075]]}},{"type":"Feature","properties":{},"geometry":{"type":"LineString","coordinates":[[127.2862,35.3077],[127.2862,35.3075]]}},{"type":"Feature","properties":{},"geometry":{"type":"LineString","coordinates":[[127.2861,35.3077],[127.2861,35.3082]]}},{"type":"Feature","properties":{},"geometry":{"type":"LineString","coordinates":[[127.2889,35.2992],[127.289,35.299]]}},{"type":"Feature","properties":{},"geometry":{"type":"LineString","coordinates":[[127.289,35.299],[127.2952,35.2913],[127.3001,35.2869]]}},{"type":"Feature","properties":{},"geometry":{"type":"LineString","coordinates":[[127.2888,35.2992],[127.2867,35.3041]]}},{"type":"Feature","properties":{},"geometry":{"type":"LineString","coordinates":[[127.289,35.299],[127.2888,35.2992]]}},{"type":"Feature","properties":{},"geometry":{"type":"LineString","coordinates":[[127.3207,35.2707],[127.3197,35.2715]]}},{"type":"Feature","properties":{},"geometry":{"type":"LineString","coordinates":[[127.3208,35.2707],[127.3276,35.2659]]}},{"type":"Feature","properties":{},"geometry":{"type":"LineString","coordinates":[[127.4725,35.0121],[127.4693,35.0142]]}},{"type":"Feature","properties":{},"geometry":{"type":"LineString","coordinates":[[127.4725,35.0121],[127.4743,35.0111]]}},{"type":"Feature","properties":{},"geometry":{"type":"LineString","coordinates":[[127.4819,35.0065],[127.4756,35.0103]]}},{"type":"Feature","properties":{},"geometry":{"type":"LineString","coordinates":[[127.4819,35.0065],[127.4846,35.0048]]}},{"type":"Feature","properties":{},"geometry":{"type":"LineString","coordinates":[[127.632,34.8067],[127.6311,34.8079]]}},{"type":"Feature","properties":{},"geometry":{"type":"LineString","coordinates":[[127.6326,34.8059],[127.632,34.8067]]}},{"type":"Feature","properties":{},"geometry":{"type":"LineString","coordinates":[[127.6335,34.8047],[127.6326,34.8059]]}},{"type":"Feature","properties":{},"geometry":{"type":"LineString","coordinates":[[127.634,34.804],[127.6335,34.8047]]}},{"type":"Feature","properties":{},"geometry":{"type":"LineString","coordinates":[[127.6358,34.8018],[127.634,34.804]]}},{"type":"Feature","properties":{},"geometry":{"type":"LineString","coordinates":[[127.6382,34.7987],[127.6358,34.8018]]}},{"type":"Feature","properties":{},"geometry":{"type":"LineString","coordinates":[[127.6421,34.7935],[127.6402,34.796]]}},{"type":"Feature","properties":{},"geometry":{"type":"LineString","coordinates":[[127.6402,34.796],[127.6382,34.7987]]}},{"type":"Feature","properties":{},"geometry":{"type":"LineString","coordinates":[[127.6547,34.7806],[127.6565,34.7803]]}},{"type":"Feature","properties":{},"geometry":{"type":"LineString","coordinates":[[127.6565,34.7802],[127.6547,34.7806]]}},{"type":"Feature","properties":{},"geometry":{"type":"LineString","coordinates":[[127.6471,34.786],[127.6421,34.7935]]}},{"type":"Feature","properties":{},"geometry":{"type":"LineString","coordinates":[[127.6565,34.7803],[127.6627,34.7796]]}},{"type":"Feature","properties":{},"geometry":{"type":"LineString","coordinates":[[127.6627,34.7796],[127.6565,34.7802]]}},{"type":"Feature","properties":{},"geometry":{"type":"LineString","coordinates":[[127.6701,34.7789],[127.6669,34.7792]]}},{"type":"Feature","properties":{},"geometry":{"type":"LineString","coordinates":[[127.719,34.7784],[127.711,34.7787],[127.6822,34.7779],[127.6708,34.7788]]}},{"type":"Feature","properties":{},"geometry":{"type":"LineString","coordinates":[[127.7505,34.7605],[127.7506,34.7626],[127.7498,34.7663],[127.7456,34.7704]]}},{"type":"Feature","properties":{},"geometry":{"type":"LineString","coordinates":[[127.4185,36.3592],[127.4197,36.3612]]}},{"type":"Feature","properties":{},"geometry":{"type":"LineString","coordinates":[[127.417,36.356],[127.418,36.3534],[127.4225,36.3471],[127.43,36.3404]]}},{"type":"Feature","properties":{},"geometry":{"type":"LineString","coordinates":[[127.417,36.3569],[127.417,36.356]]}},{"type":"Feature","properties":{},"geometry":{"type":"LineString","coordinates":[[127.4176,36.3576],[127.4174,36.3569]]}},{"type":"Feature","properties":{},"geometry":{"type":"LineString","coordinates":[[127.4174,36.3569],[127.4176,36.3545],[127.4199,36.3507],[127.4237,36.3461],[127.4301,36.3405]]}},{"type":"Feature","properties":{},"geometry":{"type":"LineString","coordinates":[[127.4317,36.3375],[127.4324,36.3359]]}},{"type":"Feature","properties":{},"geometry":{"type":"LineString","coordinates":[[127.4313,36.3386],[127.4314,36.3383]]}},{"type":"Feature","properties":{},"geometry":{"type":"LineString","coordinates":[[127.4332,36.3344],[127.4324,36.3359]]}},{"type":"Feature","properties":{},"geometry":{"type":"LineString","coordinates":[[127.433,36.336],[127.4334,36.3355]]}},{"type":"Feature","properties":{},"geometry":{"type":"LineString","coordinates":[[127.4383,36.3244],[127.4385,36.3242]]}},{"type":"Feature","properties":{},"geometry":{"type":"LineString","coordinates":[[127.4698,36.3152],[127.4694,36.3152]]}},{"type":"Feature","properties":{},"geometry":{"type":"LineString","coordinates":[[127.4694,36.3152],[127.465,36.315]]}},{"type":"Feature","properties":{},"geometry":{"type":"LineString","coordinates":[[127.4699,36.3152],[127.4718,36.3149]]}},{"type":"Feature","properties":{},"geometry":{"type":"LineString","coordinates":[[127.4718,36.3149],[127.4743,36.314]]}},{"type":"Feature","properties":{},"geometry":{"type":"LineString","coordinates":[[127.4718,36.3148],[127.4698,36.3152]]}},{"type":"Feature","properties":{},"geometry":{"type":"LineString","coordinates":[[127.4694,36.3153],[127.4699,36.3152]]}},{"type":"Feature","properties":{},"geometry":{"type":"LineString","coordinates":[[127.4571,36.3142],[127.4547,36.3151],[127.4499,36.3188],[127.4435,36.3197]]}},{"type":"Feature","properties":{},"geometry":{"type":"LineString","coordinates":[[127.4586,36.3138],[127.4568,36.314]]}},{"type":"Feature","properties":{},"geometry":{"type":"LineString","coordinates":[[127.4568,36.314],[127.4544,36.315],[127.4494,36.3188],[127.4434,36.3195]]}},{"type":"Feature","properties":{},"geometry":{"type":"LineString","coordinates":[[127.5243,36.2875],[127.5278,36.2848]]}},{"type":"Feature","properties":{},"geometry":{"type":"LineString","coordinates":[[127.5242,36.2875],[127.5218,36.289]]}},{"type":"Feature","properties":{},"geometry":{"type":"LineString","coordinates":[[127.7668,36.1907],[127.7747,36.1864]]}},{"type":"Feature","properties":{},"geometry":{"type":"LineString","coordinates":[[127.7666,36.1909],[127.7668,36.1907]]}},{"type":"Feature","properties":{},"geometry":{"type":"LineString","coordinates":[[127.7584,36.1953],[127.7666,36.1909]]}},{"type":"Feature","properties":{},"geometry":{"type":"LineString","coordinates":[[127.777,36.1852],[127.7747,36.1864]]}},{"type":"Feature","properties":{},"geometry":{"type":"LineString","coordinates":[[127.7787,36.1843],[127.7946,36.1755]]}},{"type":"Feature","properties":{},"geometry":{"type":"LineString","coordinates":[[127.7747,36.1864],[127.7758,36.1858]]}},{"type":"Feature","properties":{},"geometry":{"type":"LineString","coordinates":[[127.7769,36.1852],[127.7787,36.1843]]}},{"type":"Feature","properties":{},"geometry":{"type":"LineString","coordinates":[[127.7946,36.1755],[127.7953,36.1751]]}},{"type":"Feature","properties":{},"geometry":{"type":"LineString","coordinates":[[127.7953,36.1751],[127.7959,36.1748]]}},{"type":"Feature","properties":{},"geometry":{"type":"LineString","coordinates":[[127.7959,36.1748],[127.8118,36.1662]]}},{"type":"Feature","properties":{},"geometry":{"type":"LineString","coordinates":[[127.8118,36.1662],[127.8139,36.1651]]}},{"type":"Feature","properties":{},"geometry":{"type":"LineString","coordinates":[[127.8139,36.1651],[127.8157,36.1641]]}},{"type":"Feature","properties":{},"geometry":{"type":"LineString","coordinates":[[127.8157,36.1641],[127.8182,36.1628]]}},{"type":"Feature","properties":{},"geometry":{"type":"LineString","coordinates":[[127.8244,36.1594],[127.8232,36.16]]}},{"type":"Feature","properties":{},"geometry":{"type":"LineString","coordinates":[[127.8202,36.1616],[127.8221,36.1605]]}},{"type":"Feature","properties":{},"geometry":{"type":"LineString","coordinates":[[127.8221,36.1605],[127.8231,36.16]]}},{"type":"Feature","properties":{},"geometry":{"type":"LineString","coordinates":[[127.8182,36.1628],[127.8202,36.1616]]}},{"type":"Feature","properties":{},"geometry":{"type":"LineString","coordinates":[[127.8231,36.16],[127.8244,36.1593]]}},{"type":"Feature","properties":{},"geometry":{"type":"LineString","coordinates":[[127.8244,36.1593],[127.8268,36.158]]}},{"type":"Feature","properties":{},"geometry":{"type":"LineString","coordinates":[[127.8268,36.158],[127.8749,36.1479],[127.8936,36.1453]]}},{"type":"Feature","properties":{},"geometry":{"type":"LineString","coordinates":[[127.914,36.1443],[127.9011,36.145]]}},{"type":"Feature","properties":{},"geometry":{"type":"LineString","coordinates":[[128.0246,36.1389],[127.914,36.1443]]}},{"type":"Feature","properties":{},"geometry":{"type":"LineString","coordinates":[[128.0274,36.1387],[128.0246,36.1389]]}},{"type":"Feature","properties":{},"geometry":{"type":"LineString","coordinates":[[128.036,36.1386],[128.0274,36.1387]]}},{"type":"Feature","properties":{},"geometry":{"type":"LineString","coordinates":[[128.0371,36.1386],[128.036,36.1386]]}},{"type":"Feature","properties":{},"geometry":{"type":"LineString","coordinates":[[128.0482,36.1384],[128.0372,36.1386]]}},{"type":"Feature","properties":{},"geometry":{"type":"LineString","coordinates":[[128.0481,36.1383],[128.0371,36.1386]]}},{"type":"Feature","properties":{},"geometry":{"type":"LineString","coordinates":[[128.0646,36.1367],[128.0584,36.1376]]}},{"type":"Feature","properties":{},"geometry":{"type":"LineString","coordinates":[[128.0656,36.1366],[128.0646,36.1367]]}},{"type":"Feature","properties":{},"geometry":{"type":"LineString","coordinates":[[128.0646,36.1367],[128.0584,36.1375]]}},{"type":"Feature","properties":{},"geometry":{"type":"LineString","coordinates":[[128.0655,36.1365],[128.0646,36.1367]]}},{"type":"Feature","properties":{},"geometry":{"type":"LineString","coordinates":[[128.0805,36.1343],[128.0655,36.1365]]}},{"type":"Feature","properties":{},"geometry":{"type":"LineString","coordinates":[[128.122,36.128],[128.1199,36.1283]]}},{"type":"Feature","properties":{},"geometry":{"type":"LineString","coordinates":[[128.1199,36.1283],[128.0805,36.1343]]}},{"type":"Feature","properties":{},"geometry":{"type":"LineString","coordinates":[[128.145,36.1236],[128.1352,36.1259],[128.122,36.128]]}},{"type":"Feature","properties":{},"geometry":{"type":"LineString","coordinates":[[128.1567,36.1202],[128.145,36.1236]]}},{"type":"Feature","properties":{},"geometry":{"type":"LineString","coordinates":[[128.1629,36.1184],[128.1567,36.1202]]}},{"type":"Feature","properties":{},"geometry":{"type":"LineString","coordinates":[[128.1655,36.1175],[128.1629,36.1184]]}},{"type":"Feature","properties":{},"geometry":{"type":"LineString","coordinates":[[128.1702,36.1161],[128.1655,36.1175]]}},{"type":"Feature","properties":{},"geometry":{"type":"LineString","coordinates":[[128.1723,36.1155],[128.1702,36.1161]]}},{"type":"Feature","properties":{},"geometry":{"type":"LineString","coordinates":[[128.1888,36.1106],[128.1723,36.1155]]}},{"type":"Feature","properties":{},"geometry":{"type":"LineString","coordinates":[[128.1714,36.1158],[128.1723,36.1155]]}},{"type":"Feature","properties":{},"geometry":{"type":"LineString","coordinates":[[128.1888,36.1105],[128.1897,36.1103]]}},{"type":"Feature","properties":{},"geometry":{"type":"LineString","coordinates":[[128.1888,36.1105],[128.1723,36.1155]]}},{"type":"Feature","properties":{},"geometry":{"type":"LineString","coordinates":[[128.1715,36.1158],[128.1724,36.1156]]}},{"type":"Feature","properties":{},"geometry":{"type":"LineString","coordinates":[[128.1889,36.1106],[128.1897,36.1103]]}},{"type":"Feature","properties":{},"geometry":{"type":"LineString","coordinates":[[128.1724,36.1156],[128.1889,36.1106]]}},{"type":"Feature","properties":{},"geometry":{"type":"LineString","coordinates":[[128.1911,36.1098],[128.1888,36.1106]]}},{"type":"Feature","properties":{},"geometry":{"type":"LineString","coordinates":[[128.2093,36.1044],[128.1911,36.1098]]}},{"type":"Feature","properties":{},"geometry":{"type":"LineString","coordinates":[[128.2162,36.1024],[128.2093,36.1044]]}},{"type":"Feature","properties":{},"geometry":{"type":"LineString","coordinates":[[128.2173,36.102],[128.2162,36.1024]]}},{"type":"Feature","properties":{},"geometry":{"type":"LineString","coordinates":[[128.2174,36.1021],[128.2162,36.1024]]}},{"type":"Feature","properties":{},"geometry":{"type":"LineString","coordinates":[[128.2162,36.1024],[128.2093,36.1045]]}},{"type":"Feature","properties":{},"geometry":{"type":"LineString","coordinates":[[128.2229,36.1003],[128.2173,36.102]]}},{"type":"Feature","properties":{},"geometry":{"type":"LineString","coordinates":[[128.2389,36.0955],[128.237,36.0961]]}},{"type":"Feature","properties":{},"geometry":{"type":"LineString","coordinates":[[128.237,36.0961],[128.2229,36.1003]]}},{"type":"Feature","properties":{},"geometry":{"type":"LineString","coordinates":[[128.2643,36.088],[128.2624,36.0885]]}},{"type":"Feature","properties":{},"geometry":{"type":"LineString","coordinates":[[128.2646,36.0878],[128.2643,36.088]]}},{"type":"Feature","properties":{},"geometry":{"type":"LineString","coordinates":[[128.2658,36.0874],[128.2646,36.0878]]}},{"type":"Feature","properties":{},"geometry":{"type":"LineString","coordinates":[[128.2569,36.0901],[128.2389,36.0955]]}},{"type":"Feature","properties":{},"geometry":{"type":"LineString","coordinates":[[128.2598,36.0892],[128.2569,36.0901]]}},{"type":"Feature","properties":{},"geometry":{"type":"LineString","coordinates":[[128.2624,36.0885],[128.2598,36.0892]]}},{"type":"Feature","properties":{},"geometry":{"type":"LineString","coordinates":[[128.2643,36.0879],[128.2624,36.0885]]}},{"type":"Feature","properties":{},"geometry":{"type":"LineString","coordinates":[[128.2646,36.0878],[128.2643,36.0879]]}},{"type":"Feature","properties":{},"geometry":{"type":"LineString","coordinates":[[128.3182,36.0693],[128.3175,36.0697]]}},{"type":"Feature","properties":{},"geometry":{"type":"LineString","coordinates":[[128.3141,36.0714],[128.2986,36.0775],[128.2658,36.0874]]}},{"type":"Feature","properties":{},"geometry":{"type":"LineString","coordinates":[[128.3164,36.0702],[128.3141,36.0714]]}},{"type":"Feature","properties":{},"geometry":{"type":"LineString","coordinates":[[128.3175,36.0697],[128.3164,36.0702]]}},{"type":"Feature","properties":{},"geometry":{"type":"LineString","coordinates":[[128.3165,36.0702],[128.3141,36.0714]]}},{"type":"Feature","properties":{},"geometry":{"type":"LineString","coordinates":[[128.3175,36.0697],[128.3165,36.0702]]}},{"type":"Feature","properties":{},"geometry":{"type":"LineString","coordinates":[[128.3238,36.0663],[128.3182,36.0693]]}},{"type":"Feature","properties":{},"geometry":{"type":"LineString","coordinates":[[128.3324,36.0616],[128.3292,36.0634]]}},{"type":"Feature","properties":{},"geometry":{"type":"LineString","coordinates":[[128.3619,36.045],[128.3324,36.0616]]}},{"type":"Feature","properties":{},"geometry":{"type":"LineString","coordinates":[[128.3686,36.0408],[128.3619,36.045]]}},{"type":"Feature","properties":{},"geometry":{"type":"LineString","coordinates":[[128.369,36.0406],[128.3686,36.0408]]}},{"type":"Feature","properties":{},"geometry":{"type":"LineString","coordinates":[[128.3687,36.0409],[128.362,36.045]]}},{"type":"Feature","properties":{},"geometry":{"type":"LineString","coordinates":[[128.369,36.0407],[128.3687,36.0409]]}},{"type":"Feature","properties":{},"geometry":{"type":"LineString","coordinates":[[128.3755,36.0366],[128.3732,36.038]]}},{"type":"Feature","properties":{},"geometry":{"type":"LineString","coordinates":[[128.3732,36.038],[128.369,36.0406]]}},{"type":"Feature","properties":{},"geometry":{"type":"LineString","coordinates":[[128.3732,36.0381],[128.369,36.0407]]}},{"type":"Feature","properties":{},"geometry":{"type":"LineString","coordinates":[[128.3755,36.0366],[128.3732,36.0381]]}},{"type":"Feature","properties":{},"geometry":{"type":"LineString","coordinates":[[128.3793,36.0342],[128.3755,36.0366]]}},{"type":"Feature","properties":{},"geometry":{"type":"LineString","coordinates":[[128.4034,36.0192],[128.3793,36.0342]]}},{"type":"Feature","properties":{},"geometry":{"type":"LineString","coordinates":[[128.4045,36.0186],[128.4034,36.0192]]}},{"type":"Feature","properties":{},"geometry":{"type":"LineString","coordinates":[[128.423,36.0071],[128.4045,36.0186]]}},{"type":"Feature","properties":{},"geometry":{"type":"LineString","coordinates":[[128.788,35.8512],[128.7476,35.8529]]}},{"type":"Feature","properties":{},"geometry":{"type":"LineString","coordinates":[[128.788,35.8512],[128.7995,35.8507]]}},{"type":"Feature","properties":{},"geometry":{"type":"LineString","coordinates":[[128.7995,35.8507],[128.8196,35.8499]]}},{"type":"Feature","properties":{},"geometry":{"type":"LineString","coordinates":[[128.7995,35.8507],[128.788,35.8512]]}},{"type":"Feature","properties":{},"geometry":{"type":"LineString","coordinates":[[128.8196,35.8499],[128.8306,35.8495]]}},{"type":"Feature","properties":{},"geometry":{"type":"LineString","coordinates":[[128.8196,35.8499],[128.7995,35.8507]]}},{"type":"Feature","properties":{},"geometry":{"type":"LineString","coordinates":[[128.8306,35.8495],[128.8329,35.8494]]}},{"type":"Feature","properties":{},"geometry":{"type":"LineString","coordinates":[[128.8306,35.8494],[128.8196,35.8499]]}},{"type":"Feature","properties":{},"geometry":{"type":"LineString","coordinates":[[128.8329,35.8494],[128.8418,35.849]]}},{"type":"Feature","properties":{},"geometry":{"type":"LineString","coordinates":[[128.8329,35.8493],[128.8306,35.8494]]}},{"type":"Feature","properties":{},"geometry":{"type":"LineString","coordinates":[[128.8418,35.849],[128.8469,35.8488]]}},{"type":"Feature","properties":{},"geometry":{"type":"LineString","coordinates":[[128.8418,35.8489],[128.8329,35.8493]]}},{"type":"Feature","properties":{},"geometry":{"type":"LineString","coordinates":[[128.8469,35.8488],[128.857,35.8483]]}},{"type":"Feature","properties":{},"geometry":{"type":"LineString","coordinates":[[128.8469,35.8487],[128.8418,35.8489]]}},{"type":"Feature","properties":{},"geometry":{"type":"LineString","coordinates":[[128.857,35.8483],[128.8584,35.8483]]}},{"type":"Feature","properties":{},"geometry":{"type":"LineString","coordinates":[[128.8584,35.8483],[128.8666,35.848]]}},{"type":"Feature","properties":{},"geometry":{"type":"LineString","coordinates":[[128.857,35.8483],[128.8469,35.8487]]}},{"type":"Feature","properties":{},"geometry":{"type":"LineString","coordinates":[[128.8584,35.8482],[128.857,35.8483]]}},{"type":"Feature","properties":{},"geometry":{"type":"LineString","coordinates":[[128.918,35.8519],[128.9197,35.852]]}},{"type":"Feature","properties":{},"geometry":{"type":"LineString","coordinates":[[128.9197,35.852],[128.9227,35.8524]]}},{"type":"Feature","properties":{},"geometry":{"type":"LineString","coordinates":[[128.9197,35.852],[128.9181,35.8518]]}},{"type":"Feature","properties":{},"geometry":{"type":"LineString","coordinates":[[128.9181,35.8518],[128.9171,35.8517]]}},{"type":"Feature","properties":{},"geometry":{"type":"LineString","coordinates":[[128.9227,35.8524],[128.9254,35.8526]]}},{"type":"Feature","properties":{},"geometry":{"type":"LineString","coordinates":[[128.9227,35.8523],[128.9197,35.852]]}},{"type":"Feature","properties":{},"geometry":{"type":"LineString","coordinates":[[128.9254,35.8526],[128.9227,35.8523]]}},{"type":"Feature","properties":{},"geometry":{"type":"LineString","coordinates":[[128.9254,35.8526],[128.9266,35.8528]]}},{"type":"Feature","properties":{},"geometry":{"type":"LineString","coordinates":[[128.9886,35.8573],[128.9929,35.857]]}},{"type":"Feature","properties":{},"geometry":{"type":"LineString","coordinates":[[128.9886,35.8573],[128.988,35.8573]]}},{"type":"Feature","properties":{},"geometry":{"type":"LineString","coordinates":[[128.9929,35.857],[129.0014,35.8559]]}},{"type":"Feature","properties":{},"geometry":{"type":"LineString","coordinates":[[128.9929,35.857],[128.9886,35.8573]]}},{"type":"Feature","properties":{},"geometry":{"type":"LineString","coordinates":[[129.0014,35.8559],[129.0025,35.8557]]}},{"type":"Feature","properties":{},"geometry":{"type":"LineString","coordinates":[[129.0014,35.8558],[128.9929,35.857]]}},{"type":"Feature","properties":{},"geometry":{"type":"LineString","coordinates":[[129.0025,35.8557],[129.0071,35.8548]]}},{"type":"Feature","properties":{},"geometry":{"type":"LineString","coordinates":[[129.0025,35.8556],[129.0014,35.8558]]}},{"type":"Feature","properties":{},"geometry":{"type":"LineString","coordinates":[[129.1393,35.5722],[129.1395,35.5733]]}},{"type":"Feature","properties":{},"geometry":{"type":"LineString","coordinates":[[129.1393,35.571],[129.1393,35.5722]]}},{"type":"Feature","properties":{},"geometry":{"type":"LineString","coordinates":[[128.9243,35.9587],[128.9455,35.9594]]}},{"type":"Feature","properties":{},"geometry":{"type":"LineString","coordinates":[[128.9199,35.961],[128.9195,35.9616]]}},{"type":"Feature","properties":{},"geometry":{"type":"LineString","coordinates":[[128.9208,35.9601],[128.9199,35.961]]}},{"type":"Feature","properties":{},"geometry":{"type":"LineString","coordinates":[[128.9265,35.9585],[128.9242,35.9587]]}},{"type":"Feature","properties":{},"geometry":{"type":"LineString","coordinates":[[128.9224,35.9592],[128.9208,35.9601]]}},{"type":"Feature","properties":{},"geometry":{"type":"LineString","coordinates":[[129.1868,35.8908],[129.1863,35.8902]]}},{"type":"Feature","properties":{},"geometry":{"type":"LineString","coordinates":[[129.1868,35.8908],[129.1871,35.8912]]}},{"type":"Feature","properties":{},"geometry":{"type":"LineString","coordinates":[[129.1872,35.8912],[129.1868,35.8908]]}},{"type":"Feature","properties":{},"geometry":{"type":"LineString","coordinates":[[129.2025,35.9075],[129.2021,35.9071]]}},{"type":"Feature","properties":{},"geometry":{"type":"LineString","coordinates":[[129.2028,35.9078],[129.2025,35.9075]]}},{"type":"Feature","properties":{},"geometry":{"type":"LineString","coordinates":[[129.2025,35.9076],[129.2028,35.9079]]}},{"type":"Feature","properties":{},"geometry":{"type":"LineString","coordinates":[[129.2028,35.9079],[129.2035,35.9086]]}},{"type":"Feature","properties":{},"geometry":{"type":"LineString","coordinates":[[129.287,36.0021],[129.2779,36.0023]]}},{"type":"Feature","properties":{},"geometry":{"type":"LineString","coordinates":[[129.2887,36.0022],[129.2908,36.0025]]}},{"type":"Feature","properties":{},"geometry":{"type":"LineString","coordinates":[[129.2908,36.0025],[129.2911,36.0026]]}},{"type":"Feature","properties":{},"geometry":{"type":"LineString","coordinates":[[129.2909,36.0025],[129.2887,36.0021]]}},{"type":"Feature","properties":{},"geometry":{"type":"LineString","coordinates":[[129.3022,36.0218],[129.3025,36.0223]]}},{"type":"Feature","properties":{},"geometry":{"type":"LineString","coordinates":[[129.2934,36.0041],[129.2911,36.0025]]}},{"type":"Feature","properties":{},"geometry":{"type":"LineString","coordinates":[[129.3552,36.0929],[129.3654,36.1105],[129.367,36.1141],[129.368,36.1213],[129.3672,36.1327]]}},{"type":"Feature","properties":{},"geometry":{"type":"LineString","coordinates":[[129.367,36.1358],[129.3666,36.1404]]}},{"type":"Feature","properties":{},"geometry":{"type":"LineString","coordinates":[[128.1416,37.128],[128.1536,37.1236],[128.1576,37.1239]]}},{"type":"Feature","properties":{},"geometry":{"type":"LineString","coordinates":[[128.2007,37.1292],[128.2029,37.1283]]}},{"type":"Feature","properties":{},"geometry":{"type":"LineString","coordinates":[[128.1819,37.1284],[128.1657,37.1274]]}},{"type":"Feature","properties":{},"geometry":{"type":"LineString","coordinates":[[128.2148,37.1239],[128.2137,37.1243]]}},{"type":"Feature","properties":{},"geometry":{"type":"LineString","coordinates":[[128.2137,37.1243],[128.2094,37.1259]]}},{"type":"Feature","properties":{},"geometry":{"type":"LineString","coordinates":[[128.2128,37.1248],[128.2138,37.1245]]}},{"type":"Feature","properties":{},"geometry":{"type":"LineString","coordinates":[[128.2138,37.1245],[128.2149,37.124]]}},{"type":"Feature","properties":{},"geometry":{"type":"LineString","coordinates":[[128.2149,37.124],[128.2172,37.1232]]}},{"type":"Feature","properties":{},"geometry":{"type":"LineString","coordinates":[[128.3016,37.0516],[128.2934,37.0594]]}},{"type":"Feature","properties":{},"geometry":{"type":"LineString","coordinates":[[128.3016,37.0516],[128.3026,37.0507]]}},{"type":"Feature","properties":{},"geometry":{"type":"LineString","coordinates":[[128.319,37.0308],[128.3168,37.0328]]}},{"type":"Feature","properties":{},"geometry":{"type":"LineString","coordinates":[[128.3211,37.0287],[128.3207,37.0292]]}},{"type":"Feature","properties":{},"geometry":{"type":"LineString","coordinates":[[128.3212,37.0287],[128.3208,37.0292]]}},{"type":"Feature","properties":{},"geometry":{"type":"LineString","coordinates":[[128.3209,37.0292],[128.3213,37.0288]]}},{"type":"Feature","properties":{},"geometry":{"type":"LineString","coordinates":[[128.3213,37.0288],[128.3221,37.0281]]}},{"type":"Feature","properties":{},"geometry":{"type":"LineString","coordinates":[[128.3323,37.0153],[128.3322,37.0169],[128.3309,37.0193],[128.3211,37.0287]]}},{"type":"Feature","properties":{},"geometry":{"type":"LineString","coordinates":[[128.3319,37.0091],[128.3324,37.0162],[128.3321,37.0177]]}},{"type":"Feature","properties":{},"geometry":{"type":"LineString","coordinates":[[128.3412,36.9875],[128.3331,37.0024],[128.3321,37.0066]]}},{"type":"Feature","properties":{},"geometry":{"type":"LineString","coordinates":[[127.3246,37.5481],[127.332,37.5446]]}},{"type":"Feature","properties":{},"geometry":{"type":"LineString","coordinates":[[127.3203,37.5501],[127.3127,37.5535]]}},{"type":"Feature","properties":{},"geometry":{"type":"LineString","coordinates":[[127.4895,37.4959],[127.4888,37.4968]]}},{"type":"Feature","properties":{},"geometry":{"type":"LineString","coordinates":[[127.4931,37.4913],[127.4928,37.4917]]}},{"type":"Feature","properties":{},"geometry":{"type":"LineString","coordinates":[[127.4928,37.4917],[127.4931,37.4913]]}},{"type":"Feature","properties":{},"geometry":{"type":"LineString","coordinates":[[127.4945,37.4894],[127.4974,37.4863],[127.5009,37.485]]}},{"type":"Feature","properties":{},"geometry":{"type":"LineString","coordinates":[[127.9613,37.4227],[127.9765,37.4327]]}},{"type":"Feature","properties":{},"geometry":{"type":"LineString","coordinates":[[127.9881,37.4604],[127.991,37.4667]]}},{"type":"Feature","properties":{},"geometry":{"type":"LineString","coordinates":[[127.9921,37.4681],[127.9953,37.472]]}},{"type":"Feature","properties":{},"geometry":{"type":"LineString","coordinates":[[128.1055,37.5236],[128.112,37.5254]]}},{"type":"Feature","properties":{},"geometry":{"type":"LineString","coordinates":[[128.1055,37.5235],[128.1022,37.5226]]}},{"type":"Feature","properties":{},"geometry":{"type":"LineString","coordinates":[[128.2086,37.5079],[128.2155,37.5091]]}},{"type":"Feature","properties":{},"geometry":{"type":"LineString","coordinates":[[128.2086,37.5078],[128.2082,37.5078]]}},{"type":"Feature","properties":{},"geometry":{"type":"LineString","coordinates":[[128.2155,37.5091],[128.2268,37.5109]]}},{"type":"Feature","properties":{},"geometry":{"type":"LineString","coordinates":[[128.2155,37.5091],[128.2086,37.5078]]}},{"type":"Feature","properties":{},"geometry":{"type":"LineString","coordinates":[[128.3602,37.56],[128.3679,37.5598]]}},{"type":"Feature","properties":{},"geometry":{"type":"LineString","coordinates":[[128.3601,37.56],[128.3566,37.5601]]}},{"type":"Feature","properties":{},"geometry":{"type":"LineString","coordinates":[[128.3679,37.5598],[128.38,37.5605]]}},{"type":"Feature","properties":{},"geometry":{"type":"LineString","coordinates":[[128.3679,37.5597],[128.3601,37.56]]}},{"type":"Feature","properties":{},"geometry":{"type":"LineString","coordinates":[[128.5838,37.6522],[128.5824,37.6508]]}},{"type":"Feature","properties":{},"geometry":{"type":"LineString","coordinates":[[128.5844,37.6528],[128.5838,37.6522]]}},{"type":"Feature","properties":{},"geometry":{"type":"LineString","coordinates":[[128.5837,37.6522],[128.5843,37.6528]]}},{"type":"Feature","properties":{},"geometry":{"type":"LineString","coordinates":[[128.5843,37.6528],[128.5849,37.6535]]}},{"type":"Feature","properties":{},"geometry":{"type":"LineString","coordinates":[[127.0958,37.1958],[127.0958,37.2045]]}},{"type":"Feature","properties":{},"geometry":{"type":"LineString","coordinates":[[127.1186,37.4503],[127.1185,37.4354],[127.1175,37.4171],[127.1201,37.3977]]}},{"type":"Feature","properties":{},"geometry":{"type":"LineString","coordinates":[[127.0955,37.2073],[127.0953,37.2047]]}},{"type":"Feature","properties":{},"geometry":{"type":"LineString","coordinates":[[127.5722,37.2936],[127.5808,37.2934]]}},{"type":"Feature","properties":{},"geometry":{"type":"LineString","coordinates":[[127.5715,37.2936],[127.5722,37.2936]]}},{"type":"Feature","properties":{},"geometry":{"type":"LineString","coordinates":[[127.5625,37.2939],[127.5715,37.2936]]}},{"type":"Feature","properties":{},"geometry":{"type":"LineString","coordinates":[[127.5541,37.2932],[127.5625,37.2939]]}},{"type":"Feature","properties":{},"geometry":{"type":"LineString","coordinates":[[127.5254,37.274],[127.5288,37.2766]]}},{"type":"Feature","properties":{},"geometry":{"type":"LineString","coordinates":[[127.5246,37.2734],[127.5254,37.274]]}},{"type":"Feature","properties":{},"geometry":{"type":"LineString","coordinates":[[127.2012,37.4074],[127.2025,37.4081]]}},{"type":"Feature","properties":{},"geometry":{"type":"LineString","coordinates":[[127.2025,37.4081],[127.2048,37.4095]]}},{"type":"Feature","properties":{},"geometry":{"type":"LineString","coordinates":[[127.2048,37.4095],[127.2056,37.41]]}},{"type":"Feature","properties":{},"geometry":{"type":"LineString","coordinates":[[127.2056,37.41],[127.2112,37.4131],[127.216,37.4133],[127.2242,37.411],[127.2495,37.4006]]}},{"type":"Feature","properties":{},"geometry":{"type":"LineString","coordinates":[[127.2495,37.4006],[127.2511,37.3999]]}},{"type":"Feature","properties":{},"geometry":{"type":"LineString","coordinates":[[127.2511,37.3999],[127.2604,37.3958]]}},{"type":"Feature","properties":{},"geometry":{"type":"LineString","coordinates":[[127.2604,37.3958],[127.2609,37.3956]]}},{"type":"Feature","properties":{},"geometry":{"type":"LineString","coordinates":[[127.2609,37.3956],[127.2766,37.3885],[127.2821,37.3848],[127.2844,37.382],[127.2908,37.3774],[127.2994,37.3736]]}},{"type":"Feature","properties":{},"geometry":{"type":"LineString","coordinates":[[127.2994,37.3736],[127.3019,37.3725]]}},{"type":"Feature","properties":{},"geometry":{"type":"LineString","coordinates":[[127.3019,37.3725],[127.3214,37.3641]]}},{"type":"Feature","properties":{},"geometry":{"type":"LineString","coordinates":[[127.3243,37.3628],[127.3292,37.3599]]}},{"type":"Feature","properties":{},"geometry":{"type":"LineString","coordinates":[[127.3214,37.3641],[127.3243,37.3628]]}},{"type":"Feature","properties":{},"geometry":{"type":"LineString","coordinates":[[127.3299,37.3593],[127.3372,37.3535],[127.3435,37.3513]]}},{"type":"Feature","properties":{},"geometry":{"type":"LineString","coordinates":[[127.33,37.3593],[127.3372,37.3535],[127.3435,37.3513]]}},{"type":"Feature","properties":{},"geometry":{"type":"LineString","coordinates":[[127.3484,37.3499],[127.3435,37.3513]]}},{"type":"Feature","properties":{},"geometry":{"type":"LineString","coordinates":[[127.3489,37.3498],[127.3565,37.348]]}},{"type":"Feature","properties":{},"geometry":{"type":"LineString","coordinates":[[127.3565,37.348],[127.3611,37.347]]}},{"type":"Feature","properties":{},"geometry":{"type":"LineString","coordinates":[[127.3634,37.3466],[127.3715,37.3439],[127.3986,37.3266],[127.4019,37.323],[127.4042,37.3181]]}},{"type":"Feature","properties":{},"geometry":{"type":"LineString","coordinates":[[127.3611,37.347],[127.3634,37.3466]]}},{"type":"Feature","properties":{},"geometry":{"type":"LineString","coordinates":[[127.4042,37.3181],[127.4085,37.3073]]}},{"type":"Feature","properties":{},"geometry":{"type":"LineString","coordinates":[[127.4093,37.3053],[127.4096,37.3046]]}},{"type":"Feature","properties":{},"geometry":{"type":"LineString","coordinates":[[127.4099,37.3037],[127.4104,37.3026]]}},{"type":"Feature","properties":{},"geometry":{"type":"LineString","coordinates":[[127.4096,37.3046],[127.4099,37.3037]]}},{"type":"Feature","properties":{},"geometry":{"type":"LineString","coordinates":[[127.4107,37.302],[127.4117,37.2998]]}},{"type":"Feature","properties":{},"geometry":{"type":"LineString","coordinates":[[127.4104,37.3026],[127.4107,37.302]]}},{"type":"Feature","properties":{},"geometry":{"type":"LineString","coordinates":[[127.4117,37.2998],[127.4132,37.296],[127.4134,37.2937],[127.4117,37.2791],[127.4125,37.2748],[127.4159,37.2706],[127.4206,37.267],[127.4256,37.2649],[127.43,37.2642]]}},{"type":"Feature","properties":{},"geometry":{"type":"LineString","coordinates":[[127.43,37.2642],[127.4331,37.2642]]}},{"type":"Feature","properties":{},"geometry":{"type":"LineString","coordinates":[[127.4335,37.2642],[127.4454,37.2642]]}},{"type":"Feature","properties":{},"geometry":{"type":"LineString","coordinates":[[127.4331,37.2642],[127.4335,37.2642]]}},{"type":"Feature","properties":{},"geometry":{"type":"LineString","coordinates":[[127.4454,37.2642],[127.4534,37.264],[127.4622,37.2624]]}},{"type":"Feature","properties":{},"geometry":{"type":"LineString","coordinates":[[127.4622,37.2624],[127.4665,37.2613]]}},{"type":"Feature","properties":{},"geometry":{"type":"LineString","coordinates":[[127.4688,37.2604],[127.4736,37.258],[127.4766,37.2572]]}},{"type":"Feature","properties":{},"geometry":{"type":"LineString","coordinates":[[127.4665,37.2613],[127.4688,37.2604]]}},{"type":"Feature","properties":{},"geometry":{"type":"LineString","coordinates":[[127.4766,37.2572],[127.4772,37.2572]]}},{"type":"Feature","properties":{},"geometry":{"type":"LineString","coordinates":[[127.4772,37.2572],[127.4801,37.2575]]}},{"type":"Feature","properties":{},"geometry":{"type":"LineString","coordinates":[[127.4822,37.258],[127.4846,37.2587]]}},{"type":"Feature","properties":{},"geometry":{"type":"LineString","coordinates":[[127.5127,37.2674],[127.5183,37.2697]]}},{"type":"Feature","properties":{},"geometry":{"type":"LineString","coordinates":[[127.5095,37.2661],[127.5127,37.2674]]}},{"type":"Feature","properties":{},"geometry":{"type":"LineString","coordinates":[[127.5044,37.2644],[127.5095,37.2661]]}},{"type":"Feature","properties":{},"geometry":{"type":"LineString","coordinates":[[127.5182,37.2697],[127.5189,37.27]]}},{"type":"Feature","properties":{},"geometry":{"type":"LineString","coordinates":[[127.5189,37.27],[127.5246,37.2734]]}},{"type":"Feature","properties":{},"geometry":{"type":"LineString","coordinates":[[127.5183,37.2697],[127.519,37.27]]}},{"type":"Feature","properties":{},"geometry":{"type":"LineString","coordinates":[[127.519,37.27],[127.5246,37.2734]]}},{"type":"Feature","properties":{},"geometry":{"type":"LineString","coordinates":[[127.5254,37.274],[127.5288,37.2766]]}},{"type":"Feature","properties":{},"geometry":{"type":"LineString","coordinates":[[127.5246,37.2734],[127.5254,37.274]]}},{"type":"Feature","properties":{},"geometry":{"type":"LineString","coordinates":[[127.5288,37.2766],[127.529,37.2768]]}},{"type":"Feature","properties":{},"geometry":{"type":"LineString","coordinates":[[127.529,37.2768],[127.5465,37.2901],[127.5541,37.2932]]}},{"type":"Feature","properties":{},"geometry":{"type":"LineString","coordinates":[[127.5288,37.2766],[127.529,37.2767]]}},{"type":"Feature","properties":{},"geometry":{"type":"LineString","coordinates":[[127.529,37.2767],[127.5452,37.2892],[127.5499,37.2918],[127.5542,37.2932]]}},{"type":"Feature","properties":{},"geometry":{"type":"LineString","coordinates":[[127.5542,37.2932],[127.5625,37.2938]]}},{"type":"Feature","properties":{},"geometry":{"type":"LineString","coordinates":[[127.5625,37.2938],[127.5715,37.2936]]}},{"type":"Feature","properties":{},"geometry":{"type":"LineString","coordinates":[[127.5722,37.2936],[127.5808,37.2933]]}},{"type":"Feature","properties":{},"geometry":{"type":"LineString","coordinates":[[127.5715,37.2936],[127.5722,37.2936]]}},{"type":"Feature","properties":{},"geometry":{"type":"LineString","coordinates":[[127.5808,37.2934],[127.5811,37.2934]]}},{"type":"Feature","properties":{},"geometry":{"type":"LineString","coordinates":[[127.5811,37.2934],[127.5887,37.2925]]}},{"type":"Feature","properties":{},"geometry":{"type":"LineString","coordinates":[[127.5808,37.2933],[127.5811,37.2933]]}},{"type":"Feature","properties":{},"geometry":{"type":"LineString","coordinates":[[127.5811,37.2933],[127.5887,37.2925]]}},{"type":"Feature","properties":{},"geometry":{"type":"LineString","coordinates":[[127.5906,37.2922],[127.6063,37.2896]]}},{"type":"Feature","properties":{},"geometry":{"type":"LineString","coordinates":[[127.5892,37.2924],[127.5906,37.2922]]}},{"type":"Feature","properties":{},"geometry":{"type":"LineString","coordinates":[[127.5887,37.2925],[127.5892,37.2924]]}},{"type":"Feature","properties":{},"geometry":{"type":"LineString","coordinates":[[127.6063,37.2896],[127.6107,37.2883],[127.6156,37.2851]]}},{"type":"Feature","properties":{},"geometry":{"type":"LineString","coordinates":[[127.6156,37.2851],[127.6201,37.2839]]}},{"type":"Feature","properties":{},"geometry":{"type":"LineString","coordinates":[[127.6252,37.2833],[127.6295,37.2828]]}},{"type":"Feature","properties":{},"geometry":{"type":"LineString","coordinates":[[127.6295,37.2828],[127.63,37.2827]]}},{"type":"Feature","properties":{},"geometry":{"type":"LineString","coordinates":[[127.63,37.2827],[127.6349,37.2821]]}},{"type":"Feature","properties":{},"geometry":{"type":"LineString","coordinates":[[128.512,35.2536],[128.5126,35.2534]]}},{"type":"Feature","properties":{},"geometry":{"type":"LineString","coordinates":[[128.5119,35.2535],[128.5126,35.2533]]}},{"type":"Feature","properties":{},"geometry":{"type":"LineString","coordinates":[[128.5108,35.2539],[128.512,35.2536]]}},{"type":"Feature","properties":{},"geometry":{"type":"LineString","coordinates":[[128.5108,35.2539],[128.5119,35.2535]]}},{"type":"Feature","properties":{},"geometry":{"type":"LineString","coordinates":[[128.4218,35.2493],[128.4295,35.2494]]}},{"type":"Feature","properties":{},"geometry":{"type":"LineString","coordinates":[[128.3103,35.199],[128.3148,35.2057]]}},{"type":"Feature","properties":{},"geometry":{"type":"LineString","coordinates":[[128.3103,35.1989],[128.306,35.1924]]}},{"type":"Feature","properties":{},"geometry":{"type":"LineString","coordinates":[[128.306,35.1924],[128.3103,35.199]]}},{"type":"Feature","properties":{},"geometry":{"type":"LineString","coordinates":[[128.3056,35.1918],[128.306,35.1924]]}},{"type":"Feature","properties":{},"geometry":{"type":"LineString","coordinates":[[128.3056,35.1918],[128.303,35.188]]}},{"type":"Feature","properties":{},"geometry":{"type":"LineString","coordinates":[[128.306,35.1924],[128.3056,35.1918]]}},{"type":"Feature","properties":{},"geometry":{"type":"LineString","coordinates":[[127.0593,37.1756],[127.0622,37.1722]]}},{"type":"Feature","properties":{},"geometry":{"type":"LineString","coordinates":[[127.0622,37.1722],[127.0634,37.1682]]}},{"type":"Feature","properties":{},"geometry":{"type":"LineString","coordinates":[[127.055,37.1784],[127.0593,37.1756]]}},{"type":"Feature","properties":{},"geometry":{"type":"LineString","coordinates":[[127.0428,37.1883],[127.0464,37.1839],[127.055,37.1784]]}},{"type":"Feature","properties":{},"geometry":{"type":"LineString","coordinates":[[126.5073,34.9463],[126.5074,34.9467]]}},{"type":"Feature","properties":{},"geometry":{"type":"LineString","coordinates":[[126.5077,34.9483],[126.5099,34.9532],[126.5144,34.9589]]}},{"type":"Feature","properties":{},"geometry":{"type":"LineString","coordinates":[[126.5058,34.9392],[126.506,34.9401]]}},{"type":"Feature","properties":{},"geometry":{"type":"LineString","coordinates":[[126.506,34.9401],[126.5073,34.9463]]}},{"type":"Feature","properties":{},"geometry":{"type":"LineString","coordinates":[[126.7619,35.113],[126.7573,35.1076],[126.7527,35.0976],[126.7483,35.0844],[126.7475,35.0774]]}},{"type":"Feature","properties":{},"geometry":{"type":"LineString","coordinates":[[126.7828,35.1271],[126.7619,35.113]]}},{"type":"Feature","properties":{},"geometry":{"type":"LineString","coordinates":[[126.7475,35.0774],[126.7456,35.0723]]}},{"type":"Feature","properties":{},"geometry":{"type":"LineString","coordinates":[[126.7366,35.0556],[126.7409,35.0636]]}},{"type":"Feature","properties":{},"geometry":{"type":"LineString","coordinates":[[126.7409,35.0636],[126.7456,35.0723]]}},{"type":"Feature","properties":{},"geometry":{"type":"LineString","coordinates":[[126.736,35.0545],[126.7362,35.0548]]}},{"type":"Feature","properties":{},"geometry":{"type":"LineString","coordinates":[[126.7362,35.0548],[126.7366,35.0556]]}},{"type":"Feature","properties":{},"geometry":{"type":"LineString","coordinates":[[126.735,35.0527],[126.7352,35.053]]}},{"type":"Feature","properties":{},"geometry":{"type":"LineString","coordinates":[[126.7352,35.053],[126.736,35.0545]]}},{"type":"Feature","properties":{},"geometry":{"type":"LineString","coordinates":[[126.7304,35.0441],[126.7335,35.0498]]}},{"type":"Feature","properties":{},"geometry":{"type":"LineString","coordinates":[[126.7335,35.0498],[126.735,35.0527]]}},{"type":"Feature","properties":{},"geometry":{"type":"LineString","coordinates":[[126.7277,35.0387],[126.7289,35.0413]]}},{"type":"Feature","properties":{},"geometry":{"type":"LineString","coordinates":[[126.7289,35.0413],[126.7304,35.0441]]}},{"type":"Feature","properties":{},"geometry":{"type":"LineString","coordinates":[[126.727,35.0355],[126.7271,35.0362]]}},{"type":"Feature","properties":{},"geometry":{"type":"LineString","coordinates":[[126.727,35.0353],[126.727,35.0355]]}},{"type":"Feature","properties":{},"geometry":{"type":"LineString","coordinates":[[126.7271,35.0362],[126.7271,35.0364]]}},{"type":"Feature","properties":{},"geometry":{"type":"LineString","coordinates":[[126.7271,35.0364],[126.7277,35.0387]]}},{"type":"Feature","properties":{},"geometry":{"type":"LineString","coordinates":[[126.7211,35.0169],[126.7245,35.0199],[126.7259,35.0224],[126.727,35.0353]]}},{"type":"Feature","properties":{},"geometry":{"type":"LineString","coordinates":[[126.6956,35.0061],[126.6971,35.0062]]}},{"type":"Feature","properties":{},"geometry":{"type":"LineString","coordinates":[[126.6859,35.0065],[126.6956,35.0061]]}},{"type":"Feature","properties":{},"geometry":{"type":"LineString","coordinates":[[126.6853,35.0065],[126.6856,35.0065]]}},{"type":"Feature","properties":{},"geometry":{"type":"LineString","coordinates":[[126.6856,35.0065],[126.6859,35.0065]]}},{"type":"Feature","properties":{},"geometry":{"type":"LineString","coordinates":[[126.6811,35.0068],[126.6828,35.0066]]}},{"type":"Feature","properties":{},"geometry":{"type":"LineString","coordinates":[[126.6828,35.0066],[126.6853,35.0065]]}},{"type":"Feature","properties":{},"geometry":{"type":"LineString","coordinates":[[126.6706,35.009],[126.6722,35.0086]]}},{"type":"Feature","properties":{},"geometry":{"type":"LineString","coordinates":[[126.6666,35.0098],[126.6706,35.009]]}},{"type":"Feature","properties":{},"geometry":{"type":"LineString","coordinates":[[126.6435,35.0161],[126.6448,35.016]]}},{"type":"Feature","properties":{},"geometry":{"type":"LineString","coordinates":[[126.6448,35.016],[126.6525,35.0146],[126.6607,35.0113],[126.6666,35.0098]]}},{"type":"Feature","properties":{},"geometry":{"type":"LineString","coordinates":[[126.5503,35.0308],[126.5519,35.0314]]}},{"type":"Feature","properties":{},"geometry":{"type":"LineString","coordinates":[[126.5439,35.027],[126.5456,35.0282]]}},{"type":"Feature","properties":{},"geometry":{"type":"LineString","coordinates":[[126.5456,35.0282],[126.5493,35.0304]]}},{"type":"Feature","properties":{},"geometry":{"type":"LineString","coordinates":[[126.5296,34.9825],[126.5297,34.9891],[126.5273,34.9997]]}},{"type":"Feature","properties":{},"geometry":{"type":"LineString","coordinates":[[126.5273,34.9997],[126.5261,35.0068],[126.5274,35.0122]]}},{"type":"Feature","properties":{},"geometry":{"type":"LineString","coordinates":[[126.5892,35.03],[126.5924,35.0291]]}},{"type":"Feature","properties":{},"geometry":{"type":"LineString","coordinates":[[126.589,35.03],[126.5892,35.03]]}},{"type":"Feature","properties":{},"geometry":{"type":"LineString","coordinates":[[126.5274,35.0122],[126.5278,35.0131]]}},{"type":"Feature","properties":{},"geometry":{"type":"LineString","coordinates":[[126.5278,35.0131],[126.5287,35.0148]]}},{"type":"Feature","properties":{},"geometry":{"type":"LineString","coordinates":[[126.5277,34.9762],[126.5296,34.9825]]}},{"type":"Feature","properties":{},"geometry":{"type":"LineString","coordinates":[[126.5259,34.9731],[126.5277,34.9762]]}},{"type":"Feature","properties":{},"geometry":{"type":"LineString","coordinates":[[126.5021,34.9222],[126.5022,34.9225]]}},{"type":"Feature","properties":{},"geometry":{"type":"LineString","coordinates":[[126.503,34.9266],[126.505,34.9358]]}},{"type":"Feature","properties":{},"geometry":{"type":"LineString","coordinates":[[126.5018,34.9211],[126.5019,34.9214]]}},{"type":"Feature","properties":{},"geometry":{"type":"LineString","coordinates":[[126.5019,34.9214],[126.5021,34.9222]]}},{"type":"Feature","properties":{},"geometry":{"type":"LineString","coordinates":[[126.4963,34.8955],[126.4965,34.8962]]}},{"type":"Feature","properties":{},"geometry":{"type":"LineString","coordinates":[[126.496,34.8936],[126.4963,34.8955]]}},{"type":"Feature","properties":{},"geometry":{"type":"LineString","coordinates":[[126.4805,34.8529],[126.4811,34.8538]]}},{"type":"Feature","properties":{},"geometry":{"type":"LineString","coordinates":[[126.4811,34.8538],[126.4821,34.855]]}},{"type":"Feature","properties":{},"geometry":{"type":"LineString","coordinates":[[126.393,34.8161],[126.3929,34.8159]]}},{"type":"Feature","properties":{},"geometry":{"type":"LineString","coordinates":[[126.9281,37.5634],[126.9247,37.5657],[126.9172,37.5677]]}},{"type":"Feature","properties":{},"geometry":{"type":"LineString","coordinates":[[126.7895,37.4021],[126.7885,37.405]]}},{"type":"Feature","properties":{},"geometry":{"type":"LineString","coordinates":[[126.8036,37.3889],[126.8088,37.3723],[126.8088,37.3701],[126.8065,37.3629],[126.8087,37.3527],[126.8103,37.3404],[126.809,37.3217],[126.8056,37.3166],[126.8041,37.3154],[126.7917,37.3118],[126.7903,37.3104],[126.7868,37.3025]]}},{"type":"Feature","properties":{},"geometry":{"type":"LineString","coordinates":[[126.8035,37.3889],[126.802,37.3917],[126.799,37.3942]]}},{"type":"Feature","properties":{},"geometry":{"type":"LineString","coordinates":[[126.7925,37.3993],[126.7915,37.4002]]}},{"type":"Feature","properties":{},"geometry":{"type":"LineString","coordinates":[[126.7915,37.4002],[126.7902,37.4013]]}},{"type":"Feature","properties":{},"geometry":{"type":"LineString","coordinates":[[126.7902,37.4013],[126.7895,37.4021]]}},{"type":"Feature","properties":{},"geometry":{"type":"LineString","coordinates":[[128.9182,35.3647],[128.9438,35.342],[128.9706,35.3331]]}},{"type":"Feature","properties":{},"geometry":{"type":"LineString","coordinates":[[128.9168,35.3659],[128.9182,35.3647]]}},{"type":"Feature","properties":{},"geometry":{"type":"LineString","coordinates":[[126.799,37.3942],[126.7986,37.3945]]}},{"type":"Feature","properties":{},"geometry":{"type":"LineString","coordinates":[[126.7986,37.3945],[126.7925,37.3993]]}},{"type":"Feature","properties":{},"geometry":{"type":"LineString","coordinates":[[127.4284,36.4425],[127.4258,36.4346],[127.4219,36.4284],[127.4203,36.4224],[127.4208,36.4208],[127.426,36.4144],[127.4264,36.411],[127.4249,36.4068],[127.418,36.3979]]}},{"type":"Feature","properties":{},"geometry":{"type":"LineString","coordinates":[[127.4284,36.4426],[127.4284,36.4425]]}},{"type":"Feature","properties":{},"geometry":{"type":"LineString","coordinates":[[126.842,35.5759],[126.8455,35.5801]]}},{"type":"Feature","properties":{},"geometry":{"type":"LineString","coordinates":[[126.4742,34.8448],[126.4805,34.8529]]}},{"type":"Feature","properties":{},"geometry":{"type":"LineString","coordinates":[[126.7147,35.0116],[126.7206,35.0164]]}},{"type":"Feature","properties":{},"geometry":{"type":"LineString","coordinates":[[126.7946,35.1452],[126.7921,35.1412]]}},{"type":"Feature","properties":{},"geometry":{"type":"LineString","coordinates":[[128.7623,35.6224],[128.7622,35.6161],[128.7646,35.6127]]}},{"type":"Feature","properties":{},"geometry":{"type":"LineString","coordinates":[[128.7596,35.6288],[128.7597,35.6286]]}},{"type":"Feature","properties":{},"geometry":{"type":"LineString","coordinates":[[128.7247,35.7602],[128.7264,35.7585]]}},{"type":"Feature","properties":{},"geometry":{"type":"LineString","coordinates":[[128.7244,35.7605],[128.7247,35.7602]]}},{"type":"Feature","properties":{},"geometry":{"type":"LineString","coordinates":[[126.8895,37.3125],[126.8914,37.3084]]}},{"type":"Feature","properties":{},"geometry":{"type":"LineString","coordinates":[[126.7986,37.3946],[126.799,37.3942]]}},{"type":"Feature","properties":{},"geometry":{"type":"LineString","coordinates":[[126.7925,37.3994],[126.7986,37.3946]]}},{"type":"Feature","properties":{},"geometry":{"type":"LineString","coordinates":[[126.7915,37.4002],[126.7925,37.3994]]}},{"type":"Feature","properties":{},"geometry":{"type":"LineString","coordinates":[[126.7902,37.4014],[126.7915,37.4002]]}},{"type":"Feature","properties":{},"geometry":{"type":"LineString","coordinates":[[126.7895,37.4022],[126.7902,37.4014]]}},{"type":"Feature","properties":{},"geometry":{"type":"LineString","coordinates":[[126.7886,37.405],[126.7895,37.4022]]}},{"type":"Feature","properties":{},"geometry":{"type":"LineString","coordinates":[[126.799,37.3942],[126.802,37.3917],[126.8036,37.3889]]}},{"type":"Feature","properties":{},"geometry":{"type":"LineString","coordinates":[[127.171,37.6126],[127.1736,37.6134]]}},{"type":"Feature","properties":{},"geometry":{"type":"LineString","coordinates":[[127.171,37.6126],[127.1534,37.6055]]}},{"type":"Feature","properties":{},"geometry":{"type":"LineString","coordinates":[[127.1736,37.6134],[127.171,37.6126]]}},{"type":"Feature","properties":{},"geometry":{"type":"LineString","coordinates":[[127.2123,37.585],[127.212,37.5851]]}},{"type":"Feature","properties":{},"geometry":{"type":"LineString","coordinates":[[127.2088,37.5869],[127.2051,37.5889]]}},{"type":"Feature","properties":{},"geometry":{"type":"LineString","coordinates":[[127.2123,37.585],[127.2149,37.5836]]}},{"type":"Feature","properties":{},"geometry":{"type":"LineString","coordinates":[[127.212,37.5852],[127.2123,37.585]]}},{"type":"Feature","properties":{},"geometry":{"type":"LineString","coordinates":[[127.0813,37.596],[127.0822,37.5962]]}},{"type":"Feature","properties":{},"geometry":{"type":"LineString","coordinates":[[127.0815,37.596],[127.0806,37.5958]]}},{"type":"Feature","properties":{},"geometry":{"type":"LineString","coordinates":[[127.0822,37.5962],[127.0824,37.5962]]}},{"type":"Feature","properties":{},"geometry":{"type":"LineString","coordinates":[[127.0806,37.5959],[127.0813,37.596]]}},{"type":"Feature","properties":{},"geometry":{"type":"LineString","coordinates":[[127.0837,37.5966],[127.0866,37.5975]]}},{"type":"Feature","properties":{},"geometry":{"type":"LineString","coordinates":[[127.0851,37.5969],[127.0849,37.5969]]}},{"type":"Feature","properties":{},"geometry":{"type":"LineString","coordinates":[[127.1939,37.6051],[127.1933,37.6057]]}},{"type":"Feature","properties":{},"geometry":{"type":"LineString","coordinates":[[127.1934,37.6058],[127.1939,37.6051]]}},{"type":"Feature","properties":{},"geometry":{"type":"LineString","coordinates":[[126.8173,37.6216],[126.8188,37.6206]]}},{"type":"Feature","properties":{},"geometry":{"type":"LineString","coordinates":[[126.8236,37.6163],[126.8172,37.6215]]}},{"type":"Feature","properties":{},"geometry":{"type":"LineString","coordinates":[[126.8237,37.6165],[126.8242,37.6161]]}},{"type":"Feature","properties":{},"geometry":{"type":"LineString","coordinates":[[127.1453,37.6037],[127.1475,37.6042]]}},{"type":"Feature","properties":{},"geometry":{"type":"LineString","coordinates":[[127.1429,37.6032],[127.1453,37.6037]]}},{"type":"Feature","properties":{},"geometry":{"type":"LineString","coordinates":[[127.5971,37.4834],[127.6046,37.4867]]}},{"type":"Feature","properties":{},"geometry":{"type":"LineString","coordinates":[[127.6046,37.4867],[127.5974,37.4835]]}},{"type":"Feature","properties":{},"geometry":{"type":"LineString","coordinates":[[126.8486,37.6123],[126.8305,37.612],[126.8276,37.6131],[126.824,37.6159]]}},{"type":"Feature","properties":{},"geometry":{"type":"LineString","coordinates":[[126.8577,37.6092],[126.8527,37.6119],[126.8503,37.6124],[126.8302,37.6122],[126.8274,37.6133],[126.824,37.616]]}},{"type":"Feature","properties":{},"geometry":{"type":"LineString","coordinates":[[127.1412,37.6028],[127.1409,37.6027]]}},{"type":"Feature","properties":{},"geometry":{"type":"LineString","coordinates":[[127.1453,37.6037],[127.1429,37.6031]]}},{"type":"Feature","properties":{},"geometry":{"type":"LineString","coordinates":[[127.1926,37.6067],[127.193,37.6062]]}},{"type":"Feature","properties":{},"geometry":{"type":"LineString","coordinates":[[127.193,37.6062],[127.1926,37.6066]]}},{"type":"Feature","properties":{},"geometry":{"type":"LineString","coordinates":[[127.1956,37.6022],[127.196,37.6014]]}},{"type":"Feature","properties":{},"geometry":{"type":"LineString","coordinates":[[127.196,37.6014],[127.1956,37.6022]]}},{"type":"Feature","properties":{},"geometry":{"type":"LineString","coordinates":[[127.4895,37.4959],[127.4928,37.4917]]}},{"type":"Feature","properties":{},"geometry":{"type":"LineString","coordinates":[[127.4928,37.4917],[127.4895,37.4959]]}},{"type":"Feature","properties":{},"geometry":{"type":"LineString","coordinates":[[127.4931,37.4913],[127.4945,37.4894]]}},{"type":"Feature","properties":{},"geometry":{"type":"LineString","coordinates":[[127.4945,37.4894],[127.4931,37.4913]]}},{"type":"Feature","properties":{},"geometry":{"type":"LineString","coordinates":[[127.589,37.4797],[127.5891,37.4797]]}},{"type":"Feature","properties":{},"geometry":{"type":"LineString","coordinates":[[127.5891,37.4797],[127.589,37.4797]]}},{"type":"Feature","properties":{},"geometry":{"type":"LineString","coordinates":[[126.9711,37.5582],[126.9711,37.5581]]}},{"type":"Feature","properties":{},"geometry":{"type":"LineString","coordinates":[[127.1483,36.8398],[127.1493,36.8293]]}},{"type":"Feature","properties":{},"geometry":{"type":"LineString","coordinates":[[127.0926,36.9832],[127.093,36.9828]]}},{"type":"Feature","properties":{},"geometry":{"type":"LineString","coordinates":[[127.093,36.9828],[127.0939,36.9819]]}},{"type":"Feature","properties":{},"geometry":{"type":"LineString","coordinates":[[127.0939,36.9819],[127.0941,36.9817]]}},{"type":"Feature","properties":{},"geometry":{"type":"LineString","coordinates":[[127.0941,36.9817],[127.099,36.9764]]}},{"type":"Feature","properties":{},"geometry":{"type":"LineString","coordinates":[[127.0644,37.6179],[127.0649,37.617]]}},{"type":"Feature","properties":{},"geometry":{"type":"LineString","coordinates":[[127.0648,37.617],[127.0646,37.6174]]}},{"type":"Feature","properties":{},"geometry":{"type":"LineString","coordinates":[[127.0639,37.6192],[127.0643,37.6182]]}},{"type":"Feature","properties":{},"geometry":{"type":"LineString","coordinates":[[127.0646,37.6174],[127.063,37.6209]]}},{"type":"Feature","properties":{},"geometry":{"type":"LineString","coordinates":[[126.8865,37.4189],[126.886,37.4182]]}},{"type":"Feature","properties":{},"geometry":{"type":"LineString","coordinates":[[126.8855,37.4183],[126.886,37.419]]}},{"type":"Feature","properties":{},"geometry":{"type":"LineString","coordinates":[[126.8883,37.4225],[126.8864,37.4193]]}},{"type":"Feature","properties":{},"geometry":{"type":"LineString","coordinates":[[126.8857,37.4183],[126.8863,37.4193]]}},{"type":"Feature","properties":{},"geometry":{"type":"LineString","coordinates":[[126.8952,37.453],[126.8956,37.452]]}},{"type":"Feature","properties":{},"geometry":{"type":"LineString","coordinates":[[126.8956,37.452],[126.9016,37.4384],[126.9042,37.4268],[126.9071,37.4214],[126.9111,37.4163]]}},{"type":"Feature","properties":{},"geometry":{"type":"LineString","coordinates":[[126.7867,37.3026],[126.791,37.3113],[126.7932,37.3125],[126.804,37.3155],[126.8055,37.3167],[126.8088,37.3218],[126.8102,37.3404],[126.8085,37.3527],[126.8064,37.3629],[126.8087,37.3701],[126.8087,37.3723],[126.8035,37.3889]]}},{"type":"Feature","properties":{},"geometry":{"type":"LineString","coordinates":[[126.7885,37.405],[126.7869,37.4158],[126.7841,37.4254],[126.7841,37.4308],[126.7853,37.4367],[126.793,37.4501],[126.7966,37.4577],[126.7988,37.4641],[126.7987,37.4658],[126.7955,37.4715],[126.7955,37.4811],[126.7948,37.4837]]}},{"type":"Feature","properties":{},"geometry":{"type":"LineString","coordinates":[[127.3292,37.3599],[127.3299,37.3593]]}},{"type":"Feature","properties":{},"geometry":{"type":"LineString","coordinates":[[127.1116,37.3947],[127.1309,37.3948],[127.1667,37.403],[127.1959,37.4055],[127.2012,37.4074]]}},{"type":"Feature","properties":{},"geometry":{"type":"LineString","coordinates":[[127.1116,37.3948],[127.1313,37.3949],[127.1658,37.4029],[127.1727,37.4039],[127.1956,37.4055],[127.2012,37.4075]]}},{"type":"Feature","properties":{},"geometry":{"type":"LineString","coordinates":[[127.3435,37.3513],[127.3484,37.3499]]}},{"type":"Feature","properties":{},"geometry":{"type":"LineString","coordinates":[[127.4085,37.3073],[127.4085,37.3072]]}},{"type":"Feature","properties":{},"geometry":{"type":"LineString","coordinates":[[127.4085,37.3072],[127.4093,37.3053]]}},{"type":"Feature","properties":{},"geometry":{"type":"LineString","coordinates":[[127.6239,37.2834],[127.6252,37.2833]]}},{"type":"Feature","properties":{},"geometry":{"type":"LineString","coordinates":[[127.6201,37.2839],[127.6239,37.2834]]}},{"type":"Feature","properties":{},"geometry":{"type":"LineString","coordinates":[[127.6245,37.2834],[127.6295,37.2828]]}},{"type":"Feature","properties":{},"geometry":{"type":"LineString","coordinates":[[127.5039,37.2643],[127.5044,37.2644]]}},{"type":"Feature","properties":{},"geometry":{"type":"LineString","coordinates":[[127.5033,37.2641],[127.5039,37.2643]]}},{"type":"Feature","properties":{},"geometry":{"type":"LineString","coordinates":[[127.5002,37.2632],[127.5033,37.2641]]}},{"type":"Feature","properties":{},"geometry":{"type":"LineString","coordinates":[[126.7953,35.4791],[126.797,35.4756]]}},{"type":"Feature","properties":{},"geometry":{"type":"LineString","coordinates":[[126.8374,35.57],[126.8383,35.5711]]}},{"type":"Feature","properties":{},"geometry":{"type":"LineString","coordinates":[[126.842,35.5759],[126.8383,35.5711]]}},{"type":"Feature","properties":{},"geometry":{"type":"LineString","coordinates":[[126.82,37.6196],[126.8237,37.6165]]}},{"type":"Feature","properties":{},"geometry":{"type":"LineString","coordinates":[[127.8928,37.3537],[127.8907,37.3519]]}},{"type":"Feature","properties":{},"geometry":{"type":"LineString","coordinates":[[127.891,37.3523],[127.8928,37.3537]]}},{"type":"Feature","properties":{},"geometry":{"type":"LineString","coordinates":[[127.9073,37.3623],[127.9002,37.3592],[127.8928,37.3537]]}},{"type":"Feature","properties":{},"geometry":{"type":"LineString","coordinates":[[127.8395,37.3485],[127.843,37.3462]]}},{"type":"Feature","properties":{},"geometry":{"type":"LineString","coordinates":[[127.8395,37.3486],[127.8453,37.3447]]}},{"type":"Feature","properties":{},"geometry":{"type":"LineString","coordinates":[[127.5946,37.4822],[127.5971,37.4834]]}},{"type":"Feature","properties":{},"geometry":{"type":"LineString","coordinates":[[127.5974,37.4835],[127.5947,37.4822]]}},{"type":"Feature","properties":{},"geometry":{"type":"LineString","coordinates":[[127.2088,37.5869],[127.212,37.5852]]}},{"type":"Feature","properties":{},"geometry":{"type":"LineString","coordinates":[[127.212,37.5851],[127.2088,37.5869]]}},{"type":"Feature","properties":{},"geometry":{"type":"LineString","coordinates":[[127.0494,37.5819],[127.0503,37.5832]]}},{"type":"Feature","properties":{},"geometry":{"type":"LineString","coordinates":[[128.9449,35.9593],[128.9293,35.9587]]}},{"type":"Feature","properties":{},"geometry":{"type":"LineString","coordinates":[[127.0911,37.5989],[127.0983,37.6017]]}},{"type":"Feature","properties":{},"geometry":{"type":"LineString","coordinates":[[127.0878,37.5976],[127.0911,37.5989]]}},{"type":"Feature","properties":{},"geometry":{"type":"LineString","coordinates":[[127.0824,37.5962],[127.0878,37.5976]]}},{"type":"Feature","properties":{},"geometry":{"type":"LineString","coordinates":[[128.9204,37.7428],[128.9206,37.7427]]}},{"type":"Feature","properties":{},"geometry":{"type":"LineString","coordinates":[[129.3563,35.543],[129.3537,35.5383]]}},{"type":"Feature","properties":{},"geometry":{"type":"LineString","coordinates":[[126.9418,35.9283],[126.9406,35.9237]]}},{"type":"Feature","properties":{},"geometry":{"type":"LineString","coordinates":[[127.2291,36.2863],[127.2282,36.2863]]}},{"type":"Feature","properties":{},"geometry":{"type":"LineString","coordinates":[[127.2282,36.2863],[127.2236,36.2848],[127.2207,36.2828]]}},{"type":"Feature","properties":{},"geometry":{"type":"LineString","coordinates":[[127.2207,36.2828],[127.2205,36.2826]]}},{"type":"Feature","properties":{},"geometry":{"type":"LineString","coordinates":[[127.2205,36.2826],[127.2193,36.2805],[127.2195,36.2788],[127.2243,36.2752]]}},{"type":"Feature","properties":{},"geometry":{"type":"LineString","coordinates":[[127.2243,36.2752],[127.2246,36.275]]}},{"type":"Feature","properties":{},"geometry":{"type":"LineString","coordinates":[[127.2246,36.275],[127.2261,36.2738],[127.2267,36.2721]]}},{"type":"Feature","properties":{},"geometry":{"type":"LineString","coordinates":[[127.2267,36.2721],[127.2269,36.271]]}},{"type":"Feature","properties":{},"geometry":{"type":"LineString","coordinates":[[127.2269,36.271],[127.2264,36.2666],[127.228,36.2627]]}},{"type":"Feature","properties":{},"geometry":{"type":"LineString","coordinates":[[127.228,36.2627],[127.2281,36.2626]]}},{"type":"Feature","properties":{},"geometry":{"type":"LineString","coordinates":[[126.8068,35.4294],[126.8082,35.4326]]}},{"type":"Feature","properties":{},"geometry":{"type":"LineString","coordinates":[[126.7877,35.1339],[126.7881,35.1347]]}},{"type":"Feature","properties":{},"geometry":{"type":"LineString","coordinates":[[126.7845,35.1288],[126.7872,35.133]]}},{"type":"Feature","properties":{},"geometry":{"type":"LineString","coordinates":[[126.7881,35.1347],[126.7925,35.1418]]}},{"type":"Feature","properties":{},"geometry":{"type":"LineString","coordinates":[[126.7921,35.1412],[126.7892,35.1364]]}},{"type":"Feature","properties":{},"geometry":{"type":"LineString","coordinates":[[126.8848,37.4164],[126.8854,37.4177]]}},{"type":"Feature","properties":{},"geometry":{"type":"LineString","coordinates":[[126.8848,37.4164],[126.8841,37.4151]]}},{"type":"Feature","properties":{},"geometry":{"type":"LineString","coordinates":[[127.0445,36.1628],[127.0339,36.162]]}},{"type":"Feature","properties":{},"geometry":{"type":"LineString","coordinates":[[126.9444,35.9369],[126.9446,35.9373]]}},{"type":"Feature","properties":{},"geometry":{"type":"LineString","coordinates":[[126.9444,35.9369],[126.9444,35.9368]]}},{"type":"Feature","properties":{},"geometry":{"type":"LineString","coordinates":[[126.9423,35.9301],[126.9419,35.9285]]}},{"type":"Feature","properties":{},"geometry":{"type":"LineString","coordinates":[[126.9447,35.9383],[126.945,35.9391]]}},{"type":"Feature","properties":{},"geometry":{"type":"LineString","coordinates":[[127.6309,34.8082],[127.6312,34.8079]]}},{"type":"Feature","properties":{},"geometry":{"type":"LineString","coordinates":[[127.6311,34.8079],[127.6309,34.8082]]}},{"type":"Feature","properties":{},"geometry":{"type":"LineString","coordinates":[[129.1074,37.5487],[129.1072,37.5493]]}},{"type":"Feature","properties":{},"geometry":{"type":"LineString","coordinates":[[126.784,35.19],[126.786,35.1889]]}},{"type":"Feature","properties":{},"geometry":{"type":"LineString","coordinates":[[126.7503,35.2159],[126.7553,35.2138],[126.7583,35.2111]]}},{"type":"Feature","properties":{},"geometry":{"type":"LineString","coordinates":[[129.2343,35.7354],[129.2355,35.7353]]}},{"type":"Feature","properties":{},"geometry":{"type":"LineString","coordinates":[[129.2343,35.7354],[129.2301,35.7357]]}},{"type":"Feature","properties":{},"geometry":{"type":"LineString","coordinates":[[129.2301,35.7357],[129.2343,35.7354]]}},{"type":"Feature","properties":{},"geometry":{"type":"LineString","coordinates":[[129.2301,35.7357],[129.2296,35.7357]]}},{"type":"Feature","properties":{},"geometry":{"type":"LineString","coordinates":[[129.2355,35.7352],[129.2343,35.7354]]}},{"type":"Feature","properties":{},"geometry":{"type":"LineString","coordinates":[[129.2355,35.7353],[129.2361,35.7351]]}},{"type":"Feature","properties":{},"geometry":{"type":"LineString","coordinates":[[129.2361,35.7351],[129.2355,35.7352]]}},{"type":"Feature","properties":{},"geometry":{"type":"LineString","coordinates":[[129.2361,35.7351],[129.2379,35.7347]]}},{"type":"Feature","properties":{},"geometry":{"type":"LineString","coordinates":[[127.8918,37.3214],[127.8891,37.3227]]}},{"type":"Feature","properties":{},"geometry":{"type":"LineString","coordinates":[[127.8919,37.3215],[127.893,37.3209]]}},{"type":"Feature","properties":{},"geometry":{"type":"LineString","coordinates":[[129.3968,36.4825],[129.3967,36.4859]]}},{"type":"Feature","properties":{},"geometry":{"type":"LineString","coordinates":[[129.3982,36.5123],[129.3985,36.5146]]}},{"type":"Feature","properties":{},"geometry":{"type":"LineString","coordinates":[[129.3978,36.5079],[129.3982,36.5123]]}},{"type":"Feature","properties":{},"geometry":{"type":"LineString","coordinates":[[129.3996,36.5827],[129.4034,36.595]]}},{"type":"Feature","properties":{},"geometry":{"type":"LineString","coordinates":[[129.3978,36.5311],[129.3971,36.536]]}},{"type":"Feature","properties":{},"geometry":{"type":"LineString","coordinates":[[129.398,36.529],[129.3978,36.5311]]}},{"type":"Feature","properties":{},"geometry":{"type":"LineString","coordinates":[[129.3983,36.5273],[129.398,36.529]]}},{"type":"Feature","properties":{},"geometry":{"type":"LineString","coordinates":[[129.3989,36.5202],[129.3983,36.5273]]}},{"type":"Feature","properties":{},"geometry":{"type":"LineString","coordinates":[[129.3985,36.5146],[129.3989,36.5202]]}},{"type":"Feature","properties":{},"geometry":{"type":"LineString","coordinates":[[129.3967,36.4859],[129.3976,36.5041]]}},{"type":"Feature","properties":{},"geometry":{"type":"LineString","coordinates":[[129.3976,36.5041],[129.3978,36.5079]]}},{"type":"Feature","properties":{},"geometry":{"type":"LineString","coordinates":[[129.2921,35.7208],[129.2857,35.7227]]}},{"type":"Feature","properties":{},"geometry":{"type":"LineString","coordinates":[[129.2379,35.7347],[129.2636,35.7245],[129.2717,35.7229]]}},{"type":"Feature","properties":{},"geometry":{"type":"LineString","coordinates":[[129.2811,35.7231],[129.282,35.7231]]}},{"type":"Feature","properties":{},"geometry":{"type":"LineString","coordinates":[[129.2811,35.723],[129.2773,35.7229]]}},{"type":"Feature","properties":{},"geometry":{"type":"LineString","coordinates":[[129.282,35.723],[129.2811,35.723]]}},{"type":"Feature","properties":{},"geometry":{"type":"LineString","coordinates":[[129.282,35.7231],[129.2832,35.723]]}},{"type":"Feature","properties":{},"geometry":{"type":"LineString","coordinates":[[129.2832,35.723],[129.282,35.723]]}},{"type":"Feature","properties":{},"geometry":{"type":"LineString","coordinates":[[129.2832,35.723],[129.2857,35.7227]]}},{"type":"Feature","properties":{},"geometry":{"type":"LineString","coordinates":[[129.2857,35.7227],[129.2832,35.723]]}},{"type":"Feature","properties":{},"geometry":{"type":"LineString","coordinates":[[129.2857,35.7227],[129.2922,35.7209]]}},{"type":"Feature","properties":{},"geometry":{"type":"LineString","coordinates":[[129.2773,35.723],[129.2811,35.7231]]}},{"type":"Feature","properties":{},"geometry":{"type":"LineString","coordinates":[[129.2753,35.7228],[129.2737,35.7228]]}},{"type":"Feature","properties":{},"geometry":{"type":"LineString","coordinates":[[129.2753,35.7229],[129.2773,35.723]]}},{"type":"Feature","properties":{},"geometry":{"type":"LineString","coordinates":[[129.2731,35.7228],[129.2737,35.7228]]}},{"type":"Feature","properties":{},"geometry":{"type":"LineString","coordinates":[[129.2737,35.7228],[129.2753,35.7229]]}},{"type":"Feature","properties":{},"geometry":{"type":"LineString","coordinates":[[129.2731,35.7228],[129.2717,35.7228]]}},{"type":"Feature","properties":{},"geometry":{"type":"LineString","coordinates":[[129.2737,35.7228],[129.2731,35.7228]]}},{"type":"Feature","properties":{},"geometry":{"type":"LineString","coordinates":[[129.2717,35.7228],[129.2637,35.7244],[129.2379,35.7346]]}},{"type":"Feature","properties":{},"geometry":{"type":"LineString","coordinates":[[129.2717,35.7229],[129.2731,35.7228]]}},{"type":"Feature","properties":{},"geometry":{"type":"LineString","coordinates":[[129.2029,35.7418],[129.2013,35.7426]]}},{"type":"Feature","properties":{},"geometry":{"type":"LineString","coordinates":[[129.203,35.7418],[129.2048,35.7409]]}},{"type":"Feature","properties":{},"geometry":{"type":"LineString","coordinates":[[129.2013,35.7426],[129.1946,35.7461]]}},{"type":"Feature","properties":{},"geometry":{"type":"LineString","coordinates":[[129.2013,35.7426],[129.203,35.7418]]}},{"type":"Feature","properties":{},"geometry":{"type":"LineString","coordinates":[[129.1946,35.7461],[129.2013,35.7426]]}},{"type":"Feature","properties":{},"geometry":{"type":"LineString","coordinates":[[129.1946,35.7461],[129.1929,35.7472]]}},{"type":"Feature","properties":{},"geometry":{"type":"LineString","coordinates":[[129.1929,35.7472],[129.1878,35.7523],[129.184,35.7596]]}},{"type":"Feature","properties":{},"geometry":{"type":"LineString","coordinates":[[129.193,35.7472],[129.1946,35.7461]]}},{"type":"Feature","properties":{},"geometry":{"type":"LineString","coordinates":[[129.1841,35.7596],[129.188,35.7521],[129.193,35.7472]]}},{"type":"Feature","properties":{},"geometry":{"type":"LineString","coordinates":[[129.1839,35.7599],[129.1826,35.7623]]}},{"type":"Feature","properties":{},"geometry":{"type":"LineString","coordinates":[[129.1826,35.7623],[129.1839,35.7599]]}},{"type":"Feature","properties":{},"geometry":{"type":"LineString","coordinates":[[129.1826,35.7623],[129.181,35.765]]}},{"type":"Feature","properties":{},"geometry":{"type":"LineString","coordinates":[[129.181,35.7651],[129.1826,35.7623]]}},{"type":"Feature","properties":{},"geometry":{"type":"LineString","coordinates":[[129.181,35.765],[129.1801,35.7664]]}},{"type":"Feature","properties":{},"geometry":{"type":"LineString","coordinates":[[129.1801,35.7664],[129.181,35.7651]]}},{"type":"Feature","properties":{},"geometry":{"type":"LineString","coordinates":[[129.1801,35.7664],[129.1745,35.7741]]}},{"type":"Feature","properties":{},"geometry":{"type":"LineString","coordinates":[[129.1739,35.7749],[129.1745,35.7741]]}},{"type":"Feature","properties":{},"geometry":{"type":"LineString","coordinates":[[129.1738,35.7749],[129.1702,35.7792]]}},{"type":"Feature","properties":{},"geometry":{"type":"LineString","coordinates":[[129.3625,35.5634],[129.3623,35.5673],[129.3634,35.5703],[129.3665,35.5736],[129.3703,35.5757]]}},{"type":"Feature","properties":{},"geometry":{"type":"LineString","coordinates":[[129.3782,35.5785],[129.373,35.5765]]}},{"type":"Feature","properties":{},"geometry":{"type":"LineString","coordinates":[[129.3753,35.5993],[129.3749,35.6]]}},{"type":"Feature","properties":{},"geometry":{"type":"LineString","coordinates":[[129.0724,35.8776],[129.0646,35.8827],[129.058,35.8898]]}},{"type":"Feature","properties":{},"geometry":{"type":"LineString","coordinates":[[127.1469,36.7348],[127.1568,36.7265]]}},{"type":"Feature","properties":{},"geometry":{"type":"LineString","coordinates":[[127.1467,36.735],[127.1469,36.7348]]}},{"type":"Feature","properties":{},"geometry":{"type":"LineString","coordinates":[[127.9322,37.3162],[127.9345,37.3158]]}},{"type":"Feature","properties":{},"geometry":{"type":"LineString","coordinates":[[127.9301,37.3164],[127.9322,37.3162]]}},{"type":"Feature","properties":{},"geometry":{"type":"LineString","coordinates":[[127.936,37.3153],[127.9494,37.3087],[127.9547,37.3022],[127.9878,37.2173],[127.9937,37.2055],[127.9974,37.2012]]}},{"type":"Feature","properties":{},"geometry":{"type":"LineString","coordinates":[[126.8824,37.4126],[126.8835,37.4146]]}},{"type":"Feature","properties":{},"geometry":{"type":"LineString","coordinates":[[126.8832,37.4135],[126.8836,37.4146]]}},{"type":"Feature","properties":{},"geometry":{"type":"LineString","coordinates":[[126.8838,37.4145],[126.8833,37.4135]]}},{"type":"Feature","properties":{},"geometry":{"type":"LineString","coordinates":[[126.884,37.4144],[126.883,37.4125]]}},{"type":"Feature","properties":{},"geometry":{"type":"LineString","coordinates":[[126.7805,35.3089],[126.7802,35.3107]]}},{"type":"Feature","properties":{},"geometry":{"type":"LineString","coordinates":[[126.7433,35.2187],[126.7379,35.2217],[126.7363,35.2242],[126.736,35.2268]]}},{"type":"Feature","properties":{},"geometry":{"type":"LineString","coordinates":[[126.8054,35.4094],[126.8061,35.416],[126.8057,35.4258],[126.8068,35.4294]]}},{"type":"Feature","properties":{},"geometry":{"type":"LineString","coordinates":[[126.8047,35.4043],[126.8054,35.4094]]}},{"type":"Feature","properties":{},"geometry":{"type":"LineString","coordinates":[[126.808,35.5],[126.7964,35.4843]]}},{"type":"Feature","properties":{},"geometry":{"type":"LineString","coordinates":[[126.8127,35.5156],[126.8126,35.5154]]}},{"type":"Feature","properties":{},"geometry":{"type":"LineString","coordinates":[[127.8128,37.3675],[127.816,37.3647]]}},{"type":"Feature","properties":{},"geometry":{"type":"LineString","coordinates":[[127.8633,37.3423],[127.8537,37.3423]]}},{"type":"Feature","properties":{},"geometry":{"type":"LineString","coordinates":[[127.8652,37.3423],[127.8673,37.3423]]}},{"type":"Feature","properties":{},"geometry":{"type":"LineString","coordinates":[[127.8638,37.3423],[127.8633,37.3423]]}},{"type":"Feature","properties":{},"geometry":{"type":"LineString","coordinates":[[129.0438,35.9087],[129.034,35.9225],[129.0302,35.9303]]}},{"type":"Feature","properties":{},"geometry":{"type":"LineString","coordinates":[[128.9102,35.9763],[128.9047,35.9804]]}},{"type":"Feature","properties":{},"geometry":{"type":"LineString","coordinates":[[127.7289,37.4369],[127.7266,37.4375]]}},{"type":"Feature","properties":{},"geometry":{"type":"LineString","coordinates":[[127.7317,37.4362],[127.7289,37.4369]]}},{"type":"Feature","properties":{},"geometry":{"type":"LineString","coordinates":[[127.7289,37.4369],[127.7317,37.4362]]}},{"type":"Feature","properties":{},"geometry":{"type":"LineString","coordinates":[[129.3965,36.5419],[129.3961,36.5456]]}},{"type":"Feature","properties":{},"geometry":{"type":"LineString","coordinates":[[129.3961,36.5456],[129.395,36.5587]]}},{"type":"Feature","properties":{},"geometry":{"type":"LineString","coordinates":[[129.3971,36.5364],[129.397,36.5369]]}},{"type":"Feature","properties":{},"geometry":{"type":"LineString","coordinates":[[129.397,36.5369],[129.3965,36.5419]]}},{"type":"Feature","properties":{},"geometry":{"type":"LineString","coordinates":[[129.3971,36.536],[129.3971,36.5364]]}},{"type":"Feature","properties":{},"geometry":{"type":"LineString","coordinates":[[129.2566,35.32],[129.2641,35.3217]]}},{"type":"Feature","properties":{},"geometry":{"type":"LineString","coordinates":[[129.2641,35.3216],[129.2566,35.32]]}},{"type":"Feature","properties":{},"geometry":{"type":"LineString","coordinates":[[129.2844,35.3343],[129.282,35.3329]]}},{"type":"Feature","properties":{},"geometry":{"type":"LineString","coordinates":[[129.282,35.3329],[129.2843,35.3344]]}},{"type":"Feature","properties":{},"geometry":{"type":"LineString","coordinates":[[129.292,35.3412],[129.291,35.3389],[129.2889,35.337]]}},{"type":"Feature","properties":{},"geometry":{"type":"LineString","coordinates":[[129.2889,35.337],[129.291,35.3389],[129.292,35.3412]]}},{"type":"Feature","properties":{},"geometry":{"type":"LineString","coordinates":[[129.2048,35.7409],[129.2029,35.7418]]}},{"type":"Feature","properties":{},"geometry":{"type":"LineString","coordinates":[[129.2048,35.7409],[129.2062,35.7403]]}},{"type":"Feature","properties":{},"geometry":{"type":"LineString","coordinates":[[129.2062,35.7403],[129.2075,35.7397]]}},{"type":"Feature","properties":{},"geometry":{"type":"LineString","coordinates":[[129.2062,35.7402],[129.2048,35.7409]]}},{"type":"Feature","properties":{},"geometry":{"type":"LineString","coordinates":[[128.3437,36.976],[128.3436,36.9764]]}},{"type":"Feature","properties":{},"geometry":{"type":"LineString","coordinates":[[128.609,36.8453],[128.606,36.848],[128.6022,36.8503]]}},{"type":"Feature","properties":{},"geometry":{"type":"LineString","coordinates":[[128.6022,36.8504],[128.606,36.8481],[128.6091,36.8453]]}},{"type":"Feature","properties":{},"geometry":{"type":"LineString","coordinates":[[128.6113,36.8425],[128.609,36.8453]]}},{"type":"Feature","properties":{},"geometry":{"type":"LineString","coordinates":[[128.5837,36.8569],[128.5754,36.8589]]}},{"type":"Feature","properties":{},"geometry":{"type":"LineString","coordinates":[[128.5754,36.859],[128.5837,36.8569]]}},{"type":"Feature","properties":{},"geometry":{"type":"LineString","coordinates":[[128.5714,36.8602],[128.5679,36.8615]]}},{"type":"Feature","properties":{},"geometry":{"type":"LineString","coordinates":[[128.5679,36.8615],[128.5714,36.8603]]}},{"type":"Feature","properties":{},"geometry":{"type":"LineString","coordinates":[[128.5636,36.8631],[128.5505,36.8683]]}},{"type":"Feature","properties":{},"geometry":{"type":"LineString","coordinates":[[128.529,36.8737],[128.5284,36.8738]]}},{"type":"Feature","properties":{},"geometry":{"type":"LineString","coordinates":[[128.5467,36.8699],[128.5506,36.8684]]}},{"type":"Feature","properties":{},"geometry":{"type":"LineString","coordinates":[[129.1337,35.8365],[129.1323,35.8349]]}},{"type":"Feature","properties":{},"geometry":{"type":"LineString","coordinates":[[129.1336,35.8365],[129.1356,35.8387]]}},{"type":"Feature","properties":{},"geometry":{"type":"LineString","coordinates":[[129.2283,35.7358],[129.2292,35.7358]]}},{"type":"Feature","properties":{},"geometry":{"type":"LineString","coordinates":[[129.2283,35.7358],[129.2277,35.7358]]}},{"type":"Feature","properties":{},"geometry":{"type":"LineString","coordinates":[[129.2292,35.7357],[129.2283,35.7358]]}},{"type":"Feature","properties":{},"geometry":{"type":"LineString","coordinates":[[129.2292,35.7358],[129.2296,35.7357]]}},{"type":"Feature","properties":{},"geometry":{"type":"LineString","coordinates":[[129.2296,35.7357],[129.2292,35.7357]]}},{"type":"Feature","properties":{},"geometry":{"type":"LineString","coordinates":[[129.2296,35.7357],[129.2301,35.7357]]}},{"type":"Feature","properties":{},"geometry":{"type":"LineString","coordinates":[[129.1149,35.8495],[129.115,35.8494]]}},{"type":"Feature","properties":{},"geometry":{"type":"LineString","coordinates":[[129.1211,35.843],[129.1202,35.844]]}},{"type":"Feature","properties":{},"geometry":{"type":"LineString","coordinates":[[129.1296,35.8318],[129.1302,35.8335],[129.1297,35.8351],[129.1263,35.8384]]}},{"type":"Feature","properties":{},"geometry":{"type":"LineString","coordinates":[[129.1202,35.844],[129.1161,35.8482]]}},{"type":"Feature","properties":{},"geometry":{"type":"LineString","coordinates":[[129.1212,35.8431],[129.1241,35.8405]]}},{"type":"Feature","properties":{},"geometry":{"type":"LineString","coordinates":[[129.1161,35.8482],[129.1151,35.8492]]}},{"type":"Feature","properties":{},"geometry":{"type":"LineString","coordinates":[[129.1161,35.8482],[129.1202,35.844]]}},{"type":"Feature","properties":{},"geometry":{"type":"LineString","coordinates":[[129.1151,35.8492],[129.1149,35.8494]]}},{"type":"Feature","properties":{},"geometry":{"type":"LineString","coordinates":[[129.1152,35.8492],[129.1161,35.8482]]}},{"type":"Feature","properties":{},"geometry":{"type":"LineString","coordinates":[[129.1146,35.8497],[129.1009,35.8643],[129.0964,35.8666]]}},{"type":"Feature","properties":{},"geometry":{"type":"LineString","coordinates":[[129.115,35.8494],[129.1152,35.8492]]}},{"type":"Feature","properties":{},"geometry":{"type":"LineString","coordinates":[[129.0964,35.8666],[129.0954,35.8671]]}},{"type":"Feature","properties":{},"geometry":{"type":"LineString","coordinates":[[129.0954,35.8671],[129.0826,35.8729]]}},{"type":"Feature","properties":{},"geometry":{"type":"LineString","coordinates":[[129.0964,35.8667],[129.101,35.8643],[129.1146,35.8498]]}},{"type":"Feature","properties":{},"geometry":{"type":"LineString","coordinates":[[129.0826,35.8729],[129.0767,35.8756]]}},{"type":"Feature","properties":{},"geometry":{"type":"LineString","coordinates":[[129.0826,35.8729],[129.0954,35.8671]]}},{"type":"Feature","properties":{},"geometry":{"type":"LineString","coordinates":[[129.0725,35.8776],[129.0741,35.8768]]}},{"type":"Feature","properties":{},"geometry":{"type":"LineString","coordinates":[[127.0677,37.603],[127.0673,37.6017]]}},{"type":"Feature","properties":{},"geometry":{"type":"LineString","coordinates":[[127.0677,37.603],[127.0675,37.6103]]}},{"type":"Feature","properties":{},"geometry":{"type":"LineString","coordinates":[[127.0673,37.6017],[127.0677,37.603]]}},{"type":"Feature","properties":{},"geometry":{"type":"LineString","coordinates":[[127.0671,37.6011],[127.0603,37.5913],[127.0541,37.5876],[127.052,37.5856]]}},{"type":"Feature","properties":{},"geometry":{"type":"LineString","coordinates":[[128.8843,37.7196],[128.8855,37.7197]]}},{"type":"Feature","properties":{},"geometry":{"type":"LineString","coordinates":[[128.8839,37.7196],[128.8843,37.7196]]}},{"type":"Feature","properties":{},"geometry":{"type":"LineString","coordinates":[[128.8839,37.7195],[128.8832,37.7195]]}},{"type":"Feature","properties":{},"geometry":{"type":"LineString","coordinates":[[128.8843,37.7196],[128.8839,37.7195]]}},{"type":"Feature","properties":{},"geometry":{"type":"LineString","coordinates":[[128.3321,37.0066],[128.3319,37.0081]]}},{"type":"Feature","properties":{},"geometry":{"type":"LineString","coordinates":[[128.3429,36.9817],[128.3412,36.9875]]}},{"type":"Feature","properties":{},"geometry":{"type":"LineString","coordinates":[[129.0557,35.8929],[129.055,35.8939]]}},{"type":"Feature","properties":{},"geometry":{"type":"LineString","coordinates":[[129.0741,35.8768],[129.0724,35.8776]]}},{"type":"Feature","properties":{},"geometry":{"type":"LineString","coordinates":[[129.0741,35.8768],[129.0765,35.8757]]}},{"type":"Feature","properties":{},"geometry":{"type":"LineString","coordinates":[[129.055,35.8939],[129.0528,35.8968]]}},{"type":"Feature","properties":{},"geometry":{"type":"LineString","coordinates":[[129.058,35.8898],[129.0649,35.8825],[129.0725,35.8776]]}},{"type":"Feature","properties":{},"geometry":{"type":"LineString","coordinates":[[129.0508,35.8995],[129.0525,35.8972]]}},{"type":"Feature","properties":{},"geometry":{"type":"LineString","coordinates":[[129.0528,35.8968],[129.0525,35.8972]]}},{"type":"Feature","properties":{},"geometry":{"type":"LineString","coordinates":[[129.0528,35.8968],[129.055,35.8939]]}},{"type":"Feature","properties":{},"geometry":{"type":"LineString","coordinates":[[127.4885,37.4971],[127.4872,37.4989]]}},{"type":"Feature","properties":{},"geometry":{"type":"LineString","coordinates":[[127.4888,37.4968],[127.4885,37.4971]]}},{"type":"Feature","properties":{},"geometry":{"type":"LineString","coordinates":[[127.4888,37.4969],[127.4895,37.4959]]}},{"type":"Feature","properties":{},"geometry":{"type":"LineString","coordinates":[[127.4886,37.4972],[127.4888,37.4969]]}},{"type":"Feature","properties":{},"geometry":{"type":"LineString","coordinates":[[127.3069,36.5867],[127.3071,36.5865]]}},{"type":"Feature","properties":{},"geometry":{"type":"LineString","coordinates":[[127.3071,36.5865],[127.3079,36.5841]]}},{"type":"Feature","properties":{},"geometry":{"type":"LineString","coordinates":[[128.4842,36.8814],[128.4716,36.8857],[128.445,36.8985],[128.3697,36.9218]]}},{"type":"Feature","properties":{},"geometry":{"type":"LineString","coordinates":[[128.3221,37.0281],[128.3286,37.0223],[128.3321,37.0177]]}},{"type":"Feature","properties":{},"geometry":{"type":"LineString","coordinates":[[127.3225,36.6248],[127.3232,36.6241]]}},{"type":"Feature","properties":{},"geometry":{"type":"LineString","coordinates":[[127.323,36.624],[127.3218,36.6251]]}},{"type":"Feature","properties":{},"geometry":{"type":"LineString","coordinates":[[127.9268,37.3164],[127.928,37.3164]]}},{"type":"Feature","properties":{},"geometry":{"type":"LineString","coordinates":[[127.928,37.3164],[127.9301,37.3164]]}},{"type":"Feature","properties":{},"geometry":{"type":"LineString","coordinates":[[128.772,35.2965],[128.7759,35.3025]]}},{"type":"Feature","properties":{},"geometry":{"type":"LineString","coordinates":[[128.7718,35.2961],[128.772,35.2965]]}},{"type":"Feature","properties":{},"geometry":{"type":"LineString","coordinates":[[128.7719,35.2961],[128.7714,35.2954]]}},{"type":"Feature","properties":{},"geometry":{"type":"LineString","coordinates":[[128.7721,35.2964],[128.7719,35.2961]]}},{"type":"Feature","properties":{},"geometry":{"type":"LineString","coordinates":[[127.0236,37.2253],[127.0236,37.2252]]}},{"type":"Feature","properties":{},"geometry":{"type":"LineString","coordinates":[[127.0236,37.2252],[127.0262,37.2202]]}},{"type":"Feature","properties":{},"geometry":{"type":"LineString","coordinates":[[127.0659,37.1382],[127.064,37.1228]]}},{"type":"Feature","properties":{},"geometry":{"type":"LineString","coordinates":[[127.1459,36.8581],[127.1454,36.8539],[127.147,36.8462]]}},{"type":"Feature","properties":{},"geometry":{"type":"LineString","coordinates":[[127.146,36.8582],[127.1459,36.8581]]}},{"type":"Feature","properties":{},"geometry":{"type":"LineString","coordinates":[[127.1474,36.844],[127.1475,36.8439]]}},{"type":"Feature","properties":{},"geometry":{"type":"LineString","coordinates":[[126.9977,37.2696],[127.0025,37.2617]]}},{"type":"Feature","properties":{},"geometry":{"type":"LineString","coordinates":[[127.0025,37.2617],[127.0045,37.2582]]}},{"type":"Feature","properties":{},"geometry":{"type":"LineString","coordinates":[[127.0045,37.2582],[127.009,37.2521]]}},{"type":"Feature","properties":{},"geometry":{"type":"LineString","coordinates":[[126.9712,37.5497],[126.9712,37.5494]]}},{"type":"Feature","properties":{},"geometry":{"type":"LineString","coordinates":[[126.9712,37.5494],[126.9712,37.5487]]}},{"type":"Feature","properties":{},"geometry":{"type":"LineString","coordinates":[[126.9307,36.9399],[126.9338,36.882],[126.9336,36.8759]]}},{"type":"Feature","properties":{},"geometry":{"type":"LineString","coordinates":[[126.8921,37.509],[126.8847,37.5048],[126.8814,37.5019],[126.88,37.4999],[126.8795,37.497],[126.8804,37.4867],[126.8952,37.453]]}},{"type":"Feature","properties":{},"geometry":{"type":"LineString","coordinates":[[126.8927,37.5093],[126.8921,37.509]]}},{"type":"Feature","properties":{},"geometry":{"type":"LineString","coordinates":[[127.0643,37.6182],[127.0644,37.6179]]}},{"type":"Feature","properties":{},"geometry":{"type":"LineString","coordinates":[[129.3734,36.3833],[129.3738,36.3839]]}},{"type":"Feature","properties":{},"geometry":{"type":"LineString","coordinates":[[129.3728,36.3821],[129.3734,36.3833]]}},{"type":"Feature","properties":{},"geometry":{"type":"LineString","coordinates":[[127.0388,37.5602],[127.0396,37.5555],[127.0386,37.5533],[127.0356,37.5512],[127.0327,37.5478],[127.0247,37.5445],[127.0205,37.5416]]}},{"type":"Feature","properties":{},"geometry":{"type":"LineString","coordinates":[[127.0376,37.5656],[127.0376,37.5658]]}},{"type":"Feature","properties":{},"geometry":{"type":"LineString","coordinates":[[127.0378,37.5649],[127.0379,37.5646]]}},{"type":"Feature","properties":{},"geometry":{"type":"LineString","coordinates":[[127.0377,37.5658],[127.0378,37.5649]]}},{"type":"Feature","properties":{},"geometry":{"type":"LineString","coordinates":[[127.0377,37.5661],[127.0377,37.5658]]}},{"type":"Feature","properties":{},"geometry":{"type":"LineString","coordinates":[[127.0376,37.5661],[127.0392,37.569]]}},{"type":"Feature","properties":{},"geometry":{"type":"LineString","coordinates":[[127.0376,37.5658],[127.0376,37.5661]]}},{"type":"Feature","properties":{},"geometry":{"type":"LineString","coordinates":[[127.0445,37.5758],[127.0449,37.5763]]}},{"type":"Feature","properties":{},"geometry":{"type":"LineString","coordinates":[[126.9701,37.5608],[126.9672,37.5623],[126.9622,37.5623]]}},{"type":"Feature","properties":{},"geometry":{"type":"LineString","coordinates":[[126.9703,37.5606],[126.9706,37.5603]]}},{"type":"Feature","properties":{},"geometry":{"type":"LineString","coordinates":[[126.827,37.6137],[126.8241,37.616]]}},{"type":"Feature","properties":{},"geometry":{"type":"LineString","coordinates":[[126.7583,35.211],[126.765,35.2025]]}},{"type":"Feature","properties":{},"geometry":{"type":"LineString","coordinates":[[126.7583,35.2111],[126.7583,35.211]]}},{"type":"Feature","properties":{},"geometry":{"type":"LineString","coordinates":[[126.7361,35.2269],[126.7384,35.2386]]}},{"type":"Feature","properties":{},"geometry":{"type":"LineString","coordinates":[[126.736,35.2268],[126.7361,35.2269]]}},{"type":"Feature","properties":{},"geometry":{"type":"LineString","coordinates":[[126.7384,35.2387],[126.7396,35.2432],[126.7426,35.2483],[126.7472,35.2591],[126.7522,35.2666],[126.7567,35.2717]]}},{"type":"Feature","properties":{},"geometry":{"type":"LineString","coordinates":[[126.7384,35.2386],[126.7384,35.2387]]}},{"type":"Feature","properties":{},"geometry":{"type":"LineString","coordinates":[[126.757,35.2721],[126.7657,35.2787],[126.7732,35.2864]]}},{"type":"Feature","properties":{},"geometry":{"type":"LineString","coordinates":[[126.7567,35.2717],[126.757,35.2721]]}},{"type":"Feature","properties":{},"geometry":{"type":"LineString","coordinates":[[126.7773,35.291],[126.7785,35.2928]]}},{"type":"Feature","properties":{},"geometry":{"type":"LineString","coordinates":[[126.7771,35.2908],[126.7773,35.291]]}},{"type":"Feature","properties":{},"geometry":{"type":"LineString","coordinates":[[127.2942,36.6104],[127.2948,36.607]]}},{"type":"Feature","properties":{},"geometry":{"type":"LineString","coordinates":[[127.2937,36.6134],[127.2938,36.6133]]}},{"type":"Feature","properties":{},"geometry":{"type":"LineString","coordinates":[[128.2268,37.5109],[128.228,37.5111]]}},{"type":"Feature","properties":{},"geometry":{"type":"LineString","coordinates":[[128.228,37.5111],[128.2404,37.513]]}},{"type":"Feature","properties":{},"geometry":{"type":"LineString","coordinates":[[128.2281,37.5111],[128.2269,37.5109]]}},{"type":"Feature","properties":{},"geometry":{"type":"LineString","coordinates":[[128.2269,37.5109],[128.2155,37.5091]]}},{"type":"Feature","properties":{},"geometry":{"type":"LineString","coordinates":[[128.2406,37.513],[128.2489,37.5166]]}},{"type":"Feature","properties":{},"geometry":{"type":"LineString","coordinates":[[128.2404,37.513],[128.2406,37.513]]}},{"type":"Feature","properties":{},"geometry":{"type":"LineString","coordinates":[[127.0702,37.0153],[127.0704,37.0133]]}},{"type":"Feature","properties":{},"geometry":{"type":"LineString","coordinates":[[127.0702,37.0154],[127.0702,37.0153]]}},{"type":"Feature","properties":{},"geometry":{"type":"LineString","coordinates":[[127.0702,37.0154],[127.0695,37.0216]]}},{"type":"Feature","properties":{},"geometry":{"type":"LineString","coordinates":[[127.0702,37.0152],[127.0702,37.0154]]}},{"type":"Feature","properties":{},"geometry":{"type":"LineString","coordinates":[[128.9309,37.7293],[128.9322,37.7335],[128.9314,37.7366],[128.9293,37.7387],[128.9245,37.7409]]}},{"type":"Feature","properties":{},"geometry":{"type":"LineString","coordinates":[[128.948,37.7377],[128.9607,37.7372]]}},{"type":"Feature","properties":{},"geometry":{"type":"LineString","coordinates":[[129.109,37.5439],[129.1078,37.5472]]}},{"type":"Feature","properties":{},"geometry":{"type":"LineString","coordinates":[[129.3315,35.7034],[129.339,35.6998],[129.348,35.6934],[129.3523,35.6883],[129.3551,35.6833],[129.3715,35.6424],[129.3719,35.6202]]}},{"type":"Feature","properties":{},"geometry":{"type":"LineString","coordinates":[[128.0191,36.7851],[128.0267,36.7722],[128.0314,36.7671],[128.0396,36.76],[128.0571,36.7532],[128.0801,36.7484]]}},{"type":"Feature","properties":{},"geometry":{"type":"LineString","coordinates":[[129.3774,36.4154],[129.3777,36.4135]]}},{"type":"Feature","properties":{},"geometry":{"type":"LineString","coordinates":[[129.3778,36.4132],[129.3795,36.4039]]}},{"type":"Feature","properties":{},"geometry":{"type":"LineString","coordinates":[[129.2376,35.298],[129.2375,35.2962]]}},{"type":"Feature","properties":{},"geometry":{"type":"LineString","coordinates":[[129.2375,35.2962],[129.2376,35.298]]}},{"type":"Feature","properties":{},"geometry":{"type":"LineString","coordinates":[[129.2845,35.3681],[129.2848,35.3649],[129.287,35.3604]]}},{"type":"Feature","properties":{},"geometry":{"type":"LineString","coordinates":[[129.2869,35.3603],[129.2848,35.3649],[129.2844,35.3681]]}},{"type":"Feature","properties":{},"geometry":{"type":"LineString","coordinates":[[129.2841,35.3736],[129.2841,35.3833]]}},{"type":"Feature","properties":{},"geometry":{"type":"LineString","coordinates":[[129.2841,35.3833],[129.2842,35.3736]]}},{"type":"Feature","properties":{},"geometry":{"type":"LineString","coordinates":[[129.285,35.4012],[129.2851,35.3988]]}},{"type":"Feature","properties":{},"geometry":{"type":"LineString","coordinates":[[129.2851,35.3988],[129.285,35.4012]]}},{"type":"Feature","properties":{},"geometry":{"type":"LineString","coordinates":[[129.3556,35.5419],[129.3537,35.5383]]}},{"type":"Feature","properties":{},"geometry":{"type":"LineString","coordinates":[[129.3556,35.5419],[129.3563,35.5431]]}},{"type":"Feature","properties":{},"geometry":{"type":"LineString","coordinates":[[129.3517,35.5344],[129.3517,35.5344]]}},{"type":"Feature","properties":{},"geometry":{"type":"LineString","coordinates":[[129.3513,35.5337],[129.3477,35.5268]]}},{"type":"Feature","properties":{},"geometry":{"type":"LineString","coordinates":[[129.3477,35.5268],[129.3466,35.525]]}},{"type":"Feature","properties":{},"geometry":{"type":"LineString","coordinates":[[129.3595,35.5491],[129.3606,35.5511]]}},{"type":"Feature","properties":{},"geometry":{"type":"LineString","coordinates":[[129.3606,35.5511],[129.3607,35.5514]]}},{"type":"Feature","properties":{},"geometry":{"type":"LineString","coordinates":[[129.3606,35.5511],[129.3595,35.5491]]}},{"type":"Feature","properties":{},"geometry":{"type":"LineString","coordinates":[[129.3608,35.5514],[129.3606,35.5511]]}},{"type":"Feature","properties":{},"geometry":{"type":"LineString","coordinates":[[129.3607,35.5514],[129.361,35.5521]]}},{"type":"Feature","properties":{},"geometry":{"type":"LineString","coordinates":[[129.361,35.5521],[129.3611,35.5523]]}},{"type":"Feature","properties":{},"geometry":{"type":"LineString","coordinates":[[129.3611,35.5521],[129.3608,35.5514]]}},{"type":"Feature","properties":{},"geometry":{"type":"LineString","coordinates":[[129.3611,35.5523],[129.3622,35.5556]]}},{"type":"Feature","properties":{},"geometry":{"type":"LineString","coordinates":[[129.3612,35.5522],[129.3611,35.5521]]}},{"type":"Feature","properties":{},"geometry":{"type":"LineString","coordinates":[[129.3627,35.5579],[129.3627,35.5617]]}},{"type":"Feature","properties":{},"geometry":{"type":"LineString","coordinates":[[129.3626,35.5634],[129.3628,35.5617]]}},{"type":"Feature","properties":{},"geometry":{"type":"LineString","coordinates":[[129.3628,35.5613],[129.3628,35.5579]]}},{"type":"Feature","properties":{},"geometry":{"type":"LineString","coordinates":[[129.3628,35.5617],[129.3628,35.5613]]}},{"type":"Feature","properties":{},"geometry":{"type":"LineString","coordinates":[[129.3627,35.5617],[129.3625,35.5634]]}},{"type":"Feature","properties":{},"geometry":{"type":"LineString","coordinates":[[129.3563,35.5431],[129.3563,35.543]]}},{"type":"Feature","properties":{},"geometry":{"type":"LineString","coordinates":[[129.3517,35.5344],[129.3513,35.5337]]}},{"type":"Feature","properties":{},"geometry":{"type":"LineString","coordinates":[[126.8864,37.4193],[126.8858,37.4182]]}},{"type":"Feature","properties":{},"geometry":{"type":"LineString","coordinates":[[126.8863,37.4193],[126.8881,37.4225]]}},{"type":"Feature","properties":{},"geometry":{"type":"LineString","coordinates":[[126.8833,37.4135],[126.8723,37.3933],[126.8668,37.379],[126.8693,37.3615],[126.8715,37.3531],[126.8834,37.3257]]}},{"type":"Feature","properties":{},"geometry":{"type":"LineString","coordinates":[[126.8832,37.4135],[126.8837,37.4146]]}},{"type":"Feature","properties":{},"geometry":{"type":"LineString","coordinates":[[126.9448,37.199],[126.9449,37.1933]]}},{"type":"Feature","properties":{},"geometry":{"type":"LineString","coordinates":[[126.9448,37.1991],[126.9448,37.199]]}},{"type":"Feature","properties":{},"geometry":{"type":"LineString","coordinates":[[126.9446,37.199],[126.9448,37.1933]]}},{"type":"Feature","properties":{},"geometry":{"type":"LineString","coordinates":[[126.9446,37.1991],[126.9446,37.199]]}},{"type":"Feature","properties":{},"geometry":{"type":"LineString","coordinates":[[127.919,37.3164],[127.9268,37.3164]]}},{"type":"Feature","properties":{},"geometry":{"type":"LineString","coordinates":[[127.9268,37.3164],[127.9191,37.3164]]}},{"type":"Feature","properties":{},"geometry":{"type":"LineString","coordinates":[[127.0705,36.9532],[127.0706,36.9515]]}},{"type":"Feature","properties":{},"geometry":{"type":"LineString","coordinates":[[127.0705,36.9533],[127.0705,36.9532]]}},{"type":"Feature","properties":{},"geometry":{"type":"LineString","coordinates":[[127.0704,36.9532],[127.0706,36.9515]]}},{"type":"Feature","properties":{},"geometry":{"type":"LineString","coordinates":[[127.0704,36.9533],[127.0704,36.9532]]}},{"type":"Feature","properties":{},"geometry":{"type":"LineString","coordinates":[[127.0704,36.9532],[127.0706,36.9515]]}},{"type":"Feature","properties":{},"geometry":{"type":"LineString","coordinates":[[127.0703,36.9533],[127.0704,36.9532]]}},{"type":"Feature","properties":{},"geometry":{"type":"LineString","coordinates":[[127.0706,36.9532],[127.0706,36.9515]]}},{"type":"Feature","properties":{},"geometry":{"type":"LineString","coordinates":[[127.0706,36.9533],[127.0706,36.9532]]}},{"type":"Feature","properties":{},"geometry":{"type":"LineString","coordinates":[[127.3097,36.6362],[127.3054,36.6401]]}},{"type":"Feature","properties":{},"geometry":{"type":"LineString","coordinates":[[127.3101,36.6359],[127.3097,36.6362]]}},{"type":"Feature","properties":{},"geometry":{"type":"LineString","coordinates":[[127.3225,36.6248],[127.3232,36.6241]]}},{"type":"Feature","properties":{},"geometry":{"type":"LineString","coordinates":[[127.3206,36.6263],[127.3101,36.6359]]}},{"type":"Feature","properties":{},"geometry":{"type":"LineString","coordinates":[[127.3206,36.6263],[127.3231,36.624]]}},{"type":"Feature","properties":{},"geometry":{"type":"LineString","coordinates":[[127.0958,37.1958],[127.0954,37.1753],[127.0962,37.147],[127.0939,37.1043],[127.0937,37.085],[127.0931,37.0822],[127.0868,37.0691],[127.0849,37.0668],[127.0777,37.0609],[127.071,37.0495],[127.0682,37.0356],[127.0684,37.0332]]}},{"type":"Feature","properties":{},"geometry":{"type":"LineString","coordinates":[[127.0957,37.2073],[127.0958,37.1958]]}},{"type":"Feature","properties":{},"geometry":{"type":"LineString","coordinates":[[127.0955,37.2073],[127.0955,37.1958]]}},{"type":"Feature","properties":{},"geometry":{"type":"LineString","coordinates":[[127.0955,37.1958],[127.0954,37.1582],[127.096,37.1468],[127.0937,37.1003],[127.0936,37.0854],[127.0914,37.0787],[127.0867,37.069],[127.0781,37.0616],[127.0722,37.0521],[127.07,37.047],[127.0685,37.0378]]}},{"type":"Feature","properties":{},"geometry":{"type":"LineString","coordinates":[[127.0704,37.0133],[127.0701,37.0152]]}},{"type":"Feature","properties":{},"geometry":{"type":"LineString","coordinates":[[127.0701,37.0154],[127.0695,37.0216]]}},{"type":"Feature","properties":{},"geometry":{"type":"LineString","coordinates":[[127.0701,37.0152],[127.0701,37.0154]]}},{"type":"Feature","properties":{},"geometry":{"type":"LineString","coordinates":[[127.0704,37.0133],[127.0702,37.0152]]}},{"type":"Feature","properties":{},"geometry":{"type":"LineString","coordinates":[[127.0695,37.0216],[127.0692,37.0246]]}},{"type":"Feature","properties":{},"geometry":{"type":"LineString","coordinates":[[127.0696,37.0216],[127.0703,37.0154]]}},{"type":"Feature","properties":{},"geometry":{"type":"LineString","coordinates":[[127.0704,37.0133],[127.071,37.0074]]}},{"type":"Feature","properties":{},"geometry":{"type":"LineString","coordinates":[[127.0703,37.0153],[127.0704,37.0133]]}},{"type":"Feature","properties":{},"geometry":{"type":"LineString","coordinates":[[127.0703,37.0154],[127.0703,37.0153]]}},{"type":"Feature","properties":{},"geometry":{"type":"LineString","coordinates":[[127.0696,37.0216],[127.0702,37.0154]]}},{"type":"Feature","properties":{},"geometry":{"type":"LineString","coordinates":[[127.0706,36.9515],[127.0709,36.9492]]}},{"type":"Feature","properties":{},"geometry":{"type":"LineString","coordinates":[[127.424,36.3776],[127.4242,36.3744]]}},{"type":"Feature","properties":{},"geometry":{"type":"LineString","coordinates":[[127.424,36.3777],[127.424,36.3776]]}},{"type":"Feature","properties":{},"geometry":{"type":"LineString","coordinates":[[127.2963,36.5991],[127.2976,36.5958],[127.3033,36.5908]]}},{"type":"Feature","properties":{},"geometry":{"type":"LineString","coordinates":[[127.4218,36.3803],[127.4225,36.3798]]}},{"type":"Feature","properties":{},"geometry":{"type":"LineString","coordinates":[[127.4217,36.3803],[127.4218,36.3803]]}},{"type":"Feature","properties":{},"geometry":{"type":"LineString","coordinates":[[127.433,36.3357],[127.4334,36.3352]]}},{"type":"Feature","properties":{},"geometry":{"type":"LineString","coordinates":[[127.4334,36.3352],[127.4365,36.3289]]}},{"type":"Feature","properties":{},"geometry":{"type":"LineString","coordinates":[[127.4361,36.3305],[127.438,36.3251]]}},{"type":"Feature","properties":{},"geometry":{"type":"LineString","coordinates":[[127.433,36.336],[127.4361,36.3305]]}},{"type":"Feature","properties":{},"geometry":{"type":"LineString","coordinates":[[127.4362,36.3306],[127.4363,36.3305]]}},{"type":"Feature","properties":{},"geometry":{"type":"LineString","coordinates":[[127.4365,36.3289],[127.4383,36.3244]]}},{"type":"Feature","properties":{},"geometry":{"type":"LineString","coordinates":[[127.4385,36.3242],[127.438,36.3251]]}},{"type":"Feature","properties":{},"geometry":{"type":"LineString","coordinates":[[127.5761,36.2619],[127.5718,36.2626]]}},{"type":"Feature","properties":{},"geometry":{"type":"LineString","coordinates":[[127.5762,36.2619],[127.5761,36.2619]]}},{"type":"Feature","properties":{},"geometry":{"type":"LineString","coordinates":[[127.5761,36.2618],[127.5791,36.2613]]}},{"type":"Feature","properties":{},"geometry":{"type":"LineString","coordinates":[[127.576,36.2618],[127.5761,36.2618]]}},{"type":"Feature","properties":{},"geometry":{"type":"LineString","coordinates":[[126.9334,36.8742],[126.9298,36.8646],[126.9239,36.8568],[126.9135,36.8508],[126.8996,36.844]]}},{"type":"Feature","properties":{},"geometry":{"type":"LineString","coordinates":[[126.8324,37.1753],[126.834,37.1743]]}},{"type":"Feature","properties":{},"geometry":{"type":"LineString","coordinates":[[127.102,36.8039],[127.1025,36.8022]]}},{"type":"Feature","properties":{},"geometry":{"type":"LineString","coordinates":[[127.1016,36.8053],[127.0977,36.8207]]}},{"type":"Feature","properties":{},"geometry":{"type":"LineString","coordinates":[[127.1055,36.7898],[127.1032,36.7989]]}},{"type":"Feature","properties":{},"geometry":{"type":"LineString","coordinates":[[127.1062,36.7879],[127.1089,36.7775]]}},{"type":"Feature","properties":{},"geometry":{"type":"LineString","coordinates":[[127.1032,36.7989],[127.1024,36.8022]]}},{"type":"Feature","properties":{},"geometry":{"type":"LineString","coordinates":[[127.1034,36.7989],[127.1062,36.7879]]}},{"type":"Feature","properties":{},"geometry":{"type":"LineString","coordinates":[[127.0953,37.2023],[127.0955,37.1958]]}},{"type":"Feature","properties":{},"geometry":{"type":"LineString","coordinates":[[128.6308,36.8],[128.6316,36.7981]]}},{"type":"Feature","properties":{},"geometry":{"type":"LineString","coordinates":[[128.0539,36.138],[128.0482,36.1384]]}},{"type":"Feature","properties":{},"geometry":{"type":"LineString","coordinates":[[128.054,36.138],[128.0539,36.138]]}},{"type":"Feature","properties":{},"geometry":{"type":"LineString","coordinates":[[128.0539,36.138],[128.0481,36.1383]]}},{"type":"Feature","properties":{},"geometry":{"type":"LineString","coordinates":[[128.054,36.138],[128.0539,36.138]]}},{"type":"Feature","properties":{},"geometry":{"type":"LineString","coordinates":[[128.0583,36.1376],[128.054,36.138]]}},{"type":"Feature","properties":{},"geometry":{"type":"LineString","coordinates":[[128.0584,36.1376],[128.0583,36.1376]]}},{"type":"Feature","properties":{},"geometry":{"type":"LineString","coordinates":[[128.0582,36.1375],[128.054,36.138]]}},{"type":"Feature","properties":{},"geometry":{"type":"LineString","coordinates":[[128.0584,36.1375],[128.0582,36.1375]]}},{"type":"Feature","properties":{},"geometry":{"type":"LineString","coordinates":[[128.329,36.0636],[128.3238,36.0663]]}},{"type":"Feature","properties":{},"geometry":{"type":"LineString","coordinates":[[128.3293,36.0634],[128.329,36.0636]]}},{"type":"Feature","properties":{},"geometry":{"type":"LineString","coordinates":[[128.3289,36.0635],[128.3238,36.0663]]}},{"type":"Feature","properties":{},"geometry":{"type":"LineString","coordinates":[[128.3292,36.0634],[128.3289,36.0635]]}},{"type":"Feature","properties":{},"geometry":{"type":"LineString","coordinates":[[128.6225,35.878],[128.6259,35.8789]]}},{"type":"Feature","properties":{},"geometry":{"type":"LineString","coordinates":[[128.6243,35.8783],[128.626,35.8787]]}},{"type":"Feature","properties":{},"geometry":{"type":"LineString","coordinates":[[128.6237,35.8784],[128.6259,35.8789]]}},{"type":"Feature","properties":{},"geometry":{"type":"LineString","coordinates":[[126.9629,37.5289],[126.9619,37.5281]]}},{"type":"Feature","properties":{},"geometry":{"type":"LineString","coordinates":[[126.9619,37.5281],[126.9617,37.5278]]}},{"type":"Feature","properties":{},"geometry":{"type":"LineString","coordinates":[[126.9617,37.5278],[126.9604,37.5268]]}},{"type":"Feature","properties":{},"geometry":{"type":"LineString","coordinates":[[128.7108,35.8484],[128.7156,35.8452],[128.7174,35.8431]]}},{"type":"Feature","properties":{},"geometry":{"type":"LineString","coordinates":[[128.7107,35.8485],[128.7108,35.8484]]}},{"type":"Feature","properties":{},"geometry":{"type":"LineString","coordinates":[[129.1726,35.7756],[129.1742,35.7739]]}},{"type":"Feature","properties":{},"geometry":{"type":"LineString","coordinates":[[129.0445,35.1195],[129.0447,35.12]]}},{"type":"Feature","properties":{},"geometry":{"type":"LineString","coordinates":[[127.1736,37.6134],[127.1762,37.6142]]}},{"type":"Feature","properties":{},"geometry":{"type":"LineString","coordinates":[[128.7149,35.6963],[128.7165,35.6885]]}},{"type":"Feature","properties":{},"geometry":{"type":"LineString","coordinates":[[128.7145,35.7029],[128.7144,35.7028]]}},{"type":"Feature","properties":{},"geometry":{"type":"LineString","coordinates":[[128.7435,35.6519],[128.7431,35.6458]]}},{"type":"Feature","properties":{},"geometry":{"type":"LineString","coordinates":[[128.7436,35.6529],[128.7435,35.6519]]}},{"type":"Feature","properties":{},"geometry":{"type":"LineString","coordinates":[[128.7546,35.6328],[128.7573,35.6312],[128.7596,35.6288]]}},{"type":"Feature","properties":{},"geometry":{"type":"LineString","coordinates":[[128.7545,35.6329],[128.7546,35.6328]]}},{"type":"Feature","properties":{},"geometry":{"type":"LineString","coordinates":[[128.7656,35.6117],[128.7657,35.6115]]}},{"type":"Feature","properties":{},"geometry":{"type":"LineString","coordinates":[[128.7657,35.6115],[128.7677,35.6083],[128.7682,35.6042]]}},{"type":"Feature","properties":{},"geometry":{"type":"LineString","coordinates":[[128.7652,35.598],[128.761,35.5909]]}},{"type":"Feature","properties":{},"geometry":{"type":"LineString","coordinates":[[128.7653,35.5981],[128.7652,35.598]]}},{"type":"Feature","properties":{},"geometry":{"type":"LineString","coordinates":[[128.7649,35.4945],[128.765,35.4894]]}},{"type":"Feature","properties":{},"geometry":{"type":"LineString","coordinates":[[128.7648,35.4949],[128.7649,35.4945]]}},{"type":"Feature","properties":{},"geometry":{"type":"LineString","coordinates":[[128.9895,35.1887],[128.9892,35.1872]]}},{"type":"Feature","properties":{},"geometry":{"type":"LineString","coordinates":[[128.9895,35.1888],[128.9895,35.1887]]}},{"type":"Feature","properties":{},"geometry":{"type":"LineString","coordinates":[[127.3096,36.6362],[127.31,36.6358]]}},{"type":"Feature","properties":{},"geometry":{"type":"LineString","coordinates":[[127.3054,36.64],[127.3096,36.6362]]}},{"type":"Feature","properties":{},"geometry":{"type":"LineString","coordinates":[[127.8472,37.3433],[127.8429,37.3462]]}},{"type":"Feature","properties":{},"geometry":{"type":"LineString","coordinates":[[127.8462,37.344],[127.8497,37.3417]]}},{"type":"Feature","properties":{},"geometry":{"type":"LineString","coordinates":[[127.8429,37.3462],[127.8362,37.3506]]}},{"type":"Feature","properties":{},"geometry":{"type":"LineString","coordinates":[[127.9847,37.445],[127.9848,37.4453]]}},{"type":"Feature","properties":{},"geometry":{"type":"LineString","coordinates":[[127.9848,37.445],[127.9845,37.4438]]}},{"type":"Feature","properties":{},"geometry":{"type":"LineString","coordinates":[[127.9845,37.4438],[127.9838,37.4416]]}},{"type":"Feature","properties":{},"geometry":{"type":"LineString","coordinates":[[127.9844,37.4437],[127.9847,37.445]]}},{"type":"Feature","properties":{},"geometry":{"type":"LineString","coordinates":[[127.985,37.4464],[127.9873,37.4573]]}},{"type":"Feature","properties":{},"geometry":{"type":"LineString","coordinates":[[127.9851,37.4464],[127.9849,37.4453]]}},{"type":"Feature","properties":{},"geometry":{"type":"LineString","coordinates":[[127.9849,37.4453],[127.9848,37.445]]}},{"type":"Feature","properties":{},"geometry":{"type":"LineString","coordinates":[[127.9848,37.4453],[127.985,37.4464]]}},{"type":"Feature","properties":{},"geometry":{"type":"LineString","coordinates":[[127.9541,37.4163],[127.9532,37.4156]]}},{"type":"Feature","properties":{},"geometry":{"type":"LineString","coordinates":[[127.954,37.4163],[127.9555,37.4176]]}},{"type":"Feature","properties":{},"geometry":{"type":"LineString","coordinates":[[127.9555,37.4176],[127.9561,37.4182]]}},{"type":"Feature","properties":{},"geometry":{"type":"LineString","coordinates":[[127.9555,37.4176],[127.9541,37.4163]]}},{"type":"Feature","properties":{},"geometry":{"type":"LineString","coordinates":[[127.9191,37.3164],[127.9047,37.3166],[127.8952,37.3198]]}},{"type":"Feature","properties":{},"geometry":{"type":"LineString","coordinates":[[128.0944,37.1329],[128.1033,37.1301]]}},{"type":"Feature","properties":{},"geometry":{"type":"LineString","coordinates":[[128.1032,37.13],[128.0943,37.1328]]}},{"type":"Feature","properties":{},"geometry":{"type":"LineString","coordinates":[[128.0943,37.1328],[128.0313,37.175],[128.0057,37.1936],[127.9994,37.1993]]}},{"type":"Feature","properties":{},"geometry":{"type":"LineString","coordinates":[[127.9995,37.1994],[128.0059,37.1938],[128.0314,37.1751],[128.0944,37.1329]]}},{"type":"Feature","properties":{},"geometry":{"type":"LineString","coordinates":[[127.9973,37.2012],[127.9935,37.2054],[127.9876,37.2172],[127.9541,37.3029],[127.9493,37.3086],[127.936,37.3153]]}},{"type":"Feature","properties":{},"geometry":{"type":"LineString","coordinates":[[127.9994,37.1993],[127.9973,37.2012]]}},{"type":"Feature","properties":{},"geometry":{"type":"LineString","coordinates":[[127.9974,37.2012],[127.9995,37.1994]]}},{"type":"Feature","properties":{},"geometry":{"type":"LineString","coordinates":[[127.9345,37.3158],[127.9322,37.3162]]}},{"type":"Feature","properties":{},"geometry":{"type":"LineString","coordinates":[[127.9322,37.3162],[127.9301,37.3163]]}},{"type":"Feature","properties":{},"geometry":{"type":"LineString","coordinates":[[127.9279,37.3164],[127.9268,37.3164]]}},{"type":"Feature","properties":{},"geometry":{"type":"LineString","coordinates":[[127.9301,37.3163],[127.9279,37.3164]]}},{"type":"Feature","properties":{},"geometry":{"type":"LineString","coordinates":[[129.1256,37.501],[129.1198,37.4937]]}},{"type":"Feature","properties":{},"geometry":{"type":"LineString","coordinates":[[129.1273,37.5044],[129.1273,37.5041]]}},{"type":"Feature","properties":{},"geometry":{"type":"LineString","coordinates":[[126.811,37.6303],[126.8116,37.6292]]}},{"type":"Feature","properties":{},"geometry":{"type":"LineString","coordinates":[[126.8108,37.6306],[126.811,37.6303]]}},{"type":"Feature","properties":{},"geometry":{"type":"LineString","coordinates":[[126.8107,37.6302],[126.8105,37.6305]]}},{"type":"Feature","properties":{},"geometry":{"type":"LineString","coordinates":[[126.8108,37.6302],[126.8107,37.6305]]}},{"type":"Feature","properties":{},"geometry":{"type":"LineString","coordinates":[[126.8021,37.6453],[126.7964,37.6549]]}},{"type":"Feature","properties":{},"geometry":{"type":"LineString","coordinates":[[126.8023,37.6449],[126.8021,37.6453]]}},{"type":"Feature","properties":{},"geometry":{"type":"LineString","coordinates":[[126.8107,37.6306],[126.8109,37.6303]]}},{"type":"Feature","properties":{},"geometry":{"type":"LineString","coordinates":[[126.8023,37.6449],[126.8087,37.6341]]}},{"type":"Feature","properties":{},"geometry":{"type":"LineString","coordinates":[[126.8021,37.6453],[126.8023,37.6449]]}},{"type":"Feature","properties":{},"geometry":{"type":"LineString","coordinates":[[126.7964,37.655],[126.8021,37.6453]]}},{"type":"Feature","properties":{},"geometry":{"type":"LineString","coordinates":[[127.335,36.6139],[127.3445,36.6052]]}},{"type":"Feature","properties":{},"geometry":{"type":"LineString","coordinates":[[127.3249,36.6228],[127.335,36.6139]]}},{"type":"Feature","properties":{},"geometry":{"type":"LineString","coordinates":[[127.0949,36.3282],[127.0955,36.3295]]}},{"type":"Feature","properties":{},"geometry":{"type":"LineString","coordinates":[[127.095,36.3281],[127.0929,36.3229]]}},{"type":"Feature","properties":{},"geometry":{"type":"LineString","coordinates":[[127.0982,36.3359],[127.0981,36.3356]]}},{"type":"Feature","properties":{},"geometry":{"type":"LineString","coordinates":[[127.0982,36.336],[127.0988,36.3374]]}},{"type":"Feature","properties":{},"geometry":{"type":"LineString","coordinates":[[127.0988,36.3373],[127.0982,36.3359]]}},{"type":"Feature","properties":{},"geometry":{"type":"LineString","coordinates":[[127.0989,36.3376],[127.0988,36.3373]]}},{"type":"Feature","properties":{},"geometry":{"type":"LineString","coordinates":[[127.0989,36.3376],[127.0995,36.3391]]}},{"type":"Feature","properties":{},"geometry":{"type":"LineString","coordinates":[[127.0988,36.3374],[127.0989,36.3376]]}},{"type":"Feature","properties":{},"geometry":{"type":"LineString","coordinates":[[126.7733,35.2865],[126.7771,35.2908]]}},{"type":"Feature","properties":{},"geometry":{"type":"LineString","coordinates":[[126.7732,35.2864],[126.7733,35.2865]]}},{"type":"Feature","properties":{},"geometry":{"type":"LineString","coordinates":[[126.7787,35.2932],[126.7803,35.3044]]}},{"type":"Feature","properties":{},"geometry":{"type":"LineString","coordinates":[[126.7785,35.2928],[126.7787,35.2932]]}},{"type":"Feature","properties":{},"geometry":{"type":"LineString","coordinates":[[128.5166,35.2513],[128.5266,35.2452]]}},{"type":"Feature","properties":{},"geometry":{"type":"LineString","coordinates":[[128.4218,35.2493],[128.4206,35.2492]]}},{"type":"Feature","properties":{},"geometry":{"type":"LineString","coordinates":[[129.3719,35.6202],[129.3729,35.6108]]}},{"type":"Feature","properties":{},"geometry":{"type":"LineString","coordinates":[[129.3719,35.6202],[129.3714,35.6423],[129.3546,35.6839],[129.3516,35.6891],[129.3479,35.6934],[129.3399,35.6991],[129.3315,35.7033]]}},{"type":"Feature","properties":{},"geometry":{"type":"LineString","coordinates":[[129.3729,35.6108],[129.373,35.61]]}},{"type":"Feature","properties":{},"geometry":{"type":"LineString","coordinates":[[129.3731,35.6083],[129.3729,35.61]]}},{"type":"Feature","properties":{},"geometry":{"type":"LineString","coordinates":[[129.373,35.61],[129.3731,35.6083]]}},{"type":"Feature","properties":{},"geometry":{"type":"LineString","coordinates":[[129.3729,35.61],[129.3728,35.6108]]}},{"type":"Feature","properties":{},"geometry":{"type":"LineString","coordinates":[[129.3731,35.608],[129.3731,35.6083]]}},{"type":"Feature","properties":{},"geometry":{"type":"LineString","coordinates":[[129.3731,35.6083],[129.3731,35.608]]}},{"type":"Feature","properties":{},"geometry":{"type":"LineString","coordinates":[[129.3731,35.608],[129.3737,35.6029]]}},{"type":"Feature","properties":{},"geometry":{"type":"LineString","coordinates":[[129.3737,35.6029],[129.3742,35.6014]]}},{"type":"Feature","properties":{},"geometry":{"type":"LineString","coordinates":[[129.3736,35.6029],[129.3731,35.608]]}},{"type":"Feature","properties":{},"geometry":{"type":"LineString","coordinates":[[129.3749,35.6],[129.3741,35.6014]]}},{"type":"Feature","properties":{},"geometry":{"type":"LineString","coordinates":[[129.3754,35.5993],[129.3814,35.591],[129.3825,35.5872],[129.3818,35.5824],[129.3782,35.5785]]}},{"type":"Feature","properties":{},"geometry":{"type":"LineString","coordinates":[[129.3741,35.6014],[129.3736,35.6029]]}},{"type":"Feature","properties":{},"geometry":{"type":"LineString","coordinates":[[129.3742,35.6014],[129.3749,35.6001]]}},{"type":"Feature","properties":{},"geometry":{"type":"LineString","coordinates":[[129.3703,35.5757],[129.3724,35.5764]]}},{"type":"Feature","properties":{},"geometry":{"type":"LineString","coordinates":[[129.3703,35.5756],[129.3669,35.5739],[129.3639,35.5709],[129.3624,35.5675],[129.3626,35.5634]]}},{"type":"Feature","properties":{},"geometry":{"type":"LineString","coordinates":[[129.3724,35.5763],[129.3703,35.5756]]}},{"type":"Feature","properties":{},"geometry":{"type":"LineString","coordinates":[[129.3724,35.5764],[129.373,35.5765]]}},{"type":"Feature","properties":{},"geometry":{"type":"LineString","coordinates":[[129.373,35.5765],[129.3766,35.5777],[129.3795,35.5796],[129.3817,35.5824],[129.3825,35.5858],[129.3813,35.591],[129.3753,35.5993]]}},{"type":"Feature","properties":{},"geometry":{"type":"LineString","coordinates":[[129.373,35.5765],[129.3724,35.5763]]}},{"type":"Feature","properties":{},"geometry":{"type":"LineString","coordinates":[[128.58,35.2395],[128.5833,35.2423]]}},{"type":"Feature","properties":{},"geometry":{"type":"LineString","coordinates":[[129.3717,36.3715],[129.3712,36.3752]]}},{"type":"Feature","properties":{},"geometry":{"type":"LineString","coordinates":[[129.3738,36.3839],[129.3795,36.3941]]}},{"type":"Feature","properties":{},"geometry":{"type":"LineString","coordinates":[[129.3795,36.3941],[129.3798,36.3952]]}},{"type":"Feature","properties":{},"geometry":{"type":"LineString","coordinates":[[129.3727,36.365],[129.3722,36.3692]]}},{"type":"Feature","properties":{},"geometry":{"type":"LineString","coordinates":[[129.3729,36.3634],[129.3727,36.365]]}},{"type":"Feature","properties":{},"geometry":{"type":"LineString","coordinates":[[129.3721,36.3484],[129.3721,36.3489]]}},{"type":"Feature","properties":{},"geometry":{"type":"LineString","coordinates":[[129.3722,36.3501],[129.3723,36.3525]]}},{"type":"Feature","properties":{},"geometry":{"type":"LineString","coordinates":[[129.3702,36.3076],[129.3708,36.3193]]}},{"type":"Feature","properties":{},"geometry":{"type":"LineString","coordinates":[[129.3702,36.3065],[129.3702,36.3076]]}},{"type":"Feature","properties":{},"geometry":{"type":"LineString","coordinates":[[129.3723,36.353],[129.3726,36.357]]}},{"type":"Feature","properties":{},"geometry":{"type":"LineString","coordinates":[[129.3723,36.3525],[129.3723,36.353]]}},{"type":"Feature","properties":{},"geometry":{"type":"LineString","coordinates":[[126.9907,36.0603],[126.99,36.0593]]}},{"type":"Feature","properties":{},"geometry":{"type":"LineString","coordinates":[[126.9473,35.9442],[126.9474,35.9446]]}},{"type":"Feature","properties":{},"geometry":{"type":"LineString","coordinates":[[126.9476,35.9452],[126.9474,35.9446]]}},{"type":"Feature","properties":{},"geometry":{"type":"LineString","coordinates":[[126.9476,35.9452],[126.9474,35.9446]]}},{"type":"Feature","properties":{},"geometry":{"type":"LineString","coordinates":[[126.9474,35.9446],[126.9486,35.9478]]}},{"type":"Feature","properties":{},"geometry":{"type":"LineString","coordinates":[[126.9546,35.9223],[126.96,35.9186]]}},{"type":"Feature","properties":{},"geometry":{"type":"LineString","coordinates":[[126.9541,35.9227],[126.9546,35.9223]]}},{"type":"Feature","properties":{},"geometry":{"type":"LineString","coordinates":[[126.9541,35.9226],[126.9513,35.9245]]}},{"type":"Feature","properties":{},"geometry":{"type":"LineString","coordinates":[[126.9546,35.9223],[126.9541,35.9226]]}},{"type":"Feature","properties":{},"geometry":{"type":"LineString","coordinates":[[127.0664,35.9033],[127.0687,35.9002]]}},{"type":"Feature","properties":{},"geometry":{"type":"LineString","coordinates":[[127.0659,35.9039],[127.0664,35.9033]]}},{"type":"Feature","properties":{},"geometry":{"type":"LineString","coordinates":[[127.0659,35.9038],[127.0631,35.9077]]}},{"type":"Feature","properties":{},"geometry":{"type":"LineString","coordinates":[[127.0663,35.9033],[127.0659,35.9038]]}},{"type":"Feature","properties":{},"geometry":{"type":"LineString","coordinates":[[127.4232,36.3692],[127.4229,36.3684]]}},{"type":"Feature","properties":{},"geometry":{"type":"LineString","coordinates":[[127.4232,36.3692],[127.422,36.3651],[127.4185,36.3591]]}},{"type":"Feature","properties":{},"geometry":{"type":"LineString","coordinates":[[127.4314,36.3383],[127.433,36.3357]]}},{"type":"Feature","properties":{},"geometry":{"type":"LineString","coordinates":[[129.3998,37.0224],[129.4,37.0226]]}},{"type":"Feature","properties":{},"geometry":{"type":"LineString","coordinates":[[129.4,37.0226],[129.4001,37.0228]]}},{"type":"Feature","properties":{},"geometry":{"type":"LineString","coordinates":[[129.4001,37.0228],[129.4014,37.0243]]}},{"type":"Feature","properties":{},"geometry":{"type":"LineString","coordinates":[[129.402,37.0251],[129.4029,37.0262]]}},{"type":"Feature","properties":{},"geometry":{"type":"LineString","coordinates":[[129.4029,37.0262],[129.4045,37.0291]]}},{"type":"Feature","properties":{},"geometry":{"type":"LineString","coordinates":[[129.4045,37.0291],[129.4058,37.0327],[129.4057,37.0373]]}},{"type":"Feature","properties":{},"geometry":{"type":"LineString","coordinates":[[129.4057,37.0373],[129.405,37.0423]]}},{"type":"Feature","properties":{},"geometry":{"type":"LineString","coordinates":[[129.405,37.0423],[129.4042,37.0476]]}},{"type":"Feature","properties":{},"geometry":{"type":"LineString","coordinates":[[129.4042,37.0476],[129.4031,37.0554]]}},{"type":"Feature","properties":{},"geometry":{"type":"LineString","coordinates":[[129.403,37.0557],[129.4026,37.0587]]}},{"type":"Feature","properties":{},"geometry":{"type":"LineString","coordinates":[[129.4026,37.0587],[129.401,37.0633],[129.3986,37.0661]]}},{"type":"Feature","properties":{},"geometry":{"type":"LineString","coordinates":[[129.3986,37.0661],[129.3969,37.068]]}},{"type":"Feature","properties":{},"geometry":{"type":"LineString","coordinates":[[129.3964,37.0686],[129.3949,37.0698]]}},{"type":"Feature","properties":{},"geometry":{"type":"LineString","coordinates":[[129.3939,37.0706],[129.3922,37.0717]]}},{"type":"Feature","properties":{},"geometry":{"type":"LineString","coordinates":[[129.3922,37.0717],[129.3858,37.076]]}},{"type":"Feature","properties":{},"geometry":{"type":"LineString","coordinates":[[129.3858,37.076],[129.3835,37.0776]]}},{"type":"Feature","properties":{},"geometry":{"type":"LineString","coordinates":[[129.3835,37.0776],[129.3772,37.0819],[129.3739,37.0852],[129.3705,37.0926]]}},{"type":"Feature","properties":{},"geometry":{"type":"LineString","coordinates":[[129.3705,37.0926],[129.3689,37.0979]]}},{"type":"Feature","properties":{},"geometry":{"type":"LineString","coordinates":[[129.3676,37.1021],[129.3669,37.104]]}},{"type":"Feature","properties":{},"geometry":{"type":"LineString","coordinates":[[129.3685,37.0993],[129.3676,37.1021]]}},{"type":"Feature","properties":{},"geometry":{"type":"LineString","coordinates":[[129.3665,37.1053],[129.3648,37.1091],[129.3606,37.1149]]}},{"type":"Feature","properties":{},"geometry":{"type":"LineString","coordinates":[[129.3606,37.1149],[129.3597,37.1165]]}},{"type":"Feature","properties":{},"geometry":{"type":"LineString","coordinates":[[129.3597,37.1165],[129.3556,37.1249]]}},{"type":"Feature","properties":{},"geometry":{"type":"LineString","coordinates":[[129.3556,37.1249],[129.355,37.1261]]}},{"type":"Feature","properties":{},"geometry":{"type":"LineString","coordinates":[[129.3546,37.1269],[129.354,37.1281]]}},{"type":"Feature","properties":{},"geometry":{"type":"LineString","coordinates":[[129.354,37.1281],[129.3536,37.1288]]}},{"type":"Feature","properties":{},"geometry":{"type":"LineString","coordinates":[[129.3536,37.1288],[129.3494,37.1374]]}},{"type":"Feature","properties":{},"geometry":{"type":"LineString","coordinates":[[129.3493,37.1376],[129.3489,37.1384]]}},{"type":"Feature","properties":{},"geometry":{"type":"LineString","coordinates":[[129.3486,37.1392],[129.341,37.1545]]}},{"type":"Feature","properties":{},"geometry":{"type":"LineString","coordinates":[[129.341,37.1545],[129.3408,37.1549]]}},{"type":"Feature","properties":{},"geometry":{"type":"LineString","coordinates":[[129.3406,37.1554],[129.3391,37.1578]]}},{"type":"Feature","properties":{},"geometry":{"type":"LineString","coordinates":[[129.3376,37.1598],[129.3322,37.1671]]}},{"type":"Feature","properties":{},"geometry":{"type":"LineString","coordinates":[[129.2966,37.2865],[129.2921,37.2999],[129.2887,37.3056]]}},{"type":"Feature","properties":{},"geometry":{"type":"LineString","coordinates":[[128.5171,35.251],[128.516,35.2517]]}},{"type":"Feature","properties":{},"geometry":{"type":"LineString","coordinates":[[128.6297,36.7509],[128.6298,36.7474]]}},{"type":"Feature","properties":{},"geometry":{"type":"LineString","coordinates":[[128.6346,36.7647],[128.6315,36.7586],[128.6297,36.7512]]}},{"type":"Feature","properties":{},"geometry":{"type":"LineString","coordinates":[[128.6354,36.7661],[128.6346,36.7647]]}},{"type":"Feature","properties":{},"geometry":{"type":"LineString","coordinates":[[128.6387,36.7724],[128.6354,36.7661]]}},{"type":"Feature","properties":{},"geometry":{"type":"LineString","coordinates":[[128.6394,36.7738],[128.6387,36.7724]]}},{"type":"Feature","properties":{},"geometry":{"type":"LineString","coordinates":[[128.64,36.775],[128.6394,36.7738]]}},{"type":"Feature","properties":{},"geometry":{"type":"LineString","coordinates":[[128.6402,36.7756],[128.64,36.775]]}},{"type":"Feature","properties":{},"geometry":{"type":"LineString","coordinates":[[128.6411,36.7836],[128.6411,36.7787],[128.6402,36.7756]]}},{"type":"Feature","properties":{},"geometry":{"type":"LineString","coordinates":[[128.6406,36.7857],[128.6411,36.7836]]}},{"type":"Feature","properties":{},"geometry":{"type":"LineString","coordinates":[[128.6393,36.7883],[128.6406,36.7857]]}},{"type":"Feature","properties":{},"geometry":{"type":"LineString","coordinates":[[128.633,36.7959],[128.6372,36.7915],[128.6393,36.7883]]}},{"type":"Feature","properties":{},"geometry":{"type":"LineString","coordinates":[[128.6316,36.7981],[128.6322,36.7971]]}},{"type":"Feature","properties":{},"geometry":{"type":"LineString","coordinates":[[126.9559,37.5616],[126.9577,37.5618]]}},{"type":"Feature","properties":{},"geometry":{"type":"LineString","coordinates":[[126.9558,37.5616],[126.9559,37.5616]]}},{"type":"Feature","properties":{},"geometry":{"type":"LineString","coordinates":[[126.9558,37.5615],[126.9526,37.5611]]}},{"type":"Feature","properties":{},"geometry":{"type":"LineString","coordinates":[[126.9559,37.5615],[126.9558,37.5615]]}},{"type":"Feature","properties":{},"geometry":{"type":"LineString","coordinates":[[126.9014,37.5769],[126.889,37.5851],[126.8821,37.591]]}},{"type":"Feature","properties":{},"geometry":{"type":"LineString","coordinates":[[126.8821,37.591],[126.8891,37.5851],[126.9014,37.5769]]}},{"type":"Feature","properties":{},"geometry":{"type":"LineString","coordinates":[[129.3716,36.3363],[129.3716,36.3368]]}},{"type":"Feature","properties":{},"geometry":{"type":"LineString","coordinates":[[129.3714,36.333],[129.3714,36.3333]]}},{"type":"Feature","properties":{},"geometry":{"type":"LineString","coordinates":[[129.3692,36.2896],[129.3693,36.2905]]}},{"type":"Feature","properties":{},"geometry":{"type":"LineString","coordinates":[[129.3692,36.2881],[129.3692,36.2896]]}},{"type":"Feature","properties":{},"geometry":{"type":"LineString","coordinates":[[129.3693,36.2905],[129.3695,36.2925]]}},{"type":"Feature","properties":{},"geometry":{"type":"LineString","coordinates":[[129.3695,36.2925],[129.3695,36.2933]]}},{"type":"Feature","properties":{},"geometry":{"type":"LineString","coordinates":[[128.6747,36.578],[128.6753,36.5671]]}},{"type":"Feature","properties":{},"geometry":{"type":"LineString","coordinates":[[129.035,37.6263],[129.0275,37.6289],[129.0215,37.6358]]}},{"type":"Feature","properties":{},"geometry":{"type":"LineString","coordinates":[[129.0352,37.6262],[129.035,37.6263]]}},{"type":"Feature","properties":{},"geometry":{"type":"LineString","coordinates":[[129.0806,37.5981],[129.0645,37.6121],[129.0619,37.6162],[129.0604,37.6173],[129.0579,37.6178],[129.0459,37.6158]]}},{"type":"Feature","properties":{},"geometry":{"type":"LineString","coordinates":[[129.0807,37.598],[129.0806,37.5981]]}},{"type":"Feature","properties":{},"geometry":{"type":"LineString","coordinates":[[129.0852,37.5949],[129.0807,37.598]]}},{"type":"Feature","properties":{},"geometry":{"type":"LineString","coordinates":[[129.0855,37.5947],[129.0852,37.5949]]}},{"type":"Feature","properties":{},"geometry":{"type":"LineString","coordinates":[[126.992,36.1174],[126.9905,36.1117]]}},{"type":"Feature","properties":{},"geometry":{"type":"LineString","coordinates":[[126.9922,36.1181],[126.992,36.1174]]}},{"type":"Feature","properties":{},"geometry":{"type":"LineString","coordinates":[[126.9462,35.9719],[126.946,35.9673],[126.9489,35.9566],[126.9491,35.9498],[126.9486,35.9478]]}},{"type":"Feature","properties":{},"geometry":{"type":"LineString","coordinates":[[126.9484,35.9474],[126.9476,35.9452]]}},{"type":"Feature","properties":{},"geometry":{"type":"LineString","coordinates":[[126.9474,35.9446],[126.9466,35.9427]]}},{"type":"Feature","properties":{},"geometry":{"type":"LineString","coordinates":[[127.1286,37.3998],[127.1294,37.3969],[127.1313,37.3958],[127.134,37.3956],[127.1388,37.3966]]}},{"type":"Feature","properties":{},"geometry":{"type":"LineString","coordinates":[[127.1063,37.4827],[127.106,37.4833]]}},{"type":"Feature","properties":{},"geometry":{"type":"LineString","coordinates":[[127.106,37.4833],[127.1045,37.4854]]}},{"type":"Feature","properties":{},"geometry":{"type":"LineString","coordinates":[[127.1068,37.4818],[127.1045,37.4854]]}},{"type":"Feature","properties":{},"geometry":{"type":"LineString","coordinates":[[127.1052,37.4839],[127.1043,37.4853]]}},{"type":"Feature","properties":{},"geometry":{"type":"LineString","coordinates":[[127.1052,37.4839],[127.1043,37.4853]]}},{"type":"Feature","properties":{},"geometry":{"type":"LineString","coordinates":[[127.1066,37.4818],[127.1042,37.4852]]}},{"type":"Feature","properties":{},"geometry":{"type":"LineString","coordinates":[[127.106,37.4833],[127.1047,37.4855]]}},{"type":"Feature","properties":{},"geometry":{"type":"LineString","coordinates":[[127.1071,37.4812],[127.1069,37.4816]]}},{"type":"Feature","properties":{},"geometry":{"type":"LineString","coordinates":[[127.1068,37.4815],[127.1072,37.4812]]}},{"type":"Feature","properties":{},"geometry":{"type":"LineString","coordinates":[[129.0144,35.9616],[129.0155,35.9606]]}},{"type":"Feature","properties":{},"geometry":{"type":"LineString","coordinates":[[129.0231,35.9463],[129.0203,35.9528],[129.0169,35.9587]]}},{"type":"Feature","properties":{},"geometry":{"type":"LineString","coordinates":[[129.0243,35.9438],[129.0231,35.9463]]}},{"type":"Feature","properties":{},"geometry":{"type":"LineString","coordinates":[[129.0255,35.9411],[129.0243,35.9438]]}},{"type":"Feature","properties":{},"geometry":{"type":"LineString","coordinates":[[129.0274,35.9368],[129.0255,35.9411]]}},{"type":"Feature","properties":{},"geometry":{"type":"LineString","coordinates":[[129.0285,35.9341],[129.0274,35.9368]]}},{"type":"Feature","properties":{},"geometry":{"type":"LineString","coordinates":[[129.0291,35.9329],[129.0285,35.9341]]}},{"type":"Feature","properties":{},"geometry":{"type":"LineString","coordinates":[[129.0298,35.9314],[129.0291,35.9329]]}},{"type":"Feature","properties":{},"geometry":{"type":"LineString","coordinates":[[129.0302,35.9303],[129.0298,35.9314]]}},{"type":"Feature","properties":{},"geometry":{"type":"LineString","coordinates":[[128.9807,35.9662],[128.9668,35.962]]}},{"type":"Feature","properties":{},"geometry":{"type":"LineString","coordinates":[[129.0075,35.966],[129.0003,35.9683],[128.9929,35.9688]]}},{"type":"Feature","properties":{},"geometry":{"type":"LineString","coordinates":[[128.9849,35.9676],[128.9878,35.9683]]}},{"type":"Feature","properties":{},"geometry":{"type":"LineString","coordinates":[[128.9668,35.962],[128.9807,35.9662]]}},{"type":"Feature","properties":{},"geometry":{"type":"LineString","coordinates":[[128.9849,35.9676],[128.984,35.9672]]}},{"type":"Feature","properties":{},"geometry":{"type":"LineString","coordinates":[[128.984,35.9673],[128.9849,35.9676]]}},{"type":"Feature","properties":{},"geometry":{"type":"LineString","coordinates":[[128.9878,35.9683],[128.9849,35.9676]]}},{"type":"Feature","properties":{},"geometry":{"type":"LineString","coordinates":[[128.9898,35.9686],[128.9878,35.9683]]}},{"type":"Feature","properties":{},"geometry":{"type":"LineString","coordinates":[[128.9929,35.9689],[129.0003,35.9684],[129.0076,35.9661]]}},{"type":"Feature","properties":{},"geometry":{"type":"LineString","coordinates":[[128.984,35.9672],[128.9807,35.9662]]}},{"type":"Feature","properties":{},"geometry":{"type":"LineString","coordinates":[[128.9807,35.9662],[128.984,35.9673]]}},{"type":"Feature","properties":{},"geometry":{"type":"LineString","coordinates":[[128.9539,35.9597],[128.9604,35.9603],[128.9664,35.9619]]}},{"type":"Feature","properties":{},"geometry":{"type":"LineString","coordinates":[[128.9665,35.9619],[128.9605,35.9602],[128.9539,35.9596]]}},{"type":"Feature","properties":{},"geometry":{"type":"LineString","coordinates":[[128.9668,35.962],[128.9665,35.9619]]}},{"type":"Feature","properties":{},"geometry":{"type":"LineString","coordinates":[[128.9664,35.9619],[128.9668,35.962]]}},{"type":"Feature","properties":{},"geometry":{"type":"LineString","coordinates":[[128.9878,35.9683],[128.9898,35.9686]]}},{"type":"Feature","properties":{},"geometry":{"type":"LineString","coordinates":[[128.9898,35.9686],[128.9929,35.9689]]}},{"type":"Feature","properties":{},"geometry":{"type":"LineString","coordinates":[[129.0094,35.9651],[129.0082,35.9657]]}},{"type":"Feature","properties":{},"geometry":{"type":"LineString","coordinates":[[129.0082,35.9658],[129.0094,35.9651]]}},{"type":"Feature","properties":{},"geometry":{"type":"LineString","coordinates":[[128.9929,35.9688],[128.9898,35.9686]]}},{"type":"Feature","properties":{},"geometry":{"type":"LineString","coordinates":[[129.0132,35.9625],[129.0109,35.9642]]}},{"type":"Feature","properties":{},"geometry":{"type":"LineString","coordinates":[[129.0082,35.9657],[129.0075,35.966]]}},{"type":"Feature","properties":{},"geometry":{"type":"LineString","coordinates":[[129.011,35.9642],[129.0133,35.9626]]}},{"type":"Feature","properties":{},"geometry":{"type":"LineString","coordinates":[[129.0076,35.9661],[129.0082,35.9658]]}},{"type":"Feature","properties":{},"geometry":{"type":"LineString","coordinates":[[129.0094,35.9651],[129.011,35.9642]]}},{"type":"Feature","properties":{},"geometry":{"type":"LineString","coordinates":[[129.0109,35.9642],[129.0094,35.9651]]}},{"type":"Feature","properties":{},"geometry":{"type":"LineString","coordinates":[[129.0169,35.9587],[129.0158,35.9601]]}},{"type":"Feature","properties":{},"geometry":{"type":"LineString","coordinates":[[129.0133,35.9626],[129.014,35.962]]}},{"type":"Feature","properties":{},"geometry":{"type":"LineString","coordinates":[[127.2831,35.6382],[127.2828,35.6386]]}},{"type":"Feature","properties":{},"geometry":{"type":"LineString","coordinates":[[127.2829,35.6386],[127.2831,35.6382]]}},{"type":"Feature","properties":{},"geometry":{"type":"LineString","coordinates":[[126.8939,35.724],[126.8932,35.7221]]}},{"type":"Feature","properties":{},"geometry":{"type":"LineString","coordinates":[[126.8939,35.7241],[126.8939,35.724]]}},{"type":"Feature","properties":{},"geometry":{"type":"LineString","coordinates":[[126.8864,35.6833],[126.887,35.6812]]}},{"type":"Feature","properties":{},"geometry":{"type":"LineString","coordinates":[[126.887,35.6812],[126.887,35.6811]]}},{"type":"Feature","properties":{},"geometry":{"type":"LineString","coordinates":[[126.887,35.6811],[126.8873,35.6781]]}},{"type":"Feature","properties":{},"geometry":{"type":"LineString","coordinates":[[126.8873,35.6781],[126.8874,35.6758]]}},{"type":"Feature","properties":{},"geometry":{"type":"LineString","coordinates":[[126.8897,35.6548],[126.8922,35.6593]]}},{"type":"Feature","properties":{},"geometry":{"type":"LineString","coordinates":[[126.8711,35.6312],[126.8638,35.6247],[126.8595,35.6153]]}},{"type":"Feature","properties":{},"geometry":{"type":"LineString","coordinates":[[126.8595,35.6153],[126.8594,35.6152]]}},{"type":"Feature","properties":{},"geometry":{"type":"LineString","coordinates":[[126.8454,35.5797],[126.8475,35.5825]]}},{"type":"Feature","properties":{},"geometry":{"type":"LineString","coordinates":[[126.8385,35.5709],[126.8391,35.5715]]}},{"type":"Feature","properties":{},"geometry":{"type":"LineString","coordinates":[[126.7962,35.4898],[126.7956,35.4885]]}},{"type":"Feature","properties":{},"geometry":{"type":"LineString","coordinates":[[126.7956,35.4885],[126.7955,35.4884]]}},{"type":"Feature","properties":{},"geometry":{"type":"LineString","coordinates":[[126.7955,35.4886],[126.7962,35.4898]]}},{"type":"Feature","properties":{},"geometry":{"type":"LineString","coordinates":[[126.7954,35.4884],[126.7955,35.4886]]}},{"type":"Feature","properties":{},"geometry":{"type":"LineString","coordinates":[[127.1508,35.8661],[127.1571,35.8573]]}},{"type":"Feature","properties":{},"geometry":{"type":"LineString","coordinates":[[127.1506,35.8663],[127.1508,35.8661]]}},{"type":"Feature","properties":{},"geometry":{"type":"LineString","coordinates":[[127.1571,35.8573],[127.1507,35.8661]]}},{"type":"Feature","properties":{},"geometry":{"type":"LineString","coordinates":[[127.1507,35.8661],[127.1506,35.8663]]}},{"type":"Feature","properties":{},"geometry":{"type":"LineString","coordinates":[[127.1591,35.8545],[127.1601,35.8531]]}},{"type":"Feature","properties":{},"geometry":{"type":"LineString","coordinates":[[126.8881,37.4225],[126.8976,37.4399]]}},{"type":"Feature","properties":{},"geometry":{"type":"LineString","coordinates":[[126.8977,37.4399],[126.8883,37.4225]]}},{"type":"Feature","properties":{},"geometry":{"type":"LineString","coordinates":[[127.3593,36.5478],[127.3592,36.5475]]}},{"type":"Feature","properties":{},"geometry":{"type":"LineString","coordinates":[[127.3593,36.5482],[127.3593,36.5478]]}},{"type":"Feature","properties":{},"geometry":{"type":"LineString","coordinates":[[127.3592,36.5478],[127.3592,36.5482]]}},{"type":"Feature","properties":{},"geometry":{"type":"LineString","coordinates":[[127.3592,36.5475],[127.3592,36.5478]]}},{"type":"Feature","properties":{},"geometry":{"type":"LineString","coordinates":[[127.7763,36.1855],[127.7769,36.1852]]}},{"type":"Feature","properties":{},"geometry":{"type":"LineString","coordinates":[[127.7758,36.1858],[127.7763,36.1855]]}},{"type":"Feature","properties":{},"geometry":{"type":"LineString","coordinates":[[127.0694,37.0224],[127.0694,37.0234]]}},{"type":"Feature","properties":{},"geometry":{"type":"LineString","coordinates":[[126.8083,35.4328],[126.8095,35.4356]]}},{"type":"Feature","properties":{},"geometry":{"type":"LineString","coordinates":[[126.8082,35.4326],[126.8083,35.4328]]}},{"type":"Feature","properties":{},"geometry":{"type":"LineString","coordinates":[[126.7801,35.3118],[126.7785,35.3214]]}},{"type":"Feature","properties":{},"geometry":{"type":"LineString","coordinates":[[126.7785,35.3214],[126.7783,35.3227]]}},{"type":"Feature","properties":{},"geometry":{"type":"LineString","coordinates":[[126.7783,35.3227],[126.7786,35.3265]]}},{"type":"Feature","properties":{},"geometry":{"type":"LineString","coordinates":[[126.7786,35.3265],[126.7789,35.3282]]}},{"type":"Feature","properties":{},"geometry":{"type":"LineString","coordinates":[[126.7789,35.3282],[126.7819,35.3442],[126.7866,35.3563]]}},{"type":"Feature","properties":{},"geometry":{"type":"LineString","coordinates":[[126.7866,35.3563],[126.7874,35.3583]]}},{"type":"Feature","properties":{},"geometry":{"type":"LineString","coordinates":[[126.7874,35.3583],[126.7905,35.3674],[126.7961,35.3796]]}},{"type":"Feature","properties":{},"geometry":{"type":"LineString","coordinates":[[126.7961,35.3796],[126.7963,35.38]]}},{"type":"Feature","properties":{},"geometry":{"type":"LineString","coordinates":[[126.8042,35.4012],[126.8047,35.4043]]}},{"type":"Feature","properties":{},"geometry":{"type":"LineString","coordinates":[[126.804,35.4005],[126.8042,35.4012]]}},{"type":"Feature","properties":{},"geometry":{"type":"LineString","coordinates":[[126.7802,35.3107],[126.7801,35.3117]]}},{"type":"Feature","properties":{},"geometry":{"type":"LineString","coordinates":[[126.7801,35.3117],[126.7801,35.3118]]}},{"type":"Feature","properties":{},"geometry":{"type":"LineString","coordinates":[[126.7806,35.3086],[126.7805,35.3089]]}},{"type":"Feature","properties":{},"geometry":{"type":"LineString","coordinates":[[126.7806,35.3084],[126.7806,35.3086]]}},{"type":"Feature","properties":{},"geometry":{"type":"LineString","coordinates":[[126.7803,35.3044],[126.7806,35.3084]]}},{"type":"Feature","properties":{},"geometry":{"type":"LineString","coordinates":[[126.7751,35.2141],[126.7762,35.2117]]}},{"type":"Feature","properties":{},"geometry":{"type":"LineString","coordinates":[[126.7762,35.2117],[126.7762,35.2116]]}},{"type":"Feature","properties":{},"geometry":{"type":"LineString","coordinates":[[126.7761,35.2117],[126.7751,35.214]]}},{"type":"Feature","properties":{},"geometry":{"type":"LineString","coordinates":[[126.7762,35.2116],[126.7761,35.2117]]}},{"type":"Feature","properties":{},"geometry":{"type":"LineString","coordinates":[[126.7921,35.1412],[126.7881,35.1345]]}},{"type":"Feature","properties":{},"geometry":{"type":"LineString","coordinates":[[126.7892,35.1364],[126.7882,35.1347]]}},{"type":"Feature","properties":{},"geometry":{"type":"LineString","coordinates":[[126.7872,35.133],[126.7881,35.1345]]}},{"type":"Feature","properties":{},"geometry":{"type":"LineString","coordinates":[[126.7881,35.1345],[126.7879,35.1339]]}},{"type":"Feature","properties":{},"geometry":{"type":"LineString","coordinates":[[126.7872,35.1328],[126.787,35.1324]]}},{"type":"Feature","properties":{},"geometry":{"type":"LineString","coordinates":[[126.7872,35.1328],[126.7879,35.1339]]}},{"type":"Feature","properties":{},"geometry":{"type":"LineString","coordinates":[[126.7882,35.1344],[126.787,35.1324]]}},{"type":"Feature","properties":{},"geometry":{"type":"LineString","coordinates":[[126.9334,36.8742],[126.9298,36.8644],[126.9241,36.8568],[126.9142,36.8511],[126.8996,36.844]]}},{"type":"Feature","properties":{},"geometry":{"type":"LineString","coordinates":[[128.5218,36.8744],[128.5267,36.8741]]}},{"type":"Feature","properties":{},"geometry":{"type":"LineString","coordinates":[[128.6813,36.2801],[128.6799,36.2697]]}},{"type":"Feature","properties":{},"geometry":{"type":"LineString","coordinates":[[126.8256,37.1823],[126.8315,37.1761]]}},{"type":"Feature","properties":{},"geometry":{"type":"LineString","coordinates":[[126.8234,37.1856],[126.8256,37.1823]]}},{"type":"Feature","properties":{},"geometry":{"type":"LineString","coordinates":[[126.8256,37.1822],[126.8314,37.1761]]}},{"type":"Feature","properties":{},"geometry":{"type":"LineString","coordinates":[[126.8233,37.1856],[126.8256,37.1822]]}},{"type":"Feature","properties":{},"geometry":{"type":"LineString","coordinates":[[126.8222,37.1872],[126.8233,37.1856]]}},{"type":"Feature","properties":{},"geometry":{"type":"LineString","coordinates":[[126.8215,37.1882],[126.8222,37.1872]]}},{"type":"Feature","properties":{},"geometry":{"type":"LineString","coordinates":[[126.8223,37.1872],[126.8234,37.1856]]}},{"type":"Feature","properties":{},"geometry":{"type":"LineString","coordinates":[[126.8216,37.1883],[126.8223,37.1872]]}},{"type":"Feature","properties":{},"geometry":{"type":"LineString","coordinates":[[126.8202,37.1905],[126.8216,37.1883]]}},{"type":"Feature","properties":{},"geometry":{"type":"LineString","coordinates":[[126.8201,37.1904],[126.8215,37.1882]]}},{"type":"Feature","properties":{},"geometry":{"type":"LineString","coordinates":[[126.8106,37.2049],[126.8151,37.1981]]}},{"type":"Feature","properties":{},"geometry":{"type":"LineString","coordinates":[[126.8078,37.2092],[126.8106,37.2049]]}},{"type":"Feature","properties":{},"geometry":{"type":"LineString","coordinates":[[126.8072,37.21],[126.8078,37.2092]]}},{"type":"Feature","properties":{},"geometry":{"type":"LineString","coordinates":[[126.8077,37.2092],[126.8106,37.2049]]}},{"type":"Feature","properties":{},"geometry":{"type":"LineString","coordinates":[[126.8072,37.21],[126.8077,37.2092]]}},{"type":"Feature","properties":{},"geometry":{"type":"LineString","coordinates":[[126.8021,37.2177],[126.8072,37.21]]}},{"type":"Feature","properties":{},"geometry":{"type":"LineString","coordinates":[[126.7997,37.2213],[126.8021,37.2177]]}},{"type":"Feature","properties":{},"geometry":{"type":"LineString","coordinates":[[126.8021,37.2177],[126.8072,37.21]]}},{"type":"Feature","properties":{},"geometry":{"type":"LineString","coordinates":[[126.7996,37.2213],[126.8021,37.2177]]}},{"type":"Feature","properties":{},"geometry":{"type":"LineString","coordinates":[[126.799,37.2222],[126.7997,37.2213]]}},{"type":"Feature","properties":{},"geometry":{"type":"LineString","coordinates":[[126.7971,37.2247],[126.799,37.2222]]}},{"type":"Feature","properties":{},"geometry":{"type":"LineString","coordinates":[[126.7989,37.2222],[126.7996,37.2213]]}},{"type":"Feature","properties":{},"geometry":{"type":"LineString","coordinates":[[126.797,37.2246],[126.7989,37.2222]]}},{"type":"Feature","properties":{},"geometry":{"type":"LineString","coordinates":[[126.7889,37.2346],[126.797,37.2246]]}},{"type":"Feature","properties":{},"geometry":{"type":"LineString","coordinates":[[126.7868,37.2447],[126.7869,37.2401],[126.7881,37.236]]}},{"type":"Feature","properties":{},"geometry":{"type":"LineString","coordinates":[[126.789,37.2346],[126.7971,37.2247]]}},{"type":"Feature","properties":{},"geometry":{"type":"LineString","coordinates":[[126.7869,37.2447],[126.787,37.2404],[126.7882,37.236]]}},{"type":"Feature","properties":{},"geometry":{"type":"LineString","coordinates":[[126.7869,37.2501],[126.7869,37.2497]]}},{"type":"Feature","properties":{},"geometry":{"type":"LineString","coordinates":[[126.7868,37.2501],[126.7868,37.2497]]}},{"type":"Feature","properties":{},"geometry":{"type":"LineString","coordinates":[[128.6298,36.7474],[128.6308,36.742]]}},{"type":"Feature","properties":{},"geometry":{"type":"LineString","coordinates":[[128.6751,36.5697],[128.6747,36.578]]}},{"type":"Feature","properties":{},"geometry":{"type":"LineString","coordinates":[[128.6776,36.599],[128.6767,36.5964]]}},{"type":"Feature","properties":{},"geometry":{"type":"LineString","coordinates":[[128.6767,36.5964],[128.6763,36.5955]]}},{"type":"Feature","properties":{},"geometry":{"type":"LineString","coordinates":[[128.6763,36.5955],[128.6762,36.595]]}},{"type":"Feature","properties":{},"geometry":{"type":"LineString","coordinates":[[128.6755,36.5924],[128.6745,36.5855],[128.6746,36.5795]]}},{"type":"Feature","properties":{},"geometry":{"type":"LineString","coordinates":[[128.6899,36.6158],[128.682,36.6069],[128.6776,36.599]]}},{"type":"Feature","properties":{},"geometry":{"type":"LineString","coordinates":[[128.6931,36.619],[128.6899,36.6158]]}},{"type":"Feature","properties":{},"geometry":{"type":"LineString","coordinates":[[128.6941,36.62],[128.6931,36.619]]}},{"type":"Feature","properties":{},"geometry":{"type":"LineString","coordinates":[[128.7,36.6258],[128.6941,36.62]]}},{"type":"Feature","properties":{},"geometry":{"type":"LineString","coordinates":[[128.701,36.6269],[128.7,36.6258]]}},{"type":"Feature","properties":{},"geometry":{"type":"LineString","coordinates":[[128.7079,36.6336],[128.706,36.6317]]}},{"type":"Feature","properties":{},"geometry":{"type":"LineString","coordinates":[[128.7084,36.6342],[128.7079,36.6336]]}},{"type":"Feature","properties":{},"geometry":{"type":"LineString","coordinates":[[128.7144,36.6408],[128.7116,36.6374]]}},{"type":"Feature","properties":{},"geometry":{"type":"LineString","coordinates":[[128.7063,36.6742],[128.7127,36.6684],[128.7169,36.6612]]}},{"type":"Feature","properties":{},"geometry":{"type":"LineString","coordinates":[[128.677,36.42],[128.6772,36.4191]]}},{"type":"Feature","properties":{},"geometry":{"type":"LineString","coordinates":[[128.6754,36.4237],[128.677,36.42]]}},{"type":"Feature","properties":{},"geometry":{"type":"LineString","coordinates":[[128.6752,36.4243],[128.6754,36.4237]]}},{"type":"Feature","properties":{},"geometry":{"type":"LineString","coordinates":[[128.674,36.4283],[128.6745,36.4263]]}},{"type":"Feature","properties":{},"geometry":{"type":"LineString","coordinates":[[128.6756,36.5628],[128.6754,36.5552]]}},{"type":"Feature","properties":{},"geometry":{"type":"LineString","coordinates":[[128.6754,36.5552],[128.6753,36.5539]]}},{"type":"Feature","properties":{},"geometry":{"type":"LineString","coordinates":[[128.6753,36.5539],[128.6749,36.5516]]}},{"type":"Feature","properties":{},"geometry":{"type":"LineString","coordinates":[[128.6749,36.5516],[128.674,36.5461]]}},{"type":"Feature","properties":{},"geometry":{"type":"LineString","coordinates":[[128.674,36.5461],[128.6725,36.5351]]}},{"type":"Feature","properties":{},"geometry":{"type":"LineString","coordinates":[[128.6725,36.5351],[128.6724,36.5343]]}},{"type":"Feature","properties":{},"geometry":{"type":"LineString","coordinates":[[128.6724,36.5343],[128.6722,36.5308]]}},{"type":"Feature","properties":{},"geometry":{"type":"LineString","coordinates":[[128.6722,36.5308],[128.6721,36.5287]]}},{"type":"Feature","properties":{},"geometry":{"type":"LineString","coordinates":[[128.6721,36.5287],[128.6719,36.5245]]}},{"type":"Feature","properties":{},"geometry":{"type":"LineString","coordinates":[[128.6719,36.5245],[128.6719,36.5229]]}},{"type":"Feature","properties":{},"geometry":{"type":"LineString","coordinates":[[128.6718,36.5223],[128.6716,36.5181]]}},{"type":"Feature","properties":{},"geometry":{"type":"LineString","coordinates":[[128.6716,36.5181],[128.6715,36.5177]]}},{"type":"Feature","properties":{},"geometry":{"type":"LineString","coordinates":[[128.6715,36.5177],[128.6714,36.5158]]}},{"type":"Feature","properties":{},"geometry":{"type":"LineString","coordinates":[[128.6714,36.5158],[128.6714,36.515]]}},{"type":"Feature","properties":{},"geometry":{"type":"LineString","coordinates":[[128.6714,36.515],[128.6705,36.5105]]}},{"type":"Feature","properties":{},"geometry":{"type":"LineString","coordinates":[[128.6705,36.5105],[128.6702,36.5095]]}},{"type":"Feature","properties":{},"geometry":{"type":"LineString","coordinates":[[128.6702,36.5095],[128.6696,36.5071]]}},{"type":"Feature","properties":{},"geometry":{"type":"LineString","coordinates":[[128.6696,36.5071],[128.6689,36.5049]]}},{"type":"Feature","properties":{},"geometry":{"type":"LineString","coordinates":[[128.6689,36.5049],[128.6686,36.504]]}},{"type":"Feature","properties":{},"geometry":{"type":"LineString","coordinates":[[128.6686,36.504],[128.6672,36.4995]]}},{"type":"Feature","properties":{},"geometry":{"type":"LineString","coordinates":[[128.6672,36.4995],[128.6664,36.4961]]}},{"type":"Feature","properties":{},"geometry":{"type":"LineString","coordinates":[[128.6664,36.4961],[128.6657,36.4899]]}},{"type":"Feature","properties":{},"geometry":{"type":"LineString","coordinates":[[128.6657,36.4899],[128.6658,36.4884]]}},{"type":"Feature","properties":{},"geometry":{"type":"LineString","coordinates":[[128.6658,36.4884],[128.6667,36.4817]]}},{"type":"Feature","properties":{},"geometry":{"type":"LineString","coordinates":[[128.6667,36.4817],[128.6673,36.4769]]}},{"type":"Feature","properties":{},"geometry":{"type":"LineString","coordinates":[[128.6673,36.4769],[128.6674,36.4758]]}},{"type":"Feature","properties":{},"geometry":{"type":"LineString","coordinates":[[128.6674,36.4758],[128.6676,36.4741]]}},{"type":"Feature","properties":{},"geometry":{"type":"LineString","coordinates":[[128.6676,36.4741],[128.6678,36.473]]}},{"type":"Feature","properties":{},"geometry":{"type":"LineString","coordinates":[[128.6678,36.473],[128.6679,36.4722]]}},{"type":"Feature","properties":{},"geometry":{"type":"LineString","coordinates":[[128.6679,36.4722],[128.668,36.4713]]}},{"type":"Feature","properties":{},"geometry":{"type":"LineString","coordinates":[[128.668,36.4713],[128.6683,36.4693]]}},{"type":"Feature","properties":{},"geometry":{"type":"LineString","coordinates":[[128.6683,36.4693],[128.6688,36.4659]]}},{"type":"Feature","properties":{},"geometry":{"type":"LineString","coordinates":[[128.6688,36.4659],[128.6689,36.4653]]}},{"type":"Feature","properties":{},"geometry":{"type":"LineString","coordinates":[[128.6689,36.4653],[128.6689,36.4646]]}},{"type":"Feature","properties":{},"geometry":{"type":"LineString","coordinates":[[128.6689,36.4646],[128.6693,36.4622]]}},{"type":"Feature","properties":{},"geometry":{"type":"LineString","coordinates":[[128.6693,36.4622],[128.6693,36.4619]]}},{"type":"Feature","properties":{},"geometry":{"type":"LineString","coordinates":[[128.6693,36.4619],[128.6697,36.4588]]}},{"type":"Feature","properties":{},"geometry":{"type":"LineString","coordinates":[[128.6697,36.4588],[128.6698,36.4585]]}},{"type":"Feature","properties":{},"geometry":{"type":"LineString","coordinates":[[128.6698,36.4585],[128.6698,36.4581]]}},{"type":"Feature","properties":{},"geometry":{"type":"LineString","coordinates":[[128.6698,36.4581],[128.6708,36.4513]]}},{"type":"Feature","properties":{},"geometry":{"type":"LineString","coordinates":[[128.6708,36.4513],[128.6721,36.441]]}},{"type":"Feature","properties":{},"geometry":{"type":"LineString","coordinates":[[128.6721,36.441],[128.673,36.4345]]}},{"type":"Feature","properties":{},"geometry":{"type":"LineString","coordinates":[[128.6769,36.42],[128.6753,36.4237]]}},{"type":"Feature","properties":{},"geometry":{"type":"LineString","coordinates":[[128.7063,36.6742],[128.7019,36.6771]]}},{"type":"Feature","properties":{},"geometry":{"type":"LineString","coordinates":[[128.6776,36.599],[128.6827,36.6084],[128.6899,36.6158]]}},{"type":"Feature","properties":{},"geometry":{"type":"LineString","coordinates":[[126.5495,35.0305],[126.5503,35.0308]]}},{"type":"Feature","properties":{},"geometry":{"type":"LineString","coordinates":[[126.5493,35.0304],[126.5495,35.0305]]}},{"type":"Feature","properties":{},"geometry":{"type":"LineString","coordinates":[[126.5424,35.0259],[126.5439,35.027]]}},{"type":"Feature","properties":{},"geometry":{"type":"LineString","coordinates":[[126.5422,35.0258],[126.5424,35.0259]]}},{"type":"Feature","properties":{},"geometry":{"type":"LineString","coordinates":[[126.5051,34.9362],[126.5058,34.9392]]}},{"type":"Feature","properties":{},"geometry":{"type":"LineString","coordinates":[[126.505,34.9358],[126.5051,34.9362]]}},{"type":"Feature","properties":{},"geometry":{"type":"LineString","coordinates":[[126.5022,34.9225],[126.503,34.9265]]}},{"type":"Feature","properties":{},"geometry":{"type":"LineString","coordinates":[[126.503,34.9265],[126.503,34.9266]]}},{"type":"Feature","properties":{},"geometry":{"type":"LineString","coordinates":[[126.425,34.8212],[126.4298,34.8203]]}},{"type":"Feature","properties":{},"geometry":{"type":"LineString","coordinates":[[126.4298,34.8203],[126.4302,34.8203]]}},{"type":"Feature","properties":{},"geometry":{"type":"LineString","coordinates":[[126.7948,37.4837],[126.7938,37.4883]]}},{"type":"Feature","properties":{},"geometry":{"type":"LineString","coordinates":[[126.794,37.4883],[126.7952,37.4824]]}},{"type":"Feature","properties":{},"geometry":{"type":"LineString","coordinates":[[126.8241,37.616],[126.827,37.6137]]}},{"type":"Feature","properties":{},"geometry":{"type":"LineString","coordinates":[[128.138,37.1287],[128.1416,37.128]]}},{"type":"Feature","properties":{},"geometry":{"type":"LineString","coordinates":[[128.1576,37.1238],[128.1535,37.1235],[128.1416,37.1279]]}},{"type":"Feature","properties":{},"geometry":{"type":"LineString","coordinates":[[128.1594,37.1246],[128.1659,37.1277]]}},{"type":"Feature","properties":{},"geometry":{"type":"LineString","coordinates":[[128.1718,37.1267],[128.1668,37.1266]]}},{"type":"Feature","properties":{},"geometry":{"type":"LineString","coordinates":[[128.1595,37.1245],[128.1631,37.126]]}},{"type":"Feature","properties":{},"geometry":{"type":"LineString","coordinates":[[128.191,37.1283],[128.1943,37.1297],[128.1976,37.1301]]}},{"type":"Feature","properties":{},"geometry":{"type":"LineString","coordinates":[[128.1976,37.1301],[128.1987,37.1299]]}},{"type":"Feature","properties":{},"geometry":{"type":"LineString","coordinates":[[128.1994,37.1297],[128.2014,37.129]]}},{"type":"Feature","properties":{},"geometry":{"type":"LineString","coordinates":[[129.392,37.0009],[129.3955,37.0155],[129.397,37.0187],[129.3998,37.0224]]}},{"type":"Feature","properties":{},"geometry":{"type":"LineString","coordinates":[[129.3919,37.0003],[129.392,37.0009]]}},{"type":"Feature","properties":{},"geometry":{"type":"LineString","coordinates":[[129.3909,36.9959],[129.3919,37.0003]]}},{"type":"Feature","properties":{},"geometry":{"type":"LineString","coordinates":[[129.3915,36.9896],[129.3908,36.9958]]}},{"type":"Feature","properties":{},"geometry":{"type":"LineString","coordinates":[[129.3998,36.9635],[129.4,36.9711],[129.3989,36.975]]}},{"type":"Feature","properties":{},"geometry":{"type":"LineString","coordinates":[[129.4046,36.9134],[129.399,36.9432],[129.3992,36.9489]]}},{"type":"Feature","properties":{},"geometry":{"type":"LineString","coordinates":[[129.4065,36.9057],[129.4048,36.9122]]}},{"type":"Feature","properties":{},"geometry":{"type":"LineString","coordinates":[[129.4082,36.8952],[129.4065,36.9057]]}},{"type":"Feature","properties":{},"geometry":{"type":"LineString","coordinates":[[129.4085,36.893],[129.4082,36.8952]]}},{"type":"Feature","properties":{},"geometry":{"type":"LineString","coordinates":[[129.4088,36.8901],[129.4085,36.893]]}},{"type":"Feature","properties":{},"geometry":{"type":"LineString","coordinates":[[129.4093,36.8868],[129.4088,36.8901]]}},{"type":"Feature","properties":{},"geometry":{"type":"LineString","coordinates":[[129.4101,36.8805],[129.4093,36.8868]]}},{"type":"Feature","properties":{},"geometry":{"type":"LineString","coordinates":[[129.4104,36.8787],[129.4101,36.8805]]}},{"type":"Feature","properties":{},"geometry":{"type":"LineString","coordinates":[[129.4108,36.8754],[129.4104,36.8787]]}},{"type":"Feature","properties":{},"geometry":{"type":"LineString","coordinates":[[129.4171,36.8564],[129.4121,36.8689],[129.4108,36.8754]]}},{"type":"Feature","properties":{},"geometry":{"type":"LineString","coordinates":[[129.418,36.8543],[129.4171,36.8564]]}},{"type":"Feature","properties":{},"geometry":{"type":"LineString","coordinates":[[129.4246,36.8402],[129.418,36.8543]]}},{"type":"Feature","properties":{},"geometry":{"type":"LineString","coordinates":[[129.4253,36.8387],[129.4246,36.8402]]}},{"type":"Feature","properties":{},"geometry":{"type":"LineString","coordinates":[[129.4279,36.8328],[129.4275,36.8339]]}},{"type":"Feature","properties":{},"geometry":{"type":"LineString","coordinates":[[129.4275,36.8339],[129.4265,36.8359]]}},{"type":"Feature","properties":{},"geometry":{"type":"LineString","coordinates":[[129.4403,36.806],[129.4279,36.8328]]}},{"type":"Feature","properties":{},"geometry":{"type":"LineString","coordinates":[[129.4434,36.7989],[129.4415,36.8033]]}},{"type":"Feature","properties":{},"geometry":{"type":"LineString","coordinates":[[129.4415,36.8033],[129.4403,36.806]]}},{"type":"Feature","properties":{},"geometry":{"type":"LineString","coordinates":[[129.4456,36.794],[129.4434,36.7989]]}},{"type":"Feature","properties":{},"geometry":{"type":"LineString","coordinates":[[129.4489,36.7871],[129.4456,36.794]]}},{"type":"Feature","properties":{},"geometry":{"type":"LineString","coordinates":[[129.453,36.7573],[129.4522,36.7737],[129.4502,36.7843]]}},{"type":"Feature","properties":{},"geometry":{"type":"LineString","coordinates":[[129.453,36.7539],[129.453,36.7573]]}},{"type":"Feature","properties":{},"geometry":{"type":"LineString","coordinates":[[129.4531,36.7514],[129.453,36.7539]]}},{"type":"Feature","properties":{},"geometry":{"type":"LineString","coordinates":[[129.4532,36.7455],[129.4531,36.7514]]}},{"type":"Feature","properties":{},"geometry":{"type":"LineString","coordinates":[[129.4533,36.7428],[129.4532,36.7452]]}},{"type":"Feature","properties":{},"geometry":{"type":"LineString","coordinates":[[129.4532,36.7452],[129.4532,36.7455]]}},{"type":"Feature","properties":{},"geometry":{"type":"LineString","coordinates":[[129.45,36.7311],[129.4529,36.7363],[129.4533,36.7428]]}},{"type":"Feature","properties":{},"geometry":{"type":"LineString","coordinates":[[129.4489,36.7296],[129.45,36.7311]]}},{"type":"Feature","properties":{},"geometry":{"type":"LineString","coordinates":[[129.4482,36.7286],[129.4489,36.7296]]}},{"type":"Feature","properties":{},"geometry":{"type":"LineString","coordinates":[[129.4382,36.7139],[129.4441,36.7229]]}},{"type":"Feature","properties":{},"geometry":{"type":"LineString","coordinates":[[129.438,36.7132],[129.4382,36.7139]]}},{"type":"Feature","properties":{},"geometry":{"type":"LineString","coordinates":[[129.4373,36.7071],[129.438,36.7132]]}},{"type":"Feature","properties":{},"geometry":{"type":"LineString","coordinates":[[129.4374,36.7057],[129.4373,36.7071]]}},{"type":"Feature","properties":{},"geometry":{"type":"LineString","coordinates":[[129.4375,36.7053],[129.4374,36.7057]]}},{"type":"Feature","properties":{},"geometry":{"type":"LineString","coordinates":[[129.4375,36.7049],[129.4375,36.7053]]}},{"type":"Feature","properties":{},"geometry":{"type":"LineString","coordinates":[[129.4385,36.6874],[129.4388,36.6898],[129.4375,36.7049]]}},{"type":"Feature","properties":{},"geometry":{"type":"LineString","coordinates":[[129.4366,36.6828],[129.438,36.6861]]}},{"type":"Feature","properties":{},"geometry":{"type":"LineString","coordinates":[[129.4356,36.68],[129.4366,36.6828]]}},{"type":"Feature","properties":{},"geometry":{"type":"LineString","coordinates":[[129.4337,36.6746],[129.4356,36.68]]}},{"type":"Feature","properties":{},"geometry":{"type":"LineString","coordinates":[[129.4319,36.6702],[129.4337,36.6746]]}},{"type":"Feature","properties":{},"geometry":{"type":"LineString","coordinates":[[129.4311,36.6681],[129.4318,36.6698]]}},{"type":"Feature","properties":{},"geometry":{"type":"LineString","coordinates":[[129.4318,36.6698],[129.4319,36.6702]]}},{"type":"Feature","properties":{},"geometry":{"type":"LineString","coordinates":[[129.4303,36.6661],[129.431,36.6677]]}},{"type":"Feature","properties":{},"geometry":{"type":"LineString","coordinates":[[129.4283,36.6607],[129.4295,36.6639]]}},{"type":"Feature","properties":{},"geometry":{"type":"LineString","coordinates":[[129.4297,36.6643],[129.4302,36.6657]]}},{"type":"Feature","properties":{},"geometry":{"type":"LineString","coordinates":[[129.4302,36.6657],[129.4303,36.6661]]}},{"type":"Feature","properties":{},"geometry":{"type":"LineString","coordinates":[[129.431,36.6677],[129.4311,36.6681]]}},{"type":"Feature","properties":{},"geometry":{"type":"LineString","coordinates":[[129.4295,36.6639],[129.4297,36.6643]]}},{"type":"Feature","properties":{},"geometry":{"type":"LineString","coordinates":[[129.428,36.6601],[129.4283,36.6607]]}},{"type":"Feature","properties":{},"geometry":{"type":"LineString","coordinates":[[129.4279,36.6598],[129.428,36.6601]]}},{"type":"Feature","properties":{},"geometry":{"type":"LineString","coordinates":[[129.4249,36.6543],[129.4279,36.6598]]}},{"type":"Feature","properties":{},"geometry":{"type":"LineString","coordinates":[[129.4244,36.6535],[129.4249,36.6543]]}},{"type":"Feature","properties":{},"geometry":{"type":"LineString","coordinates":[[129.4164,36.6395],[129.4244,36.6535]]}},{"type":"Feature","properties":{},"geometry":{"type":"LineString","coordinates":[[129.4152,36.6373],[129.4163,36.6393]]}},{"type":"Feature","properties":{},"geometry":{"type":"LineString","coordinates":[[129.4147,36.6363],[129.4152,36.6373]]}},{"type":"Feature","properties":{},"geometry":{"type":"LineString","coordinates":[[129.4163,36.6393],[129.4164,36.6395]]}},{"type":"Feature","properties":{},"geometry":{"type":"LineString","coordinates":[[129.4102,36.6281],[129.4147,36.6363]]}},{"type":"Feature","properties":{},"geometry":{"type":"LineString","coordinates":[[129.4101,36.6278],[129.4102,36.6281]]}},{"type":"Feature","properties":{},"geometry":{"type":"LineString","coordinates":[[129.4092,36.6228],[129.41,36.6275]]}},{"type":"Feature","properties":{},"geometry":{"type":"LineString","coordinates":[[129.4078,36.6076],[129.4088,36.6115],[129.409,36.6185]]}},{"type":"Feature","properties":{},"geometry":{"type":"LineString","coordinates":[[129.4034,36.595],[129.4047,36.5989]]}},{"type":"Feature","properties":{},"geometry":{"type":"LineString","coordinates":[[129.3956,36.5626],[129.3967,36.568]]}},{"type":"Feature","properties":{},"geometry":{"type":"LineString","coordinates":[[129.3984,36.5762],[129.3985,36.5768]]}},{"type":"Feature","properties":{},"geometry":{"type":"LineString","coordinates":[[129.3968,36.5684],[129.3984,36.5762]]}},{"type":"Feature","properties":{},"geometry":{"type":"LineString","coordinates":[[129.3967,36.568],[129.3968,36.5684]]}},{"type":"Feature","properties":{},"geometry":{"type":"LineString","coordinates":[[129.3951,36.5594],[129.3954,36.5615]]}},{"type":"Feature","properties":{},"geometry":{"type":"LineString","coordinates":[[129.3954,36.5615],[129.3956,36.5626]]}},{"type":"Feature","properties":{},"geometry":{"type":"LineString","coordinates":[[129.395,36.5587],[129.3951,36.5594]]}},{"type":"Feature","properties":{},"geometry":{"type":"LineString","coordinates":[[129.3968,36.478],[129.3968,36.4825]]}},{"type":"Feature","properties":{},"geometry":{"type":"LineString","coordinates":[[129.3969,36.474],[129.3968,36.478]]}},{"type":"Feature","properties":{},"geometry":{"type":"LineString","coordinates":[[129.3769,36.4193],[129.3772,36.4216]]}},{"type":"Feature","properties":{},"geometry":{"type":"LineString","coordinates":[[129.3812,36.4319],[129.3815,36.4331]]}},{"type":"Feature","properties":{},"geometry":{"type":"LineString","coordinates":[[129.3815,36.4331],[129.3823,36.4347]]}},{"type":"Feature","properties":{},"geometry":{"type":"LineString","coordinates":[[129.3823,36.4347],[129.3833,36.4372]]}},{"type":"Feature","properties":{},"geometry":{"type":"LineString","coordinates":[[129.3799,36.4286],[129.3812,36.4319]]}},{"type":"Feature","properties":{},"geometry":{"type":"LineString","coordinates":[[129.3774,36.4228],[129.3786,36.4255]]}},{"type":"Feature","properties":{},"geometry":{"type":"LineString","coordinates":[[129.3786,36.4255],[129.3799,36.4286]]}},{"type":"Feature","properties":{},"geometry":{"type":"LineString","coordinates":[[129.3322,37.1671],[129.3259,37.178]]}},{"type":"Feature","properties":{},"geometry":{"type":"LineString","coordinates":[[129.3259,37.178],[129.3255,37.1788]]}},{"type":"Feature","properties":{},"geometry":{"type":"LineString","coordinates":[[129.3255,37.1788],[129.3254,37.1792]]}},{"type":"Feature","properties":{},"geometry":{"type":"LineString","coordinates":[[129.3254,37.1792],[129.3245,37.1819]]}},{"type":"Feature","properties":{},"geometry":{"type":"LineString","coordinates":[[129.3245,37.1819],[129.3241,37.1832]]}},{"type":"Feature","properties":{},"geometry":{"type":"LineString","coordinates":[[129.3241,37.1832],[129.3234,37.1861]]}},{"type":"Feature","properties":{},"geometry":{"type":"LineString","coordinates":[[129.3234,37.1861],[129.3227,37.1935],[129.3273,37.2299],[129.3269,37.2362]]}},{"type":"Feature","properties":{},"geometry":{"type":"LineString","coordinates":[[129.3267,37.2377],[129.3265,37.2392]]}},{"type":"Feature","properties":{},"geometry":{"type":"LineString","coordinates":[[129.3265,37.2392],[129.3263,37.2428]]}},{"type":"Feature","properties":{},"geometry":{"type":"LineString","coordinates":[[129.3269,37.2362],[129.3267,37.2377]]}},{"type":"Feature","properties":{},"geometry":{"type":"LineString","coordinates":[[129.3263,37.2428],[129.3247,37.2537],[129.3235,37.2569],[129.3219,37.2592],[129.3077,37.2733]]}},{"type":"Feature","properties":{},"geometry":{"type":"LineString","coordinates":[[129.3077,37.2733],[129.3071,37.2739]]}},{"type":"Feature","properties":{},"geometry":{"type":"LineString","coordinates":[[129.3037,37.2772],[129.2991,37.2819]]}},{"type":"Feature","properties":{},"geometry":{"type":"LineString","coordinates":[[129.2991,37.2819],[129.2988,37.2822]]}},{"type":"Feature","properties":{},"geometry":{"type":"LineString","coordinates":[[129.2988,37.2822],[129.2975,37.2842]]}},{"type":"Feature","properties":{},"geometry":{"type":"LineString","coordinates":[[129.2975,37.2842],[129.2966,37.2865]]}},{"type":"Feature","properties":{},"geometry":{"type":"LineString","coordinates":[[126.5077,34.948],[126.5077,34.9483]]}},{"type":"Feature","properties":{},"geometry":{"type":"LineString","coordinates":[[126.5074,34.9467],[126.5077,34.948]]}},{"type":"Feature","properties":{},"geometry":{"type":"LineString","coordinates":[[127.9349,37.3156],[127.9345,37.3158]]}},{"type":"Feature","properties":{},"geometry":{"type":"LineString","coordinates":[[127.9349,37.3157],[127.936,37.3153]]}},{"type":"Feature","properties":{},"geometry":{"type":"LineString","coordinates":[[127.9345,37.3158],[127.9349,37.3157]]}},{"type":"Feature","properties":{},"geometry":{"type":"LineString","coordinates":[[128.1083,37.1293],[128.1059,37.1296]]}},{"type":"Feature","properties":{},"geometry":{"type":"LineString","coordinates":[[128.1059,37.1296],[128.1032,37.13]]}},{"type":"Feature","properties":{},"geometry":{"type":"LineString","coordinates":[[128.1059,37.1296],[128.1083,37.1293]]}},{"type":"Feature","properties":{},"geometry":{"type":"LineString","coordinates":[[128.1033,37.1301],[128.1059,37.1296]]}},{"type":"Feature","properties":{},"geometry":{"type":"LineString","coordinates":[[128.1091,37.1292],[128.1083,37.1293]]}},{"type":"Feature","properties":{},"geometry":{"type":"LineString","coordinates":[[128.1146,37.1294],[128.1104,37.1292]]}},{"type":"Feature","properties":{},"geometry":{"type":"LineString","coordinates":[[128.1104,37.1293],[128.1146,37.1294]]}},{"type":"Feature","properties":{},"geometry":{"type":"LineString","coordinates":[[128.1083,37.1293],[128.1091,37.1293]]}},{"type":"Feature","properties":{},"geometry":{"type":"LineString","coordinates":[[128.1151,37.1294],[128.1212,37.1304]]}},{"type":"Feature","properties":{},"geometry":{"type":"LineString","coordinates":[[128.1212,37.1303],[128.1151,37.1294]]}},{"type":"Feature","properties":{},"geometry":{"type":"LineString","coordinates":[[128.1104,37.1292],[128.1091,37.1292]]}},{"type":"Feature","properties":{},"geometry":{"type":"LineString","coordinates":[[128.1091,37.1293],[128.1104,37.1293]]}},{"type":"Feature","properties":{},"geometry":{"type":"LineString","coordinates":[[127.936,37.3153],[127.9349,37.3156]]}},{"type":"Feature","properties":{},"geometry":{"type":"LineString","coordinates":[[128.1151,37.1294],[128.1146,37.1294]]}},{"type":"Feature","properties":{},"geometry":{"type":"LineString","coordinates":[[128.1146,37.1294],[128.1151,37.1294]]}},{"type":"Feature","properties":{},"geometry":{"type":"LineString","coordinates":[[128.135,37.1291],[128.1254,37.1307],[128.1212,37.1303]]}},{"type":"Feature","properties":{},"geometry":{"type":"LineString","coordinates":[[128.1212,37.1304],[128.1256,37.1307],[128.135,37.1291]]}},{"type":"Feature","properties":{},"geometry":{"type":"LineString","coordinates":[[128.971,35.3328],[128.9739,35.3295],[128.9749,35.3252],[128.9746,35.3224]]}},{"type":"Feature","properties":{},"geometry":{"type":"LineString","coordinates":[[128.9706,35.3331],[128.971,35.3328]]}},{"type":"Feature","properties":{},"geometry":{"type":"LineString","coordinates":[[128.3449,36.9648],[128.3437,36.976]]}},{"type":"Feature","properties":{},"geometry":{"type":"LineString","coordinates":[[128.4842,36.8814],[128.5053,36.8776]]}},{"type":"Feature","properties":{},"geometry":{"type":"LineString","coordinates":[[128.5132,36.8756],[128.5192,36.8747]]}},{"type":"Feature","properties":{},"geometry":{"type":"LineString","coordinates":[[128.5101,36.8764],[128.5132,36.8756]]}},{"type":"Feature","properties":{},"geometry":{"type":"LineString","coordinates":[[128.529,36.8738],[128.5345,36.8732]]}},{"type":"Feature","properties":{},"geometry":{"type":"LineString","coordinates":[[128.5345,36.8732],[128.5403,36.8721]]}},{"type":"Feature","properties":{},"geometry":{"type":"LineString","coordinates":[[128.5403,36.872],[128.5345,36.8732]]}},{"type":"Feature","properties":{},"geometry":{"type":"LineString","coordinates":[[128.5667,36.862],[128.5679,36.8615]]}},{"type":"Feature","properties":{},"geometry":{"type":"LineString","coordinates":[[128.5636,36.8632],[128.5667,36.862]]}},{"type":"Feature","properties":{},"geometry":{"type":"LineString","coordinates":[[128.5667,36.8619],[128.5636,36.8631]]}},{"type":"Feature","properties":{},"geometry":{"type":"LineString","coordinates":[[128.5679,36.8615],[128.5667,36.8619]]}},{"type":"Feature","properties":{},"geometry":{"type":"LineString","coordinates":[[128.5714,36.8603],[128.572,36.86]]}},{"type":"Feature","properties":{},"geometry":{"type":"LineString","coordinates":[[128.5965,36.8531],[128.6014,36.8507]]}},{"type":"Feature","properties":{},"geometry":{"type":"LineString","coordinates":[[128.5922,36.8547],[128.5965,36.8531]]}},{"type":"Feature","properties":{},"geometry":{"type":"LineString","coordinates":[[128.5902,36.8553],[128.5922,36.8547]]}},{"type":"Feature","properties":{},"geometry":{"type":"LineString","coordinates":[[128.5875,36.856],[128.5902,36.8553]]}},{"type":"Feature","properties":{},"geometry":{"type":"LineString","coordinates":[[128.5847,36.8567],[128.5875,36.856]]}},{"type":"Feature","properties":{},"geometry":{"type":"LineString","coordinates":[[128.5837,36.8569],[128.5847,36.8567]]}},{"type":"Feature","properties":{},"geometry":{"type":"LineString","coordinates":[[128.572,36.86],[128.5738,36.8594]]}},{"type":"Feature","properties":{},"geometry":{"type":"LineString","coordinates":[[128.5738,36.8594],[128.5754,36.859]]}},{"type":"Feature","properties":{},"geometry":{"type":"LineString","coordinates":[[128.572,36.86],[128.5714,36.8602]]}},{"type":"Feature","properties":{},"geometry":{"type":"LineString","coordinates":[[128.6014,36.8507],[128.5965,36.853]]}},{"type":"Feature","properties":{},"geometry":{"type":"LineString","coordinates":[[128.5965,36.853],[128.5922,36.8547]]}},{"type":"Feature","properties":{},"geometry":{"type":"LineString","coordinates":[[128.5922,36.8547],[128.5902,36.8552]]}},{"type":"Feature","properties":{},"geometry":{"type":"LineString","coordinates":[[128.5902,36.8552],[128.5875,36.8559]]}},{"type":"Feature","properties":{},"geometry":{"type":"LineString","coordinates":[[128.5875,36.8559],[128.5846,36.8566]]}},{"type":"Feature","properties":{},"geometry":{"type":"LineString","coordinates":[[128.5846,36.8566],[128.5837,36.8569]]}},{"type":"Feature","properties":{},"geometry":{"type":"LineString","coordinates":[[128.5738,36.8594],[128.572,36.86]]}},{"type":"Feature","properties":{},"geometry":{"type":"LineString","coordinates":[[128.5754,36.8589],[128.5738,36.8594]]}},{"type":"Feature","properties":{},"geometry":{"type":"LineString","coordinates":[[128.6022,36.8503],[128.6014,36.8507]]}},{"type":"Feature","properties":{},"geometry":{"type":"LineString","coordinates":[[128.6014,36.8507],[128.6022,36.8504]]}},{"type":"Feature","properties":{},"geometry":{"type":"LineString","coordinates":[[128.6091,36.8453],[128.6114,36.8425]]}},{"type":"Feature","properties":{},"geometry":{"type":"LineString","coordinates":[[128.6118,36.842],[128.6123,36.8414]]}},{"type":"Feature","properties":{},"geometry":{"type":"LineString","coordinates":[[128.6114,36.8425],[128.6118,36.842]]}},{"type":"Feature","properties":{},"geometry":{"type":"LineString","coordinates":[[128.6168,36.833],[128.6166,36.8353],[128.6155,36.8372]]}},{"type":"Feature","properties":{},"geometry":{"type":"LineString","coordinates":[[128.6118,36.842],[128.6113,36.8425]]}},{"type":"Feature","properties":{},"geometry":{"type":"LineString","coordinates":[[127.844,37.3455],[127.8462,37.344]]}},{"type":"Feature","properties":{},"geometry":{"type":"LineString","coordinates":[[127.8362,37.3506],[127.8395,37.3485]]}},{"type":"Feature","properties":{},"geometry":{"type":"LineString","coordinates":[[128.1366,37.1289],[128.138,37.1287]]}},{"type":"Feature","properties":{},"geometry":{"type":"LineString","coordinates":[[128.135,37.1291],[128.1366,37.1289]]}},{"type":"Feature","properties":{},"geometry":{"type":"LineString","coordinates":[[128.1366,37.1289],[128.135,37.1291]]}},{"type":"Feature","properties":{},"geometry":{"type":"LineString","coordinates":[[128.1416,37.1279],[128.1366,37.1289]]}},{"type":"Feature","properties":{},"geometry":{"type":"LineString","coordinates":[[128.1576,37.1239],[128.1583,37.1242]]}},{"type":"Feature","properties":{},"geometry":{"type":"LineString","coordinates":[[128.1583,37.1242],[128.1594,37.1246]]}},{"type":"Feature","properties":{},"geometry":{"type":"LineString","coordinates":[[128.1584,37.1241],[128.1576,37.1238]]}},{"type":"Feature","properties":{},"geometry":{"type":"LineString","coordinates":[[128.1595,37.1245],[128.1584,37.1241]]}},{"type":"Feature","properties":{},"geometry":{"type":"LineString","coordinates":[[128.1634,37.1261],[128.1668,37.1266]]}},{"type":"Feature","properties":{},"geometry":{"type":"LineString","coordinates":[[128.1631,37.126],[128.1634,37.1261]]}},{"type":"Feature","properties":{},"geometry":{"type":"LineString","coordinates":[[128.1987,37.1299],[128.1994,37.1297]]}},{"type":"Feature","properties":{},"geometry":{"type":"LineString","coordinates":[[127.1055,37.3947],[127.1116,37.3947]]}},{"type":"Feature","properties":{},"geometry":{"type":"LineString","coordinates":[[127.1055,37.3948],[127.1116,37.3948]]}},{"type":"Feature","properties":{},"geometry":{"type":"LineString","coordinates":[[127.4846,37.2588],[127.4874,37.2596]]}},{"type":"Feature","properties":{},"geometry":{"type":"LineString","coordinates":[[127.4902,37.2602],[127.4931,37.2612]]}},{"type":"Feature","properties":{},"geometry":{"type":"LineString","coordinates":[[127.4846,37.2587],[127.4874,37.2595]]}},{"type":"Feature","properties":{},"geometry":{"type":"LineString","coordinates":[[127.4931,37.2612],[127.49,37.2604]]}},{"type":"Feature","properties":{},"geometry":{"type":"LineString","coordinates":[[127.4874,37.2595],[127.4903,37.2604]]}},{"type":"Feature","properties":{},"geometry":{"type":"LineString","coordinates":[[127.4874,37.2596],[127.4903,37.2604]]}},{"type":"Feature","properties":{},"geometry":{"type":"LineString","coordinates":[[128.3319,37.0084],[128.3319,37.0091]]}},{"type":"Feature","properties":{},"geometry":{"type":"LineString","coordinates":[[128.3319,37.0081],[128.3319,37.0084]]}},{"type":"Feature","properties":{},"geometry":{"type":"LineString","coordinates":[[128.6283,36.8062],[128.6289,36.8045]]}},{"type":"Feature","properties":{},"geometry":{"type":"LineString","coordinates":[[128.6304,36.8008],[128.6308,36.8]]}},{"type":"Feature","properties":{},"geometry":{"type":"LineString","coordinates":[[128.6322,36.7971],[128.6323,36.7969]]}},{"type":"Feature","properties":{},"geometry":{"type":"LineString","coordinates":[[128.6297,36.7512],[128.6297,36.751]]}},{"type":"Feature","properties":{},"geometry":{"type":"LineString","coordinates":[[128.6747,36.578],[128.6746,36.5795]]}},{"type":"Feature","properties":{},"geometry":{"type":"LineString","coordinates":[[128.6753,36.5671],[128.6756,36.5628]]}},{"type":"Feature","properties":{},"geometry":{"type":"LineString","coordinates":[[128.6746,36.5795],[128.6747,36.578]]}},{"type":"Feature","properties":{},"geometry":{"type":"LineString","coordinates":[[128.6762,36.595],[128.6755,36.5924]]}},{"type":"Feature","properties":{},"geometry":{"type":"LineString","coordinates":[[128.621,36.8192],[128.6226,36.8164]]}},{"type":"Feature","properties":{},"geometry":{"type":"LineString","coordinates":[[128.6156,36.8372],[128.6166,36.8353],[128.6168,36.833]]}},{"type":"Feature","properties":{},"geometry":{"type":"LineString","coordinates":[[128.6226,36.8164],[128.6242,36.8137]]}},{"type":"Feature","properties":{},"geometry":{"type":"LineString","coordinates":[[128.6167,36.8309],[128.6167,36.8278],[128.6175,36.8255]]}},{"type":"Feature","properties":{},"geometry":{"type":"LineString","coordinates":[[128.6175,36.8255],[128.619,36.8227]]}},{"type":"Feature","properties":{},"geometry":{"type":"LineString","coordinates":[[128.619,36.8227],[128.6204,36.8204]]}},{"type":"Feature","properties":{},"geometry":{"type":"LineString","coordinates":[[128.6204,36.8204],[128.621,36.8192]]}},{"type":"Feature","properties":{},"geometry":{"type":"LineString","coordinates":[[128.6122,36.8414],[128.6118,36.842]]}},{"type":"Feature","properties":{},"geometry":{"type":"LineString","coordinates":[[128.6322,36.737],[128.6326,36.736]]}},{"type":"Feature","properties":{},"geometry":{"type":"LineString","coordinates":[[128.6325,36.736],[128.6321,36.737]]}},{"type":"Feature","properties":{},"geometry":{"type":"LineString","coordinates":[[126.8236,37.6164],[126.8166,37.6221]]}},{"type":"Feature","properties":{},"geometry":{"type":"LineString","coordinates":[[126.817,37.6218],[126.8237,37.6164]]}},{"type":"Feature","properties":{},"geometry":{"type":"LineString","coordinates":[[126.82,37.6196],[126.8188,37.6206]]}},{"type":"Feature","properties":{},"geometry":{"type":"LineString","coordinates":[[127.3292,35.4976],[127.3304,35.4947]]}},{"type":"Feature","properties":{},"geometry":{"type":"LineString","coordinates":[[127.3304,35.4947],[127.3308,35.4934]]}},{"type":"Feature","properties":{},"geometry":{"type":"LineString","coordinates":[[127.3303,35.4946],[127.3291,35.4976]]}},{"type":"Feature","properties":{},"geometry":{"type":"LineString","coordinates":[[127.3307,35.4934],[127.3303,35.4946]]}},{"type":"Feature","properties":{},"geometry":{"type":"LineString","coordinates":[[127.3349,35.4826],[127.3354,35.4812]]}},{"type":"Feature","properties":{},"geometry":{"type":"LineString","coordinates":[[127.3353,35.4812],[127.3348,35.4826]]}},{"type":"Feature","properties":{},"geometry":{"type":"LineString","coordinates":[[127.3375,35.4756],[127.3383,35.4735]]}},{"type":"Feature","properties":{},"geometry":{"type":"LineString","coordinates":[[127.3383,35.4735],[127.3384,35.4732]]}},{"type":"Feature","properties":{},"geometry":{"type":"LineString","coordinates":[[127.3383,35.4735],[127.3375,35.4756]]}},{"type":"Feature","properties":{},"geometry":{"type":"LineString","coordinates":[[127.3384,35.4732],[127.3383,35.4735]]}},{"type":"Feature","properties":{},"geometry":{"type":"LineString","coordinates":[[127.3458,35.4582],[127.3463,35.4575]]}},{"type":"Feature","properties":{},"geometry":{"type":"LineString","coordinates":[[127.3463,35.4575],[127.3464,35.4574]]}},{"type":"Feature","properties":{},"geometry":{"type":"LineString","coordinates":[[127.3463,35.4575],[127.3458,35.4581]]}},{"type":"Feature","properties":{},"geometry":{"type":"LineString","coordinates":[[127.3464,35.4574],[127.3463,35.4575]]}},{"type":"Feature","properties":{},"geometry":{"type":"LineString","coordinates":[[127.3581,35.4448],[127.3608,35.442]]}},{"type":"Feature","properties":{},"geometry":{"type":"LineString","coordinates":[[127.3608,35.442],[127.361,35.4418]]}},{"type":"Feature","properties":{},"geometry":{"type":"LineString","coordinates":[[127.3608,35.442],[127.358,35.4448]]}},{"type":"Feature","properties":{},"geometry":{"type":"LineString","coordinates":[[127.3609,35.4418],[127.3608,35.442]]}},{"type":"Feature","properties":{},"geometry":{"type":"LineString","coordinates":[[127.3202,35.3787],[127.3146,35.3752]]}},{"type":"Feature","properties":{},"geometry":{"type":"LineString","coordinates":[[127.3203,35.3788],[127.3202,35.3787]]}},{"type":"Feature","properties":{},"geometry":{"type":"LineString","coordinates":[[127.3146,35.3752],[127.3201,35.3788]]}},{"type":"Feature","properties":{},"geometry":{"type":"LineString","coordinates":[[127.3201,35.3788],[127.3203,35.3788]]}},{"type":"Feature","properties":{},"geometry":{"type":"LineString","coordinates":[[127.3104,35.3725],[127.3074,35.3705]]}},{"type":"Feature","properties":{},"geometry":{"type":"LineString","coordinates":[[127.3105,35.3725],[127.3104,35.3725]]}},{"type":"Feature","properties":{},"geometry":{"type":"LineString","coordinates":[[127.3074,35.3705],[127.3104,35.3725]]}},{"type":"Feature","properties":{},"geometry":{"type":"LineString","coordinates":[[127.3104,35.3725],[127.3105,35.3726]]}},{"type":"Feature","properties":{},"geometry":{"type":"LineString","coordinates":[[127.2967,35.3573],[127.2959,35.355]]}},{"type":"Feature","properties":{},"geometry":{"type":"LineString","coordinates":[[127.2959,35.355],[127.2966,35.3574]]}},{"type":"Feature","properties":{},"geometry":{"type":"LineString","coordinates":[[127.2889,35.3251],[127.2871,35.3161]]}},{"type":"Feature","properties":{},"geometry":{"type":"LineString","coordinates":[[127.289,35.3252],[127.2889,35.3251]]}},{"type":"Feature","properties":{},"geometry":{"type":"LineString","coordinates":[[127.2871,35.3161],[127.2889,35.3251]]}},{"type":"Feature","properties":{},"geometry":{"type":"LineString","coordinates":[[127.2889,35.3251],[127.2889,35.3252]]}},{"type":"Feature","properties":{},"geometry":{"type":"LineString","coordinates":[[127.3033,35.2844],[127.3038,35.284]]}},{"type":"Feature","properties":{},"geometry":{"type":"LineString","coordinates":[[127.3038,35.284],[127.3052,35.2829]]}},{"type":"Feature","properties":{},"geometry":{"type":"LineString","coordinates":[[127.3038,35.284],[127.3033,35.2844]]}},{"type":"Feature","properties":{},"geometry":{"type":"LineString","coordinates":[[127.3051,35.2829],[127.3038,35.284]]}},{"type":"Feature","properties":{},"geometry":{"type":"LineString","coordinates":[[127.3145,35.2756],[127.3198,35.2715]]}},{"type":"Feature","properties":{},"geometry":{"type":"LineString","coordinates":[[127.3132,35.2766],[127.3134,35.2765]]}},{"type":"Feature","properties":{},"geometry":{"type":"LineString","coordinates":[[127.3197,35.2715],[127.3145,35.2756]]}},{"type":"Feature","properties":{},"geometry":{"type":"LineString","coordinates":[[127.3134,35.2764],[127.3132,35.2766]]}},{"type":"Feature","properties":{},"geometry":{"type":"LineString","coordinates":[[127.3134,35.2765],[127.3143,35.2757]]}},{"type":"Feature","properties":{},"geometry":{"type":"LineString","coordinates":[[127.3143,35.2757],[127.3145,35.2756]]}},{"type":"Feature","properties":{},"geometry":{"type":"LineString","coordinates":[[127.3143,35.2757],[127.3134,35.2764]]}},{"type":"Feature","properties":{},"geometry":{"type":"LineString","coordinates":[[127.3145,35.2756],[127.3143,35.2757]]}},{"type":"Feature","properties":{},"geometry":{"type":"LineString","coordinates":[[126.9704,37.5503],[126.9706,37.5499]]}},{"type":"Feature","properties":{},"geometry":{"type":"LineString","coordinates":[[126.9706,37.5499],[126.9707,37.5496]]}},{"type":"Feature","properties":{},"geometry":{"type":"LineString","coordinates":[[126.9708,37.5493],[126.9707,37.5496]]}},{"type":"Feature","properties":{},"geometry":{"type":"LineString","coordinates":[[127.4561,35.1329],[127.4559,35.1325]]}},{"type":"Feature","properties":{},"geometry":{"type":"LineString","coordinates":[[127.4559,35.1325],[127.4561,35.1329]]}},{"type":"Feature","properties":{},"geometry":{"type":"LineString","coordinates":[[127.4565,35.1335],[127.4561,35.1329]]}},{"type":"Feature","properties":{},"geometry":{"type":"LineString","coordinates":[[127.4561,35.1329],[127.4564,35.1336]]}},{"type":"Feature","properties":{},"geometry":{"type":"LineString","coordinates":[[127.4461,35.1171],[127.4452,35.116]]}},{"type":"Feature","properties":{},"geometry":{"type":"LineString","coordinates":[[127.4462,35.1172],[127.4461,35.1171]]}},{"type":"Feature","properties":{},"geometry":{"type":"LineString","coordinates":[[127.4461,35.1172],[127.4469,35.1183]]}},{"type":"Feature","properties":{},"geometry":{"type":"LineString","coordinates":[[127.446,35.1171],[127.4461,35.1172]]}},{"type":"Feature","properties":{},"geometry":{"type":"LineString","coordinates":[[127.5906,34.864],[127.5891,34.8654]]}},{"type":"Feature","properties":{},"geometry":{"type":"LineString","coordinates":[[127.5908,34.8639],[127.5906,34.864]]}},{"type":"Feature","properties":{},"geometry":{"type":"LineString","coordinates":[[127.5892,34.8654],[127.5907,34.8641]]}},{"type":"Feature","properties":{},"geometry":{"type":"LineString","coordinates":[[127.5907,34.8641],[127.5908,34.864]]}},{"type":"Feature","properties":{},"geometry":{"type":"LineString","coordinates":[[127.6669,34.7792],[127.6687,34.779]]}},{"type":"Feature","properties":{},"geometry":{"type":"LineString","coordinates":[[127.6656,34.7793],[127.6669,34.7792]]}},{"type":"Feature","properties":{},"geometry":{"type":"LineString","coordinates":[[127.6656,34.7793],[127.6627,34.7796]]}},{"type":"Feature","properties":{},"geometry":{"type":"LineString","coordinates":[[127.6669,34.7792],[127.6656,34.7793]]}},{"type":"Feature","properties":{},"geometry":{"type":"LineString","coordinates":[[127.6695,34.779],[127.6705,34.7789]]}},{"type":"Feature","properties":{},"geometry":{"type":"LineString","coordinates":[[127.7499,34.7582],[127.7491,34.7549]]}},{"type":"Feature","properties":{},"geometry":{"type":"LineString","coordinates":[[127.7491,34.7549],[127.7487,34.7533]]}},{"type":"Feature","properties":{},"geometry":{"type":"LineString","coordinates":[[127.049,37.582],[127.0498,37.5828]]}},{"type":"Feature","properties":{},"geometry":{"type":"LineString","coordinates":[[127.1534,37.6056],[127.1569,37.6069]]}},{"type":"Feature","properties":{},"geometry":{"type":"LineString","coordinates":[[127.1569,37.6069],[127.1574,37.6072]]}},{"type":"Feature","properties":{},"geometry":{"type":"LineString","coordinates":[[127.1635,37.6099],[127.1639,37.61]]}},{"type":"Feature","properties":{},"geometry":{"type":"LineString","coordinates":[[127.1639,37.61],[127.171,37.6126]]}},{"type":"Feature","properties":{},"geometry":{"type":"LineString","coordinates":[[127.0461,37.5779],[127.0457,37.5773]]}},{"type":"Feature","properties":{},"geometry":{"type":"LineString","coordinates":[[128.7169,36.6611],[128.7127,36.6683],[128.7063,36.6742]]}},{"type":"Feature","properties":{},"geometry":{"type":"LineString","coordinates":[[128.7145,36.6411],[128.7162,36.6445],[128.7181,36.6508],[128.7181,36.6562],[128.7169,36.6611]]}},{"type":"Feature","properties":{},"geometry":{"type":"LineString","coordinates":[[127.9042,36.9686],[127.9035,36.9672]]}},{"type":"Feature","properties":{},"geometry":{"type":"LineString","coordinates":[[127.9087,36.956],[127.9215,36.948]]}},{"type":"Feature","properties":{},"geometry":{"type":"LineString","coordinates":[[127.9215,36.948],[127.9291,36.9448],[127.9334,36.9412],[127.935,36.9387],[127.9395,36.9273]]}},{"type":"Feature","properties":{},"geometry":{"type":"LineString","coordinates":[[127.9395,36.9271],[127.9396,36.9269]]}},{"type":"Feature","properties":{},"geometry":{"type":"LineString","coordinates":[[127.9397,36.9265],[127.9408,36.9221]]}},{"type":"Feature","properties":{},"geometry":{"type":"LineString","coordinates":[[127.9408,36.9219],[127.9411,36.9198]]}},{"type":"Feature","properties":{},"geometry":{"type":"LineString","coordinates":[[127.9411,36.9198],[127.9413,36.9192]]}},{"type":"Feature","properties":{},"geometry":{"type":"LineString","coordinates":[[127.102,36.8039],[127.1026,36.8022]]}},{"type":"Feature","properties":{},"geometry":{"type":"LineString","coordinates":[[127.1024,36.8022],[127.1016,36.8053]]}},{"type":"Feature","properties":{},"geometry":{"type":"LineString","coordinates":[[129.1522,37.4828],[129.1551,37.4805]]}},{"type":"Feature","properties":{},"geometry":{"type":"LineString","coordinates":[[129.2778,36.0023],[129.2735,36.0024]]}},{"type":"Feature","properties":{},"geometry":{"type":"LineString","coordinates":[[129.2779,36.0023],[129.2778,36.0023]]}},{"type":"Feature","properties":{},"geometry":{"type":"LineString","coordinates":[[129.2735,36.0024],[129.2778,36.0023]]}},{"type":"Feature","properties":{},"geometry":{"type":"LineString","coordinates":[[129.2778,36.0023],[129.2779,36.0023]]}},{"type":"Feature","properties":{},"geometry":{"type":"LineString","coordinates":[[127.0795,36.9969],[127.0807,36.9957]]}},{"type":"Feature","properties":{},"geometry":{"type":"LineString","coordinates":[[127.0807,36.9957],[127.0811,36.9952]]}},{"type":"Feature","properties":{},"geometry":{"type":"LineString","coordinates":[[127.1475,36.8439],[127.1483,36.8398]]}},{"type":"Feature","properties":{},"geometry":{"type":"LineString","coordinates":[[127.6245,37.4796],[127.6254,37.4791]]}},{"type":"Feature","properties":{},"geometry":{"type":"LineString","coordinates":[[127.6253,37.4791],[127.625,37.4793]]}},{"type":"Feature","properties":{},"geometry":{"type":"LineString","coordinates":[[127.626,37.4787],[127.6259,37.4787]]}},{"type":"Feature","properties":{},"geometry":{"type":"LineString","coordinates":[[128.6927,36.3572],[128.6925,36.3578]]}},{"type":"Feature","properties":{},"geometry":{"type":"LineString","coordinates":[[128.6924,36.3578],[128.6923,36.3582]]}},{"type":"Feature","properties":{},"geometry":{"type":"LineString","coordinates":[[129.3662,36.1951],[129.3663,36.1985]]}},{"type":"Feature","properties":{},"geometry":{"type":"LineString","coordinates":[[129.3663,36.2035],[129.3663,36.2038]]}},{"type":"Feature","properties":{},"geometry":{"type":"LineString","coordinates":[[129.3675,36.2489],[129.3675,36.2498]]}},{"type":"Feature","properties":{},"geometry":{"type":"LineString","coordinates":[[129.3676,36.248],[129.3675,36.2489]]}},{"type":"Feature","properties":{},"geometry":{"type":"LineString","coordinates":[[129.4265,36.8359],[129.4257,36.8376]]}},{"type":"Feature","properties":{},"geometry":{"type":"LineString","coordinates":[[129.4257,36.8376],[129.4253,36.8387]]}},{"type":"Feature","properties":{},"geometry":{"type":"LineString","coordinates":[[129.3391,37.1578],[129.3376,37.1598]]}},{"type":"Feature","properties":{},"geometry":{"type":"LineString","coordinates":[[128.0836,36.7466],[128.0894,36.7429],[128.095,36.7361]]}},{"type":"Feature","properties":{},"geometry":{"type":"LineString","coordinates":[[128.1255,36.7035],[128.127,36.7003]]}},{"type":"Feature","properties":{},"geometry":{"type":"LineString","coordinates":[[128.0806,36.7482],[128.0826,36.7471]]}},{"type":"Feature","properties":{},"geometry":{"type":"LineString","coordinates":[[128.0977,36.7333],[128.1053,36.7254]]}},{"type":"Feature","properties":{},"geometry":{"type":"LineString","coordinates":[[128.1277,36.697],[128.1277,36.6943]]}},{"type":"Feature","properties":{},"geometry":{"type":"LineString","coordinates":[[128.127,36.7003],[128.1277,36.697]]}},{"type":"Feature","properties":{},"geometry":{"type":"LineString","coordinates":[[128.12,36.71],[128.124,36.7057]]}},{"type":"Feature","properties":{},"geometry":{"type":"LineString","coordinates":[[128.1125,36.7179],[128.12,36.71]]}},{"type":"Feature","properties":{},"geometry":{"type":"LineString","coordinates":[[128.1118,36.7186],[128.1125,36.7179]]}},{"type":"Feature","properties":{},"geometry":{"type":"LineString","coordinates":[[128.1073,36.7233],[128.1118,36.7186]]}},{"type":"Feature","properties":{},"geometry":{"type":"LineString","coordinates":[[128.106,36.7246],[128.1073,36.7233]]}},{"type":"Feature","properties":{},"geometry":{"type":"LineString","coordinates":[[128.0967,36.7343],[128.0977,36.7333]]}},{"type":"Feature","properties":{},"geometry":{"type":"LineString","coordinates":[[128.0826,36.7471],[128.0836,36.7466]]}},{"type":"Feature","properties":{},"geometry":{"type":"LineString","coordinates":[[129.2133,37.3899],[129.213,37.3904]]}},{"type":"Feature","properties":{},"geometry":{"type":"LineString","coordinates":[[129.213,37.3904],[129.2124,37.3916]]}},{"type":"Feature","properties":{},"geometry":{"type":"LineString","coordinates":[[129.2124,37.3916],[129.2121,37.3921]]}},{"type":"Feature","properties":{},"geometry":{"type":"LineString","coordinates":[[129.2121,37.3921],[129.2118,37.3925]]}},{"type":"Feature","properties":{},"geometry":{"type":"LineString","coordinates":[[129.2118,37.3925],[129.2116,37.3929]]}},{"type":"Feature","properties":{},"geometry":{"type":"LineString","coordinates":[[129.2116,37.3929],[129.2107,37.394]]}},{"type":"Feature","properties":{},"geometry":{"type":"LineString","coordinates":[[129.2107,37.394],[129.209,37.3961]]}},{"type":"Feature","properties":{},"geometry":{"type":"LineString","coordinates":[[129.2142,37.3878],[129.2133,37.3899]]}},{"type":"Feature","properties":{},"geometry":{"type":"LineString","coordinates":[[129.2151,37.3855],[129.2148,37.3866]]}},{"type":"Feature","properties":{},"geometry":{"type":"LineString","coordinates":[[129.2148,37.3866],[129.2144,37.3875]]}},{"type":"Feature","properties":{},"geometry":{"type":"LineString","coordinates":[[129.2144,37.3875],[129.2142,37.3878]]}},{"type":"Feature","properties":{},"geometry":{"type":"LineString","coordinates":[[129.2277,37.3546],[129.2222,37.362],[129.219,37.3694],[129.2179,37.3739]]}},{"type":"Feature","properties":{},"geometry":{"type":"LineString","coordinates":[[129.2287,37.3535],[129.2277,37.3546]]}},{"type":"Feature","properties":{},"geometry":{"type":"LineString","coordinates":[[129.217,37.3775],[129.2156,37.3837]]}},{"type":"Feature","properties":{},"geometry":{"type":"LineString","coordinates":[[129.2175,37.3754],[129.217,37.3775]]}},{"type":"Feature","properties":{},"geometry":{"type":"LineString","coordinates":[[129.2156,37.3837],[129.2151,37.3855]]}},{"type":"Feature","properties":{},"geometry":{"type":"LineString","coordinates":[[129.2179,37.3739],[129.2175,37.3754]]}},{"type":"Feature","properties":{},"geometry":{"type":"LineString","coordinates":[[129.1955,37.4118],[129.1929,37.4152],[129.1922,37.4181],[129.192,37.4233],[129.1906,37.4256]]}},{"type":"Feature","properties":{},"geometry":{"type":"LineString","coordinates":[[129.209,37.3961],[129.2052,37.4004]]}},{"type":"Feature","properties":{},"geometry":{"type":"LineString","coordinates":[[129.2636,37.3242],[129.2455,37.3393]]}},{"type":"Feature","properties":{},"geometry":{"type":"LineString","coordinates":[[129.273,37.3174],[129.2654,37.3227]]}},{"type":"Feature","properties":{},"geometry":{"type":"LineString","coordinates":[[129.2314,37.3508],[129.2287,37.3535]]}},{"type":"Feature","properties":{},"geometry":{"type":"LineString","coordinates":[[129.2455,37.3393],[129.2385,37.3445]]}},{"type":"Feature","properties":{},"geometry":{"type":"LineString","coordinates":[[129.2385,37.3445],[129.2369,37.3459]]}},{"type":"Feature","properties":{},"geometry":{"type":"LineString","coordinates":[[129.2369,37.3459],[129.2354,37.3473]]}},{"type":"Feature","properties":{},"geometry":{"type":"LineString","coordinates":[[129.2354,37.3473],[129.2328,37.3495]]}},{"type":"Feature","properties":{},"geometry":{"type":"LineString","coordinates":[[129.2328,37.3495],[129.2322,37.3501]]}},{"type":"Feature","properties":{},"geometry":{"type":"LineString","coordinates":[[129.2322,37.3501],[129.2314,37.3508]]}},{"type":"Feature","properties":{},"geometry":{"type":"LineString","coordinates":[[129.285,37.3093],[129.273,37.3174]]}},{"type":"Feature","properties":{},"geometry":{"type":"LineString","coordinates":[[129.2887,37.3056],[129.2866,37.3078]]}},{"type":"Feature","properties":{},"geometry":{"type":"LineString","coordinates":[[129.3692,36.287],[129.3692,36.2881]]}},{"type":"Feature","properties":{},"geometry":{"type":"LineString","coordinates":[[129.3708,36.3193],[129.3708,36.3201]]}},{"type":"Feature","properties":{},"geometry":{"type":"LineString","coordinates":[[129.3743,36.2307],[129.3743,36.2315]]}},{"type":"Feature","properties":{},"geometry":{"type":"LineString","coordinates":[[129.3743,36.2315],[129.3742,36.2323]]}},{"type":"Feature","properties":{},"geometry":{"type":"LineString","coordinates":[[129.3742,36.2286],[129.3743,36.2307]]}},{"type":"Feature","properties":{},"geometry":{"type":"LineString","coordinates":[[129.3742,36.2284],[129.3742,36.2286]]}},{"type":"Feature","properties":{},"geometry":{"type":"LineString","coordinates":[[129.3735,36.2259],[129.3742,36.2284]]}},{"type":"Feature","properties":{},"geometry":{"type":"LineString","coordinates":[[129.3734,36.2255],[129.3735,36.2259]]}},{"type":"Feature","properties":{},"geometry":{"type":"LineString","coordinates":[[129.3726,36.2236],[129.3732,36.2248]]}},{"type":"Feature","properties":{},"geometry":{"type":"LineString","coordinates":[[129.3732,36.2248],[129.3734,36.2255]]}},{"type":"Feature","properties":{},"geometry":{"type":"LineString","coordinates":[[129.3663,36.2059],[129.3664,36.2095]]}},{"type":"Feature","properties":{},"geometry":{"type":"LineString","coordinates":[[129.3664,36.2095],[129.3664,36.2102]]}},{"type":"Feature","properties":{},"geometry":{"type":"LineString","coordinates":[[129.3661,36.1935],[129.3662,36.1951]]}},{"type":"Feature","properties":{},"geometry":{"type":"LineString","coordinates":[[129.3657,36.1549],[129.3658,36.1593]]}},{"type":"Feature","properties":{},"geometry":{"type":"LineString","coordinates":[[129.3658,36.1526],[129.3657,36.1549]]}},{"type":"Feature","properties":{},"geometry":{"type":"LineString","coordinates":[[129.2846,35.4486],[129.2828,35.441],[129.2804,35.437],[129.2786,35.4271]]}},{"type":"Feature","properties":{},"geometry":{"type":"LineString","coordinates":[[129.2785,35.427],[129.2802,35.437],[129.2826,35.4412],[129.2846,35.4487]]}},{"type":"Feature","properties":{},"geometry":{"type":"LineString","coordinates":[[129.0559,35.1623],[129.0563,35.1625]]}},{"type":"Feature","properties":{},"geometry":{"type":"LineString","coordinates":[[129.0571,35.1628],[129.0565,35.1626]]}},{"type":"Feature","properties":{},"geometry":{"type":"LineString","coordinates":[[127.4131,37.5187],[127.4124,37.5187]]}},{"type":"Feature","properties":{},"geometry":{"type":"LineString","coordinates":[[127.4124,37.5187],[127.4131,37.5188]]}},{"type":"Feature","properties":{},"geometry":{"type":"LineString","coordinates":[[127.4134,37.5188],[127.4131,37.5187]]}},{"type":"Feature","properties":{},"geometry":{"type":"LineString","coordinates":[[127.4131,37.5188],[127.4134,37.5188]]}},{"type":"Feature","properties":{},"geometry":{"type":"LineString","coordinates":[[127.0612,37.1005],[127.0608,37.0974]]}},{"type":"Feature","properties":{},"geometry":{"type":"LineString","coordinates":[[127.0608,37.0974],[127.0608,37.0971]]}},{"type":"Feature","properties":{},"geometry":{"type":"LineString","coordinates":[[129.3628,35.5579],[129.3625,35.5561]]}},{"type":"Feature","properties":{},"geometry":{"type":"LineString","coordinates":[[129.3728,35.6108],[129.3719,35.6202]]}},{"type":"Feature","properties":{},"geometry":{"type":"LineString","coordinates":[[129.0767,35.8756],[129.0826,35.8729]]}},{"type":"Feature","properties":{},"geometry":{"type":"LineString","coordinates":[[129.0765,35.8757],[129.0767,35.8756]]}},{"type":"Feature","properties":{},"geometry":{"type":"LineString","coordinates":[[129.0765,35.8757],[129.0741,35.8768]]}},{"type":"Feature","properties":{},"geometry":{"type":"LineString","coordinates":[[129.0767,35.8756],[129.0765,35.8757]]}},{"type":"Feature","properties":{},"geometry":{"type":"LineString","coordinates":[[129.1149,35.8494],[129.1146,35.8497]]}},{"type":"Feature","properties":{},"geometry":{"type":"LineString","coordinates":[[129.1146,35.8498],[129.1149,35.8495]]}},{"type":"Feature","properties":{},"geometry":{"type":"LineString","coordinates":[[129.0954,35.8671],[129.0964,35.8667]]}},{"type":"Feature","properties":{},"geometry":{"type":"LineString","coordinates":[[129.1202,35.844],[129.1212,35.8431]]}},{"type":"Feature","properties":{},"geometry":{"type":"LineString","coordinates":[[129.124,35.8405],[129.1211,35.843]]}},{"type":"Feature","properties":{},"geometry":{"type":"LineString","coordinates":[[127.1151,37.3852],[127.1059,37.3769],[127.1045,37.3748],[127.1037,37.3719]]}},{"type":"Feature","properties":{},"geometry":{"type":"LineString","coordinates":[[127.1039,37.2971],[127.1039,37.2491],[127.1033,37.2452],[127.0963,37.22],[127.0955,37.2073]]}},{"type":"Feature","properties":{},"geometry":{"type":"LineString","coordinates":[[128.4903,35.965],[128.4844,35.9687]]}},{"type":"Feature","properties":{},"geometry":{"type":"LineString","coordinates":[[128.4904,35.965],[128.4929,35.9634]]}},{"type":"Feature","properties":{},"geometry":{"type":"LineString","coordinates":[[129.3622,35.5556],[129.3627,35.5579]]}},{"type":"Feature","properties":{},"geometry":{"type":"LineString","coordinates":[[129.3443,35.5217],[129.3437,35.5208]]}},{"type":"Feature","properties":{},"geometry":{"type":"LineString","coordinates":[[129.0932,35.2896],[129.0698,35.2615],[129.0624,35.25],[129.0545,35.2305],[129.0511,35.2191],[129.0502,35.2118],[129.0522,35.2013]]}},{"type":"Feature","properties":{},"geometry":{"type":"LineString","coordinates":[[129.0521,35.2013],[129.0502,35.2104],[129.0509,35.2189],[129.0545,35.2308],[129.0619,35.2491],[129.0657,35.256],[129.0698,35.2616],[129.0931,35.2897]]}},{"type":"Feature","properties":{},"geometry":{"type":"LineString","coordinates":[[127.5327,34.9423],[127.5152,34.9425]]}},{"type":"Feature","properties":{},"geometry":{"type":"LineString","coordinates":[[127.5152,34.9426],[127.5327,34.9423]]}},{"type":"Feature","properties":{},"geometry":{"type":"LineString","coordinates":[[128.9521,35.9595],[128.9449,35.9593]]}},{"type":"Feature","properties":{},"geometry":{"type":"LineString","coordinates":[[129.0157,35.9603],[129.0158,35.9602]]}},{"type":"Feature","properties":{},"geometry":{"type":"LineString","coordinates":[[129.0158,35.9601],[129.0156,35.9603]]}},{"type":"Feature","properties":{},"geometry":{"type":"LineString","coordinates":[[129.0154,35.9606],[129.0139,35.962]]}},{"type":"Feature","properties":{},"geometry":{"type":"LineString","coordinates":[[129.0158,35.9602],[129.0185,35.9566],[129.0232,35.9464]]}},{"type":"Feature","properties":{},"geometry":{"type":"LineString","coordinates":[[129.0139,35.962],[129.0132,35.9625]]}},{"type":"Feature","properties":{},"geometry":{"type":"LineString","coordinates":[[129.014,35.962],[129.0144,35.9616]]}},{"type":"Feature","properties":{},"geometry":{"type":"LineString","coordinates":[[129.0245,35.9438],[129.0256,35.9411]]}},{"type":"Feature","properties":{},"geometry":{"type":"LineString","coordinates":[[129.0275,35.9368],[129.0287,35.9341]]}},{"type":"Feature","properties":{},"geometry":{"type":"LineString","coordinates":[[129.0256,35.9411],[129.0275,35.9368]]}},{"type":"Feature","properties":{},"geometry":{"type":"LineString","coordinates":[[129.0485,35.9025],[129.0503,35.9001]]}},{"type":"Feature","properties":{},"geometry":{"type":"LineString","coordinates":[[129.0299,35.9314],[129.0304,35.9303]]}},{"type":"Feature","properties":{},"geometry":{"type":"LineString","coordinates":[[129.0292,35.9329],[129.0299,35.9314]]}},{"type":"Feature","properties":{},"geometry":{"type":"LineString","coordinates":[[129.0287,35.9341],[129.0292,35.9329]]}},{"type":"Feature","properties":{},"geometry":{"type":"LineString","coordinates":[[129.0232,35.9464],[129.0245,35.9438]]}},{"type":"Feature","properties":{},"geometry":{"type":"LineString","coordinates":[[129.0525,35.8972],[129.0528,35.8968]]}},{"type":"Feature","properties":{},"geometry":{"type":"LineString","coordinates":[[129.0503,35.9001],[129.0508,35.8995]]}},{"type":"Feature","properties":{},"geometry":{"type":"LineString","coordinates":[[129.0304,35.9303],[129.0368,35.9184],[129.0485,35.9025]]}},{"type":"Feature","properties":{},"geometry":{"type":"LineString","coordinates":[[129.0503,35.9],[129.0485,35.9024]]}},{"type":"Feature","properties":{},"geometry":{"type":"LineString","coordinates":[[129.0507,35.8994],[129.0503,35.9]]}},{"type":"Feature","properties":{},"geometry":{"type":"LineString","coordinates":[[129.0525,35.8972],[129.0507,35.8994]]}},{"type":"Feature","properties":{},"geometry":{"type":"LineString","coordinates":[[129.0485,35.9024],[129.0438,35.9087]]}},{"type":"Feature","properties":{},"geometry":{"type":"LineString","coordinates":[[129.0557,35.893],[129.0578,35.8901]]}},{"type":"Feature","properties":{},"geometry":{"type":"LineString","coordinates":[[129.0578,35.8901],[129.058,35.8898]]}},{"type":"Feature","properties":{},"geometry":{"type":"LineString","coordinates":[[129.055,35.8939],[129.0557,35.893]]}},{"type":"Feature","properties":{},"geometry":{"type":"LineString","coordinates":[[129.0577,35.8901],[129.0557,35.8929]]}},{"type":"Feature","properties":{},"geometry":{"type":"LineString","coordinates":[[129.058,35.8898],[129.0577,35.8901]]}},{"type":"Feature","properties":{},"geometry":{"type":"LineString","coordinates":[[128.9449,35.9593],[128.9455,35.9594]]}},{"type":"Feature","properties":{},"geometry":{"type":"LineString","coordinates":[[126.9488,36.997],[126.9472,36.9931]]}},{"type":"Feature","properties":{},"geometry":{"type":"LineString","coordinates":[[126.9487,36.997],[126.9471,36.9932]]}},{"type":"Feature","properties":{},"geometry":{"type":"LineString","coordinates":[[126.9501,37.0003],[126.9488,36.997]]}},{"type":"Feature","properties":{},"geometry":{"type":"LineString","coordinates":[[126.95,37.0004],[126.9487,36.997]]}},{"type":"Feature","properties":{},"geometry":{"type":"LineString","coordinates":[[126.9463,36.991],[126.943,36.9828]]}},{"type":"Feature","properties":{},"geometry":{"type":"LineString","coordinates":[[126.9463,36.991],[126.9429,36.9828]]}},{"type":"Feature","properties":{},"geometry":{"type":"LineString","coordinates":[[126.943,36.9828],[126.9419,36.9801]]}},{"type":"Feature","properties":{},"geometry":{"type":"LineString","coordinates":[[126.9429,36.9828],[126.9418,36.9801]]}},{"type":"Feature","properties":{},"geometry":{"type":"LineString","coordinates":[[126.9419,36.9801],[126.9408,36.9776]]}},{"type":"Feature","properties":{},"geometry":{"type":"LineString","coordinates":[[126.9418,36.9801],[126.9408,36.9776]]}},{"type":"Feature","properties":{},"geometry":{"type":"LineString","coordinates":[[126.9408,36.9776],[126.9372,36.9687]]}},{"type":"Feature","properties":{},"geometry":{"type":"LineString","coordinates":[[126.7868,37.3025],[126.7855,37.2993]]}},{"type":"Feature","properties":{},"geometry":{"type":"LineString","coordinates":[[126.7868,37.2451],[126.7868,37.2447]]}},{"type":"Feature","properties":{},"geometry":{"type":"LineString","coordinates":[[126.7868,37.2497],[126.7868,37.248]]}},{"type":"Feature","properties":{},"geometry":{"type":"LineString","coordinates":[[126.7869,37.2451],[126.7869,37.2447]]}},{"type":"Feature","properties":{},"geometry":{"type":"LineString","coordinates":[[126.7869,37.2475],[126.7869,37.2451]]}},{"type":"Feature","properties":{},"geometry":{"type":"LineString","coordinates":[[126.7883,37.2359],[126.789,37.2346]]}},{"type":"Feature","properties":{},"geometry":{"type":"LineString","coordinates":[[126.7882,37.236],[126.7883,37.2359]]}},{"type":"Feature","properties":{},"geometry":{"type":"LineString","coordinates":[[126.7882,37.2359],[126.7889,37.2346]]}},{"type":"Feature","properties":{},"geometry":{"type":"LineString","coordinates":[[126.7881,37.236],[126.7882,37.2359]]}},{"type":"Feature","properties":{},"geometry":{"type":"LineString","coordinates":[[126.8371,37.1724],[126.8393,37.1714]]}},{"type":"Feature","properties":{},"geometry":{"type":"LineString","coordinates":[[126.836,37.173],[126.8371,37.1724]]}},{"type":"Feature","properties":{},"geometry":{"type":"LineString","coordinates":[[126.8361,37.1731],[126.8371,37.1725]]}},{"type":"Feature","properties":{},"geometry":{"type":"LineString","coordinates":[[126.8371,37.1725],[126.8393,37.1714]]}},{"type":"Feature","properties":{},"geometry":{"type":"LineString","coordinates":[[126.8393,37.1714],[126.8429,37.17]]}},{"type":"Feature","properties":{},"geometry":{"type":"LineString","coordinates":[[126.8393,37.1714],[126.843,37.17]]}},{"type":"Feature","properties":{},"geometry":{"type":"LineString","coordinates":[[126.8429,37.17],[126.8465,37.1689]]}},{"type":"Feature","properties":{},"geometry":{"type":"LineString","coordinates":[[126.843,37.17],[126.8465,37.169]]}},{"type":"Feature","properties":{},"geometry":{"type":"LineString","coordinates":[[126.8465,37.1689],[126.8471,37.1688]]}},{"type":"Feature","properties":{},"geometry":{"type":"LineString","coordinates":[[126.8465,37.169],[126.8472,37.1688]]}},{"type":"Feature","properties":{},"geometry":{"type":"LineString","coordinates":[[126.8471,37.1688],[126.851,37.1676]]}},{"type":"Feature","properties":{},"geometry":{"type":"LineString","coordinates":[[126.8472,37.1688],[126.851,37.1677]]}},{"type":"Feature","properties":{},"geometry":{"type":"LineString","coordinates":[[126.851,37.1676],[126.8606,37.1643]]}},{"type":"Feature","properties":{},"geometry":{"type":"LineString","coordinates":[[126.851,37.1677],[126.8606,37.1644]]}},{"type":"Feature","properties":{},"geometry":{"type":"LineString","coordinates":[[126.8606,37.1643],[126.8613,37.164]]}},{"type":"Feature","properties":{},"geometry":{"type":"LineString","coordinates":[[126.8606,37.1644],[126.8614,37.164]]}},{"type":"Feature","properties":{},"geometry":{"type":"LineString","coordinates":[[126.8613,37.164],[126.8651,37.1618]]}},{"type":"Feature","properties":{},"geometry":{"type":"LineString","coordinates":[[126.8614,37.164],[126.8652,37.1619]]}},{"type":"Feature","properties":{},"geometry":{"type":"LineString","coordinates":[[126.8679,37.1599],[126.8685,37.1595]]}},{"type":"Feature","properties":{},"geometry":{"type":"LineString","coordinates":[[126.8679,37.16],[126.8686,37.1595]]}},{"type":"Feature","properties":{},"geometry":{"type":"LineString","coordinates":[[126.8685,37.1595],[126.8747,37.1532]]}},{"type":"Feature","properties":{},"geometry":{"type":"LineString","coordinates":[[126.8686,37.1595],[126.8747,37.1532]]}},{"type":"Feature","properties":{},"geometry":{"type":"LineString","coordinates":[[126.8747,37.1532],[126.8761,37.1514]]}},{"type":"Feature","properties":{},"geometry":{"type":"LineString","coordinates":[[126.8747,37.1532],[126.8762,37.1514]]}},{"type":"Feature","properties":{},"geometry":{"type":"LineString","coordinates":[[126.8762,37.1514],[126.8764,37.1512]]}},{"type":"Feature","properties":{},"geometry":{"type":"LineString","coordinates":[[126.8761,37.1514],[126.8763,37.1511]]}},{"type":"Feature","properties":{},"geometry":{"type":"LineString","coordinates":[[126.8764,37.1512],[126.8789,37.148]]}},{"type":"Feature","properties":{},"geometry":{"type":"LineString","coordinates":[[126.8763,37.1511],[126.8789,37.148]]}},{"type":"Feature","properties":{},"geometry":{"type":"LineString","coordinates":[[126.8789,37.148],[126.8879,37.1367]]}},{"type":"Feature","properties":{},"geometry":{"type":"LineString","coordinates":[[126.8789,37.148],[126.888,37.1367]]}},{"type":"Feature","properties":{},"geometry":{"type":"LineString","coordinates":[[126.8885,37.1361],[126.8944,37.1307]]}},{"type":"Feature","properties":{},"geometry":{"type":"LineString","coordinates":[[126.8884,37.1361],[126.8944,37.1306]]}},{"type":"Feature","properties":{},"geometry":{"type":"LineString","coordinates":[[126.8879,37.1367],[126.8884,37.1361]]}},{"type":"Feature","properties":{},"geometry":{"type":"LineString","coordinates":[[126.888,37.1367],[126.8885,37.1361]]}},{"type":"Feature","properties":{},"geometry":{"type":"LineString","coordinates":[[126.8944,37.1306],[126.8955,37.1298]]}},{"type":"Feature","properties":{},"geometry":{"type":"LineString","coordinates":[[126.8944,37.1307],[126.8955,37.1299]]}},{"type":"Feature","properties":{},"geometry":{"type":"LineString","coordinates":[[126.9061,37.125],[126.9085,37.1243]]}},{"type":"Feature","properties":{},"geometry":{"type":"LineString","coordinates":[[126.9085,37.1243],[126.9217,37.1201]]}},{"type":"Feature","properties":{},"geometry":{"type":"LineString","coordinates":[[126.9256,37.1187],[126.928,37.1179]]}},{"type":"Feature","properties":{},"geometry":{"type":"LineString","coordinates":[[126.9256,37.1188],[126.928,37.1179]]}},{"type":"Feature","properties":{},"geometry":{"type":"LineString","coordinates":[[126.9217,37.1201],[126.9256,37.1187]]}},{"type":"Feature","properties":{},"geometry":{"type":"LineString","coordinates":[[126.9217,37.1201],[126.9256,37.1188]]}},{"type":"Feature","properties":{},"geometry":{"type":"LineString","coordinates":[[126.928,37.1179],[126.9391,37.1125]]}},{"type":"Feature","properties":{},"geometry":{"type":"LineString","coordinates":[[126.928,37.1179],[126.9392,37.1126]]}},{"type":"Feature","properties":{},"geometry":{"type":"LineString","coordinates":[[126.9391,37.1125],[126.9413,37.111]]}},{"type":"Feature","properties":{},"geometry":{"type":"LineString","coordinates":[[126.9392,37.1126],[126.9414,37.111]]}},{"type":"Feature","properties":{},"geometry":{"type":"LineString","coordinates":[[126.9085,37.1243],[126.9217,37.1201]]}},{"type":"Feature","properties":{},"geometry":{"type":"LineString","coordinates":[[126.9451,37.1079],[126.9514,37.1002]]}},{"type":"Feature","properties":{},"geometry":{"type":"LineString","coordinates":[[126.9512,37.1002],[126.953,37.0969]]}},{"type":"Feature","properties":{},"geometry":{"type":"LineString","coordinates":[[126.9514,37.1002],[126.9531,37.0969]]}},{"type":"Feature","properties":{},"geometry":{"type":"LineString","coordinates":[[126.9531,37.0969],[126.957,37.08]]}},{"type":"Feature","properties":{},"geometry":{"type":"LineString","coordinates":[[126.953,37.0969],[126.957,37.08]]}},{"type":"Feature","properties":{},"geometry":{"type":"LineString","coordinates":[[126.957,37.08],[126.9573,37.0778]]}},{"type":"Feature","properties":{},"geometry":{"type":"LineString","coordinates":[[126.957,37.08],[126.9573,37.0778]]}},{"type":"Feature","properties":{},"geometry":{"type":"LineString","coordinates":[[126.9573,37.0778],[126.9574,37.0773]]}},{"type":"Feature","properties":{},"geometry":{"type":"LineString","coordinates":[[126.9573,37.0778],[126.9574,37.0773]]}},{"type":"Feature","properties":{},"geometry":{"type":"LineString","coordinates":[[126.9574,37.0773],[126.9582,37.0731]]}},{"type":"Feature","properties":{},"geometry":{"type":"LineString","coordinates":[[126.9574,37.0773],[126.9581,37.0731]]}},{"type":"Feature","properties":{},"geometry":{"type":"LineString","coordinates":[[126.9582,37.0731],[126.959,37.0694]]}},{"type":"Feature","properties":{},"geometry":{"type":"LineString","coordinates":[[126.9581,37.0731],[126.9589,37.0693]]}},{"type":"Feature","properties":{},"geometry":{"type":"LineString","coordinates":[[126.959,37.0694],[126.9606,37.062]]}},{"type":"Feature","properties":{},"geometry":{"type":"LineString","coordinates":[[126.9589,37.0693],[126.9606,37.062]]}},{"type":"Feature","properties":{},"geometry":{"type":"LineString","coordinates":[[126.9606,37.062],[126.9615,37.058]]}},{"type":"Feature","properties":{},"geometry":{"type":"LineString","coordinates":[[126.9606,37.062],[126.9614,37.058]]}},{"type":"Feature","properties":{},"geometry":{"type":"LineString","coordinates":[[126.9615,37.058],[126.9616,37.0575]]}},{"type":"Feature","properties":{},"geometry":{"type":"LineString","coordinates":[[126.9614,37.058],[126.9615,37.0575]]}},{"type":"Feature","properties":{},"geometry":{"type":"LineString","coordinates":[[126.9616,37.0575],[126.9633,37.049]]}},{"type":"Feature","properties":{},"geometry":{"type":"LineString","coordinates":[[126.9615,37.0575],[126.9633,37.0489]]}},{"type":"Feature","properties":{},"geometry":{"type":"LineString","coordinates":[[126.9633,37.049],[126.9636,37.0416],[126.9626,37.0369],[126.9607,37.0322]]}},{"type":"Feature","properties":{},"geometry":{"type":"LineString","coordinates":[[126.9633,37.0489],[126.9635,37.0417],[126.9625,37.0369],[126.9607,37.0322]]}},{"type":"Feature","properties":{},"geometry":{"type":"LineString","coordinates":[[126.9607,37.0322],[126.9602,37.0308]]}},{"type":"Feature","properties":{},"geometry":{"type":"LineString","coordinates":[[126.9607,37.0322],[126.9602,37.0308]]}},{"type":"Feature","properties":{},"geometry":{"type":"LineString","coordinates":[[126.9602,37.0308],[126.9589,37.0278]]}},{"type":"Feature","properties":{},"geometry":{"type":"LineString","coordinates":[[126.9602,37.0308],[126.9589,37.0278]]}},{"type":"Feature","properties":{},"geometry":{"type":"LineString","coordinates":[[126.9589,37.0278],[126.958,37.0257]]}},{"type":"Feature","properties":{},"geometry":{"type":"LineString","coordinates":[[126.9589,37.0278],[126.958,37.0258]]}},{"type":"Feature","properties":{},"geometry":{"type":"LineString","coordinates":[[126.958,37.0257],[126.9571,37.0235]]}},{"type":"Feature","properties":{},"geometry":{"type":"LineString","coordinates":[[126.958,37.0258],[126.957,37.0235]]}},{"type":"Feature","properties":{},"geometry":{"type":"LineString","coordinates":[[126.957,37.0235],[126.9565,37.022]]}},{"type":"Feature","properties":{},"geometry":{"type":"LineString","coordinates":[[126.9571,37.0235],[126.9565,37.022]]}},{"type":"Feature","properties":{},"geometry":{"type":"LineString","coordinates":[[126.9565,37.022],[126.9536,37.0128]]}},{"type":"Feature","properties":{},"geometry":{"type":"LineString","coordinates":[[126.9565,37.022],[126.9536,37.0129]]}},{"type":"Feature","properties":{},"geometry":{"type":"LineString","coordinates":[[126.9536,37.0128],[126.9527,37.0093]]}},{"type":"Feature","properties":{},"geometry":{"type":"LineString","coordinates":[[126.9536,37.0129],[126.9526,37.0093]]}},{"type":"Feature","properties":{},"geometry":{"type":"LineString","coordinates":[[126.9527,37.0093],[126.9501,37.0003]]}},{"type":"Feature","properties":{},"geometry":{"type":"LineString","coordinates":[[126.9526,37.0093],[126.95,37.0004]]}},{"type":"Feature","properties":{},"geometry":{"type":"LineString","coordinates":[[126.9366,36.9672],[126.9326,36.9576]]}},{"type":"Feature","properties":{},"geometry":{"type":"LineString","coordinates":[[126.9408,36.9776],[126.9365,36.9672]]}},{"type":"Feature","properties":{},"geometry":{"type":"LineString","coordinates":[[126.9326,36.9576],[126.9324,36.9571]]}},{"type":"Feature","properties":{},"geometry":{"type":"LineString","coordinates":[[126.9326,36.9576],[126.9324,36.9571]]}},{"type":"Feature","properties":{},"geometry":{"type":"LineString","coordinates":[[126.9324,36.9571],[126.9309,36.9515],[126.9304,36.9457]]}},{"type":"Feature","properties":{},"geometry":{"type":"LineString","coordinates":[[126.9324,36.9571],[126.9307,36.9514],[126.9303,36.9457]]}},{"type":"Feature","properties":{},"geometry":{"type":"LineString","coordinates":[[126.9303,36.9457],[126.9307,36.9399]]}},{"type":"Feature","properties":{},"geometry":{"type":"LineString","coordinates":[[126.9337,36.8759],[126.9334,36.8742]]}},{"type":"Feature","properties":{},"geometry":{"type":"LineString","coordinates":[[126.9336,36.8759],[126.9334,36.8742]]}},{"type":"Feature","properties":{},"geometry":{"type":"LineString","coordinates":[[126.9304,36.9457],[126.9338,36.882],[126.9337,36.8759]]}},{"type":"Feature","properties":{},"geometry":{"type":"LineString","coordinates":[[126.8984,36.8436],[126.897,36.8432]]}},{"type":"Feature","properties":{},"geometry":{"type":"LineString","coordinates":[[126.8983,36.8437],[126.8969,36.8432]]}},{"type":"Feature","properties":{},"geometry":{"type":"LineString","coordinates":[[126.897,36.8432],[126.8946,36.8425]]}},{"type":"Feature","properties":{},"geometry":{"type":"LineString","coordinates":[[126.8969,36.8432],[126.8946,36.8425]]}},{"type":"Feature","properties":{},"geometry":{"type":"LineString","coordinates":[[126.8946,36.8425],[126.8929,36.8419]]}},{"type":"Feature","properties":{},"geometry":{"type":"LineString","coordinates":[[126.8946,36.8425],[126.8929,36.842]]}},{"type":"Feature","properties":{},"geometry":{"type":"LineString","coordinates":[[126.8919,36.8416],[126.8867,36.84]]}},{"type":"Feature","properties":{},"geometry":{"type":"LineString","coordinates":[[126.8919,36.8417],[126.8866,36.84]]}},{"type":"Feature","properties":{},"geometry":{"type":"LineString","coordinates":[[126.8795,36.8378],[126.876,36.8367]]}},{"type":"Feature","properties":{},"geometry":{"type":"LineString","coordinates":[[126.8795,36.8378],[126.876,36.8367]]}},{"type":"Feature","properties":{},"geometry":{"type":"LineString","coordinates":[[126.8836,36.8391],[126.8809,36.8382]]}},{"type":"Feature","properties":{},"geometry":{"type":"LineString","coordinates":[[126.8867,36.84],[126.8848,36.8394]]}},{"type":"Feature","properties":{},"geometry":{"type":"LineString","coordinates":[[126.8836,36.8391],[126.8808,36.8383]]}},{"type":"Feature","properties":{},"geometry":{"type":"LineString","coordinates":[[126.8866,36.84],[126.8848,36.8395]]}},{"type":"Feature","properties":{},"geometry":{"type":"LineString","coordinates":[[126.8809,36.8382],[126.8795,36.8378]]}},{"type":"Feature","properties":{},"geometry":{"type":"LineString","coordinates":[[126.8808,36.8383],[126.8795,36.8378]]}},{"type":"Feature","properties":{},"geometry":{"type":"LineString","coordinates":[[126.876,36.8367],[126.8486,36.8282],[126.8406,36.8247],[126.8103,36.8044]]}},{"type":"Feature","properties":{},"geometry":{"type":"LineString","coordinates":[[126.876,36.8367],[126.8488,36.8283],[126.8405,36.8247],[126.8102,36.8044]]}},{"type":"Feature","properties":{},"geometry":{"type":"LineString","coordinates":[[126.8037,36.7999],[126.801,36.7981]]}},{"type":"Feature","properties":{},"geometry":{"type":"LineString","coordinates":[[126.8036,36.8],[126.801,36.7982]]}},{"type":"Feature","properties":{},"geometry":{"type":"LineString","coordinates":[[126.8008,36.798],[126.7953,36.7942]]}},{"type":"Feature","properties":{},"geometry":{"type":"LineString","coordinates":[[126.801,36.7981],[126.8008,36.798]]}},{"type":"Feature","properties":{},"geometry":{"type":"LineString","coordinates":[[126.8007,36.798],[126.7952,36.7942]]}},{"type":"Feature","properties":{},"geometry":{"type":"LineString","coordinates":[[126.801,36.7982],[126.8007,36.798]]}},{"type":"Feature","properties":{},"geometry":{"type":"LineString","coordinates":[[126.795,36.794],[126.7925,36.7923]]}},{"type":"Feature","properties":{},"geometry":{"type":"LineString","coordinates":[[126.7953,36.7942],[126.795,36.794]]}},{"type":"Feature","properties":{},"geometry":{"type":"LineString","coordinates":[[126.795,36.7941],[126.7925,36.7924]]}},{"type":"Feature","properties":{},"geometry":{"type":"LineString","coordinates":[[126.7952,36.7942],[126.795,36.7941]]}},{"type":"Feature","properties":{},"geometry":{"type":"LineString","coordinates":[[126.7925,36.7923],[126.7893,36.7901]]}},{"type":"Feature","properties":{},"geometry":{"type":"LineString","coordinates":[[126.7925,36.7924],[126.7893,36.7901]]}},{"type":"Feature","properties":{},"geometry":{"type":"LineString","coordinates":[[126.7893,36.7901],[126.787,36.7885]]}},{"type":"Feature","properties":{},"geometry":{"type":"LineString","coordinates":[[126.7893,36.7901],[126.7869,36.7885]]}},{"type":"Feature","properties":{},"geometry":{"type":"LineString","coordinates":[[126.787,36.7885],[126.7787,36.781]]}},{"type":"Feature","properties":{},"geometry":{"type":"LineString","coordinates":[[126.7869,36.7885],[126.7786,36.7811]]}},{"type":"Feature","properties":{},"geometry":{"type":"LineString","coordinates":[[126.7787,36.781],[126.7707,36.7701]]}},{"type":"Feature","properties":{},"geometry":{"type":"LineString","coordinates":[[126.7786,36.7811],[126.7706,36.7701]]}},{"type":"Feature","properties":{},"geometry":{"type":"LineString","coordinates":[[126.7707,36.7701],[126.766,36.7633]]}},{"type":"Feature","properties":{},"geometry":{"type":"LineString","coordinates":[[126.7706,36.7701],[126.7692,36.7682]]}},{"type":"Feature","properties":{},"geometry":{"type":"LineString","coordinates":[[126.7659,36.7633],[126.765,36.7619]]}},{"type":"Feature","properties":{},"geometry":{"type":"LineString","coordinates":[[126.766,36.7633],[126.765,36.7619]]}},{"type":"Feature","properties":{},"geometry":{"type":"LineString","coordinates":[[126.7692,36.7682],[126.7659,36.7633]]}},{"type":"Feature","properties":{},"geometry":{"type":"LineString","coordinates":[[126.765,36.7619],[126.7573,36.7507]]}},{"type":"Feature","properties":{},"geometry":{"type":"LineString","coordinates":[[126.765,36.7619],[126.7573,36.7507]]}},{"type":"Feature","properties":{},"geometry":{"type":"LineString","coordinates":[[126.7573,36.7507],[126.7567,36.7498]]}},{"type":"Feature","properties":{},"geometry":{"type":"LineString","coordinates":[[126.7573,36.7507],[126.7567,36.7498]]}},{"type":"Feature","properties":{},"geometry":{"type":"LineString","coordinates":[[126.7567,36.7498],[126.7522,36.7432]]}},{"type":"Feature","properties":{},"geometry":{"type":"LineString","coordinates":[[126.7567,36.7498],[126.7521,36.7432]]}},{"type":"Feature","properties":{},"geometry":{"type":"LineString","coordinates":[[126.7522,36.7432],[126.7476,36.7366]]}},{"type":"Feature","properties":{},"geometry":{"type":"LineString","coordinates":[[126.7521,36.7432],[126.7476,36.7366]]}},{"type":"Feature","properties":{},"geometry":{"type":"LineString","coordinates":[[126.7476,36.7366],[126.7432,36.7301]]}},{"type":"Feature","properties":{},"geometry":{"type":"LineString","coordinates":[[126.7476,36.7366],[126.7432,36.7301]]}},{"type":"Feature","properties":{},"geometry":{"type":"LineString","coordinates":[[126.7432,36.7301],[126.7384,36.7227],[126.7348,36.715]]}},{"type":"Feature","properties":{},"geometry":{"type":"LineString","coordinates":[[126.7432,36.7301],[126.7384,36.7228],[126.7347,36.715]]}},{"type":"Feature","properties":{},"geometry":{"type":"LineString","coordinates":[[126.7348,36.715],[126.7327,36.7101]]}},{"type":"Feature","properties":{},"geometry":{"type":"LineString","coordinates":[[126.7347,36.715],[126.7326,36.7102]]}},{"type":"Feature","properties":{},"geometry":{"type":"LineString","coordinates":[[126.7319,36.7085],[126.7278,36.6993]]}},{"type":"Feature","properties":{},"geometry":{"type":"LineString","coordinates":[[126.7327,36.7101],[126.7319,36.7085]]}},{"type":"Feature","properties":{},"geometry":{"type":"LineString","coordinates":[[126.7319,36.7085],[126.7277,36.6993]]}},{"type":"Feature","properties":{},"geometry":{"type":"LineString","coordinates":[[126.7326,36.7102],[126.7319,36.7085]]}},{"type":"Feature","properties":{},"geometry":{"type":"LineString","coordinates":[[126.7278,36.6993],[126.716,36.673]]}},{"type":"Feature","properties":{},"geometry":{"type":"LineString","coordinates":[[126.7277,36.6993],[126.716,36.673]]}},{"type":"Feature","properties":{},"geometry":{"type":"LineString","coordinates":[[126.716,36.673],[126.7129,36.666]]}},{"type":"Feature","properties":{},"geometry":{"type":"LineString","coordinates":[[126.716,36.673],[126.7129,36.666]]}},{"type":"Feature","properties":{},"geometry":{"type":"LineString","coordinates":[[126.7124,36.6647],[126.7114,36.6627]]}},{"type":"Feature","properties":{},"geometry":{"type":"LineString","coordinates":[[126.7129,36.666],[126.7124,36.6647]]}},{"type":"Feature","properties":{},"geometry":{"type":"LineString","coordinates":[[126.7123,36.6647],[126.7114,36.6627]]}},{"type":"Feature","properties":{},"geometry":{"type":"LineString","coordinates":[[126.7129,36.666],[126.7123,36.6647]]}},{"type":"Feature","properties":{},"geometry":{"type":"LineString","coordinates":[[126.7113,36.6625],[126.7104,36.6606]]}},{"type":"Feature","properties":{},"geometry":{"type":"LineString","coordinates":[[126.7114,36.6627],[126.7113,36.6625]]}},{"type":"Feature","properties":{},"geometry":{"type":"LineString","coordinates":[[126.7113,36.6626],[126.7104,36.6606]]}},{"type":"Feature","properties":{},"geometry":{"type":"LineString","coordinates":[[126.7114,36.6627],[126.7113,36.6626]]}},{"type":"Feature","properties":{},"geometry":{"type":"LineString","coordinates":[[126.7104,36.6606],[126.7041,36.6498]]}},{"type":"Feature","properties":{},"geometry":{"type":"LineString","coordinates":[[126.7104,36.6606],[126.7041,36.6498]]}},{"type":"Feature","properties":{},"geometry":{"type":"LineString","coordinates":[[126.7041,36.6498],[126.7033,36.6484]]}},{"type":"Feature","properties":{},"geometry":{"type":"LineString","coordinates":[[126.7041,36.6498],[126.7032,36.6484]]}},{"type":"Feature","properties":{},"geometry":{"type":"LineString","coordinates":[[126.7033,36.6484],[126.6944,36.6317]]}},{"type":"Feature","properties":{},"geometry":{"type":"LineString","coordinates":[[126.7032,36.6484],[126.6942,36.6317]]}},{"type":"Feature","properties":{},"geometry":{"type":"LineString","coordinates":[[126.6944,36.6317],[126.6913,36.6274]]}},{"type":"Feature","properties":{},"geometry":{"type":"LineString","coordinates":[[126.6942,36.6317],[126.6913,36.6274]]}},{"type":"Feature","properties":{},"geometry":{"type":"LineString","coordinates":[[126.6913,36.6274],[126.6852,36.6183]]}},{"type":"Feature","properties":{},"geometry":{"type":"LineString","coordinates":[[126.6913,36.6274],[126.6852,36.6184]]}},{"type":"Feature","properties":{},"geometry":{"type":"LineString","coordinates":[[126.6828,36.6128],[126.6824,36.6113]]}},{"type":"Feature","properties":{},"geometry":{"type":"LineString","coordinates":[[126.6827,36.6128],[126.6823,36.6113]]}},{"type":"Feature","properties":{},"geometry":{"type":"LineString","coordinates":[[126.6829,36.6131],[126.6828,36.6128]]}},{"type":"Feature","properties":{},"geometry":{"type":"LineString","coordinates":[[126.6852,36.6183],[126.6836,36.6151]]}},{"type":"Feature","properties":{},"geometry":{"type":"LineString","coordinates":[[126.6828,36.6132],[126.6827,36.6128]]}},{"type":"Feature","properties":{},"geometry":{"type":"LineString","coordinates":[[126.6852,36.6184],[126.6836,36.6151]]}},{"type":"Feature","properties":{},"geometry":{"type":"LineString","coordinates":[[126.682,36.6093],[126.6819,36.6089]]}},{"type":"Feature","properties":{},"geometry":{"type":"LineString","coordinates":[[126.6824,36.6113],[126.682,36.6093]]}},{"type":"Feature","properties":{},"geometry":{"type":"LineString","coordinates":[[126.6819,36.6094],[126.6818,36.6089]]}},{"type":"Feature","properties":{},"geometry":{"type":"LineString","coordinates":[[126.6823,36.6113],[126.6819,36.6094]]}},{"type":"Feature","properties":{},"geometry":{"type":"LineString","coordinates":[[126.6818,36.6085],[126.6815,36.606]]}},{"type":"Feature","properties":{},"geometry":{"type":"LineString","coordinates":[[126.6819,36.6089],[126.6818,36.6085]]}},{"type":"Feature","properties":{},"geometry":{"type":"LineString","coordinates":[[126.6817,36.6085],[126.6814,36.606]]}},{"type":"Feature","properties":{},"geometry":{"type":"LineString","coordinates":[[126.6818,36.6089],[126.6817,36.6085]]}},{"type":"Feature","properties":{},"geometry":{"type":"LineString","coordinates":[[126.6812,36.6027],[126.6809,36.5977]]}},{"type":"Feature","properties":{},"geometry":{"type":"LineString","coordinates":[[126.6815,36.606],[126.6812,36.6027]]}},{"type":"Feature","properties":{},"geometry":{"type":"LineString","coordinates":[[126.6812,36.6027],[126.6808,36.5979]]}},{"type":"Feature","properties":{},"geometry":{"type":"LineString","coordinates":[[126.6814,36.606],[126.6812,36.6027]]}},{"type":"Feature","properties":{},"geometry":{"type":"LineString","coordinates":[[126.7852,37.2994],[126.7867,37.3026]]}},{"type":"Feature","properties":{},"geometry":{"type":"LineString","coordinates":[[127.5121,37.2491],[127.5124,37.2582]]}},{"type":"Feature","properties":{},"geometry":{"type":"LineString","coordinates":[[127.9066,37.0455],[127.9089,37.0436]]}},{"type":"Feature","properties":{},"geometry":{"type":"LineString","coordinates":[[127.8967,37.0535],[127.897,37.0532]]}},{"type":"Feature","properties":{},"geometry":{"type":"LineString","coordinates":[[127.8903,37.0587],[127.8967,37.0535]]}},{"type":"Feature","properties":{},"geometry":{"type":"LineString","coordinates":[[127.9006,37.0504],[127.9066,37.0455]]}},{"type":"Feature","properties":{},"geometry":{"type":"LineString","coordinates":[[127.867,37.0677],[127.8757,37.0667]]}},{"type":"Feature","properties":{},"geometry":{"type":"LineString","coordinates":[[127.8649,37.0679],[127.8653,37.0679]]}},{"type":"Feature","properties":{},"geometry":{"type":"LineString","coordinates":[[127.864,37.068],[127.8649,37.0679]]}},{"type":"Feature","properties":{},"geometry":{"type":"LineString","coordinates":[[127.8593,37.0685],[127.864,37.068]]}},{"type":"Feature","properties":{},"geometry":{"type":"LineString","coordinates":[[127.8573,37.0687],[127.8593,37.0685]]}},{"type":"Feature","properties":{},"geometry":{"type":"LineString","coordinates":[[127.8433,37.0701],[127.8548,37.0689]]}},{"type":"Feature","properties":{},"geometry":{"type":"LineString","coordinates":[[127.8421,37.0702],[127.8433,37.0701]]}},{"type":"Feature","properties":{},"geometry":{"type":"LineString","coordinates":[[127.8404,37.0704],[127.8421,37.0702]]}},{"type":"Feature","properties":{},"geometry":{"type":"LineString","coordinates":[[127.8395,37.0705],[127.8404,37.0704]]}},{"type":"Feature","properties":{},"geometry":{"type":"LineString","coordinates":[[127.8353,37.0709],[127.8395,37.0705]]}},{"type":"Feature","properties":{},"geometry":{"type":"LineString","coordinates":[[127.8324,37.0714],[127.8331,37.0712]]}},{"type":"Feature","properties":{},"geometry":{"type":"LineString","coordinates":[[127.8331,37.0712],[127.8353,37.0709]]}},{"type":"Feature","properties":{},"geometry":{"type":"LineString","coordinates":[[127.7991,37.0852],[127.8159,37.076],[127.8246,37.073],[127.8324,37.0714]]}},{"type":"Feature","properties":{},"geometry":{"type":"LineString","coordinates":[[127.7982,37.0857],[127.7991,37.0852]]}},{"type":"Feature","properties":{},"geometry":{"type":"LineString","coordinates":[[127.7958,37.0871],[127.7982,37.0857]]}},{"type":"Feature","properties":{},"geometry":{"type":"LineString","coordinates":[[127.7915,37.0895],[127.7958,37.0871]]}},{"type":"Feature","properties":{},"geometry":{"type":"LineString","coordinates":[[127.7836,37.0941],[127.7899,37.0904]]}},{"type":"Feature","properties":{},"geometry":{"type":"LineString","coordinates":[[127.791,37.0898],[127.7915,37.0895]]}},{"type":"Feature","properties":{},"geometry":{"type":"LineString","coordinates":[[127.7836,37.0941],[127.7899,37.0904]]}},{"type":"Feature","properties":{},"geometry":{"type":"LineString","coordinates":[[127.7817,37.0951],[127.7824,37.0947]]}},{"type":"Feature","properties":{},"geometry":{"type":"LineString","coordinates":[[127.7774,37.0971],[127.7817,37.0951]]}},{"type":"Feature","properties":{},"geometry":{"type":"LineString","coordinates":[[127.7762,37.0975],[127.7774,37.0971]]}},{"type":"Feature","properties":{},"geometry":{"type":"LineString","coordinates":[[127.773,37.0983],[127.7762,37.0975]]}},{"type":"Feature","properties":{},"geometry":{"type":"LineString","coordinates":[[127.7655,37.0988],[127.7721,37.0984]]}},{"type":"Feature","properties":{},"geometry":{"type":"LineString","coordinates":[[127.7721,37.0984],[127.773,37.0983]]}},{"type":"Feature","properties":{},"geometry":{"type":"LineString","coordinates":[[127.6677,37.1063],[127.6736,37.1035],[127.6799,37.1021],[127.7655,37.0988]]}},{"type":"Feature","properties":{},"geometry":{"type":"LineString","coordinates":[[127.6648,37.1086],[127.6677,37.1063]]}},{"type":"Feature","properties":{},"geometry":{"type":"LineString","coordinates":[[127.6633,37.1099],[127.6648,37.1086]]}},{"type":"Feature","properties":{},"geometry":{"type":"LineString","coordinates":[[127.6579,37.1146],[127.6633,37.1099]]}},{"type":"Feature","properties":{},"geometry":{"type":"LineString","coordinates":[[127.6531,37.1188],[127.6575,37.115]]}},{"type":"Feature","properties":{},"geometry":{"type":"LineString","coordinates":[[127.648,37.1225],[127.65,37.1213]]}},{"type":"Feature","properties":{},"geometry":{"type":"LineString","coordinates":[[127.6502,37.1212],[127.6531,37.1188]]}},{"type":"Feature","properties":{},"geometry":{"type":"LineString","coordinates":[[127.635,37.1271],[127.648,37.1225]]}},{"type":"Feature","properties":{},"geometry":{"type":"LineString","coordinates":[[127.6347,37.1274],[127.635,37.1273]]}},{"type":"Feature","properties":{},"geometry":{"type":"LineString","coordinates":[[127.6327,37.128],[127.6347,37.1274]]}},{"type":"Feature","properties":{},"geometry":{"type":"LineString","coordinates":[[127.635,37.1273],[127.6396,37.1257]]}},{"type":"Feature","properties":{},"geometry":{"type":"LineString","coordinates":[[127.6346,37.1273],[127.635,37.1271]]}},{"type":"Feature","properties":{},"geometry":{"type":"LineString","coordinates":[[127.6322,37.1281],[127.6346,37.1273]]}},{"type":"Feature","properties":{},"geometry":{"type":"LineString","coordinates":[[127.6283,37.1294],[127.6322,37.1281]]}},{"type":"Feature","properties":{},"geometry":{"type":"LineString","coordinates":[[127.621,37.1319],[127.6264,37.13]]}},{"type":"Feature","properties":{},"geometry":{"type":"LineString","coordinates":[[127.6194,37.1326],[127.621,37.1319]]}},{"type":"Feature","properties":{},"geometry":{"type":"LineString","coordinates":[[127.6169,37.1339],[127.6194,37.1326]]}},{"type":"Feature","properties":{},"geometry":{"type":"LineString","coordinates":[[127.6164,37.1342],[127.6169,37.1339]]}},{"type":"Feature","properties":{},"geometry":{"type":"LineString","coordinates":[[127.6118,37.1384],[127.6164,37.1342]]}},{"type":"Feature","properties":{},"geometry":{"type":"LineString","coordinates":[[127.6111,37.1394],[127.6118,37.1384]]}},{"type":"Feature","properties":{},"geometry":{"type":"LineString","coordinates":[[127.6088,37.1428],[127.6111,37.1394]]}},{"type":"Feature","properties":{},"geometry":{"type":"LineString","coordinates":[[127.6009,37.1511],[127.6057,37.1469],[127.6088,37.1428]]}},{"type":"Feature","properties":{},"geometry":{"type":"LineString","coordinates":[[127.6002,37.1516],[127.6009,37.1511]]}},{"type":"Feature","properties":{},"geometry":{"type":"LineString","coordinates":[[127.598,37.153],[127.6002,37.1516]]}},{"type":"Feature","properties":{},"geometry":{"type":"LineString","coordinates":[[127.596,37.1543],[127.598,37.153]]}},{"type":"Feature","properties":{},"geometry":{"type":"LineString","coordinates":[[127.593,37.1561],[127.596,37.1543]]}},{"type":"Feature","properties":{},"geometry":{"type":"LineString","coordinates":[[127.5862,37.1603],[127.593,37.1561]]}},{"type":"Feature","properties":{},"geometry":{"type":"LineString","coordinates":[[127.5799,37.1642],[127.5862,37.1603]]}},{"type":"Feature","properties":{},"geometry":{"type":"LineString","coordinates":[[127.577,37.166],[127.5799,37.1642]]}},{"type":"Feature","properties":{},"geometry":{"type":"LineString","coordinates":[[127.512,37.2487],[127.5121,37.2491]]}},{"type":"Feature","properties":{},"geometry":{"type":"LineString","coordinates":[[127.9089,37.0436],[127.9116,37.0411]]}},{"type":"Feature","properties":{},"geometry":{"type":"LineString","coordinates":[[127.9116,37.0411],[127.9132,37.0372],[127.9129,37.0316]]}},{"type":"Feature","properties":{},"geometry":{"type":"LineString","coordinates":[[127.9127,37.0304],[127.9126,37.0292]]}},{"type":"Feature","properties":{},"geometry":{"type":"LineString","coordinates":[[127.9129,37.0316],[127.9127,37.0304]]}},{"type":"Feature","properties":{},"geometry":{"type":"LineString","coordinates":[[127.9125,37.0287],[127.9121,37.0238],[127.9127,37.0185]]}},{"type":"Feature","properties":{},"geometry":{"type":"LineString","coordinates":[[127.9126,37.0292],[127.9125,37.0287]]}},{"type":"Feature","properties":{},"geometry":{"type":"LineString","coordinates":[[127.9157,37.0031],[127.9158,37.0028]]}},{"type":"Feature","properties":{},"geometry":{"type":"LineString","coordinates":[[127.9153,37.0052],[127.9157,37.0031]]}},{"type":"Feature","properties":{},"geometry":{"type":"LineString","coordinates":[[127.9127,37.0185],[127.9153,37.0052]]}},{"type":"Feature","properties":{},"geometry":{"type":"LineString","coordinates":[[127.9158,37.0028],[127.9165,36.9928],[127.9158,36.9895]]}},{"type":"Feature","properties":{},"geometry":{"type":"LineString","coordinates":[[127.9158,36.9895],[127.9113,36.9814]]}},{"type":"Feature","properties":{},"geometry":{"type":"LineString","coordinates":[[127.9102,36.9794],[127.9113,36.9814]]}},{"type":"Feature","properties":{},"geometry":{"type":"LineString","coordinates":[[127.9097,36.9785],[127.9102,36.9794]]}},{"type":"Feature","properties":{},"geometry":{"type":"LineString","coordinates":[[127.9076,36.9747],[127.9093,36.9778]]}},{"type":"Feature","properties":{},"geometry":{"type":"LineString","coordinates":[[127.9081,36.9759],[127.9097,36.9785]]}},{"type":"Feature","properties":{},"geometry":{"type":"LineString","coordinates":[[127.5724,37.1688],[127.5734,37.1681]]}},{"type":"Feature","properties":{},"geometry":{"type":"LineString","coordinates":[[127.574,37.1678],[127.5751,37.1672]]}},{"type":"Feature","properties":{},"geometry":{"type":"LineString","coordinates":[[127.5734,37.1681],[127.574,37.1678]]}},{"type":"Feature","properties":{},"geometry":{"type":"LineString","coordinates":[[127.5751,37.1672],[127.577,37.166]]}},{"type":"Feature","properties":{},"geometry":{"type":"LineString","coordinates":[[127.5665,37.1712],[127.5724,37.1688]]}},{"type":"Feature","properties":{},"geometry":{"type":"LineString","coordinates":[[127.5658,37.1714],[127.5665,37.1712]]}},{"type":"Feature","properties":{},"geometry":{"type":"LineString","coordinates":[[127.5652,37.1716],[127.5658,37.1714]]}},{"type":"Feature","properties":{},"geometry":{"type":"LineString","coordinates":[[127.5618,37.1727],[127.5652,37.1716]]}},{"type":"Feature","properties":{},"geometry":{"type":"LineString","coordinates":[[127.5592,37.1738],[127.5597,37.1736]]}},{"type":"Feature","properties":{},"geometry":{"type":"LineString","coordinates":[[127.5597,37.1736],[127.5618,37.1727]]}},{"type":"Feature","properties":{},"geometry":{"type":"LineString","coordinates":[[127.5557,37.1755],[127.5592,37.1738]]}},{"type":"Feature","properties":{},"geometry":{"type":"LineString","coordinates":[[127.5542,37.1765],[127.5557,37.1755]]}},{"type":"Feature","properties":{},"geometry":{"type":"LineString","coordinates":[[127.5493,37.1812],[127.5542,37.1765]]}},{"type":"Feature","properties":{},"geometry":{"type":"LineString","coordinates":[[127.5479,37.1829],[127.5493,37.1812]]}},{"type":"Feature","properties":{},"geometry":{"type":"LineString","coordinates":[[127.5447,37.1866],[127.5479,37.1829]]}},{"type":"Feature","properties":{},"geometry":{"type":"LineString","coordinates":[[127.5416,37.1902],[127.5447,37.1866]]}},{"type":"Feature","properties":{},"geometry":{"type":"LineString","coordinates":[[127.5408,37.1913],[127.5416,37.1902]]}},{"type":"Feature","properties":{},"geometry":{"type":"LineString","coordinates":[[127.5386,37.1939],[127.5408,37.1913]]}},{"type":"Feature","properties":{},"geometry":{"type":"LineString","coordinates":[[127.5351,37.198],[127.5379,37.1945]]}},{"type":"Feature","properties":{},"geometry":{"type":"LineString","coordinates":[[127.5332,37.2001],[127.5351,37.198]]}},{"type":"Feature","properties":{},"geometry":{"type":"LineString","coordinates":[[127.5278,37.2065],[127.5324,37.201]]}},{"type":"Feature","properties":{},"geometry":{"type":"LineString","coordinates":[[127.5254,37.2095],[127.5278,37.2065]]}},{"type":"Feature","properties":{},"geometry":{"type":"LineString","coordinates":[[127.519,37.2218],[127.522,37.215],[127.5254,37.2095]]}},{"type":"Feature","properties":{},"geometry":{"type":"LineString","coordinates":[[127.5163,37.228],[127.519,37.2218]]}},{"type":"Feature","properties":{},"geometry":{"type":"LineString","coordinates":[[127.5157,37.2297],[127.5163,37.228]]}},{"type":"Feature","properties":{},"geometry":{"type":"LineString","coordinates":[[127.5139,37.2339],[127.5157,37.2297]]}},{"type":"Feature","properties":{},"geometry":{"type":"LineString","coordinates":[[127.5119,37.2482],[127.5119,37.24],[127.5139,37.2339]]}},{"type":"Feature","properties":{},"geometry":{"type":"LineString","coordinates":[[128.0179,36.7872],[128.0191,36.7851]]}},{"type":"Feature","properties":{},"geometry":{"type":"LineString","coordinates":[[128.0171,36.7886],[128.0179,36.7872]]}},{"type":"Feature","properties":{},"geometry":{"type":"LineString","coordinates":[[128.0164,36.7901],[128.0171,36.7886]]}},{"type":"Feature","properties":{},"geometry":{"type":"LineString","coordinates":[[128.0079,36.8217],[128.0164,36.7901]]}},{"type":"Feature","properties":{},"geometry":{"type":"LineString","coordinates":[[128.0075,36.8242],[128.0079,36.8219]]}},{"type":"Feature","properties":{},"geometry":{"type":"LineString","coordinates":[[128.006,36.8345],[128.0075,36.8244]]}},{"type":"Feature","properties":{},"geometry":{"type":"LineString","coordinates":[[128.0059,36.8352],[128.006,36.8345]]}},{"type":"Feature","properties":{},"geometry":{"type":"LineString","coordinates":[[128.0056,36.8371],[128.0059,36.8352]]}},{"type":"Feature","properties":{},"geometry":{"type":"LineString","coordinates":[[128.0051,36.841],[128.0056,36.8371]]}},{"type":"Feature","properties":{},"geometry":{"type":"LineString","coordinates":[[128.0048,36.8431],[128.0051,36.841]]}},{"type":"Feature","properties":{},"geometry":{"type":"LineString","coordinates":[[128.0045,36.8453],[128.0048,36.8431]]}},{"type":"Feature","properties":{},"geometry":{"type":"LineString","coordinates":[[127.9941,36.8806],[128.0044,36.8458]]}},{"type":"Feature","properties":{},"geometry":{"type":"LineString","coordinates":[[127.9938,36.8814],[127.9941,36.8806]]}},{"type":"Feature","properties":{},"geometry":{"type":"LineString","coordinates":[[127.9915,36.8865],[127.9933,36.8825]]}},{"type":"Feature","properties":{},"geometry":{"type":"LineString","coordinates":[[127.9863,36.892],[127.9884,36.8903]]}},{"type":"Feature","properties":{},"geometry":{"type":"LineString","coordinates":[[127.9787,36.8957],[127.9825,36.8942]]}},{"type":"Feature","properties":{},"geometry":{"type":"LineString","coordinates":[[127.9749,36.897],[127.9787,36.8957]]}},{"type":"Feature","properties":{},"geometry":{"type":"LineString","coordinates":[[127.9737,36.8975],[127.9749,36.897]]}},{"type":"Feature","properties":{},"geometry":{"type":"LineString","coordinates":[[127.9722,36.898],[127.9737,36.8975]]}},{"type":"Feature","properties":{},"geometry":{"type":"LineString","coordinates":[[127.9689,36.8992],[127.9722,36.898]]}},{"type":"Feature","properties":{},"geometry":{"type":"LineString","coordinates":[[127.9654,36.9004],[127.967,36.8998]]}},{"type":"Feature","properties":{},"geometry":{"type":"LineString","coordinates":[[127.9592,36.9026],[127.9654,36.9004]]}},{"type":"Feature","properties":{},"geometry":{"type":"LineString","coordinates":[[127.9538,36.9044],[127.9547,36.9041]]}},{"type":"Feature","properties":{},"geometry":{"type":"LineString","coordinates":[[127.9488,36.9068],[127.9533,36.9046]]}},{"type":"Feature","properties":{},"geometry":{"type":"LineString","coordinates":[[127.9477,36.9075],[127.9483,36.9071]]}},{"type":"Feature","properties":{},"geometry":{"type":"LineString","coordinates":[[127.9425,36.9137],[127.9437,36.9113],[127.9473,36.9078]]}},{"type":"Feature","properties":{},"geometry":{"type":"LineString","coordinates":[[127.9413,36.9192],[127.9425,36.9137]]}},{"type":"Feature","properties":{},"geometry":{"type":"LineString","coordinates":[[129.3992,36.9489],[129.3993,36.9501]]}},{"type":"Feature","properties":{},"geometry":{"type":"LineString","coordinates":[[129.3721,36.3489],[129.3722,36.3501]]}},{"type":"Feature","properties":{},"geometry":{"type":"LineString","coordinates":[[129.3683,36.2691],[129.3683,36.2702]]}},{"type":"Feature","properties":{},"geometry":{"type":"LineString","coordinates":[[129.3679,36.2469],[129.3676,36.248]]}},{"type":"Feature","properties":{},"geometry":{"type":"LineString","coordinates":[[129.3713,36.2398],[129.3701,36.2417]]}},{"type":"Feature","properties":{},"geometry":{"type":"LineString","coordinates":[[129.3713,36.2214],[129.3726,36.2236]]}},{"type":"Feature","properties":{},"geometry":{"type":"LineString","coordinates":[[129.3663,36.1985],[129.3663,36.2035]]}},{"type":"Feature","properties":{},"geometry":{"type":"LineString","coordinates":[[129.3658,36.1593],[129.3658,36.1641]]}},{"type":"Feature","properties":{},"geometry":{"type":"LineString","coordinates":[[129.3438,36.0732],[129.3443,36.0741]]}},{"type":"Feature","properties":{},"geometry":{"type":"LineString","coordinates":[[129.3768,36.4188],[129.3769,36.4193]]}},{"type":"Feature","properties":{},"geometry":{"type":"LineString","coordinates":[[129.3771,36.4169],[129.3768,36.4188]]}},{"type":"Feature","properties":{},"geometry":{"type":"LineString","coordinates":[[129.3772,36.4216],[129.3774,36.4228]]}},{"type":"Feature","properties":{},"geometry":{"type":"LineString","coordinates":[[129.3985,36.5768],[129.3996,36.5822]]}},{"type":"Feature","properties":{},"geometry":{"type":"LineString","coordinates":[[129.3996,36.5822],[129.3996,36.5827]]}},{"type":"Feature","properties":{},"geometry":{"type":"LineString","coordinates":[[129.4077,36.6073],[129.4078,36.6076]]}},{"type":"Feature","properties":{},"geometry":{"type":"LineString","coordinates":[[129.4047,36.5989],[129.4077,36.6073]]}},{"type":"Feature","properties":{},"geometry":{"type":"LineString","coordinates":[[129.4091,36.6213],[129.4092,36.6228]]}},{"type":"Feature","properties":{},"geometry":{"type":"LineString","coordinates":[[129.409,36.6185],[129.4091,36.6213]]}},{"type":"Feature","properties":{},"geometry":{"type":"LineString","coordinates":[[129.41,36.6275],[129.4101,36.6278]]}},{"type":"Feature","properties":{},"geometry":{"type":"LineString","coordinates":[[129.41,36.6275],[129.41,36.6275]]}},{"type":"Feature","properties":{},"geometry":{"type":"LineString","coordinates":[[129.4381,36.6866],[129.4385,36.6874]]}},{"type":"Feature","properties":{},"geometry":{"type":"LineString","coordinates":[[129.438,36.6861],[129.4381,36.6866]]}},{"type":"Feature","properties":{},"geometry":{"type":"LineString","coordinates":[[129.4441,36.7229],[129.4482,36.7286]]}},{"type":"Feature","properties":{},"geometry":{"type":"LineString","coordinates":[[129.4502,36.7843],[129.4489,36.7871]]}},{"type":"Feature","properties":{},"geometry":{"type":"LineString","coordinates":[[129.4489,36.7871],[129.4457,36.7938]]}},{"type":"Feature","properties":{},"geometry":{"type":"LineString","coordinates":[[129.4047,36.9127],[129.4046,36.9134]]}},{"type":"Feature","properties":{},"geometry":{"type":"LineString","coordinates":[[129.4048,36.9122],[129.4047,36.9127]]}},{"type":"Feature","properties":{},"geometry":{"type":"LineString","coordinates":[[129.3996,36.9542],[129.3998,36.9635]]}},{"type":"Feature","properties":{},"geometry":{"type":"LineString","coordinates":[[129.3993,36.9501],[129.3996,36.9542]]}},{"type":"Feature","properties":{},"geometry":{"type":"LineString","coordinates":[[129.3989,36.975],[129.3977,36.9775]]}},{"type":"Feature","properties":{},"geometry":{"type":"LineString","coordinates":[[129.3977,36.9775],[129.3947,36.983]]}},{"type":"Feature","properties":{},"geometry":{"type":"LineString","coordinates":[[129.3947,36.983],[129.394,36.9845]]}},{"type":"Feature","properties":{},"geometry":{"type":"LineString","coordinates":[[129.394,36.9845],[129.3934,36.9856]]}},{"type":"Feature","properties":{},"geometry":{"type":"LineString","coordinates":[[129.3934,36.9856],[129.3915,36.9896]]}},{"type":"Feature","properties":{},"geometry":{"type":"LineString","coordinates":[[129.3689,37.0979],[129.3685,37.0993]]}},{"type":"Feature","properties":{},"geometry":{"type":"LineString","coordinates":[[129.3547,37.1266],[129.3546,37.1269]]}},{"type":"Feature","properties":{},"geometry":{"type":"LineString","coordinates":[[129.355,37.1261],[129.3547,37.1266]]}},{"type":"Feature","properties":{},"geometry":{"type":"LineString","coordinates":[[129.3489,37.1384],[129.3486,37.1392]]}},{"type":"Feature","properties":{},"geometry":{"type":"LineString","coordinates":[[129.3063,37.2746],[129.3037,37.2772]]}},{"type":"Feature","properties":{},"geometry":{"type":"LineString","coordinates":[[129.3071,37.2739],[129.3063,37.2746]]}},{"type":"Feature","properties":{},"geometry":{"type":"LineString","coordinates":[[129.1873,37.4273],[129.1794,37.4296]]}},{"type":"Feature","properties":{},"geometry":{"type":"LineString","coordinates":[[128.6774,36.4183],[128.6771,36.4191]]}},{"type":"Feature","properties":{},"geometry":{"type":"LineString","coordinates":[[128.6753,36.4237],[128.6751,36.4243]]}},{"type":"Feature","properties":{},"geometry":{"type":"LineString","coordinates":[[128.6744,36.4263],[128.6739,36.4283]]}},{"type":"Feature","properties":{},"geometry":{"type":"LineString","coordinates":[[128.6745,36.4263],[128.6752,36.4243]]}},{"type":"Feature","properties":{},"geometry":{"type":"LineString","coordinates":[[128.6751,36.4243],[128.6744,36.4263]]}},{"type":"Feature","properties":{},"geometry":{"type":"LineString","coordinates":[[128.6739,36.4283],[128.6729,36.4342]]}},{"type":"Feature","properties":{},"geometry":{"type":"LineString","coordinates":[[128.6729,36.4342],[128.6721,36.4409]]}},{"type":"Feature","properties":{},"geometry":{"type":"LineString","coordinates":[[128.6721,36.4409],[128.6707,36.4513]]}},{"type":"Feature","properties":{},"geometry":{"type":"LineString","coordinates":[[128.6707,36.4513],[128.6698,36.4581]]}},{"type":"Feature","properties":{},"geometry":{"type":"LineString","coordinates":[[128.6698,36.4581],[128.6697,36.4585]]}},{"type":"Feature","properties":{},"geometry":{"type":"LineString","coordinates":[[128.6697,36.4588],[128.6692,36.4619]]}},{"type":"Feature","properties":{},"geometry":{"type":"LineString","coordinates":[[128.6697,36.4585],[128.6697,36.4588]]}},{"type":"Feature","properties":{},"geometry":{"type":"LineString","coordinates":[[128.6692,36.4622],[128.6689,36.4646]]}},{"type":"Feature","properties":{},"geometry":{"type":"LineString","coordinates":[[128.6692,36.4619],[128.6692,36.4622]]}},{"type":"Feature","properties":{},"geometry":{"type":"LineString","coordinates":[[128.6689,36.4646],[128.6688,36.4653]]}},{"type":"Feature","properties":{},"geometry":{"type":"LineString","coordinates":[[128.6688,36.4653],[128.6687,36.4659]]}},{"type":"Feature","properties":{},"geometry":{"type":"LineString","coordinates":[[128.6687,36.4659],[128.6682,36.4693]]}},{"type":"Feature","properties":{},"geometry":{"type":"LineString","coordinates":[[128.6679,36.4713],[128.6678,36.4722]]}},{"type":"Feature","properties":{},"geometry":{"type":"LineString","coordinates":[[128.6682,36.4693],[128.6679,36.4713]]}},{"type":"Feature","properties":{},"geometry":{"type":"LineString","coordinates":[[128.6677,36.473],[128.6675,36.4741]]}},{"type":"Feature","properties":{},"geometry":{"type":"LineString","coordinates":[[128.6678,36.4722],[128.6677,36.473]]}},{"type":"Feature","properties":{},"geometry":{"type":"LineString","coordinates":[[128.6675,36.4741],[128.6673,36.4758]]}},{"type":"Feature","properties":{},"geometry":{"type":"LineString","coordinates":[[128.6673,36.4758],[128.6672,36.4769]]}},{"type":"Feature","properties":{},"geometry":{"type":"LineString","coordinates":[[128.6672,36.4769],[128.6665,36.4817]]}},{"type":"Feature","properties":{},"geometry":{"type":"LineString","coordinates":[[128.6665,36.4817],[128.6658,36.4884]]}},{"type":"Feature","properties":{},"geometry":{"type":"LineString","coordinates":[[128.6658,36.4884],[128.6656,36.4899]]}},{"type":"Feature","properties":{},"geometry":{"type":"LineString","coordinates":[[128.6656,36.4899],[128.6662,36.4962]]}},{"type":"Feature","properties":{},"geometry":{"type":"LineString","coordinates":[[128.6671,36.4995],[128.6685,36.5041]]}},{"type":"Feature","properties":{},"geometry":{"type":"LineString","coordinates":[[128.6662,36.4962],[128.6671,36.4995]]}},{"type":"Feature","properties":{},"geometry":{"type":"LineString","coordinates":[[128.6688,36.5049],[128.6695,36.5071]]}},{"type":"Feature","properties":{},"geometry":{"type":"LineString","coordinates":[[128.6685,36.5041],[128.6688,36.5049]]}},{"type":"Feature","properties":{},"geometry":{"type":"LineString","coordinates":[[128.6695,36.5071],[128.6702,36.5095]]}},{"type":"Feature","properties":{},"geometry":{"type":"LineString","coordinates":[[128.6702,36.5095],[128.6704,36.5105]]}},{"type":"Feature","properties":{},"geometry":{"type":"LineString","coordinates":[[128.6704,36.5105],[128.6713,36.515]]}},{"type":"Feature","properties":{},"geometry":{"type":"LineString","coordinates":[[128.6713,36.515],[128.6714,36.5158]]}},{"type":"Feature","properties":{},"geometry":{"type":"LineString","coordinates":[[128.6714,36.5158],[128.6717,36.5223]]}},{"type":"Feature","properties":{},"geometry":{"type":"LineString","coordinates":[[128.6717,36.5223],[128.6718,36.5229]]}},{"type":"Feature","properties":{},"geometry":{"type":"LineString","coordinates":[[128.6719,36.5229],[128.6718,36.5223]]}},{"type":"Feature","properties":{},"geometry":{"type":"LineString","coordinates":[[128.6718,36.5229],[128.6718,36.5245]]}},{"type":"Feature","properties":{},"geometry":{"type":"LineString","coordinates":[[128.6718,36.5245],[128.672,36.5287]]}},{"type":"Feature","properties":{},"geometry":{"type":"LineString","coordinates":[[128.672,36.5287],[128.6721,36.5308]]}},{"type":"Feature","properties":{},"geometry":{"type":"LineString","coordinates":[[128.6721,36.5308],[128.6723,36.5343]]}},{"type":"Feature","properties":{},"geometry":{"type":"LineString","coordinates":[[128.6723,36.5343],[128.6724,36.5351]]}},{"type":"Feature","properties":{},"geometry":{"type":"LineString","coordinates":[[128.6724,36.5351],[128.6739,36.5461]]}},{"type":"Feature","properties":{},"geometry":{"type":"LineString","coordinates":[[128.6739,36.5461],[128.6749,36.5516]]}},{"type":"Feature","properties":{},"geometry":{"type":"LineString","coordinates":[[128.6749,36.5516],[128.6752,36.5539]]}},{"type":"Feature","properties":{},"geometry":{"type":"LineString","coordinates":[[128.6752,36.5539],[128.6753,36.5552]]}},{"type":"Feature","properties":{},"geometry":{"type":"LineString","coordinates":[[128.6753,36.5552],[128.6751,36.5697]]}},{"type":"Feature","properties":{},"geometry":{"type":"LineString","coordinates":[[128.6754,36.5925],[128.6761,36.595]]}},{"type":"Feature","properties":{},"geometry":{"type":"LineString","coordinates":[[128.6763,36.5955],[128.6766,36.5964]]}},{"type":"Feature","properties":{},"geometry":{"type":"LineString","coordinates":[[128.6761,36.595],[128.6763,36.5955]]}},{"type":"Feature","properties":{},"geometry":{"type":"LineString","coordinates":[[128.6766,36.5964],[128.6776,36.599]]}},{"type":"Feature","properties":{},"geometry":{"type":"LineString","coordinates":[[128.6746,36.5795],[128.6744,36.5856],[128.6754,36.5925]]}},{"type":"Feature","properties":{},"geometry":{"type":"LineString","coordinates":[[128.6899,36.6158],[128.6931,36.6191]]}},{"type":"Feature","properties":{},"geometry":{"type":"LineString","coordinates":[[128.6931,36.6191],[128.694,36.6201]]}},{"type":"Feature","properties":{},"geometry":{"type":"LineString","coordinates":[[128.694,36.6201],[128.6999,36.6258]]}},{"type":"Feature","properties":{},"geometry":{"type":"LineString","coordinates":[[128.701,36.6269],[128.7051,36.631]]}},{"type":"Feature","properties":{},"geometry":{"type":"LineString","coordinates":[[128.6999,36.6258],[128.701,36.6269]]}},{"type":"Feature","properties":{},"geometry":{"type":"LineString","coordinates":[[128.7052,36.631],[128.701,36.6269]]}},{"type":"Feature","properties":{},"geometry":{"type":"LineString","coordinates":[[128.706,36.6317],[128.7052,36.631]]}},{"type":"Feature","properties":{},"geometry":{"type":"LineString","coordinates":[[128.7059,36.6318],[128.7078,36.6336]]}},{"type":"Feature","properties":{},"geometry":{"type":"LineString","coordinates":[[128.7051,36.631],[128.7059,36.6318]]}},{"type":"Feature","properties":{},"geometry":{"type":"LineString","coordinates":[[128.7083,36.6342],[128.7116,36.6374]]}},{"type":"Feature","properties":{},"geometry":{"type":"LineString","coordinates":[[128.7078,36.6336],[128.7083,36.6342]]}},{"type":"Feature","properties":{},"geometry":{"type":"LineString","coordinates":[[128.7116,36.6374],[128.7084,36.6342]]}},{"type":"Feature","properties":{},"geometry":{"type":"LineString","coordinates":[[128.7116,36.6374],[128.7145,36.6411]]}},{"type":"Feature","properties":{},"geometry":{"type":"LineString","coordinates":[[128.6296,36.7509],[128.6296,36.7511]]}},{"type":"Feature","properties":{},"geometry":{"type":"LineString","coordinates":[[128.6297,36.7474],[128.6296,36.7509]]}},{"type":"Feature","properties":{},"geometry":{"type":"LineString","coordinates":[[128.6297,36.751],[128.6297,36.7509]]}},{"type":"Feature","properties":{},"geometry":{"type":"LineString","coordinates":[[128.6345,36.7647],[128.6352,36.7661]]}},{"type":"Feature","properties":{},"geometry":{"type":"LineString","coordinates":[[128.6352,36.7661],[128.6385,36.7725]]}},{"type":"Feature","properties":{},"geometry":{"type":"LineString","coordinates":[[128.6385,36.7725],[128.6392,36.7738]]}},{"type":"Feature","properties":{},"geometry":{"type":"LineString","coordinates":[[128.6398,36.775],[128.64,36.7756]]}},{"type":"Feature","properties":{},"geometry":{"type":"LineString","coordinates":[[128.6392,36.7738],[128.6398,36.775]]}},{"type":"Feature","properties":{},"geometry":{"type":"LineString","coordinates":[[128.6296,36.7511],[128.6314,36.7586],[128.6345,36.7647]]}},{"type":"Feature","properties":{},"geometry":{"type":"LineString","coordinates":[[128.641,36.7836],[128.6405,36.7857]]}},{"type":"Feature","properties":{},"geometry":{"type":"LineString","coordinates":[[128.64,36.7756],[128.641,36.7787],[128.641,36.7836]]}},{"type":"Feature","properties":{},"geometry":{"type":"LineString","coordinates":[[128.6405,36.7857],[128.6392,36.7883]]}},{"type":"Feature","properties":{},"geometry":{"type":"LineString","coordinates":[[128.6323,36.7968],[128.6322,36.7971]]}},{"type":"Feature","properties":{},"geometry":{"type":"LineString","coordinates":[[128.6322,36.7971],[128.6316,36.798]]}},{"type":"Feature","properties":{},"geometry":{"type":"LineString","coordinates":[[128.6316,36.798],[128.6307,36.7999]]}},{"type":"Feature","properties":{},"geometry":{"type":"LineString","coordinates":[[128.6307,36.7999],[128.6304,36.8008]]}},{"type":"Feature","properties":{},"geometry":{"type":"LineString","coordinates":[[128.6304,36.8008],[128.6303,36.8012]]}},{"type":"Feature","properties":{},"geometry":{"type":"LineString","coordinates":[[128.6392,36.7883],[128.6371,36.7915],[128.6334,36.7954]]}},{"type":"Feature","properties":{},"geometry":{"type":"LineString","coordinates":[[128.6288,36.8045],[128.6284,36.8057]]}},{"type":"Feature","properties":{},"geometry":{"type":"LineString","coordinates":[[128.6303,36.8012],[128.6288,36.8045]]}},{"type":"Feature","properties":{},"geometry":{"type":"LineString","coordinates":[[128.6244,36.8132],[128.6241,36.8137]]}},{"type":"Feature","properties":{},"geometry":{"type":"LineString","coordinates":[[128.6281,36.8062],[128.6244,36.8132]]}},{"type":"Feature","properties":{},"geometry":{"type":"LineString","coordinates":[[128.621,36.8192],[128.6169,36.8267],[128.6166,36.8309]]}},{"type":"Feature","properties":{},"geometry":{"type":"LineString","coordinates":[[128.6166,36.8309],[128.6167,36.8321]]}},{"type":"Feature","properties":{},"geometry":{"type":"LineString","coordinates":[[128.6168,36.8321],[128.6167,36.8309]]}},{"type":"Feature","properties":{},"geometry":{"type":"LineString","coordinates":[[128.5505,36.8683],[128.5467,36.8698]]}},{"type":"Feature","properties":{},"geometry":{"type":"LineString","coordinates":[[128.5506,36.8684],[128.5636,36.8632]]}},{"type":"Feature","properties":{},"geometry":{"type":"LineString","coordinates":[[128.5449,36.8706],[128.546,36.8701]]}},{"type":"Feature","properties":{},"geometry":{"type":"LineString","coordinates":[[128.546,36.8701],[128.5449,36.8705]]}},{"type":"Feature","properties":{},"geometry":{"type":"LineString","coordinates":[[128.546,36.8701],[128.5467,36.8699]]}},{"type":"Feature","properties":{},"geometry":{"type":"LineString","coordinates":[[128.5467,36.8698],[128.546,36.8701]]}},{"type":"Feature","properties":{},"geometry":{"type":"LineString","coordinates":[[128.5425,36.8714],[128.5449,36.8706]]}},{"type":"Feature","properties":{},"geometry":{"type":"LineString","coordinates":[[128.5449,36.8705],[128.5424,36.8714]]}},{"type":"Feature","properties":{},"geometry":{"type":"LineString","coordinates":[[128.5413,36.8718],[128.5425,36.8714]]}},{"type":"Feature","properties":{},"geometry":{"type":"LineString","coordinates":[[128.5413,36.8717],[128.5403,36.872]]}},{"type":"Feature","properties":{},"geometry":{"type":"LineString","coordinates":[[128.5403,36.8721],[128.5413,36.8718]]}},{"type":"Feature","properties":{},"geometry":{"type":"LineString","coordinates":[[128.5424,36.8714],[128.5413,36.8717]]}},{"type":"Feature","properties":{},"geometry":{"type":"LineString","coordinates":[[128.5345,36.8732],[128.529,36.8737]]}},{"type":"Feature","properties":{},"geometry":{"type":"LineString","coordinates":[[128.5284,36.8738],[128.5266,36.874]]}},{"type":"Feature","properties":{},"geometry":{"type":"LineString","coordinates":[[128.5267,36.8741],[128.5284,36.8739]]}},{"type":"Feature","properties":{},"geometry":{"type":"LineString","coordinates":[[128.5266,36.874],[128.5261,36.874]]}},{"type":"Feature","properties":{},"geometry":{"type":"LineString","coordinates":[[128.5284,36.8739],[128.529,36.8738]]}},{"type":"Feature","properties":{},"geometry":{"type":"LineString","coordinates":[[128.3682,36.9226],[128.3646,36.9245]]}},{"type":"Feature","properties":{},"geometry":{"type":"LineString","coordinates":[[128.3689,36.9222],[128.3682,36.9226]]}},{"type":"Feature","properties":{},"geometry":{"type":"LineString","coordinates":[[128.369,36.9224],[128.3698,36.922]]}},{"type":"Feature","properties":{},"geometry":{"type":"LineString","coordinates":[[128.3683,36.9227],[128.369,36.9224]]}},{"type":"Feature","properties":{},"geometry":{"type":"LineString","coordinates":[[128.3697,36.9218],[128.3689,36.9222]]}},{"type":"Feature","properties":{},"geometry":{"type":"LineString","coordinates":[[128.3647,36.9247],[128.3683,36.9227]]}},{"type":"Feature","properties":{},"geometry":{"type":"LineString","coordinates":[[128.345,36.9648],[128.3466,36.9496],[128.3492,36.9406],[128.3551,36.9323],[128.3588,36.9287],[128.3647,36.9247]]}},{"type":"Feature","properties":{},"geometry":{"type":"LineString","coordinates":[[128.3646,36.9245],[128.3587,36.9286],[128.355,36.9322],[128.3482,36.9424],[128.3465,36.9496],[128.3449,36.9648]]}},{"type":"Feature","properties":{},"geometry":{"type":"LineString","coordinates":[[128.5192,36.8747],[128.5218,36.8744]]}},{"type":"Feature","properties":{},"geometry":{"type":"LineString","coordinates":[[128.526,36.8741],[128.5263,36.874]]}},{"type":"Feature","properties":{},"geometry":{"type":"LineString","coordinates":[[128.5205,36.8746],[128.5199,36.8746]]}},{"type":"Feature","properties":{},"geometry":{"type":"LineString","coordinates":[[128.5132,36.8756],[128.51,36.8764]]}},{"type":"Feature","properties":{},"geometry":{"type":"LineString","coordinates":[[128.5192,36.8747],[128.5132,36.8756]]}},{"type":"Feature","properties":{},"geometry":{"type":"LineString","coordinates":[[128.5053,36.8775],[128.4842,36.8814]]}},{"type":"Feature","properties":{},"geometry":{"type":"LineString","coordinates":[[128.3208,37.0292],[128.319,37.0308]]}},{"type":"Feature","properties":{},"geometry":{"type":"LineString","coordinates":[[128.319,37.0308],[128.3209,37.0292]]}},{"type":"Feature","properties":{},"geometry":{"type":"LineString","coordinates":[[128.3321,37.0177],[128.3298,37.0208]]}},{"type":"Feature","properties":{},"geometry":{"type":"LineString","coordinates":[[128.3321,37.0177],[128.3325,37.0162],[128.332,37.0084]]}},{"type":"Feature","properties":{},"geometry":{"type":"LineString","coordinates":[[128.332,37.0081],[128.3321,37.0066]]}},{"type":"Feature","properties":{},"geometry":{"type":"LineString","coordinates":[[128.332,37.0084],[128.332,37.0081]]}},{"type":"Feature","properties":{},"geometry":{"type":"LineString","coordinates":[[128.3321,37.0066],[128.3332,37.0024],[128.3412,36.9876]]}},{"type":"Feature","properties":{},"geometry":{"type":"LineString","coordinates":[[128.3429,36.9817],[128.3435,36.9775]]}},{"type":"Feature","properties":{},"geometry":{"type":"LineString","coordinates":[[128.3435,36.9775],[128.3437,36.9764]]}},{"type":"Feature","properties":{},"geometry":{"type":"LineString","coordinates":[[128.3412,36.9876],[128.3429,36.9817]]}},{"type":"Feature","properties":{},"geometry":{"type":"LineString","coordinates":[[128.3437,36.976],[128.345,36.9648]]}},{"type":"Feature","properties":{},"geometry":{"type":"LineString","coordinates":[[128.3437,36.9764],[128.3437,36.976]]}},{"type":"Feature","properties":{},"geometry":{"type":"LineString","coordinates":[[128.3698,36.922],[128.445,36.8985],[128.4716,36.8857],[128.4797,36.8826],[128.4842,36.8814]]}},{"type":"Feature","properties":{},"geometry":{"type":"LineString","coordinates":[[128.9187,35.9632],[128.9112,35.9754]]}},{"type":"Feature","properties":{},"geometry":{"type":"LineString","coordinates":[[128.9047,35.9804],[128.9026,35.9819]]}},{"type":"Feature","properties":{},"geometry":{"type":"LineString","coordinates":[[128.9027,35.9819],[128.9047,35.9804]]}},{"type":"Feature","properties":{},"geometry":{"type":"LineString","coordinates":[[128.9023,35.9822],[128.9027,35.9819]]}},{"type":"Feature","properties":{},"geometry":{"type":"LineString","coordinates":[[128.9111,35.9753],[128.9102,35.9763]]}},{"type":"Feature","properties":{},"geometry":{"type":"LineString","coordinates":[[128.9123,35.9737],[128.9111,35.9753]]}},{"type":"Feature","properties":{},"geometry":{"type":"LineString","coordinates":[[128.9102,35.9764],[128.9112,35.9754]]}},{"type":"Feature","properties":{},"geometry":{"type":"LineString","coordinates":[[128.9047,35.9804],[128.9102,35.9764]]}},{"type":"Feature","properties":{},"geometry":{"type":"LineString","coordinates":[[128.8989,35.9851],[128.9023,35.9822]]}},{"type":"Feature","properties":{},"geometry":{"type":"LineString","coordinates":[[128.9026,35.9819],[128.9022,35.9821]]}},{"type":"Feature","properties":{},"geometry":{"type":"LineString","coordinates":[[128.9022,35.9821],[128.8988,35.985]]}},{"type":"Feature","properties":{},"geometry":{"type":"LineString","coordinates":[[128.8988,35.985],[128.8947,35.9893],[128.8903,35.997]]}},{"type":"Feature","properties":{},"geometry":{"type":"LineString","coordinates":[[128.8903,35.997],[128.8896,35.9989]]}},{"type":"Feature","properties":{},"geometry":{"type":"LineString","coordinates":[[128.8898,35.999],[128.8925,35.9929],[128.8949,35.9893],[128.8989,35.9851]]}},{"type":"Feature","properties":{},"geometry":{"type":"LineString","coordinates":[[128.8885,36.0025],[128.8898,35.999]]}},{"type":"Feature","properties":{},"geometry":{"type":"LineString","coordinates":[[128.8896,35.9989],[128.8884,36.0024]]}},{"type":"Feature","properties":{},"geometry":{"type":"LineString","coordinates":[[128.8876,36.0049],[128.8885,36.0025]]}},{"type":"Feature","properties":{},"geometry":{"type":"LineString","coordinates":[[128.8838,36.0118],[128.8842,36.0113]]}},{"type":"Feature","properties":{},"geometry":{"type":"LineString","coordinates":[[128.8884,36.0024],[128.8875,36.0049]]}},{"type":"Feature","properties":{},"geometry":{"type":"LineString","coordinates":[[128.8875,36.0049],[128.8841,36.0112]]}},{"type":"Feature","properties":{},"geometry":{"type":"LineString","coordinates":[[128.8842,36.0113],[128.8858,36.0093],[128.8876,36.0049]]}},{"type":"Feature","properties":{},"geometry":{"type":"LineString","coordinates":[[128.8812,36.0147],[128.8818,36.0142]]}},{"type":"Feature","properties":{},"geometry":{"type":"LineString","coordinates":[[128.8838,36.0117],[128.8816,36.0141]]}},{"type":"Feature","properties":{},"geometry":{"type":"LineString","coordinates":[[128.8841,36.0112],[128.8838,36.0117]]}},{"type":"Feature","properties":{},"geometry":{"type":"LineString","coordinates":[[128.8818,36.0142],[128.8838,36.0118]]}},{"type":"Feature","properties":{},"geometry":{"type":"LineString","coordinates":[[128.8816,36.0141],[128.8811,36.0146]]}},{"type":"Feature","properties":{},"geometry":{"type":"LineString","coordinates":[[128.8811,36.0146],[128.8774,36.0179]]}},{"type":"Feature","properties":{},"geometry":{"type":"LineString","coordinates":[[128.8725,36.0223],[128.8746,36.0205]]}},{"type":"Feature","properties":{},"geometry":{"type":"LineString","coordinates":[[128.8765,36.0189],[128.8776,36.018]]}},{"type":"Feature","properties":{},"geometry":{"type":"LineString","coordinates":[[128.8746,36.0205],[128.8765,36.0189]]}},{"type":"Feature","properties":{},"geometry":{"type":"LineString","coordinates":[[128.8776,36.018],[128.8812,36.0147]]}},{"type":"Feature","properties":{},"geometry":{"type":"LineString","coordinates":[[128.8763,36.0188],[128.8744,36.0204]]}},{"type":"Feature","properties":{},"geometry":{"type":"LineString","coordinates":[[128.8774,36.0179],[128.8763,36.0188]]}},{"type":"Feature","properties":{},"geometry":{"type":"LineString","coordinates":[[128.8744,36.0204],[128.8724,36.0222]]}},{"type":"Feature","properties":{},"geometry":{"type":"LineString","coordinates":[[128.8703,36.024],[128.8686,36.0252]]}},{"type":"Feature","properties":{},"geometry":{"type":"LineString","coordinates":[[128.8724,36.0222],[128.8703,36.024]]}},{"type":"Feature","properties":{},"geometry":{"type":"LineString","coordinates":[[128.8687,36.0252],[128.8704,36.0241]]}},{"type":"Feature","properties":{},"geometry":{"type":"LineString","coordinates":[[128.8704,36.0241],[128.8725,36.0223]]}},{"type":"Feature","properties":{},"geometry":{"type":"LineString","coordinates":[[128.8646,36.0278],[128.8664,36.0267]]}},{"type":"Feature","properties":{},"geometry":{"type":"LineString","coordinates":[[128.8679,36.0258],[128.8687,36.0252]]}},{"type":"Feature","properties":{},"geometry":{"type":"LineString","coordinates":[[128.8678,36.0257],[128.8664,36.0266]]}},{"type":"Feature","properties":{},"geometry":{"type":"LineString","coordinates":[[128.8686,36.0252],[128.8678,36.0257]]}},{"type":"Feature","properties":{},"geometry":{"type":"LineString","coordinates":[[128.8513,36.0349],[128.8646,36.0278]]}},{"type":"Feature","properties":{},"geometry":{"type":"LineString","coordinates":[[128.8664,36.0267],[128.8679,36.0258]]}},{"type":"Feature","properties":{},"geometry":{"type":"LineString","coordinates":[[128.8646,36.0276],[128.8512,36.0348]]}},{"type":"Feature","properties":{},"geometry":{"type":"LineString","coordinates":[[128.8664,36.0266],[128.8646,36.0276]]}},{"type":"Feature","properties":{},"geometry":{"type":"LineString","coordinates":[[128.8353,36.0511],[128.8364,36.0498]]}},{"type":"Feature","properties":{},"geometry":{"type":"LineString","coordinates":[[128.8512,36.0348],[128.8454,36.0391],[128.8398,36.0455]]}},{"type":"Feature","properties":{},"geometry":{"type":"LineString","coordinates":[[128.8399,36.0455],[128.8454,36.0392],[128.8513,36.0349]]}},{"type":"Feature","properties":{},"geometry":{"type":"LineString","coordinates":[[128.8352,36.0511],[128.8343,36.0522]]}},{"type":"Feature","properties":{},"geometry":{"type":"LineString","coordinates":[[128.8344,36.0522],[128.8353,36.0511]]}},{"type":"Feature","properties":{},"geometry":{"type":"LineString","coordinates":[[128.8398,36.0455],[128.8365,36.0494]]}},{"type":"Feature","properties":{},"geometry":{"type":"LineString","coordinates":[[128.8343,36.0522],[128.833,36.0539]]}},{"type":"Feature","properties":{},"geometry":{"type":"LineString","coordinates":[[128.8302,36.0574],[128.833,36.054]]}},{"type":"Feature","properties":{},"geometry":{"type":"LineString","coordinates":[[128.833,36.054],[128.8344,36.0522]]}},{"type":"Feature","properties":{},"geometry":{"type":"LineString","coordinates":[[128.833,36.0539],[128.83,36.0574]]}},{"type":"Feature","properties":{},"geometry":{"type":"LineString","coordinates":[[128.7684,36.131],[128.7724,36.1254]]}},{"type":"Feature","properties":{},"geometry":{"type":"LineString","coordinates":[[128.83,36.0574],[128.7722,36.1253]]}},{"type":"Feature","properties":{},"geometry":{"type":"LineString","coordinates":[[128.7722,36.1253],[128.7682,36.1311]]}},{"type":"Feature","properties":{},"geometry":{"type":"LineString","coordinates":[[128.7724,36.1254],[128.7897,36.1058],[128.8302,36.0574]]}},{"type":"Feature","properties":{},"geometry":{"type":"LineString","coordinates":[[128.7682,36.1311],[128.7565,36.1469]]}},{"type":"Feature","properties":{},"geometry":{"type":"LineString","coordinates":[[128.7372,36.1723],[128.7351,36.175]]}},{"type":"Feature","properties":{},"geometry":{"type":"LineString","coordinates":[[128.7373,36.1724],[128.738,36.1714]]}},{"type":"Feature","properties":{},"geometry":{"type":"LineString","coordinates":[[128.7412,36.1669],[128.7379,36.1714]]}},{"type":"Feature","properties":{},"geometry":{"type":"LineString","coordinates":[[128.7413,36.1669],[128.7472,36.159]]}},{"type":"Feature","properties":{},"geometry":{"type":"LineString","coordinates":[[128.738,36.1714],[128.7413,36.1669]]}},{"type":"Feature","properties":{},"geometry":{"type":"LineString","coordinates":[[128.7379,36.1714],[128.7372,36.1723]]}},{"type":"Feature","properties":{},"geometry":{"type":"LineString","coordinates":[[128.7483,36.1575],[128.7487,36.1569]]}},{"type":"Feature","properties":{},"geometry":{"type":"LineString","coordinates":[[128.7482,36.1574],[128.7471,36.159]]}},{"type":"Feature","properties":{},"geometry":{"type":"LineString","coordinates":[[128.7472,36.159],[128.7483,36.1575]]}},{"type":"Feature","properties":{},"geometry":{"type":"LineString","coordinates":[[128.7471,36.159],[128.7412,36.1669]]}},{"type":"Feature","properties":{},"geometry":{"type":"LineString","coordinates":[[128.7495,36.1557],[128.7482,36.1574]]}},{"type":"Feature","properties":{},"geometry":{"type":"LineString","coordinates":[[128.7487,36.1569],[128.7505,36.1545]]}},{"type":"Feature","properties":{},"geometry":{"type":"LineString","coordinates":[[128.7507,36.1543],[128.7513,36.1535]]}},{"type":"Feature","properties":{},"geometry":{"type":"LineString","coordinates":[[128.7505,36.1545],[128.7507,36.1543]]}},{"type":"Feature","properties":{},"geometry":{"type":"LineString","coordinates":[[128.7504,36.1545],[128.7495,36.1557]]}},{"type":"Feature","properties":{},"geometry":{"type":"LineString","coordinates":[[128.7506,36.1543],[128.7504,36.1545]]}},{"type":"Feature","properties":{},"geometry":{"type":"LineString","coordinates":[[128.7512,36.1535],[128.7506,36.1543]]}},{"type":"Feature","properties":{},"geometry":{"type":"LineString","coordinates":[[128.7513,36.1535],[128.7684,36.131]]}},{"type":"Feature","properties":{},"geometry":{"type":"LineString","coordinates":[[128.7352,36.175],[128.7373,36.1724]]}},{"type":"Feature","properties":{},"geometry":{"type":"LineString","coordinates":[[128.7565,36.1469],[128.7512,36.1535]]}},{"type":"Feature","properties":{},"geometry":{"type":"LineString","coordinates":[[128.7228,36.192],[128.7352,36.175]]}},{"type":"Feature","properties":{},"geometry":{"type":"LineString","coordinates":[[128.7351,36.175],[128.7227,36.1919]]}},{"type":"Feature","properties":{},"geometry":{"type":"LineString","coordinates":[[128.7148,36.2026],[128.7219,36.1931]]}},{"type":"Feature","properties":{},"geometry":{"type":"LineString","coordinates":[[128.7219,36.1931],[128.7228,36.192]]}},{"type":"Feature","properties":{},"geometry":{"type":"LineString","coordinates":[[128.7217,36.193],[128.7146,36.2026]]}},{"type":"Feature","properties":{},"geometry":{"type":"LineString","coordinates":[[128.7227,36.1919],[128.7217,36.193]]}},{"type":"Feature","properties":{},"geometry":{"type":"LineString","coordinates":[[128.7114,36.2082],[128.7129,36.2054]]}},{"type":"Feature","properties":{},"geometry":{"type":"LineString","coordinates":[[128.7137,36.2042],[128.7148,36.2026]]}},{"type":"Feature","properties":{},"geometry":{"type":"LineString","coordinates":[[128.7129,36.2054],[128.7137,36.2042]]}},{"type":"Feature","properties":{},"geometry":{"type":"LineString","coordinates":[[128.7127,36.2054],[128.7113,36.2082]]}},{"type":"Feature","properties":{},"geometry":{"type":"LineString","coordinates":[[128.7146,36.2026],[128.7135,36.2042]]}},{"type":"Feature","properties":{},"geometry":{"type":"LineString","coordinates":[[128.7135,36.2042],[128.7127,36.2054]]}},{"type":"Feature","properties":{},"geometry":{"type":"LineString","coordinates":[[128.6979,36.2325],[128.7114,36.2082]]}},{"type":"Feature","properties":{},"geometry":{"type":"LineString","coordinates":[[128.7113,36.2082],[128.6978,36.2325]]}},{"type":"Feature","properties":{},"geometry":{"type":"LineString","coordinates":[[128.6938,36.2402],[128.6966,36.235]]}},{"type":"Feature","properties":{},"geometry":{"type":"LineString","coordinates":[[128.6966,36.235],[128.6979,36.2325]]}},{"type":"Feature","properties":{},"geometry":{"type":"LineString","coordinates":[[128.6964,36.235],[128.6938,36.2402]]}},{"type":"Feature","properties":{},"geometry":{"type":"LineString","coordinates":[[128.6978,36.2325],[128.6964,36.235]]}},{"type":"Feature","properties":{},"geometry":{"type":"LineString","coordinates":[[128.6896,36.2478],[128.6921,36.2434]]}},{"type":"Feature","properties":{},"geometry":{"type":"LineString","coordinates":[[128.6921,36.2434],[128.6938,36.2402]]}},{"type":"Feature","properties":{},"geometry":{"type":"LineString","coordinates":[[128.692,36.2434],[128.6895,36.2478]]}},{"type":"Feature","properties":{},"geometry":{"type":"LineString","coordinates":[[128.6938,36.2402],[128.692,36.2434]]}},{"type":"Feature","properties":{},"geometry":{"type":"LineString","coordinates":[[128.6884,36.2506],[128.6896,36.2478]]}},{"type":"Feature","properties":{},"geometry":{"type":"LineString","coordinates":[[128.6881,36.2506],[128.6895,36.2478]]}},{"type":"Feature","properties":{},"geometry":{"type":"LineString","coordinates":[[128.6878,36.2517],[128.6884,36.2506]]}},{"type":"Feature","properties":{},"geometry":{"type":"LineString","coordinates":[[128.6876,36.2517],[128.6881,36.2506]]}},{"type":"Feature","properties":{},"geometry":{"type":"LineString","coordinates":[[128.6855,36.2559],[128.6872,36.2528]]}},{"type":"Feature","properties":{},"geometry":{"type":"LineString","coordinates":[[128.6854,36.2559],[128.687,36.2528]]}},{"type":"Feature","properties":{},"geometry":{"type":"LineString","coordinates":[[128.687,36.2528],[128.6872,36.2525]]}},{"type":"Feature","properties":{},"geometry":{"type":"LineString","coordinates":[[128.6874,36.252],[128.6876,36.2517]]}},{"type":"Feature","properties":{},"geometry":{"type":"LineString","coordinates":[[128.6872,36.2525],[128.6874,36.252]]}},{"type":"Feature","properties":{},"geometry":{"type":"LineString","coordinates":[[128.6872,36.2528],[128.6874,36.2526]]}},{"type":"Feature","properties":{},"geometry":{"type":"LineString","coordinates":[[128.6876,36.2521],[128.6878,36.2517]]}},{"type":"Feature","properties":{},"geometry":{"type":"LineString","coordinates":[[128.6874,36.2526],[128.6876,36.2521]]}},{"type":"Feature","properties":{},"geometry":{"type":"LineString","coordinates":[[128.6852,36.2566],[128.6855,36.2559]]}},{"type":"Feature","properties":{},"geometry":{"type":"LineString","coordinates":[[128.685,36.2565],[128.6854,36.2559]]}},{"type":"Feature","properties":{},"geometry":{"type":"LineString","coordinates":[[128.6811,36.2643],[128.685,36.2565]]}},{"type":"Feature","properties":{},"geometry":{"type":"LineString","coordinates":[[128.6811,36.2643],[128.6852,36.2566]]}},{"type":"Feature","properties":{},"geometry":{"type":"LineString","coordinates":[[128.6806,36.2657],[128.6811,36.2643]]}},{"type":"Feature","properties":{},"geometry":{"type":"LineString","coordinates":[[128.6807,36.2657],[128.6811,36.2643]]}},{"type":"Feature","properties":{},"geometry":{"type":"LineString","coordinates":[[128.6802,36.2674],[128.6807,36.2657]]}},{"type":"Feature","properties":{},"geometry":{"type":"LineString","coordinates":[[128.68,36.2674],[128.6806,36.2657]]}},{"type":"Feature","properties":{},"geometry":{"type":"LineString","coordinates":[[128.6797,36.2698],[128.68,36.2674]]}},{"type":"Feature","properties":{},"geometry":{"type":"LineString","coordinates":[[128.6799,36.2697],[128.6802,36.2674]]}},{"type":"Feature","properties":{},"geometry":{"type":"LineString","coordinates":[[128.683,36.2883],[128.682,36.2832]]}},{"type":"Feature","properties":{},"geometry":{"type":"LineString","coordinates":[[128.683,36.2892],[128.6819,36.2833]]}},{"type":"Feature","properties":{},"geometry":{"type":"LineString","coordinates":[[128.6812,36.2801],[128.6797,36.2698]]}},{"type":"Feature","properties":{},"geometry":{"type":"LineString","coordinates":[[128.6815,36.281],[128.6813,36.2801]]}},{"type":"Feature","properties":{},"geometry":{"type":"LineString","coordinates":[[128.6814,36.2811],[128.6812,36.2801]]}},{"type":"Feature","properties":{},"geometry":{"type":"LineString","coordinates":[[128.682,36.2832],[128.6815,36.281]]}},{"type":"Feature","properties":{},"geometry":{"type":"LineString","coordinates":[[128.6835,36.2915],[128.683,36.2892]]}},{"type":"Feature","properties":{},"geometry":{"type":"LineString","coordinates":[[128.6838,36.2914],[128.683,36.2883]]}},{"type":"Feature","properties":{},"geometry":{"type":"LineString","coordinates":[[128.6871,36.3062],[128.6869,36.3051]]}},{"type":"Feature","properties":{},"geometry":{"type":"LineString","coordinates":[[128.6819,36.2833],[128.6814,36.2811]]}},{"type":"Feature","properties":{},"geometry":{"type":"LineString","coordinates":[[128.6867,36.3042],[128.6838,36.2914]]}},{"type":"Feature","properties":{},"geometry":{"type":"LineString","coordinates":[[128.69,36.3149],[128.6882,36.3094]]}},{"type":"Feature","properties":{},"geometry":{"type":"LineString","coordinates":[[128.6882,36.3094],[128.6871,36.3062]]}},{"type":"Feature","properties":{},"geometry":{"type":"LineString","coordinates":[[128.6869,36.3051],[128.6835,36.2915]]}},{"type":"Feature","properties":{},"geometry":{"type":"LineString","coordinates":[[128.6873,36.3062],[128.6867,36.3042]]}},{"type":"Feature","properties":{},"geometry":{"type":"LineString","coordinates":[[128.6882,36.3094],[128.6873,36.3062]]}},{"type":"Feature","properties":{},"geometry":{"type":"LineString","coordinates":[[128.6902,36.3148],[128.6882,36.3094]]}},{"type":"Feature","properties":{},"geometry":{"type":"LineString","coordinates":[[128.6948,36.3387],[128.695,36.3366]]}},{"type":"Feature","properties":{},"geometry":{"type":"LineString","coordinates":[[128.6951,36.3358],[128.6947,36.3291],[128.6902,36.3148]]}},{"type":"Feature","properties":{},"geometry":{"type":"LineString","coordinates":[[128.6948,36.3389],[128.6951,36.3366]]}},{"type":"Feature","properties":{},"geometry":{"type":"LineString","coordinates":[[128.695,36.336],[128.6945,36.3291],[128.69,36.3149]]}},{"type":"Feature","properties":{},"geometry":{"type":"LineString","coordinates":[[128.6943,36.3436],[128.6948,36.3389]]}},{"type":"Feature","properties":{},"geometry":{"type":"LineString","coordinates":[[128.6942,36.3436],[128.6948,36.3387]]}},{"type":"Feature","properties":{},"geometry":{"type":"LineString","coordinates":[[128.6937,36.3489],[128.6937,36.3487]]}},{"type":"Feature","properties":{},"geometry":{"type":"LineString","coordinates":[[128.693,36.3546],[128.6937,36.349]]}},{"type":"Feature","properties":{},"geometry":{"type":"LineString","coordinates":[[128.694,36.3462],[128.6943,36.3436]]}},{"type":"Feature","properties":{},"geometry":{"type":"LineString","coordinates":[[128.6939,36.3462],[128.6942,36.3436]]}},{"type":"Feature","properties":{},"geometry":{"type":"LineString","coordinates":[[128.6936,36.3488],[128.6939,36.3462]]}},{"type":"Feature","properties":{},"geometry":{"type":"LineString","coordinates":[[128.6937,36.3487],[128.6938,36.3478]]}},{"type":"Feature","properties":{},"geometry":{"type":"LineString","coordinates":[[128.6927,36.356],[128.6935,36.3494]]}},{"type":"Feature","properties":{},"geometry":{"type":"LineString","coordinates":[[128.6922,36.3581],[128.6924,36.3578]]}},{"type":"Feature","properties":{},"geometry":{"type":"LineString","coordinates":[[128.6839,36.3665],[128.6922,36.3581]]}},{"type":"Feature","properties":{},"geometry":{"type":"LineString","coordinates":[[128.682,36.3721],[128.6826,36.3684],[128.6839,36.3665]]}},{"type":"Feature","properties":{},"geometry":{"type":"LineString","coordinates":[[128.6813,36.3811],[128.6813,36.3806]]}},{"type":"Feature","properties":{},"geometry":{"type":"LineString","coordinates":[[128.6811,36.3811],[128.6811,36.3812]]}},{"type":"Feature","properties":{},"geometry":{"type":"LineString","coordinates":[[128.6811,36.3806],[128.6811,36.3811]]}},{"type":"Feature","properties":{},"geometry":{"type":"LineString","coordinates":[[128.6812,36.3812],[128.6813,36.3811]]}},{"type":"Feature","properties":{},"geometry":{"type":"LineString","coordinates":[[128.6816,36.3741],[128.6811,36.3806]]}},{"type":"Feature","properties":{},"geometry":{"type":"LineString","coordinates":[[128.6811,36.3812],[128.681,36.3832]]}},{"type":"Feature","properties":{},"geometry":{"type":"LineString","coordinates":[[128.6812,36.3812],[128.6812,36.3832]]}},{"type":"Feature","properties":{},"geometry":{"type":"LineString","coordinates":[[128.679,36.4145],[128.6789,36.4149]]}},{"type":"Feature","properties":{},"geometry":{"type":"LineString","coordinates":[[128.681,36.3832],[128.6828,36.395],[128.6829,36.4019],[128.679,36.4145]]}},{"type":"Feature","properties":{},"geometry":{"type":"LineString","coordinates":[[128.6789,36.4149],[128.6775,36.4183]]}},{"type":"Feature","properties":{},"geometry":{"type":"LineString","coordinates":[[128.6788,36.4149],[128.6774,36.4183]]}},{"type":"Feature","properties":{},"geometry":{"type":"LineString","coordinates":[[128.6775,36.4183],[128.6772,36.4191]]}},{"type":"Feature","properties":{},"geometry":{"type":"LineString","coordinates":[[128.679,36.4145],[128.6788,36.4149]]}},{"type":"Feature","properties":{},"geometry":{"type":"LineString","coordinates":[[128.6771,36.4191],[128.6769,36.42]]}},{"type":"Feature","properties":{},"geometry":{"type":"LineString","coordinates":[[128.6812,36.3832],[128.683,36.395],[128.6831,36.4021],[128.679,36.4145]]}},{"type":"Feature","properties":{},"geometry":{"type":"LineString","coordinates":[[127.8858,37.3482],[127.8853,37.3479]]}},{"type":"Feature","properties":{},"geometry":{"type":"LineString","coordinates":[[127.8852,37.3479],[127.8857,37.3483]]}},{"type":"Feature","properties":{},"geometry":{"type":"LineString","coordinates":[[127.9126,37.3645],[127.9133,37.3648]]}},{"type":"Feature","properties":{},"geometry":{"type":"LineString","coordinates":[[127.918,37.367],[127.9169,37.3664]]}},{"type":"Feature","properties":{},"geometry":{"type":"LineString","coordinates":[[127.9168,37.3664],[127.918,37.3671]]}},{"type":"Feature","properties":{},"geometry":{"type":"LineString","coordinates":[[127.9281,37.3812],[127.9272,37.3788]]}},{"type":"Feature","properties":{},"geometry":{"type":"LineString","coordinates":[[127.9281,37.3812],[127.9284,37.3819]]}},{"type":"Feature","properties":{},"geometry":{"type":"LineString","coordinates":[[127.9303,37.3864],[127.9286,37.3824]]}},{"type":"Feature","properties":{},"geometry":{"type":"LineString","coordinates":[[127.9302,37.3864],[127.9315,37.3895]]}},{"type":"Feature","properties":{},"geometry":{"type":"LineString","coordinates":[[127.9378,37.4014],[127.9356,37.3983]]}},{"type":"Feature","properties":{},"geometry":{"type":"LineString","coordinates":[[127.9377,37.4014],[127.9398,37.4039]]}},{"type":"Feature","properties":{},"geometry":{"type":"LineString","coordinates":[[127.9465,37.4097],[127.9455,37.4089]]}},{"type":"Feature","properties":{},"geometry":{"type":"LineString","coordinates":[[127.9479,37.4109],[127.9465,37.4097]]}},{"type":"Feature","properties":{},"geometry":{"type":"LineString","coordinates":[[127.9464,37.4097],[127.9478,37.411]]}},{"type":"Feature","properties":{},"geometry":{"type":"LineString","coordinates":[[127.9454,37.4089],[127.9464,37.4097]]}},{"type":"Feature","properties":{},"geometry":{"type":"LineString","coordinates":[[127.9491,37.412],[127.9479,37.4109]]}},{"type":"Feature","properties":{},"geometry":{"type":"LineString","coordinates":[[127.9516,37.4141],[127.9491,37.412]]}},{"type":"Feature","properties":{},"geometry":{"type":"LineString","coordinates":[[127.949,37.412],[127.9515,37.4142]]}},{"type":"Feature","properties":{},"geometry":{"type":"LineString","coordinates":[[127.9478,37.411],[127.949,37.412]]}},{"type":"Feature","properties":{},"geometry":{"type":"LineString","coordinates":[[127.9788,37.4345],[127.978,37.4339]]}},{"type":"Feature","properties":{},"geometry":{"type":"LineString","coordinates":[[127.978,37.4339],[127.9787,37.4345]]}},{"type":"Feature","properties":{},"geometry":{"type":"LineString","coordinates":[[127.9838,37.442],[127.9844,37.4437]]}},{"type":"Feature","properties":{},"geometry":{"type":"LineString","coordinates":[[127.9922,37.4681],[127.991,37.4667]]}},{"type":"Feature","properties":{},"geometry":{"type":"LineString","coordinates":[[127.991,37.4667],[127.9921,37.4681]]}},{"type":"Feature","properties":{},"geometry":{"type":"LineString","coordinates":[[128.0066,37.4802],[128.0115,37.4835]]}},{"type":"Feature","properties":{},"geometry":{"type":"LineString","coordinates":[[128.0123,37.484],[128.0116,37.4835]]}},{"type":"Feature","properties":{},"geometry":{"type":"LineString","coordinates":[[128.0149,37.4857],[128.0123,37.484]]}},{"type":"Feature","properties":{},"geometry":{"type":"LineString","coordinates":[[128.0123,37.4841],[128.0149,37.4857]]}},{"type":"Feature","properties":{},"geometry":{"type":"LineString","coordinates":[[128.0253,37.4927],[128.0226,37.4909]]}},{"type":"Feature","properties":{},"geometry":{"type":"LineString","coordinates":[[128.0225,37.491],[128.0252,37.4927]]}},{"type":"Feature","properties":{},"geometry":{"type":"LineString","coordinates":[[128.0368,37.5006],[128.0363,37.5002]]}},{"type":"Feature","properties":{},"geometry":{"type":"LineString","coordinates":[[128.0367,37.5006],[128.0371,37.5009]]}},{"type":"Feature","properties":{},"geometry":{"type":"LineString","coordinates":[[128.112,37.5253],[128.1055,37.5235]]}},{"type":"Feature","properties":{},"geometry":{"type":"LineString","coordinates":[[128.112,37.5254],[128.1129,37.5256]]}},{"type":"Feature","properties":{},"geometry":{"type":"LineString","coordinates":[[128.2405,37.5129],[128.2281,37.5111]]}},{"type":"Feature","properties":{},"geometry":{"type":"LineString","coordinates":[[128.2406,37.513],[128.2405,37.5129]]}},{"type":"Feature","properties":{},"geometry":{"type":"LineString","coordinates":[[128.3332,37.5569],[128.3274,37.5557]]}},{"type":"Feature","properties":{},"geometry":{"type":"LineString","coordinates":[[128.3332,37.5569],[128.3403,37.5583]]}},{"type":"Feature","properties":{},"geometry":{"type":"LineString","coordinates":[[128.3457,37.5593],[128.3447,37.5591]]}},{"type":"Feature","properties":{},"geometry":{"type":"LineString","coordinates":[[128.3459,37.5593],[128.3457,37.5593]]}},{"type":"Feature","properties":{},"geometry":{"type":"LineString","coordinates":[[128.3459,37.5594],[128.347,37.5596]]}},{"type":"Feature","properties":{},"geometry":{"type":"LineString","coordinates":[[128.3456,37.5593],[128.3459,37.5594]]}},{"type":"Feature","properties":{},"geometry":{"type":"LineString","coordinates":[[128.347,37.5595],[128.3459,37.5593]]}},{"type":"Feature","properties":{},"geometry":{"type":"LineString","coordinates":[[128.3426,37.5588],[128.3447,37.5592]]}},{"type":"Feature","properties":{},"geometry":{"type":"LineString","coordinates":[[128.3566,37.5601],[128.3559,37.5602]]}},{"type":"Feature","properties":{},"geometry":{"type":"LineString","coordinates":[[128.3566,37.5602],[128.3602,37.56]]}},{"type":"Feature","properties":{},"geometry":{"type":"LineString","coordinates":[[128.3559,37.5602],[128.3551,37.5602]]}},{"type":"Feature","properties":{},"geometry":{"type":"LineString","coordinates":[[128.3559,37.5602],[128.3566,37.5602]]}},{"type":"Feature","properties":{},"geometry":{"type":"LineString","coordinates":[[128.4368,37.5616],[128.4362,37.5617]]}},{"type":"Feature","properties":{},"geometry":{"type":"LineString","coordinates":[[128.4368,37.5617],[128.4391,37.5616]]}},{"type":"Feature","properties":{},"geometry":{"type":"LineString","coordinates":[[128.5264,37.6048],[128.5247,37.6038]]}},{"type":"Feature","properties":{},"geometry":{"type":"LineString","coordinates":[[128.5246,37.6038],[128.5264,37.6048]]}},{"type":"Feature","properties":{},"geometry":{"type":"LineString","coordinates":[[128.5211,37.6015],[128.5203,37.601]]}},{"type":"Feature","properties":{},"geometry":{"type":"LineString","coordinates":[[128.5203,37.601],[128.5211,37.6016]]}},{"type":"Feature","properties":{},"geometry":{"type":"LineString","coordinates":[[128.5466,37.6148],[128.5463,37.6146]]}},{"type":"Feature","properties":{},"geometry":{"type":"LineString","coordinates":[[128.5466,37.6148],[128.5468,37.6149]]}},{"type":"Feature","properties":{},"geometry":{"type":"LineString","coordinates":[[128.5558,37.6221],[128.5562,37.6227]]}},{"type":"Feature","properties":{},"geometry":{"type":"LineString","coordinates":[[128.5676,37.6348],[128.5662,37.6333]]}},{"type":"Feature","properties":{},"geometry":{"type":"LineString","coordinates":[[128.5676,37.6348],[128.5685,37.6358]]}},{"type":"Feature","properties":{},"geometry":{"type":"LineString","coordinates":[[128.5685,37.6358],[128.5686,37.6359]]}},{"type":"Feature","properties":{},"geometry":{"type":"LineString","coordinates":[[128.5685,37.6357],[128.5676,37.6348]]}},{"type":"Feature","properties":{},"geometry":{"type":"LineString","coordinates":[[128.579,37.6471],[128.5773,37.6452]]}},{"type":"Feature","properties":{},"geometry":{"type":"LineString","coordinates":[[128.5772,37.6453],[128.5789,37.6471]]}},{"type":"Feature","properties":{},"geometry":{"type":"LineString","coordinates":[[128.5755,37.6433],[128.5735,37.641]]}},{"type":"Feature","properties":{},"geometry":{"type":"LineString","coordinates":[[128.5755,37.6433],[128.5772,37.6453]]}},{"type":"Feature","properties":{},"geometry":{"type":"LineString","coordinates":[[128.5716,37.639],[128.5701,37.6375]]}},{"type":"Feature","properties":{},"geometry":{"type":"LineString","coordinates":[[128.57,37.6375],[128.5716,37.6391]]}},{"type":"Feature","properties":{},"geometry":{"type":"LineString","coordinates":[[128.8139,37.7232],[128.812,37.7226]]}},{"type":"Feature","properties":{},"geometry":{"type":"LineString","coordinates":[[128.8152,37.7236],[128.8139,37.7232]]}},{"type":"Feature","properties":{},"geometry":{"type":"LineString","coordinates":[[128.8152,37.7236],[128.8153,37.7236]]}},{"type":"Feature","properties":{},"geometry":{"type":"LineString","coordinates":[[128.8138,37.7232],[128.8152,37.7236]]}},{"type":"Feature","properties":{},"geometry":{"type":"LineString","coordinates":[[128.8676,37.7191],[128.8639,37.7191]]}},{"type":"Feature","properties":{},"geometry":{"type":"LineString","coordinates":[[128.8676,37.7192],[128.8744,37.7193]]}},{"type":"Feature","properties":{},"geometry":{"type":"LineString","coordinates":[[128.8747,37.7193],[128.8676,37.7191]]}},{"type":"Feature","properties":{},"geometry":{"type":"LineString","coordinates":[[128.8744,37.7193],[128.8763,37.7194]]}},{"type":"Feature","properties":{},"geometry":{"type":"LineString","coordinates":[[128.8986,37.7203],[128.8998,37.7203]]}},{"type":"Feature","properties":{},"geometry":{"type":"LineString","coordinates":[[128.8983,37.7202],[128.8949,37.72]]}},{"type":"Feature","properties":{},"geometry":{"type":"LineString","coordinates":[[128.8998,37.7202],[128.8983,37.7202]]}},{"type":"Feature","properties":{},"geometry":{"type":"LineString","coordinates":[[128.8949,37.7201],[128.8983,37.7203]]}},{"type":"Feature","properties":{},"geometry":{"type":"LineString","coordinates":[[128.9026,37.7203],[128.9049,37.7202]]}},{"type":"Feature","properties":{},"geometry":{"type":"LineString","coordinates":[[128.9036,37.7202],[128.9017,37.7203]]}},{"type":"Feature","properties":{},"geometry":{"type":"LineString","coordinates":[[128.9137,37.7195],[128.9128,37.7196]]}},{"type":"Feature","properties":{},"geometry":{"type":"LineString","coordinates":[[128.9128,37.7196],[128.9137,37.7196]]}},{"type":"Feature","properties":{},"geometry":{"type":"LineString","coordinates":[[128.914,37.7195],[128.9137,37.7195]]}},{"type":"Feature","properties":{},"geometry":{"type":"LineString","coordinates":[[128.9173,37.7192],[128.914,37.7195]]}},{"type":"Feature","properties":{},"geometry":{"type":"LineString","coordinates":[[128.914,37.7195],[128.9173,37.7193]]}},{"type":"Feature","properties":{},"geometry":{"type":"LineString","coordinates":[[128.9137,37.7196],[128.914,37.7195]]}},{"type":"Feature","properties":{},"geometry":{"type":"LineString","coordinates":[[128.9195,37.7191],[128.9241,37.7196]]}},{"type":"Feature","properties":{},"geometry":{"type":"LineString","coordinates":[[128.9181,37.7192],[128.9195,37.7191]]}},{"type":"Feature","properties":{},"geometry":{"type":"LineString","coordinates":[[128.9173,37.7193],[128.9181,37.7192]]}},{"type":"Feature","properties":{},"geometry":{"type":"LineString","coordinates":[[128.9182,37.7192],[128.9173,37.7192]]}},{"type":"Feature","properties":{},"geometry":{"type":"LineString","coordinates":[[128.9195,37.7191],[128.9182,37.7192]]}},{"type":"Feature","properties":{},"geometry":{"type":"LineString","coordinates":[[128.7759,35.3025],[128.777,35.3042]]}},{"type":"Feature","properties":{},"geometry":{"type":"LineString","coordinates":[[128.776,35.3025],[128.7721,35.2964]]}},{"type":"Feature","properties":{},"geometry":{"type":"LineString","coordinates":[[128.7425,35.2285],[128.7525,35.2268],[128.7555,35.2268]]}},{"type":"Feature","properties":{},"geometry":{"type":"LineString","coordinates":[[128.7556,35.2268],[128.7527,35.2267],[128.7424,35.2285]]}},{"type":"Feature","properties":{},"geometry":{"type":"LineString","coordinates":[[128.2246,35.1721],[128.224,35.1719]]}},{"type":"Feature","properties":{},"geometry":{"type":"LineString","coordinates":[[128.2246,35.1721],[128.2252,35.1723]]}},{"type":"Feature","properties":{},"geometry":{"type":"LineString","coordinates":[[127.5086,37.2624],[127.5067,37.2637]]}},{"type":"Feature","properties":{},"geometry":{"type":"LineString","coordinates":[[127.5094,37.2618],[127.5109,37.2606]]}},{"type":"Feature","properties":{},"geometry":{"type":"LineString","coordinates":[[127.6858,37.4461],[127.6865,37.446]]}},{"type":"Feature","properties":{},"geometry":{"type":"LineString","coordinates":[[127.6865,37.446],[127.6903,37.4452]]}},{"type":"Feature","properties":{},"geometry":{"type":"LineString","coordinates":[[127.6865,37.4459],[127.6858,37.446]]}},{"type":"Feature","properties":{},"geometry":{"type":"LineString","coordinates":[[127.6903,37.4451],[127.6865,37.4459]]}},{"type":"Feature","properties":{},"geometry":{"type":"LineString","coordinates":[[127.5336,37.1995],[127.5348,37.1981]]}},{"type":"Feature","properties":{},"geometry":{"type":"LineString","coordinates":[[127.5348,37.1981],[127.5379,37.1945]]}},{"type":"Feature","properties":{},"geometry":{"type":"LineString","coordinates":[[126.9414,37.111],[126.9444,37.1086]]}},{"type":"Feature","properties":{},"geometry":{"type":"LineString","coordinates":[[126.9444,37.1086],[126.9451,37.1079]]}},{"type":"Feature","properties":{},"geometry":{"type":"LineString","coordinates":[[126.9413,37.111],[126.9444,37.1085]]}},{"type":"Feature","properties":{},"geometry":{"type":"LineString","coordinates":[[126.9444,37.1085],[126.9451,37.1078]]}},{"type":"Feature","properties":{},"geometry":{"type":"LineString","coordinates":[[126.9472,36.9931],[126.9467,36.992]]}},{"type":"Feature","properties":{},"geometry":{"type":"LineString","coordinates":[[126.9471,36.9932],[126.9467,36.9921]]}},{"type":"Feature","properties":{},"geometry":{"type":"LineString","coordinates":[[129.3777,36.4135],[129.3778,36.4132]]}},{"type":"Feature","properties":{},"geometry":{"type":"LineString","coordinates":[[127.9066,37.0455],[127.9006,37.0504]]}},{"type":"Feature","properties":{},"geometry":{"type":"LineString","coordinates":[[127.8653,37.0679],[127.8667,37.0677]]}},{"type":"Feature","properties":{},"geometry":{"type":"LineString","coordinates":[[127.8667,37.0677],[127.867,37.0677]]}},{"type":"Feature","properties":{},"geometry":{"type":"LineString","coordinates":[[127.8548,37.0689],[127.8573,37.0687]]}},{"type":"Feature","properties":{},"geometry":{"type":"LineString","coordinates":[[127.6575,37.115],[127.6579,37.1146]]}},{"type":"Feature","properties":{},"geometry":{"type":"LineString","coordinates":[[127.6264,37.13],[127.6283,37.1294]]}},{"type":"Feature","properties":{},"geometry":{"type":"LineString","coordinates":[[127.4957,37.262],[127.5002,37.2632]]}},{"type":"Feature","properties":{},"geometry":{"type":"LineString","coordinates":[[127.4957,37.262],[127.5002,37.2633]]}},{"type":"Feature","properties":{},"geometry":{"type":"LineString","coordinates":[[127.4931,37.2612],[127.4957,37.262]]}},{"type":"Feature","properties":{},"geometry":{"type":"LineString","coordinates":[[127.4931,37.2612],[127.4957,37.262]]}},{"type":"Feature","properties":{},"geometry":{"type":"LineString","coordinates":[[127.5332,37.2001],[127.5336,37.1995]]}},{"type":"Feature","properties":{},"geometry":{"type":"LineString","coordinates":[[127.0572,37.0875],[127.0542,37.0796],[127.0546,37.0723],[127.0529,37.0565]]}},{"type":"Feature","properties":{},"geometry":{"type":"LineString","coordinates":[[127.1482,36.8155],[127.1472,36.8097]]}},{"type":"Feature","properties":{},"geometry":{"type":"LineString","coordinates":[[129.2978,35.4775],[129.2967,35.4708],[129.2956,35.4677]]}},{"type":"Feature","properties":{},"geometry":{"type":"LineString","coordinates":[[129.2936,35.4658],[129.2961,35.4689],[129.2978,35.4775]]}},{"type":"Feature","properties":{},"geometry":{"type":"LineString","coordinates":[[129.2956,35.4677],[129.2936,35.4658]]}},{"type":"Feature","properties":{},"geometry":{"type":"LineString","coordinates":[[129.1235,35.8242],[129.124,35.8247]]}},{"type":"Feature","properties":{},"geometry":{"type":"LineString","coordinates":[[129.1313,35.8025],[129.1194,35.8081]]}},{"type":"Feature","properties":{},"geometry":{"type":"LineString","coordinates":[[129.1206,35.8093],[129.1315,35.803]]}},{"type":"Feature","properties":{},"geometry":{"type":"LineString","coordinates":[[127.6134,37.4864],[127.6192,37.4828]]}},{"type":"Feature","properties":{},"geometry":{"type":"LineString","coordinates":[[127.6192,37.4828],[127.6134,37.4863]]}},{"type":"Feature","properties":{},"geometry":{"type":"LineString","coordinates":[[127.843,37.3462],[127.844,37.3455]]}},{"type":"Feature","properties":{},"geometry":{"type":"LineString","coordinates":[[129.2934,36.0042],[129.3022,36.0218]]}},{"type":"Feature","properties":{},"geometry":{"type":"LineString","coordinates":[[129.3023,36.0218],[129.2934,36.0041]]}},{"type":"Feature","properties":{},"geometry":{"type":"LineString","coordinates":[[129.1241,35.8405],[129.1266,35.8385]]}},{"type":"Feature","properties":{},"geometry":{"type":"LineString","coordinates":[[128.7992,35.4389],[128.8005,35.433]]}},{"type":"Feature","properties":{},"geometry":{"type":"LineString","coordinates":[[128.7991,35.4392],[128.7992,35.4389]]}},{"type":"Feature","properties":{},"geometry":{"type":"LineString","coordinates":[[129.2887,36.0021],[129.2872,36.0021]]}},{"type":"Feature","properties":{},"geometry":{"type":"LineString","coordinates":[[129.2872,36.0021],[129.287,36.0021]]}},{"type":"Feature","properties":{},"geometry":{"type":"LineString","coordinates":[[129.2872,36.0022],[129.2887,36.0022]]}},{"type":"Feature","properties":{},"geometry":{"type":"LineString","coordinates":[[129.2869,36.0022],[129.2872,36.0022]]}},{"type":"Feature","properties":{},"geometry":{"type":"LineString","coordinates":[[127.0663,37.6136],[127.0661,37.614]]}},{"type":"Feature","properties":{},"geometry":{"type":"LineString","coordinates":[[127.0662,37.6141],[127.0664,37.6136]]}},{"type":"Feature","properties":{},"geometry":{"type":"LineString","coordinates":[[127.0675,37.6103],[127.0663,37.6136]]}},{"type":"Feature","properties":{},"geometry":{"type":"LineString","coordinates":[[127.0664,37.6136],[127.0676,37.6103]]}},{"type":"Feature","properties":{},"geometry":{"type":"LineString","coordinates":[[128.82,35.4015],[128.8321,35.4004],[128.8385,35.3987],[128.8591,35.4005],[128.8637,35.3997]]}},{"type":"Feature","properties":{},"geometry":{"type":"LineString","coordinates":[[128.8637,35.3997],[128.8639,35.3996]]}},{"type":"Feature","properties":{},"geometry":{"type":"LineString","coordinates":[[126.8109,37.6299],[126.8107,37.6302]]}},{"type":"Feature","properties":{},"geometry":{"type":"LineString","coordinates":[[127.1003,36.8107],[127.1005,36.8098]]}},{"type":"Feature","properties":{},"geometry":{"type":"LineString","coordinates":[[127.1001,36.8114],[127.0999,36.8122]]}},{"type":"Feature","properties":{},"geometry":{"type":"LineString","coordinates":[[126.8102,36.8044],[126.8036,36.8]]}},{"type":"Feature","properties":{},"geometry":{"type":"LineString","coordinates":[[126.8103,36.8044],[126.8037,36.7999]]}},{"type":"Feature","properties":{},"geometry":{"type":"LineString","coordinates":[[127.65,37.1213],[127.6502,37.1212]]}},{"type":"Feature","properties":{},"geometry":{"type":"LineString","coordinates":[[127.0498,37.5828],[127.0501,37.5832]]}},{"type":"Feature","properties":{},"geometry":{"type":"LineString","coordinates":[[127.0501,37.5832],[127.0503,37.5835]]}},{"type":"Feature","properties":{},"geometry":{"type":"LineString","coordinates":[[128.9455,35.9594],[128.9521,35.9596]]}},{"type":"Feature","properties":{},"geometry":{"type":"LineString","coordinates":[[129.2654,37.3227],[129.2636,37.3242]]}},{"type":"Feature","properties":{},"geometry":{"type":"LineString","coordinates":[[129.1713,37.4334],[129.1726,37.4318]]}},{"type":"Feature","properties":{},"geometry":{"type":"LineString","coordinates":[[129.1726,37.4318],[129.1737,37.4313]]}},{"type":"Feature","properties":{},"geometry":{"type":"LineString","coordinates":[[129.1071,37.5494],[129.1056,37.5519]]}},{"type":"Feature","properties":{},"geometry":{"type":"LineString","coordinates":[[129.1056,37.5519],[129.1055,37.552]]}},{"type":"Feature","properties":{},"geometry":{"type":"LineString","coordinates":[[129.1055,37.552],[129.1039,37.5546],[129.1043,37.5568]]}},{"type":"Feature","properties":{},"geometry":{"type":"LineString","coordinates":[[129.1043,37.5568],[129.1061,37.5593],[129.1112,37.5627]]}},{"type":"Feature","properties":{},"geometry":{"type":"LineString","coordinates":[[129.0129,37.7085],[129.0159,37.7044],[129.0204,37.7015],[129.0228,37.6991]]}},{"type":"Feature","properties":{},"geometry":{"type":"LineString","coordinates":[[129.0228,37.6991],[129.0229,37.699]]}},{"type":"Feature","properties":{},"geometry":{"type":"LineString","coordinates":[[129.3537,35.5383],[129.3523,35.5357]]}},{"type":"Feature","properties":{},"geometry":{"type":"LineString","coordinates":[[129.3537,35.5383],[129.3521,35.5351]]}},{"type":"Feature","properties":{},"geometry":{"type":"LineString","coordinates":[[129.0611,35.1648],[129.061,35.1647]]}},{"type":"Feature","properties":{},"geometry":{"type":"LineString","coordinates":[[129.0622,35.1653],[129.0617,35.1651]]}},{"type":"Feature","properties":{},"geometry":{"type":"LineString","coordinates":[[129.3304,35.7038],[129.3288,35.7045]]}},{"type":"Feature","properties":{},"geometry":{"type":"LineString","coordinates":[[129.3288,35.7046],[129.3304,35.7038]]}},{"type":"Feature","properties":{},"geometry":{"type":"LineString","coordinates":[[129.3315,35.7033],[129.3304,35.7038]]}},{"type":"Feature","properties":{},"geometry":{"type":"LineString","coordinates":[[129.3304,35.7038],[129.3315,35.7034]]}},{"type":"Feature","properties":{},"geometry":{"type":"LineString","coordinates":[[129.3142,35.711],[129.3159,35.7103]]}},{"type":"Feature","properties":{},"geometry":{"type":"LineString","coordinates":[[129.3159,35.7102],[129.3142,35.711]]}},{"type":"Feature","properties":{},"geometry":{"type":"LineString","coordinates":[[129.3142,35.711],[129.3125,35.7118]]}},{"type":"Feature","properties":{},"geometry":{"type":"LineString","coordinates":[[129.3125,35.7118],[129.3142,35.711]]}},{"type":"Feature","properties":{},"geometry":{"type":"LineString","coordinates":[[126.7938,37.4883],[126.7941,37.4906],[126.7965,37.4974],[126.7982,37.5106],[126.8046,37.5177],[126.8048,37.5297],[126.8097,37.544],[126.8095,37.5468],[126.8038,37.5624],[126.8029,37.5664],[126.8031,37.5723],[126.8045,37.5755],[126.8214,37.5984],[126.8302,37.606],[126.8307,37.6079],[126.8303,37.6099],[126.827,37.6137]]}},{"type":"Feature","properties":{},"geometry":{"type":"LineString","coordinates":[[126.827,37.6137],[126.8304,37.6099],[126.8308,37.6079],[126.8303,37.6059],[126.8216,37.5983],[126.8046,37.5754],[126.8033,37.5725],[126.8031,37.5664],[126.8039,37.5625],[126.8097,37.5468],[126.81,37.5439],[126.805,37.5297],[126.8047,37.5177],[126.7984,37.5106],[126.7967,37.4972],[126.794,37.4899],[126.794,37.4883]]}},{"type":"Feature","properties":{},"geometry":{"type":"LineString","coordinates":[[126.9712,37.5524],[126.9712,37.5519]]}},{"type":"Feature","properties":{},"geometry":{"type":"LineString","coordinates":[[126.9642,37.5298],[126.9629,37.5289]]}},{"type":"Feature","properties":{},"geometry":{"type":"LineString","coordinates":[[126.9631,37.5288],[126.9604,37.5268]]}},{"type":"Feature","properties":{},"geometry":{"type":"LineString","coordinates":[[126.9629,37.5281],[126.9635,37.5284]]}},{"type":"Feature","properties":{},"geometry":{"type":"LineString","coordinates":[[126.9678,37.5322],[126.966,37.5309]]}},{"type":"Feature","properties":{},"geometry":{"type":"LineString","coordinates":[[126.9664,37.5306],[126.9664,37.5305]]}},{"type":"Feature","properties":{},"geometry":{"type":"LineString","coordinates":[[127.0382,37.5627],[127.0378,37.5644]]}},{"type":"Feature","properties":{},"geometry":{"type":"LineString","coordinates":[[127.0383,37.5627],[127.0388,37.5602]]}},{"type":"Feature","properties":{},"geometry":{"type":"LineString","coordinates":[[127.0379,37.5646],[127.0381,37.5636]]}},{"type":"Feature","properties":{},"geometry":{"type":"LineString","coordinates":[[127.0387,37.5602],[127.0382,37.5627]]}},{"type":"Feature","properties":{},"geometry":{"type":"LineString","coordinates":[[127.0481,37.5807],[127.049,37.582]]}},{"type":"Feature","properties":{},"geometry":{"type":"LineString","coordinates":[[127.0494,37.5823],[127.0492,37.582]]}},{"type":"Feature","properties":{},"geometry":{"type":"LineString","coordinates":[[127.0485,37.5807],[127.0494,37.5819]]}},{"type":"Feature","properties":{},"geometry":{"type":"LineString","coordinates":[[127.0486,37.5806],[127.0495,37.5818]]}},{"type":"Feature","properties":{},"geometry":{"type":"LineString","coordinates":[[127.0473,37.5796],[127.0461,37.5779]]}},{"type":"Feature","properties":{},"geometry":{"type":"LineString","coordinates":[[127.0472,37.5796],[127.0481,37.5807]]}},{"type":"Feature","properties":{},"geometry":{"type":"LineString","coordinates":[[126.9712,37.5487],[126.9712,37.5484]]}},{"type":"Feature","properties":{},"geometry":{"type":"LineString","coordinates":[[126.9712,37.5504],[126.9712,37.5497]]}},{"type":"Feature","properties":{},"geometry":{"type":"LineString","coordinates":[[126.8843,37.415],[126.884,37.4144]]}},{"type":"Feature","properties":{},"geometry":{"type":"LineString","coordinates":[[126.8842,37.4151],[126.8838,37.4145]]}},{"type":"Feature","properties":{},"geometry":{"type":"LineString","coordinates":[[126.8841,37.4151],[126.8838,37.4145]]}},{"type":"Feature","properties":{},"geometry":{"type":"LineString","coordinates":[[126.8837,37.4146],[126.884,37.4151]]}},{"type":"Feature","properties":{},"geometry":{"type":"LineString","coordinates":[[126.8836,37.4146],[126.884,37.4152]]}},{"type":"Feature","properties":{},"geometry":{"type":"LineString","coordinates":[[126.8835,37.4146],[126.8838,37.4152]]}},{"type":"Feature","properties":{},"geometry":{"type":"LineString","coordinates":[[126.8858,37.4182],[126.8855,37.4177]]}},{"type":"Feature","properties":{},"geometry":{"type":"LineString","coordinates":[[126.8859,37.4182],[126.8856,37.4177]]}},{"type":"Feature","properties":{},"geometry":{"type":"LineString","coordinates":[[126.886,37.4182],[126.8857,37.4176]]}},{"type":"Feature","properties":{},"geometry":{"type":"LineString","coordinates":[[126.8854,37.4177],[126.8857,37.4183]]}},{"type":"Feature","properties":{},"geometry":{"type":"LineString","coordinates":[[126.8854,37.4177],[126.8857,37.4183]]}},{"type":"Feature","properties":{},"geometry":{"type":"LineString","coordinates":[[126.8852,37.4178],[126.8855,37.4183]]}},{"type":"Feature","properties":{},"geometry":{"type":"LineString","coordinates":[[127.2938,36.6133],[127.2942,36.6104]]}},{"type":"Feature","properties":{},"geometry":{"type":"LineString","coordinates":[[128.6927,36.356],[128.6934,36.3505]]}},{"type":"Feature","properties":{},"geometry":{"type":"LineString","coordinates":[[128.6937,36.349],[128.6937,36.3489]]}},{"type":"Feature","properties":{},"geometry":{"type":"LineString","coordinates":[[128.693,36.3546],[128.6928,36.356]]}},{"type":"Feature","properties":{},"geometry":{"type":"LineString","coordinates":[[128.6938,36.3478],[128.694,36.3462]]}},{"type":"Feature","properties":{},"geometry":{"type":"LineString","coordinates":[[128.6924,36.3578],[128.6925,36.3573]]}},{"type":"Feature","properties":{},"geometry":{"type":"LineString","coordinates":[[128.6937,36.349],[128.6935,36.3494]]}},{"type":"Feature","properties":{},"geometry":{"type":"LineString","coordinates":[[128.417,35.2492],[128.4178,35.2492]]}},{"type":"Feature","properties":{},"geometry":{"type":"LineString","coordinates":[[128.4161,35.2493],[128.417,35.2492]]}},{"type":"Feature","properties":{},"geometry":{"type":"LineString","coordinates":[[128.4178,35.2492],[128.417,35.2492]]}},{"type":"Feature","properties":{},"geometry":{"type":"LineString","coordinates":[[128.417,35.2492],[128.4161,35.2492]]}},{"type":"Feature","properties":{},"geometry":{"type":"LineString","coordinates":[[126.824,37.616],[126.8236,37.6163]]}},{"type":"Feature","properties":{},"geometry":{"type":"LineString","coordinates":[[126.8237,37.6165],[126.8242,37.6161]]}},{"type":"Feature","properties":{},"geometry":{"type":"LineString","coordinates":[[127.3066,37.5563],[127.3127,37.5535]]}},{"type":"Feature","properties":{},"geometry":{"type":"LineString","coordinates":[[127.3127,37.5535],[127.3066,37.5563]]}},{"type":"Feature","properties":{},"geometry":{"type":"LineString","coordinates":[[127.3246,37.5481],[127.3219,37.5493]]}},{"type":"Feature","properties":{},"geometry":{"type":"LineString","coordinates":[[128.6925,36.3573],[128.6927,36.3564]]}},{"type":"Feature","properties":{},"geometry":{"type":"LineString","coordinates":[[128.6927,36.3564],[128.6927,36.356]]}},{"type":"Feature","properties":{},"geometry":{"type":"LineString","coordinates":[[127.268,35.6715],[127.2679,35.6716]]}},{"type":"Feature","properties":{},"geometry":{"type":"LineString","coordinates":[[127.2691,35.6699],[127.268,35.6715]]}},{"type":"Feature","properties":{},"geometry":{"type":"LineString","coordinates":[[127.268,35.6715],[127.2692,35.6699]]}},{"type":"Feature","properties":{},"geometry":{"type":"LineString","coordinates":[[127.268,35.6717],[127.268,35.6715]]}},{"type":"Feature","properties":{},"geometry":{"type":"LineString","coordinates":[[128.6323,36.7969],[128.633,36.7959]]}},{"type":"Feature","properties":{},"geometry":{"type":"LineString","coordinates":[[128.6334,36.7954],[128.6323,36.7968]]}},{"type":"Feature","properties":{},"geometry":{"type":"LineString","coordinates":[[126.7869,37.2497],[126.7869,37.248]]}},{"type":"Feature","properties":{},"geometry":{"type":"LineString","coordinates":[[126.7869,37.248],[126.7869,37.2475]]}},{"type":"Feature","properties":{},"geometry":{"type":"LineString","coordinates":[[126.7868,37.2475],[126.7868,37.2451]]}},{"type":"Feature","properties":{},"geometry":{"type":"LineString","coordinates":[[126.7868,37.248],[126.7868,37.2475]]}},{"type":"Feature","properties":{},"geometry":{"type":"LineString","coordinates":[[126.834,37.1742],[126.8345,37.1739]]}},{"type":"Feature","properties":{},"geometry":{"type":"LineString","coordinates":[[126.8351,37.1737],[126.8361,37.1731]]}},{"type":"Feature","properties":{},"geometry":{"type":"LineString","coordinates":[[126.8955,37.1299],[126.8989,37.128]]}},{"type":"Feature","properties":{},"geometry":{"type":"LineString","coordinates":[[126.8955,37.1298],[126.8988,37.1279]]}},{"type":"Feature","properties":{},"geometry":{"type":"LineString","coordinates":[[126.8988,37.1279],[126.9009,37.127]]}},{"type":"Feature","properties":{},"geometry":{"type":"LineString","coordinates":[[126.8989,37.128],[126.9009,37.1271]]}},{"type":"Feature","properties":{},"geometry":{"type":"LineString","coordinates":[[126.9009,37.1271],[126.9031,37.1262]]}},{"type":"Feature","properties":{},"geometry":{"type":"LineString","coordinates":[[126.9009,37.127],[126.903,37.1261]]}},{"type":"Feature","properties":{},"geometry":{"type":"LineString","coordinates":[[126.903,37.1261],[126.905,37.1254]]}},{"type":"Feature","properties":{},"geometry":{"type":"LineString","coordinates":[[126.9031,37.1262],[126.905,37.1254]]}},{"type":"Feature","properties":{},"geometry":{"type":"LineString","coordinates":[[126.905,37.1254],[126.9061,37.1251]]}},{"type":"Feature","properties":{},"geometry":{"type":"LineString","coordinates":[[126.905,37.1254],[126.9061,37.125]]}},{"type":"Feature","properties":{},"geometry":{"type":"LineString","coordinates":[[126.9061,37.1251],[126.9085,37.1243]]}},{"type":"Feature","properties":{},"geometry":{"type":"LineString","coordinates":[[126.8151,37.1981],[126.8195,37.1914]]}},{"type":"Feature","properties":{},"geometry":{"type":"LineString","coordinates":[[126.8151,37.1981],[126.8194,37.1914]]}},{"type":"Feature","properties":{},"geometry":{"type":"LineString","coordinates":[[126.8194,37.1914],[126.8201,37.1904]]}},{"type":"Feature","properties":{},"geometry":{"type":"LineString","coordinates":[[126.8195,37.1914],[126.8202,37.1905]]}},{"type":"Feature","properties":{},"geometry":{"type":"LineString","coordinates":[[126.9466,36.9918],[126.9463,36.991]]}},{"type":"Feature","properties":{},"geometry":{"type":"LineString","coordinates":[[126.9467,36.9921],[126.9466,36.9918]]}},{"type":"Feature","properties":{},"geometry":{"type":"LineString","coordinates":[[126.9467,36.9918],[126.9463,36.991]]}},{"type":"Feature","properties":{},"geometry":{"type":"LineString","coordinates":[[126.9467,36.992],[126.9467,36.9918]]}},{"type":"Feature","properties":{},"geometry":{"type":"LineString","coordinates":[[126.9372,36.9687],[126.9366,36.9672]]}},{"type":"Feature","properties":{},"geometry":{"type":"LineString","coordinates":[[126.8848,36.8395],[126.8836,36.8391]]}},{"type":"Feature","properties":{},"geometry":{"type":"LineString","coordinates":[[126.8848,36.8394],[126.8836,36.8391]]}},{"type":"Feature","properties":{},"geometry":{"type":"LineString","coordinates":[[127.1416,36.7759],[127.1407,36.7699],[127.1412,36.7656]]}},{"type":"Feature","properties":{},"geometry":{"type":"LineString","coordinates":[[127.1412,36.7656],[127.1413,36.7652]]}},{"type":"Feature","properties":{},"geometry":{"type":"LineString","coordinates":[[127.3053,36.6402],[127.3044,36.641]]}},{"type":"Feature","properties":{},"geometry":{"type":"LineString","coordinates":[[127.3054,36.6401],[127.3053,36.6402]]}},{"type":"Feature","properties":{},"geometry":{"type":"LineString","coordinates":[[127.3043,36.641],[127.3053,36.6401]]}},{"type":"Feature","properties":{},"geometry":{"type":"LineString","coordinates":[[127.3053,36.6401],[127.3054,36.64]]}},{"type":"Feature","properties":{},"geometry":{"type":"LineString","coordinates":[[126.8237,37.6165],[126.8237,37.6165]]}},{"type":"Feature","properties":{},"geometry":{"type":"LineString","coordinates":[[126.8107,37.6305],[126.8095,37.6326]]}},{"type":"Feature","properties":{},"geometry":{"type":"LineString","coordinates":[[126.8103,37.6313],[126.8107,37.6306]]}},{"type":"Feature","properties":{},"geometry":{"type":"LineString","coordinates":[[126.8166,37.6221],[126.8145,37.624],[126.8118,37.6286]]}},{"type":"Feature","properties":{},"geometry":{"type":"LineString","coordinates":[[126.8118,37.6287],[126.8146,37.624],[126.817,37.6218]]}},{"type":"Feature","properties":{},"geometry":{"type":"LineString","coordinates":[[126.8118,37.6286],[126.8108,37.6302]]}},{"type":"Feature","properties":{},"geometry":{"type":"LineString","coordinates":[[126.8109,37.6303],[126.8118,37.6287]]}},{"type":"Feature","properties":{},"geometry":{"type":"LineString","coordinates":[[126.8168,37.622],[126.8173,37.6216]]}},{"type":"Feature","properties":{},"geometry":{"type":"LineString","coordinates":[[129.3521,35.5351],[129.3517,35.5344]]}},{"type":"Feature","properties":{},"geometry":{"type":"LineString","coordinates":[[127.4801,37.2575],[127.4822,37.2581]]}},{"type":"Feature","properties":{},"geometry":{"type":"LineString","coordinates":[[127.4801,37.2575],[127.4822,37.258]]}},{"type":"Feature","properties":{},"geometry":{"type":"LineString","coordinates":[[127.1072,36.7837],[127.107,36.7847]]}},{"type":"Feature","properties":{},"geometry":{"type":"LineString","coordinates":[[127.1077,36.7821],[127.1075,36.7829]]}},{"type":"Feature","properties":{},"geometry":{"type":"LineString","coordinates":[[126.9635,36.094],[126.9586,36.0924],[126.9565,36.0894],[126.9557,36.0846],[126.958,36.0735]]}},{"type":"Feature","properties":{},"geometry":{"type":"LineString","coordinates":[[126.9905,36.1117],[126.9903,36.1016],[126.9885,36.0993],[126.986,36.0984]]}},{"type":"Feature","properties":{},"geometry":{"type":"LineString","coordinates":[[126.9462,36.0455],[126.9466,36.029]]}},{"type":"Feature","properties":{},"geometry":{"type":"LineString","coordinates":[[126.958,36.0735],[126.9576,36.0671],[126.9467,36.0475],[126.9462,36.0455]]}},{"type":"Feature","properties":{},"geometry":{"type":"LineString","coordinates":[[126.9466,36.029],[126.9438,36.0237],[126.9418,36.0105],[126.942,36.0081]]}},{"type":"Feature","properties":{},"geometry":{"type":"LineString","coordinates":[[126.7927,35.1417],[126.7947,35.1451]]}},{"type":"Feature","properties":{},"geometry":{"type":"LineString","coordinates":[[126.7947,35.1451],[126.7949,35.1454]]}},{"type":"Feature","properties":{},"geometry":{"type":"LineString","coordinates":[[126.7967,35.1491],[126.7948,35.1455]]}},{"type":"Feature","properties":{},"geometry":{"type":"LineString","coordinates":[[126.7948,35.1455],[126.7946,35.1452]]}},{"type":"Feature","properties":{},"geometry":{"type":"LineString","coordinates":[[126.7925,35.1418],[126.7946,35.1452]]}},{"type":"Feature","properties":{},"geometry":{"type":"LineString","coordinates":[[126.7946,35.1452],[126.7947,35.1455]]}},{"type":"Feature","properties":{},"geometry":{"type":"LineString","coordinates":[[126.7145,35.0114],[126.7147,35.0116]]}},{"type":"Feature","properties":{},"geometry":{"type":"LineString","coordinates":[[127.0201,36.1064],[127.0176,36.1006]]}},{"type":"Feature","properties":{},"geometry":{"type":"LineString","coordinates":[[127.0201,36.1066],[127.0201,36.1064]]}},{"type":"Feature","properties":{},"geometry":{"type":"LineString","coordinates":[[127.0175,36.1006],[127.02,36.1064]]}},{"type":"Feature","properties":{},"geometry":{"type":"LineString","coordinates":[[127.02,36.1064],[127.02,36.1065]]}},{"type":"Feature","properties":{},"geometry":{"type":"LineString","coordinates":[[126.8542,35.5914],[126.852,35.5882]]}},{"type":"Feature","properties":{},"geometry":{"type":"LineString","coordinates":[[126.852,35.5882],[126.8518,35.588]]}},{"type":"Feature","properties":{},"geometry":{"type":"LineString","coordinates":[[126.852,35.5883],[126.8542,35.5915]]}},{"type":"Feature","properties":{},"geometry":{"type":"LineString","coordinates":[[126.8518,35.588],[126.852,35.5883]]}},{"type":"Feature","properties":{},"geometry":{"type":"LineString","coordinates":[[126.8549,35.5924],[126.8543,35.5915]]}},{"type":"Feature","properties":{},"geometry":{"type":"LineString","coordinates":[[126.8543,35.5915],[126.8542,35.5914]]}},{"type":"Feature","properties":{},"geometry":{"type":"LineString","coordinates":[[126.8543,35.5916],[126.8558,35.594]]}},{"type":"Feature","properties":{},"geometry":{"type":"LineString","coordinates":[[126.8542,35.5915],[126.8543,35.5916]]}},{"type":"Feature","properties":{},"geometry":{"type":"LineString","coordinates":[[126.8506,35.5937],[126.8479,35.584],[126.8455,35.5801]]}},{"type":"Feature","properties":{},"geometry":{"type":"LineString","coordinates":[[126.8305,35.5601],[126.831,35.5608]]}},{"type":"Feature","properties":{},"geometry":{"type":"LineString","coordinates":[[126.831,35.5608],[126.831,35.5609]]}},{"type":"Feature","properties":{},"geometry":{"type":"LineString","coordinates":[[126.8323,35.5626],[126.8311,35.5608]]}},{"type":"Feature","properties":{},"geometry":{"type":"LineString","coordinates":[[126.8311,35.5608],[126.8311,35.5607]]}},{"type":"Feature","properties":{},"geometry":{"type":"LineString","coordinates":[[127.0089,36.1367],[127.0065,36.1323]]}},{"type":"Feature","properties":{},"geometry":{"type":"LineString","coordinates":[[127.0091,36.137],[127.0089,36.1367]]}},{"type":"Feature","properties":{},"geometry":{"type":"LineString","coordinates":[[126.8824,35.6527],[126.8798,35.6464]]}},{"type":"Feature","properties":{},"geometry":{"type":"LineString","coordinates":[[126.8798,35.6464],[126.8796,35.6461]]}},{"type":"Feature","properties":{},"geometry":{"type":"LineString","coordinates":[[126.9603,36.0106],[126.9599,36.0098]]}},{"type":"Feature","properties":{},"geometry":{"type":"LineString","coordinates":[[126.9599,36.0098],[126.9598,36.0097]]}},{"type":"Feature","properties":{},"geometry":{"type":"LineString","coordinates":[[126.9598,36.0098],[126.9602,36.0106]]}},{"type":"Feature","properties":{},"geometry":{"type":"LineString","coordinates":[[126.9597,36.0097],[126.9598,36.0098]]}},{"type":"Feature","properties":{},"geometry":{"type":"LineString","coordinates":[[128.897,37.7625],[128.8977,37.7631]]}},{"type":"Feature","properties":{},"geometry":{"type":"LineString","coordinates":[[128.8977,37.7631],[128.8976,37.763]]}},{"type":"Feature","properties":{},"geometry":{"type":"LineString","coordinates":[[127.2005,35.7855],[127.2029,35.7806]]}},{"type":"Feature","properties":{},"geometry":{"type":"LineString","coordinates":[[127.2029,35.7806],[127.203,35.7804]]}},{"type":"Feature","properties":{},"geometry":{"type":"LineString","coordinates":[[127.2028,35.7806],[127.2005,35.7853]]}},{"type":"Feature","properties":{},"geometry":{"type":"LineString","coordinates":[[127.2029,35.7804],[127.2028,35.7806]]}},{"type":"Feature","properties":{},"geometry":{"type":"LineString","coordinates":[[127.7529,37.4233],[127.7484,37.43]]}},{"type":"Feature","properties":{},"geometry":{"type":"LineString","coordinates":[[127.7529,37.4232],[127.7529,37.4233]]}},{"type":"Feature","properties":{},"geometry":{"type":"LineString","coordinates":[[127.7485,37.4301],[127.7529,37.4234]]}},{"type":"Feature","properties":{},"geometry":{"type":"LineString","coordinates":[[127.7529,37.4234],[127.753,37.4233]]}},{"type":"Feature","properties":{},"geometry":{"type":"LineString","coordinates":[[127.0957,37.2086],[127.0955,37.2082]]}},{"type":"Feature","properties":{},"geometry":{"type":"LineString","coordinates":[[127.0955,37.2078],[127.0957,37.2074]]}},{"type":"Feature","properties":{},"geometry":{"type":"LineString","coordinates":[[127.0706,37.0119],[127.0704,37.0128]]}},{"type":"Feature","properties":{},"geometry":{"type":"LineString","coordinates":[[126.9441,35.9883],[126.9447,35.9836]]}},{"type":"Feature","properties":{},"geometry":{"type":"LineString","coordinates":[[126.9447,35.9836],[126.9447,35.9834]]}},{"type":"Feature","properties":{},"geometry":{"type":"LineString","coordinates":[[126.824,37.6159],[126.8236,37.6163]]}},{"type":"Feature","properties":{},"geometry":{"type":"LineString","coordinates":[[126.8236,37.6163],[126.8236,37.6163]]}},{"type":"Feature","properties":{},"geometry":{"type":"LineString","coordinates":[[126.8241,37.616],[126.8236,37.6164]]}},{"type":"Feature","properties":{},"geometry":{"type":"LineString","coordinates":[[126.8237,37.6164],[126.8241,37.616]]}},{"type":"Feature","properties":{},"geometry":{"type":"LineString","coordinates":[[126.8105,37.6305],[126.8084,37.6341]]}},{"type":"Feature","properties":{},"geometry":{"type":"LineString","coordinates":[[127.2115,36.2156],[127.206,36.2141],[127.1966,36.2101]]}},{"type":"Feature","properties":{},"geometry":{"type":"LineString","coordinates":[[127.2121,36.2158],[127.2115,36.2156]]}},{"type":"Feature","properties":{},"geometry":{"type":"LineString","coordinates":[[127.512,37.2487],[127.5119,37.2482]]}},{"type":"Feature","properties":{},"geometry":{"type":"LineString","coordinates":[[127.5324,37.201],[127.5332,37.2001]]}},{"type":"Feature","properties":{},"geometry":{"type":"LineString","coordinates":[[127.5379,37.1945],[127.5386,37.1939]]}},{"type":"Feature","properties":{},"geometry":{"type":"LineString","coordinates":[[127.9069,36.9738],[127.9081,36.9759]]}},{"type":"Feature","properties":{},"geometry":{"type":"LineString","coordinates":[[127.9058,36.9715],[127.9076,36.9747]]}},{"type":"Feature","properties":{},"geometry":{"type":"LineString","coordinates":[[127.897,37.0532],[127.9006,37.0504]]}},{"type":"Feature","properties":{},"geometry":{"type":"LineString","coordinates":[[127.7899,37.0904],[127.791,37.0898]]}},{"type":"Feature","properties":{},"geometry":{"type":"LineString","coordinates":[[127.7824,37.0947],[127.7836,37.0941]]}},{"type":"Feature","properties":{},"geometry":{"type":"LineString","coordinates":[[126.7657,35.202],[126.7768,35.1938],[126.784,35.19]]}},{"type":"Feature","properties":{},"geometry":{"type":"LineString","coordinates":[[126.765,35.2025],[126.7657,35.202]]}},{"type":"Feature","properties":{},"geometry":{"type":"LineString","coordinates":[[129.2866,37.3078],[129.285,37.3093]]}},{"type":"Feature","properties":{},"geometry":{"type":"LineString","coordinates":[[129.3407,37.1552],[129.3406,37.1554]]}},{"type":"Feature","properties":{},"geometry":{"type":"LineString","coordinates":[[129.3408,37.1549],[129.3407,37.1552]]}},{"type":"Feature","properties":{},"geometry":{"type":"LineString","coordinates":[[129.3494,37.1374],[129.3493,37.1376]]}},{"type":"Feature","properties":{},"geometry":{"type":"LineString","coordinates":[[129.3669,37.104],[129.3665,37.1053]]}},{"type":"Feature","properties":{},"geometry":{"type":"LineString","coordinates":[[127.0113,36.1423],[127.0091,36.137]]}},{"type":"Feature","properties":{},"geometry":{"type":"LineString","coordinates":[[129.3949,37.0698],[129.3939,37.0706]]}},{"type":"Feature","properties":{},"geometry":{"type":"LineString","coordinates":[[129.3969,37.068],[129.3964,37.0686]]}},{"type":"Feature","properties":{},"geometry":{"type":"LineString","coordinates":[[128.9705,37.7402],[128.9718,37.7402]]}},{"type":"Feature","properties":{},"geometry":{"type":"LineString","coordinates":[[127.0507,37.5838],[127.0504,37.5835]]}},{"type":"Feature","properties":{},"geometry":{"type":"LineString","coordinates":[[128.6813,36.3806],[128.682,36.3721]]}},{"type":"Feature","properties":{},"geometry":{"type":"LineString","coordinates":[[128.6833,36.367],[128.6839,36.3665]]}},{"type":"Feature","properties":{},"geometry":{"type":"LineString","coordinates":[[128.6829,36.3674],[128.6833,36.367]]}},{"type":"Feature","properties":{},"geometry":{"type":"LineString","coordinates":[[128.6923,36.3582],[128.6839,36.3665]]}},{"type":"Feature","properties":{},"geometry":{"type":"LineString","coordinates":[[128.6816,36.3741],[128.6829,36.3674]]}},{"type":"Feature","properties":{},"geometry":{"type":"LineString","coordinates":[[128.6935,36.3505],[128.6928,36.356]]}},{"type":"Feature","properties":{},"geometry":{"type":"LineString","coordinates":[[129.4031,37.0554],[129.403,37.0557]]}},{"type":"Feature","properties":{},"geometry":{"type":"LineString","coordinates":[[128.9049,37.7202],[128.9037,37.7202]]}},{"type":"Feature","properties":{},"geometry":{"type":"LineString","coordinates":[[128.9037,37.7202],[128.9036,37.7202]]}},{"type":"Feature","properties":{},"geometry":{"type":"LineString","coordinates":[[128.9017,37.7203],[128.9025,37.7203]]}},{"type":"Feature","properties":{},"geometry":{"type":"LineString","coordinates":[[128.9025,37.7203],[128.9026,37.7203]]}},{"type":"Feature","properties":{},"geometry":{"type":"LineString","coordinates":[[128.8983,37.7203],[128.8985,37.7203]]}},{"type":"Feature","properties":{},"geometry":{"type":"LineString","coordinates":[[128.8985,37.7203],[128.8986,37.7203]]}},{"type":"Feature","properties":{},"geometry":{"type":"LineString","coordinates":[[129.4015,37.0245],[129.402,37.0251]]}},{"type":"Feature","properties":{},"geometry":{"type":"LineString","coordinates":[[129.4014,37.0243],[129.4015,37.0245]]}},{"type":"Feature","properties":{},"geometry":{"type":"LineString","coordinates":[[129.1577,37.4781],[129.1584,37.477]]}},{"type":"Feature","properties":{},"geometry":{"type":"LineString","coordinates":[[129.1575,37.4782],[129.1577,37.4781]]}},{"type":"Feature","properties":{},"geometry":{"type":"LineString","coordinates":[[128.765,35.4996],[128.7648,35.4983]]}},{"type":"Feature","properties":{},"geometry":{"type":"LineString","coordinates":[[128.7666,35.5087],[128.765,35.4996]]}},{"type":"Feature","properties":{},"geometry":{"type":"LineString","coordinates":[[128.7144,35.7028],[128.7139,35.7004],[128.7149,35.6963]]}},{"type":"Feature","properties":{},"geometry":{"type":"LineString","coordinates":[[128.7442,35.6424],[128.7448,35.6417]]}},{"type":"Feature","properties":{},"geometry":{"type":"LineString","coordinates":[[127.1052,37.4839],[127.1141,37.4709],[127.1173,37.4648],[127.1184,37.4602],[127.1187,37.4503]]}},{"type":"Feature","properties":{},"geometry":{"type":"LineString","coordinates":[[127.1052,37.4839],[127.1142,37.4705],[127.1172,37.4647],[127.1183,37.4592],[127.1186,37.4503]]}},{"type":"Feature","properties":{},"geometry":{"type":"LineString","coordinates":[[127.1202,37.3977],[127.1208,37.3938],[127.1202,37.3909],[127.1184,37.3881],[127.1151,37.3852]]}},{"type":"Feature","properties":{},"geometry":{"type":"LineString","coordinates":[[127.115,37.3852],[127.1181,37.3883],[127.1196,37.3909],[127.1203,37.3938],[127.1201,37.3977]]}},{"type":"Feature","properties":{},"geometry":{"type":"LineString","coordinates":[[127.1199,37.3992],[127.1199,37.3996]]}},{"type":"Feature","properties":{},"geometry":{"type":"LineString","coordinates":[[127.104,37.3027],[127.104,37.2971]]}},{"type":"Feature","properties":{},"geometry":{"type":"LineString","coordinates":[[127.1039,37.3026],[127.1039,37.2971]]}},{"type":"Feature","properties":{},"geometry":{"type":"LineString","coordinates":[[127.104,37.3038],[127.1038,37.3042]]}},{"type":"Feature","properties":{},"geometry":{"type":"LineString","coordinates":[[127.0957,37.1941],[127.0954,37.1936]]}},{"type":"Feature","properties":{},"geometry":{"type":"LineString","coordinates":[[127.0955,37.1931],[127.0957,37.1926]]}},{"type":"Feature","properties":{},"geometry":{"type":"LineString","coordinates":[[127.1202,37.3977],[127.1206,37.3938],[127.1201,37.3913],[127.1187,37.3886],[127.1151,37.3852]]}},{"type":"Feature","properties":{},"geometry":{"type":"LineString","coordinates":[[127.115,37.3852],[127.1061,37.3773],[127.1037,37.3729]]}},{"type":"Feature","properties":{},"geometry":{"type":"LineString","coordinates":[[127.1201,37.3977],[127.1205,37.3934],[127.1198,37.3907],[127.1177,37.3877],[127.115,37.3852]]}},{"type":"Feature","properties":{},"geometry":{"type":"LineString","coordinates":[[127.1037,37.3719],[127.104,37.3027]]}},{"type":"Feature","properties":{},"geometry":{"type":"LineString","coordinates":[[127.1037,37.3729],[127.1039,37.3026]]}},{"type":"Feature","properties":{},"geometry":{"type":"LineString","coordinates":[[127.1039,37.3026],[127.1039,37.2971]]}},{"type":"Feature","properties":{},"geometry":{"type":"LineString","coordinates":[[127.104,37.3027],[127.104,37.2971]]}},{"type":"Feature","properties":{},"geometry":{"type":"LineString","coordinates":[[127.0953,37.2047],[127.0953,37.2023]]}},{"type":"Feature","properties":{},"geometry":{"type":"LineString","coordinates":[[127.0958,37.2045],[127.0957,37.2073]]}},{"type":"Feature","properties":{},"geometry":{"type":"LineString","coordinates":[[129.1341,35.8012],[129.1367,35.7997]]}},{"type":"Feature","properties":{},"geometry":{"type":"LineString","coordinates":[[129.1369,35.7999],[129.1376,35.7995]]}},{"type":"Feature","properties":{},"geometry":{"type":"LineString","coordinates":[[129.1413,35.7971],[129.1435,35.7959]]}},{"type":"Feature","properties":{},"geometry":{"type":"LineString","coordinates":[[129.0156,35.9603],[129.0154,35.9606]]}},{"type":"Feature","properties":{},"geometry":{"type":"LineString","coordinates":[[129.0155,35.9606],[129.0157,35.9603]]}},{"type":"Feature","properties":{},"geometry":{"type":"LineString","coordinates":[[129.3835,36.4376],[129.3838,36.4384]]}},{"type":"Feature","properties":{},"geometry":{"type":"LineString","coordinates":[[129.3833,36.4372],[129.3835,36.4376]]}},{"type":"Feature","properties":{},"geometry":{"type":"LineString","coordinates":[[126.9433,35.9336],[126.9434,35.931],[126.945,35.9289]]}},{"type":"Feature","properties":{},"geometry":{"type":"LineString","coordinates":[[126.9513,35.9245],[126.9448,35.9289]]}},{"type":"Feature","properties":{},"geometry":{"type":"LineString","coordinates":[[126.9616,35.9176],[126.9653,35.9151]]}},{"type":"Feature","properties":{},"geometry":{"type":"LineString","coordinates":[[126.9652,35.9151],[126.9615,35.9176]]}},{"type":"Feature","properties":{},"geometry":{"type":"LineString","coordinates":[[126.9653,35.9151],[126.9693,35.9129]]}},{"type":"Feature","properties":{},"geometry":{"type":"LineString","coordinates":[[126.9694,35.9127],[126.9652,35.9151]]}},{"type":"Feature","properties":{},"geometry":{"type":"LineString","coordinates":[[126.9693,35.9129],[126.9884,35.9047]]}},{"type":"Feature","properties":{},"geometry":{"type":"LineString","coordinates":[[126.9883,35.9047],[126.9694,35.9127]]}},{"type":"Feature","properties":{},"geometry":{"type":"LineString","coordinates":[[126.9884,35.9047],[126.9925,35.9034],[126.9973,35.9033]]}},{"type":"Feature","properties":{},"geometry":{"type":"LineString","coordinates":[[126.9971,35.9032],[126.9928,35.9033],[126.9883,35.9047]]}},{"type":"Feature","properties":{},"geometry":{"type":"LineString","coordinates":[[127.0578,35.9096],[127.0594,35.9096]]}},{"type":"Feature","properties":{},"geometry":{"type":"LineString","coordinates":[[127.0594,35.9096],[127.0579,35.9095]]}},{"type":"Feature","properties":{},"geometry":{"type":"LineString","coordinates":[[127.0601,35.9095],[127.0631,35.9077]]}},{"type":"Feature","properties":{},"geometry":{"type":"LineString","coordinates":[[127.0631,35.9077],[127.0601,35.9095]]}},{"type":"Feature","properties":{},"geometry":{"type":"LineString","coordinates":[[127.0738,35.885],[127.0763,35.8813],[127.0806,35.8786]]}},{"type":"Feature","properties":{},"geometry":{"type":"LineString","coordinates":[[127.0806,35.8786],[127.0765,35.8811],[127.0738,35.885]]}},{"type":"Feature","properties":{},"geometry":{"type":"LineString","coordinates":[[127.1362,35.87],[127.141,35.8701]]}},{"type":"Feature","properties":{},"geometry":{"type":"LineString","coordinates":[[127.1411,35.87],[127.1362,35.87]]}},{"type":"Feature","properties":{},"geometry":{"type":"LineString","coordinates":[[127.2104,35.7687],[127.2138,35.7661]]}},{"type":"Feature","properties":{},"geometry":{"type":"LineString","coordinates":[[127.2138,35.7661],[127.2103,35.7687]]}},{"type":"Feature","properties":{},"geometry":{"type":"LineString","coordinates":[[127.2178,35.7599],[127.2184,35.756]]}},{"type":"Feature","properties":{},"geometry":{"type":"LineString","coordinates":[[127.2184,35.7559],[127.2177,35.7608]]}},{"type":"Feature","properties":{},"geometry":{"type":"LineString","coordinates":[[127.2663,35.6758],[127.2671,35.6742]]}},{"type":"Feature","properties":{},"geometry":{"type":"LineString","coordinates":[[127.267,35.6742],[127.2662,35.6758]]}},{"type":"Feature","properties":{},"geometry":{"type":"LineString","coordinates":[[127.2967,35.3576],[127.2976,35.3604]]}},{"type":"Feature","properties":{},"geometry":{"type":"LineString","coordinates":[[127.2976,35.3604],[127.2967,35.3576]]}},{"type":"Feature","properties":{},"geometry":{"type":"LineString","coordinates":[[127.4579,35.1577],[127.4551,35.1615]]}},{"type":"Feature","properties":{},"geometry":{"type":"LineString","coordinates":[[127.4551,35.1615],[127.4579,35.1578]]}},{"type":"Feature","properties":{},"geometry":{"type":"LineString","coordinates":[[127.428,35.0978],[127.4294,35.1009],[127.4315,35.1029]]}},{"type":"Feature","properties":{},"geometry":{"type":"LineString","coordinates":[[127.4315,35.1029],[127.4293,35.1008],[127.4281,35.0979]]}},{"type":"Feature","properties":{},"geometry":{"type":"LineString","coordinates":[[127.4252,35.0844],[127.4249,35.0885]]}},{"type":"Feature","properties":{},"geometry":{"type":"LineString","coordinates":[[127.4249,35.0884],[127.4252,35.0844]]}},{"type":"Feature","properties":{},"geometry":{"type":"LineString","coordinates":[[127.5085,34.9437],[127.5128,34.9425]]}},{"type":"Feature","properties":{},"geometry":{"type":"LineString","coordinates":[[127.5128,34.9425],[127.5087,34.9435]]}},{"type":"Feature","properties":{},"geometry":{"type":"LineString","coordinates":[[127.5152,34.9425],[127.5128,34.9425]]}},{"type":"Feature","properties":{},"geometry":{"type":"LineString","coordinates":[[127.5128,34.9425],[127.5152,34.9426]]}},{"type":"Feature","properties":{},"geometry":{"type":"LineString","coordinates":[[127.5419,34.9377],[127.5431,34.9309]]}},{"type":"Feature","properties":{},"geometry":{"type":"LineString","coordinates":[[127.5431,34.9309],[127.5419,34.9377]]}},{"type":"Feature","properties":{},"geometry":{"type":"LineString","coordinates":[[127.561,34.8925],[127.5636,34.8865]]}},{"type":"Feature","properties":{},"geometry":{"type":"LineString","coordinates":[[127.5635,34.8864],[127.5609,34.8925]]}},{"type":"Feature","properties":{},"geometry":{"type":"LineString","coordinates":[[127.5814,34.8715],[127.5852,34.8687]]}},{"type":"Feature","properties":{},"geometry":{"type":"LineString","coordinates":[[127.5851,34.8686],[127.5813,34.8714]]}},{"type":"Feature","properties":{},"geometry":{"type":"LineString","coordinates":[[127.5908,34.864],[127.6085,34.8476]]}},{"type":"Feature","properties":{},"geometry":{"type":"LineString","coordinates":[[127.6085,34.8476],[127.5938,34.8612]]}},{"type":"Feature","properties":{},"geometry":{"type":"LineString","coordinates":[[127.6085,34.8476],[127.6115,34.8427]]}},{"type":"Feature","properties":{},"geometry":{"type":"LineString","coordinates":[[127.6115,34.8427],[127.6085,34.8476]]}},{"type":"Feature","properties":{},"geometry":{"type":"LineString","coordinates":[[127.6547,34.7806],[127.6499,34.7829],[127.6471,34.786]]}},{"type":"Feature","properties":{},"geometry":{"type":"LineString","coordinates":[[127.6471,34.786],[127.6502,34.7828],[127.6547,34.7806]]}},{"type":"Feature","properties":{},"geometry":{"type":"LineString","coordinates":[[127.7456,34.7704],[127.7389,34.7733]]}},{"type":"Feature","properties":{},"geometry":{"type":"LineString","coordinates":[[127.7346,34.7748],[127.7263,34.7772],[127.719,34.7784]]}},{"type":"Feature","properties":{},"geometry":{"type":"LineString","coordinates":[[128.6334,35.2709],[128.6258,35.2703]]}},{"type":"Feature","properties":{},"geometry":{"type":"LineString","coordinates":[[128.6258,35.2703],[128.6334,35.2709]]}},{"type":"Feature","properties":{},"geometry":{"type":"LineString","coordinates":[[128.7609,35.244],[128.7586,35.2568]]}},{"type":"Feature","properties":{},"geometry":{"type":"LineString","coordinates":[[128.7586,35.2568],[128.7609,35.2443]]}},{"type":"Feature","properties":{},"geometry":{"type":"LineString","coordinates":[[128.8191,35.3829],[128.8169,35.3788]]}},{"type":"Feature","properties":{},"geometry":{"type":"LineString","coordinates":[[128.8168,35.3786],[128.8175,35.3808],[128.8191,35.3829]]}},{"type":"Feature","properties":{},"geometry":{"type":"LineString","coordinates":[[128.7982,35.4126],[128.8038,35.408]]}},{"type":"Feature","properties":{},"geometry":{"type":"LineString","coordinates":[[128.7974,35.4159],[128.7982,35.4126]]}},{"type":"Feature","properties":{},"geometry":{"type":"LineString","coordinates":[[128.7977,35.4253],[128.7974,35.4159]]}},{"type":"Feature","properties":{},"geometry":{"type":"LineString","coordinates":[[128.8004,35.431],[128.7989,35.4275]]}},{"type":"Feature","properties":{},"geometry":{"type":"LineString","coordinates":[[128.7989,35.4275],[128.7977,35.4253]]}},{"type":"Feature","properties":{},"geometry":{"type":"LineString","coordinates":[[128.8005,35.433],[128.8004,35.431]]}},{"type":"Feature","properties":{},"geometry":{"type":"LineString","coordinates":[[128.7865,35.4565],[128.7991,35.4392]]}},{"type":"Feature","properties":{},"geometry":{"type":"LineString","coordinates":[[128.7857,35.4602],[128.7865,35.4565]]}},{"type":"Feature","properties":{},"geometry":{"type":"LineString","coordinates":[[128.7839,35.467],[128.7858,35.4639],[128.7857,35.4602]]}},{"type":"Feature","properties":{},"geometry":{"type":"LineString","coordinates":[[128.7673,35.5136],[128.7666,35.5087]]}},{"type":"Feature","properties":{},"geometry":{"type":"LineString","coordinates":[[128.7671,35.5166],[128.7673,35.5136]]}},{"type":"Feature","properties":{},"geometry":{"type":"LineString","coordinates":[[128.7668,35.5279],[128.7666,35.5199],[128.7671,35.5166]]}},{"type":"Feature","properties":{},"geometry":{"type":"LineString","coordinates":[[128.7665,35.5295],[128.7668,35.5279]]}},{"type":"Feature","properties":{},"geometry":{"type":"LineString","coordinates":[[128.7594,35.5498],[128.7598,35.5455]]}},{"type":"Feature","properties":{},"geometry":{"type":"LineString","coordinates":[[128.7677,35.6018],[128.7653,35.5981]]}},{"type":"Feature","properties":{},"geometry":{"type":"LineString","coordinates":[[128.7682,35.6042],[128.7677,35.6018]]}},{"type":"Feature","properties":{},"geometry":{"type":"LineString","coordinates":[[128.7597,35.6286],[128.7619,35.6246]]}},{"type":"Feature","properties":{},"geometry":{"type":"LineString","coordinates":[[128.7619,35.6246],[128.7623,35.6224]]}},{"type":"Feature","properties":{},"geometry":{"type":"LineString","coordinates":[[128.7496,35.6354],[128.7511,35.6344]]}},{"type":"Feature","properties":{},"geometry":{"type":"LineString","coordinates":[[128.7431,35.6458],[128.7442,35.6424]]}},{"type":"Feature","properties":{},"geometry":{"type":"LineString","coordinates":[[128.7443,35.6619],[128.7436,35.6529]]}},{"type":"Feature","properties":{},"geometry":{"type":"LineString","coordinates":[[128.7388,35.6678],[128.7413,35.667],[128.7431,35.6657],[128.744,35.6641],[128.7443,35.6619]]}},{"type":"Feature","properties":{},"geometry":{"type":"LineString","coordinates":[[128.7247,35.6751],[128.7322,35.6695],[128.7388,35.6678]]}},{"type":"Feature","properties":{},"geometry":{"type":"LineString","coordinates":[[128.7167,35.6882],[128.7202,35.684]]}},{"type":"Feature","properties":{},"geometry":{"type":"LineString","coordinates":[[128.7354,35.7519],[128.7362,35.7494],[128.7359,35.7471]]}},{"type":"Feature","properties":{},"geometry":{"type":"LineString","coordinates":[[128.7326,35.7983],[128.7275,35.7932],[128.7247,35.7915]]}},{"type":"Feature","properties":{},"geometry":{"type":"LineString","coordinates":[[128.7339,35.8024],[128.7337,35.8002],[128.7326,35.7983]]}},{"type":"Feature","properties":{},"geometry":{"type":"LineString","coordinates":[[128.7174,35.8431],[128.7191,35.84]]}},{"type":"Feature","properties":{},"geometry":{"type":"LineString","coordinates":[[126.8817,35.6928],[126.8863,35.6835]]}},{"type":"Feature","properties":{},"geometry":{"type":"LineString","coordinates":[[126.8816,35.6931],[126.8817,35.6928]]}},{"type":"Feature","properties":{},"geometry":{"type":"LineString","coordinates":[[127.5351,37.4711],[127.5406,37.4698]]}},{"type":"Feature","properties":{},"geometry":{"type":"LineString","coordinates":[[127.5406,37.4698],[127.541,37.4697]]}},{"type":"Feature","properties":{},"geometry":{"type":"LineString","coordinates":[[127.5406,37.4698],[127.5351,37.4711]]}},{"type":"Feature","properties":{},"geometry":{"type":"LineString","coordinates":[[127.541,37.4697],[127.5406,37.4698]]}},{"type":"Feature","properties":{},"geometry":{"type":"LineString","coordinates":[[129.1896,37.4263],[129.1879,37.4271]]}},{"type":"Feature","properties":{},"geometry":{"type":"LineString","coordinates":[[129.1879,37.4271],[129.1873,37.4273]]}},{"type":"Feature","properties":{},"geometry":{"type":"LineString","coordinates":[[129.1906,37.4256],[129.1896,37.4263]]}},{"type":"Feature","properties":{},"geometry":{"type":"LineString","coordinates":[[126.7868,37.2539],[126.7868,37.2501]]}},{"type":"Feature","properties":{},"geometry":{"type":"LineString","coordinates":[[126.7869,37.2538],[126.7869,37.2501]]}},{"type":"Feature","properties":{},"geometry":{"type":"LineString","coordinates":[[126.8925,36.8418],[126.8919,36.8416]]}},{"type":"Feature","properties":{},"geometry":{"type":"LineString","coordinates":[[126.8929,36.8419],[126.8925,36.8418]]}},{"type":"Feature","properties":{},"geometry":{"type":"LineString","coordinates":[[126.8925,36.8419],[126.8919,36.8417]]}},{"type":"Feature","properties":{},"geometry":{"type":"LineString","coordinates":[[126.8929,36.842],[126.8925,36.8419]]}},{"type":"Feature","properties":{},"geometry":{"type":"LineString","coordinates":[[126.8996,36.844],[126.8986,36.8437]]}},{"type":"Feature","properties":{},"geometry":{"type":"LineString","coordinates":[[126.8986,36.8437],[126.8983,36.8437]]}},{"type":"Feature","properties":{},"geometry":{"type":"LineString","coordinates":[[126.8996,36.844],[126.8986,36.8437]]}},{"type":"Feature","properties":{},"geometry":{"type":"LineString","coordinates":[[126.8986,36.8437],[126.8984,36.8436]]}},{"type":"Feature","properties":{},"geometry":{"type":"LineString","coordinates":[[126.834,37.1743],[126.8346,37.1739]]}},{"type":"Feature","properties":{},"geometry":{"type":"LineString","coordinates":[[126.8346,37.1739],[126.8351,37.1737]]}},{"type":"Feature","properties":{},"geometry":{"type":"LineString","coordinates":[[126.835,37.1736],[126.836,37.173]]}},{"type":"Feature","properties":{},"geometry":{"type":"LineString","coordinates":[[126.8345,37.1739],[126.835,37.1736]]}},{"type":"Feature","properties":{},"geometry":{"type":"LineString","coordinates":[[126.8315,37.1761],[126.8319,37.1758]]}},{"type":"Feature","properties":{},"geometry":{"type":"LineString","coordinates":[[126.8314,37.1761],[126.8318,37.1758]]}},{"type":"Feature","properties":{},"geometry":{"type":"LineString","coordinates":[[126.8318,37.1758],[126.8324,37.1753]]}},{"type":"Feature","properties":{},"geometry":{"type":"LineString","coordinates":[[126.8319,37.1758],[126.8324,37.1753]]}},{"type":"Feature","properties":{},"geometry":{"type":"LineString","coordinates":[[126.8652,37.1619],[126.8659,37.1614]]}},{"type":"Feature","properties":{},"geometry":{"type":"LineString","coordinates":[[126.8651,37.1618],[126.8659,37.1613]]}},{"type":"Feature","properties":{},"geometry":{"type":"LineString","coordinates":[[126.8665,37.161],[126.8673,37.1604]]}},{"type":"Feature","properties":{},"geometry":{"type":"LineString","coordinates":[[126.8665,37.161],[126.8673,37.1604]]}},{"type":"Feature","properties":{},"geometry":{"type":"LineString","coordinates":[[126.8673,37.1604],[126.8679,37.1599]]}},{"type":"Feature","properties":{},"geometry":{"type":"LineString","coordinates":[[126.8673,37.1604],[126.8679,37.16]]}},{"type":"Feature","properties":{},"geometry":{"type":"LineString","coordinates":[[126.866,37.1613],[126.8665,37.161]]}},{"type":"Feature","properties":{},"geometry":{"type":"LineString","coordinates":[[126.8659,37.1613],[126.866,37.1613]]}},{"type":"Feature","properties":{},"geometry":{"type":"LineString","coordinates":[[126.8661,37.1613],[126.8665,37.161]]}},{"type":"Feature","properties":{},"geometry":{"type":"LineString","coordinates":[[126.8659,37.1614],[126.8661,37.1613]]}},{"type":"Feature","properties":{},"geometry":{"type":"LineString","coordinates":[[126.6836,36.6151],[126.6829,36.6131]]}},{"type":"Feature","properties":{},"geometry":{"type":"LineString","coordinates":[[126.6836,36.6151],[126.6828,36.6132]]}},{"type":"Feature","properties":{},"geometry":{"type":"LineString","coordinates":[[127.9045,36.969],[127.9042,36.9686]]}},{"type":"Feature","properties":{},"geometry":{"type":"LineString","coordinates":[[127.9045,36.969],[127.9069,36.9738]]}},{"type":"Feature","properties":{},"geometry":{"type":"LineString","coordinates":[[127.967,36.8998],[127.9689,36.8992]]}},{"type":"Feature","properties":{},"geometry":{"type":"LineString","coordinates":[[128.0044,36.8458],[128.0045,36.8453]]}},{"type":"Feature","properties":{},"geometry":{"type":"LineString","coordinates":[[128.124,36.7057],[128.1255,36.7035]]}},{"type":"Feature","properties":{},"geometry":{"type":"LineString","coordinates":[[128.6928,36.3564],[128.6927,36.3572]]}},{"type":"Feature","properties":{},"geometry":{"type":"LineString","coordinates":[[128.6928,36.356],[128.6928,36.3564]]}},{"type":"Feature","properties":{},"geometry":{"type":"LineString","coordinates":[[128.695,36.3363],[128.695,36.336]]}},{"type":"Feature","properties":{},"geometry":{"type":"LineString","coordinates":[[128.6951,36.3364],[128.6951,36.3358]]}},{"type":"Feature","properties":{},"geometry":{"type":"LineString","coordinates":[[128.6951,36.3366],[128.6951,36.3364]]}},{"type":"Feature","properties":{},"geometry":{"type":"LineString","coordinates":[[128.695,36.3366],[128.695,36.3363]]}},{"type":"Feature","properties":{},"geometry":{"type":"LineString","coordinates":[[126.4741,34.8447],[126.4742,34.8448]]}},{"type":"Feature","properties":{},"geometry":{"type":"LineString","coordinates":[[126.4672,34.8357],[126.4741,34.8447]]}},{"type":"Feature","properties":{},"geometry":{"type":"LineString","coordinates":[[127.6199,34.8228],[127.6164,34.8297]]}},{"type":"Feature","properties":{},"geometry":{"type":"LineString","coordinates":[[127.6164,34.8297],[127.6163,34.8298]]}},{"type":"Feature","properties":{},"geometry":{"type":"LineString","coordinates":[[127.6115,34.8427],[127.6144,34.8351]]}},{"type":"Feature","properties":{},"geometry":{"type":"LineString","coordinates":[[127.6164,34.8298],[127.6164,34.8297]]}},{"type":"Feature","properties":{},"geometry":{"type":"LineString","coordinates":[[127.6163,34.8298],[127.6144,34.8348]]}},{"type":"Feature","properties":{},"geometry":{"type":"LineString","coordinates":[[127.6144,34.8348],[127.6143,34.8351]]}},{"type":"Feature","properties":{},"geometry":{"type":"LineString","coordinates":[[127.6145,34.8349],[127.6164,34.8298]]}},{"type":"Feature","properties":{},"geometry":{"type":"LineString","coordinates":[[127.6144,34.8351],[127.6145,34.8349]]}},{"type":"Feature","properties":{},"geometry":{"type":"LineString","coordinates":[[128.6301,35.88],[128.6324,35.8806]]}},{"type":"Feature","properties":{},"geometry":{"type":"LineString","coordinates":[[128.7254,35.8241],[128.7255,35.824]]}},{"type":"Feature","properties":{},"geometry":{"type":"LineString","coordinates":[[127.8648,37.3422],[127.8638,37.3423]]}},{"type":"Feature","properties":{},"geometry":{"type":"LineString","coordinates":[[127.8652,37.3422],[127.8648,37.3422]]}},{"type":"Feature","properties":{},"geometry":{"type":"LineString","coordinates":[[127.8638,37.3423],[127.8648,37.3423]]}},{"type":"Feature","properties":{},"geometry":{"type":"LineString","coordinates":[[127.8648,37.3423],[127.8652,37.3423]]}},{"type":"Feature","properties":{},"geometry":{"type":"LineString","coordinates":[[129.3749,35.6001],[129.3754,35.5993]]}},{"type":"Feature","properties":{},"geometry":{"type":"LineString","coordinates":[[129.184,35.7596],[129.1839,35.7598]]}},{"type":"Feature","properties":{},"geometry":{"type":"LineString","coordinates":[[129.1839,35.7598],[129.1839,35.7599]]}},{"type":"Feature","properties":{},"geometry":{"type":"LineString","coordinates":[[129.184,35.7598],[129.1841,35.7596]]}},{"type":"Feature","properties":{},"geometry":{"type":"LineString","coordinates":[[129.1839,35.7599],[129.184,35.7598]]}},{"type":"Feature","properties":{},"geometry":{"type":"LineString","coordinates":[[129.3663,36.2038],[129.3663,36.2058]]}},{"type":"Feature","properties":{},"geometry":{"type":"LineString","coordinates":[[129.3663,36.2058],[129.3663,36.2059]]}},{"type":"Feature","properties":{},"geometry":{"type":"LineString","coordinates":[[126.7868,37.2686],[126.7868,37.2539]]}},{"type":"Feature","properties":{},"geometry":{"type":"LineString","coordinates":[[126.7869,37.2686],[126.7869,37.2538]]}},{"type":"Feature","properties":{},"geometry":{"type":"LineString","coordinates":[[127.7389,34.7733],[127.7346,34.7748]]}},{"type":"Feature","properties":{},"geometry":{"type":"LineString","coordinates":[[129.0535,35.1318],[129.05,35.1287]]}},{"type":"Feature","properties":{},"geometry":{"type":"LineString","coordinates":[[129.05,35.1287],[129.0473,35.1258]]}},{"type":"Feature","properties":{},"geometry":{"type":"LineString","coordinates":[[129.0563,35.1625],[129.0565,35.1626]]}},{"type":"Feature","properties":{},"geometry":{"type":"LineString","coordinates":[[127.0671,37.6012],[127.0673,37.6017]]}},{"type":"Feature","properties":{},"geometry":{"type":"LineString","coordinates":[[127.0671,37.6012],[127.0671,37.6012]]}},{"type":"Feature","properties":{},"geometry":{"type":"LineString","coordinates":[[127.0673,37.6017],[127.0671,37.6012]]}},{"type":"Feature","properties":{},"geometry":{"type":"LineString","coordinates":[[127.0671,37.6012],[127.0671,37.6011]]}},{"type":"Feature","properties":{},"geometry":{"type":"LineString","coordinates":[[128.8363,36.0498],[128.8352,36.0511]]}},{"type":"Feature","properties":{},"geometry":{"type":"LineString","coordinates":[[128.8365,36.0494],[128.8363,36.0498]]}},{"type":"Feature","properties":{},"geometry":{"type":"LineString","coordinates":[[128.8366,36.0495],[128.8399,36.0455]]}},{"type":"Feature","properties":{},"geometry":{"type":"LineString","coordinates":[[128.8364,36.0498],[128.8366,36.0495]]}},{"type":"Feature","properties":{},"geometry":{"type":"LineString","coordinates":[[128.1148,36.7154],[128.1145,36.7158]]}},{"type":"Feature","properties":{},"geometry":{"type":"LineString","coordinates":[[128.1118,36.7186],[128.1079,36.7227]]}},{"type":"Feature","properties":{},"geometry":{"type":"LineString","coordinates":[[128.1125,36.7179],[128.1118,36.7186]]}},{"type":"Feature","properties":{},"geometry":{"type":"LineString","coordinates":[[128.1145,36.7158],[128.1125,36.7179]]}},{"type":"Feature","properties":{},"geometry":{"type":"LineString","coordinates":[[128.1053,36.7254],[128.106,36.7246]]}},{"type":"Feature","properties":{},"geometry":{"type":"LineString","coordinates":[[128.0962,36.7349],[128.0967,36.7343]]}},{"type":"Feature","properties":{},"geometry":{"type":"LineString","coordinates":[[128.095,36.7361],[128.0962,36.7349]]}},{"type":"Feature","properties":{},"geometry":{"type":"LineString","coordinates":[[128.0801,36.7484],[128.0806,36.7482]]}},{"type":"Feature","properties":{},"geometry":{"type":"LineString","coordinates":[[128.0171,36.7886],[128.0179,36.7872]]}},{"type":"Feature","properties":{},"geometry":{"type":"LineString","coordinates":[[128.0149,36.7954],[128.0163,36.7901]]}},{"type":"Feature","properties":{},"geometry":{"type":"LineString","coordinates":[[128.019,36.7851],[128.0232,36.778]]}},{"type":"Feature","properties":{},"geometry":{"type":"LineString","coordinates":[[128.0179,36.7872],[128.019,36.7851]]}},{"type":"Feature","properties":{},"geometry":{"type":"LineString","coordinates":[[128.0163,36.7901],[128.0171,36.7886]]}},{"type":"Feature","properties":{},"geometry":{"type":"LineString","coordinates":[[128.0079,36.8219],[128.0079,36.8217]]}},{"type":"Feature","properties":{},"geometry":{"type":"LineString","coordinates":[[128.0075,36.8244],[128.0075,36.8242]]}},{"type":"Feature","properties":{},"geometry":{"type":"LineString","coordinates":[[128.0056,36.8377],[128.0051,36.8411]]}},{"type":"Feature","properties":{},"geometry":{"type":"LineString","coordinates":[[128.0048,36.8431],[128.0045,36.8452]]}},{"type":"Feature","properties":{},"geometry":{"type":"LineString","coordinates":[[128.0051,36.8411],[128.0048,36.8431]]}},{"type":"Feature","properties":{},"geometry":{"type":"LineString","coordinates":[[127.9933,36.8825],[127.9935,36.882]]}},{"type":"Feature","properties":{},"geometry":{"type":"LineString","coordinates":[[127.9936,36.8819],[127.9938,36.8814]]}},{"type":"Feature","properties":{},"geometry":{"type":"LineString","coordinates":[[127.9935,36.882],[127.9936,36.8819]]}},{"type":"Feature","properties":{},"geometry":{"type":"LineString","coordinates":[[127.9899,36.8887],[127.9915,36.8865]]}},{"type":"Feature","properties":{},"geometry":{"type":"LineString","coordinates":[[127.9884,36.8903],[127.9899,36.8887]]}},{"type":"Feature","properties":{},"geometry":{"type":"LineString","coordinates":[[127.9825,36.8942],[127.9844,36.8932]]}},{"type":"Feature","properties":{},"geometry":{"type":"LineString","coordinates":[[127.9844,36.8932],[127.9863,36.892]]}},{"type":"Feature","properties":{},"geometry":{"type":"LineString","coordinates":[[127.9592,36.9026],[127.9646,36.9007]]}},{"type":"Feature","properties":{},"geometry":{"type":"LineString","coordinates":[[127.9533,36.9046],[127.9538,36.9044]]}},{"type":"Feature","properties":{},"geometry":{"type":"LineString","coordinates":[[127.9547,36.9041],[127.9592,36.9026]]}},{"type":"Feature","properties":{},"geometry":{"type":"LineString","coordinates":[[127.9556,36.9038],[127.9592,36.9026]]}},{"type":"Feature","properties":{},"geometry":{"type":"LineString","coordinates":[[127.9483,36.9071],[127.9488,36.9068]]}},{"type":"Feature","properties":{},"geometry":{"type":"LineString","coordinates":[[127.9473,36.9078],[127.9477,36.9075]]}},{"type":"Feature","properties":{},"geometry":{"type":"LineString","coordinates":[[127.9408,36.9221],[127.9408,36.9219]]}},{"type":"Feature","properties":{},"geometry":{"type":"LineString","coordinates":[[127.9395,36.9273],[127.9395,36.9271]]}},{"type":"Feature","properties":{},"geometry":{"type":"LineString","coordinates":[[127.9396,36.9269],[127.9397,36.9265]]}},{"type":"Feature","properties":{},"geometry":{"type":"LineString","coordinates":[[127.9035,36.9672],[127.9031,36.9665]]}},{"type":"Feature","properties":{},"geometry":{"type":"LineString","coordinates":[[126.5956,35.0282],[126.5973,35.0276]]}},{"type":"Feature","properties":{},"geometry":{"type":"LineString","coordinates":[[126.5973,35.0276],[126.5977,35.0275]]}},{"type":"Feature","properties":{},"geometry":{"type":"LineString","coordinates":[[129.1754,37.4307],[129.1846,37.4281]]}},{"type":"Feature","properties":{},"geometry":{"type":"LineString","coordinates":[[129.1781,35.1813],[129.1763,35.1819]]}},{"type":"Feature","properties":{},"geometry":{"type":"LineString","coordinates":[[129.1763,35.1819],[129.1782,35.1814]]}},{"type":"Feature","properties":{},"geometry":{"type":"LineString","coordinates":[[127.1412,37.6028],[127.1429,37.6032]]}},{"type":"Feature","properties":{},"geometry":{"type":"LineString","coordinates":[[127.1429,37.6031],[127.1412,37.6028]]}},{"type":"Feature","properties":{},"geometry":{"type":"LineString","coordinates":[[126.8126,35.5154],[126.8113,35.5122],[126.8107,35.5048],[126.808,35.5001]]}},{"type":"Feature","properties":{},"geometry":{"type":"LineString","coordinates":[[126.808,35.5001],[126.808,35.5]]}},{"type":"Feature","properties":{},"geometry":{"type":"LineString","coordinates":[[127.2472,37.5456],[127.2471,37.5457]]}},{"type":"Feature","properties":{},"geometry":{"type":"LineString","coordinates":[[127.2472,37.5457],[127.25,37.5444]]}},{"type":"Feature","properties":{},"geometry":{"type":"LineString","coordinates":[[127.2471,37.5457],[127.2472,37.5457]]}},{"type":"Feature","properties":{},"geometry":{"type":"LineString","coordinates":[[127.0289,36.1365],[127.0286,36.1355]]}},{"type":"Feature","properties":{},"geometry":{"type":"LineString","coordinates":[[127.029,36.1368],[127.0289,36.1365]]}},{"type":"Feature","properties":{},"geometry":{"type":"LineString","coordinates":[[127.0285,36.1355],[127.0288,36.1365]]}},{"type":"Feature","properties":{},"geometry":{"type":"LineString","coordinates":[[127.0288,36.1365],[127.0289,36.1368]]}},{"type":"Feature","properties":{},"geometry":{"type":"LineString","coordinates":[[128.5982,35.8754],[128.5974,35.8756]]}},{"type":"Feature","properties":{},"geometry":{"type":"LineString","coordinates":[[128.5975,35.8757],[128.5982,35.8755]]}},{"type":"Feature","properties":{},"geometry":{"type":"LineString","coordinates":[[128.5953,35.8761],[128.5975,35.8757]]}},{"type":"Feature","properties":{},"geometry":{"type":"LineString","coordinates":[[128.5053,36.8776],[128.5101,36.8764]]}},{"type":"Feature","properties":{},"geometry":{"type":"LineString","coordinates":[[128.51,36.8764],[128.5053,36.8775]]}},{"type":"Feature","properties":{},"geometry":{"type":"LineString","coordinates":[[126.9174,37.5169],[126.9115,37.5168],[126.909,37.516]]}},{"type":"Feature","properties":{},"geometry":{"type":"LineString","coordinates":[[126.909,37.516],[126.9068,37.515]]}},{"type":"Feature","properties":{},"geometry":{"type":"LineString","coordinates":[[127.6695,34.779],[127.6701,34.7789]]}},{"type":"Feature","properties":{},"geometry":{"type":"LineString","coordinates":[[127.6687,34.779],[127.6695,34.779]]}},{"type":"Feature","properties":{},"geometry":{"type":"LineString","coordinates":[[127.6708,34.7788],[127.6701,34.7789]]}},{"type":"Feature","properties":{},"geometry":{"type":"LineString","coordinates":[[127.7505,34.7605],[127.7501,34.7589]]}},{"type":"Feature","properties":{},"geometry":{"type":"LineString","coordinates":[[127.7502,34.7594],[127.7501,34.7589]]}},{"type":"Feature","properties":{},"geometry":{"type":"LineString","coordinates":[[127.7501,34.7589],[127.7499,34.7579]]}},{"type":"Feature","properties":{},"geometry":{"type":"LineString","coordinates":[[127.7502,34.7594],[127.7505,34.7605]]}},{"type":"Feature","properties":{},"geometry":{"type":"LineString","coordinates":[[129.1253,37.5007],[129.1203,37.4946]]}},{"type":"Feature","properties":{},"geometry":{"type":"LineString","coordinates":[[129.1192,37.4934],[129.1249,37.5002]]}},{"type":"Feature","properties":{},"geometry":{"type":"LineString","coordinates":[[129.1273,37.5041],[129.1253,37.5007]]}},{"type":"Feature","properties":{},"geometry":{"type":"LineString","coordinates":[[126.9394,35.888],[126.9401,35.8863]]}},{"type":"Feature","properties":{},"geometry":{"type":"LineString","coordinates":[[126.9401,35.8863],[126.9404,35.8859]]}},{"type":"Feature","properties":{},"geometry":{"type":"LineString","coordinates":[[127.0096,36.0875],[127.01,36.088]]}},{"type":"Feature","properties":{},"geometry":{"type":"LineString","coordinates":[[127.01,36.088],[127.01,36.0881]]}},{"type":"Feature","properties":{},"geometry":{"type":"LineString","coordinates":[[127.01,36.088],[127.0097,36.0875]]}},{"type":"Feature","properties":{},"geometry":{"type":"LineString","coordinates":[[127.0101,36.0881],[127.01,36.088]]}},{"type":"Feature","properties":{},"geometry":{"type":"LineString","coordinates":[[127.3484,37.3499],[127.3489,37.3498]]}},{"type":"Feature","properties":{},"geometry":{"type":"LineString","coordinates":[[127.3489,37.3498],[127.3484,37.3499]]}},{"type":"Feature","properties":{},"geometry":{"type":"LineString","coordinates":[[127.2829,36.4574],[127.2766,36.4539]]}},{"type":"Feature","properties":{},"geometry":{"type":"LineString","coordinates":[[127.2829,36.4575],[127.2831,36.4576]]}},{"type":"Feature","properties":{},"geometry":{"type":"LineString","coordinates":[[127.2766,36.4539],[127.2762,36.4537]]}},{"type":"Feature","properties":{},"geometry":{"type":"LineString","coordinates":[[127.2766,36.4539],[127.2829,36.4575]]}},{"type":"Feature","properties":{},"geometry":{"type":"LineString","coordinates":[[129.0575,35.1448],[129.057,35.1503]]}},{"type":"Feature","properties":{},"geometry":{"type":"LineString","coordinates":[[129.1263,35.8384],[129.124,35.8405]]}},{"type":"Feature","properties":{},"geometry":{"type":"LineString","coordinates":[[129.0669,35.1725],[129.0663,35.1753],[129.0637,35.1794]]}},{"type":"Feature","properties":{},"geometry":{"type":"LineString","coordinates":[[129.0638,35.1795],[129.0661,35.1759],[129.067,35.1725]]}},{"type":"Feature","properties":{},"geometry":{"type":"LineString","coordinates":[[129.0522,35.2013],[129.0559,35.1908],[129.0638,35.1795]]}},{"type":"Feature","properties":{},"geometry":{"type":"LineString","coordinates":[[129.0637,35.1794],[129.0559,35.1907],[129.0521,35.2013]]}},{"type":"Feature","properties":{},"geometry":{"type":"LineString","coordinates":[[129.2052,37.4004],[129.1955,37.4118]]}},{"type":"Feature","properties":{},"geometry":{"type":"LineString","coordinates":[[128.6155,36.8372],[128.6122,36.8414]]}},{"type":"Feature","properties":{},"geometry":{"type":"LineString","coordinates":[[128.6123,36.8414],[128.6156,36.8372]]}},{"type":"Feature","properties":{},"geometry":{"type":"LineString","coordinates":[[127.5114,36.2954],[127.5219,36.2891]]}},{"type":"Feature","properties":{},"geometry":{"type":"LineString","coordinates":[[127.5218,36.289],[127.5113,36.2953]]}},{"type":"Feature","properties":{},"geometry":{"type":"LineString","coordinates":[[128.7164,35.8542],[128.7244,35.8538]]}},{"type":"Feature","properties":{},"geometry":{"type":"LineString","coordinates":[[128.7245,35.8538],[128.7164,35.8541]]}},{"type":"Feature","properties":{},"geometry":{"type":"LineString","coordinates":[[127.9031,36.9665],[127.9026,36.9638],[127.9034,36.9606],[127.9052,36.9584],[127.9087,36.956]]}},{"type":"Feature","properties":{},"geometry":{"type":"LineString","coordinates":[[127.3219,37.5494],[127.3246,37.5481]]}},{"type":"Feature","properties":{},"geometry":{"type":"LineString","coordinates":[[127.3219,37.5493],[127.3203,37.5501]]}},{"type":"Feature","properties":{},"geometry":{"type":"LineString","coordinates":[[127.3324,36.6162],[127.3297,36.6184]]}},{"type":"Feature","properties":{},"geometry":{"type":"LineString","coordinates":[[127.0381,37.5636],[127.0383,37.5627]]}},{"type":"Feature","properties":{},"geometry":{"type":"LineString","coordinates":[[127.0378,37.5644],[127.0376,37.5656]]}},{"type":"Feature","properties":{},"geometry":{"type":"LineString","coordinates":[[128.9242,35.9587],[128.9224,35.9592]]}},{"type":"Feature","properties":{},"geometry":{"type":"LineString","coordinates":[[128.6241,36.8137],[128.621,36.8192]]}},{"type":"Feature","properties":{},"geometry":{"type":"LineString","coordinates":[[128.6167,36.8321],[128.6168,36.8326]]}},{"type":"Feature","properties":{},"geometry":{"type":"LineString","coordinates":[[128.6168,36.8326],[128.6168,36.8321]]}},{"type":"Feature","properties":{},"geometry":{"type":"LineString","coordinates":[[128.6168,36.8326],[128.6168,36.833]]}},{"type":"Feature","properties":{},"geometry":{"type":"LineString","coordinates":[[128.6168,36.833],[128.6168,36.8326]]}},{"type":"Feature","properties":{},"geometry":{"type":"LineString","coordinates":[[126.9402,37.5598],[126.9413,37.5598]]}},{"type":"Feature","properties":{},"geometry":{"type":"LineString","coordinates":[[129.3672,36.1327],[129.3671,36.1331]]}},{"type":"Feature","properties":{},"geometry":{"type":"LineString","coordinates":[[129.3671,36.1331],[129.367,36.1358]]}},{"type":"Feature","properties":{},"geometry":{"type":"LineString","coordinates":[[128.6231,35.8782],[128.6237,35.8784]]}},{"type":"Feature","properties":{},"geometry":{"type":"LineString","coordinates":[[128.6215,35.8778],[128.622,35.8779]]}},{"type":"Feature","properties":{},"geometry":{"type":"LineString","coordinates":[[128.9539,35.9596],[128.9521,35.9595]]}},{"type":"Feature","properties":{},"geometry":{"type":"LineString","coordinates":[[128.9521,35.9596],[128.9539,35.9597]]}},{"type":"Feature","properties":{},"geometry":{"type":"LineString","coordinates":[[129.3281,35.5104],[129.3247,35.5092]]}},{"type":"Feature","properties":{},"geometry":{"type":"LineString","coordinates":[[129.3329,35.5111],[129.3309,35.511]]}},{"type":"Feature","properties":{},"geometry":{"type":"LineString","coordinates":[[129.3428,35.5195],[129.3415,35.5176]]}},{"type":"Feature","properties":{},"geometry":{"type":"LineString","coordinates":[[129.2199,35.2523],[129.2189,35.2468]]}},{"type":"Feature","properties":{},"geometry":{"type":"LineString","coordinates":[[129.2208,35.2548],[129.2199,35.2523]]}},{"type":"Feature","properties":{},"geometry":{"type":"LineString","coordinates":[[129.2852,35.4148],[129.2803,35.4229]]}},{"type":"Feature","properties":{},"geometry":{"type":"LineString","coordinates":[[129.3367,35.5122],[129.3358,35.5118]]}},{"type":"Feature","properties":{},"geometry":{"type":"LineString","coordinates":[[129.3415,35.5176],[129.3386,35.5136],[129.3367,35.5122]]}},{"type":"Feature","properties":{},"geometry":{"type":"LineString","coordinates":[[129.3125,35.5049],[129.3081,35.5029]]}},{"type":"Feature","properties":{},"geometry":{"type":"LineString","coordinates":[[129.2322,35.2646],[129.2305,35.2627],[129.2252,35.2599]]}},{"type":"Feature","properties":{},"geometry":{"type":"LineString","coordinates":[[129.2926,35.3445],[129.2937,35.3498]]}},{"type":"Feature","properties":{},"geometry":{"type":"LineString","coordinates":[[129.2039,35.1908],[129.2063,35.1943],[129.2101,35.198],[129.211,35.2002]]}},{"type":"Feature","properties":{},"geometry":{"type":"LineString","coordinates":[[129.2006,35.1853],[129.2039,35.1908]]}},{"type":"Feature","properties":{},"geometry":{"type":"LineString","coordinates":[[129.3238,35.5089],[129.3247,35.5092]]}},{"type":"Feature","properties":{},"geometry":{"type":"LineString","coordinates":[[129.3123,35.5051],[129.313,35.5053]]}},{"type":"Feature","properties":{},"geometry":{"type":"LineString","coordinates":[[129.3158,35.5061],[129.3164,35.5063]]}},{"type":"Feature","properties":{},"geometry":{"type":"LineString","coordinates":[[129.313,35.5051],[129.3125,35.5049]]}},{"type":"Feature","properties":{},"geometry":{"type":"LineString","coordinates":[[129.3165,35.5062],[129.3159,35.506]]}},{"type":"Feature","properties":{},"geometry":{"type":"LineString","coordinates":[[129.3164,35.5063],[129.3238,35.5089]]}},{"type":"Feature","properties":{},"geometry":{"type":"LineString","coordinates":[[129.3306,35.5112],[129.3326,35.5113]]}},{"type":"Feature","properties":{},"geometry":{"type":"LineString","coordinates":[[129.3247,35.5092],[129.328,35.5105]]}},{"type":"Feature","properties":{},"geometry":{"type":"LineString","coordinates":[[129.3247,35.5092],[129.3238,35.5089]]}},{"type":"Feature","properties":{},"geometry":{"type":"LineString","coordinates":[[129.3238,35.5089],[129.3165,35.5062]]}},{"type":"Feature","properties":{},"geometry":{"type":"LineString","coordinates":[[129.3358,35.5119],[129.3366,35.5123]]}},{"type":"Feature","properties":{},"geometry":{"type":"LineString","coordinates":[[129.3418,35.5182],[129.3427,35.5195]]}},{"type":"Feature","properties":{},"geometry":{"type":"LineString","coordinates":[[129.1402,35.1695],[129.1398,35.1696]]}},{"type":"Feature","properties":{},"geometry":{"type":"LineString","coordinates":[[129.1763,35.1819],[129.1742,35.1824]]}},{"type":"Feature","properties":{},"geometry":{"type":"LineString","coordinates":[[129.1743,35.1825],[129.1763,35.1819]]}},{"type":"Feature","properties":{},"geometry":{"type":"LineString","coordinates":[[129.1977,35.1814],[129.1973,35.1811]]}},{"type":"Feature","properties":{},"geometry":{"type":"LineString","coordinates":[[129.1977,35.1814],[129.2006,35.1853]]}},{"type":"Feature","properties":{},"geometry":{"type":"LineString","coordinates":[[129.1973,35.1811],[129.1977,35.1814]]}},{"type":"Feature","properties":{},"geometry":{"type":"LineString","coordinates":[[129.2111,35.2002],[129.2102,35.1981],[129.2063,35.1943],[129.2039,35.1908]]}},{"type":"Feature","properties":{},"geometry":{"type":"LineString","coordinates":[[129.2006,35.1853],[129.1977,35.1814]]}},{"type":"Feature","properties":{},"geometry":{"type":"LineString","coordinates":[[129.2039,35.1908],[129.2006,35.1853]]}},{"type":"Feature","properties":{},"geometry":{"type":"LineString","coordinates":[[129.2105,35.206],[129.2111,35.2002]]}},{"type":"Feature","properties":{},"geometry":{"type":"LineString","coordinates":[[129.211,35.2002],[129.2105,35.206]]}},{"type":"Feature","properties":{},"geometry":{"type":"LineString","coordinates":[[129.2105,35.206],[129.2105,35.2115]]}},{"type":"Feature","properties":{},"geometry":{"type":"LineString","coordinates":[[129.2105,35.2115],[129.2105,35.206]]}},{"type":"Feature","properties":{},"geometry":{"type":"LineString","coordinates":[[129.2105,35.2115],[129.2105,35.2124]]}},{"type":"Feature","properties":{},"geometry":{"type":"LineString","coordinates":[[129.2105,35.2124],[129.2117,35.2182],[129.2112,35.2236],[129.2135,35.2281],[129.2145,35.2346],[129.2185,35.2402],[129.2189,35.2465]]}},{"type":"Feature","properties":{},"geometry":{"type":"LineString","coordinates":[[129.2105,35.2124],[129.2105,35.2115]]}},{"type":"Feature","properties":{},"geometry":{"type":"LineString","coordinates":[[129.2189,35.2465],[129.2189,35.2468]]}},{"type":"Feature","properties":{},"geometry":{"type":"LineString","coordinates":[[129.2189,35.2465],[129.2186,35.2402],[129.2146,35.2345],[129.2136,35.228],[129.2113,35.2237],[129.2118,35.2183],[129.2105,35.2124]]}},{"type":"Feature","properties":{},"geometry":{"type":"LineString","coordinates":[[129.2189,35.2468],[129.2199,35.2523]]}},{"type":"Feature","properties":{},"geometry":{"type":"LineString","coordinates":[[129.2189,35.2468],[129.2189,35.2465]]}},{"type":"Feature","properties":{},"geometry":{"type":"LineString","coordinates":[[129.308,35.503],[129.3123,35.5051]]}},{"type":"Feature","properties":{},"geometry":{"type":"LineString","coordinates":[[129.3366,35.5123],[129.3386,35.5138],[129.3418,35.5182]]}},{"type":"Feature","properties":{},"geometry":{"type":"LineString","coordinates":[[129.2252,35.2599],[129.2306,35.2628],[129.2321,35.2646]]}},{"type":"Feature","properties":{},"geometry":{"type":"LineString","coordinates":[[129.234,35.2707],[129.234,35.2709]]}},{"type":"Feature","properties":{},"geometry":{"type":"LineString","coordinates":[[129.2352,35.2884],[129.234,35.2843],[129.2334,35.2786],[129.2345,35.2726]]}},{"type":"Feature","properties":{},"geometry":{"type":"LineString","coordinates":[[129.2345,35.2726],[129.2343,35.2716]]}},{"type":"Feature","properties":{},"geometry":{"type":"LineString","coordinates":[[129.2345,35.2726],[129.2334,35.279],[129.234,35.2846],[129.2355,35.2897]]}},{"type":"Feature","properties":{},"geometry":{"type":"LineString","coordinates":[[129.2342,35.2716],[129.2345,35.2726]]}},{"type":"Feature","properties":{},"geometry":{"type":"LineString","coordinates":[[129.2343,35.2716],[129.2342,35.2714]]}},{"type":"Feature","properties":{},"geometry":{"type":"LineString","coordinates":[[129.3565,35.5435],[129.3563,35.5431]]}},{"type":"Feature","properties":{},"geometry":{"type":"LineString","coordinates":[[129.234,35.2707],[129.2327,35.2663]]}},{"type":"Feature","properties":{},"geometry":{"type":"LineString","coordinates":[[129.2936,35.4658],[129.2899,35.4622]]}},{"type":"Feature","properties":{},"geometry":{"type":"LineString","coordinates":[[129.2773,35.7229],[129.2753,35.7228]]}},{"type":"Feature","properties":{},"geometry":{"type":"LineString","coordinates":[[129.2994,35.4873],[129.2981,35.4806]]}},{"type":"Feature","properties":{},"geometry":{"type":"LineString","coordinates":[[129.2938,35.3498],[129.2927,35.3445]]}},{"type":"Feature","properties":{},"geometry":{"type":"LineString","coordinates":[[129.2376,35.298],[129.2375,35.3036],[129.2393,35.3068]]}},{"type":"Feature","properties":{},"geometry":{"type":"LineString","coordinates":[[129.2393,35.3068],[129.2473,35.3135]]}},{"type":"Feature","properties":{},"geometry":{"type":"LineString","coordinates":[[129.2394,35.3068],[129.2375,35.3036],[129.2376,35.298]]}},{"type":"Feature","properties":{},"geometry":{"type":"LineString","coordinates":[[129.2473,35.3135],[129.2485,35.3145]]}},{"type":"Feature","properties":{},"geometry":{"type":"LineString","coordinates":[[129.2566,35.32],[129.2537,35.3186],[129.2491,35.3149]]}},{"type":"Feature","properties":{},"geometry":{"type":"LineString","coordinates":[[129.2641,35.3217],[129.2716,35.3238]]}},{"type":"Feature","properties":{},"geometry":{"type":"LineString","coordinates":[[129.2807,35.3319],[129.281,35.3322]]}},{"type":"Feature","properties":{},"geometry":{"type":"LineString","coordinates":[[129.2736,35.3253],[129.2756,35.3272]]}},{"type":"Feature","properties":{},"geometry":{"type":"LineString","coordinates":[[129.2807,35.3318],[129.278,35.3293]]}},{"type":"Feature","properties":{},"geometry":{"type":"LineString","coordinates":[[129.282,35.3329],[129.2811,35.3322]]}},{"type":"Feature","properties":{},"geometry":{"type":"LineString","coordinates":[[129.2843,35.3344],[129.2864,35.3356]]}},{"type":"Feature","properties":{},"geometry":{"type":"LineString","coordinates":[[129.2879,35.3364],[129.2864,35.3356]]}},{"type":"Feature","properties":{},"geometry":{"type":"LineString","coordinates":[[129.2878,35.3364],[129.2889,35.337]]}},{"type":"Feature","properties":{},"geometry":{"type":"LineString","coordinates":[[129.2864,35.3356],[129.2878,35.3364]]}},{"type":"Feature","properties":{},"geometry":{"type":"LineString","coordinates":[[129.2864,35.3356],[129.2844,35.3343]]}},{"type":"Feature","properties":{},"geometry":{"type":"LineString","coordinates":[[129.2921,35.3415],[129.292,35.3412]]}},{"type":"Feature","properties":{},"geometry":{"type":"LineString","coordinates":[[129.292,35.3415],[129.2926,35.3445]]}},{"type":"Feature","properties":{},"geometry":{"type":"LineString","coordinates":[[129.292,35.3412],[129.292,35.3415]]}},{"type":"Feature","properties":{},"geometry":{"type":"LineString","coordinates":[[129.2889,35.337],[129.2879,35.3364]]}},{"type":"Feature","properties":{},"geometry":{"type":"LineString","coordinates":[[129.2375,35.2962],[129.2352,35.2884]]}},{"type":"Feature","properties":{},"geometry":{"type":"LineString","coordinates":[[129.234,35.2709],[129.2342,35.2716]]}},{"type":"Feature","properties":{},"geometry":{"type":"LineString","coordinates":[[129.2342,35.2714],[129.234,35.2707]]}},{"type":"Feature","properties":{},"geometry":{"type":"LineString","coordinates":[[129.2327,35.2663],[129.234,35.2707]]}},{"type":"Feature","properties":{},"geometry":{"type":"LineString","coordinates":[[129.2327,35.2663],[129.2324,35.2652]]}},{"type":"Feature","properties":{},"geometry":{"type":"LineString","coordinates":[[129.2473,35.3135],[129.2394,35.3068]]}},{"type":"Feature","properties":{},"geometry":{"type":"LineString","coordinates":[[129.2485,35.3145],[129.249,35.315]]}},{"type":"Feature","properties":{},"geometry":{"type":"LineString","coordinates":[[129.249,35.315],[129.2536,35.3187],[129.2566,35.32]]}},{"type":"Feature","properties":{},"geometry":{"type":"LineString","coordinates":[[129.2485,35.3145],[129.2473,35.3135]]}},{"type":"Feature","properties":{},"geometry":{"type":"LineString","coordinates":[[129.2491,35.3149],[129.2485,35.3145]]}},{"type":"Feature","properties":{},"geometry":{"type":"LineString","coordinates":[[129.2716,35.3238],[129.2641,35.3216]]}},{"type":"Feature","properties":{},"geometry":{"type":"LineString","coordinates":[[129.2779,35.3294],[129.2807,35.3319]]}},{"type":"Feature","properties":{},"geometry":{"type":"LineString","coordinates":[[129.2756,35.3272],[129.2741,35.3257]]}},{"type":"Feature","properties":{},"geometry":{"type":"LineString","coordinates":[[129.2756,35.3272],[129.2772,35.3287]]}},{"type":"Feature","properties":{},"geometry":{"type":"LineString","coordinates":[[129.2773,35.3287],[129.2756,35.3272]]}},{"type":"Feature","properties":{},"geometry":{"type":"LineString","coordinates":[[129.2772,35.3287],[129.2779,35.3294]]}},{"type":"Feature","properties":{},"geometry":{"type":"LineString","coordinates":[[129.281,35.3322],[129.282,35.3329]]}},{"type":"Feature","properties":{},"geometry":{"type":"LineString","coordinates":[[129.2811,35.3322],[129.2807,35.3318]]}},{"type":"Feature","properties":{},"geometry":{"type":"LineString","coordinates":[[129.2927,35.3445],[129.2921,35.3415]]}},{"type":"Feature","properties":{},"geometry":{"type":"LineString","coordinates":[[129.2937,35.3498],[129.2931,35.3521],[129.2879,35.3589]]}},{"type":"Feature","properties":{},"geometry":{"type":"LineString","coordinates":[[129.2863,35.4129],[129.2865,35.4106],[129.285,35.4065]]}},{"type":"Feature","properties":{},"geometry":{"type":"LineString","coordinates":[[129.2879,35.3589],[129.293,35.3524],[129.2938,35.3498]]}},{"type":"Feature","properties":{},"geometry":{"type":"LineString","coordinates":[[129.2879,35.3589],[129.2869,35.3603]]}},{"type":"Feature","properties":{},"geometry":{"type":"LineString","coordinates":[[129.2844,35.3681],[129.2841,35.3736]]}},{"type":"Feature","properties":{},"geometry":{"type":"LineString","coordinates":[[129.287,35.3604],[129.2879,35.3589]]}},{"type":"Feature","properties":{},"geometry":{"type":"LineString","coordinates":[[129.2842,35.3736],[129.2845,35.3681]]}},{"type":"Feature","properties":{},"geometry":{"type":"LineString","coordinates":[[129.2851,35.3933],[129.2851,35.3988]]}},{"type":"Feature","properties":{},"geometry":{"type":"LineString","coordinates":[[129.285,35.4012],[129.2849,35.4044]]}},{"type":"Feature","properties":{},"geometry":{"type":"LineString","coordinates":[[129.2851,35.3988],[129.2851,35.3933]]}},{"type":"Feature","properties":{},"geometry":{"type":"LineString","coordinates":[[129.2849,35.4065],[129.2864,35.4106],[129.2862,35.4129]]}},{"type":"Feature","properties":{},"geometry":{"type":"LineString","coordinates":[[129.285,35.4065],[129.285,35.406]]}},{"type":"Feature","properties":{},"geometry":{"type":"LineString","coordinates":[[129.2849,35.406],[129.2849,35.4065]]}},{"type":"Feature","properties":{},"geometry":{"type":"LineString","coordinates":[[129.285,35.4044],[129.285,35.4012]]}},{"type":"Feature","properties":{},"geometry":{"type":"LineString","coordinates":[[129.3563,35.5431],[129.3562,35.5428]]}},{"type":"Feature","properties":{},"geometry":{"type":"LineString","coordinates":[[129.298,35.4806],[129.299,35.4865],[129.3009,35.4902]]}},{"type":"Feature","properties":{},"geometry":{"type":"LineString","coordinates":[[129.2899,35.4622],[129.2892,35.4602]]}},{"type":"Feature","properties":{},"geometry":{"type":"LineString","coordinates":[[129.3712,36.3752],[129.3712,36.3754]]}},{"type":"Feature","properties":{},"geometry":{"type":"LineString","coordinates":[[129.3252,37.1796],[129.3244,37.1819]]}},{"type":"Feature","properties":{},"geometry":{"type":"LineString","coordinates":[[129.324,37.1832],[129.3235,37.1854]]}},{"type":"Feature","properties":{},"geometry":{"type":"LineString","coordinates":[[129.3244,37.1819],[129.324,37.1832]]}},{"type":"Feature","properties":{},"geometry":{"type":"LineString","coordinates":[[129.2803,35.4229],[129.2854,35.4144]]}},{"type":"Feature","properties":{},"geometry":{"type":"LineString","coordinates":[[129.2791,35.4251],[129.2796,35.4241]]}},{"type":"Feature","properties":{},"geometry":{"type":"LineString","coordinates":[[129.2858,35.4137],[129.2863,35.4129]]}},{"type":"Feature","properties":{},"geometry":{"type":"LineString","coordinates":[[129.2862,35.4129],[129.2858,35.4137]]}},{"type":"Feature","properties":{},"geometry":{"type":"LineString","coordinates":[[129.2786,35.4263],[129.2785,35.4267]]}},{"type":"Feature","properties":{},"geometry":{"type":"LineString","coordinates":[[129.2786,35.4267],[129.2787,35.4264]]}},{"type":"Feature","properties":{},"geometry":{"type":"LineString","coordinates":[[129.2791,35.4252],[129.2786,35.4263]]}},{"type":"Feature","properties":{},"geometry":{"type":"LineString","coordinates":[[129.2787,35.4264],[129.2791,35.4252]]}},{"type":"Feature","properties":{},"geometry":{"type":"LineString","coordinates":[[129.2791,35.4251],[129.2791,35.4252]]}},{"type":"Feature","properties":{},"geometry":{"type":"LineString","coordinates":[[129.2791,35.4252],[129.2791,35.4251]]}},{"type":"Feature","properties":{},"geometry":{"type":"LineString","coordinates":[[129.2803,35.4229],[129.2791,35.4251]]}},{"type":"Feature","properties":{},"geometry":{"type":"LineString","coordinates":[[129.2796,35.4241],[129.2803,35.4229]]}},{"type":"Feature","properties":{},"geometry":{"type":"LineString","coordinates":[[129.2785,35.4267],[129.2785,35.427]]}},{"type":"Feature","properties":{},"geometry":{"type":"LineString","coordinates":[[129.2846,35.4487],[129.2892,35.4602]]}},{"type":"Feature","properties":{},"geometry":{"type":"LineString","coordinates":[[129.2786,35.4271],[129.2786,35.4267]]}},{"type":"Feature","properties":{},"geometry":{"type":"LineString","coordinates":[[129.2892,35.4602],[129.2846,35.4486]]}},{"type":"Feature","properties":{},"geometry":{"type":"LineString","coordinates":[[129.1782,35.1814],[129.1798,35.1809]]}},{"type":"Feature","properties":{},"geometry":{"type":"LineString","coordinates":[[129.1797,35.1809],[129.1781,35.1813]]}},{"type":"Feature","properties":{},"geometry":{"type":"LineString","coordinates":[[129.3081,35.5029],[129.3062,35.4997]]}},{"type":"Feature","properties":{},"geometry":{"type":"LineString","coordinates":[[129.3061,35.4996],[129.308,35.503]]}},{"type":"Feature","properties":{},"geometry":{"type":"LineString","coordinates":[[129.2892,35.4602],[129.2899,35.4622]]}},{"type":"Feature","properties":{},"geometry":{"type":"LineString","coordinates":[[129.2852,35.4148],[129.2858,35.4137]]}},{"type":"Feature","properties":{},"geometry":{"type":"LineString","coordinates":[[129.2858,35.4137],[129.2854,35.4144]]}},{"type":"Feature","properties":{},"geometry":{"type":"LineString","coordinates":[[129.278,35.3293],[129.2773,35.3287]]}},{"type":"Feature","properties":{},"geometry":{"type":"LineString","coordinates":[[129.2355,35.2897],[129.2375,35.2962]]}},{"type":"Feature","properties":{},"geometry":{"type":"LineString","coordinates":[[129.4042,37.0478],[129.4032,37.0549]]}},{"type":"Feature","properties":{},"geometry":{"type":"LineString","coordinates":[[129.2199,35.2523],[129.2218,35.2567],[129.2252,35.2599]]}},{"type":"Feature","properties":{},"geometry":{"type":"LineString","coordinates":[[129.2252,35.2599],[129.2223,35.2573],[129.2208,35.2548]]}},{"type":"Feature","properties":{},"geometry":{"type":"LineString","coordinates":[[129.2322,35.2648],[129.2327,35.2663]]}},{"type":"Feature","properties":{},"geometry":{"type":"LineString","coordinates":[[129.2321,35.2646],[129.2322,35.2648]]}},{"type":"Feature","properties":{},"geometry":{"type":"LineString","coordinates":[[129.2324,35.2652],[129.2323,35.2648]]}},{"type":"Feature","properties":{},"geometry":{"type":"LineString","coordinates":[[129.2323,35.2648],[129.2322,35.2646]]}},{"type":"Feature","properties":{},"geometry":{"type":"LineString","coordinates":[[129.2899,35.4622],[129.2936,35.4658]]}},{"type":"Feature","properties":{},"geometry":{"type":"LineString","coordinates":[[129.2978,35.4775],[129.298,35.4806]]}},{"type":"Feature","properties":{},"geometry":{"type":"LineString","coordinates":[[129.2981,35.4806],[129.2978,35.4775]]}},{"type":"Feature","properties":{},"geometry":{"type":"LineString","coordinates":[[129.272,35.324],[129.2736,35.3253]]}},{"type":"Feature","properties":{},"geometry":{"type":"LineString","coordinates":[[129.2716,35.3238],[129.272,35.324]]}},{"type":"Feature","properties":{},"geometry":{"type":"LineString","coordinates":[[129.2741,35.3257],[129.272,35.324]]}},{"type":"Feature","properties":{},"geometry":{"type":"LineString","coordinates":[[129.272,35.324],[129.2716,35.3238]]}},{"type":"Feature","properties":{},"geometry":{"type":"LineString","coordinates":[[129.3062,35.4997],[129.3053,35.4981]]}},{"type":"Feature","properties":{},"geometry":{"type":"LineString","coordinates":[[129.3053,35.4981],[129.305,35.4974]]}},{"type":"Feature","properties":{},"geometry":{"type":"LineString","coordinates":[[129.3053,35.4981],[129.3061,35.4996]]}},{"type":"Feature","properties":{},"geometry":{"type":"LineString","coordinates":[[129.3049,35.4975],[129.3053,35.4981]]}},{"type":"Feature","properties":{},"geometry":{"type":"LineString","coordinates":[[129.3009,35.4901],[129.2994,35.4873]]}},{"type":"Feature","properties":{},"geometry":{"type":"LineString","coordinates":[[129.305,35.4974],[129.3009,35.4901]]}},{"type":"Feature","properties":{},"geometry":{"type":"LineString","coordinates":[[129.3009,35.4902],[129.3049,35.4975]]}},{"type":"Feature","properties":{},"geometry":{"type":"LineString","coordinates":[[129.285,35.406],[129.285,35.4047]]}},{"type":"Feature","properties":{},"geometry":{"type":"LineString","coordinates":[[129.285,35.4047],[129.285,35.4044]]}},{"type":"Feature","properties":{},"geometry":{"type":"LineString","coordinates":[[129.2849,35.4047],[129.2849,35.406]]}},{"type":"Feature","properties":{},"geometry":{"type":"LineString","coordinates":[[129.2849,35.4044],[129.2849,35.4047]]}},{"type":"Feature","properties":{},"geometry":{"type":"LineString","coordinates":[[129.3908,36.9958],[129.3909,36.9959]]}},{"type":"Feature","properties":{},"geometry":{"type":"LineString","coordinates":[[129.2851,35.3906],[129.2841,35.3833]]}},{"type":"Feature","properties":{},"geometry":{"type":"LineString","coordinates":[[129.2851,35.3907],[129.2851,35.3906]]}},{"type":"Feature","properties":{},"geometry":{"type":"LineString","coordinates":[[129.2841,35.3833],[129.285,35.3906]]}},{"type":"Feature","properties":{},"geometry":{"type":"LineString","coordinates":[[129.285,35.3906],[129.285,35.3907]]}},{"type":"Feature","properties":{},"geometry":{"type":"LineString","coordinates":[[129.285,35.3907],[129.2851,35.3932]]}},{"type":"Feature","properties":{},"geometry":{"type":"LineString","coordinates":[[129.2851,35.3932],[129.2851,35.3933]]}},{"type":"Feature","properties":{},"geometry":{"type":"LineString","coordinates":[[129.2851,35.3932],[129.2851,35.3907]]}},{"type":"Feature","properties":{},"geometry":{"type":"LineString","coordinates":[[129.2851,35.3933],[129.2851,35.3932]]}},{"type":"Feature","properties":{},"geometry":{"type":"LineString","coordinates":[[128.8503,35.3997],[128.8372,35.398],[128.8356,35.3962],[128.8351,35.3925],[128.8339,35.3909],[128.8212,35.3843],[128.8184,35.3821],[128.817,35.3791],[128.8123,35.3521],[128.8024,35.3173],[128.8009,35.3155],[128.7986,35.3144],[128.7892,35.3142],[128.7836,35.3116],[128.7799,35.3085],[128.773,35.2982]]}},{"type":"Feature","properties":{},"geometry":{"type":"LineString","coordinates":[[126.9712,37.5504],[126.9713,37.555]]}},{"type":"Feature","properties":{},"geometry":{"type":"LineString","coordinates":[[127.5476,34.9215],[127.5425,34.933],[127.5421,34.9386],[127.5438,34.9407],[127.566,34.9472],[127.5707,34.9491],[127.6048,34.9631],[127.6645,34.9898],[127.7051,34.9971],[127.7118,35.0008],[127.7152,35.0043],[127.7171,35.0074],[127.7254,35.0323],[127.739,35.0489],[127.744,35.0532],[127.772,35.0695],[127.7768,35.0729],[127.781,35.0767],[127.8057,35.1038],[127.8108,35.1072],[127.8223,35.1092],[127.8614,35.1143],[127.8723,35.1136],[127.8982,35.1097],[127.9114,35.1108],[127.9333,35.1165],[127.9527,35.12],[127.96,35.122],[127.9631,35.1236],[127.9711,35.1314],[127.9905,35.1414],[127.9991,35.144],[128.0398,35.1463],[128.0642,35.1444],[128.0807,35.146],[128.1051,35.1466],[128.1183,35.1501]]}},{"type":"Feature","properties":{},"geometry":{"type":"LineString","coordinates":[[126.9712,37.5538],[126.9709,37.5597],[126.969,37.5616],[126.9666,37.5624],[126.9558,37.5615],[126.9465,37.5599],[126.9366,37.5596],[126.9324,37.5601],[126.9253,37.5654],[126.9186,37.5671],[126.9085,37.5719],[126.8887,37.5853],[126.8634,37.6065],[126.8513,37.6122],[126.8342,37.612]]}}]}